id,entity_type,entity_id,source,external_id
1,artist,1,spotify,spotify:artist:0ONHkAv9pCAFxb0zJwDNTy
2,artist,1315,spotify,spotify:artist:2YZyLoL8N0Wb9xBt1NhZWg
3,artist,1331,spotify,spotify:artist:3TVXtAsR1Inumwj472S9r4
4,artist,2,spotify,spotify:artist:01QTIT5P1pFP3QnnFSdsJf
5,artist,3,spotify,spotify:artist:5XenQ7XfcvQdfIbpLEFaKQ
6,artist,63,spotify,spotify:artist:2J257euzcjnDLipsyJH3F2
7,artist,4,spotify,spotify:artist:50co4Is1HCEo8bhOyUWKpn
8,artist,5,spotify,spotify:artist:2P5sC9cVZDToPxyomzF1UH
9,artist,6,spotify,spotify:artist:0iEtIxbK0KxaSlF7G42ZOp
10,artist,7,spotify,spotify:artist:20sxb77xiYeusSH8cVdatc
11,artist,8,spotify,spotify:artist:6oMuImdp5ZcFhWP0ESe6mG
12,artist,9,spotify,spotify:artist:1xr2G8Hlx4QWmT9HaUbmoO
13,artist,10,spotify,spotify:artist:1RyvyyTE3xzB2ZywiAwp0i
14,artist,11,spotify,spotify:artist:0Y5tJX1MQlPlqiwlOH1tJY
15,artist,12,spotify,spotify:artist:4Gso3d4CscCijv0lmajZWs
16,artist,13,spotify,spotify:artist:2hlmm7s2ICUX0LVIhVFlZQ
17,artist,64,spotify,spotify:artist:6fxyWrfmjcbj5d12gXeiNV
18,artist,14,spotify,spotify:artist:0EeQBlQJFiAfJeVN2vT9s0
19,artist,15,spotify,spotify:artist:3zz52ViyCBcplK0ftEVPSS
20,artist,16,spotify,spotify:artist:1dqGS5sT6PE2wEvP1gROZC
21,artist,17,spotify,spotify:artist:0Y4inQK6OespitzD6ijMwb
22,artist,18,spotify,spotify:artist:4DdkRBBYG6Yk9Ka8tdJ9BW
23,artist,19,spotify,spotify:artist:4znFFUtKpb5CUM9YdpodEo
24,artist,20,spotify,spotify:artist:0Kekt6CKSo0m5mivKcoH51
25,artist,21,spotify,spotify:artist:5K4W6rqBFWDnAN6FQUkS6x
26,artist,22,spotify,spotify:artist:6O2zJ0tId7g07yzHtX0yap
27,artist,23,spotify,spotify:artist:0ABk515kENDyATUdpCKVfW
28,artist,24,spotify,spotify:artist:7a9KRWdaSZktpGGnWndzbC
29,artist,25,spotify,spotify:artist:3q7HBObVc0L8jNeTe5Gofh
30,artist,26,spotify,spotify:artist:6DPYiyq5kWVQS4RGwxzPC7
31,artist,27,spotify,spotify:artist:7xTKLpo7UCzXSnlH7fOIoM
32,artist,28,spotify,spotify:artist:46SHBwWsqBkxI7EeeBEQG7
33,artist,29,spotify,spotify:artist:6evKD5JWJON3qPBJtUEmtY
34,artist,30,spotify,spotify:artist:4O15NlyKLIASxsJ0PrXPfz
35,artist,31,spotify,spotify:artist:2yN6bq26wynQcRuPkBYTDb
36,artist,32,spotify,spotify:artist:20qISvAhX20dpIbOOzGK3q
37,artist,33,spotify,spotify:artist:1FvjvACFvko2Z91IvDljrx
38,artist,34,spotify,spotify:artist:6Ip8FS7vWT1uKkJSweANQK
39,artist,35,spotify,spotify:artist:2SrSdSvpminqmStGELCSNd
40,artist,36,spotify,spotify:artist:2HPaUgqeutzr3jx5a9WyDV
41,artist,37,spotify,spotify:artist:69lEbRQRe29JdyLrewNAvD
42,artist,38,spotify,spotify:artist:1ZilzPhvZhYUCSGczNRlyt
43,artist,62,spotify,spotify:artist:1anyVhU62p31KFi8MEzkbf
44,artist,39,spotify,spotify:artist:77zgRkcehIGCAtROXkXkb3
45,artist,40,spotify,spotify:artist:5IcR3N7QB1j6KBL8eImZ8m
46,artist,41,spotify,spotify:artist:2h93pZq0e7k5yf4dywlkpM
47,artist,42,spotify,spotify:artist:68kEuyFKyqrdQQLLsmiatm
48,artist,43,spotify,spotify:artist:1ybINI1qPiFbwDXamRtwxD
49,artist,44,spotify,spotify:artist:7fw0E8WHdG3r9SuPBcGmWk
50,artist,45,spotify,spotify:artist:1tUALn7PEhW7LpMuxvat2x
51,artist,46,spotify,spotify:artist:2TLYSzGyVYkxAgYSCqUnQj
52,artist,47,spotify,spotify:artist:6aaMZ3fcfLv4tEbmY7bjRM
53,artist,48,spotify,spotify:artist:0CKa42Jqrc9fSFbDjePaXP
54,artist,49,spotify,spotify:artist:0Mz5XE0kb1GBnbLQm2VbcO
55,artist,50,spotify,spotify:artist:1wo9h8DP7M0M1orKuGZgWv
56,artist,52,spotify,spotify:artist:7BWVFnoB7Qy9biFNCoRCMI
57,artist,53,spotify,spotify:artist:1Z8ODXyhEBi3WynYw0Rya6
58,artist,65,spotify,spotify:artist:7s62akp8zhXC4OpINgE1q4
59,artist,54,spotify,spotify:artist:13y7CgLHjMVRMDqxdx0Xdo
60,artist,55,spotify,spotify:artist:6FD0unjzGQhX3b6eMccMJe
61,artist,56,spotify,spotify:artist:0NbfKEOTQCcwd6o7wSDOHI
62,artist,57,spotify,spotify:artist:2N4EYkIlG1kv25g6Wv8LGI
63,artist,58,spotify,spotify:artist:28ExwzUQsvgJooOI0X1mr3
64,artist,59,spotify,spotify:artist:4ypEjUTTCcPB0dgjQBQyf5
65,artist,60,spotify,spotify:artist:1sBkRIssrMs1AbVkOJbc7a
66,artist,66,spotify,spotify:artist:7aA592KWirLsnfb5ulGWvU
67,artist,67,spotify,spotify:artist:57UnSUpae3SbRekxNa5Kgl
68,artist,68,spotify,spotify:artist:0cGUm45nv7Z6M6qdXYQGTX
69,artist,70,spotify,spotify:artist:2ht3wxeT69CzyKFChNnNAB
70,artist,71,spotify,spotify:artist:34EP7KEpOjXcM2TCat1ISk
71,artist,72,spotify,spotify:artist:4OBJLual30L7gRl5UkeRcT
72,artist,73,spotify,spotify:artist:27w1NoOLMX7tJMYqcetPyG
73,artist,74,spotify,spotify:artist:1Xyo4u8uXC1ZmMpatF05PJ
74,artist,75,spotify,spotify:artist:6VimeBsWv0rmWzxd6roZZC
75,artist,76,spotify,spotify:artist:3aQeKQSyrW4qWr35idm0cy
76,artist,77,spotify,spotify:artist:3nFkdlSjzX9mRTtwJOzDYB
77,artist,78,spotify,spotify:artist:1HwM5zlC5qNWhJtM00yXzG
78,artist,80,spotify,spotify:artist:5dHt1vcEm9qb8fCyLcB3HL
79,artist,81,spotify,spotify:artist:336vr2M3Va0FjyvB55lJEd
80,artist,82,spotify,spotify:artist:1Sq6VkcHqHAuFvURbH3sXQ
81,artist,83,spotify,spotify:artist:13ubrt8QOOCPljQ2FL1Kca
82,artist,84,spotify,spotify:artist:7iZtZyCzp3LItcw1wtPI3D
83,artist,85,spotify,spotify:artist:0CXNdUUhv5Cw42dr0wWrjd
84,artist,86,spotify,spotify:artist:3dkbV4qihUeMsqN4vBGg93
85,artist,88,spotify,spotify:artist:5VcrwzYyoX3WUTbkaqcIvN
86,artist,89,spotify,spotify:artist:2BnZSEAPhFsB1RIyeEgXmN
87,artist,1322,spotify,spotify:artist:6vWDO969PvNqNYHIOW5v0m
88,artist,90,spotify,spotify:artist:2wY79sveU1sp5g7SokKOiI
89,artist,91,spotify,spotify:artist:5y2Xq6xcjJb2jVM54GHK3t
90,artist,92,spotify,spotify:artist:23sYU61n9f1CzYi8NJhAXS
91,artist,93,spotify,spotify:artist:0ucthBPSLI2QEk1dKnXfcZ
92,artist,95,spotify,spotify:artist:2yQf6b8hxahZaT5dHlWaB1
93,artist,96,spotify,spotify:artist:0A0FS04o6zMoto8OKPsDwY
94,artist,97,spotify,spotify:artist:5pKCCKE2ajJHZ9KAiaK11H
95,artist,98,spotify,spotify:artist:28NXqWyBllocZFYo5tyn4I
96,artist,99,spotify,spotify:artist:5CuU6SRJjbbZL926nSGGxX
97,artist,100,spotify,spotify:artist:3A5tHz1SfngyOZM2gItYKu
98,artist,101,spotify,spotify:artist:6O4EGCCb6DoIiR6B1QCQgp
99,artist,102,spotify,spotify:artist:09hVIj6vWgoCDtT03h8ZCa
100,artist,103,spotify,spotify:artist:2efzHZrUGhawnSOTpyAHOQ
101,artist,104,spotify,spotify:artist:25uiPmTg16RbhZWAqwLBy5
102,artist,106,spotify,spotify:artist:5cMgGlA1xGyeAB2ctYlRdZ
103,artist,107,spotify,spotify:artist:67nwj3Y5sZQLl72VNUHEYE
104,artist,108,spotify,spotify:artist:6l3HvQ5sa6mXTsMTB19rO5
105,artist,109,spotify,spotify:artist:4iCwCMnqsNZ6atvRiADgtn
106,artist,110,spotify,spotify:artist:78xUyw6FkVZrRAtziFdtdu
107,artist,111,spotify,spotify:artist:0sc5zYshOdiFD4ayqMrJbJ
108,artist,112,spotify,spotify:artist:7hJcb9fa4alzcOq3EaNPoG
109,artist,114,spotify,spotify:artist:17fY0VRyqRgmqI3dHlE1UU
110,artist,115,spotify,spotify:artist:7BMccF0hQFBpP6417k1OtQ
111,artist,116,spotify,spotify:artist:2p1fiYHYiXz9qi0JJyxBzN
112,artist,117,spotify,spotify:artist:3ZotbHeyVQKxQCPDJuQ4SU
113,artist,118,spotify,spotify:artist:360IAlyVv4PCEVjgyMZrxK
114,artist,119,spotify,spotify:artist:0fA0VVWsXO9YnASrzqfmYu
115,artist,120,spotify,spotify:artist:2pAWfrd7WFF3XhVt9GooDL
116,artist,121,spotify,spotify:artist:3AA28KZvwAUcZuOKwyblJQ
117,artist,122,spotify,spotify:artist:15iVAtD3s3FsQR4w1v6M0P
118,artist,123,spotify,spotify:artist:3fZgTHf9UHEA1oLYLEhnk2
119,artist,124,spotify,spotify:artist:0z4gvV4rjIZ9wHck67ucSV
120,artist,125,spotify,spotify:artist:0C8ZW7ezQVs4URX5aX7Kqx
121,artist,126,spotify,spotify:artist:5ej4cQvXN4u0MD7muBxuFn
122,artist,127,spotify,spotify:artist:4EnEZVjo3w1cwcQYePccay
123,artist,128,spotify,spotify:artist:50nN8IFD4xA67fI4jYbLV4
124,artist,129,spotify,spotify:artist:3jK9MiCrA42lLAdMGUZpwa
125,artist,130,spotify,spotify:artist:7sSgrHjQTrNPXCjeYCzkmN
126,artist,131,spotify,spotify:artist:2j5xv1bAFJ3Rpd8jNSJrUA
127,artist,132,spotify,spotify:artist:2aoFQUeHD1U7pL098lRsDU
128,artist,133,spotify,spotify:artist:6kBDZFXuLrZgHnvmPu9NsG
129,artist,134,spotify,spotify:artist:5INjqkS1o8h1imAzPqGZBb
130,artist,135,spotify,spotify:artist:26s8LSolLfCIY88ysQbIuT
131,artist,136,spotify,spotify:artist:6ZhjJOJXXwnPS8PrXdmjLw
132,artist,137,spotify,spotify:artist:31TPClRtHm23RisEBtV3X7
133,artist,138,spotify,spotify:artist:2i9uaNzfUtuApAjEf1omV8
134,artist,139,spotify,spotify:artist:7H55rcKCfwqkyDFH9wpKM6
135,artist,141,spotify,spotify:artist:5SyCTZ8X8YQCI0J1VRp4iC
136,artist,1330,spotify,spotify:artist:2EMAnMvWE2eb56ToJVfCWs
137,artist,142,spotify,spotify:artist:5mrC59Uq8L2hDLY5stEv1g
138,artist,143,spotify,spotify:artist:1N4320Id8teeua6sc3ol43
139,artist,144,spotify,spotify:artist:0du5cEVh5yTK9QJze8zA0C
140,artist,145,spotify,spotify:artist:2RdwBSPQiwcmiDo9kixcl8
141,artist,147,spotify,spotify:artist:1Fmb52lZ6Jv7FMWXXTPO3K
142,artist,148,spotify,spotify:artist:1nSpOxq3pcgomrfpXudQuq
143,artist,149,spotify,spotify:artist:2GHclqNVjqGuiE5mA7BEoc
144,artist,150,spotify,spotify:artist:7LCDnUQYE07fnKbo46SVLB
145,artist,151,spotify,spotify:artist:1uNFoZAHBGtllmzznpCI3s
146,artist,152,spotify,spotify:artist:55Aa2cqylxrFIXC767Z865
147,artist,153,spotify,spotify:artist:4xRYI6VqpkE3UwrDrAZL8L
148,artist,154,spotify,spotify:artist:3S0tlB4fE7ChxI2pWz8Xip
149,artist,155,spotify,spotify:artist:5ndkK3dpZLKtBklKjxNQwT
150,artist,157,spotify,spotify:artist:2Xu7q46Hf02xOoEIm4E1Qs
151,artist,158,spotify,spotify:artist:1G9G7WwrXka3Z1r7aIDjI7
152,artist,159,spotify,spotify:artist:1YfEcTuGvBQ8xSD1f53UnK
153,artist,160,spotify,spotify:artist:7A0awCXkE1FtSU8B0qwOJQ
154,artist,161,spotify,spotify:artist:6PXS4YHDkKvl1wkIl4V8DL
155,artist,162,spotify,spotify:artist:4jU68Hm8np6WNZXMqi7rz3
156,artist,164,spotify,spotify:artist:0TytASn0kOZkCpjYTrXsBt
157,artist,165,spotify,spotify:artist:1Mxqyy3pSjf8kZZL4QVxS0
158,artist,166,spotify,spotify:artist:0X2BH1fck6amBIoJhDVmmJ
159,artist,168,spotify,spotify:artist:3P3OCB20KqjdkpIP8fnTq3
160,artist,169,spotify,spotify:artist:3kf0gOpxWtkyeMNJVDQPtd
161,artist,170,spotify,spotify:artist:2lrtGWxNXWjd0JzDLKXubI
162,artist,171,spotify,spotify:artist:65TLDWbTJxYASqadmNAxvc
163,artist,172,spotify,spotify:artist:0qLNsNKm8bQcMoRFkR8Hmh
164,artist,174,spotify,spotify:artist:6HabM2PUM519iIxervGWSb
165,artist,175,spotify,spotify:artist:5BxMS9rhKHbSagaYFBICun
166,artist,176,spotify,spotify:artist:3TZNroMAlppUbsVSVg0Lfs
167,artist,177,spotify,spotify:artist:4John8fJ3LKqFho0pselVr
168,artist,178,spotify,spotify:artist:1b5fazYV5ecKkQHKTlwLG8
169,artist,179,spotify,spotify:artist:7zYtmHNk7UfzvCWOHPdl6x
170,artist,180,spotify,spotify:artist:4qBgvVog0wzW75IQ48mU7v
171,artist,181,spotify,spotify:artist:5xKp3UyavIBUsGy3DQdXeF
172,artist,182,spotify,spotify:artist:2L3kwZFd16zjHz9a5kEPAm
173,artist,183,spotify,spotify:artist:4jtcZjpuoSYBWP8xoXGi2P
174,artist,185,spotify,spotify:artist:3Mcii5XWf6E0lrY3Uky4cA
175,artist,186,spotify,spotify:artist:5spEJXLwD1sKUdC2bnOHPg
176,artist,187,spotify,spotify:artist:5ZwpRQ2GBK8tsd6x45Ngwa
177,artist,188,spotify,spotify:artist:5v0XTlB9FqNvfBfnw8n5b0
178,artist,189,spotify,spotify:artist:6OwOuTjrLVrlMH1nxxIjbT
179,artist,190,spotify,spotify:artist:01nVIuD8YZsnFH6x6Cc9rX
180,artist,191,spotify,spotify:artist:4zCH9qm4R2DADamUHMCa6O
181,artist,192,spotify,spotify:artist:29XOeO6KIWxGthejQqn793
182,artist,193,spotify,spotify:artist:2AhYpCf7jKGSyUMYdJbd6f
183,artist,194,spotify,spotify:artist:4LLpKhyESsyAXpc4laK94U
184,artist,195,spotify,spotify:artist:7Ln80lUS6He07XvHI8qqHH
185,artist,196,spotify,spotify:artist:18HVMQsV3tINaTyzT5UIjH
186,artist,197,spotify,spotify:artist:5fMUXHkw8R8eOP2RNVYEZX
187,artist,201,spotify,spotify:artist:30fiiwr2EeZp1tAhzYCmyM
188,artist,202,spotify,spotify:artist:2x6jz70u3sZq75tW10akUW
189,artist,203,spotify,spotify:artist:0gusqTJKxtU1UTmNRMHZcv
190,artist,204,spotify,spotify:artist:4Otx4bRLSfpah5kX8hdgDC
191,artist,205,spotify,spotify:artist:3vmtDGkzacafVdenyPHPMb
192,artist,207,spotify,spotify:artist:556vpAit0VPDDqxdIUTNsb
193,artist,208,spotify,spotify:artist:151BUVKmiB9rHDjIkgbeVE
194,artist,209,spotify,spotify:artist:5kJsAiwFWEaNRPwvtkjnXz
195,artist,210,spotify,spotify:artist:6olE6TJLqED3rqDCT0FyPh
196,artist,211,spotify,spotify:artist:1eEfMU2AhEo7XnKgL7c304
197,artist,212,spotify,spotify:artist:4Dn3cxlu20yI7PwSXqHOTh
198,artist,213,spotify,spotify:artist:0wIb0PhwT3disoWykRhq6V
199,artist,214,spotify,spotify:artist:2ooIqOf4X2uz4mMptXCtie
200,artist,215,spotify,spotify:artist:5DKuVtlpDH0agZQUFDy8O7
201,artist,216,spotify,spotify:artist:0IVcLMMbm05VIjnzPkGCyp
202,artist,217,spotify,spotify:artist:6f9bmfkqiYbhCtdAZsv7KI
203,artist,218,spotify,spotify:artist:099tLNCZZvtjC7myKD0mFp
204,artist,220,spotify,spotify:artist:1exLNaF3aw3J6dwaA9wjvp
205,artist,221,spotify,spotify:artist:6ns6XAOsw4B0nDUIovAOUO
206,artist,223,spotify,spotify:artist:1ZJlXFkFDBsjSuYyjVcMkk
207,artist,224,spotify,spotify:artist:4trFlc6c04qfpnCGvlqFCV
208,artist,225,spotify,spotify:artist:1020a42xVklY6c56imNcaa
209,artist,226,spotify,spotify:artist:1pt1kuxHmYnFaAQS6t3q6k
210,artist,227,spotify,spotify:artist:3c5J6hzTBZJVsjJ9FJoQ0V
211,artist,228,spotify,spotify:artist:72tRiBHei5G9M8it4h4sfC
212,artist,229,spotify,spotify:artist:6O1r0adMWWVyvXy7eQtp9E
213,artist,230,spotify,spotify:artist:4FjR5GmNXYr2RKHVOXTP7e
214,artist,231,spotify,spotify:artist:4Dokdwa3WB7ilQ2c2qvIBL
215,artist,232,spotify,spotify:artist:7mnBLXK823vNxN3UWB7Gfz
216,artist,233,spotify,spotify:artist:6qgnBH6iDM91ipVXv28OMu
217,artist,234,spotify,spotify:artist:7EWU4FhUJM1sZQgQKdENeT
218,artist,235,spotify,spotify:artist:0g9vAlRPK9Gt3FKCekk4TW
219,artist,237,spotify,spotify:artist:5l4a0zg4sRhA4DrQ6vc87N
220,artist,238,spotify,spotify:artist:4VmEWwd8y9MCLwexFMdpwt
221,artist,239,spotify,spotify:artist:0TkqXdyWLsssJH7okthMPQ
222,artist,240,spotify,spotify:artist:0ojcq9LJQWMawQdFDw3M0L
223,artist,241,spotify,spotify:artist:1GhPHrq36VKCY3ucVaZCfo
224,artist,242,spotify,spotify:artist:0eVyjRhzZKke2KFYTcDkeu
225,artist,243,spotify,spotify:artist:5me0Irg2ANcsgc93uaYrpb
226,artist,245,spotify,spotify:artist:6CsOL9C9iLL0eWKINlDxzQ
227,artist,246,spotify,spotify:artist:4yBK75WVCQXej1p04GWqxH
228,artist,247,spotify,spotify:artist:7k9T7lZlHjRAM1bb0r9Rm3
229,artist,248,spotify,spotify:artist:6vbY3hOaCAhC7VjucswgdS
230,artist,249,spotify,spotify:artist:6KZDXtSj0SzGOV705nNeh3
231,artist,250,spotify,spotify:artist:4tujQJicOnuZRLiBFdp3Ou
232,artist,251,spotify,spotify:artist:4MXUO7sVCaFgFjoTI5ox5c
233,artist,252,spotify,spotify:artist:2VdhtgJVCayzvFtnq98XJn
234,artist,253,spotify,spotify:artist:2lRyvAihjwylPfhGqydQbC
235,artist,257,spotify,spotify:artist:1mG23iQeR29Ojhq89D5gbh
236,artist,258,spotify,spotify:artist:1zuJe6b1roixEKMOtyrEak
237,artist,259,spotify,spotify:artist:0b3fYxnG6tlR0zLtBJd8DF
238,artist,260,spotify,spotify:artist:0nvvVQhPQGkYTJlThLbJeu
239,artist,261,spotify,spotify:artist:56xTxG4nQMAs1GW9kvn0uA
240,artist,262,spotify,spotify:artist:5A9hUHdsQVsMpElHxBmFNk
241,artist,263,spotify,spotify:artist:3cGojc1Yu89IHXx8OeSnee
242,artist,264,spotify,spotify:artist:1KeJhR0ENFviw187pD4LPT
243,artist,265,spotify,spotify:artist:7yk35uHNQclPXFGFoTU44w
244,artist,266,spotify,spotify:artist:3CQIn7N5CuRDP8wEI7FiDA
245,artist,267,spotify,spotify:artist:5hQCwevTf03u1rECrRMeop
246,artist,268,spotify,spotify:artist:59wfkuBoNyhDMQGCljbUbA
247,artist,269,spotify,spotify:artist:67ei8ib6PLT1w3OkhIb4fB
248,artist,270,spotify,spotify:artist:39vtb2iiz3079nqfL5nfFc
249,artist,271,spotify,spotify:artist:3FjTqZ6SZYSYQMzY03O4RG
250,artist,272,spotify,spotify:artist:0s9MrSopEoAn8JqwBipgdO
251,artist,273,spotify,spotify:artist:5lHRUCqkQZCIWeX7xG4sYT
252,artist,274,spotify,spotify:artist:0mFoqJiNDtYntypvy6roGR
253,artist,275,spotify,spotify:artist:6Mo9PoU6svvhgEum7wh2Nd
254,artist,276,spotify,spotify:artist:56D5VnuoX3l7bs2kgcrQvJ
255,artist,277,spotify,spotify:artist:0auu2itHTxEdAMRHvx7CyG
256,artist,279,spotify,spotify:artist:6NL31G53xThQXkFs7lDpL5
257,artist,280,spotify,spotify:artist:1wUmdemiR9Dxw8A2el365A
258,artist,281,spotify,spotify:artist:543js1lXeFxJKXqxC6XgT7
259,artist,282,spotify,spotify:artist:3FZn8Z2B7mfaSOU8NE62KR
260,artist,283,spotify,spotify:artist:7HqrSDuI9lHuH1CDismTFg
261,artist,284,spotify,spotify:artist:2lQvoGjN6jJfsAkaywtgrB
262,artist,285,spotify,spotify:artist:2x8KDZdSONA3872CnhaAlX
263,artist,286,spotify,spotify:artist:7iMvwE8qANp3aIfAGKEAwS
264,artist,287,spotify,spotify:artist:1W3FSF1BLpY3hlVIgvenLz
265,artist,288,spotify,spotify:artist:6gc6oo3u2f7SqTd4mhe81O
266,artist,289,spotify,spotify:artist:34Bm9d5DAJjSnaI02BCjdA
267,artist,290,spotify,spotify:artist:2AV6XDIs32ofIJhkkDevjm
268,artist,291,spotify,spotify:artist:0iOVhN3tnSvgDbcg25JoJb
269,artist,292,spotify,spotify:artist:1ThoqLcyIYvZn7iWbj8fsj
270,artist,293,spotify,spotify:artist:6mQfAAqZGBzIfrmlZCeaYT
271,artist,294,spotify,spotify:artist:48nwxUvPJZkm8uPa7xMzmj
272,artist,295,spotify,spotify:artist:2E6Roj0oQnJIm2BeXwDica
273,artist,296,spotify,spotify:artist:19y5MFBH7gohEdGwKM7QsP
274,artist,297,spotify,spotify:artist:2SFOkFzbmtkUJ5A6LcYPWB
275,artist,298,spotify,spotify:artist:4pEYvg65h3If6TKxwgzkQw
276,artist,299,spotify,spotify:artist:6RWnslEkqboHbDg0OUabe5
277,artist,300,spotify,spotify:artist:3koiLjNrgRTNbOwViDipeA
278,artist,301,spotify,spotify:artist:3fn5LrIuCbwlhFtFoZE2s3
279,artist,302,spotify,spotify:artist:5IrR4pNp1CQNk7pxlMOvFu
280,artist,303,spotify,spotify:artist:0kEfub5RzlZOB2zGomqVSU
281,artist,305,spotify,spotify:artist:5uD4qCw6B6RohO1426PgYp
282,artist,306,spotify,spotify:artist:2D5Wbsa1bfX2Vb3Ipecpa2
283,artist,307,spotify,spotify:artist:3BeQqzKdlARoOd6y30kCO2
284,artist,308,spotify,spotify:artist:6DVipHzYsPlIoA0DW8Gmns
285,artist,309,spotify,spotify:artist:20W9F94ZPbzoMqxuekMgKi
286,artist,1321,spotify,spotify:artist:1ZwdS5xdxEREPySFridCfh
287,artist,310,spotify,spotify:artist:0tCtGc5vt29zFZp6KXzN50
288,artist,311,spotify,spotify:artist:4si2hG4wVEeOD3BIZtUfYm
289,artist,312,spotify,spotify:artist:5NIhgQ08PBzMux08ndi8Ae
290,artist,314,spotify,spotify:artist:4Cxi8PZg3PcYqmHOqw5KXX
291,artist,316,spotify,spotify:artist:3fJ60AcIgLzQkVitEvA7uq
292,artist,317,spotify,spotify:artist:6vwJ3e6KaQAhLEpBPxCMBC
293,artist,318,spotify,spotify:artist:6SWohEYYTym0RIBxvoh6wt
294,artist,319,spotify,spotify:artist:7LnaAXbDVIL75IVPnndf7w
295,artist,320,spotify,spotify:artist:0XTSrpKEUhzQ5aiYswppxh
296,artist,321,spotify,spotify:artist:0i4ENXPd4z9kqWd9AeM2gk
297,artist,322,spotify,spotify:artist:4VBsfV7yyU4fy2g6Tp0WBS
298,artist,323,spotify,spotify:artist:1BRpMOjIH52Y93hbROTMXc
299,artist,324,spotify,spotify:artist:0uFc6StTmJBvdHPZFDkdJy
300,artist,325,spotify,spotify:artist:0Zji66LHK0QCC8AUMuyp3h
301,artist,326,spotify,spotify:artist:1rtRdVEWfqnon8Hx44fMuy
302,artist,327,spotify,spotify:artist:1BH45DVSTeGBvcYXNCd67g
303,artist,328,spotify,spotify:artist:34Y0ldeyUv7jBvukWOGASO
304,artist,330,spotify,spotify:artist:6Uh8uJyN9g7oFjDK16nJgb
305,artist,331,spotify,spotify:artist:1wiBLzTI7z9RUwEpNPdFT6
306,artist,332,spotify,spotify:artist:1J2VVASYAamtQ3Bt8wGgA6
307,artist,333,spotify,spotify:artist:5JaRDfKpSjc6H3gYJRuEkW
308,artist,334,spotify,spotify:artist:49CSwy5keHWbZjeUrWyBmx
309,artist,335,spotify,spotify:artist:5s1QeAf7U5ELP9PTeLaicb
310,artist,336,spotify,spotify:artist:6C403AR4y6PjN0xNNGh42m
311,artist,337,spotify,spotify:artist:3V35H6xv4eium9zl8CQeG5
312,artist,338,spotify,spotify:artist:08fcFSdgfmfqUsXNEfaV2J
313,artist,339,spotify,spotify:artist:07YZf4WDAMNwqr4jfgOZ8y
314,artist,340,spotify,spotify:artist:7c0XG5cIJTrrAgEC3ULPiq
315,artist,341,spotify,spotify:artist:5XI6qfoZSiEYtmItjfEX1Q
316,artist,343,spotify,spotify:artist:0IXabnQgJf7eO1hIF71YS9
317,artist,344,spotify,spotify:artist:7JPa7TdQFmo5BGLEkLV6Zq
318,artist,345,spotify,spotify:artist:7gRhy3MIPHQo5CXYfWaw9I
319,artist,346,spotify,spotify:artist:55UEjjjLkvSklEtxbOrF7N
320,artist,347,spotify,spotify:artist:1kMPdZQVdUhMDKDWOJM5iK
321,artist,348,spotify,spotify:artist:5mZC7ndY6oGMxJentRwsuV
322,artist,349,spotify,spotify:artist:6yR6M6V6I7GhhYf6A7Wif9
323,artist,350,spotify,spotify:artist:3ipn9JLAPI5GUEo4y4jcoi
324,artist,351,spotify,spotify:artist:3N4cYzn6HQGkiGCVwdZNPd
325,artist,352,spotify,spotify:artist:56lwVnt0Jcms3TWOcmAvCq
326,artist,353,spotify,spotify:artist:22I9QWygJ2IfxR855VsA3t
327,artist,355,spotify,spotify:artist:6YGu0Rv2120wkc4AXZSGgl
328,artist,356,spotify,spotify:artist:7zliF6Q946WznVk3ZMYhZX
329,artist,357,spotify,spotify:artist:4gpElxNt5pL515njzmZaZG
330,artist,360,spotify,spotify:artist:0OiS4KHxViIFnJooFTXl7V
331,artist,361,spotify,spotify:artist:0zi2OowIfzNqUQiuUVyGLs
332,artist,362,spotify,spotify:artist:17Q9sCBpIyS6yM2YyaI6R4
333,artist,363,spotify,spotify:artist:3TaUSUXn41GixL7zbvrIDt
334,artist,364,spotify,spotify:artist:3Rq3YOF9YG9YfCWD4D56RZ
335,artist,365,spotify,spotify:artist:7LTShHcq1KdTrWeLvWoYed
336,artist,366,spotify,spotify:artist:43SXnO2N4X024u3l9MfvXD
337,artist,367,spotify,spotify:artist:7EKqpEerzxJ1rOu1gRNMJa
338,artist,368,spotify,spotify:artist:5oFkj1qSlyBUmV5d6Edgtq
339,artist,370,spotify,spotify:artist:6wFId9Jhuf9AKVzWboOj2B
340,artist,371,spotify,spotify:artist:57dN52uHvrHOxijzpIgu3E
341,artist,372,spotify,spotify:artist:4GIqbOr0FgE9qmJ31kVYdD
342,artist,373,spotify,spotify:artist:6GEykX11lQqp92UVOQQCC7
343,artist,374,spotify,spotify:artist:3JxCEqL9zjKnDJgUhRuRJD
344,artist,375,spotify,spotify:artist:15mx2n5CD27PyHjbdUgDZr
345,artist,376,spotify,spotify:artist:38XpIVUn0Gv9Qtqs3ote2W
346,artist,377,spotify,spotify:artist:2Y7amh9m52OEj67M3gNDCX
347,artist,378,spotify,spotify:artist:03r4iKL2g2442PT9n2UKsx
348,artist,379,spotify,spotify:artist:4oLZx5FplbgfM8DEe9U8LB
349,artist,380,spotify,spotify:artist:7boQqq2hUcz9kHcQOecG4j
350,artist,381,spotify,spotify:artist:4sv6VJ2QZlaSosz3kFlxQH
351,artist,382,spotify,spotify:artist:0OMJR0LjjKv21qNvICTgbi
352,artist,383,spotify,spotify:artist:51Pn4gGnZuyOMDfIT1Zy3N
353,artist,384,spotify,spotify:artist:2pkcEiIg9zyj8C7Zq5TumZ
354,artist,385,spotify,spotify:artist:10zn5FA2iDIleWCibLmUhG
355,artist,386,spotify,spotify:artist:567CChDKZrtF4rnk2r5JeP
356,artist,387,spotify,spotify:artist:5RADpgYLOuS2ZxDq7ggYYH
357,artist,388,spotify,spotify:artist:3uKU7PMJ1n14NcZ131I6wd
358,artist,389,spotify,spotify:artist:6nB0iY1cjSY1KyhYyuIIKH
359,artist,390,spotify,spotify:artist:7B6TQqMQNF8DWq7XoAr4kf
360,artist,391,spotify,spotify:artist:5KkgZ31b9eDwkvo9oMIrSm
361,artist,392,spotify,spotify:artist:6jHG1YQkqgojdEzerwvrVv
362,artist,393,spotify,spotify:artist:0qT79UgT5tY4yudH9VfsdT
363,artist,394,spotify,spotify:artist:7f5Zgnp2spUuuzKplmRkt7
364,artist,395,spotify,spotify:artist:60d24wfXkVzDSfLS6hyCjZ
365,artist,396,spotify,spotify:artist:7bXgB6jMjp9ATFy66eO08Z
366,artist,397,spotify,spotify:artist:3KV3p5EY4AvKxOlhGHORLg
367,artist,398,spotify,spotify:artist:7dGJo4pcD2V6oG8kP0tJRR
368,artist,406,spotify,spotify:artist:1Zatb2YN4erBOoSivOXc0o
369,artist,407,spotify,spotify:artist:6sDyTDjzGxcvyhLn5x9RyY
370,artist,408,spotify,spotify:artist:7u6LfVyYpEzMpHLL7jTyvU
371,artist,409,spotify,spotify:artist:56OMwqr8qaLIRH4ZrvvdXq
372,artist,410,spotify,spotify:artist:4aMeIY7MkJoZg7O91cmDDd
373,artist,412,spotify,spotify:artist:1mHTS3stAYCszPZ2PRa8QU
374,artist,415,spotify,spotify:artist:3xgVb12lTabQh3FnxXgjQk
375,artist,417,spotify,spotify:artist:45Cr3OBENkmqJoGGthowmy
376,artist,418,spotify,spotify:artist:0lEssBAxQl2In4RpaB1C2Y
377,artist,419,spotify,spotify:artist:7G1GBhoKtEPnP86X2PvEYO
378,artist,420,spotify,spotify:artist:20dRvQDfCTLJU0pgq13ZYp
379,artist,421,spotify,spotify:artist:4KGNjRvBeqS7wDrExXVN8a
380,artist,423,spotify,spotify:artist:3mUHAiDazZq75gh6If5zoD
381,artist,424,spotify,spotify:artist:3PyWEKLWI0vHPmoNrIX0QE
382,artist,425,spotify,spotify:artist:36QJpDe2go2KgaRleHCDTp
383,artist,426,spotify,spotify:artist:3oHjuEyaFp7MddhOXddXbx
384,artist,427,spotify,spotify:artist:1O3ZOjqFLEnbpZexcRjocn
385,artist,428,spotify,spotify:artist:3OZst25kEWB18jrbslJ50Z
386,artist,429,spotify,spotify:artist:7llHQYNUwfMFlt2Z7elsQd
387,artist,430,spotify,spotify:artist:3Q0Xvl8alOCwCUEvNW9bwR
388,artist,432,spotify,spotify:artist:1bulNj9KHvx8haqJBFDSyz
389,artist,435,spotify,spotify:artist:5nTadHhdvFD2sNC9gmvhCL
390,artist,436,spotify,spotify:artist:0vuuI2BxGByuCvnBHC00vX
391,artist,437,spotify,spotify:artist:3ZklgY4JuD7jnKPqKRPCD5
392,artist,438,spotify,spotify:artist:0tPKcpC8yXpfdWXFcN7Vwr
393,artist,439,spotify,spotify:artist:4I9DL16tvRRyduogkmbpxK
394,artist,443,spotify,spotify:artist:5cgamyg8k79hazgMZW4XRB
395,artist,445,spotify,spotify:artist:29WzbAQtDnBJF09es0uddn
396,artist,448,spotify,spotify:artist:3bXszy3HMRqUhnON4Bpojw
397,artist,449,spotify,spotify:artist:7cvtOrIEaUrqbGmYA9Kj34
398,artist,450,spotify,spotify:artist:0uwCVQwqYs8hg4Yewjbi2l
399,artist,451,spotify,spotify:artist:4VNQWV2y1E97Eqo2D5UTjx
400,artist,452,spotify,spotify:artist:4WN5naL3ofxrVBgFpguzKo
401,artist,453,spotify,spotify:artist:1O10apSOoAPjOu6UhUNmeI
402,artist,454,spotify,spotify:artist:2d9syqspYoM8NuT7TgDYC7
403,artist,455,spotify,spotify:artist:2BvzbqWWwLN11XGBYgDZzx
404,artist,456,spotify,spotify:artist:48elQHSJ3DmffHQpf89jxX
405,artist,457,spotify,spotify:artist:1j6sK1bUYK36UNfLjdOfFy
406,artist,459,spotify,spotify:artist:0PI3pXpUMScjweiw3IbADc
407,artist,460,spotify,spotify:artist:67qogtRNI0GjUr8PlaG6Zh
408,artist,461,spotify,spotify:artist:1Bt6NDnhFGPzsdpuWvAkls
409,artist,462,spotify,spotify:artist:3kEeX7yjzfaAxsPCbysrUw
410,artist,463,spotify,spotify:artist:3zpKjsMg2gw1St5WcWoUJN
411,artist,464,spotify,spotify:artist:2i4dJzzPuB6lTP1ZQv9Tfb
412,artist,465,spotify,spotify:artist:0NnCgUxhtWt1yBtpDyvFQf
413,artist,466,spotify,spotify:artist:22282KfMxDo2PMjnBc82I4
414,artist,467,spotify,spotify:artist:52ik8mwcuZ4ISphAkejj2Z
415,artist,468,spotify,spotify:artist:08b8bBBm9g4yIou2ESJmQN
416,artist,469,spotify,spotify:artist:0rqb5s3Cxj0lGr6jTrWc0P
417,artist,470,spotify,spotify:artist:1W9qOBYRTfP7HcizWN43G1
418,artist,200,spotify,spotify:artist:3trsSEaKM3UM2R9RBJwdtJ
419,artist,471,spotify,spotify:artist:1FqqOl9itIUpXr4jZPIVoT
420,artist,472,spotify,spotify:artist:3C8RpaI3Go0yFF9whvKoED
421,artist,473,spotify,spotify:artist:4akj4uteQQrrGxhX9Rjuyf
422,artist,474,spotify,spotify:artist:7CrVv4zLga71gdlMOMfjXL
423,artist,475,spotify,spotify:artist:4OBbOrkD4geIjOLrICN3wO
424,artist,476,spotify,spotify:artist:50NoVNy9GU1lCrDV8iGpyu
425,artist,478,spotify,spotify:artist:1g8uGVofjr2ApBrI8OZhJf
426,artist,479,spotify,spotify:artist:1FTE18h9QG9cxs981LnfET
427,artist,481,spotify,spotify:artist:4tZwfgrHOc3mvqYlEYSvVi
428,artist,482,spotify,spotify:artist:7zJL978NtANOysfGY21ty6
429,artist,485,spotify,spotify:artist:1K0CrrXj2Zogdgsyc5GfLs
430,artist,487,spotify,spotify:artist:6UBA15slIuadJ8h2lPRPos
431,artist,489,spotify,spotify:artist:776Uo845nYHJpNaStv1Ds4
432,artist,490,spotify,spotify:artist:2P560DaOMNDUACoH8ZhOCR
433,artist,491,spotify,spotify:artist:0Sp0uhq5t9QkMXcxxEM1eQ
434,artist,492,spotify,spotify:artist:78tb5IXVdgoNDphZXWMN0r
435,artist,494,spotify,spotify:artist:6A2ZcGsVmrbBVZj1nATKrf
436,artist,495,spotify,spotify:artist:48AAcsCOmZzOSj3RW8Qtpc
437,artist,498,spotify,spotify:artist:5X0V59ipZnbvnubW0rQVri
438,artist,499,spotify,spotify:artist:0JYmatsiEQMn2v5KchV8u2
439,artist,500,spotify,spotify:artist:1F5zdoXcwIB9XSNfitdo7x
440,artist,501,spotify,spotify:artist:6LfTf8UWNdQG8NvYcIaj7X
441,artist,502,spotify,spotify:artist:5OsWN8awq2bN7q5upCCgWf
442,artist,503,spotify,spotify:artist:3fBDmQUUcFe8CTJ51nvwi8
443,artist,504,spotify,spotify:artist:1UMfAdvEOF6ly4dPiR5oWJ
444,artist,506,spotify,spotify:artist:77IURH5NC56Jn09QHi76is
445,artist,507,spotify,spotify:artist:41SQP16hv1TioVYqdckmxT
446,artist,508,spotify,spotify:artist:6hrEc1XqVcGLK0Di6zVADR
447,artist,509,spotify,spotify:artist:5V2urhkwH9CIcojcYnvKRg
448,artist,510,spotify,spotify:artist:4AK6F7OLvEQ5QYCBNiQWHq
449,artist,511,spotify,spotify:artist:7yxi31szvlbwvKq9dYOmFI
450,artist,512,spotify,spotify:artist:5CE2IfdYZEQGIDsfiRm8SI
451,artist,513,spotify,spotify:artist:1PryMSya1JnSAlcwYawCxp
452,artist,515,spotify,spotify:artist:0gLaGKA1vlqDqfHUxh67un
453,artist,516,spotify,spotify:artist:4xvUHg4mIFbXo2caP0PO73
454,artist,517,spotify,spotify:artist:4ylR3zwA0zaapAu94fktwa
455,artist,518,spotify,spotify:artist:2j1mpyHfaRMjFlDqz3OJoq
456,artist,519,spotify,spotify:artist:7KMddxPqjqv0fiucwg0c3D
457,artist,521,spotify,spotify:artist:2datC2OML2YxykP6vnDRmg
458,artist,522,spotify,spotify:artist:7guDJrEfX3qb6FEbdPA5qi
459,artist,523,spotify,spotify:artist:0gKcrGlOFBSCaLNypVUvO6
460,artist,525,spotify,spotify:artist:3FQVWA8Owd6lje2nMg1qcl
461,artist,528,spotify,spotify:artist:1SUu1Bi7ev9HbOzyVC77qD
462,artist,533,spotify,spotify:artist:6fK2hnSgfRPxR6sL975XQS
463,artist,534,spotify,spotify:artist:3dlippLcdVGBPKVFhnWXaF
464,artist,535,spotify,spotify:artist:4cynDosMoBQcVD9UKLq8eX
465,artist,536,spotify,spotify:artist:1urjDGTd4iBze91Z1W1gu7
466,artist,538,spotify,spotify:artist:4EhgA7Pf9pRCNJMgqgul8K
467,artist,539,spotify,spotify:artist:1rpgRF0ch5otJ2Cu7NwwX4
468,artist,540,spotify,spotify:artist:42Np3r8zXnaKcjLQsQSjyG
469,artist,541,spotify,spotify:artist:2ozHdIM8I61aAYW7WlSno5
470,artist,545,spotify,spotify:artist:3VmdvdqFAX1F9kwV54xGMT
471,artist,546,spotify,spotify:artist:4hJpETVqz3jIrAH1WUzGEj
472,artist,547,spotify,spotify:artist:2S3kEShbYaNGvSyJdd7sJg
473,artist,549,spotify,spotify:artist:58LTO4K7E3WUtztMK2BCkB
474,artist,550,spotify,spotify:artist:67PZTxaHKMZBFRUh8wIzCy
475,artist,551,spotify,spotify:artist:0O8YBv7S0cUus98ht8LD5u
476,artist,552,spotify,spotify:artist:67XIntxIqJFHkWpewJcrOb
477,artist,554,spotify,spotify:artist:5CxwOBCoGSvWxfDgNoa1Nv
478,artist,555,spotify,spotify:artist:19KwjzvIL92r29IINtlPNP
479,artist,556,spotify,spotify:artist:2jS7I1u7BpgWT9ssG62Zr1
480,artist,557,spotify,spotify:artist:7bbg07Z84HUpCwkNPBp99k
481,artist,558,spotify,spotify:artist:5Fc4E9FtAoP4UHXWh6oLpS
482,artist,559,spotify,spotify:artist:2gINJ8xw86xawPyGvx1bla
483,artist,560,spotify,spotify:artist:1jKpNUjiz4KXgaAZD5FI9S
484,artist,561,spotify,spotify:artist:30G8Jlp6mw5RTEEzMndIZL
485,artist,563,spotify,spotify:artist:6ZcRUVs3I5U8EOnm9ZdCsO
486,artist,564,spotify,spotify:artist:7oF48iRjggIDjtfRcmmMvl
487,artist,565,spotify,spotify:artist:162DCkd8aDKwvjBb74Gu8b
488,artist,566,spotify,spotify:artist:2ZvrvbQNrHKwjT7qfGFFUW
489,artist,567,spotify,spotify:artist:3VBpsrUi2vV7Uj87ONHu7Z
490,artist,569,spotify,spotify:artist:6SXvUYTC88Qb6JqQY1Cc2c
491,artist,570,spotify,spotify:artist:4uqqEE1NaQBAa4wnDug9c1
492,artist,571,spotify,spotify:artist:2nRbxpnBMMbtMBWH5QdqH2
493,artist,572,spotify,spotify:artist:5tOWIviwLM1EIqGAbF8VSU
494,artist,573,spotify,spotify:artist:7gWDOIgkiklsoggs6UyZXD
495,artist,574,spotify,spotify:artist:16aHGTBi9sStOLH8OPIqlw
496,artist,575,spotify,spotify:artist:6q8dk2x1yRrbgs6DiLErUn
497,artist,576,spotify,spotify:artist:2uk6siR31HTp2t4V2cspwe
498,artist,577,spotify,spotify:artist:14UdQcCQMHqYAy1q9K1tws
499,artist,578,spotify,spotify:artist:0gqIrDRL7CEPBWMmkuZPdQ
500,artist,580,spotify,spotify:artist:0XZC3xSQstfXyXnYQKvjef
501,artist,581,spotify,spotify:artist:5LhTec3c7dcqBvpLRWbMcf
502,artist,582,spotify,spotify:artist:13FswnDmTIttTpiK9PS0BI
503,artist,583,spotify,spotify:artist:6xzdpjZ5OURzMdpjCFW008
504,artist,584,spotify,spotify:artist:4toEjJSZu1rbfX2hfVdZFA
505,artist,586,spotify,spotify:artist:5rkVyNGXEgeUqKkB5ccK83
506,artist,587,spotify,spotify:artist:6i5ba7TKp3FfFmAryzexna
507,artist,588,spotify,spotify:artist:70S4sHnxr55YQxZ53H5guq
508,artist,589,spotify,spotify:artist:73sIBHcqh3Z3NyqHKZ7FOL
509,artist,590,spotify,spotify:artist:5xpkLC1MxiPRiIJUDEzuVm
510,artist,591,spotify,spotify:artist:4P0dddbxPil35MNN9G2MEX
511,artist,593,spotify,spotify:artist:2VAnyOxzJuSAj7XIuEOT38
512,artist,594,spotify,spotify:artist:163tK9Wjr9P9DmM0AVK7lm
513,artist,595,spotify,spotify:artist:41yEdWozNYEzA2RfgYQHgr
514,artist,596,spotify,spotify:artist:5y5XVljphGGWajT3YzfNQu
515,artist,597,spotify,spotify:artist:77AKJs9SJqxHXbPgtJPKRa
516,artist,598,spotify,spotify:artist:3cvKNz7BwIY404XtZ5tpUW
517,artist,599,spotify,spotify:artist:6E2HWaoTqTZdHMWPbdsojr
518,artist,601,spotify,spotify:artist:7wzaSKTsjE9HnuDuZTX452
519,artist,602,spotify,spotify:artist:4MflsXABg2VC9Powgd7JCF
520,artist,603,spotify,spotify:artist:2UoOdQyBGyzrEfxcY77ce0
521,artist,604,spotify,spotify:artist:481mw4u6aeUoQuIgMq6QnK
522,artist,605,spotify,spotify:artist:2OAEyY8NDAPSvklVEPB6iJ
523,artist,606,spotify,spotify:artist:42FoLSHGf3ksQS9neQzjZt
524,artist,607,spotify,spotify:artist:1YRGQOk4Mk9EpM6nTJhXtK
525,artist,608,spotify,spotify:artist:4Ui2kfOqGujY81UcPrb5KE
526,artist,609,spotify,spotify:artist:60R4M19QBXvs0gO4IL6CpS
527,artist,610,spotify,spotify:artist:36zSkwftotDHslP3KUQpew
528,artist,611,spotify,spotify:artist:14L5rpGTLVUz1pD8fUeJB1
529,artist,612,spotify,spotify:artist:1rJkz5vopfGxTUGFNB3o4G
530,artist,613,spotify,spotify:artist:462T0buQ5ScBUQCRpodDRf
531,artist,614,spotify,spotify:artist:2bToe6WyGvADJftreuXh2K
532,artist,615,spotify,spotify:artist:47RPLpnGhBRTjQrRBOev9s
533,artist,617,spotify,spotify:artist:66CXWjxzNUsdJxJ2JdwvnR
534,artist,618,spotify,spotify:artist:6U3ybJ9UHNKEdsH7ktGBZ7
535,artist,619,spotify,spotify:artist:7GuUYiGZOzQwq4L6gAfy1T
536,artist,620,spotify,spotify:artist:5pU9lKGn9IUnVvOCONrcIS
537,artist,621,spotify,spotify:artist:2hPgGN4uhvXAxiXQBIXOmE
538,artist,622,spotify,spotify:artist:34lwpzvwbRDx9hnbQkwbJk
539,artist,623,spotify,spotify:artist:6UIpxj5ggLdOebFVCOxVax
540,artist,624,spotify,spotify:artist:00cTKZh4nRgtQ7TmWEmDD5
541,artist,625,spotify,spotify:artist:6X8WdFjrNhXATMDSs26aCc
542,artist,626,spotify,spotify:artist:72CJu74on68a9sLgD0vj2O
543,artist,627,spotify,spotify:artist:1ctkPiRW4pNvaQf7zjQr8b
544,artist,628,spotify,spotify:artist:5Dyi0c3gAWXi520W10rX1U
545,artist,630,spotify,spotify:artist:1AKNroq6zJX4DlJaA0dcKw
546,artist,631,spotify,spotify:artist:7cbC2l9E1afghqq9SXd385
547,artist,634,spotify,spotify:artist:0f5nVCcR06GX8Qikz0COtT
548,artist,635,spotify,spotify:artist:51d3rUlLuMh7EW09aMe7yj
549,artist,636,spotify,spotify:artist:0YC192cP3KPCRWx8zr8MfZ
550,artist,637,spotify,spotify:artist:3CBAfv5IxPSyPNilBTX4tP
551,artist,638,spotify,spotify:artist:5BriIuQElYaqzH21P3xRz7
552,artist,639,spotify,spotify:artist:3byZhxYIRTp15VjyckfstU
553,artist,640,spotify,spotify:artist:7df4aW2MDoNsEhmJ2NRoro
554,artist,641,spotify,spotify:artist:4IZLJdhHCqAvT4pjn8TLH5
555,artist,642,spotify,spotify:artist:3abcSM5CO6CDc502eGGAtn
556,artist,643,spotify,spotify:artist:4VA3EAvncrTucjTmrvd4GE
557,artist,644,spotify,spotify:artist:4gdU6QYD0tktQA9AHdcNn4
558,artist,645,spotify,spotify:artist:3kHVioJpVxlazAAKQ64pC1
559,artist,646,spotify,spotify:artist:7GN9PivdemQRKjDt4z5Zv8
560,artist,647,spotify,spotify:artist:5CdJjUi9f0cVgo9nFuJrFa
561,artist,648,spotify,spotify:artist:3MZsBdqDrRTJihTHQrO6Dq
562,artist,649,spotify,spotify:artist:7y97mc3bZRFXzT2szRM4L4
563,artist,650,spotify,spotify:artist:65s98MYZ4xFpgKlUYS5XKw
564,artist,651,spotify,spotify:artist:31W5EY0aAly4Qieq6OFu6I
565,artist,652,spotify,spotify:artist:7mrvU3OShTgthJV80o2day
566,artist,653,spotify,spotify:artist:2uFUBdaVGtyMqckSeCl0Qj
567,artist,654,spotify,spotify:artist:17hR0sYHpx7VYTMRfFUOmY
568,artist,655,spotify,spotify:artist:6MF58APd3YV72Ln2eVg710
569,artist,656,spotify,spotify:artist:7vDYlejWEU6Yuw4MxTiv56
570,artist,657,spotify,spotify:artist:6nZiWg5ZB511S24WmB7TCV
571,artist,659,spotify,spotify:artist:20wkVLutqVOYrc0kxFs7rA
572,artist,660,spotify,spotify:artist:2ICR2m4hOBPhaYiZB3rnLW
573,artist,661,spotify,spotify:artist:3tlXnStJ1fFhdScmQeLpuG
574,artist,662,spotify,spotify:artist:5ZS223C6JyBfXasXxrRqOk
575,artist,663,spotify,spotify:artist:246dkjvS1zLTtiykXe5h60
576,artist,664,spotify,spotify:artist:5cj0lLjcoR7YOSnhnX0Po5
577,artist,665,spotify,spotify:artist:47e2jUYcqSQ8RL2DVmxmzn
578,artist,666,spotify,spotify:artist:4NJhFmfw43RLBLjQvxDuRS
579,artist,667,spotify,spotify:artist:1385hLNbrnbCJGokfH2ac2
580,artist,668,spotify,spotify:artist:5yxyJsFanEAuwSM5kOuZKc
581,artist,669,spotify,spotify:artist:0NWbwDZY1VkRqFafuQm6wk
582,artist,670,spotify,spotify:artist:5LHRHt1k9lMyONurDHEdrp
583,artist,671,spotify,spotify:artist:39FC9x5PaTNYHp5hwlaY4q
584,artist,672,spotify,spotify:artist:2wOqMjp9TyABvtHdOSOTUS
585,artist,673,spotify,spotify:artist:1h6Cn3P4NGzXbaXidqURXs
586,artist,674,spotify,spotify:artist:3hteYQFiMFbJY7wS0xDymP
587,artist,675,spotify,spotify:artist:15UsOTVnJzReFVN1VCnxy4
588,artist,676,spotify,spotify:artist:5aIqB5nVVvmFsvSdExz408
589,artist,677,spotify,spotify:artist:04gDigrS5kc9YWfZHwBETP
590,artist,678,spotify,spotify:artist:1Bl6wpkWCQ4KVgnASpvzzA
591,artist,679,spotify,spotify:artist:0UF7XLthtbSF2Eur7559oV
592,artist,680,spotify,spotify:artist:2jku7tDXc6XoB6MO2hFuqg
593,artist,681,spotify,spotify:artist:7rkW85dBwwrJtlHRDkJDAC
594,artist,682,spotify,spotify:artist:7kMlhdJrOP9Q1yQngmELcP
595,artist,683,spotify,spotify:artist:7nzSoJISlVJsn7O0yTeMOB
596,artist,684,spotify,spotify:artist:3yGeOkXjCDmbjPim19SBmP
597,artist,685,spotify,spotify:artist:5rOkxO8Va1CnXhF7nrHMrU
598,artist,686,spotify,spotify:artist:0OzxPXyowUEQ532c9AmHUR
599,artist,687,spotify,spotify:artist:2IK173RXLiCSQ8fhDlAb3s
600,artist,688,spotify,spotify:artist:7aFTOGFDEqDtJUCziLVsVC
601,artist,689,spotify,spotify:artist:5MbNzCW3qokGyoo9giHA3V
602,artist,690,spotify,spotify:artist:3YTUk9oIDoAe5VFfgUS5UL
603,artist,691,spotify,spotify:artist:1o1szEyRkKUmDfqHOsU9b5
604,artist,692,spotify,spotify:artist:1iNqsUDUraNWrj00bqssQG
605,artist,693,spotify,spotify:artist:5j93hwFBNo29RJMsWvtzj8
606,artist,694,spotify,spotify:artist:427e5CiqmL4TmWb5Zvax7U
607,artist,695,spotify,spotify:artist:3c0gDdb9lhnHGFtP4prQpn
608,artist,696,spotify,spotify:artist:5usbqiU7sjvszjWecANDL6
609,artist,697,spotify,spotify:artist:40ZElxHldNyvn7x8WRC6fh
610,artist,698,spotify,spotify:artist:0w6RC05k5Xk5Gzs0KUtAu2
611,artist,699,spotify,spotify:artist:1GwxXgEc6oxCKQ5wykWXFs
612,artist,701,spotify,spotify:artist:5agXR9PXcQ3whCRLu8LeeN
613,artist,702,spotify,spotify:artist:2XKXuLdjmigGQx286z07ZZ
614,artist,703,spotify,spotify:artist:3YebotmWYFiED1bx82XBmB
615,artist,704,spotify,spotify:artist:0xTcxl35DKXUeYRWqY10w6
616,artist,705,spotify,spotify:artist:70gP6Ry4Uo0Yx6uzPIdaiJ
617,artist,706,spotify,spotify:artist:08ir3R5W3Str9JizW5eht4
618,artist,707,spotify,spotify:artist:4cUkGQyhLFqKHBtL58HYVp
619,artist,708,spotify,spotify:artist:3s7WzrEs4FkNObqj4WyfQm
620,artist,709,spotify,spotify:artist:7tYKF4w9nC0nq9CsPZTHyP
621,artist,710,spotify,spotify:artist:5wTAi7QkpP6kp8a54lmTOq
622,artist,711,spotify,spotify:artist:5WIoytpqi3VWoFSHnl49in
623,artist,712,spotify,spotify:artist:4V8LLVI7PbaPR0K2TGSxFF
624,artist,713,spotify,spotify:artist:7CajNmpbOovFoOoasH2HaY
625,artist,714,spotify,spotify:artist:0hEurMDQu99nJRq8pTxO14
626,artist,715,spotify,spotify:artist:3UjPnt2nRmw10N58bBeNOg
627,artist,716,spotify,spotify:artist:6I3MElirhT5t6Kf7p0hGk9
628,artist,717,spotify,spotify:artist:30FDJPN3RtwJZ20g5YGCRX
629,artist,718,spotify,spotify:artist:74KM79TiuVKeVCqs8QtB0B
630,artist,720,spotify,spotify:artist:3NgwMzys77S7sgfh2W5k0V
631,artist,721,spotify,spotify:artist:5Qi4Bb7a8C0a00NZcA77L0
632,artist,722,spotify,spotify:artist:2B4ZHz4QDWJTXPFPgO5peE
633,artist,723,spotify,spotify:artist:6uvHjbvYhxT5K481Ph53H1
634,artist,724,spotify,spotify:artist:5SXuuuRpukkTvsLuUknva1
635,artist,725,spotify,spotify:artist:6XpXnnKHIhCOUbOLOJGe6o
636,artist,726,spotify,spotify:artist:00sazWvoTLOqg5MFwC68Um
637,artist,727,spotify,spotify:artist:6UEYawMcp2M4JFoXVOtZEq
638,artist,728,spotify,spotify:artist:7GMpkbegUlL4UvUe5w47zu
639,artist,729,spotify,spotify:artist:0jrFMgW018F1XVnLtCXOKi
640,artist,730,spotify,spotify:artist:7B4hKK0S9QYnaoqa9OuwgX
641,artist,731,spotify,spotify:artist:4oAJ4PcUscttZvT2beypMS
642,artist,732,spotify,spotify:artist:25TKXk9zo9yk0HMJQ3TuE9
643,artist,733,spotify,spotify:artist:5lpH0xAS4fVfLkACg9DAuM
644,artist,734,spotify,spotify:artist:2wzMOQwNT6ZvVB4amvhFAH
645,artist,735,spotify,spotify:artist:54R6Y0I7jGUCveDTtI21nb
646,artist,736,spotify,spotify:artist:391oLRVmoTkumiN79HkTWu
647,artist,737,spotify,spotify:artist:4cPHsZM98sKzmV26wlwD2W
648,artist,738,spotify,spotify:artist:2iE18Oxc8YSumAU232n4rW
649,artist,740,spotify,spotify:artist:7CyeXFnOrfC1N6z4naIpgo
650,artist,741,spotify,spotify:artist:43ZHCT0cAZBISjO8DG9PnE
651,artist,742,spotify,spotify:artist:6ZjFtWeHP9XN7FeKSUe80S
652,artist,743,spotify,spotify:artist:49e4v89VmlDcFCMyDv9wQ9
653,artist,744,spotify,spotify:artist:2lolQgalUvZDfp5vvVtTYV
654,artist,745,spotify,spotify:artist:4sj6D0zlMOl25nprDJBiU9
655,artist,746,spotify,spotify:artist:602DnpaSXJB4b9DZrvxbDc
656,artist,747,spotify,spotify:artist:3qUMmh5biaB5hqpF4LqS3m
657,artist,748,spotify,spotify:artist:7v4imS0moSyGdXyLgVTIV7
658,artist,749,spotify,spotify:artist:3ESG6pj6a0LvUKklENalT6
659,artist,750,spotify,spotify:artist:5v8jlSmAQfrkTjAlpUfWtu
660,artist,751,spotify,spotify:artist:0oGo1uX2IixGBLb3fsiVnK
661,artist,752,spotify,spotify:artist:7rewR1TVjhisjI6gauUamf
662,artist,753,spotify,spotify:artist:38EmEgXkgK51MT2tPY0EoC
663,artist,754,spotify,spotify:artist:0MHgLfmQdutffmvWe5XBTN
664,artist,755,spotify,spotify:artist:6KWcxMWVNVIYbdOQyJtsSy
665,artist,756,spotify,spotify:artist:2Ev0e8GUIX4u7d9etNLTXg
666,artist,757,spotify,spotify:artist:6TKOZZDd5uV5KnyC5G4MUt
667,artist,758,spotify,spotify:artist:17XXKfRBMCWvLrqGoNkJXm
668,artist,759,spotify,spotify:artist:60JUOTnRuDTetm7Hiwonev
669,artist,760,spotify,spotify:artist:562Od3CffWedyz2BbeYWVn
670,artist,761,spotify,spotify:artist:1FqG6mhiJbhbMg43ohCT6D
671,artist,762,spotify,spotify:artist:3cqIsBnzV3BabbPWKz8Txf
672,artist,763,spotify,spotify:artist:2nvKpWcP8etYTq4JrRiUiy
673,artist,764,spotify,spotify:artist:46n0cAhBmsRJZiX6GSFmbf
674,artist,765,spotify,spotify:artist:284fAcjDaBYlPBLZnQkZU0
675,artist,766,spotify,spotify:artist:2RpHsROrX075xfIwHn6B2U
676,artist,767,spotify,spotify:artist:26AHtbjWKiwYzsoGoUZq53
677,artist,768,spotify,spotify:artist:1mZu3rO7qSD09GdDpePHhY
678,artist,769,spotify,spotify:artist:4S9EykWXhStSc15wEx8QFK
679,artist,770,spotify,spotify:artist:5V0MlUE1Bft0mbLlND7FJz
680,artist,771,spotify,spotify:artist:32r72WOqqRO1DtSznId7Lr
681,artist,772,spotify,spotify:artist:6w6z8m4WXX7Tub4Rb6Lu7R
682,artist,773,spotify,spotify:artist:5fbhwqYYh4YwUoEs582mq5
683,artist,774,spotify,spotify:artist:2ry5nwK1VNmh5zMZpmOAyc
684,artist,775,spotify,spotify:artist:3oDbviiivRWhXwIE8hxkVV
685,artist,776,spotify,spotify:artist:4E5eAkpbJLO40r8fWNWm6X
686,artist,777,spotify,spotify:artist:5OHQVYwgwdHpfIxSJGfV26
687,artist,778,spotify,spotify:artist:06s35sbFfZJUEwFjAaZfiW
688,artist,779,spotify,spotify:artist:3z3g65U7mmyyBmmDfsQK9x
689,artist,781,spotify,spotify:artist:5Matrg5du62bXwer29cU5T
690,artist,782,spotify,spotify:artist:6KVPfr3ujUkKOrJf4QeRWD
691,artist,783,spotify,spotify:artist:32rMw3yVNNy9AF8gZ6505i
692,artist,784,spotify,spotify:artist:4pmNqFu71wEmFXSsYAiWK8
693,artist,785,spotify,spotify:artist:2MG7NjBnZsaiKekJ0Q2z89
694,artist,786,spotify,spotify:artist:4dCoC3RrPpjIgrF3LfIBB8
695,artist,787,spotify,spotify:artist:4X3nIh5dynzfAQmy1Z5hXI
696,artist,788,spotify,spotify:artist:4sb7rZNN93BSS6Gqgepo4v
697,artist,789,spotify,spotify:artist:3QJzdZJYIAcoET1GcfpNGi
698,artist,790,spotify,spotify:artist:6XcwORNA1nI6ufMLMzZWY1
699,artist,791,spotify,spotify:artist:7h8ja4JSORo2sXJPmCXRxa
700,artist,792,spotify,spotify:artist:6AMa1VFQ7qCi61tCRtVWXe
701,artist,793,spotify,spotify:artist:07d5etnpjriczFBB8pxmRe
702,artist,794,spotify,spotify:artist:5ihY290YPGc3aY2xTyx7Gy
703,artist,795,spotify,spotify:artist:34MYamymtmnsmpwbqydd7I
704,artist,796,spotify,spotify:artist:7KkUirCiJZhgRN3NbgG98L
705,artist,797,spotify,spotify:artist:7jzR5qj8vFnSu5JHaXgFEr
706,artist,798,spotify,spotify:artist:5U827e4jbYz6EjtN0fIDt9
707,artist,799,spotify,spotify:artist:6cg7ooZDeSSLYVTWGpASjX
708,artist,800,spotify,spotify:artist:5B7uXBeLc2TkR5Jk23qKIZ
709,artist,801,spotify,spotify:artist:1Z3fF5lZdCM0ZHugkGoH8s
710,artist,802,spotify,spotify:artist:4RnBFZRiMLRyZy0AzzTg2C
711,artist,803,spotify,spotify:artist:2dBj3prW7gP9bCCOIQeDUf
712,artist,804,spotify,spotify:artist:6nxWCVXbOlEVRexSbLsTer
713,artist,805,spotify,spotify:artist:2UqjDAXnDxejEyE0CzfUrZ
714,artist,806,spotify,spotify:artist:4kHtgiRnpmFIV5Tm4BIs8l
715,artist,808,spotify,spotify:artist:0huGjMyP507tBCARyzSkrv
716,artist,811,spotify,spotify:artist:6n7nd5iceYpXVwcx8VPpxF
717,artist,812,spotify,spotify:artist:3MKCzCnpzw3TjUYs2v7vDA
718,artist,813,spotify,spotify:artist:57vWImR43h4CaDao012Ofp
719,artist,814,spotify,spotify:artist:2xvtxDNInKDV4AvGmjw6d1
720,artist,815,spotify,spotify:artist:67gqUXxHedeUGDTxwBzdjS
721,artist,816,spotify,spotify:artist:6yJ6QQ3Y5l0s0tn7b0arrO
722,artist,817,spotify,spotify:artist:3nf2EaHj8HikLNdaiW3v73
723,artist,818,spotify,spotify:artist:65dGLGjkw3UbddUg2GKQoZ
724,artist,819,spotify,spotify:artist:7Hjbimq43OgxaBRpFXic4x
725,artist,820,spotify,spotify:artist:294lNTPZfdqyzt8qnxmFiL
726,artist,821,spotify,spotify:artist:1URnnhqYAYcrqrcwql10ft
727,artist,822,spotify,spotify:artist:3wyVrVrFCkukjdVIdirGVY
728,artist,823,spotify,spotify:artist:757aE44tKEUQEqRuT6GnEB
729,artist,824,spotify,spotify:artist:5f7VJjfbwm532GiveGC0ZK
730,artist,825,spotify,spotify:artist:0YinUQ50QDB7ZxSCLyQ40k
731,artist,826,spotify,spotify:artist:6i392l38cR3uBPF0DbNs7S
732,artist,827,spotify,spotify:artist:0WK3H9OErSn5zKOkOV5egm
733,artist,828,spotify,spotify:artist:4r63FhuTkUYltbVAg5TQnk
734,artist,829,spotify,spotify:artist:5olrQpDroHT7sjmYWMLivy
735,artist,830,spotify,spotify:artist:7A8S43ryYdbWpJKeHRZRcq
736,artist,831,spotify,spotify:artist:4Ga1P7PMIsmqEZqhYZQgDo
737,artist,832,spotify,spotify:artist:7wlFDEWiM5OoIAt8RSli8b
738,artist,833,spotify,spotify:artist:6C1ohJrd5VydigQtaGy5Wa
739,artist,834,spotify,spotify:artist:6Av6GMCOznZIlHuNcBWgf4
740,artist,835,spotify,spotify:artist:42yf4QkiE9a252krn9OUCb
741,artist,836,spotify,spotify:artist:2PaZWGu5T5nHjY2xxAkFsT
742,artist,837,spotify,spotify:artist:1zb5zmIuX2lTbzcn7YeQlg
743,artist,838,spotify,spotify:artist:430byzy0c5bPn5opiu0SRd
744,artist,839,spotify,spotify:artist:6qWkHLpJ0T1fQGbqN1HWtD
745,artist,840,spotify,spotify:artist:7yO4IdJjCEPz7YgZMe25iS
746,artist,841,spotify,spotify:artist:2rwALQ1SXdfUWPUd6WOfYS
747,artist,842,spotify,spotify:artist:2RDOrhPqAM4jzTRCEb19qX
748,artist,843,spotify,spotify:artist:0ErzCpIMyLcjPiwT4elrtZ
749,artist,844,spotify,spotify:artist:3Y7RZ31TRPVadSFVy1o8os
750,artist,845,spotify,spotify:artist:7HkdQ0gt53LP4zmHsL0nap
751,artist,846,spotify,spotify:artist:7Mws36yO3takBR2WMsXOkM
752,artist,847,spotify,spotify:artist:3ZMur3elMyOs248ah86NRk
753,artist,848,spotify,spotify:artist:5schNIzWdI9gJ1QRK8SBnc
754,artist,849,spotify,spotify:artist:7FBDXY8U17aasVTH3rgxbS
755,artist,850,spotify,spotify:artist:7MigDh04CCntQbsBvugEmb
756,artist,851,spotify,spotify:artist:0htlZDCG9I8LSENteF1TyQ
757,artist,852,spotify,spotify:artist:0O6xHOwK7SOAWec4enHsxr
758,artist,853,spotify,spotify:artist:5Rzqmz1zAszembFHGZQuAt
759,artist,854,spotify,spotify:artist:2ANtgfhQkKpsW6EYSDqldz
760,artist,855,spotify,spotify:artist:3meioy7GWDwpwmjv2LPyAb
761,artist,856,spotify,spotify:artist:1wlzPS1hSNrkriIIwLFTmU
762,artist,857,spotify,spotify:artist:758sHPdw5FpB5ZM8f5MpXe
763,artist,858,spotify,spotify:artist:0wXQORjv4ChlykdyzWUJ4X
764,artist,859,spotify,spotify:artist:7eVbT3G1ggf2sz6s7ZV0Ap
765,artist,860,spotify,spotify:artist:1P8IfcNKwrkQP5xJWuhaOC
766,artist,861,spotify,spotify:artist:1Ge3vIf7fVNiFMIaGn1FKn
767,artist,862,spotify,spotify:artist:1GEoiQQ2FFc6wbxViFecg8
768,artist,863,spotify,spotify:artist:4IsiG6RpDyRq6Frd2CvddW
769,artist,864,spotify,spotify:artist:0AHoE4L0FSU0XzYjVnNRUa
770,artist,865,spotify,spotify:artist:5OrB6Jhhrl9y2PK0pSV4VP
771,artist,866,spotify,spotify:artist:6AgTAQt8XS6jRWi4sX7w49
772,artist,867,spotify,spotify:artist:137W8MRPWKqSmrBGDBFSop
773,artist,868,spotify,spotify:artist:17lzZA2AlOHwCwFALHttmp
774,artist,869,spotify,spotify:artist:4596e2d3KmYzAeVenjCxfj
775,artist,870,spotify,spotify:artist:2WPn0emjr8XPmMOT0bBcPe
776,artist,871,spotify,spotify:artist:5gtpUC889sWVXQUobHFyrA
777,artist,872,spotify,spotify:artist:0Y6dVaC9DZtPNH4591M42W
778,artist,873,spotify,spotify:artist:61JrslREXq98hurYL2hYoc
779,artist,874,spotify,spotify:artist:47zz7sob9NUcODy0BTDvKx
780,artist,875,spotify,spotify:artist:3m7Ej9zfNto7JOsjKsYhEr
781,artist,876,spotify,spotify:artist:75DsjkCdxGmvitG1tqqBkL
782,artist,877,spotify,spotify:artist:6q3p11nP1p80Ey6LrOOSed
783,artist,878,spotify,spotify:artist:4c2ighP1wj8E5dVGJDCOiB
784,artist,879,spotify,spotify:artist:2WKdxPFRD7IqZvlIAvhMgY
785,artist,880,spotify,spotify:artist:2BYHpYwXO4zi36Tf3pEH5n
786,artist,881,spotify,spotify:artist:1grN0519h2zYqpRtYbDZAl
787,artist,882,spotify,spotify:artist:0VRj0yCOv2FXJNP47XQnx5
788,artist,883,spotify,spotify:artist:67POQUr9E4V8GpQxqQ5d8I
789,artist,884,spotify,spotify:artist:5itdSz26wZC57bo3dhQTPq
790,artist,885,spotify,spotify:artist:5oifjQw72WO7Jut07fVWMy
791,artist,886,spotify,spotify:artist:3yvCFkK57FXH7JIwZQ5CmU
792,artist,887,spotify,spotify:artist:6jeg7JBX9J9097esK752iR
793,artist,888,spotify,spotify:artist:62DmErcU7dqZbJaDqwsqzR
794,artist,889,spotify,spotify:artist:7mDU6nMUJnOSY2Hkjz5oqM
795,artist,890,spotify,spotify:artist:1C6G15UmVQMDGpYbdsf1Oi
796,artist,891,spotify,spotify:artist:1pPmIToKXyGdsCF6LmqLmI
797,artist,892,spotify,spotify:artist:4MCBfE4596Uoi2O4DtmEMz
798,artist,893,spotify,spotify:artist:2rhFzFmezpnW82MNqEKVry
799,artist,894,spotify,spotify:artist:6icQOAFXDZKsumw3YXyusw
800,artist,895,spotify,spotify:artist:3Gm5F95VdRxW3mqCn8RPBJ
801,artist,896,spotify,spotify:artist:5G2bin17kewcOvJbA5MHWx
802,artist,897,spotify,spotify:artist:31HjiqargV4NAw4GZqUale
803,artist,898,spotify,spotify:artist:4fpwOzxFRMVGfd197dKIdY
804,artist,899,spotify,spotify:artist:34ABXKUj0gzq7R8vXjCaNj
805,artist,901,spotify,spotify:artist:7352aRY2mqSxBZwzUb6LmA
806,artist,902,spotify,spotify:artist:64KEffDW9EtZ1y2vBYgq8T
807,artist,903,spotify,spotify:artist:7qKJMpPZfyGHHwPgsjgFCP
808,artist,904,spotify,spotify:artist:3hcs9uc56yIGFCSy9leWe7
809,artist,905,spotify,spotify:artist:5cM1PvItlR21WUyBnsdMcn
810,artist,906,spotify,spotify:artist:3lLHpTOJ11tWiUNGYN14gt
811,artist,907,spotify,spotify:artist:2cMVIRpseAO7fJAxNfg6rD
812,artist,908,spotify,spotify:artist:7H3z77VbkJcCcFilmKqKNM
813,artist,909,spotify,spotify:artist:5oSCIcpPdrO3UhTMATxkYL
814,artist,910,spotify,spotify:artist:67pW04a6jpdQR2yWqjcfxs
815,artist,911,spotify,spotify:artist:2mQLwfvZtvtTbipKn3xHmK
816,artist,912,spotify,spotify:artist:1U1el3k54VvEUzo3ybLPlM
817,artist,913,spotify,spotify:artist:2848adRcxvgWNRcz1g1tQD
818,artist,914,spotify,spotify:artist:6IjhOxJSTPh15KgFTSZ68K
819,artist,915,spotify,spotify:artist:4oDjh8wNW5vDHyFRrDYC4k
820,artist,916,spotify,spotify:artist:0sXhBmVgBTDxkQb8CUbhhR
821,artist,917,spotify,spotify:artist:1e6qS5wkNPTSaYfds8G150
822,artist,918,spotify,spotify:artist:5XJa2DE4NkXH5m4aHzM0i9
823,artist,919,spotify,spotify:artist:70rSvlI9SRspEr0C84bJ5Q
824,artist,920,spotify,spotify:artist:1RlBttuJAY33jcaL1TOlUw
825,artist,921,spotify,spotify:artist:3tJoFztHeIJkJWMrx0td2f
826,artist,922,spotify,spotify:artist:5IbEL2xjRtKsunfmsahLuO
827,artist,923,spotify,spotify:artist:354bn1gKNGwig4UD80Lytn
828,artist,924,spotify,spotify:artist:2a0uxJgbvvIRI4GX8pYfcr
829,artist,925,spotify,spotify:artist:5H4yInM5zmHqpKIoMNAx4r
830,artist,926,spotify,spotify:artist:3iAhNz3e31lBuXYOsqGsf3
831,artist,927,spotify,spotify:artist:2uNmS44lGiSLAV7R7jjbbh
832,artist,928,spotify,spotify:artist:06HL4z0CvFAxyc27GXpf02
833,artist,929,spotify,spotify:artist:46pWGuE3dSwY3bMMXGBvVS
834,artist,930,spotify,spotify:artist:0Q8NcsJwoCbZOHHW63su5S
835,artist,931,spotify,spotify:artist:4obzFoKoKRHIphyHzJ35G3
836,artist,932,spotify,spotify:artist:1OFOShsIbhy1l5x73yuVyB
837,artist,933,spotify,spotify:artist:6fKiutMtRIcxi4zEau0BuI
838,artist,934,spotify,spotify:artist:1aB6c7RYaEg0YVD6mcH424
839,artist,935,spotify,spotify:artist:6BH1xcDkwbbyrLMUKECsW1
840,artist,936,spotify,spotify:artist:1Uff91EOsvd99rtAupatMP
841,artist,937,spotify,spotify:artist:01ngcjkCXOFGBB3UVG3saM
842,artist,938,spotify,spotify:artist:2p0Hf0MF8Nw8lwAXokczf0
843,artist,939,spotify,spotify:artist:5TAipisjquAkq2o7lzMJyc
844,artist,940,spotify,spotify:artist:5XJDexmWFLWOkjOEjOVX3e
845,artist,941,spotify,spotify:artist:2LIk90788K0zvyj2JJVwkJ
846,artist,942,spotify,spotify:artist:0P8YNJXX7QeQ8iZIUCXJgi
847,artist,943,spotify,spotify:artist:28WNtilgFPn1mdz3h0FjHl
848,artist,944,spotify,spotify:artist:3yDDYheQFqfhKZXdjFQuuP
849,artist,945,spotify,spotify:artist:4lhUHpVOXmkEBGGHV71QCh
850,artist,946,spotify,spotify:artist:4UAnAM35NDxEWd5WXKv7jM
851,artist,947,spotify,spotify:artist:39Oq22GIYJKzgCbCDbOnRl
852,artist,948,spotify,spotify:artist:3AXcevvp1Kd1KEyHiUEsrC
853,artist,949,spotify,spotify:artist:76ZKj6Zpca7s7hXA7d8Lao
854,artist,950,spotify,spotify:artist:0KRoepd5Q7vse8ehKnQdmk
855,artist,951,spotify,spotify:artist:7hFdUW64G4iU1tz46ITRfN
856,artist,952,spotify,spotify:artist:73A3bLnfnz5BoQjb4gNCga
857,artist,953,spotify,spotify:artist:0pkLgeB9j465x1QB2kRoy4
858,artist,954,spotify,spotify:artist:1YFLNH4rO40x9i16RpLwdY
859,artist,955,spotify,spotify:artist:0dns940bo2pILe1Flk0WH3
860,artist,956,spotify,spotify:artist:37YzpfBeFju8QRZ3g0Ha1Q
861,artist,957,spotify,spotify:artist:1Ma3pJzPIrAyYPNRkp3SUF
862,artist,958,spotify,spotify:artist:5tYqFEuFELxnJZgGmmsfSh
863,artist,959,spotify,spotify:artist:4W1v5X4x0ObMOJVJreZX3k
864,artist,960,spotify,spotify:artist:6jOz2B9qeID4dLP1o8bFGf
865,artist,961,spotify,spotify:artist:2JW9UTb6ViFLYf7VQxBJqD
866,artist,962,spotify,spotify:artist:7mUVnGytPPHutpannTtoSu
867,artist,963,spotify,spotify:artist:6UmSaezn2PkFJqzOggxPDT
868,artist,964,spotify,spotify:artist:4aEnNH9PuU1HF3TsZTru54
869,artist,965,spotify,spotify:artist:2iT8KIetokMHRjhj8dJuNn
870,artist,966,spotify,spotify:artist:5l9wiTZVfqQTfMDOt0HtwC
871,artist,967,spotify,spotify:artist:2N8IPNZTiNo3nj4mreOlHU
872,artist,968,spotify,spotify:artist:0NIIxcxNHmOoyBx03SfTCD
873,artist,969,spotify,spotify:artist:2FwJwEswyIUAljqgjNSHgP
874,artist,970,spotify,spotify:artist:0RESbWvOMyua0yuyVrztJ5
875,artist,971,spotify,spotify:artist:0eDvMgVFoNV3TpwtrVCoTj
876,artist,972,spotify,spotify:artist:7f35VZGDpomj11PXdNn5D9
877,artist,973,spotify,spotify:artist:6wPhSqRtPu1UhRCDX5yaDJ
878,artist,974,spotify,spotify:artist:6Wq6nr8f7BRhK08E1jhGu2
879,artist,976,spotify,spotify:artist:6eXZu6O7nAUA5z6vLV8NKI
880,artist,977,spotify,spotify:artist:2aazH0SENkZ02x5bbQh5zU
881,artist,978,spotify,spotify:artist:27WVFBOddxovimxMmBN4fb
882,artist,979,spotify,spotify:artist:2CaWJMR1eyvq8n5h96ggJC
883,artist,980,spotify,spotify:artist:5Q81rlcTFh3k6DQJXPdsot
884,artist,981,spotify,spotify:artist:459INk8vcC0ebEef82WjIK
885,artist,982,spotify,spotify:artist:436sYg6CZhNefQJogaXeK0
886,artist,983,spotify,spotify:artist:6MSSA5OXTmQuvYNWKxiTyi
887,artist,984,spotify,spotify:artist:4zimpMiJxY9JRbG9XcLNrd
888,artist,985,spotify,spotify:artist:6MPCFvOQv5cIGfw3jODMF0
889,artist,986,spotify,spotify:artist:49Q3FHfOqTmGRnCgF2hDo6
890,artist,987,spotify,spotify:artist:1sLpCr5xThZkGHLw4H0mNE
891,artist,988,spotify,spotify:artist:0TORlmlTHaneG9k4nWPn0V
892,artist,989,spotify,spotify:artist:1JOQXgYdQV2yfrhewqx96o
893,artist,990,spotify,spotify:artist:1p6wR69pnH9LBWZvwliuz2
894,artist,991,spotify,spotify:artist:1M9AXZkNPdOd1IPEsQsXnT
895,artist,992,spotify,spotify:artist:6203wnH5ZX6U1s3CYacHKx
896,artist,993,spotify,spotify:artist:78sEozQOEJxzXegUuqRSgH
897,artist,994,spotify,spotify:artist:2RH4zVV2q0H5iVnfSl7XFz
898,artist,995,spotify,spotify:artist:3ho167y1Ac7ANj2qkbJUCJ
899,artist,996,spotify,spotify:artist:5rOvSoL9r04sxBQxg08Kqm
900,artist,997,spotify,spotify:artist:2VX0o9LDIVmKIgpnwdJpOJ
901,artist,998,spotify,spotify:artist:4DHLoiIqFYYFjH09WduvFd
902,artist,999,spotify,spotify:artist:4V4Z3qMCwYofWHtip6ePF6
903,artist,1000,spotify,spotify:artist:5FxD8fkQZ6KcsSYupDVoSO
904,artist,1001,spotify,spotify:artist:7EVtRX3E2y1wcAwd2YituJ
905,artist,1002,spotify,spotify:artist:4qIVPF0s71ZYW3qzhu5GkF
906,artist,1003,spotify,spotify:artist:5H5W5vmpQSBmQv1uMVor61
907,artist,1004,spotify,spotify:artist:5xJ9q1lHwa8AShRof94oIt
908,artist,1005,spotify,spotify:artist:1RFUrCY2wxQaLw6NjAnnT7
909,artist,1006,spotify,spotify:artist:1F32IriH9KUZxZzUoxeQub
910,artist,1007,spotify,spotify:artist:4qLyv8RotSOSjWze2rJD7O
911,artist,1008,spotify,spotify:artist:69cjjIQEN8M6heOBT2SqZE
912,artist,1009,spotify,spotify:artist:1bKtP3B1PRR916WGM3Morj
913,artist,1010,spotify,spotify:artist:3ZXBbe1WF1PfwggpEOcips
914,artist,1011,spotify,spotify:artist:1UirLyIwdIElsaGCp0W4Ym
915,artist,1012,spotify,spotify:artist:3TPr8KDYLfhwXdYOuUoFdi
916,artist,1013,spotify,spotify:artist:0QHgL1lAIqAw0HtD7YldmP
917,artist,1014,spotify,spotify:artist:4Ws5hSoABAwvGJ4LhHwHgq
918,artist,1015,spotify,spotify:artist:25Eab1kIY1gh0Yo1oV04G4
919,artist,1016,spotify,spotify:artist:6H9eOWeGZkU9alBUYqNR7Q
920,artist,1017,spotify,spotify:artist:6s1pCNXcbdtQJlsnM1hRIA
921,artist,1018,spotify,spotify:artist:7wqtxqI3eo7Gn1P7SpP6cQ
922,artist,1019,spotify,spotify:artist:3r0OeTcOw37N9juMYyyw39
923,artist,1020,spotify,spotify:artist:0QJIPDAEDILuo8AIq3pMuU
924,artist,1021,spotify,spotify:artist:3SozjO3Lat463tQICI9LcE
925,artist,1022,spotify,spotify:artist:4k1ELeJKT1ISyDv8JivPpB
926,artist,1023,spotify,spotify:artist:7K78lVZ8XzkjfRSI7570FF
927,artist,1024,spotify,spotify:artist:3qiHUAX7zY4Qnjx8TNUzVx
928,artist,1025,spotify,spotify:artist:3kgQKe2Mn4IBIedOVI69Qq
929,artist,1026,spotify,spotify:artist:1nO0SRSfsukVmUASnuravA
930,artist,1027,spotify,spotify:artist:2p0UyoPfYfI76PCStuXfOP
931,artist,1028,spotify,spotify:artist:6ELpC1O8p5SD9oiNvJurt5
932,artist,1029,spotify,spotify:artist:5orNfZhkmHQF6HCz3sTQ6l
933,artist,1030,spotify,spotify:artist:2QOIawHpSlOwXDvSqQ9YJR
934,artist,1031,spotify,spotify:artist:4XDJurjQCnWLlE7KLZCT9x
935,artist,1032,spotify,spotify:artist:0iqgjl0OG3z53PZVIB7ZyD
936,artist,1033,spotify,spotify:artist:6bwkMlweHsBCpI2a0C5nnN
937,artist,1034,spotify,spotify:artist:0xOeVMOz2fVg5BJY3N6akT
938,artist,1035,spotify,spotify:artist:3rWZHrfrsPBxVy692yAIxF
939,artist,1036,spotify,spotify:artist:7c0zOr4ffb5eteXrxWt7oB
940,artist,1037,spotify,spotify:artist:08RVkVEdLLoTgd5YbXHOIC
941,artist,1038,spotify,spotify:artist:1AwO9pWEBSBoWdEZu28XDC
942,artist,1039,spotify,spotify:artist:4fMFhhP8Sqi3WWiaoOm5QT
943,artist,1040,spotify,spotify:artist:3oJtOPrahfYye5Ffs05pYR
944,artist,1041,spotify,spotify:artist:3SB6ICG4p7cvBEjSLNSBMw
945,artist,1042,spotify,spotify:artist:2NpfQuA1kHiGx9LHgDx4p3
946,artist,1043,spotify,spotify:artist:5xmw30TV4tlHFIOH6HmPnd
947,artist,1044,spotify,spotify:artist:1IdNwXpBJIXak2tdHmICgT
948,artist,1045,spotify,spotify:artist:4rK2sefIZVrvpsz6MoXKvY
949,artist,1046,spotify,spotify:artist:44QGQt033sUjbeecDPn791
950,artist,1047,spotify,spotify:artist:72epe9asXn1RtuXkKrtBcE
951,artist,1048,spotify,spotify:artist:2M3GH9JFk7Z62j2XarUJ1g
952,artist,1049,spotify,spotify:artist:5x35NpbnjiEoY5sntHQLgr
953,artist,1050,spotify,spotify:artist:4OSxWbYWRbUZzmkKS6PRM4
954,artist,1051,spotify,spotify:artist:6skWyJ0S6yQ2bKBQb1klxo
955,artist,1052,spotify,spotify:artist:6ll13Y20dnndy8mAuF9tgk
956,artist,1053,spotify,spotify:artist:754IxKxKlDAQO5YATUAd6t
957,artist,1054,spotify,spotify:artist:4i2Ps9G6SHd16reEGA5xva
958,artist,1055,spotify,spotify:artist:6xOql32xqR0X46QkNLCzPd
959,artist,1056,spotify,spotify:artist:4dXJTtjTNvhUGdt2j7CU2M
960,artist,1057,spotify,spotify:artist:2MIg8Vq5NCa9AER8dbCFDG
961,artist,1058,spotify,spotify:artist:5P9IE3snjc1rSoMKPIjzod
962,artist,1059,spotify,spotify:artist:0BqBNOQfrBTClJMq6n03Mf
963,artist,1060,spotify,spotify:artist:0KZqPiOKt79SlPR6kzZUm2
964,artist,1061,spotify,spotify:artist:2BcQKRbEFJJaMcad1CRZ35
965,artist,1062,spotify,spotify:artist:3CXnbwsLsa3i13StMUzT37
966,artist,1063,spotify,spotify:artist:4FSVptHzrQg8goD1Evmdgo
967,artist,1064,spotify,spotify:artist:5QBHt7kiJsvbsdJx30kMhl
968,artist,1065,spotify,spotify:artist:1hyKcLTz5pzxyla8DxNTcs
969,artist,1066,spotify,spotify:artist:5UBpgvMO0TGIUiuD69RAP3
970,artist,1067,spotify,spotify:artist:1afLjwMvnNhyy6JpewWpeK
971,artist,1068,spotify,spotify:artist:2UHwvIXHdMtcmboouSQJ7k
972,artist,1069,spotify,spotify:artist:72SSLPJ7pQvCRIGGscVrnr
973,artist,1070,spotify,spotify:artist:07lLIhOAtuwjGaZ0goh3iO
974,artist,1071,spotify,spotify:artist:4lMgo5IwaCdF1fRSdubcUU
975,artist,1072,spotify,spotify:artist:2tVudUZYXpEdgAK3TDPYoH
976,artist,1073,spotify,spotify:artist:2zw8MpGMCASv0YfeAuUUzJ
977,artist,1074,spotify,spotify:artist:13xgTeeJ91pCS0JYRCL41b
978,artist,1076,spotify,spotify:artist:7apm9TJQ66v5ykLahf9B3U
979,artist,1077,spotify,spotify:artist:2UWIuNSfLubqitB2Kf0rAa
980,artist,1078,spotify,spotify:artist:2gC8FqAcOqWElBDNVIHbRm
981,artist,1079,spotify,spotify:artist:29EE6iBb3i7sWjsz410xbV
982,artist,1080,spotify,spotify:artist:5oITtTq61bt7N9ZvaJf7G7
983,artist,1081,spotify,spotify:artist:3ZOpJEdIEoBxNv0MWG5FB0
984,artist,1082,spotify,spotify:artist:2oImW6t3VIxRmM8DdwEH4w
985,artist,1083,spotify,spotify:artist:1zGhQhooGB9J162ncgrR68
986,artist,1084,spotify,spotify:artist:5nk8TLI3DoGV9Fyaa7V9JL
987,artist,1085,spotify,spotify:artist:4uWu7kqFidRgiqrLM5x1Vu
988,artist,1086,spotify,spotify:artist:3PGR6FLLZdC24ZKvow1IQQ
989,artist,1087,spotify,spotify:artist:257NeKIWsdypZxr0j4xnOs
990,artist,1088,spotify,spotify:artist:4pkV0vxYX43iSVbrQaFSO9
991,artist,1089,spotify,spotify:artist:1UxRQ4Luzf0P1b6zFjXk7N
992,artist,1090,spotify,spotify:artist:6jwFngKucSiFvC4ZnyNuSq
993,artist,1091,spotify,spotify:artist:2gClsBep1tt1rv1CN210SO
994,artist,1092,spotify,spotify:artist:2D7RkvtKKb6E5UmbjQM1Jd
995,artist,1093,spotify,spotify:artist:71szvmFWd7TUa7b6XmXj9k
996,artist,1094,spotify,spotify:artist:1i8SpTcr7yvPOmcqrbnVXY
997,artist,1095,spotify,spotify:artist:6cK3NBO6uP7hh0oyuVELFl
998,artist,1096,spotify,spotify:artist:7D6EsUlURRoWwvGj6eCqrK
999,artist,1097,spotify,spotify:artist:3EAHF3jdnHHdko5DBrhRUP
1000,artist,1098,spotify,spotify:artist:5FFtX4eFjh2vZQEl31d2XJ
1001,artist,1099,spotify,spotify:artist:08GQAI4eElDnROBrJRGE0X
1002,artist,1100,spotify,spotify:artist:4QQgXkCYTt3BlENzhyNETg
1003,artist,1101,spotify,spotify:artist:3YR92OLKlvkK5oKNekSqXe
1004,artist,1102,spotify,spotify:artist:0gxyHStUsqpMadRV0Di1Qt
1005,artist,1103,spotify,spotify:artist:3Dzj993UEz8Z5ovxuirzFO
1006,artist,1104,spotify,spotify:artist:4yvcSjfu4PC0CYQyLy4wSq
1007,artist,1105,spotify,spotify:artist:2gF5ozMajrL8gjPlA4Ej5x
1008,artist,1106,spotify,spotify:artist:1YuknfkSYTTbolRpwZBOv4
1009,artist,1107,spotify,spotify:artist:0UoEMuGYplZvgcwHbAcmbR
1010,artist,1108,spotify,spotify:artist:50MREZ0LJcSvrtKuyTV8Su
1011,artist,1109,spotify,spotify:artist:656RXuyw7CE0dtjdPgjJV6
1012,artist,1110,spotify,spotify:artist:5goS0v24Fc1ydjCKQRwtjM
1013,artist,1111,spotify,spotify:artist:71Ur25Abq58vksqJINpGdx
1014,artist,1112,spotify,spotify:artist:19eLuQmk9aCobbVDHc6eek
1015,artist,1113,spotify,spotify:artist:420BtT2Zyze7Eb9zqHcliW
1016,artist,1114,spotify,spotify:artist:6u17YlWtW4oqFF5Hn9UU79
1017,artist,1115,spotify,spotify:artist:5MpELOfAiq7aIBTij30phD
1018,artist,1116,spotify,spotify:artist:7IbO8NvxclKsk7WTOZ42bv
1019,artist,1117,spotify,spotify:artist:4CtUFJa0pKiJ1EMkGOmfo8
1020,artist,1118,spotify,spotify:artist:2hdWa1ITLNBBtU5CM0m2Jg
1021,artist,1119,spotify,spotify:artist:2gz2JVR5uz2pV7XgGOkoQB
1022,artist,1120,spotify,spotify:artist:3soQqRQIgqqYLTR62pZ8mK
1023,artist,1121,spotify,spotify:artist:2utgbFODWxZ6ZPLVhRaToA
1024,artist,1122,spotify,spotify:artist:6rrwIOOzyvn76SDbkxjIjS
1025,artist,1123,spotify,spotify:artist:5gYIhpLwCYoxh3V8KANZpI
1026,artist,1124,spotify,spotify:artist:0hItVPjwJLVZrFqOyIsxPf
1027,artist,1125,spotify,spotify:artist:2aAHdB5HweT3mFcRzm0swc
1028,artist,1126,spotify,spotify:artist:4iRZAbYvBqnxrbs6K25aJ7
1029,artist,1127,spotify,spotify:artist:2yvPlnxRWTogtl4YdUSaIO
1030,artist,1128,spotify,spotify:artist:2A6ZMBA2Ktyri2XacopkuO
1031,artist,1129,spotify,spotify:artist:4sQVPSDmfqIxG9W8o2EROX
1032,artist,1130,spotify,spotify:artist:5tzixIjD4uBPCqZTljYvQi
1033,artist,1131,spotify,spotify:artist:5bOsFzuJ6QZMr86ezC4oXY
1034,artist,1132,spotify,spotify:artist:7e9843xr17L5hRYAti3dtG
1035,artist,1133,spotify,spotify:artist:1tawCzlbH40c30eztzufSu
1036,artist,1134,spotify,spotify:artist:4r6DXcqtllstKwEx3ndKMj
1037,artist,1135,spotify,spotify:artist:1YzCsTRb22dQkh9lghPIrp
1038,artist,1136,spotify,spotify:artist:3wTIZkM67FbgrIjhxGjgpu
1039,artist,1137,spotify,spotify:artist:42Vmza0WYHdhsgxFmf9Tui
1040,artist,1138,spotify,spotify:artist:69lxxQvsfAIoQbB20bEPFC
1041,artist,1139,spotify,spotify:artist:0OcclcP5o8VKH2TRqSY2A7
1042,artist,1140,spotify,spotify:artist:33X2jfLSVyDevoksJjRZoS
1043,artist,1141,spotify,spotify:artist:6UCQYrcJ6wab6gnQ89OJFh
1044,artist,1142,spotify,spotify:artist:57n1OF36WvtOeATY6WQ6iw
1045,artist,1143,spotify,spotify:artist:5KKpBU5eC2tJDzf0wmlRp2
1046,artist,1144,spotify,spotify:artist:3WTrdbZU99dgTtt3ZkyamT
1047,artist,1145,spotify,spotify:artist:7l2FiFYlAAGETVO3KXAjOs
1048,artist,1146,spotify,spotify:artist:1YZhNFBxkEB5UKTgMDvot4
1049,artist,1147,spotify,spotify:artist:08PvCOlef4xdOr20jFSTPd
1050,artist,1148,spotify,spotify:artist:3XqsvVsJuMXQsfVwpYZLFZ
1051,artist,1149,spotify,spotify:artist:5KeUHRKEYWc5cFO5V032sb
1052,artist,1150,spotify,spotify:artist:5AKZimIhSv9dORIVH1MChg
1053,artist,1151,spotify,spotify:artist:4mm75daHEWglWMaBfNcATW
1054,artist,1152,spotify,spotify:artist:25OpIkirunuJjVw6TgTV9M
1055,artist,1153,spotify,spotify:artist:1QL7yTHrdahRMpvNtn6rI2
1056,artist,1154,spotify,spotify:artist:0g0ZYLiNYI4kMg8MX76bkN
1057,artist,1155,spotify,spotify:artist:4P70aqttdpJ9vuYFDmf7f6
1058,artist,1156,spotify,spotify:artist:59fmHoaOxOnODm09irzD8H
1059,artist,1157,spotify,spotify:artist:59tB1HQpVWYAWjf336uqky
1060,artist,1158,spotify,spotify:artist:5HxKnkQbaDADLFl2ZOAKqk
1061,artist,1159,spotify,spotify:artist:315KRsFj1cPJewYIbaH978
1062,artist,1160,spotify,spotify:artist:4xPQFgDA5M2xa0ZGo5iIsv
1063,artist,1161,spotify,spotify:artist:5j4HeCoUlzhfWtjAfM1acR
1064,artist,1162,spotify,spotify:artist:3ycxRkcZ67ALN3GQJ57Vig
1065,artist,1163,spotify,spotify:artist:3QTDHixorJelOLxoxcjqGx
1066,artist,1164,spotify,spotify:artist:6lTiYE2IL4FUqf0CgGjI5i
1067,artist,1165,spotify,spotify:artist:7dpSIP6tbo4EEovVDCpfCJ
1068,artist,1166,spotify,spotify:artist:1lqO9zpSZ9iEkgEgJqc443
1069,artist,1167,spotify,spotify:artist:3BBN1P1JNw0sSdYEdBkOZK
1070,artist,1168,spotify,spotify:artist:0ocxWXtgr9tJW60xV5ZufT
1071,artist,1169,spotify,spotify:artist:062tCT8GVioC9EMiI9jeOV
1072,artist,1170,spotify,spotify:artist:5RRfTrwXUGYiBB0DMV4hyh
1073,artist,1171,spotify,spotify:artist:53xeKWbSRuGgTxViJTAZKC
1074,artist,1172,spotify,spotify:artist:7BWjWVat8puiUriWads4kk
1075,artist,1173,spotify,spotify:artist:6Q192DXotxtaysaqNPy5yR
1076,artist,1174,spotify,spotify:artist:6e8zKGy3tDzaieOzoxADSj
1077,artist,1175,spotify,spotify:artist:1A9o3Ljt67pFZ89YtPPL5X
1078,artist,1176,spotify,spotify:artist:3ETLPQkcEd7z4k3IbZmXMq
1079,artist,1177,spotify,spotify:artist:5lcDGoJUr5WY5bCFAfYbCU
1080,artist,1178,spotify,spotify:artist:1WaFQSHVGZQJTbf0BdxdNo
1081,artist,1179,spotify,spotify:artist:5yPzzu25VzEk8qrGTLIrE1
1082,artist,1180,spotify,spotify:artist:2LakckgvXEtJlKOYP6BO11
1083,artist,1181,spotify,spotify:artist:3DbwFQlvLxRSi2uX8mf81A
1084,artist,1182,spotify,spotify:artist:1peoXq0RPx7czVoFjloeDQ
1085,artist,1183,spotify,spotify:artist:6qqNVTkY8uBg9cP3Jd7DAH
1086,artist,1184,spotify,spotify:artist:1eNkUXHPaXyuyC8NAgzykK
1087,artist,1185,spotify,spotify:artist:5svDnd8joFhbpbA3Ar0CfN
1088,artist,1186,spotify,spotify:artist:6N1ycRllcq7fwHMdeTQD1z
1089,artist,1187,spotify,spotify:artist:5YkgPDT3sjvYtPkpiqi2js
1090,artist,1188,spotify,spotify:artist:3wYyutjgII8LJVVOLrGI0D
1091,artist,1189,spotify,spotify:artist:5dMrRJRJsvS36Mp8u2i7kv
1092,artist,1190,spotify,spotify:artist:6FfKXg3QdDbbwRs9JzffpY
1093,artist,1191,spotify,spotify:artist:7HY1ISUuRotG01FVu0PKWh
1094,artist,1192,spotify,spotify:artist:6ft7JnxMyZhp7N52qzHymY
1095,artist,1193,spotify,spotify:artist:2H02v7YOfOLkXv9udKVE4t
1096,artist,1194,spotify,spotify:artist:06xa1OLBsMQJFXcl2tQkH4
1097,artist,1195,spotify,spotify:artist:62VYCXrlHGnWT5DZAHG41L
1098,artist,1197,spotify,spotify:artist:0994Up3Ob4zUFm3OFOWpzJ
1099,artist,1198,spotify,spotify:artist:0AggcZhPMyJglaaruoxJpN
1100,artist,1199,spotify,spotify:artist:6qqwLx8jRPkjUz0mlIvB6H
1101,artist,1200,spotify,spotify:artist:1lAvOODEAbUI5b51WRBbdx
1102,artist,1201,spotify,spotify:artist:4wJ7gER76tRe6yTO87KySS
1103,artist,1202,spotify,spotify:artist:7bZ9dfBorzVzUwgU2pLKoc
1104,artist,1203,spotify,spotify:artist:4s0K7Gh1qCZCXB5OuMF1VT
1105,artist,1204,spotify,spotify:artist:6AWdGez5g1jxpfl9XD4wI3
1106,artist,1205,spotify,spotify:artist:625BWS4LmjJe3a82OCSFsm
1107,artist,1206,spotify,spotify:artist:0Maq4Nk8ZM6keGZjTCXGIH
1108,artist,1207,spotify,spotify:artist:4GvOygVQquMaPm8oAc0vXi
1109,artist,1208,spotify,spotify:artist:3k00aazgj6dYcmOCtFm3PG
1110,artist,1209,spotify,spotify:artist:0ECwFtbIWEVNwjlrfc6xoL
1111,artist,1210,spotify,spotify:artist:1R6Hx1tJ2VOUyodEpC12xM
1112,artist,1211,spotify,spotify:artist:5Z1XZyEFY0dewG8faEIiEx
1113,artist,1212,spotify,spotify:artist:7290H8m1Dwt8G7jm1y9CQx
1114,artist,1213,spotify,spotify:artist:17OArJzEhRR3OmhtGcnfBq
1115,artist,1214,spotify,spotify:artist:0FxBxEpva3SXFb9a8Nb6sh
1116,artist,1215,spotify,spotify:artist:2i0VkK7L3ExzYhsq1FD8cp
1117,artist,1216,spotify,spotify:artist:62TD7509VQIxUe4WpwO0s3
1118,artist,1217,spotify,spotify:artist:5UyJW2eCOuXtyYftgbMxZG
1119,artist,1218,spotify,spotify:artist:1bauOA5U5M3RwH2euX3Eq6
1120,artist,1219,spotify,spotify:artist:1joFZGTRER78nUsWtgHCHR
1121,artist,1220,spotify,spotify:artist:3UyRRlpJO3uCojQkBibqNZ
1122,artist,1221,spotify,spotify:artist:0fauHpmSHwodVYIjTqOGHz
1123,artist,1222,spotify,spotify:artist:7vfydQ0nVBVgJ0ajs8EtRM
1124,artist,1223,spotify,spotify:artist:7dsugSamBB7enWE2IrlbFg
1125,artist,1224,spotify,spotify:artist:0gOrXuu1vCBXe3pwTyb5Ca
1126,artist,1225,spotify,spotify:artist:3JaOZg9OeS0sOnwz9MtvOe
1127,artist,1226,spotify,spotify:artist:6OmxkansdRyVTvo6BpZzKF
1128,artist,1227,spotify,spotify:artist:7gwpZPmZHIx4B2uLl6uimj
1129,artist,1228,spotify,spotify:artist:7nfddgqZWzCgRcgZvjJqgo
1130,artist,1229,spotify,spotify:artist:74ASZWbe4lXaubB36ztrGX
1131,artist,1230,spotify,spotify:artist:2A1dxDBORVkkbHJDVDOhed
1132,artist,1231,spotify,spotify:artist:6gj3sMEZYP6IESIptoXnrP
1133,artist,1232,spotify,spotify:artist:3JXpwnHbLvXxY99EuXqFPX
1134,artist,1233,spotify,spotify:artist:2iHkY7NEHJSOF6O7rQaDww
1135,artist,1234,spotify,spotify:artist:74EhQOxqIuZSj1wsMLQabN
1136,artist,1235,spotify,spotify:artist:7FvQR6QFfXmW18dyMqnHvv
1137,artist,1236,spotify,spotify:artist:0P54cVemq1DCHUfUMlWAoN
1138,artist,1237,spotify,spotify:artist:2EG3PqexkJCq8UjJyqwu5D
1139,artist,1238,spotify,spotify:artist:6sBfpQu5cJ8kZO5LFiFJQK
1140,artist,1239,spotify,spotify:artist:2Lr6UcfZWL1Ur5spOaduOb
1141,artist,1240,spotify,spotify:artist:74V3dE1a51skRkdII8y2C6
1142,artist,1241,spotify,spotify:artist:5BRAUN0yN8557PLRZIr02W
1143,artist,1242,spotify,spotify:artist:1uiEZYehlNivdK3iQyAbye
1144,artist,1243,spotify,spotify:artist:6W4vm8P3JFQboO4cvHeqaa
1145,artist,1244,spotify,spotify:artist:3qEnCAnX23lvoxZYtBiPgL
1146,artist,1245,spotify,spotify:artist:28EyduqESEOVMO6vglvaUZ
1147,artist,1246,spotify,spotify:artist:1vlBj1Zv2y6dCNdGeIBsNo
1148,artist,1247,spotify,spotify:artist:2LyE0UKbJTiLak39hnuWGe
1149,artist,1248,spotify,spotify:artist:4frXpPxQQZwbCu3eTGnZEw
1150,artist,1249,spotify,spotify:artist:35WVTyRnKAoaGExqgktVyb
1151,artist,1250,spotify,spotify:artist:4uKEP0JYfpFtngWlgViewd
1152,artist,1251,spotify,spotify:artist:3kortApcf0ntRWexUkJE4H
1153,artist,1252,spotify,spotify:artist:4s8ZGMVf3OiPktSP4ulpqU
1154,artist,1253,spotify,spotify:artist:76RrKpsvOmSKG8CIjROdSG
1155,artist,1254,spotify,spotify:artist:37r3ZUhErh0QPJENMsAPBG
1156,artist,1255,spotify,spotify:artist:4kYSro6naA4h99UJvo89HB
1157,artist,1256,spotify,spotify:artist:6vXTefBL93Dj5IqAWq6OTv
1158,artist,1258,spotify,spotify:artist:53A0W3U0s8diEn9RhXQhVz
1159,artist,1259,spotify,spotify:artist:6xS5PpBWaVYraexEkEjjXv
1160,artist,1260,spotify,spotify:artist:4if49KlQEdVNk97CQYSFvt
1161,artist,1261,spotify,spotify:artist:6XyY86QOPPrYVGvF9ch6wz
1162,artist,1262,spotify,spotify:artist:1Oa0bMld0A3u5OTYfMzp5h
1163,artist,1263,spotify,spotify:artist:7pwufEBGfggjoI8twqlsmQ
1164,artist,1264,spotify,spotify:artist:7pDkjftAxiFHomWsPNkapS
1165,artist,1265,spotify,spotify:artist:7G9ZUoEjbi5Z2bR5w60S0h
1166,artist,1266,spotify,spotify:artist:2sXnk24vARe4jxHbd1HbEq
1167,artist,1267,spotify,spotify:artist:3WJfB0QSAWAO283H19gL5a
1168,artist,1268,spotify,spotify:artist:6CY7WNJfd5uZclcS3WeEjx
1169,artist,1269,spotify,spotify:artist:0pWDwAU3grBQc9GAIQOP2N
1170,artist,1270,spotify,spotify:artist:6GaU1oIXLnxCY0yxoR1KVg
1171,artist,1271,spotify,spotify:artist:4ZrCh3nrFrcptfXnFVzxJ6
1172,artist,1272,spotify,spotify:artist:2B5mYImShgfHqzyoroFr0w
1173,artist,1273,spotify,spotify:artist:2AfU5LYBVCiCtuCCfM7uVX
1174,artist,1274,spotify,spotify:artist:04eqrYwakzHXxRABNRWbwM
1175,artist,1275,spotify,spotify:artist:67RWyN1fDOu7WuSTIi5hE7
1176,artist,1276,spotify,spotify:artist:0AtWMBis5Rh02sFv4LgXtP
1177,artist,1277,spotify,spotify:artist:4iHNK0tOyZPYnBU7nGAgpQ
1178,artist,1278,spotify,spotify:artist:4lxfqrEsLX6N1N4OCSkILp
1179,artist,1279,spotify,spotify:artist:0FrpdcVlJQqibaz5HfBUrL
1180,artist,1280,spotify,spotify:artist:3gMaNLQm7D9MornNILzdSl
1181,artist,1281,spotify,spotify:artist:0LcJLqbBmaGUft1e9Mm8HV
1182,artist,1282,spotify,spotify:artist:0yNLKJebCb8Aueb54LYya3
1183,artist,1283,spotify,spotify:artist:3WbeZvDk1COiO2dEokZqn7
1184,artist,1284,spotify,spotify:artist:0lwRI7lvmlRY5DiA5Xa6wQ
1185,artist,1285,spotify,spotify:artist:2kreKea2n96dXjcyAU9j5N
1186,artist,1286,spotify,spotify:artist:7vPXrGlSGukcwpaPxUfKKR
1187,artist,1287,spotify,spotify:artist:3fMbdgg4jU18AjLCKBhRSm
1188,artist,1288,spotify,spotify:artist:08yjRkGm8KNsShKjtbEmt6
1189,artist,1289,spotify,spotify:artist:7BMR0fwtEvzGtK4rNGdoiQ
1190,artist,1290,spotify,spotify:artist:6gkWznnJkdkwRPVcmnrays
1191,artist,1291,spotify,spotify:artist:3hv9jJF3adDNsBSIQDqcjp
1192,artist,1292,spotify,spotify:artist:0dCKce6tJJdHvlWnDMwzPW
1193,artist,1293,spotify,spotify:artist:2kEDso93O2hDgCbnuiSkkZ
1194,artist,1294,spotify,spotify:artist:3eVa5w3URK5duf6eyVDbu9
1195,artist,1295,spotify,spotify:artist:36cgvBn0aadzOijnjjwqMN
1196,artist,1296,spotify,spotify:artist:4gzpq5DPGxSnKTe4SA8HAU
1197,artist,1297,spotify,spotify:artist:699OTQXzgjhIYAHMy9RyPD
1198,artist,1298,spotify,spotify:artist:3J0qyBq8miao9sTXOlAkWp
1199,artist,1299,spotify,spotify:artist:3mhGKo6sIMtVoPUu3t9p16
1200,artist,1300,spotify,spotify:artist:1Blc1H4fQZGf2fw3tn0FfW
1201,artist,1301,spotify,spotify:artist:3z32OCr8soKhZ5CYuTti9a
1202,artist,1302,spotify,spotify:artist:7y2RSfL6zW4IBUc4uPYBfL
1203,artist,1303,spotify,spotify:artist:45a6gCQWq61lIUDmr1tKuO
1204,artist,1304,spotify,spotify:artist:4E2rKHVDssGJm2SCDOMMJB
1205,artist,1323,spotify,spotify:artist:2xe8IXgCTpwHE3eA9hTs4n
1206,artist,1305,spotify,spotify:artist:3SCI7sXHUZIeDKMWC5NT9C
1207,artist,1306,spotify,spotify:artist:1JIgcZTvB6nLvFwsEOgnbI
1208,artist,1307,spotify,spotify:artist:1VuBGdfqq86BQyiDactQAC
1209,artist,1308,spotify,spotify:artist:4yYYCSCDUTypErQMZv5iSg
1210,artist,1309,spotify,spotify:artist:0A5iuXJmjOE22RrSIoUMvI
1211,artist,1310,spotify,spotify:artist:78X7quh8fqAGZ42OpLmUW0
1212,artist,1311,spotify,spotify:artist:6vHBuUxrcpn1do5UaEJ7g6
1213,artist,1312,spotify,spotify:artist:1gR0gsQYfi6joyO1dlp76N
1214,artist,1313,spotify,spotify:artist:2sSGPbdZJkaSE2AbcGOACx
1215,album,1,spotify,spotify:album:0kL3TYRsSXnu0iJvFO3rud
1216,album,2,spotify,spotify:album:5KGIf82I9zVXvZSUMXnw5c
1217,album,3,spotify,spotify:album:1O6d4cNuUV78GeXv7hgr4e
1218,album,4,spotify,spotify:album:42oQv8fbI5CbeuAasf2ILC
1219,album,5,spotify,spotify:album:7ycBtnsMtyVbbwTfJwRjSP
1220,album,6,spotify,spotify:album:17ScNnJ0lSWajodZaRpHdQ
1221,album,7,spotify,spotify:album:0hvT3yIEysuuvkK73vgdcW
1222,album,8,spotify,spotify:album:4sAB9WulPpnAcig7alDGTg
1223,album,9,spotify,spotify:album:2ZmDoyNYarmubD4vTfwh6g
1224,album,10,spotify,spotify:album:5ra51AaWF3iVebyhlZ1aqq
1225,album,11,spotify,spotify:album:261LWEVYViMXijB95mAty3
1226,album,12,spotify,spotify:album:2z4c8M8aVzl7CTobIp36KF
1227,album,13,spotify,spotify:album:6sNbRwX0lZREkdmUSDsVzo
1228,album,14,spotify,spotify:album:34DPoSeDW5fw2QW9Hl5Y92
1229,album,15,spotify,spotify:album:3XADnbi4uhYXb7RuSJ7bre
1230,album,16,spotify,spotify:album:0BsMZIueWsJLWng8A7sE8e
1231,album,17,spotify,spotify:album:4JTOxuvM2jcSqAvEZtZsOO
1232,album,18,spotify,spotify:album:2O3OKOYCub892PUGprsaQo
1233,album,19,spotify,spotify:album:3ihwKkIMJWmmp1huNH0iWC
1234,album,20,spotify,spotify:album:3LpIwZdzFwc10psLingT8x
1235,album,21,spotify,spotify:album:1bnHPO4dKK7IjvgrtVBcQh
1236,album,22,spotify,spotify:album:54Y471E7GNBSOXjZtqONId
1237,album,23,spotify,spotify:album:1lXY618HWkwYKJWBRYR4MK
1238,album,24,spotify,spotify:album:399hX9EDsl2MuN5mNlfgLM
1239,album,25,spotify,spotify:album:24jAbLMFzCTlIv3kQ94HwK
1240,album,26,spotify,spotify:album:34wToEA3gR8J6qez359k39
1241,album,27,spotify,spotify:album:3C3RvTGChyw9k6A2uaa2B3
1242,album,28,spotify,spotify:album:4Zoxsc06EUHRf5GrJPJZ54
1243,album,29,spotify,spotify:album:7zJFjXfJQfezdDfp0rqAt4
1244,album,30,spotify,spotify:album:6FfYIKA59pCFs2d1FB79Pq
1245,album,31,spotify,spotify:album:17J76IiBYBQBIOyNbmnjaO
1246,album,32,spotify,spotify:album:1oUzjom2A9xtyRM1SdOAGj
1247,album,33,spotify,spotify:album:6pAP6aJ2SUmhE9VXB8bm02
1248,album,34,spotify,spotify:album:4N6sTUH8VjSMJrMLseaNWz
1249,album,35,spotify,spotify:album:0gA0nZrZ55PLUp7ARfrICu
1250,album,36,spotify,spotify:album:1Q83nQO2QG81TVa10hW7LX
1251,album,37,spotify,spotify:album:0764SvY5A4SzeR9bzznl16
1252,album,38,spotify,spotify:album:6bPpXqJRpjwy0hLyUGtzYc
1253,album,39,spotify,spotify:album:5xHE0icKPFByUlGL0ygWd6
1254,album,40,spotify,spotify:album:7g0PJ7VbsOkYTECUFkyNPN
1255,album,41,spotify,spotify:album:6l2aad6LJghHkbd0KX1f7w
1256,album,42,spotify,spotify:album:0Ds6i3h0F9RcYIKAD5Olum
1257,album,43,spotify,spotify:album:1cCAb1vN8uUsdfEylVmTLs
1258,album,44,spotify,spotify:album:0KtFP56RU7bd32pcvdeWOU
1259,album,45,spotify,spotify:album:2wGRmwzf0BY422D0ydrjLR
1260,album,46,spotify,spotify:album:748dZDqSZy6aPXKcI9H80u
1261,album,47,spotify,spotify:album:1HftQWyKWoGsrmG5lRkJDE
1262,album,58,spotify,spotify:album:1bkN9nIkkCnXeG4yitVS1J
1263,album,59,spotify,spotify:album:5D2CHiTlb8MXWJsZWXjkZf
1264,album,60,spotify,spotify:album:6rcbbhcm8Os7EiVRHP9Aef
1265,album,61,spotify,spotify:album:2pidzXTaHV4WaIJYRxKDCH
1266,album,62,spotify,spotify:album:3FsCGJY0JqSxvgezoMWYzF
1267,album,63,spotify,spotify:album:51wp3EOOp2mBIjhZjR7W0i
1268,album,64,spotify,spotify:album:5G5rgQHzdQnw32SI0WjIo5
1269,album,65,spotify,spotify:album:5Hw3801KwN2WtUlPc2k0Di
1270,album,66,spotify,spotify:album:4MtqyrWPHSzo4rzAnecqA0
1271,album,67,spotify,spotify:album:4PWBTB6NYSKQwfo79I3prg
1272,album,68,spotify,spotify:album:5qmZefgh78fN3jsyPPlvuw
1273,album,69,spotify,spotify:album:7ud6EsFurWtzF3lzB8YqNI
1274,album,70,spotify,spotify:album:5nK0vU32lSmcGrglfcOfg8
1275,album,71,spotify,spotify:album:4SXH4XkESpGKuLAlNpPyKO
1276,album,72,spotify,spotify:album:4UhEjfIRx4tE1XRY21vwNa
1277,album,73,spotify,spotify:album:3kEtdS2pH6hKcMU9Wioob1
1278,album,74,spotify,spotify:album:2mU2jRMwrsL1tG97xKoiav
1279,album,75,spotify,spotify:album:3rV1aPkrWyMs6YTvTpSbIY
1280,album,76,spotify,spotify:album:5yXvXFTwuqoAHFuPeliqvZ
1281,album,77,spotify,spotify:album:5MEImpWt30V3Huwd5n1XM8
1282,album,78,spotify,spotify:album:6eaYADwhiyjaKGuQM0niX6
1283,album,79,spotify,spotify:album:5S1Og4Ubi4afuiBOzyBhmW
1284,album,80,spotify,spotify:album:7gZazM80DtQjZyFz2e9tJe
1285,album,81,spotify,spotify:album:6JYMpRz7M9T2JlkjKHmsdc
1286,album,82,spotify,spotify:album:1q4B7r3dzzwkarZ1B9bk9e
1287,album,83,spotify,spotify:album:5kdQt5J4E7lCQLwQ0y5ByB
1288,album,84,spotify,spotify:album:4FqGPQmNI9Ajx6rZxBt385
1289,album,85,spotify,spotify:album:2cbCiRC3GOD0TJqfFDmFtf
1290,album,86,spotify,spotify:album:11wsRyg0EtBSfAVSrw8jvw
1291,album,87,spotify,spotify:album:71QyofYesSsRMwFOTafnhB
1292,album,88,spotify,spotify:album:0ptlfJfwGTy0Yvrk14JK1I
1293,album,89,spotify,spotify:album:0LcJtN0sPKF6Cg9lLPmQan
1294,album,90,spotify,spotify:album:7IoqPPJ57314tLREX9zkHm
1295,album,91,spotify,spotify:album:0YbpATCIng8Fz2JrfHmEf7
1296,album,92,spotify,spotify:album:3mH6qwIy9crq0I9YQbOuDf
1297,album,93,spotify,spotify:album:4Csoz10NhNJOrCTUoPBdUD
1298,album,94,spotify,spotify:album:1CVy3sRq7hy75bwRPG4j4Q
1299,album,95,spotify,spotify:album:39yAlNzbQD6MAvveqeY3IP
1300,album,96,spotify,spotify:album:5j1FYqIAKU2PqKQ6c1bslu
1301,album,97,spotify,spotify:album:1LFKdNEKL1YNApQOuqpiLt
1302,album,98,spotify,spotify:album:18tIetPrLy5536fJvEvaNO
1303,album,99,spotify,spotify:album:0js0LifyH653EoIQos9xv5
1304,album,100,spotify,spotify:album:5ryBqWw69xLn1nLaPCGOev
1305,album,101,spotify,spotify:album:6jjX8mGrsWtrpYpFhGMrg1
1306,album,102,spotify,spotify:album:6S1ItzAtGWyBLGiFkeMRc2
1307,album,103,spotify,spotify:album:6Xz8eKy8TeAyzwGr8QSOAS
1308,album,104,spotify,spotify:album:5gK2l2LgWY0BA4p9uy27z6
1309,album,105,spotify,spotify:album:6oBCrRVCWpqR4YpNIqQRlN
1310,album,116,spotify,spotify:album:4VFG1DOuTeDMBjBLZT7hCK
1311,album,117,spotify,spotify:album:6ZnMFVV5HDv2xmHG7bn7et
1312,album,118,spotify,spotify:album:0zkhTVHYyDMxFdhVCKGNFa
1313,album,119,spotify,spotify:album:5F3GEttPPR58Gg15BKUsTd
1314,album,120,spotify,spotify:album:7dg7o3G08AKu76AgqI5PBF
1315,album,121,spotify,spotify:album:50DTDq2ew6xOmjQtkIS5gU
1316,album,122,spotify,spotify:album:5IBNSiR9VYaGIxOfcOJ2LB
1317,album,123,spotify,spotify:album:1C0RJf5WtTQTP8a8ve85wa
1318,album,124,spotify,spotify:album:5EAhUoAz1G3WTvIfGZvmrh
1319,album,125,spotify,spotify:album:1fsvlnonD95p6VTEdQ7zJn
1320,album,126,spotify,spotify:album:4PHMf42gDXldIbUB0tMfiG
1321,album,127,spotify,spotify:album:08UhV7fX8X4wrSNLMVQ5H5
1322,album,128,spotify,spotify:album:5OQ46UiKltoHtHrGFXB1HI
1323,album,129,spotify,spotify:album:309FyhSeDmtiGlnajI5bIZ
1324,album,130,spotify,spotify:album:4Uv86qWpGTxf7fU7lG5X6F
1325,album,131,spotify,spotify:album:2MRNLEYm9SB0HBrJEU8L32
1326,album,132,spotify,spotify:album:00YvpfulLYvaJp0s6nC7f2
1327,album,133,spotify,spotify:album:07h5cYnfQm4mCDmEBiRtei
1328,album,134,spotify,spotify:album:3rYMmOfNQlWXYrbd8yXqJ1
1329,album,135,spotify,spotify:album:5r0LVuUjx659ddoV15P5MI
1330,album,136,spotify,spotify:album:2ZUFSbIkmFkGag000RWOpA
1331,album,137,spotify,spotify:album:1dkvQiAwd1ONpvxAHzLPKl
1332,album,138,spotify,spotify:album:4r3TaXjF2b1qwCpxjIpW43
1333,album,139,spotify,spotify:album:1SloKtrz48mjFA3QIDg7Vl
1334,album,140,spotify,spotify:album:5ebtbHmQ7WZpgKtH8ir14W
1335,album,141,spotify,spotify:album:0P3oVJBFOv3TDXlYRhGL7s
1336,album,142,spotify,spotify:album:2y2mVMtsGw109N65M3NiWO
1337,album,143,spotify,spotify:album:6CrSEKCF4TYrbSIitegb3h
1338,album,144,spotify,spotify:album:3gHvsTdiiZWGxEg32lyLwk
1339,album,145,spotify,spotify:album:0veuYKXCayS7oIfyqlibeR
1340,album,146,spotify,spotify:album:2xIhksIizs6gWdRBYdiTLc
1341,album,147,spotify,spotify:album:4Mqt4zRLIwFtZyzh7tAUQE
1342,album,148,spotify,spotify:album:43uErencdmuTRFZPG3zXL1
1343,album,149,spotify,spotify:album:3smlfAmejcKMmAPg1G2Kki
1344,album,150,spotify,spotify:album:4HTVABUq8amDUxBv3zJbX4
1345,album,151,spotify,spotify:album:3arNdjotCvtiiLFfjKngMc
1346,album,152,spotify,spotify:album:6eDx949ONWDCN0O22wFZf7
1347,album,153,spotify,spotify:album:4K6FQ362YIO4hrMl0Cjmln
1348,album,154,spotify,spotify:album:3axrKsJqF9tGAR9Nrez4cK
1349,album,155,spotify,spotify:album:59NC3Jd9XLruBTc3YApkBt
1350,album,156,spotify,spotify:album:6WhyyjT7SguubI15raOkDo
1351,album,157,spotify,spotify:album:20r762YmB5HeofjMCiPMLv
1352,album,173,spotify,spotify:album:30ERYJfWavYaaEJ0BLRE88
1353,album,158,spotify,spotify:album:4vPCCjXRWZsZaJXgwLoMBC
1354,album,159,spotify,spotify:album:41vxlS8skkWSGUDwLT3diG
1355,album,160,spotify,spotify:album:6Q3VZtyPCZFMO4cPF4828q
1356,album,161,spotify,spotify:album:5EbpxRwbbpCJUepbqVTZ1U
1357,album,162,spotify,spotify:album:3jJKDKdlwRS584zUlHV2Ly
1358,album,163,spotify,spotify:album:0f8RtEC5UUqMX2cveYlylg
1359,album,165,spotify,spotify:album:0529AOnY3HoL4NvAf2kthD
1360,album,174,spotify,spotify:album:21dqbZplVbX1gMMdqOLvWI
1361,album,175,spotify,spotify:album:621OhgnZJ7Pz8iUazct1In
1362,album,176,spotify,spotify:album:7btiyhWzUfzxN3ijSiBpC8
1363,album,177,spotify,spotify:album:4Qohh8LwXoV7ucmjCU4MYL
1364,album,178,spotify,spotify:album:2NTIYavFZmU1PCvJvn2USJ
1365,album,179,spotify,spotify:album:0TDJRkEr2SrhWTetdkEzED
1366,album,180,spotify,spotify:album:6HzHon4QSFPGPFIjjlZN0n
1367,album,181,spotify,spotify:album:4UlGauD7ROb3YbVOFMgW5u
1368,album,182,spotify,spotify:album:5TPxJfotmToD74kHNbQQKb
1369,album,183,spotify,spotify:album:5vRfIDOPJHy3W2wHWbzLlE
1370,album,184,spotify,spotify:album:1WiKAuQmbYIxDv2UzMwrBq
1371,album,185,spotify,spotify:album:4v5x3Oo3UjQ9YmF3hRAip5
1372,album,186,spotify,spotify:album:5Di7sTCL8zU5rHMl98qliQ
1373,album,187,spotify,spotify:album:2fGpw56D35My0c82eNfKJF
1374,album,189,spotify,spotify:album:0TMIeuykc2gfMc68YGppoh
1375,album,190,spotify,spotify:album:2JFiDG0ymh2FuAqZj79tTJ
1376,album,191,spotify,spotify:album:30syl6y28A4hDEwKcZULyR
1377,album,192,spotify,spotify:album:6aCr3UaB8lM9g6TtFB3qwd
1378,album,193,spotify,spotify:album:2fw2PxmN6epMmz6qZXXNLn
1379,album,194,spotify,spotify:album:1hQyz5rU1Fitd96WsbdEsY
1380,album,195,spotify,spotify:album:5EyEI8tm60S6y2YKbjE0xI
1381,album,196,spotify,spotify:album:6PE70pAgp4DeMmv1SdI5Aa
1382,album,197,spotify,spotify:album:6JF49ixyHmOgS0Rsda2k42
1383,album,198,spotify,spotify:album:7ijgeLAW3W3vZ9jf6tozFq
1384,album,199,spotify,spotify:album:4lnsaWcuoXUzDINVbyG9ak
1385,album,200,spotify,spotify:album:3asZSLOAAtCNJz5W2LGuFJ
1386,album,201,spotify,spotify:album:30NwFThVHXPksCA83zRfWR
1387,album,202,spotify,spotify:album:6pdYEjMFLIEcgmNiEp8h0f
1388,album,203,spotify,spotify:album:6W8ZsoinSMViZMh9aYK7gQ
1389,album,204,spotify,spotify:album:1OnCqi7IuzjnrOh2ZNvJHd
1390,album,205,spotify,spotify:album:08eM9GRdr5BCCHNqS3Wwud
1391,album,206,spotify,spotify:album:7D2NdGvBHIavgLhmcwhluK
1392,album,208,spotify,spotify:album:392p3shh2jkxUxY2VHvlH8
1393,album,210,spotify,spotify:album:0bUTHlWbkSQysoM3VsWldT
1394,album,211,spotify,spotify:album:4S8F794ucXJcAtycwOZgR9
1395,album,212,spotify,spotify:album:1qgl1pYzEwQYcOoQV0r8on
1396,album,213,spotify,spotify:album:4tpG2K3nqcrFNGBikX3dc0
1397,album,214,spotify,spotify:album:76G83osdQ4whezYjnYwwq2
1398,album,215,spotify,spotify:album:4ghGEhWzY5ffry2IqgrnRg
1399,album,217,spotify,spotify:album:2B4y3j02ho6XNF8BEzx3JF
1400,album,218,spotify,spotify:album:5ykOQlHaE5ZRxMibfI75YW
1401,album,219,spotify,spotify:album:08jWgM4vSkTose4blKBWov
1402,album,220,spotify,spotify:album:0MihD70HInk2rDaChdAdEy
1403,album,221,spotify,spotify:album:63Pn7ir6TrMHAVYVNMfTbN
1404,album,222,spotify,spotify:album:69CmkikTHkGKdkrUZTtyWl
1405,album,232,spotify,spotify:album:2ZieYINaA8usZhjfwpFnlH
1406,album,233,spotify,spotify:album:4SAz7HhY1uBvxF6O9k1iyq
1407,album,234,spotify,spotify:album:4FWvo9oS4gRgHtAwDwUjiO
1408,album,235,spotify,spotify:album:7sHrPadM39466NY7DW3s4r
1409,album,236,spotify,spotify:album:3Kbuu2tHsIbplFUkB7a5oE
1410,album,238,spotify,spotify:album:1UcS2nqUhxrZjrBZ3tHk2N
1411,album,239,spotify,spotify:album:0Y7qkJVZ06tS2GUCDptzyW
1412,album,240,spotify,spotify:album:5SC0415RIGVX9ZfL0tfbAl
1413,album,241,spotify,spotify:album:7kimYKvLC03boI5vUyhhKB
1414,album,242,spotify,spotify:album:6NhLXvyDG7QbCqFDFHh9ja
1415,album,245,spotify,spotify:album:2blXZboio9DF8VC39LmUag
1416,album,246,spotify,spotify:album:19bQiwEKhXUBJWY6oV3KZk
1417,album,247,spotify,spotify:album:3KSeRpEslZsZGRnJHe5nXt
1418,album,248,spotify,spotify:album:79dL7FLiJFOO0EoehUHQBv
1419,album,249,spotify,spotify:album:0kTLdP4XPeJGsbr2L8ikyF
1420,album,250,spotify,spotify:album:4jTPQq9PSlKMOm1yLx2ATN
1421,album,251,spotify,spotify:album:5lYzReGzcSNF0Gx47wm6qU
1422,album,252,spotify,spotify:album:5QG3tjE5L9F6O2vCAPph38
1423,album,253,spotify,spotify:album:0uSgysa3YBECeStHjIehaD
1424,album,254,spotify,spotify:album:4MKGRLm2eoNLMRhnPUZ1Ot
1425,album,255,spotify,spotify:album:15yvc643iYfQtb6zh9NEJo
1426,album,257,spotify,spotify:album:6qtEmaL8pd9nIJ4GiQS2Zj
1427,album,258,spotify,spotify:album:6eZdwrhB97A3EYx9QppGfl
1428,album,259,spotify,spotify:album:2oEZTAlDdKGJoeNSlbkXOy
1429,album,260,spotify,spotify:album:2bq4H1LLMuCqg7RZejDFOW
1430,album,261,spotify,spotify:album:493HYe7N5pleudEZRyhE7R
1431,album,264,spotify,spotify:album:58ufpQsJ1DS5kq4hhzQDiI
1432,album,265,spotify,spotify:album:0lrmy4pJINsFzycJvttX2W
1433,album,267,spotify,spotify:album:1JSCfr9YFx7SAP8sAYS5vx
1434,album,269,spotify,spotify:album:2Wl2eLBIbjAt6AZwd07IxG
1435,album,270,spotify,spotify:album:19NGecACGLBEsTA8Pyi4PG
1436,album,271,spotify,spotify:album:2pkv3nrNrwtUdT8VNWwt5U
1437,album,272,spotify,spotify:album:0tgsKtPUT3rfzQVyppbra2
1438,album,273,spotify,spotify:album:0ryfxFVYctq06Btwatl8zE
1439,album,274,spotify,spotify:album:3cZ3dS7ogHb55sWjVzaBnx
1440,album,275,spotify,spotify:album:45EKCe8Ji8HI8mgqQMN4KJ
1441,album,276,spotify,spotify:album:4W6kVnBPgcW8zDYXbRHh2J
1442,album,277,spotify,spotify:album:1Z5oeufZDMMzL8ZlWTZrQg
1443,album,278,spotify,spotify:album:1DYZmRfJOALk8MpQbWfyyx
1444,album,279,spotify,spotify:album:6Fr2rQkZ383FcMqFyT7yPr
1445,album,281,spotify,spotify:album:5dOpbgAmJeyoakKQ0QLWkR
1446,album,282,spotify,spotify:album:7gGtCvc4K5Y0bFc97F8EDm
1447,album,283,spotify,spotify:album:77eKpEVxmSr1RhqMlirlTF
1448,album,284,spotify,spotify:album:6f06neONZ0xqqftlgtVP74
1449,album,285,spotify,spotify:album:6kWrRefNVW5rLbZoLtSXM8
1450,album,287,spotify,spotify:album:2VXkgdiXFunIO581a4vqcR
1451,album,288,spotify,spotify:album:4PrPbmm0gKvaD3rerOXFg8
1452,album,289,spotify,spotify:album:3IIHk2ZLXKWuVAjCbQ9g4Y
1453,album,290,spotify,spotify:album:2sJhpTnG6deHHb7eiQAd5j
1454,album,291,spotify,spotify:album:5ceB3rxgXqIRpsOvVzTG28
1455,album,292,spotify,spotify:album:2wW0v9XWjEpUjOLpz5kJY8
1456,album,293,spotify,spotify:album:4gaNWHu5Caj3ItkYZ5i6uh
1457,album,296,spotify,spotify:album:1CFREwS5yzCEpC8slWETgT
1458,album,298,spotify,spotify:album:0xZSnkdlyLJzIKZcop3uPh
1459,album,300,spotify,spotify:album:5MbqqLcX0c1rtKtzKWKxCx
1460,album,302,spotify,spotify:album:7eaQqVyq6xzAVgsxSzSP83
1461,album,303,spotify,spotify:album:7qvw3MPdulHThAPqaM9ynF
1462,album,307,spotify,spotify:album:4gnEi23PFBwHXT9rMqTsN5
1463,album,310,spotify,spotify:album:5pLlGJrxuQO3jMoQe1XxZY
1464,album,312,spotify,spotify:album:3lQQcHujJlM4taDryZ6Tqo
1465,album,313,spotify,spotify:album:4EJpYlScO6hFJUTbcx2XSZ
1466,album,314,spotify,spotify:album:28QfUp4mSM2SpSQmgdex6r
1467,album,315,spotify,spotify:album:3AEeWRPtSMeqoXL8xNcSbe
1468,album,318,spotify,spotify:album:4DB0I6kc8VpP6mbdt0V2Ui
1469,album,319,spotify,spotify:album:3l5AwLKqQ42VJbc5lTuP8G
1470,album,320,spotify,spotify:album:3kwbwO3wtwyNo7zCFzWkcW
1471,album,321,spotify,spotify:album:1CMtoKqOZW9IQOkhQLyiqY
1472,album,322,spotify,spotify:album:3ROfBX6lJLnCmaw1NrP5K9
1473,album,323,spotify,spotify:album:5K9kD50P66neofCR8BoYxg
1474,album,325,spotify,spotify:album:74eR2EdTUfq8GTBRbA0K8r
1475,album,327,spotify,spotify:album:062N80S3hs96dOhFzmvfLj
1476,album,328,spotify,spotify:album:34leStU1anAKH5RsU607zz
1477,album,329,spotify,spotify:album:5g2FfZVMvBqRmuHjNsaf3l
1478,album,330,spotify,spotify:album:61KN8iSYTZq58bfsCfEwiZ
1479,album,331,spotify,spotify:album:6poVnTnlSAohhLFSPgTJYf
1480,album,332,spotify,spotify:album:4qsDGerRXRcwR4FF92Uo5q
1481,album,333,spotify,spotify:album:6BKWuaC0GXJk9pCZxR6WxE
1482,album,334,spotify,spotify:album:4SZko61aMnmgvNhfhgTuD3
1483,album,335,spotify,spotify:album:19pFdxG3feVWRFoXDJjPpM
1484,album,336,spotify,spotify:album:7DFT5wc0jn6U7DqooS8y6l
1485,album,337,spotify,spotify:album:6Ja60JEdLJaA1vv2OIj6Ot
1486,album,338,spotify,spotify:album:51jPQOevWDUn4INtOQMGoM
1487,album,339,spotify,spotify:album:1Khdy0BbHmXrL4C2SLTKGi
1488,album,340,spotify,spotify:album:4lWWlBbKuWBk7xgKEkevSg
1489,album,341,spotify,spotify:album:262o5a05pMUDSV2uzo5EwQ
1490,album,343,spotify,spotify:album:2kNuFjCJtGNBYdpOmWwHO8
1491,album,344,spotify,spotify:album:78bpIziExqiI9qztvNFlQu
1492,album,345,spotify,spotify:album:7aXpfvnCNztfsn1erE1Eaj
1493,album,348,spotify,spotify:album:4VysJl8x3TMfirUTcgtpAM
1494,album,350,spotify,spotify:album:18JrBX1QkpnUSJF3oxX6RX
1495,album,353,spotify,spotify:album:7xvBUHu5jJ7X0wdRHudLFD
1496,album,354,spotify,spotify:album:4zJT6c0bh2o1RcVlZOfcbe
1497,album,355,spotify,spotify:album:42kVt8FRpWDR6NWr3tWRwV
1498,album,356,spotify,spotify:album:3j1xCJdBMCl6wYQXurz2tb
1499,album,359,spotify,spotify:album:7qrVAza02FT9hiFV5J1hjy
1500,album,360,spotify,spotify:album:6JCsXRhiEHz2amybfpwyCc
1501,album,361,spotify,spotify:album:5IFOummNcGXY3qCBWRchqP
1502,album,363,spotify,spotify:album:2H6G5teboVKdaSqgAPu8Ax
1503,album,368,spotify,spotify:album:6agmeioaDOBupymziJihgB
1504,album,369,spotify,spotify:album:3jlC2uhYNrhikZXLviEnpu
1505,album,370,spotify,spotify:album:3UscIsrmIvjOnztDVG8h9g
1506,album,372,spotify,spotify:album:3dP0TFEEzTXJQKtrpsKFUj
1507,album,373,spotify,spotify:album:3FFGbUutKWN1c4f0CJR4Uh
1508,album,376,spotify,spotify:album:6L09PiImelxi1s4L6PuWp5
1509,album,2974,spotify,spotify:album:3TYygcT1wShXOCVTzD0Yii
1510,album,377,spotify,spotify:album:21u1PYGBlzUFBMaUG7n0O0
1511,album,378,spotify,spotify:album:79qV4McLzhs8U3FyRKnocz
1512,album,380,spotify,spotify:album:5OkxLN5XaE9rLbgK2FuKBE
1513,album,381,spotify,spotify:album:2Ci8TjbcurSlqmEfXY1Zqs
1514,album,382,spotify,spotify:album:1D622TWd7hvxVZicNjVLjl
1515,album,384,spotify,spotify:album:6oPPKtAwNNlkW4wwHfQDfM
1516,album,385,spotify,spotify:album:6iosJzmbhMPivxtY4Wd3bX
1517,album,386,spotify,spotify:album:7HPjcPD2cr8E5oHvVAmBp7
1518,album,387,spotify,spotify:album:3tQd5mwBtVyxCoEo4htGAV
1519,album,388,spotify,spotify:album:0vVekV45lOaVKs6RZQQNob
1520,album,389,spotify,spotify:album:1p12OAWwudgMqfMzjMvl2a
1521,album,390,spotify,spotify:album:0sbolWcuxEasiY5sgNJD5X
1522,album,391,spotify,spotify:album:4tAVbKbYeZ4fJ3jT5i3LQS
1523,album,393,spotify,spotify:album:6ZS2NOEZ7XwlNlKWK2dzPM
1524,album,394,spotify,spotify:album:2jCjUgaDh9lVGju6u3cGvK
1525,album,395,spotify,spotify:album:3g5tl8gEzYjDnB1EHBH3LI
1526,album,396,spotify,spotify:album:5DETNBNyqP6ekroOuQS8EV
1527,album,397,spotify,spotify:album:3RaK95jcB6YrjBiBEp32Dd
1528,album,399,spotify,spotify:album:2AdzxDWUs5YWbEJiZnMIOK
1529,album,400,spotify,spotify:album:2k4SKTM0a5FVN37VvFbxpr
1530,album,342,spotify,spotify:album:5sTWQkDbOtMmOTJEbMoqg6
1531,album,166,spotify,spotify:album:16KdSB0v7RqYwRjylZCpfn
1532,album,406,spotify,spotify:album:0bcOGgwJpwBjfFBTApoqSn
1533,album,407,spotify,spotify:album:0nSQguzhi8GgbdieYj227D
1534,album,408,spotify,spotify:album:5AkxzwXNKb2Nf7RoFG1g0d
1535,album,409,spotify,spotify:album:0BqQ4jkZVQRt0cCfoWblpA
1536,album,411,spotify,spotify:album:2WyOQQ3fAuCQDu9BGDqnUF
1537,album,412,spotify,spotify:album:22IhsI5JpldSrE7vhidAja
1538,album,415,spotify,spotify:album:45IcnOlgrZDKNwwbNO7CAn
1539,album,417,spotify,spotify:album:2fKSNl0JCV00PSr31n9RVo
1540,album,418,spotify,spotify:album:2YS1lyO02XGIOHpzQltN6p
1541,album,419,spotify,spotify:album:2m6gDPMfNrYZrl45xXZNJg
1542,album,420,spotify,spotify:album:0ij52MAb2oatpYFCZ8hNsI
1543,album,421,spotify,spotify:album:4qv1LRoJjGuiIbqlnlVtvI
1544,album,424,spotify,spotify:album:23bRO6jyrbWOulD8eAqVkO
1545,album,425,spotify,spotify:album:6PMuXABPVPf11EgTxrjroO
1546,album,426,spotify,spotify:album:0KtWSWHsL4CLKeIT8woUKC
1547,album,427,spotify,spotify:album:12yYl13Ce7u8LuhtEl75aQ
1548,album,428,spotify,spotify:album:6JoPCMcyZrZ70diS45qE1i
1549,album,429,spotify,spotify:album:0oaSof4FyOTkXkrEFLwfJd
1550,album,430,spotify,spotify:album:53GYH037JfXcL511NWJrve
1551,album,433,spotify,spotify:album:1ciqsFBUj66wSop0nnwWum
1552,album,434,spotify,spotify:album:5t7Bn5XfE7yj2rqydVq0Ue
1553,album,436,spotify,spotify:album:3dgUJaEod4yWb1wd4dcIYA
1554,album,437,spotify,spotify:album:1hNzs6WR8UbUsAkyr4jXEO
1555,album,439,spotify,spotify:album:1KZDtu0bXr1yRT48Peyq39
1556,album,440,spotify,spotify:album:0NqqvJsBatHVMXUcLfGuad
1557,album,443,spotify,spotify:album:41LvlG1SKgfysJoUFE1cOK
1558,album,444,spotify,spotify:album:715rku55lldqdw9WiEuPgi
1559,album,445,spotify,spotify:album:36E5LAM5D3AKnVx8s5dyc6
1560,album,446,spotify,spotify:album:44qqs0b21hn7gAsuTioQkT
1561,album,447,spotify,spotify:album:5k0pyF1B4ab25iu5JcG3lB
1562,album,448,spotify,spotify:album:6WWAC3ZEROk0OlVsubRbbd
1563,album,449,spotify,spotify:album:2V5rhszUpCudPcb01zevOt
1564,album,451,spotify,spotify:album:0gaLZATMEssSErDzywUqxD
1565,album,452,spotify,spotify:album:6X1x82kppWZmDzlXXK3y3q
1566,album,453,spotify,spotify:album:5rbqupVSYwvEmXBUnFtUf7
1567,album,454,spotify,spotify:album:02Mp4Q83TVhpe8VeCpMZjZ
1568,album,456,spotify,spotify:album:7mxpMxmMM8RN39YRlo08v7
1569,album,458,spotify,spotify:album:5QHgA2ilExKVgv3bJsytVP
1570,album,459,spotify,spotify:album:1NIzKm1DqvComMoEF1FZPQ
1571,album,460,spotify,spotify:album:7tbgPQub8dUigxMdkYDfOb
1572,album,462,spotify,spotify:album:7eDGp2PuSqUMKlefyXqWtx
1573,album,463,spotify,spotify:album:5JHG3wFyZnm6MTt9S19ctU
1574,album,464,spotify,spotify:album:6FbOJTOKgRkWSh8kcV9NG3
1575,album,465,spotify,spotify:album:0d9boWzzDKA5FTuWPOhQ37
1576,album,466,spotify,spotify:album:1dxyoIAlE2NS77K3nzei6Y
1577,album,467,spotify,spotify:album:19J8qoGW313ZDZYzBV5omz
1578,album,468,spotify,spotify:album:4XhjDzXOQ0zyX5c9WN9x7J
1579,album,470,spotify,spotify:album:3cUSTUjKlkv9zi9mkfIWNY
1580,album,471,spotify,spotify:album:0Oq3mWfexhsjUh0aNNBB5u
1581,album,473,spotify,spotify:album:53EOSSSziMK8C1QWa9S3ZY
1582,album,474,spotify,spotify:album:1pOl0KEC1iQnA6F0XxV4To
1583,album,475,spotify,spotify:album:3Y5gM9xG4U5bXyMjpPWIRP
1584,album,476,spotify,spotify:album:698wWA5TiA99JGHe5cIt58
1585,album,477,spotify,spotify:album:5aFg8pibssixj7hVPGTWlD
1586,album,478,spotify,spotify:album:2Jy9vCHehtmc8kyalwViHj
1587,album,479,spotify,spotify:album:3TLaFWQDhV1g39Qwd5sPAm
1588,album,484,spotify,spotify:album:4hkERQVrmM9JQ9g2eie2tL
1589,album,486,spotify,spotify:album:0cwlEeMEkvdoiPNJxlzHtI
1590,album,487,spotify,spotify:album:27e6Bdu7olpsi6kwwEHr8Y
1591,album,490,spotify,spotify:album:21CZUn61aoVz08xU4wwfru
1592,album,491,spotify,spotify:album:5jUgQdPrsH66Uy7V0f6pE8
1593,album,492,spotify,spotify:album:6a0iTSs9Qfb8QcG2iacxnq
1594,album,494,spotify,spotify:album:0ty5iwaiepWlGq8g0DKtEy
1595,album,495,spotify,spotify:album:4YmTZjHk8SmTFTiVMXBN1A
1596,album,496,spotify,spotify:album:35Lhx0cJU8MMnENePMmt6f
1597,album,498,spotify,spotify:album:6dB0xoVmvoGEeQQUo6yo6h
1598,album,499,spotify,spotify:album:6TgkNOiJxeSkVVbXV720B1
1599,album,501,spotify,spotify:album:6l64G9syOrb21VIigX06oQ
1600,album,503,spotify,spotify:album:5PP6VTIC7FnPdUJ1yRNfYO
1601,album,504,spotify,spotify:album:3LAX1EoLNnlzkGiXCpOd3t
1602,album,505,spotify,spotify:album:26t2atAvmcNwZFJ0b3VHm9
1603,album,506,spotify,spotify:album:5bjUbZPVTEQcb6W3LquX1E
1604,album,507,spotify,spotify:album:6oSHgr3TZJPCFshYUfBDqE
1605,album,510,spotify,spotify:album:4oVpqMqd0A1GPW3RkypqXw
1606,album,511,spotify,spotify:album:4kQoUjU1uRgZDHYjdDl5mz
1607,album,512,spotify,spotify:album:6kYqws8vRcaUKTjFnJRb4X
1608,album,514,spotify,spotify:album:17eQeA5m7DpsZ42mUAGjgG
1609,album,515,spotify,spotify:album:3bRdFxQZdU5g6VjLq8KaU7
1610,album,517,spotify,spotify:album:5TaDGeqdswdc4F2NPoWJD1
1611,album,519,spotify,spotify:album:6GRzmk9UGL7odxprOPop1Q
1612,album,520,spotify,spotify:album:6LCwRIRXxJYmC2KIagqYHf
1613,album,521,spotify,spotify:album:64PPnBAtsVz5WcIX8rjFKC
1614,album,522,spotify,spotify:album:1kGdLDfJwGqrdgVF8OHGTP
1615,album,523,spotify,spotify:album:2Gl3C47nd8HfbepsZWJ6Xm
1616,album,524,spotify,spotify:album:05Qg48LlYGKYdeXrNGg00g
1617,album,525,spotify,spotify:album:4sk7zSzYdcIetF6t6vO8Rx
1618,album,526,spotify,spotify:album:4DGTGynJ1c17ElQpAbDAqV
1619,album,527,spotify,spotify:album:21u0c3ZnO6oCMrzCHiOD1x
1620,album,528,spotify,spotify:album:3dFiZlc7IMqhptVAZ31jff
1621,album,529,spotify,spotify:album:3QiZaIVgSMuznmUNLPMG8t
1622,album,532,spotify,spotify:album:6izTLoTDL2k78sAvpLfHOP
1623,album,535,spotify,spotify:album:5L6ETkYF4PeD1pSrAGKuNf
1624,album,537,spotify,spotify:album:5uKsFtKbnipeJOUkKT1QaG
1625,album,541,spotify,spotify:album:3k8xoyOXkGgZxUKgpmxz4P
1626,album,543,spotify,spotify:album:7hzM3Sa8BoCKrNqrKJqyz1
1627,album,544,spotify,spotify:album:4IaC0o37AsPzK4iwWYMAV8
1628,album,545,spotify,spotify:album:58jWmTFxpzhzs99QzAEYiX
1629,album,548,spotify,spotify:album:4wPNy4oz3tDjY3OEeHiOVq
1630,album,549,spotify,spotify:album:4qqpX1bMjIBMUphEqfZcoI
1631,album,552,spotify,spotify:album:3eRXeJjd8qESmNLvuBf8X6
1632,album,553,spotify,spotify:album:0NDxmKylZ2ZXmJPw9OFZ2T
1633,album,554,spotify,spotify:album:4k6ci0PJUSV8CeQDTBfm44
1634,album,559,spotify,spotify:album:2la6fmjvRC6zm0JVMKT2f5
1635,album,562,spotify,spotify:album:5LapplQJPVVSKHq5RHuMZl
1636,album,563,spotify,spotify:album:2EwoYRFQRJqw7BTVG6GlTw
1637,album,565,spotify,spotify:album:0Stnb66v5cibvR22sFdLYx
1638,album,566,spotify,spotify:album:08yanJqA75TPyDowCXvvPU
1639,album,567,spotify,spotify:album:5gOAo7AKVvVAE1Sx0QbRYM
1640,album,568,spotify,spotify:album:5OkHt7JZ6HSkJH359y2H31
1641,album,569,spotify,spotify:album:3Lh1KbeS801PtOeojquUPk
1642,album,570,spotify,spotify:album:57fAZZUx59Soc7gn5ALcMI
1643,album,571,spotify,spotify:album:1B4oPgG5ljWTRxsKcTHAYn
1644,album,572,spotify,spotify:album:33f2Kjc5gfg1BeSts2OnFo
1645,album,574,spotify,spotify:album:4bD8UUx1VGPsWbSAtfEWgX
1646,album,575,spotify,spotify:album:1oIICL75sMuInkEhX8jj3b
1647,album,576,spotify,spotify:album:0WCgmoRReO4RQhO8nnnEgY
1648,album,577,spotify,spotify:album:4ZgGPgiXll2nWKRqaWAKrB
1649,album,579,spotify,spotify:album:1cuTce3b13uSHr1I2qP3og
1650,album,580,spotify,spotify:album:3MNTrnzSNGfjV69eZx8PKS
1651,album,581,spotify,spotify:album:3Iny1eqJMoqU1I1UoUbVQl
1652,album,582,spotify,spotify:album:71gwUOOxYPgpA7z55066tn
1653,album,583,spotify,spotify:album:37rI2gAtakAmSFtbIE9THq
1654,album,585,spotify,spotify:album:6AWs0Ua0ne6bblYs9EajUP
1655,album,587,spotify,spotify:album:7yBl4uFyJzH48Vy6tPieXL
1656,album,588,spotify,spotify:album:2I3dkT8cAhTtsAzS1JWrN1
1657,album,590,spotify,spotify:album:5U4plb0bUnMSYp7HJLStAQ
1658,album,592,spotify,spotify:album:1WBZyULtlANBKed7Zf9cDP
1659,album,593,spotify,spotify:album:78iX7tMceN0FsnmabAtlOC
1660,album,598,spotify,spotify:album:5qV3YFcNrAZQR5uYmLHTf9
1661,album,599,spotify,spotify:album:4QgdYG4Peen60N1m6lTAn4
1662,album,600,spotify,spotify:album:1msNLCbNGvJYwu5N5Nsoqp
1663,album,602,spotify,spotify:album:0fhmJYVhW0e4i33pCLPA5i
1664,album,605,spotify,spotify:album:0ZSwTSaR9VUe3uYsXNQgub
1665,album,606,spotify,spotify:album:0xCAtTLLKHVXXRG3QszG7Y
1666,album,607,spotify,spotify:album:0UwpSCPnNPksM1meQJnBAF
1667,album,608,spotify,spotify:album:6rzMufuu8sLkIizM4q9c7J
1668,album,609,spotify,spotify:album:7dRdaGSxgcBdJnrOviQRuB
1669,album,610,spotify,spotify:album:3PxXiYU3PjymOEE22PewGZ
1670,album,611,spotify,spotify:album:265OEkRcX40ppxgHGuu4cI
1671,album,613,spotify,spotify:album:3ZpfQDwafNdaEUnbWVHIlM
1672,album,616,spotify,spotify:album:1TDGiNgZKFw38Jv3pli7xt
1673,album,623,spotify,spotify:album:3VwKMo3Ql4LBheVsnJgAnK
1674,album,624,spotify,spotify:album:6KZZs0SDtMuHkmmjWc2bk7
1675,album,625,spotify,spotify:album:3T1fgMprST5C4hhl19Xv40
1676,album,626,spotify,spotify:album:4WEK9yD4bstksSeXGhk8SR
1677,album,627,spotify,spotify:album:0pc0aFxHc3yxwk6WK7bKrx
1678,album,630,spotify,spotify:album:2xvEOFWD8snv5Vaepvhdk5
1679,album,632,spotify,spotify:album:7yNJabclL80Tb8KckZ37rh
1680,album,634,spotify,spotify:album:79EyqF9taW9XFPKci2U5D9
1681,album,635,spotify,spotify:album:4wn9wcP2D71SyiB7KbVKMy
1682,album,636,spotify,spotify:album:037f2EiD06rsACoW6WsmYP
1683,album,637,spotify,spotify:album:0mw0v424Ribwwrt0oMVB1j
1684,album,638,spotify,spotify:album:1UsmQ3bpJTyK6ygoOOjG1r
1685,album,639,spotify,spotify:album:4vramOSuKx9DJHCHswEnan
1686,album,640,spotify,spotify:album:5ptl9Sheh9eWaogxFOZ3PV
1687,album,641,spotify,spotify:album:4Htpe81wA62AqivZYZQ9aB
1688,album,642,spotify,spotify:album:4gbrbyveJFkuLH6B5w93JH
1689,album,643,spotify,spotify:album:2CUT0104gySOIvqwtXeFsX
1690,album,644,spotify,spotify:album:4lhyg7YGQagE8FT8cZBqyw
1691,album,647,spotify,spotify:album:0KmKhrRc4dFTA5dHMJlm5w
1692,album,648,spotify,spotify:album:2gBIN9uSnZjf0mb3FjwEnb
1693,album,650,spotify,spotify:album:3FtUewhvxfIDam89MwJUnB
1694,album,652,spotify,spotify:album:0kIVdSRFqogZuQYaSIi5Gr
1695,album,653,spotify,spotify:album:3tKEDbRO78u0Hq1SAp3tuL
1696,album,654,spotify,spotify:album:7t2G7ba8kNZV9a4GDVBeva
1697,album,655,spotify,spotify:album:63az8CIMtCPKUSJxoaIiMk
1698,album,656,spotify,spotify:album:6VCjQZqZ0lhp9wBby3Djfh
1699,album,657,spotify,spotify:album:6vXzeXtqzIs5pG8ZnJw0CW
1700,album,659,spotify,spotify:album:6PcNWnUdQfzVeQiZjSkgUh
1701,album,661,spotify,spotify:album:2tm3Ht61kqqRZtIYsBjxEj
1702,album,664,spotify,spotify:album:4eAIrUUmwjFc4A4uRVZpce
1703,album,666,spotify,spotify:album:3GTWT6vc4nDdEBelkXpqea
1704,album,667,spotify,spotify:album:48kU5gP41TqZEw32Cwhsna
1705,album,668,spotify,spotify:album:24Mw2jcw22rtuknTXosZuo
1706,album,669,spotify,spotify:album:657GiaYy1aPJ6lx8sFnfcD
1707,album,671,spotify,spotify:album:6hORzuqVAquk6Szm1NRoRt
1708,album,672,spotify,spotify:album:6xBFD7jWpVSNP91K5SmGOv
1709,album,673,spotify,spotify:album:4UNg2aKvTMpEcj6AUZKLq3
1710,album,674,spotify,spotify:album:7Mh9OsANvltL7YJ438LejB
1711,album,675,spotify,spotify:album:1IaBCF26OjgYwUCEPaIyC0
1712,album,676,spotify,spotify:album:3IqkMrRQpZlG594QyqPNHR
1713,album,677,spotify,spotify:album:5ej9PFkEDEe1q9CANmtHkH
1714,album,678,spotify,spotify:album:7ACFIbsrhepZRIbKnRzxjy
1715,album,679,spotify,spotify:album:3BcTqVCmsRuHZTABplfL6N
1716,album,681,spotify,spotify:album:3zLihCHfklAVEa8kSxpMeX
1717,album,682,spotify,spotify:album:3J3sYlohst52k6lmzm2dqG
1718,album,683,spotify,spotify:album:77y9EnqEj7nyReoEKcbiXa
1719,album,684,spotify,spotify:album:6pA5vsn22nBSarlpib38QR
1720,album,687,spotify,spotify:album:5KcpGFwqiaW59JubpryCfc
1721,album,688,spotify,spotify:album:5eegsQsLiKi1iVs7jR7h86
1722,album,689,spotify,spotify:album:3soASrCrL6FzsG1MsB2zHG
1723,album,691,spotify,spotify:album:74tH17Nt4hF80FKeLUlEoE
1724,album,693,spotify,spotify:album:1iC2jwx37jdb5gwc58zxYB
1725,album,694,spotify,spotify:album:5UairYwDKi0lsi82mHqAWm
1726,album,699,spotify,spotify:album:26yWpyWgFK6xuxi1UsLUFW
1727,album,700,spotify,spotify:album:7pDifTSXcmJBaxaDlALT8w
1728,album,701,spotify,spotify:album:6T65RzCNt958wL1PuIlxMm
1729,album,702,spotify,spotify:album:7nljGlzc5lq1mcdX7XhQjG
1730,album,705,spotify,spotify:album:6xKPrXdZ9PlcPUlYg5zgak
1731,album,706,spotify,spotify:album:4osUXHB3fDXwyrtRKvBE2m
1732,album,707,spotify,spotify:album:5FP9keIJnlSCKnkdVOf623
1733,album,709,spotify,spotify:album:0xoZzkDIHW9V5noVBv2Amr
1734,album,710,spotify,spotify:album:4NkAGMoVNPvEmGFtVKCMCB
1735,album,712,spotify,spotify:album:5QGtxFOTTr0Z4TyUQNVOKO
1736,album,713,spotify,spotify:album:55jgxmyjn9PLvZEAHOhb64
1737,album,714,spotify,spotify:album:2KlVwY7H9B9KvFXJglqzWq
1738,album,716,spotify,spotify:album:3XSUKIkmWdUPZ7WOexixeE
1739,album,717,spotify,spotify:album:7HXAggzDfYkYdZoc7sUjcd
1740,album,719,spotify,spotify:album:15nPVESpZNf0QBRwu2sMbI
1741,album,721,spotify,spotify:album:3RYdEXhGHojkTILUdtnRVJ
1742,album,723,spotify,spotify:album:1nPttztaW8V28uflFOWgal
1743,album,725,spotify,spotify:album:446OAWTQsR7utlWr0gDkX0
1744,album,726,spotify,spotify:album:75QfNfqa1LT0R5MIRKqR2q
1745,album,727,spotify,spotify:album:6nVACH6a27eOWiumAJhDWS
1746,album,729,spotify,spotify:album:5f9H4fFLC7oQRRFj6i50ow
1747,album,731,spotify,spotify:album:2GvunWK2mtlTwVrxfC3ZWa
1748,album,733,spotify,spotify:album:6Jv0VIFX5CMzxAK6JwAB23
1749,album,734,spotify,spotify:album:4RFlGEeCWTWZYGbzIZZErR
1750,album,735,spotify,spotify:album:10HVfiyq9hmHXZ1CS8xTDR
1751,album,736,spotify,spotify:album:1nqGAiZz5aPj2aYbT0hDJb
1752,album,737,spotify,spotify:album:6VDSvx3Z6cfz6GXkFBNYLX
1753,album,738,spotify,spotify:album:064h5nTltO6reHRGrtWCdp
1754,album,741,spotify,spotify:album:7ctUb6yIhEjE7FmlyHu3D3
1755,album,742,spotify,spotify:album:5f6Nz2v1DESbpu1NerEql2
1756,album,743,spotify,spotify:album:4q3cIrNOyRvuB6zhrCDLSZ
1757,album,744,spotify,spotify:album:5wIVDVJHwGN05eMWfRAjl9
1758,album,746,spotify,spotify:album:21EglTSwzUorpiXpMBNW2E
1759,album,747,spotify,spotify:album:5PrS2EqxvVMgukIlyVOmcv
1760,album,748,spotify,spotify:album:2LFMmRSOgUHxXS4QCPr4zW
1761,album,749,spotify,spotify:album:42aAmE5LaJyWCpziALLIj7
1762,album,750,spotify,spotify:album:069vBtCKSsb2oBIuJOax8J
1763,album,751,spotify,spotify:album:4BEFKWKCBHaB2cJTpVDtfX
1764,album,752,spotify,spotify:album:4ajznmruJRna1UpCfosc0b
1765,album,754,spotify,spotify:album:7lXgEecCoWkW1Lvf2jpN4y
1766,album,755,spotify,spotify:album:4aZZnaROnoOHkX7hq3OAOt
1767,album,757,spotify,spotify:album:5XqEf16OrHdmMoNS1b6WDg
1768,album,761,spotify,spotify:album:5nDun4dKRD6NMSnlGBck9w
1769,album,762,spotify,spotify:album:6Ksvjs75rgJRQ0fAmFdC6E
1770,album,763,spotify,spotify:album:5svD0PDZ12uj3wTKkdBFMd
1771,album,764,spotify,spotify:album:1PQDjdBpHPikAodJqjzm6a
1772,album,765,spotify,spotify:album:7AOOGkzAv88OngyQglFNAA
1773,album,766,spotify,spotify:album:7HFTS6sWJuMQ0puxSahS08
1774,album,767,spotify,spotify:album:4PishS8bjccWUr4CVrosmb
1775,album,768,spotify,spotify:album:5WMLlQk7xLN9A40jipd3xo
1776,album,770,spotify,spotify:album:25PQxi9SR1OODB5XG6m48J
1777,album,771,spotify,spotify:album:02Jahi5JyeAycCsYMM7b0J
1778,album,772,spotify,spotify:album:3OSID3YChn6nOjfUAlSXQZ
1779,album,773,spotify,spotify:album:2WS0vm6OCNjgqoiODew1TQ
1780,album,775,spotify,spotify:album:2yiX02xQ3Qo2fDXbfEQeS3
1781,album,776,spotify,spotify:album:3miZDfDnP7SmOXAJXWdFmz
1782,album,777,spotify,spotify:album:3nawsgthTwlZbXoUjcWoaH
1783,album,779,spotify,spotify:album:2UCWsnmZEVg9HhnMeKTsim
1784,album,781,spotify,spotify:album:4Xs4NI3J2Nf9eSUqvW7GBn
1785,album,782,spotify,spotify:album:4neocSMt40stXKK2B8Sy2G
1786,album,783,spotify,spotify:album:4zxXtxhx2Gc2EwEyMOkAeY
1787,album,784,spotify,spotify:album:43CXEu1OlEd9ZKsH8ZkZz7
1788,album,785,spotify,spotify:album:5CKAAsmFCdmKq4fTtNdmHc
1789,album,786,spotify,spotify:album:3lT0XTcteJfBbPNoPAmNRq
1790,album,788,spotify,spotify:album:3OrucS4sHv6Bl9GS4rafEk
1791,album,790,spotify,spotify:album:3b24oNZyLWp5zHABQkvLO1
1792,album,791,spotify,spotify:album:1RqNl5WBb16OyR62Q86unb
1793,album,792,spotify,spotify:album:0N6HQ1sWJTf4QJxipeEazS
1794,album,793,spotify,spotify:album:0OPOPPWDQR7Klmi69idPt9
1795,album,803,spotify,spotify:album:1eFLCXEcuThN3QpMffhfvy
1796,album,804,spotify,spotify:album:00Ez7sCJE0zJMpCg1wPigP
1797,album,806,spotify,spotify:album:0sFq10gbnEw519SPeozbaY
1798,album,807,spotify,spotify:album:5q1OkU4Pzn7YjMG9XiRxnN
1799,album,808,spotify,spotify:album:7IVhSH2FI8PhXF3JAkgfyp
1800,album,809,spotify,spotify:album:5ahTZ7j6p5O3GOtXD00Q2L
1801,album,810,spotify,spotify:album:2cjb94ReCIDfak2sqzEcoB
1802,album,811,spotify,spotify:album:7jvuTIYaBYqbTcLZZwXlIZ
1803,album,812,spotify,spotify:album:74jYy3DtyTfSVyxQUcsTFF
1804,album,813,spotify,spotify:album:7vIdnLO7zLROTWh9cU5rcU
1805,album,814,spotify,spotify:album:6FDI8sfT7i2Z10FS54xJMi
1806,album,816,spotify,spotify:album:7kgXi2JtnSpL15OvYsJGae
1807,album,817,spotify,spotify:album:5mI0bDHNCoeebMRhjovNOY
1808,album,820,spotify,spotify:album:7j358KRnAMmabpFQoymvCp
1809,album,822,spotify,spotify:album:5Gz9I4C6s443w18SrFc8xE
1810,album,824,spotify,spotify:album:0FH3WsTCWaDmfpEojJ4sN2
1811,album,825,spotify,spotify:album:6hzvjeUSziYniWE3QbFUrG
1812,album,826,spotify,spotify:album:267Oyc2f4oyawPYto13f2S
1813,album,828,spotify,spotify:album:6PvZnd9Q2ymDo3gpoM5I37
1814,album,830,spotify,spotify:album:25NNQGZBd9oLAO1xTeq5oQ
1815,album,831,spotify,spotify:album:5szf0IwOL3HrcNuYddXlEt
1816,album,832,spotify,spotify:album:6FePdYF8RNzmH05uXIMW76
1817,album,833,spotify,spotify:album:0bjIWoVmJHnsY3IhHimr0s
1818,album,835,spotify,spotify:album:1GYG80diXFWYwH7FJB7KeC
1819,album,836,spotify,spotify:album:2S5fsaaIlwzbsAwauSyvPP
1820,album,839,spotify,spotify:album:5Hfbag0SsHxafx1SySFSX6
1821,album,840,spotify,spotify:album:0apVddbk7Juec0DV4LNiBg
1822,album,841,spotify,spotify:album:0SO6YoEbNNLIScpQUndN4a
1823,album,843,spotify,spotify:album:3FAK4h4t9uV4JxzESXllAU
1824,album,844,spotify,spotify:album:3AI5kAUjgNtZBwFRi6opDc
1825,album,845,spotify,spotify:album:63zwoqxM3Mpt90wK8PSdes
1826,album,846,spotify,spotify:album:0FHG2tkQIWoxGbksS0oDRz
1827,album,849,spotify,spotify:album:3t3Ar2cJUVLY6yTRmrezI8
1828,album,851,spotify,spotify:album:705tt4x1hmJwhdM2I1vRmZ
1829,album,852,spotify,spotify:album:5fEYMwCEWLakpoqSvC8daL
1830,album,853,spotify,spotify:album:3WZoJdkb9NSvZqkUShSKv4
1831,album,855,spotify,spotify:album:26tH0kjUhkxBEd3ipGkx3Y
1832,album,856,spotify,spotify:album:36zI393OZQaRFC8dTi2XII
1833,album,857,spotify,spotify:album:0DMUhQwPVHsOtrJoQScJzQ
1834,album,859,spotify,spotify:album:36sfoc9QE048qAHDGVudyQ
1835,album,862,spotify,spotify:album:3Suj8WM3HOfmq2q7ioM19z
1836,album,864,spotify,spotify:album:2MNtOTfhYOxIw5xWEQHUvZ
1837,album,866,spotify,spotify:album:24qPxyj2TEIJ0yrgHnC0NU
1838,album,872,spotify,spotify:album:6lPubpAzVlJYYfAOlyA4No
1839,album,877,spotify,spotify:album:6uMBoMl43IIKHoCj8iVd7X
1840,album,879,spotify,spotify:album:6GkCNL04b2s4FVz17bONur
1841,album,883,spotify,spotify:album:2nkB6bAEUtJ2ajK60gz84u
1842,album,885,spotify,spotify:album:4Rvzx3X6hcDb7nty1IzVP4
1843,album,887,spotify,spotify:album:4MzJRwiS52KP6TtGVojnt0
1844,album,888,spotify,spotify:album:4yw6Rd1Te2q3AVWRDG224Z
1845,album,889,spotify,spotify:album:4o059zSZzn5fNwUNkH7rzJ
1846,album,890,spotify,spotify:album:0RDBURR6v5W947meVZOmtu
1847,album,891,spotify,spotify:album:74DwNAuirHLDLVLrBQAnVg
1848,album,892,spotify,spotify:album:1eJnvo02r0rSqhfaceULbh
1849,album,893,spotify,spotify:album:6SKqXkeseeDTxWz4Sj8UyS
1850,album,894,spotify,spotify:album:79kOIV8l2lC7oZtRrvjNPm
1851,album,895,spotify,spotify:album:7dwsMzn6JRvphxB8hFD8N0
1852,album,897,spotify,spotify:album:2t70lfxoIbKZHKFKN9ZnqE
1853,album,898,spotify,spotify:album:46k1KxVfky4xelptsV1mhh
1854,album,901,spotify,spotify:album:2exLV5mQB8e2cWVoFUgkyv
1855,album,902,spotify,spotify:album:0jBLZnr4kexp1UyJrtvtGG
1856,album,903,spotify,spotify:album:3mvWfqa4cceoGyA7qECPWH
1857,album,904,spotify,spotify:album:3BClCxsYrpmoL7U1gVFvWa
1858,album,906,spotify,spotify:album:2HOl8gDiGGpt7wsIDi9jy5
1859,album,907,spotify,spotify:album:1Qt9lGRPR8IVorUnjscB3u
1860,album,909,spotify,spotify:album:2rpb6CvDPmap3Jcy8rRLSZ
1861,album,910,spotify,spotify:album:74yTwCjSbjza14zfGl2uUN
1862,album,913,spotify,spotify:album:2UqKqZofb9pdapHk4HzRUo
1863,album,916,spotify,spotify:album:04fLLFoOvXyGxahRneBUJD
1864,album,917,spotify,spotify:album:2ghPaVly0Hh1w1bEjH0IXF
1865,album,918,spotify,spotify:album:0aXH7uskHve2F50SzHyQOe
1866,album,919,spotify,spotify:album:2nyDfMhGBwxbpfpyYtnBSJ
1867,album,920,spotify,spotify:album:0aFNb4RDk2hmKKLa0bzXNz
1868,album,924,spotify,spotify:album:0Y3CKi4iATySALWZnhoxmu
1869,album,926,spotify,spotify:album:7EAwOod2VB3qivySc8LXeY
1870,album,928,spotify,spotify:album:2SGHbXwTsuIOoAdBPsnIDW
1871,album,929,spotify,spotify:album:5jOf6CbBM32eT4vUiVQOxw
1872,album,930,spotify,spotify:album:1VgJ9FxJXQBbr0rXrTTiER
1873,album,931,spotify,spotify:album:4PWwqffnItE1awWIfLHwEz
1874,album,932,spotify,spotify:album:0sYk8ncYCqrrJPKeGiBwKL
1875,album,934,spotify,spotify:album:1FYYrxRsSo2tZwrVYzFod6
1876,album,935,spotify,spotify:album:6BtFnL80q39q0OcSBroqwy
1877,album,936,spotify,spotify:album:6rXstoVf7abF1VyuYRzxBw
1878,album,937,spotify,spotify:album:4cZL0gsOEIOPLXdhc18vex
1879,album,938,spotify,spotify:album:3t2nEfRZ1um6Spqw5P7g5F
1880,album,939,spotify,spotify:album:6vobCcTxHPy6iIQI8W6N8u
1881,album,942,spotify,spotify:album:0Aice1NJH5gDPGZOKFKuwY
1882,album,946,spotify,spotify:album:2sL8sDU6fvg3B1bHfY4xwN
1883,album,947,spotify,spotify:album:0S77vyLG5hsSk77Z1zYHUB
1884,album,948,spotify,spotify:album:4m2880jivSbbyEGAKfITCa
1885,album,949,spotify,spotify:album:6PQx2QUIyDumQMIhxBYjLu
1886,album,951,spotify,spotify:album:62l3f8u6j9eyDhuxsZA2iH
1887,album,954,spotify,spotify:album:1Coc0GdOw4FXgEggnVyywb
1888,album,955,spotify,spotify:album:1Do3y8IAcbYOToYQJnGwSO
1889,album,958,spotify,spotify:album:0ytQrBinlg9hb4uoaEmk37
1890,album,960,spotify,spotify:album:0FeqrLI13XnYNY1s414uQd
1891,album,961,spotify,spotify:album:5HgjPTY2Sw4yEHrZIl2TWf
1892,album,962,spotify,spotify:album:3FOvCMC9QbtPrpPPHzpINZ
1893,album,963,spotify,spotify:album:7rSZXXHHvIhF4yUFdaOCy9
1894,album,964,spotify,spotify:album:5z090LQztiqh13wYspQvKQ
1895,album,966,spotify,spotify:album:1JUVPhMNQgDyW4TUhTeasf
1896,album,967,spotify,spotify:album:5Mq5p94xQFYEnRetWkCP7l
1897,album,968,spotify,spotify:album:1d5Qdvvr87omilDMCaVZ1X
1898,album,969,spotify,spotify:album:1zB3OwsKut94AnGBazJUlZ
1899,album,970,spotify,spotify:album:4GQmfMtt1JhIQLK3L6p5lo
1900,album,971,spotify,spotify:album:3HwZLv9pFXUEe7SgamOt38
1901,album,973,spotify,spotify:album:5atNdL7P9NHNFj8HNUWLNJ
1902,album,974,spotify,spotify:album:75v8OMDkcaOFKGY9eglWdj
1903,album,975,spotify,spotify:album:4BygQv7meLM2Hgg9480fC7
1904,album,976,spotify,spotify:album:3fr53Fq6cElPicmpKz9w1g
1905,album,980,spotify,spotify:album:396N2x0w8si5Q8WARJA59w
1906,album,982,spotify,spotify:album:6Bl9NjXRT04Elyza6uSC19
1907,album,983,spotify,spotify:album:5eT9vVRkPlx5IlQHztdtbF
1908,album,984,spotify,spotify:album:1nVJ2ekESu4JvOgfk90ub7
1909,album,985,spotify,spotify:album:5iluV9CqP7Wl9wjubwdw5h
1910,album,986,spotify,spotify:album:5EMOD0wwjZpEsS8n3hUIMv
1911,album,987,spotify,spotify:album:44o0keaUsvLkJa5gSFiB0D
1912,album,991,spotify,spotify:album:189zlcm4CkY5PKhb0SxvfM
1913,album,992,spotify,spotify:album:3TCtnxxB0OSY5sRtYzpYGG
1914,album,993,spotify,spotify:album:47BiFcV59TQi2s9SkBo2pb
1915,album,994,spotify,spotify:album:4rw6Ng1DwgjJ48tL0YXT8x
1916,album,995,spotify,spotify:album:5vu7beBDQllayjLsOmUHmU
1917,album,998,spotify,spotify:album:2BqwMT6Fhzgs9Lbngk3hkJ
1918,album,999,spotify,spotify:album:02GRs1BGhfTK8SLI2jDYx9
1919,album,1001,spotify,spotify:album:4xpxxM7iOXL6ZDlgEZUROm
1920,album,1004,spotify,spotify:album:6OCSibUr3YdAaqBCTfhuSB
1921,album,1005,spotify,spotify:album:5qZNAZ5xJCUAiyYoETU0aj
1922,album,1006,spotify,spotify:album:6UfaVBHkNIpV42RgTL2AXQ
1923,album,1007,spotify,spotify:album:1pE8gb6Q0fUKDdgj0tPENa
1924,album,1008,spotify,spotify:album:4unHYV3Xv6FmHwi7nzHxeH
1925,album,1009,spotify,spotify:album:1TRrUIWutAg8Xe99cAzmbm
1926,album,1010,spotify,spotify:album:2twyjjPY7Dccd3VeNG9w9g
1927,album,1011,spotify,spotify:album:5abCMGtyHwpOr9cEbwfP1P
1928,album,1014,spotify,spotify:album:4ePjDIN5keSHlmc93FKN0r
1929,album,1015,spotify,spotify:album:5NH94cATqx5fjBE794xZLy
1930,album,1016,spotify,spotify:album:32SNgmHUoFRANFeLk9dB08
1931,album,1017,spotify,spotify:album:3hcJbmJwKytcAjfcr2m3jE
1932,album,1019,spotify,spotify:album:5CcW5rXAUdUUail7aaDwNi
1933,album,1021,spotify,spotify:album:6kl6a70fSIbl8amKSBzmhO
1934,album,1022,spotify,spotify:album:6nPdlsKWGOFepgMMXTZReP
1935,album,1023,spotify,spotify:album:77U9k1I4uNukkeIpRwU4R6
1936,album,1024,spotify,spotify:album:1N4pAgoZjA2oGnh4bTk8oh
1937,album,1025,spotify,spotify:album:35TchegKRAVtmhwSfDA8hy
1938,album,1026,spotify,spotify:album:4cmsajNPX0WryBpMVm0QJr
1939,album,1027,spotify,spotify:album:3eu9Vmn3nODuKhqDPqDmFq
1940,album,1028,spotify,spotify:album:0Dg1KwgmtUzeMQonDCUFhQ
1941,album,1029,spotify,spotify:album:0ymZEUngBCetAJcJaqO63b
1942,album,1030,spotify,spotify:album:6piH5f7ETPi5EUa1Z3V5mB
1943,album,1031,spotify,spotify:album:4tUVkNYSFrrEqqrxBQW9PN
1944,album,1033,spotify,spotify:album:0yv3K62ndWgrZ0bbAEMzj5
1945,album,1035,spotify,spotify:album:6YN8jfCZLngnYeAoaWy4RC
1946,album,1037,spotify,spotify:album:4TdiCmBKujkiyMeJ1guJJa
1947,album,1038,spotify,spotify:album:5ve4mnR9lkMCgriMeuA0wm
1948,album,1047,spotify,spotify:album:42p4dRDB24b9mvBmMb0QR9
1949,album,1048,spotify,spotify:album:0jghcWTsQzux5T9sAfZO13
1950,album,1050,spotify,spotify:album:5bI8eKp7o39oTbFQZ8czlZ
1951,album,1051,spotify,spotify:album:2ifOBjaV1MnIMDQ2Tr4or9
1952,album,1052,spotify,spotify:album:2zpK7MRI8rVdm5qdZcOEPi
1953,album,1053,spotify,spotify:album:1RXCJC4nyqo3zDZ7ucLnbV
1954,album,1054,spotify,spotify:album:3AIGFosROQpd8uQDaqG9c6
1955,album,1056,spotify,spotify:album:4SdFt1Q5HSQIk4lxPgjaPM
1956,album,1062,spotify,spotify:album:34LxHI9x14qXUOS8AWRrYD
1957,album,1063,spotify,spotify:album:12Ul3nb1lU4EJN8ZFSMHGn
1958,album,1067,spotify,spotify:album:3uwRp5ehO2wWRBKcpjjQdR
1959,album,1068,spotify,spotify:album:1R8i8XgUTaY8bw20UP8K17
1960,album,1069,spotify,spotify:album:71i2DEJp6T0ywlT62T3gLv
1961,album,1071,spotify,spotify:album:7uyxDffngYO8kzbQq7mRP4
1962,album,1072,spotify,spotify:album:2Tz3N0ksvhYiVu6qcgW4wm
1963,album,1077,spotify,spotify:album:2XfBjZ0ZwKMfwYJDX0JR1O
1964,album,1078,spotify,spotify:album:68Yu0AOZVnBmkOeDntlico
1965,album,1081,spotify,spotify:album:1WW8vRSnseIom1EzPkiNjW
1966,album,1082,spotify,spotify:album:4TzJROIsnfOkLUWmeOjt2F
1967,album,1083,spotify,spotify:album:5l8eNNfdgghJbhPtOf0aw2
1968,album,1084,spotify,spotify:album:4FLIb7KILAeKlllF1SeRTy
1969,album,1085,spotify,spotify:album:1jIqRVdEZqk1iik4pbpHTG
1970,album,1086,spotify,spotify:album:2uzMw9F6bqVIjXb43izFpK
1971,album,1090,spotify,spotify:album:6UeZZlB3vtcFtjMN0omcjJ
1972,album,1091,spotify,spotify:album:0DyXkWHnFMIJSuHfLgNfcc
1973,album,1092,spotify,spotify:album:3zrfdc7xK2ClSRasyBbunq
1974,album,1093,spotify,spotify:album:4tI4WJdTN5MzDMRMl2i7VR
1975,album,1094,spotify,spotify:album:3bF7UefpUmG1BAriPPLLez
1976,album,1096,spotify,spotify:album:7AFsTiojVaB2I58oZ1tMRg
1977,album,1097,spotify,spotify:album:1kmyirVya5fRxdjsPFDM05
1978,album,1098,spotify,spotify:album:6TcZlksMuA6Zb5nKjCBMrF
1979,album,1101,spotify,spotify:album:0lWHOXVp0d7yqX4U0Jl8Gn
1980,album,1102,spotify,spotify:album:2ggoDXsGIigmkm0rqdeLqt
1981,album,461,spotify,spotify:album:3dU0J3L350lA0wKzuVJfh6
1982,album,1103,spotify,spotify:album:29pMTMzdMrEDLrB3Xyglk8
1983,album,1106,spotify,spotify:album:40N2bpgOnVYzqTqTl2KnC5
1984,album,1108,spotify,spotify:album:5cmQe1FWAZM0G7NN4o9gWP
1985,album,1109,spotify,spotify:album:05d5zAD9KAdaJf7yQ98jxF
1986,album,1111,spotify,spotify:album:2byo9R6o9jefFbDe5AUUYf
1987,album,1113,spotify,spotify:album:0ZYljH7s6QWxUkjyA7hLKW
1988,album,1114,spotify,spotify:album:2Dr1RETGXCnKRy3j18xrYI
1989,album,1116,spotify,spotify:album:0DW5VfMkwxol6OoNTeQ17N
1990,album,1117,spotify,spotify:album:1I8oPUSMSrdqOPpJN42u4P
1991,album,1118,spotify,spotify:album:3JGUVcNpiF9LagS2bWZWDX
1992,album,1121,spotify,spotify:album:7LDgfc2YwYLF6DhmvvWent
1993,album,1128,spotify,spotify:album:1i4iyHofvIuROZaGK8x4fD
1994,album,1132,spotify,spotify:album:1bTvikZOfbi7kyEQK1zDmR
1995,album,1133,spotify,spotify:album:1FKVES3ZfqbUy92IsdotNs
1996,album,1134,spotify,spotify:album:707If6cln3gNYJyYkSumGe
1997,album,1135,spotify,spotify:album:3biN7VzJrWSp0qgIhaGzpn
1998,album,1136,spotify,spotify:album:40QTqOBBxCEIQlLNdSjFQB
1999,album,1137,spotify,spotify:album:50qGRnl12UAlNeGMf1G77t
2000,album,1138,spotify,spotify:album:6VSD6mGgAt66SpyFFLzXzK
2001,album,1139,spotify,spotify:album:4tIQR0m3PPwybQ32P256IO
2002,album,1140,spotify,spotify:album:64ub4SfdC8wvPjdUXw8QY9
2003,album,1141,spotify,spotify:album:21tkKiB2eq0Q3Nl49OxKbr
2004,album,1142,spotify,spotify:album:0ZdQT7haPQcT3vuQiklcAi
2005,album,1143,spotify,spotify:album:17C90B1H8gxYa664SSVM9x
2006,album,1144,spotify,spotify:album:1SFKmqhTTEkE3PmSBEMpa3
2007,album,1145,spotify,spotify:album:24ukVVKIZapjS6uDgF1qSn
2008,album,1146,spotify,spotify:album:10nO3EJJDMm6j6d2uK3Jah
2009,album,1147,spotify,spotify:album:6g9rKb1kKlh0M0mS34kCSS
2010,album,1151,spotify,spotify:album:4ioG1W3KU4WBhYlwEBp7BA
2011,album,1152,spotify,spotify:album:7izVYE6Opop1GmEuRNpJfF
2012,album,1153,spotify,spotify:album:6sFG56qG3RjYAVgWl63vyS
2013,album,1154,spotify,spotify:album:1SIdymieMPczEji2IyWRCQ
2014,album,1155,spotify,spotify:album:7w9LNlp2B0uhQjUIebX8Kv
2015,album,1156,spotify,spotify:album:3ZfHdBHAfM8263XE7eSBYx
2016,album,1157,spotify,spotify:album:1APlzmzWwXz3ElpmdWF5KA
2017,album,1158,spotify,spotify:album:09xAmnxEGgbmLN5XaAezYw
2018,album,1159,spotify,spotify:album:4ozDtdDznuECwLlFboqv0W
2019,album,1160,spotify,spotify:album:5fmIolILp5NAtNYiRPjhzA
2020,album,1161,spotify,spotify:album:1IDF7HrugntNS4NeuzYWgQ
2021,album,1162,spotify,spotify:album:4he7R24eqd1EbF9kegiAK8
2022,album,1163,spotify,spotify:album:2M9F2yYsUvqiBPwUGeNvn1
2023,album,1164,spotify,spotify:album:2mpzeA7pHNIDAPii4EEKsB
2024,album,1166,spotify,spotify:album:09idklQr5JtTTVoBtfn1XN
2025,album,1167,spotify,spotify:album:5ExjqihhscTpMJa6Cj51E9
2026,album,1168,spotify,spotify:album:1Ddh3brHXiHs0fAvm2YoXQ
2027,album,1169,spotify,spotify:album:6FIC6pFNvrGNmNh7XhiDQp
2028,album,1170,spotify,spotify:album:14FXYrgmcRj2EHQ4aJIQDs
2029,album,1171,spotify,spotify:album:00uVflRMgG8ZKgZxjwQdsr
2030,album,1172,spotify,spotify:album:6FRJ1GQQpIJVanNhRZJh1b
2031,album,1220,spotify,spotify:album:4JMTPJepDXC2oU8vANjVd0
2032,album,1174,spotify,spotify:album:7F9hfZKh6WLOKME4LwCPZI
2033,album,1175,spotify,spotify:album:6ZWMNEolRPbrzLvOiIiVN9
2034,album,1176,spotify,spotify:album:2TYZwGePge2sBdmTUyJinW
2035,album,1177,spotify,spotify:album:7MKb1aY0sNbRjduRp6X6pA
2036,album,1179,spotify,spotify:album:3mMIGpclnFOViHNYDJMM5V
2037,album,1180,spotify,spotify:album:11hJODfmzX7Ffq5eCYqkki
2038,album,1182,spotify,spotify:album:02rtYxbvX9iQ0nair97RRx
2039,album,1183,spotify,spotify:album:7qtmXp6gwgCCpLwT8TUOiI
2040,album,1184,spotify,spotify:album:5EL5DYPOlA49xdj5xcncEb
2041,album,1185,spotify,spotify:album:61V0dtz976XfL5G2rwRWnO
2042,album,1186,spotify,spotify:album:3ku8fgwkrSX9VOSUdHDgQz
2043,album,1189,spotify,spotify:album:70WLqb5SEBfo3IZl5hbvV0
2044,album,1190,spotify,spotify:album:4KH87wsKlXVnaRLmX3GN9I
2045,album,1194,spotify,spotify:album:5gvlpKnnINq8Z1YICdtiBt
2046,album,1195,spotify,spotify:album:5OovYRYxIFaoq4AH7etuvn
2047,album,1201,spotify,spotify:album:3lhaIma3vSR2wNNxmAzgbN
2048,album,1203,spotify,spotify:album:1SEl9Py8Qc3YLF4gWT4wwP
2049,album,1204,spotify,spotify:album:7gKepkCu9mHwyZfFAvF1cw
2050,album,1205,spotify,spotify:album:5HrAO6F8QESAk0pXszaWwK
2051,album,1207,spotify,spotify:album:0GmbB24Ge8288gpTL8U565
2052,album,1210,spotify,spotify:album:54TKCQqJTfYF7P730Nza5q
2053,album,1211,spotify,spotify:album:3PkWTXolCR9RkJrKiAsf55
2054,album,1213,spotify,spotify:album:4VvTxRfrlQPddZ5jyXqSaA
2055,album,1214,spotify,spotify:album:5DMRGZTzA3vVcLDNQS1ynv
2056,album,1217,spotify,spotify:album:4t5NGD8ZQsFAz2hScuxTU6
2057,album,1221,spotify,spotify:album:4Wiupdf3JWSlJuz8Ynwul6
2058,album,1222,spotify,spotify:album:5h0KYWMZIg8xT6eRGYkNMh
2059,album,1225,spotify,spotify:album:4dxBNRPePGqky6mIKGAVsr
2060,album,1229,spotify,spotify:album:7ibEo7IK9E9mi2sU5rJNDC
2061,album,1230,spotify,spotify:album:02lktkm4J7K7N8T63Gm7KX
2062,album,1232,spotify,spotify:album:0ffmwwS9EBmpLAgjblX75O
2063,album,1234,spotify,spotify:album:4IZc3ytzxTCn2iCNHws7mu
2064,album,1236,spotify,spotify:album:02ia0xYRyujnMk3AuCUqoR
2065,album,1237,spotify,spotify:album:3OccL9684tABKQvidYBulW
2066,album,1239,spotify,spotify:album:1MJ7sx0uZvNZlSTVSiEVGR
2067,album,1244,spotify,spotify:album:6DN7GcZF1HywzrkGN6Eeqk
2068,album,1246,spotify,spotify:album:2pIL8lbz2cz2Zg2Da3p9DF
2069,album,1247,spotify,spotify:album:1mrhahrlJu5JfzgeV6Cy8t
2070,album,1252,spotify,spotify:album:5WRbHe6NaCp8jNa38g7hUd
2071,album,1255,spotify,spotify:album:5274bm3fBOfXvlS01qloGp
2072,album,1258,spotify,spotify:album:2ZdUVurLZBrEphCLzX7MdU
2073,album,1260,spotify,spotify:album:14qaQgKzmmDSkLynPDJWTv
2074,album,1261,spotify,spotify:album:18MmURU3LigipnhvZh99Se
2075,album,1262,spotify,spotify:album:3VVniCVJZ8Wj9upW2cKUCM
2076,album,1266,spotify,spotify:album:5gBSKW99o70DheXjXZTJeG
2077,album,1267,spotify,spotify:album:74tdowIpF0bHKuAK5Goec2
2078,album,1274,spotify,spotify:album:2gdTpQn3jIAWM9ybgwqPLM
2079,album,1275,spotify,spotify:album:4XE9M8giGvwLFebTgpCwSc
2080,album,1278,spotify,spotify:album:2dILjp3vQBFZdc7kM8Hfk9
2081,album,1282,spotify,spotify:album:7CzrzGbCwqT8Y43tvIUPBX
2082,album,1284,spotify,spotify:album:54oV0CtDdfiAlwGiixJyS5
2083,album,1287,spotify,spotify:album:60NJRBHljf2l8aARWQF4Ng
2084,album,1288,spotify,spotify:album:34HC4x9rDSNYPt2fwnX0MF
2085,album,1289,spotify,spotify:album:4KA6E9HWDhIiJSv0uTOn1X
2086,album,1290,spotify,spotify:album:3hhDpPtCFuQbppwYgsVhMO
2087,album,1291,spotify,spotify:album:6jnkEgtcxePHtbay62bota
2088,album,1292,spotify,spotify:album:12aqY1VSvY5G0jHg5JMASc
2089,album,1294,spotify,spotify:album:6YAwLAs71WJtwUp7LEdWIk
2090,album,1296,spotify,spotify:album:38vdzwOSCNDvh81G0QmGfk
2091,album,1302,spotify,spotify:album:3CxknRPQLbOJRwQrNekNyU
2092,album,1303,spotify,spotify:album:6czdbbMtGbAkZ6ud2OMTcg
2093,album,1304,spotify,spotify:album:0dCxrv92J8gKDh4zObd2ZZ
2094,album,1305,spotify,spotify:album:2YL3ddwHuiBGumvzcGHyjT
2095,album,1308,spotify,spotify:album:5kE9pfTSekNenqqdlvtBQd
2096,album,1309,spotify,spotify:album:7hFjO2uXyo1zDEXu2GiW3Y
2097,album,1310,spotify,spotify:album:2tU04u3hxtziB4sOVJKak3
2098,album,1312,spotify,spotify:album:6PnO5SKESj6TTQWoWr72TA
2099,album,1313,spotify,spotify:album:4EZDdNda2DHRyqoDgTpS4l
2100,album,1314,spotify,spotify:album:6pwuKxMUkNg673KETsXPUV
2101,album,1315,spotify,spotify:album:187UNqZ7MX3neMYkkevmdm
2102,album,1316,spotify,spotify:album:4Rj8KShBw1IrBW3A7wsEmi
2103,album,1317,spotify,spotify:album:2TcTJLPbXqWvH8vPB19UL0
2104,album,1318,spotify,spotify:album:1M3M7UVL9o2py1sY5A6jk9
2105,album,1319,spotify,spotify:album:67LTX4flSRbvRopq6mja0h
2106,album,1320,spotify,spotify:album:05PAEQcpFzQUxFVmPv67Ga
2107,album,1321,spotify,spotify:album:6o38CdD7CUlZDCFhjZYLDH
2108,album,1323,spotify,spotify:album:4l0MaoNsVg6h02K6umfyU8
2109,album,1324,spotify,spotify:album:4QtC07On8yiD1cZN1zn4RG
2110,album,1325,spotify,spotify:album:3JgtFZroTUGoklTtb2xOne
2111,album,1326,spotify,spotify:album:23lxw9O85GRk4hwgAlTQTq
2112,album,1327,spotify,spotify:album:34YSw3rEPk1V47563BydmG
2113,album,1331,spotify,spotify:album:6qDBfy33RllgJSK41Hcokf
2114,album,1332,spotify,spotify:album:5QgnVZCavVxkONcYsazpCW
2115,album,1334,spotify,spotify:album:0Z48WZ34JSbFEvvpgTJhum
2116,album,1335,spotify,spotify:album:4CjZRdriTNh1CyIEwjzoTB
2117,album,1336,spotify,spotify:album:01FOonRYntwISzaCSa7S7p
2118,album,1337,spotify,spotify:album:3RXrZMSIhU3UOg0cxjIICQ
2119,album,1339,spotify,spotify:album:4gSN3gppjt5ffsdC4xtHAT
2120,album,1342,spotify,spotify:album:5zM1UII5gHlU9hIybU759L
2121,album,1344,spotify,spotify:album:4sYZ2oWpDDgV0dQTXk8StK
2122,album,1345,spotify,spotify:album:6oaYCNrdQ2BPFxGjjVLNBQ
2123,album,1346,spotify,spotify:album:733e1ZfktLSwj96X5rsMeE
2124,album,1347,spotify,spotify:album:5n0fctl7UUnQwMKTU2cppt
2125,album,1348,spotify,spotify:album:6x6UkYPf9ZV3uEVSoTBqZP
2126,album,1349,spotify,spotify:album:2k3Xk2QZPruEfsTnLXL4tv
2127,album,1350,spotify,spotify:album:4hynGWtmIAaKmaOm8snH71
2128,album,1352,spotify,spotify:album:36azJR65BLNOng9MkKAtxE
2129,album,1353,spotify,spotify:album:5mIImcsuqpiSXg8XvFr81I
2130,album,1354,spotify,spotify:album:3hW1TEeZRJ01XycQFABjj9
2131,album,1355,spotify,spotify:album:5APLziXSFb85q5SZP9kQwQ
2132,album,1357,spotify,spotify:album:5MyejkHGSoo5IfTum4VMiw
2133,album,1358,spotify,spotify:album:0NICuwUdAdabpvnHpbTgzy
2134,album,1359,spotify,spotify:album:2EJIGjaVFq9PKinjyA9yOn
2135,album,1360,spotify,spotify:album:4qZBW3f2Q8y0k1A84d4iAO
2136,album,1361,spotify,spotify:album:2ODvWsOgouMbaA5xf0RkJe
2137,album,1362,spotify,spotify:album:6MJPvYn6Xw3PIwUMyNXpS7
2138,album,1363,spotify,spotify:album:793GjzTKqeLWecWiEFT5u4
2139,album,1364,spotify,spotify:album:7Et3bSTLLqdABO1qCxUplS
2140,album,1365,spotify,spotify:album:4LmiDfIReR290PQm026KNF
2141,album,1368,spotify,spotify:album:4HSWIy1jgNMLKxZkmiAP34
2142,album,1369,spotify,spotify:album:5Q5m22P7jIwdMSKXqhrpaN
2143,album,1370,spotify,spotify:album:2PbWFmysd3j9MEacjjhozx
2144,album,1371,spotify,spotify:album:2piZ6h6BZRAIAGp25nPJAS
2145,album,1372,spotify,spotify:album:1V9JapAlT99rVUJzVgv0gJ
2146,album,1373,spotify,spotify:album:0Ryad9M1b1MxSjgXdHCh1c
2147,album,1374,spotify,spotify:album:6VihhA5em01r0pkom28mNb
2148,album,1375,spotify,spotify:album:3WZj606ONpqfLlrystywYt
2149,album,1376,spotify,spotify:album:5Ui8Uj9oHn2yT7Duo0welM
2150,album,1378,spotify,spotify:album:6M8FX7UmvvKWISfxVvxa40
2151,album,1379,spotify,spotify:album:7ldMioHnTpSbHjgZk4Z1Be
2152,album,1380,spotify,spotify:album:3IY9i1u7sWmjmxynX8Q2mj
2153,album,1381,spotify,spotify:album:6ZksrxRWlJ7ExylPyJwfLJ
2154,album,1383,spotify,spotify:album:6BWf3fxsgSDhES4Cm4oyy5
2155,album,1384,spotify,spotify:album:5QHoG6laR98M4SZumgSLkB
2156,album,1385,spotify,spotify:album:10WCcQKzXZot04kzENu62Z
2157,album,1386,spotify,spotify:album:17dsllSewkPuKbkGWU4chD
2158,album,1387,spotify,spotify:album:2pIpBDT8RtmJ5Vhb86BOcd
2159,album,1388,spotify,spotify:album:73TNMu44lT0m1h1Nn6Bfiq
2160,album,1389,spotify,spotify:album:4yP0hdKOZPNshxUOjY0cZj
2161,album,1391,spotify,spotify:album:6fgSKdHloRioPrZ9oJC7FH
2162,album,1392,spotify,spotify:album:5L5evi5tJPh8WaEFAQp7Tp
2163,album,1394,spotify,spotify:album:6EVYTRG1drKdO8OnIQBeEj
2164,album,1395,spotify,spotify:album:3HHNR44YbP7XogMVwzbodx
2165,album,1396,spotify,spotify:album:1nAQbHeOWTfQzbOoFrvndW
2166,album,1398,spotify,spotify:album:1MmVkhiwTH0BkNOU3nw5d3
2167,album,1399,spotify,spotify:album:2Cz3eRzyELm0TJaESOqEVP
2168,album,1403,spotify,spotify:album:3UTp6spxkyTdvsmJDPfb7n
2169,album,1404,spotify,spotify:album:6wRev1uYL0JsMsWqktJuVi
2170,album,1405,spotify,spotify:album:5ELWxtRpadxkLUUvbzpiZO
2171,album,1406,spotify,spotify:album:17FBoXK1NU2rvJBbzdzw0r
2172,album,1407,spotify,spotify:album:1S32Xgyw2S1PHgkVyPU1AQ
2173,album,1409,spotify,spotify:album:46WCq8QQ9gzZ4iEWjv2gQw
2174,album,1410,spotify,spotify:album:39Hh5k01di42nUCLn8Wxqu
2175,album,1411,spotify,spotify:album:1d8QVW7lyCuL2lX8vkxnJa
2176,album,1412,spotify,spotify:album:7K6OykPbezfgKgBufihn6X
2177,album,1414,spotify,spotify:album:2JfXJhfB5nIxwk4AJNNimU
2178,album,1416,spotify,spotify:album:05oVghsqITa33yHnbW7uPz
2179,album,1417,spotify,spotify:album:3vi20DRHkqv4HyVg9Rt9wC
2180,album,1421,spotify,spotify:album:1pp9Xql2oo2vmb8jq6dq0U
2181,album,1422,spotify,spotify:album:2Dbe9L757CSQbhnbW5PVSH
2182,album,1423,spotify,spotify:album:0JA38Ekhsv43y2lBj5GQkQ
2183,album,1424,spotify,spotify:album:1neQLR34TeWpVhyBRmJ6gj
2184,album,1425,spotify,spotify:album:5VdyJkLe3yvOs0l4xXbWp0
2185,album,1426,spotify,spotify:album:1IqLnOUfS2sl4LcAUmWErF
2186,album,1427,spotify,spotify:album:7BKnEJrmoyUsrYM5Bqj93H
2187,album,1428,spotify,spotify:album:5NqQLA1NCo6hP2GHiHxip5
2188,album,1429,spotify,spotify:album:4IAMLhL37kMrpByavj25Ne
2189,album,1431,spotify,spotify:album:4eLPsYPBmXABThSJ821sqY
2190,album,1432,spotify,spotify:album:3EqODYPkWXDfEZnXKwqf8P
2191,album,1433,spotify,spotify:album:5c2AzoNyr46fCQM5d8mxE0
2192,album,1434,spotify,spotify:album:67smHJOf5YlFwad6dAlppm
2193,album,1435,spotify,spotify:album:0XnqQzdSFAml08XZoRt1St
2194,album,1437,spotify,spotify:album:3FHMLI0Vz2t0gdypH1yImX
2195,album,1438,spotify,spotify:album:5Gm2XKBgnlzd6qTi7LE1z2
2196,album,1439,spotify,spotify:album:4JR29CNW14Zc4Z5vflxkoJ
2197,album,1440,spotify,spotify:album:6ZKRu38HcgmoIaJwj61XgD
2198,album,1441,spotify,spotify:album:4XLPYMERZZaBzkJg0mkdvO
2199,album,1442,spotify,spotify:album:2oI6gtIXrvNiL2VEMmj5kY
2200,album,1443,spotify,spotify:album:766a5fKJYFy9ii4Kz2bQy9
2201,album,1444,spotify,spotify:album:5fqlZFKYqvkIe2jdDGt2nl
2202,album,1445,spotify,spotify:album:2Dn4ABFUYJbrlMF7K12RT3
2203,album,1446,spotify,spotify:album:6nuyCZwPP0gdYpdoNCfhVU
2204,album,1447,spotify,spotify:album:0Pj2aV85cvmOX4E9duAR99
2205,album,2975,spotify,spotify:album:0DdPI0pzTRV6uT4ty2JBpF
2206,album,1448,spotify,spotify:album:7gM7hzaKaDc0cmWMrNwoo4
2207,album,1449,spotify,spotify:album:7sL2HnpqLO8uAdV6YlHLl4
2208,album,1450,spotify,spotify:album:6GHHoK6LC0Y36nYsouK8qR
2209,album,1451,spotify,spotify:album:0mlSanObCAti0PvharqR1u
2210,album,1452,spotify,spotify:album:39VuC5rYQHAnR6xQwm1WDk
2211,album,1453,spotify,spotify:album:3bYMVNcOHLDv2z6yWEl3yb
2212,album,1454,spotify,spotify:album:0pHBAMqbhNHDHrNGqVZgkY
2213,album,1455,spotify,spotify:album:6vWPa9ZBLjjh7jsG4hRskQ
2214,album,1456,spotify,spotify:album:2JtlTPzThXs3Pvz8V2iBIB
2215,album,1457,spotify,spotify:album:6YPL3wyfD6CrqqWkn1zIdO
2216,album,1458,spotify,spotify:album:2n3quCZ0anEa46j2IveacI
2217,album,1459,spotify,spotify:album:1gPqbxhs90kppgOVxGOPzd
2218,album,1460,spotify,spotify:album:4NIsKATEssBSrAl40JlZs5
2219,album,1461,spotify,spotify:album:3QQy2CtmfKbdDMIOfP0ZXQ
2220,album,1462,spotify,spotify:album:7J6CZ3yL73YO2i58aJuQQI
2221,album,1463,spotify,spotify:album:5mvSDnz2P0FOn19jMvlr5q
2222,album,1464,spotify,spotify:album:5k21b6J72f19J3NmPXgPUu
2223,album,1466,spotify,spotify:album:5JeUjX56YwpnqOgCPzq7LQ
2224,album,1467,spotify,spotify:album:5e82uQW57EpmAOCJvLKMpr
2225,album,1468,spotify,spotify:album:4KzJG9VVC0zxlZrRqJTCvE
2226,album,1470,spotify,spotify:album:7EPmezGIzLHj7LeTtLYhJZ
2227,album,1471,spotify,spotify:album:5k5sTMloKm2hXD725RH3CY
2228,album,1474,spotify,spotify:album:3q01Cg28JWbJpKJcRo9aN7
2229,album,1476,spotify,spotify:album:3pqOz6ufzMEnuec96bCb1O
2230,album,1477,spotify,spotify:album:1KVlcpGfBaYoRTYKz8X5qY
2231,album,1478,spotify,spotify:album:74Q0uOTdCZMZ07P5Im7582
2232,album,1479,spotify,spotify:album:3vyMhFtK8R0cFoMfnBfztb
2233,album,1480,spotify,spotify:album:2yxruDmnMwXESmZs41Vy9f
2234,album,1481,spotify,spotify:album:0P4u1ZRM6CXePgpeF8ShmN
2235,album,1482,spotify,spotify:album:5ydx8HEoTmJrxZuPKcTU4V
2236,album,1483,spotify,spotify:album:26RLXRJA7aOOffZJGjUaSW
2237,album,1484,spotify,spotify:album:1jEbsBUDqAbPrIO6cbWZtI
2238,album,1485,spotify,spotify:album:1tiCHRx9AI11hfcLmkGEXT
2239,album,1487,spotify,spotify:album:2WEWbQIZobdIqghaVm3FA9
2240,album,1488,spotify,spotify:album:5B0QwDeONS8Awmlo0sevwd
2241,album,1489,spotify,spotify:album:0djZBLLoZgWveXvSGQ6AHI
2242,album,1490,spotify,spotify:album:3vQuGKQJMfdXmkjRKqUesk
2243,album,1491,spotify,spotify:album:4XhdHEPifvpnVUa4S33548
2244,album,1492,spotify,spotify:album:2WvZxqKE5A95dUo4fOvrC8
2245,album,1493,spotify,spotify:album:3PZx4Vntcp5T7UgdfjnFDa
2246,album,1494,spotify,spotify:album:7qVDenYLhKEuQNZnP5h5Do
2247,album,1495,spotify,spotify:album:7HPB3YavgcSQDEuwMVRZvX
2248,album,1496,spotify,spotify:album:3HHp5I6Q6SEyU5bkvoCtnV
2249,album,1497,spotify,spotify:album:5n1GSzC1Reao29ScnpLYqp
2250,album,1498,spotify,spotify:album:7mvR7AK1jWBAcRjtLDiDu1
2251,album,1499,spotify,spotify:album:07bIdDDe3I3hhWpxU6tuBp
2252,album,1500,spotify,spotify:album:0hmFRR0pDSZIAvoJqEFSKv
2253,album,1501,spotify,spotify:album:3XzSOIE6zGLliuqsVGLmUc
2254,album,1502,spotify,spotify:album:6zRk8SdWozgrlByoZJkCjM
2255,album,1503,spotify,spotify:album:4Wv5UAieM1LDEYVq5WmqDd
2256,album,1504,spotify,spotify:album:0MXpE6m0mEK0r3TuERb9Yd
2257,album,1505,spotify,spotify:album:3CCnGldVQ90c26aFATC1PW
2258,album,1506,spotify,spotify:album:1nrVofqDRs7cpWXJ49qTnP
2259,album,1507,spotify,spotify:album:05LEST8E8mkEIl2LRfUkcI
2260,album,1508,spotify,spotify:album:2Lm2otWdTB4ChDfvbRXHIu
2261,album,1509,spotify,spotify:album:2Tyx5dLhHYkx6zeAdVaTzN
2262,album,1510,spotify,spotify:album:68eCLrmTo4kplm2mMASwW2
2263,album,1511,spotify,spotify:album:2Ql5IIdZIiGFsNNy0O87ZA
2264,album,1512,spotify,spotify:album:0p1gRBM21ILOXDTaHWqrse
2265,album,1514,spotify,spotify:album:45ba6QAtNrdv6Ke4MFOKk9
2266,album,1515,spotify,spotify:album:2nkto6YNI4rUYTLqEwWJ3o
2267,album,1516,spotify,spotify:album:5zi7WsKlIiUXv09tbGLKsE
2268,album,1518,spotify,spotify:album:1UIlzhqJLiA3f6OVw7QKn6
2269,album,1519,spotify,spotify:album:71VX8yv9T2hNIYVZJVUWVp
2270,album,1520,spotify,spotify:album:6OGzmhzHcjf0uN9j7dYvZH
2271,album,1521,spotify,spotify:album:0iqqnLXoocsMeCYlTw3Q2q
2272,album,1522,spotify,spotify:album:7yOOPJjNelITCaYMqk8V6r
2273,album,1523,spotify,spotify:album:3MATDdrpHmQCmuOcozZjDa
2274,album,1524,spotify,spotify:album:7uSaHPXSYaRB3FxLOmatG9
2275,album,1525,spotify,spotify:album:4XPUXLAWXqM3uWMTucItjd
2276,album,1526,spotify,spotify:album:1Fh1gzTOImG12M35w3nqQF
2277,album,1527,spotify,spotify:album:712VoD72K500yLhhgqCyVe
2278,album,1528,spotify,spotify:album:5CN0cIlAqXEKvG46FEHp0X
2279,album,1529,spotify,spotify:album:390kChxmDD7GIjAgvbHXfW
2280,album,1530,spotify,spotify:album:0gogCIBdXMS2ZR3FtWqAav
2281,album,1531,spotify,spotify:album:4rJDCELWL0fjdmN9Gn4f4g
2282,album,1532,spotify,spotify:album:2NwAbsKSl0jrpFw7nyeX8v
2283,album,1533,spotify,spotify:album:07ElwjWGMXVNlQG4TsVn9H
2284,album,1534,spotify,spotify:album:3tXVxjXrXJMTBXorraiZHQ
2285,album,1535,spotify,spotify:album:672pz5JhJRTxnZI1geENtw
2286,album,1536,spotify,spotify:album:2ydmGsz8W6qDq2UgotdxzR
2287,album,1537,spotify,spotify:album:5kDmlA2g9Y1YCbNo2Ufxlz
2288,album,1538,spotify,spotify:album:2D2boDrCPl6idtxpJF6r38
2289,album,1541,spotify,spotify:album:74iv82AYPjxyWpGbt9LNuP
2290,album,1542,spotify,spotify:album:0OcMap99vLEeGkBCfCwRwS
2291,album,1543,spotify,spotify:album:3PW5MsVzczcNRhHiPj6h7y
2292,album,1545,spotify,spotify:album:61EgDesQnFVyYf2UneM9PQ
2293,album,1547,spotify,spotify:album:2VMGv3inRLPM4GOMXf37qu
2294,album,1550,spotify,spotify:album:38qjFxaMcaV2ldcjFAxsus
2295,album,1551,spotify,spotify:album:4wYkDG4lbvtVswFs1ucozo
2296,album,1554,spotify,spotify:album:3r46DPIQeBQbjvjjV5mXGg
2297,album,1556,spotify,spotify:album:5Co3CGD9lBQVNnn7q0px1g
2298,album,1558,spotify,spotify:album:5GP5919WsmNXqjuFnTdhUY
2299,album,1559,spotify,spotify:album:5jXefpcNBZ0iuUGX7eZlXu
2300,album,1560,spotify,spotify:album:2lsaczmzeH0JzES2smG9hU
2301,album,1561,spotify,spotify:album:12ZapVm175GuVRuEKuJHOX
2302,album,1562,spotify,spotify:album:39LWVcWN0HG7SF27UiuW9b
2303,album,1563,spotify,spotify:album:61qZNYEcs1dWh2a1CljBRZ
2304,album,1566,spotify,spotify:album:0CUfnbS2R6V71QB2iC3Avp
2305,album,1567,spotify,spotify:album:46zD64mG9wIYylzJaMqpHV
2306,album,1568,spotify,spotify:album:3jZFFUYxz0504QmlBivb7T
2307,album,1569,spotify,spotify:album:3XW5Nd80zqLaKC8rSRqx3m
2308,album,1571,spotify,spotify:album:65bIyEn06DYO7oFkEYKOdl
2309,album,1572,spotify,spotify:album:5opAMGIf8Hn7xIaTPdHFDv
2310,album,1573,spotify,spotify:album:2KDD5kHV5lhvU97AE1sXtG
2311,album,1574,spotify,spotify:album:3Ho2zi28ZvsE1j3uKCdMDO
2312,album,1575,spotify,spotify:album:4V92Puney9WxGPecKtLG4L
2313,album,1578,spotify,spotify:album:34wa3zf2prXFMk47t9zHFG
2314,album,1579,spotify,spotify:album:5M8U1qYKvRQHJJVHmPY7QD
2315,album,1582,spotify,spotify:album:5rG6Ih8hHqJ6MX6ml5QiOl
2316,album,1583,spotify,spotify:album:5I48ENiZiaZZSOpec6PdS5
2317,album,1586,spotify,spotify:album:1DtWqPHmiRrqtLiHQZkK7Y
2318,album,1587,spotify,spotify:album:17tLyn0tBCYOeKZC2iaFRE
2319,album,1588,spotify,spotify:album:6vBGI5522jvPi0ZZuGQNp4
2320,album,1591,spotify,spotify:album:0QHQ3Jya66uxgdTG9DM2e5
2321,album,1593,spotify,spotify:album:3wivyOdotHWZ9dcuXMjPKT
2322,album,1595,spotify,spotify:album:0ny6mZMBrYSO0s8HAKbcVq
2323,album,1596,spotify,spotify:album:3WdCWL7bYtiSLRAlxxq1Q2
2324,album,1598,spotify,spotify:album:7oMcO4p7P1JtJR2G1v2NoK
2325,album,1599,spotify,spotify:album:4A9VIgipTpqFKBgfMHNtgB
2326,album,1600,spotify,spotify:album:1q44CVjvRCttddLPmGgZtG
2327,album,1601,spotify,spotify:album:1gEGRhDmUBbWEIHWPzERrr
2328,album,1602,spotify,spotify:album:3o3V2BVzkZ4kYKqcPBmxrH
2329,album,1603,spotify,spotify:album:200p7O3raeXT2jNhmzK4TE
2330,album,1604,spotify,spotify:album:3mjzDTUEi3sABdt3Wb4udC
2331,album,1605,spotify,spotify:album:3S9t2MD1HLBshrczST9ULW
2332,album,1606,spotify,spotify:album:5yaUrYOylXyPC7jEV0o2YZ
2333,album,1607,spotify,spotify:album:7cembgX5mpEafu9m36iw6G
2334,album,1608,spotify,spotify:album:0ZaOvbTOA7o4o3YmGAcnlu
2335,album,1611,spotify,spotify:album:0FU4Eo42Oyg1We3eRrOf4m
2336,album,1613,spotify,spotify:album:0G5ZHFj5VmvIWEAuF8NEIT
2337,album,1616,spotify,spotify:album:3hqr2lQ7zQdnyguyuID177
2338,album,1617,spotify,spotify:album:2Et1zCGLvIg29iJLne2shW
2339,album,1619,spotify,spotify:album:2UhPCUgK2IGUrg7lIvMYfb
2340,album,1620,spotify,spotify:album:59FWajrRYfw3QEoR3VSNc7
2341,album,1621,spotify,spotify:album:67nqYhvjDyJXGD64937Lw3
2342,album,1622,spotify,spotify:album:0L4QIKWbMwDKp9ZGUxo8RL
2343,album,1623,spotify,spotify:album:4seyLe1WMj53X4MJuFn5Yr
2344,album,1624,spotify,spotify:album:5jQlSnsavt8afiXBFDNE8I
2345,album,1625,spotify,spotify:album:7gPDBvn3SRgtSmVFjqe6xI
2346,album,1626,spotify,spotify:album:5yTSUJL8NVaMz8oJMRYjPP
2347,album,1627,spotify,spotify:album:2FAbzVQJMYYOdadaEjnRkt
2348,album,1628,spotify,spotify:album:3P3RUuOyZSMUOzQp34kFzd
2349,album,1630,spotify,spotify:album:7MoLQ8vckhwBbQqEYQTYQC
2350,album,1631,spotify,spotify:album:45AcY6DFGCp9wYlAIu2Itu
2351,album,1632,spotify,spotify:album:4Qvh33TMiFWZIOoSMcM4PM
2352,album,1633,spotify,spotify:album:09ZGdaL9F1eSqKS8U9sKFt
2353,album,1634,spotify,spotify:album:2fqrB2RIltFZZkJ48SJXa9
2354,album,1636,spotify,spotify:album:4P4cAnUDsuJLSQAm6ZdGSo
2355,album,1638,spotify,spotify:album:4d9hVjMEIOU2Gi50ng26O6
2356,album,1639,spotify,spotify:album:5pMShIZc6oWiEtcQvXsKfb
2357,album,1645,spotify,spotify:album:06bWVYGuHEdeYaV08EvpQS
2358,album,1646,spotify,spotify:album:5djciKtjqkY9ZQ1OhKICXN
2359,album,1647,spotify,spotify:album:5OsHMGOg6lRV9REoVxbcWA
2360,album,1648,spotify,spotify:album:2rzDFcxFjDp2dJyzEPMXB2
2361,album,1649,spotify,spotify:album:6cQ4ezGz3UQCtHUnJGUZLv
2362,album,1650,spotify,spotify:album:2lJXJAnla8BhTgiSWp9je6
2363,album,1651,spotify,spotify:album:3MJVucN9nO8WHaLo3KHuWO
2364,album,1652,spotify,spotify:album:2gWrUaBkh1uQARjbjvUGNp
2365,album,1653,spotify,spotify:album:7zURSbIVZ5vl3NIKkrVRvl
2366,album,1655,spotify,spotify:album:7FK1855C3n1Q0RKbmvl7ll
2367,album,1656,spotify,spotify:album:33lk2GnP8cJzl7cd1OJrXn
2368,album,1657,spotify,spotify:album:3WvQpufOsPzkZvcSuynCf3
2369,album,1658,spotify,spotify:album:0yIjk2txSqQkvU9g46StJ7
2370,album,1659,spotify,spotify:album:3gurImGjg1P0aoBJ6ypzC1
2371,album,1661,spotify,spotify:album:2OKf5WlgqFgszrDsxMq07t
2372,album,1662,spotify,spotify:album:7ctCScnWG0nMedlfUiauOk
2373,album,1663,spotify,spotify:album:5K1VGWKvS7YU2hEEP1UqVi
2374,album,1664,spotify,spotify:album:2nkHPk6e7TgemWh07yFHxh
2375,album,1665,spotify,spotify:album:3r25XjxAmLMOhOWoV6X8N9
2376,album,1666,spotify,spotify:album:1oRFXTDboyfWXB0c1z6QiT
2377,album,1667,spotify,spotify:album:21dTXIKc4O3tNNHMiOsOQ1
2378,album,1668,spotify,spotify:album:0MUCej3ZQTCaU1u1lAyWJC
2379,album,1669,spotify,spotify:album:6CM5qhYBvpgYNek5kYwuOJ
2380,album,1670,spotify,spotify:album:0v216tN7nYI6TmDu4s7c3h
2381,album,1671,spotify,spotify:album:6tqa7pPWXrtdGVFqZx3b1j
2382,album,1672,spotify,spotify:album:4JPaMZYOBEg5Yzq68vZvIp
2383,album,1673,spotify,spotify:album:31KbO7WnDp2AjPdmRTJzdf
2384,album,1674,spotify,spotify:album:066HQnZGr7Tzjq8qZVEgcQ
2385,album,1675,spotify,spotify:album:5xT3T40c8JCeLagNnBcgfw
2386,album,1676,spotify,spotify:album:0gF7hWwicWPC4dm9VrXAmK
2387,album,1677,spotify,spotify:album:0BolFrIcCXXppUK50ETvgy
2388,album,1678,spotify,spotify:album:79ONNoS4M9tfIA1mYLBYVX
2389,album,1679,spotify,spotify:album:3HqmX8hGcbbQZODgayNEYx
2390,album,1680,spotify,spotify:album:0HO6tgtGKAZTGGC7nk8dYQ
2391,album,1681,spotify,spotify:album:2pGf7mMaV60uMDchGAMcXF
2392,album,1682,spotify,spotify:album:15iSR05cslUeYgf2kuWDhu
2393,album,1683,spotify,spotify:album:54tJsoenzgUlUokisFrWVA
2394,album,1684,spotify,spotify:album:31QCnHMnS7Cb4UdJkubgrr
2395,album,1686,spotify,spotify:album:2nLOHgzXzwFEpl62zAgCEC
2396,album,1687,spotify,spotify:album:7Cw4LObzgnVqSlkuIyywtI
2397,album,1688,spotify,spotify:album:3VHFFHjes58Bu52Kyec26i
2398,album,1689,spotify,spotify:album:1KyAtKe8X3AbduIJJ6SCRU
2399,album,1690,spotify,spotify:album:5JkBjXRwt3d92gBY3g84Mx
2400,album,1691,spotify,spotify:album:1QlwdrB0YycnoWOH1JqCqh
2401,album,1692,spotify,spotify:album:7c5hc427AhOBKn6ZnA9YPX
2402,album,1693,spotify,spotify:album:7uz7jzFh6sK7qUEZuLaqzl
2403,album,1694,spotify,spotify:album:7mKzF19FA7OVsWkT7hjk3K
2404,album,1696,spotify,spotify:album:0YHrFLfeGjkhEhYSCimYdB
2405,album,1697,spotify,spotify:album:2CMtzMvCw8YhK2pEFHKTes
2406,album,1698,spotify,spotify:album:6Y3u5ufMRQU8pCjSSl3zN0
2407,album,1699,spotify,spotify:album:071ZoYVL38NR1WnPP6jAHz
2408,album,1701,spotify,spotify:album:6UCnARt06DDqBASaO8sBaz
2409,album,1702,spotify,spotify:album:7GoZNNb7Yl74fpk8Z6I2cv
2410,album,1704,spotify,spotify:album:6WBUyDe1Xy8QRwF6wzhJsY
2411,album,1705,spotify,spotify:album:4TPi1tGDVXCdQOjn4NSRaB
2412,album,1706,spotify,spotify:album:6OHZ8QAgIJC7nPwACpWqG8
2413,album,1708,spotify,spotify:album:1MrBtygrsb5xa74FXK4kkw
2414,album,1709,spotify,spotify:album:2X7s6Gt8Xz2qEwlw4GVcQo
2415,album,1710,spotify,spotify:album:08E3C1RudyBPfXwhxxIPjm
2416,album,1711,spotify,spotify:album:3KemAqTdgRAp1ZKInbgxyq
2417,album,1712,spotify,spotify:album:6KX1EazmfugSG0FPBfAqQN
2418,album,1713,spotify,spotify:album:16vEZJwRoyWuzL15o8y6cR
2419,album,1714,spotify,spotify:album:0ssmI1Nu1oYmi13w6GaiDJ
2420,album,1715,spotify,spotify:album:2JFAT4IDF89ZMmuxoOKbQ1
2421,album,1716,spotify,spotify:album:0fUy6IdLHDpGNwavIlhEsl
2422,album,1717,spotify,spotify:album:06UOP7uyZN8AIYH6U20VkP
2423,album,1718,spotify,spotify:album:7EpUpNUkkEGnaCvkcn1j4H
2424,album,1719,spotify,spotify:album:51KZKzPd3OQT1r46a55VTt
2425,album,1720,spotify,spotify:album:2aoSpTAjFaMvaZeruqnCVv
2426,album,1721,spotify,spotify:album:5xYelOucTX5yIB93L6CVo4
2427,album,1722,spotify,spotify:album:6Pb7PMZtW0fuEM1lCGvCDu
2428,album,1723,spotify,spotify:album:32iVvfIYkmugGRxcTlzYjr
2429,album,1724,spotify,spotify:album:5tPp4HFzqKWzPw46x1GIlg
2430,album,1728,spotify,spotify:album:4ajLFz7v94SsoNAPY5zCMF
2431,album,1729,spotify,spotify:album:4B5Gzemxj0Adg1LCMN9PVp
2432,album,1730,spotify,spotify:album:4cIcY14P7NSdOvpW1wJMev
2433,album,1731,spotify,spotify:album:7z9NFSRufj49W9kaD2rORj
2434,album,1732,spotify,spotify:album:3Ks0eeH0GWpY4AU20D5HPD
2435,album,1733,spotify,spotify:album:59VjMEiXIOpzLAMAHrLlfj
2436,album,1734,spotify,spotify:album:3MwuzX0j37H9SYVH78Oavt
2437,album,1735,spotify,spotify:album:7KtyUeiJidoZO0ybxBXw0Q
2438,album,1737,spotify,spotify:album:1t05YAzxjK1HqLD2KcBjx5
2439,album,1738,spotify,spotify:album:5LsyqeWryTmxsmda4xkm5a
2440,album,1739,spotify,spotify:album:35C2QYq4OgkEXETksStyzz
2441,album,1740,spotify,spotify:album:4w1BBgCcUVv54r3zJenKpG
2442,album,1741,spotify,spotify:album:138M0lORis5tDxurpIbd7V
2443,album,1743,spotify,spotify:album:51WLEfPEEkzAWurvuY6Gco
2444,album,1744,spotify,spotify:album:5UWKsRDw3O4BsobmeyRpB9
2445,album,1746,spotify,spotify:album:4aTYhHG0A0MX8iBQ4UTgoN
2446,album,1747,spotify,spotify:album:6Te111t5gDZ7W94myHRqUt
2447,album,1748,spotify,spotify:album:40L9yPrh6yD1ECI3ofNfPc
2448,album,1749,spotify,spotify:album:3tFjhFPqGhhLrCULnPu7Wy
2449,album,1750,spotify,spotify:album:2VBF1VUAfb250CHkaReyAz
2450,album,1751,spotify,spotify:album:0MV1yCXcNNQBfwApqAVkH0
2451,album,1752,spotify,spotify:album:0Wf65emw9eAwbjJ45gMMqp
2452,album,1753,spotify,spotify:album:2VVvm4zJlUQm9XmBCvGN6z
2453,album,1755,spotify,spotify:album:0UqZZstwaKzBuNLXPZANxa
2454,album,1756,spotify,spotify:album:6t7956yu5zYf5A829XRiHC
2455,album,1757,spotify,spotify:album:5bCk3kWAy2JbbTfHqzZCII
2456,album,1758,spotify,spotify:album:2evskaXutnTkQAaZeT4PQb
2457,album,1759,spotify,spotify:album:3A1vnUJDPz0xYMful9pO4I
2458,album,1760,spotify,spotify:album:16XHoXcTPdm7CczEvLNlMP
2459,album,1761,spotify,spotify:album:6trNtQUgC8cgbWcqoMYkOR
2460,album,1762,spotify,spotify:album:52u4anZbHd6UInnmHRFzba
2461,album,1763,spotify,spotify:album:2uDTi1PlpSpvAv7IRAoAEU
2462,album,1764,spotify,spotify:album:0FgZKfoU2Br5sHOfvZKTI9
2463,album,1765,spotify,spotify:album:1jlIU9p7PChTK3AeqNpnsX
2464,album,1766,spotify,spotify:album:41GuZcammIkupMPKH2OJ6I
2465,album,1767,spotify,spotify:album:2yXnY2NiaZk9QiJJittS81
2466,album,1768,spotify,spotify:album:2WrNHOba5u6P9S9xEboaUy
2467,album,1769,spotify,spotify:album:2ZiBfBw770CJC0f4SI1Tji
2468,album,1770,spotify,spotify:album:59zpaLOByFkJhc9D5Xqna9
2469,album,1771,spotify,spotify:album:4TzzpYnIMI8opSO9koKKVG
2470,album,1773,spotify,spotify:album:1NsTSXjVNE7XmZ8PmyW0wl
2471,album,1774,spotify,spotify:album:0zhZDmHEtDtok393SbZ3d7
2472,album,1775,spotify,spotify:album:24nydg8i966CawS06yCtZh
2473,album,1776,spotify,spotify:album:1Sf8GsXG32t0jNrX11xqWx
2474,album,1777,spotify,spotify:album:1I6FpscJIfwf4T56VxGVsB
2475,album,1778,spotify,spotify:album:0zicd2mBV8HTzSubByj4vP
2476,album,1779,spotify,spotify:album:1nzUj7VkiaytMmf2KrhK2L
2477,album,1780,spotify,spotify:album:7IyoGB8J31fvQDwGtHAq9m
2478,album,1781,spotify,spotify:album:5qkWpkGMULLVnSHb3Sej4X
2479,album,1782,spotify,spotify:album:0jk3nAmtiIfwLU4CvDDMaS
2480,album,1783,spotify,spotify:album:0yUIOWzxCCrue3TrcPH7Da
2481,album,1784,spotify,spotify:album:0VtMPojCVDeVpSYDi2cLZA
2482,album,1785,spotify,spotify:album:7z4GhRfLqfSkqrj5F3Yt2B
2483,album,1786,spotify,spotify:album:7q6zjWaLw8bN5nYiBWjrus
2484,album,1787,spotify,spotify:album:7gsWAHLeT0w7es6FofOXk1
2485,album,1788,spotify,spotify:album:3Fndz4R2ndDuYLl5DzvetO
2486,album,1789,spotify,spotify:album:1ycznG3LhQlSjewqf1X8Ik
2487,album,1790,spotify,spotify:album:6AT1MTc40vVywO2hpZJ3CB
2488,album,1791,spotify,spotify:album:6HleZC7awrPgDMcjvmIR1r
2489,album,1792,spotify,spotify:album:0WZsGW0OUryoVQ4LnPtAJY
2490,album,1793,spotify,spotify:album:4JAvwK4APPArjIsOdGoJXX
2491,album,1794,spotify,spotify:album:0h7Rqxud5GknQMMoLHNx80
2492,album,1795,spotify,spotify:album:66EwBbt2kPgugo8Wz0SKAw
2493,album,1796,spotify,spotify:album:1aRkJ2n9HsHuyakKVXaMe6
2494,album,1797,spotify,spotify:album:6ViO9Wx6dWzeUq6DmGTaHl
2495,album,1798,spotify,spotify:album:2Ek1q2haOnxVqhvVKqMvJe
2496,album,1799,spotify,spotify:album:1ImqgYGNjfTGYEfQMYYbRs
2497,album,1800,spotify,spotify:album:7fd7SEK25VS3gJAUgSwL6y
2498,album,1801,spotify,spotify:album:40GMAhriYJRO1rsY4YdrZb
2499,album,1802,spotify,spotify:album:429Bd8x5qNmBK9z6lyOXr6
2500,album,1803,spotify,spotify:album:41S750enpnZ3Qmas9zhNnm
2501,album,1805,spotify,spotify:album:2OQEAqShAl6SodrGhmYZ4Z
2502,album,1806,spotify,spotify:album:6xlQNGdro3cCcn8v1ZEGm3
2503,album,1807,spotify,spotify:album:14EzA7MWoKYPjzjeT4gtj3
2504,album,1808,spotify,spotify:album:0fEO7g2c5onkaXsybEtuD2
2505,album,1809,spotify,spotify:album:15Id9Jrqab8IwHFirdrrLp
2506,album,1810,spotify,spotify:album:42WVQWuf1teDysXiOupIZt
2507,album,1811,spotify,spotify:album:5c9v5oU43Oo22MSG8EKFp2
2508,album,1812,spotify,spotify:album:4dsMe3EBC8xURaxMhyorgf
2509,album,1813,spotify,spotify:album:1eVrpJbHRLBbioB9sb5b94
2510,album,1814,spotify,spotify:album:5MS3MvWHJ3lOZPLiMxzOU6
2511,album,1815,spotify,spotify:album:0smWYh2nQsaZNonBGZpZMn
2512,album,1816,spotify,spotify:album:4MDMfOdhV1IyoRnklwOHG9
2513,album,1817,spotify,spotify:album:4Q9gIbDuQiVOexTyDxx9V0
2514,album,1818,spotify,spotify:album:0CbBgFprmJ1LjDQDMKq6eS
2515,album,1819,spotify,spotify:album:6oEICQkozJ4HRWsetBGUl7
2516,album,1820,spotify,spotify:album:4YqXHbPtEXINS3CBtKfCyO
2517,album,1822,spotify,spotify:album:4MoVPs5mVFmZ4N6RmNTFWB
2518,album,1823,spotify,spotify:album:17cSW3X8DeEW7RRzPvcpLf
2519,album,1824,spotify,spotify:album:1ozpmkWcCHwsQ4QTnxOOdT
2520,album,1825,spotify,spotify:album:3WjDB3j2yZL4g0hBGHF04i
2521,album,1826,spotify,spotify:album:2aTOwGU66ocsf8IQpOI0XZ
2522,album,1828,spotify,spotify:album:4IwODpNZKFYkHWXSeWMGmP
2523,album,1829,spotify,spotify:album:67ErXRS9s9pVG8JmFbrdJ0
2524,album,1830,spotify,spotify:album:3o09FMrUQ5TVBUYb6msCMi
2525,album,1831,spotify,spotify:album:4ezBRagdFJB8UXnmDWdFBv
2526,album,1832,spotify,spotify:album:1aefUsOlozdtYI6ukHvrpp
2527,album,1833,spotify,spotify:album:7doW9YWOtpmqHBqAUuBaKO
2528,album,1834,spotify,spotify:album:5esDxI1Ii86YJV3O3P1p9R
2529,album,1835,spotify,spotify:album:0pFydyko4Iw450abXlDPpp
2530,album,1836,spotify,spotify:album:50yFYgKdwJANZ5O9MIbMkg
2531,album,1837,spotify,spotify:album:73ZvpuYhKDr2FW4vlPsTpW
2532,album,1838,spotify,spotify:album:3SHx7bBQFI4J8QRr6D5cOK
2533,album,1839,spotify,spotify:album:1ExDe4fIz9qX6tkHUWjzEw
2534,album,1840,spotify,spotify:album:7mkyc2BUahNfo0orKzqNGB
2535,album,1841,spotify,spotify:album:53aYSRJmJeUO800GL3Wa1C
2536,album,1842,spotify,spotify:album:6anFwVV3gBuCNINmz4Vnvz
2537,album,1843,spotify,spotify:album:5xqQtdlJUY7Fg4BMp13LrX
2538,album,1844,spotify,spotify:album:57PgT4iuDurzlJnkYjrpce
2539,album,1845,spotify,spotify:album:4i6KjnFGagY9MAreJgD1sz
2540,album,1846,spotify,spotify:album:7txGsnDSqVMoRl6RQ9XyZP
2541,album,1847,spotify,spotify:album:5ee7NlaQZi5TYOXRghp04b
2542,album,1848,spotify,spotify:album:5wlqekVOKMlrcpMrlUfwW5
2543,album,1849,spotify,spotify:album:4V6qjHa2otWYkYHB6bdO1S
2544,album,1850,spotify,spotify:album:0TpMAy5WPGObUkL5LPuuMc
2545,album,1851,spotify,spotify:album:3cf4iSSKd8ffTncbtKljXw
2546,album,1853,spotify,spotify:album:2Wiyo7LzdeBCsVZiRA6vVZ
2547,album,1854,spotify,spotify:album:3rtivE127HwnoeDg1UtMde
2548,album,1855,spotify,spotify:album:5crb9dnyyPtMrmHceD1UFS
2549,album,1856,spotify,spotify:album:5QggMarydTxiGGGxiwvsIc
2550,album,1857,spotify,spotify:album:62IgDbNTi6rvc11a1XgCd4
2551,album,1860,spotify,spotify:album:7aSjaEi3OQ2aZemcJDhMb1
2552,album,1861,spotify,spotify:album:6DGCEJKSnaK626YgoElkjk
2553,album,1862,spotify,spotify:album:6CN9tFUX2EQIMakX86sN3R
2554,album,1863,spotify,spotify:album:6nfJMRoIjyRwk3ZTHNm0PY
2555,album,1864,spotify,spotify:album:6ZOa1wCHW2fZlsIYh8Yyw4
2556,album,1865,spotify,spotify:album:1gO4yXWqgAcGx7sZ2Av2LZ
2557,album,1866,spotify,spotify:album:3C8QtpOHg5hEJygE1ywfHN
2558,album,1867,spotify,spotify:album:7gT4IDM5LLU3z9uU2tcbB6
2559,album,1868,spotify,spotify:album:2p7N9F15eLhvLOCjHhX9gl
2560,album,1869,spotify,spotify:album:1Wmvid9DMr8fyqyW33wAHy
2561,album,1870,spotify,spotify:album:4dH9mpwlQTAASexmCQ3oik
2562,album,1871,spotify,spotify:album:5FSOB0Mq93M07ca5uoapuF
2563,album,1872,spotify,spotify:album:6p6Wab5m1yqyp4NzRevTft
2564,album,1873,spotify,spotify:album:3u20OXh03DjCUzbf8XcGTq
2565,album,1874,spotify,spotify:album:13PxecK9Bart7ir6STafXP
2566,album,1876,spotify,spotify:album:57T1flhMpfjP4T4yW38qW0
2567,album,1877,spotify,spotify:album:2Ti79nwTsont5ZHfdxIzAm
2568,album,1878,spotify,spotify:album:3TJyoj7nUv18q20XnTxtz1
2569,album,1880,spotify,spotify:album:7wpcrNOzrQ6CBlLvVWY68j
2570,album,1881,spotify,spotify:album:0AJaRBLPuUybHfdJi87GQP
2571,album,1882,spotify,spotify:album:0lVd8d9uvTRly0LOwLFSlL
2572,album,1883,spotify,spotify:album:0KuE759drRXzp5HLNgzaFG
2573,album,1884,spotify,spotify:album:4bbMFcv9Xr4JyZeoE4YnPS
2574,album,1885,spotify,spotify:album:5Hv7ypByOiE9PBOIgVW0Om
2575,album,1886,spotify,spotify:album:0M5cyXHBV0en8q02019vaC
2576,album,1887,spotify,spotify:album:6HB5Nq7lSjvTs3gJom6BXI
2577,album,1888,spotify,spotify:album:2juInocve2NIFoNCX1cwWH
2578,album,1889,spotify,spotify:album:3Gw4yIgDnowAhFjkFxFV8v
2579,album,1891,spotify,spotify:album:2PqZrE1roUEJa1OO2WlSCj
2580,album,1892,spotify,spotify:album:3zOkSAbg9o7gQ3yXtZhx5v
2581,album,1894,spotify,spotify:album:5zJWl86o0Xf0KdSw2OYi63
2582,album,1895,spotify,spotify:album:6p9Y1K9yu3ojyS8fBJXUnp
2583,album,1896,spotify,spotify:album:39xhYyNNDatQtgKw2KdXMz
2584,album,1897,spotify,spotify:album:1xuSorM2dDIiB5zhftB5NY
2585,album,1898,spotify,spotify:album:5f8dieyt0L9xmvEmBu5IC0
2586,album,1899,spotify,spotify:album:7hXWMVDn9SVV7zNYiQGvWO
2587,album,1900,spotify,spotify:album:5vvvo79z68vWj9yimoygfS
2588,album,1901,spotify,spotify:album:53oqFs4q8sfqH6IPiyleEN
2589,album,1903,spotify,spotify:album:5ekkoKz391PScKKZRCmgDF
2590,album,1904,spotify,spotify:album:5J1e8ut0CkdBw50CGR4M40
2591,album,1905,spotify,spotify:album:4Hai0uVzRbyTSaTPzxTY4e
2592,album,1906,spotify,spotify:album:5yNSrUyyhZuKSSvlkrx2Uk
2593,album,1907,spotify,spotify:album:3uSWaQxJAdm5MWKQkQJNoK
2594,album,1908,spotify,spotify:album:3wDMK9yGHVUEweHksZmGTU
2595,album,1909,spotify,spotify:album:48eC2urnoRGt6AeU7KsOoC
2596,album,1911,spotify,spotify:album:5V3Chnpno9oTI7JSPXKUf3
2597,album,1912,spotify,spotify:album:1GG6U2SSJPHO6XsFiBzxYv
2598,album,1913,spotify,spotify:album:7ocjymC4B0S00K0BZ71M9X
2599,album,1914,spotify,spotify:album:1jToVugwBEzcak8gJNZG2f
2600,album,1915,spotify,spotify:album:7bNubmdfctkLp7ltJE0pLy
2601,album,1916,spotify,spotify:album:5bqKVkdQjCLmMaaCvw9cm1
2602,album,1917,spotify,spotify:album:6pm2Rf8AGsRyS7UFYPSX9J
2603,album,1918,spotify,spotify:album:5XClh485CRBIIKaNXWWt7Z
2604,album,1920,spotify,spotify:album:3pLdWdkj83EYfDN6H2N8MR
2605,album,1921,spotify,spotify:album:4cWnM4WLlf53drLOX90KuQ
2606,album,1922,spotify,spotify:album:2vEstBvc73vJEJ39gFwE50
2607,album,1924,spotify,spotify:album:4FUZ2K8iROpZzhWjusmH9e
2608,album,1925,spotify,spotify:album:4YV8SurDnk8sctOOZzYtbH
2609,album,1926,spotify,spotify:album:76290XdXVF9rPzGdNRWdCh
2610,album,1927,spotify,spotify:album:5CnpZV3q5BcESefcB3WJmz
2611,album,1928,spotify,spotify:album:6nXto9rlPmmhdoUmGMKbtE
2612,album,1929,spotify,spotify:album:2TbrXjwWklhT7JrC5sdUkf
2613,album,1930,spotify,spotify:album:2WmJ5wp5wKBlIJE6FDAIBJ
2614,album,1931,spotify,spotify:album:18XFe4CPBgVezXkxZP6rTb
2615,album,1932,spotify,spotify:album:3mne8cZwlflmrbRfakQ4rK
2616,album,1933,spotify,spotify:album:1pHUmDwNUqtJtzLEWFjQiH
2617,album,1934,spotify,spotify:album:1AJrpzYu5KAbDSvmyiIUhr
2618,album,1935,spotify,spotify:album:3jRxPwXTP8INLOVpmDxDxo
2619,album,1936,spotify,spotify:album:2G549zeda2XNICgLmU0pNW
2620,album,1937,spotify,spotify:album:4OanbmuJAWz8JPVE4cJA9L
2621,album,1938,spotify,spotify:album:5FB5E1fwFeVqpz2CCzRSve
2622,album,1939,spotify,spotify:album:37HNjeFkPli2zjLFiHISYY
2623,album,1940,spotify,spotify:album:0zWZX428gMb9vSBUMRdDiy
2624,album,1941,spotify,spotify:album:7vLxDionyOHSDmYS7Wpwdp
2625,album,1942,spotify,spotify:album:6s4vWWWxNrGcKhrOFYRZzk
2626,album,1943,spotify,spotify:album:0AyaZjU2ofiBtPlJXk0Epv
2627,album,1944,spotify,spotify:album:1AgOPl14j50mZ7cNCmCaOf
2628,album,1945,spotify,spotify:album:6ByhCiFhYPN67Mc1c5I0hA
2629,album,1948,spotify,spotify:album:4u6HyYi7EuHPsdwMqP4Itm
2630,album,1949,spotify,spotify:album:3unS7dpXcZ0MmNBDkp5Hqx
2631,album,1950,spotify,spotify:album:3IO8IPjwXuzPJnoaqkwYrj
2632,album,1951,spotify,spotify:album:1ATL5GLyefJaxhQzSPVrLX
2633,album,1952,spotify,spotify:album:6PkSBdx19zarn4ae1D08gA
2634,album,1953,spotify,spotify:album:4l6EPpP9hjQrLb8qNB9eC5
2635,album,1954,spotify,spotify:album:3AlyvIIMZyT5LjWFeK5LSl
2636,album,1955,spotify,spotify:album:3HCiWvxfdUL1ptV9u4YgR6
2637,album,1956,spotify,spotify:album:4xdOcLPursBFxoEArmUPPa
2638,album,1957,spotify,spotify:album:32vNuIiZ5Q4wh6FDsq1y0o
2639,album,1958,spotify,spotify:album:2HaqChIDc5go3qxVunBDK0
2640,album,1959,spotify,spotify:album:2SNGZ52dDl74z2sxhAzUSM
2641,album,1960,spotify,spotify:album:6wTyGUWGCilBFZ837k5aRi
2642,album,1961,spotify,spotify:album:007DWn799UWvfY1wwZeENR
2643,album,1964,spotify,spotify:album:0KQ9bRTssm27PgDMmc7vmp
2644,album,1965,spotify,spotify:album:0Ps8FTtJtow7YHCPmOMlJZ
2645,album,1966,spotify,spotify:album:4SVTdeKqXEcmURWj9KCWR4
2646,album,1967,spotify,spotify:album:67WUCOjyl44d8fAFzHONjW
2647,album,1968,spotify,spotify:album:7BWhIFnxTALf0r3HWRiupG
2648,album,1969,spotify,spotify:album:4I3EcXD4e3KcEoDJfFEZ5b
2649,album,1970,spotify,spotify:album:2z3NlPY0n0gHJPCPqrzA6V
2650,album,1971,spotify,spotify:album:0Ct52rooGyvjv6qXrBPNzm
2651,album,1972,spotify,spotify:album:1Hno6CtKbaFNAEPjRHDrc6
2652,album,1973,spotify,spotify:album:4oSUWBr6s2gIN7IAtHFXsX
2653,album,1974,spotify,spotify:album:4Ql8xPz3NjoScZ4yM3fNFh
2654,album,1975,spotify,spotify:album:0S180TSjO1KVmxh4oZHimt
2655,album,1977,spotify,spotify:album:6Per97deaWqrJlKQNX8RGK
2656,album,1978,spotify,spotify:album:2K2es8pRFX0kOaEdXZZgMl
2657,album,1979,spotify,spotify:album:3SxiMoJROq0kvfbQtd75xp
2658,album,1980,spotify,spotify:album:2fq6xLDQhwbswMqTL3ey9M
2659,album,1981,spotify,spotify:album:5ozerhrq5BPSXI3xwl9lGs
2660,album,1982,spotify,spotify:album:279n8A7MneZ790ohTb6g6p
2661,album,1983,spotify,spotify:album:0EICXG4UBIAUOKVlfBGipA
2662,album,1984,spotify,spotify:album:48IFY1wERoy8Lac5FuXHpc
2663,album,1985,spotify,spotify:album:6sPcgDto5EI6EBPc2jhDC7
2664,album,1986,spotify,spotify:album:3SpBlxme9WbeQdI9kx7KAV
2665,album,1987,spotify,spotify:album:0Z3NTCoaxoeU9C7F3sgbAC
2666,album,1988,spotify,spotify:album:3lajefIuUk4SfzqVBSJy8p
2667,album,1990,spotify,spotify:album:0oibUbh5gfUUmlR3a3uYyU
2668,album,1991,spotify,spotify:album:4FZ2ilW8I4HxVz0gWEYzX2
2669,album,1992,spotify,spotify:album:5OOydvEZzK10ko9pjouuXt
2670,album,1993,spotify,spotify:album:1YKdJEzlhd5rsq03k7eWmM
2671,album,1994,spotify,spotify:album:4SHWCpbJJU2npNxrjrsj8e
2672,album,1995,spotify,spotify:album:2oj9o7vMHp2GsoyBv03UgL
2673,album,1996,spotify,spotify:album:20XfOL0gmcOQhupwC2bMDj
2674,album,1997,spotify,spotify:album:1KHFw3hsKvNGGCkXKQMrbT
2675,album,1998,spotify,spotify:album:5So31JibrTO74WvuCozsAb
2676,album,1999,spotify,spotify:album:0BwYq5h0gwbULEfhE10iA7
2677,album,2000,spotify,spotify:album:3UsJV5yxzjuPv6O2pfjPSU
2678,album,2001,spotify,spotify:album:5tue3HeaFm6XHyYXhI1kww
2679,album,2002,spotify,spotify:album:0uT4bCZS9o5C1ThDa2VxpV
2680,album,2004,spotify,spotify:album:4skCiJhVVSKrDOBtoFbsxU
2681,album,2005,spotify,spotify:album:5lxdY4GQkCJMcvScmwRgCx
2682,album,2006,spotify,spotify:album:2vY03PfKPFUUM1FA2lgmC2
2683,album,2007,spotify,spotify:album:6cx4GVNs03Pu4ZczRnWiLd
2684,album,2008,spotify,spotify:album:60rpMY5zgymbCEn7ICfi8M
2685,album,2009,spotify,spotify:album:3OSeqyUWmkngEhQTTkdTSA
2686,album,2010,spotify,spotify:album:2cWBwpqMsDJC1ZUwz813lo
2687,album,2011,spotify,spotify:album:6xNFuLOko8gjxi5kUAyGyM
2688,album,2012,spotify,spotify:album:65G0BpV00GmLi5WUCeWdvT
2689,album,2013,spotify,spotify:album:2ksJHf3VXQ9GHI6Ng5bafL
2690,album,2014,spotify,spotify:album:4AkiEkHlDW2ZyPsO7iJct8
2691,album,2016,spotify,spotify:album:4uvJQ9YlVz1vrmMjYO3FX9
2692,album,2017,spotify,spotify:album:7fZKtzZAsfH0kzeTivu5TG
2693,album,2018,spotify,spotify:album:0lZQagJ5r0crB35zphSD4A
2694,album,2019,spotify,spotify:album:0bTkYfBstiSW4maInjgqVi
2695,album,2020,spotify,spotify:album:2UC2ZnF8fp7GuTf31xrwGu
2696,album,2021,spotify,spotify:album:7HmSIv6btIszevgugT2dQT
2697,album,2022,spotify,spotify:album:0buv8l9Y9nk9X47Hb5jooA
2698,album,2023,spotify,spotify:album:6b8FK7hZBmoR4GaaeFIqCk
2699,album,2024,spotify,spotify:album:0EguP4tsJurU5I8ocCxdyb
2700,album,2025,spotify,spotify:album:6oKK0oLdErWSkKIul6PjzF
2701,album,2026,spotify,spotify:album:2drDr5snzNnz2V8cgdyx1Y
2702,album,2027,spotify,spotify:album:6Op5Oqgnb443EjcHdAR5eY
2703,album,2028,spotify,spotify:album:6QcDKB0L4Hr2LcyPLLQFlP
2704,album,2029,spotify,spotify:album:080MkxfDcHTrtEs0JGkb1z
2705,album,2030,spotify,spotify:album:16bkk7YWytTk5I3VPMU4mv
2706,album,2031,spotify,spotify:album:5snUbps5KleLIP0cVI72lP
2707,album,2032,spotify,spotify:album:5ufrlZ2S0Wv7P1cjTT02Bm
2708,album,2033,spotify,spotify:album:6TM1R6aTR2wGMMAZpwvXje
2709,album,2034,spotify,spotify:album:1K4eQgsqboN5w0xLsQx9lA
2710,album,2035,spotify,spotify:album:73USNxSgFncLAsOAWfIA4J
2711,album,2036,spotify,spotify:album:32JCQPzflPiUX9weKyUrFZ
2712,album,2037,spotify,spotify:album:5WP3TQg4wJ4iUN80HbuJk7
2713,album,2038,spotify,spotify:album:2VZolgD2RKzb5F4gSNkx1Y
2714,album,2039,spotify,spotify:album:3STIqNwTorh5aHzN84FZ34
2715,album,2040,spotify,spotify:album:5fmTUqAxnXPx3UjgV8VYds
2716,album,2041,spotify,spotify:album:6ciIG1XKTlVIn0Yl8rvsce
2717,album,2045,spotify,spotify:album:1YA6dnUyaevjSC6hGQ9wmX
2718,album,2046,spotify,spotify:album:1plAqF2W8hwAhcpBAfGNsW
2719,album,2047,spotify,spotify:album:1bwbZJ6khPJyVpOaqgKsoZ
2720,album,2048,spotify,spotify:album:4ocB97o3gdrIYyIwYSSwVy
2721,album,2050,spotify,spotify:album:14drLk9rMpA7GPk1MRvRE5
2722,album,2051,spotify,spotify:album:5vEoVfNUIb14lEGgAfzkMx
2723,album,2052,spotify,spotify:album:2mDnGtpPZMuetjLqfY5t6f
2724,album,2054,spotify,spotify:album:30XjUCo4sqJqNuYuJdYAFu
2725,album,2055,spotify,spotify:album:0On7uutIu9rZRvP9aJbMog
2726,album,2056,spotify,spotify:album:4GrFuXwRmEBJec22p58fsD
2727,album,2057,spotify,spotify:album:5QsGJ1tErNh5aWxowJojom
2728,album,2058,spotify,spotify:album:5l0QlaI3wdZpE7ggoO5Rwg
2729,album,2059,spotify,spotify:album:1WLS1NrOlbDIl760hVeeUi
2730,album,2060,spotify,spotify:album:5C1X3siQg4Q3wLWorK5i0z
2731,album,2062,spotify,spotify:album:6fUnZqjU3bwBOZIsQ4kN1Q
2732,album,2063,spotify,spotify:album:2a3Zl21j8H7XqRgdMiNK30
2733,album,2064,spotify,spotify:album:5OmHBy2Gm6zSt7sihzbEW2
2734,album,2065,spotify,spotify:album:5EI8Glh1bhJwkZ6XlzpoGl
2735,album,2066,spotify,spotify:album:6tkjU4Umpo79wwkgPMV3nZ
2736,album,2067,spotify,spotify:album:4I00tpvL54vnWy49vH5fRK
2737,album,2068,spotify,spotify:album:1typPCwqyXMfFpvDZAyKew
2738,album,2070,spotify,spotify:album:5BdTpc5WQMyt0qBuJ5mDCH
2739,album,2071,spotify,spotify:album:0DFUakFW6jzPiP9qH70lvq
2740,album,2072,spotify,spotify:album:6WgP15o6rlIdiKs8R3z4Y0
2741,album,2073,spotify,spotify:album:6DEjYFkNZh67HP7R9PSZvv
2742,album,2074,spotify,spotify:album:2b2GHWESCWEuHiCZ2Skedp
2743,album,2079,spotify,spotify:album:0rqRGFgE4o8kf6VM18jakx
2744,album,2080,spotify,spotify:album:0pV0Mx07aMApIpF19oSQgY
2745,album,2081,spotify,spotify:album:5xHStEOG8PsbzNQb7LkxZU
2746,album,2082,spotify,spotify:album:6ltyScGRzS0Z2TI1VD5dns
2747,album,2083,spotify,spotify:album:6idVoBWP2mt1qoMtASm3gc
2748,album,2084,spotify,spotify:album:2pAylLmyj0wmHy5JjL0h6V
2749,album,2086,spotify,spotify:album:2ytXs8CezH3sgHPrf5sSjc
2750,album,2087,spotify,spotify:album:1s7QL2cVVxgGsF88xrdGKd
2751,album,2089,spotify,spotify:album:5GPEvyujz69M5hvuyPiTM2
2752,album,2090,spotify,spotify:album:17ViKKpLueT54sAZuAUyPg
2753,album,2091,spotify,spotify:album:1YyXhW5uqF7aloforW4aQr
2754,album,2092,spotify,spotify:album:5ua9CNv1DptXlzsA0nYMJ2
2755,album,2093,spotify,spotify:album:0UennjqMxb1SAsaf7bsSwE
2756,album,2094,spotify,spotify:album:7MZzYkbHL9Tk3O6WeD4Z0Z
2757,album,2095,spotify,spotify:album:6qElaeK7SHsEzb8uV8eG3D
2758,album,2096,spotify,spotify:album:0z2a9VgdVmkr0DInVJUgu6
2759,album,2097,spotify,spotify:album:2Q2TRdT994vTzGE3Grmmht
2760,album,2098,spotify,spotify:album:0TaYPOKCUDyvZU2APQ7kPM
2761,album,2099,spotify,spotify:album:4GXlMz68LyGZeHzJcetFi1
2762,album,2100,spotify,spotify:album:6bPbKuFNW6Vausf1PExvd9
2763,album,2101,spotify,spotify:album:4VQz1gqTCyie2LF7gdn3Fu
2764,album,2103,spotify,spotify:album:16T5Usl6Qs24qps5ZwIeVI
2765,album,2104,spotify,spotify:album:0ACtwMaMVewYM4hFu9FXhZ
2766,album,2105,spotify,spotify:album:5fMG2nwVGN3fBofLm9CB0x
2767,album,2106,spotify,spotify:album:6BGN5CVd7koJApotl5Bj8u
2768,album,2107,spotify,spotify:album:6PnM3rGkpZJ0Q9JoxnjnuH
2769,album,2108,spotify,spotify:album:7MUY0WxCmHcgEEeQNjoe8a
2770,album,2109,spotify,spotify:album:3xybjP7r2VsWzwvDQipdM0
2771,album,2110,spotify,spotify:album:2TcGsG6Ht4iMbEQ0u62Rbz
2772,album,2111,spotify,spotify:album:36jrqYRpGVpJqztuqCii22
2773,album,2112,spotify,spotify:album:2NdafVP67y7cytdSFXYMC2
2774,album,2114,spotify,spotify:album:5tBOCi2TekXZ1IbrmlBZO4
2775,album,2115,spotify,spotify:album:1zNQyKjH8md6OusODwlmfs
2776,album,2116,spotify,spotify:album:7B7P4TryG33IWOp5b8et8L
2777,album,2117,spotify,spotify:album:151w1FgRZfnKZA9FEcg9Z3
2778,album,2119,spotify,spotify:album:18NOKLkZETa4sWwLMIm0UZ
2779,album,2120,spotify,spotify:album:4AB5weCwrj4BOAYXRsAixk
2780,album,2121,spotify,spotify:album:50Zal2KojL2gYb1yZmg8HU
2781,album,2122,spotify,spotify:album:0fWqSpPQBuPdRIkpzXFjBB
2782,album,2123,spotify,spotify:album:1QYPAEk2Ksj3WPv3mvoDnL
2783,album,2124,spotify,spotify:album:5bDcCKEnqOMEmQ63jc1hxp
2784,album,2125,spotify,spotify:album:5L2DEAJlqzC09OEPl4Ww97
2785,album,2126,spotify,spotify:album:3VuUdfydzUEW1xStEjDP8X
2786,album,2127,spotify,spotify:album:3czLQ2sjzql5WJQg7degVt
2787,album,2128,spotify,spotify:album:1cYsCEpiGUE1JZuhILNJkk
2788,album,2129,spotify,spotify:album:4AqzTlvo4MyL2y0G7Mj6lT
2789,album,2130,spotify,spotify:album:42E9hPPc3dsiGMpYNul8lN
2790,album,2131,spotify,spotify:album:1mluBZpY3dPg6ooZzb1H3b
2791,album,2132,spotify,spotify:album:4psDRFbIlUM1KUb1omccXo
2792,album,2133,spotify,spotify:album:5sXUGu1ClB9KRU2SpUQCsp
2793,album,2134,spotify,spotify:album:4DR47uL0VrENkV4fuTMdOE
2794,album,2135,spotify,spotify:album:27DwBvyy3fmBqU1YCKQEDV
2795,album,2136,spotify,spotify:album:7FvnTARvgjUyWnUT0flUN7
2796,album,2137,spotify,spotify:album:24eRSwYbneTDkehVHM2MVf
2797,album,2138,spotify,spotify:album:20MQvvEs5hHZMLjnbqwuZS
2798,album,2139,spotify,spotify:album:5uRdvUR7xCnHmUW8n64n9y
2799,album,2140,spotify,spotify:album:2Ua8vuXXe6bEDlb27KYwaT
2800,album,2141,spotify,spotify:album:6IR4OdDaVROPktKRh64iEU
2801,album,2142,spotify,spotify:album:2UZ62DB1jQEeK7WhdxNff2
2802,album,2143,spotify,spotify:album:6kgupbfj5ptcmJK29es1MS
2803,album,2144,spotify,spotify:album:1AOfanFk54TBRXsT73Um69
2804,album,2145,spotify,spotify:album:3U8fs9cWNfZcOIAXixzQyZ
2805,album,2146,spotify,spotify:album:3q5CZdmVxP6hE0mlBcYEU1
2806,album,2147,spotify,spotify:album:5yadKU4m0Q0AIKxbN9qQIq
2807,album,2148,spotify,spotify:album:55bIeFDVLsLwa3WEnSJe0C
2808,album,2149,spotify,spotify:album:0p4AcAccytQADrKZkicltt
2809,album,2150,spotify,spotify:album:38xgBOLAcKoYWMSXWUDH1E
2810,album,2151,spotify,spotify:album:6zXUDBGLbrB9Kgkw2Y3F7L
2811,album,2152,spotify,spotify:album:5cOhR878H8hC3UsxYq5Xyv
2812,album,2155,spotify,spotify:album:0BR3ra3Bqf6ZBJbD8t4tIu
2813,album,2156,spotify,spotify:album:19UbDbyaYRW1U7lBMYO9F2
2814,album,2157,spotify,spotify:album:3Bdtv2Y8lHrXOsboFA96hX
2815,album,2158,spotify,spotify:album:7LMJKPGcBZjZf6AEnTBS2t
2816,album,2159,spotify,spotify:album:6btE9k5ED8ydC8XY1K0kko
2817,album,2160,spotify,spotify:album:1K2PS79KFV29pQe7zfyoyP
2818,album,2161,spotify,spotify:album:50DbtjQmnPnB92Mf7yxQt4
2819,album,2162,spotify,spotify:album:6d1vGZsr6Uy3h9IigBpPAf
2820,album,2163,spotify,spotify:album:1ROfGKneFyKxjF1zQiXWoG
2821,album,2164,spotify,spotify:album:766bxryPZBL0hjz0KM6VUD
2822,album,2165,spotify,spotify:album:5AQdhXDCLTUZNHYH1hMIdF
2823,album,2166,spotify,spotify:album:2zZZazmfGkAIFCYapYBSWP
2824,album,2168,spotify,spotify:album:4D185hcdxThHMWUXO8Pemw
2825,album,2169,spotify,spotify:album:6df0qvkMXoyHGt9J8cujZb
2826,album,2170,spotify,spotify:album:3cBk22r1tb6omRQ4jr6SE8
2827,album,2171,spotify,spotify:album:54dZypaXHAIDzBe9ujAZ63
2828,album,2172,spotify,spotify:album:1w9JFLfJEGPibnydqQlPAO
2829,album,2174,spotify,spotify:album:5AF0uxDdW2IKi3r8jqVgmq
2830,album,2175,spotify,spotify:album:4YWmTUNhDr28SBv7wu9uce
2831,album,2176,spotify,spotify:album:09XgqxfkwCXTMAkIDtrksk
2832,album,2177,spotify,spotify:album:57263zG8Md6XZ9lBUPPYCm
2833,album,2178,spotify,spotify:album:7GlMEHJyohBhILSQYQIFgI
2834,album,2179,spotify,spotify:album:5uCEoLCj3ZZZ1EtzQdQWVl
2835,album,2180,spotify,spotify:album:2ua5bFkZLZl1lIgKWtYZIz
2836,album,2181,spotify,spotify:album:6vGEX2ejVVsHTIsqI1teZg
2837,album,2182,spotify,spotify:album:3wIBeumkpK7gBvdophWNeC
2838,album,2183,spotify,spotify:album:3HYmuGem6DB2z6jGMUrbEO
2839,album,2184,spotify,spotify:album:6x6dJG0JK6f07cYZlaeg3E
2840,album,2185,spotify,spotify:album:1KvZT4NZm69EkOym8rLqW1
2841,album,2186,spotify,spotify:album:2rPnEp3j4SuQ9ZZ6G5EeSo
2842,album,2187,spotify,spotify:album:6ghmLEwlEpTJ6iH0JMxu8i
2843,album,2188,spotify,spotify:album:0xjql3TEYd34hlAky4Ck2z
2844,album,2189,spotify,spotify:album:2gOwXn7u5bV0pETiYXnXbV
2845,album,2190,spotify,spotify:album:0GQJ1yZpVEzJjfzXbkD0Ui
2846,album,2191,spotify,spotify:album:6uVc1jXybFsyaLi48p8zYu
2847,album,2192,spotify,spotify:album:0NBTBo1qrg554sAj79nEqD
2848,album,2193,spotify,spotify:album:1W96dST1KFsd1tZTO3eEGS
2849,album,2194,spotify,spotify:album:4O5tv6jrLH80bmll46xEEe
2850,album,2195,spotify,spotify:album:0cfusqtz8FdhjN03BUAS0l
2851,album,2196,spotify,spotify:album:05DH63EnOb3Dx215udaQ2K
2852,album,2198,spotify,spotify:album:4Lq2ben6ERqYOQB1PM5QfB
2853,album,2199,spotify,spotify:album:1oO9m1f083kH35mHypDA4V
2854,album,2200,spotify,spotify:album:6goHKaz3v86MZd8qYF5GVI
2855,album,2201,spotify,spotify:album:3IFCqrc4GgSrN50MqNlIpw
2856,album,2202,spotify,spotify:album:1cmsDWzQMLhffPHxxK8AP6
2857,album,2204,spotify,spotify:album:6MnhHhGdHENPayDBTNFAI5
2858,album,2205,spotify,spotify:album:263G1hP6jKqrziAfQUxjFx
2859,album,2206,spotify,spotify:album:1Z9K3FVM10WHzCchz1glJF
2860,album,2207,spotify,spotify:album:4DjJtllSDzVDBf7PYtsHaT
2861,album,2208,spotify,spotify:album:2vGU0DOcfsDee0euvhl1iZ
2862,album,2209,spotify,spotify:album:7mOQJxCTrz51Cte9azyot4
2863,album,2210,spotify,spotify:album:6uhnwaY39fenjd93Kixcva
2864,album,2211,spotify,spotify:album:4oRrojNys0M5DUvS4P2qgU
2865,album,2212,spotify,spotify:album:3pPBbp1Nl9n1AM9xFpdKtZ
2866,album,2213,spotify,spotify:album:3TJ50APrANzALpFit8zYeb
2867,album,2214,spotify,spotify:album:01O3K6QN4xR3YR2j00ONtr
2868,album,2215,spotify,spotify:album:56wRW64Pb6yVU8NIC2Ywgq
2869,album,2216,spotify,spotify:album:7CQrqiAhWcFfu9abqPHQgQ
2870,album,2218,spotify,spotify:album:6f4WAMLMs6eAJFjesL8FSI
2871,album,2219,spotify,spotify:album:3iK2RuRUlII4cL8PetRPds
2872,album,2220,spotify,spotify:album:4QPRkWZxQEsF7UDiXg5220
2873,album,2221,spotify,spotify:album:2oaSvxuYuQfltFyDaYxKAS
2874,album,2222,spotify,spotify:album:2PSLGmdwrMnLIJuYxfYuQ0
2875,album,2223,spotify,spotify:album:66zilH1HJzRLEorco0u6bS
2876,album,2224,spotify,spotify:album:4MR1h6hNltAqiwRUSuf4aj
2877,album,2225,spotify,spotify:album:2GFVUnvZBGjE29iZzwbhZT
2878,album,2226,spotify,spotify:album:6D2SdGTG1ettEhCMyUoCGr
2879,album,2227,spotify,spotify:album:5WXpW898b9Fd7GmRrrtMcu
2880,album,2228,spotify,spotify:album:5NjJwIELNVce2k2HSQ51pf
2881,album,2229,spotify,spotify:album:3GYLKplWxBLgXrot1GZXTu
2882,album,2230,spotify,spotify:album:5FuyqzgqpRw7Ms8HAKy1oT
2883,album,2231,spotify,spotify:album:4VxyKgulAGSpJwhIJjgiJr
2884,album,2232,spotify,spotify:album:2hSnMHuLYfpp8hvdpZRjAk
2885,album,2233,spotify,spotify:album:4czdORdCWP9umpbhFXK2fW
2886,album,2234,spotify,spotify:album:5qcDP5z7uGM9BPCUEE4KYd
2887,album,2235,spotify,spotify:album:781cKhbTPwLnPmo9BALQl7
2888,album,2236,spotify,spotify:album:0P7argSEQG9otkeG3welvZ
2889,album,2237,spotify,spotify:album:4pBJRxtR5TQe8hfsUgZ1r2
2890,album,2238,spotify,spotify:album:5z7TD11Qh81Gbf52hd5zAv
2891,album,2239,spotify,spotify:album:1j0apvEvaWbTmlZpKsfr2D
2892,album,2240,spotify,spotify:album:14QMSPjwCAdA2qr6rKUXSs
2893,album,2241,spotify,spotify:album:3CXoPCQuBb7kP9vEFcfXKU
2894,album,2242,spotify,spotify:album:6i8MDP4rxjRJzrm0OSselm
2895,album,2243,spotify,spotify:album:5LZSpPoBVBsh6kRSEKfPQ8
2896,album,2244,spotify,spotify:album:0XwkQlOYnYytSFggvVcvaE
2897,album,2245,spotify,spotify:album:0NrMdbDMOCmDNwnWaWMGm5
2898,album,2246,spotify,spotify:album:7As8IO9HREQigUv7BJeA9D
2899,album,2247,spotify,spotify:album:7L6D24JOqqngMKQvknjWiA
2900,album,2248,spotify,spotify:album:0exel9vbsPocCd1v71wkhV
2901,album,2249,spotify,spotify:album:1ftpbsY9HCoSpUOq7RVUEs
2902,album,2250,spotify,spotify:album:44WUQUU38aDSBQ9L0Hq9Pm
2903,album,2251,spotify,spotify:album:3r7qEzzlkQNFSQOuggOQm4
2904,album,2252,spotify,spotify:album:7DhR55zzBamSKAZkJZ7G7B
2905,album,2253,spotify,spotify:album:49vCWZ0yKkRvfetjsYVLnx
2906,album,2254,spotify,spotify:album:3GbarUsFr9ZQAraOJipds8
2907,album,2255,spotify,spotify:album:0MmVW48OnJ7IRXiH5VicBg
2908,album,2256,spotify,spotify:album:0Co1IS5YBzwlxtxcPjnTqP
2909,album,2257,spotify,spotify:album:0xWUNBh2y8GAO0JkwHq0Ij
2910,album,2258,spotify,spotify:album:2VI2ZxADQG8ZuLwBE8mhPX
2911,album,2260,spotify,spotify:album:2Mo2TzMxaeAnOvdHsiBHtO
2912,album,2261,spotify,spotify:album:4FP38ePOQoK9mpcHLbEpTS
2913,album,2262,spotify,spotify:album:6I0GCSp5tfBr4jizdLNT6s
2914,album,2263,spotify,spotify:album:7snqOEQEtKqxJw3NTGml6i
2915,album,2264,spotify,spotify:album:12GZ5ewBjyylguigbdmqJ9
2916,album,2265,spotify,spotify:album:6xY0iw7zIbuyLX4uGvvM3M
2917,album,2266,spotify,spotify:album:0jvv6FS3zxUe56530Gjq4d
2918,album,2267,spotify,spotify:album:49NR4iAFLGGtOpmGKEMtpK
2919,album,2268,spotify,spotify:album:5FVOwSdIt2nFVRYEuxTDgL
2920,album,2217,spotify,spotify:album:4OfL20QXcIqMRSSZjgO4JY
2921,album,2269,spotify,spotify:album:3OUQNvIRDG3ioZP3FgiIuz
2922,album,2270,spotify,spotify:album:7ytNlGOEIFILgb0iWBgyxA
2923,album,2271,spotify,spotify:album:7e7t0MCrNDcJZsPwUKjmOc
2924,album,2272,spotify,spotify:album:4MZnolldq7ciKKlbVDzLm5
2925,album,2273,spotify,spotify:album:5O0zUvdnJr0RbWzLFneN2i
2926,album,2274,spotify,spotify:album:2W2EmEpud13QHlhCFS9P8g
2927,album,2275,spotify,spotify:album:0z1VrNXwBVTvreSJjeX7AR
2928,album,2276,spotify,spotify:album:1Xd9sCWxvNx02wCTZbKoek
2929,album,2277,spotify,spotify:album:1NLLTGSKTYOvlFKFtRXFGz
2930,album,2279,spotify,spotify:album:4ajtfXfaqumfNlJDTVjhOd
2931,album,2280,spotify,spotify:album:6lxpyFtRhnsZjFdvzPAmTT
2932,album,2281,spotify,spotify:album:5SqeUBxs26E1KjHSmZaqns
2933,album,2283,spotify,spotify:album:2fexyU9sHdXHmI1jvPqrxX
2934,album,2284,spotify,spotify:album:3Uq1jNGnD412ZvCb6j2DKV
2935,album,2285,spotify,spotify:album:7DWPd7wOj9g0N5krVFil0Z
2936,album,2287,spotify,spotify:album:1IQmCioMTatFSX6biSISx5
2937,album,2288,spotify,spotify:album:4Q7cRXio6mF2ImVUCcezPO
2938,album,2289,spotify,spotify:album:07wXWc9Wu50RkIQYktx4gS
2939,album,2290,spotify,spotify:album:4Oy7XQp9fzDUX83P7LtKx6
2940,album,2291,spotify,spotify:album:4ZZvKnA1YJ2KcwjMmHBinq
2941,album,2292,spotify,spotify:album:3No96PtEFyRfX1oELmZTPu
2942,album,2293,spotify,spotify:album:6MvKUOSuPdfH0WLeQjR3eR
2943,album,2294,spotify,spotify:album:0ylbO515jtrovpxr1drKdF
2944,album,2295,spotify,spotify:album:05zSfoTPUX9IFb4AYbBaBz
2945,album,2296,spotify,spotify:album:3prcCOmD29rwqqZJOxDfhY
2946,album,2297,spotify,spotify:album:1kTlYbs28MXw7hwO0NLYif
2947,album,2298,spotify,spotify:album:1TfWU86ZevMnfkHcEHCbyA
2948,album,2299,spotify,spotify:album:2z3X2aZEBGV6RADgw0QxR6
2949,album,2300,spotify,spotify:album:26rTTXIEtEeSTan28AiLaV
2950,album,2301,spotify,spotify:album:3lOnEZT1TjZojoAdaDGQa4
2951,album,2302,spotify,spotify:album:07LUu3FlSHkR9ii3sJrjvA
2952,album,2303,spotify,spotify:album:3pjrnGWFZvForSA7Q2J8uA
2953,album,2304,spotify,spotify:album:3w6zlbZ9xGtoUbkdmgFYga
2954,album,2305,spotify,spotify:album:3sGj0fBj5EJbewKgCWA1uD
2955,album,2310,spotify,spotify:album:0GMEpZanttpfO9go08PBTj
2956,album,2311,spotify,spotify:album:7DtqXeXAXnuye76eIUJF1I
2957,album,2313,spotify,spotify:album:4SKGDefAvKfXx7toJATEqC
2958,album,2314,spotify,spotify:album:3jixR18Uirg4IWkL5JySEb
2959,album,2315,spotify,spotify:album:16jHPR8xalKT67fE2yVfuq
2960,album,2316,spotify,spotify:album:4zW79KZjDenZMLXSGU0Mqu
2961,album,2317,spotify,spotify:album:7DfeNcn4aBR5eimaq9imOx
2962,album,2318,spotify,spotify:album:4vIHi1vbAM6U4WzJ85RP8y
2963,album,2319,spotify,spotify:album:46ewpqal8NF1SSkarlK7FZ
2964,album,2320,spotify,spotify:album:16kwdwYTKR7pJfyOikdYHN
2965,album,2321,spotify,spotify:album:5KSzuVBD1SAX4P0EWpiL2Q
2966,album,2322,spotify,spotify:album:4IFpj2jyRcugt1yzH82m3E
2967,album,2323,spotify,spotify:album:0wfne2JijoxJm0qzJd3V5h
2968,album,2324,spotify,spotify:album:5l95HbtwFAUfNlZ5GV6hCS
2969,album,2325,spotify,spotify:album:1da65aHEeXbQLezwGPejA0
2970,album,2326,spotify,spotify:album:3vfUmX8ynO8GEdo45M5KHN
2971,album,2327,spotify,spotify:album:0yuDKkogcktyNgOBlYsQHz
2972,album,2328,spotify,spotify:album:2jFEoWXPcVtO7MX0j12kZ6
2973,album,2329,spotify,spotify:album:66at85wgO2pu5CccvqUF6i
2974,album,2330,spotify,spotify:album:3YYxlTrYciDHu3j7E5wGrZ
2975,album,2331,spotify,spotify:album:0ne2v4nlcqGxX9BdEONxcY
2976,album,2332,spotify,spotify:album:4Dnkr99I1KiZluOWg9z5Ai
2977,album,2333,spotify,spotify:album:6m7JdrIDGe2xc7l3nCOFh5
2978,album,2334,spotify,spotify:album:5Zb21fmHLMw1lkft5F88Id
2979,album,2335,spotify,spotify:album:5JR94Jt73E9NuIAWksIoKR
2980,album,2336,spotify,spotify:album:1K6iFbZbde2NZetHrW1Jj0
2981,album,2337,spotify,spotify:album:2H8X72tUBjkUEn97HGzjx8
2982,album,2338,spotify,spotify:album:74pI1XqEAgFfo1T2UGDEZs
2983,album,2339,spotify,spotify:album:1I9rcVH3yBxsNGUHb8X5Wk
2984,album,2340,spotify,spotify:album:5P0WsqOfG5viZpxVpqIuaI
2985,album,2341,spotify,spotify:album:0XMkRH1T6WidEsdE7VuQ4S
2986,album,2342,spotify,spotify:album:4O0xBHOwwopsTrx6Jo3MRt
2987,album,2343,spotify,spotify:album:5hTWeCX4XFKNB34Ch6W6oq
2988,album,2344,spotify,spotify:album:1eRIaiBeErayP8Cfve02kJ
2989,album,2345,spotify,spotify:album:5erwrkAgvvtsofeB64etXw
2990,album,2346,spotify,spotify:album:5r2ZzaDZhyqzORtTWnbYPM
2991,album,2347,spotify,spotify:album:0UykYUfd6JfL0WXXqbKGiX
2992,album,2348,spotify,spotify:album:3mcRjaxQEF83X8u7PWHqba
2993,album,2349,spotify,spotify:album:4dJvLEZjecdymJWBHCiZiZ
2994,album,2350,spotify,spotify:album:1hMXOVW1GQ7qRqyZ4ffxFN
2995,album,2351,spotify,spotify:album:3xVrlYjcB3OKVvfdvzMbCX
2996,album,2352,spotify,spotify:album:3JFeZMiH5g3cXfrxpNkXtS
2997,album,2353,spotify,spotify:album:6ENVnAPjnAitIUGlyS72Jj
2998,album,2354,spotify,spotify:album:4lnAUFKMnMf7m1a8DlrA0t
2999,album,2355,spotify,spotify:album:3jkYXSoDo3mH23yZaTVy6W
3000,album,2356,spotify,spotify:album:5Ov8mmEM065VnF8glNLZUH
3001,album,2357,spotify,spotify:album:0gGaWw6lmiwuuItDRd697c
3002,album,2358,spotify,spotify:album:3owNP9iL5Db7iKu7JEyWEg
3003,album,2359,spotify,spotify:album:14HGV5wCgntXHX62s5RiII
3004,album,2360,spotify,spotify:album:0od5E7hLRGWB1Qd2KIFYN1
3005,album,2361,spotify,spotify:album:0YWxRVcTBfo7xBzgs2dwDX
3006,album,2362,spotify,spotify:album:1UsbNMO5iRcpE0ByR3iZfA
3007,album,2363,spotify,spotify:album:3hgjaTTBTZVIHuXLbUN5my
3008,album,2364,spotify,spotify:album:0RFl5bt4ejJMnGGZR21BWe
3009,album,2365,spotify,spotify:album:5dDT9Nh3MCITsacmvIv6lp
3010,album,2366,spotify,spotify:album:66xxXSW7xjV4bLQwj3FXtF
3011,album,2367,spotify,spotify:album:72Eg5ywjro4gFFqgG8ewqS
3012,album,2368,spotify,spotify:album:02lApfaX6ADtpenYYHS3nC
3013,album,2369,spotify,spotify:album:4B6xLARC7he8mOqBA0yjKu
3014,album,2370,spotify,spotify:album:5i3P1z4tgoe8qMFnsFG9Bb
3015,album,2371,spotify,spotify:album:0vaiiGYLM0VxFC0Krfd1zq
3016,album,2372,spotify,spotify:album:3ct7cW6gOZZg8Md58zyna9
3017,album,2373,spotify,spotify:album:3KBCBLVGamNAwM1pPY65rJ
3018,album,2374,spotify,spotify:album:3VycMqU4q8PbpBMVUiGV4i
3019,album,2375,spotify,spotify:album:5hWRkuxBnUvjSIQex2SLKn
3020,album,2376,spotify,spotify:album:7dko1YoyuNsJ3z6pFLsp5c
3021,album,2377,spotify,spotify:album:45GERqZgHo745HSE9VgjgN
3022,album,2378,spotify,spotify:album:3dEp0spQB8Yz3vPr2PUWc3
3023,album,2379,spotify,spotify:album:2KqInjYpnuhRqjqff6qgDF
3024,album,2380,spotify,spotify:album:3RzCBEMpRWtRNtrIfLsPSc
3025,album,2382,spotify,spotify:album:1prCYFqQV04mzRptYLm1pm
3026,album,2383,spotify,spotify:album:7Jtr3x70ZlCJ5Igqw1Zwhu
3027,album,2384,spotify,spotify:album:2f1Yvqn1ObgJjAZahXKAsW
3028,album,2385,spotify,spotify:album:5aO0KpQkTRPpVKErKhE3Wz
3029,album,2386,spotify,spotify:album:2DmDhBWAZQXULbEPjCtUKI
3030,album,2389,spotify,spotify:album:26bQ8ka40C7SjHhqyNrqoj
3031,album,2394,spotify,spotify:album:4uingjh4LdapHEo7yTO8ol
3032,album,2396,spotify,spotify:album:41S7roh2KH78FqcrAvlv2U
3033,album,2397,spotify,spotify:album:7eS9QiFiXd4DwLt0ZdrLEt
3034,album,2398,spotify,spotify:album:4kN7aLWISt6TVQcsv5s4gx
3035,album,2399,spotify,spotify:album:30LUjTR1mNP5EVL28IpIp2
3036,album,2400,spotify,spotify:album:5iZEISyMh7m2TOf1UVBJGq
3037,album,2401,spotify,spotify:album:38isoaeAY2A5W3aWVVxlPd
3038,album,2402,spotify,spotify:album:4wJI6GbiR951BmUdbrVkFE
3039,album,2403,spotify,spotify:album:6g6wxBGqm4GgJqYLZfZA24
3040,album,2404,spotify,spotify:album:59gnfcIkUBrYpXwsN5YWax
3041,album,2405,spotify,spotify:album:0UbRmtk4reK9XEzz1yk2P4
3042,album,2406,spotify,spotify:album:5jRyFJtnadQ4XkSwL8mUzM
3043,album,2407,spotify,spotify:album:3vATlxJ2q64ILzEOyQyVuC
3044,album,2408,spotify,spotify:album:23a6FjJmbXs8bfhPS4K0Cr
3045,album,2409,spotify,spotify:album:1NAmidJlEaVgA3MpcPFYGq
3046,album,2410,spotify,spotify:album:4zxSM7n57ny7FztFtjSj7n
3047,album,2411,spotify,spotify:album:1bBez9PNvkJPW08bU7NYta
3048,album,2412,spotify,spotify:album:54tInqO543zy0Y5F2VsUQI
3049,album,2413,spotify,spotify:album:2Q5DPv9uliinOBSdNooIe3
3050,album,2414,spotify,spotify:album:3VZiexdNV9MFUGDg2gFakT
3051,album,2415,spotify,spotify:album:4pmyFpGicLLIgNPc1TQXKc
3052,album,2416,spotify,spotify:album:3euz4vS7ezKGnNSwgyvKcd
3053,album,2417,spotify,spotify:album:69iuPQsXel3luOSDNF0q2Q
3054,album,2418,spotify,spotify:album:3wOMqxNHgkga91RBC7BaZU
3055,album,2419,spotify,spotify:album:28Yv9BE6ZI6dccK0sxbEq4
3056,album,2420,spotify,spotify:album:2tjPcCPM8Oa88651SeczAE
3057,album,2421,spotify,spotify:album:7r1GwIFvK2MyZyuxVVS19S
3058,album,2423,spotify,spotify:album:6sxH5yHob34qbhbYjYWjsX
3059,album,2424,spotify,spotify:album:6cZzM62ntXEz6JU9Oknqmt
3060,album,2426,spotify,spotify:album:1XORY4rQNhqkZxTze6Px90
3061,album,2427,spotify,spotify:album:0EECHB0EaZFRCXw0kB3cFC
3062,album,2428,spotify,spotify:album:0RDgCylKkSPjehLYWcQpLt
3063,album,2429,spotify,spotify:album:1bt6q2SruMsBtcerNVtpZB
3064,album,2430,spotify,spotify:album:2FW0uQ4WL25umm5p2VrZO7
3065,album,2431,spotify,spotify:album:02f3y3NTsddjdUMoNiBppI
3066,album,2432,spotify,spotify:album:2YNLQSEOtijlfgQQReP6hR
3067,album,2433,spotify,spotify:album:5rMktOHgYGeV65qjHk6W2X
3068,album,2434,spotify,spotify:album:6eUW0wxWtzkFdaEFsTJto6
3069,album,2435,spotify,spotify:album:7FAo3wmrJNNzz2W5Z5ZG80
3070,album,2436,spotify,spotify:album:7H5J8i2zpo24z71bUyv8BX
3071,album,2437,spotify,spotify:album:1SQS7CS79nPTPosf9cgCb0
3072,album,2438,spotify,spotify:album:7zf47bAMbexrKiY78dwBqn
3073,album,2439,spotify,spotify:album:5bfpRtBW7RNRdsm3tRyl3R
3074,album,2440,spotify,spotify:album:6vihnceXTNegYbpurc6qkR
3075,album,2441,spotify,spotify:album:5d6lhx5YEaeJSH4wDsKXt1
3076,album,2442,spotify,spotify:album:32kkHw8GnItrzLQ1qwupbJ
3077,album,2443,spotify,spotify:album:7y2gHGuQhJmesRiNO8d8fK
3078,album,2444,spotify,spotify:album:7sXKUjqh71MCGDtOXS9tai
3079,album,2445,spotify,spotify:album:7jxvnqfcGBH9yrlUyksTPM
3080,album,2447,spotify,spotify:album:0mTvzUX0Uxz1wdKJlZCZr3
3081,album,2448,spotify,spotify:album:5JpS68qm2fJzPOalGCjGxw
3082,album,2449,spotify,spotify:album:5S77nfKK1NxxwBaoLY7mWk
3083,album,2450,spotify,spotify:album:3fPIgWLlF96SEKMV55Nd4i
3084,album,2451,spotify,spotify:album:4wL0H6UyrYeyRk4Sg9kARN
3085,album,2452,spotify,spotify:album:41vCeM2G2viS0yasRfGNid
3086,album,2453,spotify,spotify:album:7buLIJn2VuqsVORghMEvli
3087,album,2454,spotify,spotify:album:3AiEMTv9oFDRaDjqv93mOU
3088,album,2455,spotify,spotify:album:2YpT0cneQ6ewkP305lq8BZ
3089,album,2457,spotify,spotify:album:0GwJHqjwlCjcdIXeV7yELw
3090,album,2458,spotify,spotify:album:6Q2COpAGHfW1BeZrMIIY82
3091,album,2459,spotify,spotify:album:4BgsxB60fMzTsaUgJSpoQu
3092,album,2460,spotify,spotify:album:3ENgsXeS6nDq8F5YtSmiMv
3093,album,2461,spotify,spotify:album:6dldnOlyfunbl0SHU0dcZq
3094,album,2462,spotify,spotify:album:7lKQFTVYJ30NpxHhYMIA98
3095,album,2463,spotify,spotify:album:2T7p6xCLP9uaUFDdJMz5av
3096,album,2464,spotify,spotify:album:5Ccpn9YY8gJxInLMquM5yL
3097,album,2465,spotify,spotify:album:3i67sGIVw8EBlgfSRv3Lj2
3098,album,2466,spotify,spotify:album:3HsQRUfsQAYrI4rDMcWXT8
3099,album,2467,spotify,spotify:album:3MeFDmkoeqkgdO6K0fwTQC
3100,album,2468,spotify,spotify:album:3GIU4Ma1RiZII2slwdMHCK
3101,album,2469,spotify,spotify:album:6xpfHQPKkkSkyoyykdpWYe
3102,album,2470,spotify,spotify:album:71aKU2RUyaBJLslyH0WEAA
3103,album,2471,spotify,spotify:album:2A3nXj08Js61tgGduWopiM
3104,album,2472,spotify,spotify:album:56BYewzPm9Akj15UcLKTQW
3105,album,2473,spotify,spotify:album:63Tz06ROnIQffPr3DGVH6l
3106,album,2474,spotify,spotify:album:1FB5UJKvWTEVyFBAbHwIP0
3107,album,2475,spotify,spotify:album:7Hnyhv6ceRqQl2k4X2uTgd
3108,album,2476,spotify,spotify:album:2T5OcivGnzcSE2kaBtXXKj
3109,album,2477,spotify,spotify:album:0nTTEAhCZsbbeplyDMIFuA
3110,album,2478,spotify,spotify:album:5ZOE4xAGAytzSMkd2CJu8P
3111,album,2479,spotify,spotify:album:2CgpdCSdEk09TTF2IUxckQ
3112,album,2480,spotify,spotify:album:2ivkngt6tRrhYetpc6HmRL
3113,album,2481,spotify,spotify:album:04giHQ9zptJUHUvtIyxL9Z
3114,album,2482,spotify,spotify:album:0ZcngYam3pmE862SJeltJw
3115,album,2483,spotify,spotify:album:3bBCofH4VxHokZ6fRCgbGx
3116,album,2484,spotify,spotify:album:5kP2AlLe5EsHEx6y3HpJjN
3117,album,2485,spotify,spotify:album:1YDLrKsbx8XeHI6DNORVnr
3118,album,2486,spotify,spotify:album:4zdNQI5E1pd4boIpyhAImH
3119,album,2487,spotify,spotify:album:6VeyCRQ6Z5R4VwEchJ9yqQ
3120,album,2488,spotify,spotify:album:2qM7vNGo3fHaMzRRagKHTK
3121,album,2489,spotify,spotify:album:7tsBTgXE5wZggdmh5qBhZH
3122,album,2490,spotify,spotify:album:3MXpFQDq1cTE4WfGZDAsY4
3123,album,2491,spotify,spotify:album:6Bq1CF2LfT3ehOg4MOI1PB
3124,album,2494,spotify,spotify:album:3mq4pbDxTVUKKQkEimSxJZ
3125,album,2499,spotify,spotify:album:0rzeLcOeysr7JOstIMeV8H
3126,album,2500,spotify,spotify:album:6g3t63y8RfizUeKkAsYqFB
3127,album,2501,spotify,spotify:album:4tYYPSmCZM2bmfrJvXAOfr
3128,album,2502,spotify,spotify:album:5tXZfxvr2VaWibD74nw8VL
3129,album,2503,spotify,spotify:album:4zWqQOob980K9drUrUGM8M
3130,album,2504,spotify,spotify:album:5HX046215eBYM6hZ5rwDKk
3131,album,2505,spotify,spotify:album:3PwJLGFcKrecmaRbJQYMSg
3132,album,2506,spotify,spotify:album:6Wg6lJX2OA5kF0oEIN0EUK
3133,album,2508,spotify,spotify:album:3cvjMNWg7t46NyDZzujfNg
3134,album,2513,spotify,spotify:album:41RV3g6Fjyzfe31bEXtMNT
3135,album,2514,spotify,spotify:album:7HJrZ8Kzq2t9HDEjJov8W2
3136,album,2515,spotify,spotify:album:5yjely805RPC9bhGjh4Hc2
3137,album,2516,spotify,spotify:album:073hIhdGDDOfOXDiYvO0kC
3138,album,2517,spotify,spotify:album:1DJldMHQQA7Fglm9dhMg8t
3139,album,2518,spotify,spotify:album:2uMsRKnaZ0Iy9wVI4F0X8a
3140,album,2519,spotify,spotify:album:5pvXSio4z7B7gkN1fMH2kr
3141,album,2520,spotify,spotify:album:04rz93AqGy9JduzV3K81Dh
3142,album,2521,spotify,spotify:album:2IvPyZR1fFCAGA9dhpzlIk
3143,album,2522,spotify,spotify:album:2RRYaYHY7fIIdvFlvgb5vq
3144,album,2523,spotify,spotify:album:5SZXD6IbW91jQKMTJmwlvv
3145,album,2524,spotify,spotify:album:5ywIBJnydB9IMqgg0XDU6O
3146,album,2525,spotify,spotify:album:5ZNpiEEn5h8L40p99UZ9XI
3147,album,2526,spotify,spotify:album:3U8n8LzBx2o9gYXvvNq4uH
3148,album,2527,spotify,spotify:album:6V5o0b3ALGp5hkSew9Ms42
3149,album,2528,spotify,spotify:album:7ht2LkihRHKtZ5BiS60xCV
3150,album,2529,spotify,spotify:album:4no6O3D7VpSoyf6mzM1FZJ
3151,album,2530,spotify,spotify:album:0OyLdyLDuLTDNoAUXAkKsa
3152,album,2531,spotify,spotify:album:2YC2wm5w3uH5TzIrchoKkw
3153,album,2532,spotify,spotify:album:0tpIUAzCeUkoV4u2r5NrQr
3154,album,2533,spotify,spotify:album:2Dpd5yarorBWoALMSaAM7g
3155,album,2535,spotify,spotify:album:2y85NsbsBnGTXcXgHpj3PD
3156,album,2536,spotify,spotify:album:1y5KGkUKO0NG32MhIIagCA
3157,album,2537,spotify,spotify:album:3IMD38I0EOZnZ7xz8N0hqX
3158,album,2538,spotify,spotify:album:77TJJ9z1EXYIau0RDjT3Ta
3159,album,2539,spotify,spotify:album:6hYcC80EgYG89s5F1IHfRe
3160,album,2540,spotify,spotify:album:1xpzhtpjPvLWdLme7BpttC
3161,album,2541,spotify,spotify:album:3nrTn6ARC5PpGw1DZysRNU
3162,album,2542,spotify,spotify:album:6nvH2FIsqHp7YWV5K3RsZp
3163,album,2543,spotify,spotify:album:2CYr9450iYkEWq4IWL8plY
3164,album,2544,spotify,spotify:album:1W5CMjNWdlKdfOqLMuHV2w
3165,album,2545,spotify,spotify:album:6ufaA5YvSGK3E9KnRFYvvo
3166,album,2546,spotify,spotify:album:6ap0FOChrqyQXZk8VbSa8b
3167,album,2547,spotify,spotify:album:1qNSzPbbDoqbCz2PmyE0Lr
3168,album,2548,spotify,spotify:album:2frAyNz56dJ9dgkEme3xba
3169,album,2549,spotify,spotify:album:0k7ALIqqds5oGFtpMsaHLK
3170,album,2550,spotify,spotify:album:1GH1xLKq7uvQX3F0jLHp7a
3171,album,2551,spotify,spotify:album:4zRAKOP0ZqqLzx5AJoU1tU
3172,album,2552,spotify,spotify:album:0s7C3FO8TujqadDLKb95lq
3173,album,2553,spotify,spotify:album:1B6uVeKyZUZgjDyCzeVWDO
3174,album,2554,spotify,spotify:album:1T61gHDk7P2LloxbCcjf6U
3175,album,2555,spotify,spotify:album:2wiv4F0IkUWwFkv453uEkT
3176,album,2556,spotify,spotify:album:7lj4fT2SzKOFw8rvSrVivF
3177,album,2557,spotify,spotify:album:3CG6jLjg64BZswmFZSkF96
3178,album,2558,spotify,spotify:album:1FXXB4iqgspG0pcV7t6Ods
3179,album,2559,spotify,spotify:album:1bZmZSIFsRl8JJ6uY4vklZ
3180,album,2560,spotify,spotify:album:5LkCoye48DppJYnIpOurSf
3181,album,2561,spotify,spotify:album:0WzJucZMyYoL1WsW0ub4Ul
3182,album,2562,spotify,spotify:album:2UmskU2A7S7w4qWP16I3on
3183,album,2563,spotify,spotify:album:4L8tF28TUH4Ude4IEhMH1b
3184,album,2564,spotify,spotify:album:3g2HyhYDr7KHGutBndYajv
3185,album,2565,spotify,spotify:album:3EGoexkD9hH8H2waAigsqT
3186,album,2566,spotify,spotify:album:124rEkhLGr2blnvf1G7okb
3187,album,2567,spotify,spotify:album:4m29Z33TQFkPtkguspP8Ah
3188,album,2568,spotify,spotify:album:1cGBfuFHbwH77j0zOYiUDn
3189,album,2569,spotify,spotify:album:1jXYc5gip5tqCTDOotfY5L
3190,album,2570,spotify,spotify:album:4mlFghKBM97vHU1O1ij0XI
3191,album,2571,spotify,spotify:album:5Dpi1rwIqrb2UEkzpfsUHJ
3192,album,2572,spotify,spotify:album:3BxdoE3a5kVxwcHskHk0Oe
3193,album,2573,spotify,spotify:album:6NkuCdMz5tGmHbOXAWbtCW
3194,album,2575,spotify,spotify:album:5kSUsy5FU3Wcxd4DBvXFm4
3195,album,2576,spotify,spotify:album:1EQXypuChmUaeNwStyITd1
3196,album,2577,spotify,spotify:album:1YaCXgKACFdnww4AjMN2bl
3197,album,2578,spotify,spotify:album:0MWBXV5r2IKdcIDoLQUVDi
3198,album,2579,spotify,spotify:album:39LcNyM8kP92qPYznNNLCw
3199,album,2580,spotify,spotify:album:1lDwHhTaVrlOtFZQG4i2VF
3200,album,2581,spotify,spotify:album:6PRPYATK5VvjZ2p911y6U0
3201,album,2582,spotify,spotify:album:3PWhuYij6e99npMTjTZm2C
3202,album,2583,spotify,spotify:album:7B6F306xdRIC0A1Rka5cbg
3203,album,2584,spotify,spotify:album:7JS7IPr2RgsnJ64AK1fS5t
3204,album,2585,spotify,spotify:album:3VI38DDpgfFMVPrUi69V5B
3205,album,2586,spotify,spotify:album:095vJUCcQB9qznxjB9i4ol
3206,album,2587,spotify,spotify:album:7AX3yOc2N6ggGmOK4vghpk
3207,album,2588,spotify,spotify:album:3h3aFGCPGBTHNrA1Fa6tfA
3208,album,2589,spotify,spotify:album:6u7xGWk6antcgjlmnSzqqZ
3209,album,2590,spotify,spotify:album:55XdhiY6nd3iij8msqiagR
3210,album,2591,spotify,spotify:album:11FzhwtOFCPB4vpgWo33xV
3211,album,2592,spotify,spotify:album:56k8ay5oE5apR61WIeE4wQ
3212,album,2593,spotify,spotify:album:30zwjSQEodaUXCn11nmiVF
3213,album,2594,spotify,spotify:album:0cumUqYme4Am4PnlsHbBUl
3214,album,2595,spotify,spotify:album:1PeYjDmxcRNvxLd5mGHuCC
3215,album,2596,spotify,spotify:album:4iqbFIdGOTzXeDtt9owjQn
3216,album,2597,spotify,spotify:album:7ql2A3kwa0MUy2vH2nMf6d
3217,album,2598,spotify,spotify:album:65hRa80KDworqyE8242rLN
3218,album,2599,spotify,spotify:album:6BzxX6zkDsYKFJ04ziU5xQ
3219,album,2600,spotify,spotify:album:57wh3BpvUF2tmvwoGSjUe3
3220,album,2601,spotify,spotify:album:4xbpCWaXMdAaDvEKAi02PX
3221,album,2603,spotify,spotify:album:4kEbcH3VT6NYfpv8Wkkk80
3222,album,2604,spotify,spotify:album:2YUoojiwp6nk5mBAUbEz9a
3223,album,2605,spotify,spotify:album:3EVhMsdzVzTUe1I67viGDv
3224,album,2606,spotify,spotify:album:2wqG59dVVQlJaxoO7N0LJt
3225,album,2607,spotify,spotify:album:2Og05vfN0U9RcT4mLeOW9S
3226,album,2608,spotify,spotify:album:445EjhQpagCD3DYnsAyybb
3227,album,2609,spotify,spotify:album:7GAOMkrIBSwqvC28f8bXTj
3228,album,2610,spotify,spotify:album:6cChlxXR1tY9ysXs98q7TK
3229,album,2611,spotify,spotify:album:52743dknIjnsCqQrKSIX5r
3230,album,2612,spotify,spotify:album:26678sDHO3Xg8g6q3Fo1WX
3231,album,2613,spotify,spotify:album:0ahMBglX3zpyTxcD3NwZR5
3232,album,2614,spotify,spotify:album:6TQ8nqw43uUOWu7Yqp58ko
3233,album,2615,spotify,spotify:album:2nyOnMxNFesS4LgbiTJLng
3234,album,2616,spotify,spotify:album:3bSNhnaQQXpC639OQ4pMyP
3235,album,2617,spotify,spotify:album:68cMqpPxJGONUtkcvMgWPL
3236,album,2618,spotify,spotify:album:7mU7c3lx4jCFocOYEc2rs7
3237,album,2619,spotify,spotify:album:5zdFKRmlSDwAMZ5NFVGbx9
3238,album,2620,spotify,spotify:album:4RmDIqdJ2mgmOuEvtnu8fl
3239,album,2621,spotify,spotify:album:183kGKiXuwNAkCPufaiV8K
3240,album,2622,spotify,spotify:album:3BtmGnmBWjKZLjIXVaBonA
3241,album,2623,spotify,spotify:album:3KUAjH6gf9p68TkLLyi4dB
3242,album,2624,spotify,spotify:album:6V836oeuXh62MWgiAHZPLz
3243,album,2625,spotify,spotify:album:3LAatB2Ad01PInc0lckJb2
3244,album,2626,spotify,spotify:album:6psFVVvkFCxIvS8j4N3DkF
3245,album,2627,spotify,spotify:album:0e4dBWmBHPevyfC9Zle4mv
3246,album,2628,spotify,spotify:album:4FDPcDl10Wjxr00oN9YpGr
3247,album,2629,spotify,spotify:album:55Z9X5i9tJmBhiSqr5MuAT
3248,album,2630,spotify,spotify:album:3D2q615OjU1YPeJjBcqubI
3249,album,2631,spotify,spotify:album:3fbcKscWKVKFcgdX1XaWFf
3250,album,2632,spotify,spotify:album:2veXxRriGPw4fFBZQNNMfQ
3251,album,2633,spotify,spotify:album:05Zpvjm9aGodlwFnnh1rRE
3252,album,2634,spotify,spotify:album:2nFAUxmo2SkqO6PmnDuowt
3253,album,2635,spotify,spotify:album:4xdRjOhY9NHmMpI7U3e2c3
3254,album,2636,spotify,spotify:album:7AodQt6yKbtY1MBGfz5z4V
3255,album,2637,spotify,spotify:album:5nabWI5Yf9uYtDS79CXVHu
3256,album,2638,spotify,spotify:album:06me0leRR3AuF4IFiEytml
3257,album,2640,spotify,spotify:album:5H7ixXZfsNMGbIE5OBSpcb
3258,album,2641,spotify,spotify:album:6ptDNtROqkFn0kNvtMIIHz
3259,album,2642,spotify,spotify:album:2OIMJ2Arm0dYpmWIfQOXTD
3260,album,2643,spotify,spotify:album:28wKxlJocWCrrxUgYC2zEQ
3261,album,2644,spotify,spotify:album:6HwzIlrCDq3WF9vMq8meqG
3262,album,2645,spotify,spotify:album:4o5dzQHDzmBBc4Z3jSWVR9
3263,album,2646,spotify,spotify:album:5udBfaGdflGiQRkL9TORN2
3264,album,2647,spotify,spotify:album:1CTk9dG2nyaUovNIQfBzqb
3265,album,2648,spotify,spotify:album:32bR4LcEc1PvJEhaKoo4ZN
3266,album,2649,spotify,spotify:album:52TwRwdTUMtkpglbOE5IRz
3267,album,2650,spotify,spotify:album:6PRXKEq952eaaJWMUGNx5t
3268,album,2651,spotify,spotify:album:3qwCuSISrIUpyt6sB5edmQ
3269,album,2652,spotify,spotify:album:5JjnoGJyOxfSZUZtk2rRwZ
3270,album,2653,spotify,spotify:album:5Ijk8JGsEkwCZd5i0Iy09a
3271,album,2655,spotify,spotify:album:6vVP6djBQD80GHolXulYXX
3272,album,2656,spotify,spotify:album:3ahxhuhmGJiN0CWLOff9Sw
3273,album,2657,spotify,spotify:album:59DJ2eEI2uCtYcO6orAeFX
3274,album,2658,spotify,spotify:album:3mgzDGCeXGjsdYAmIoa1T3
3275,album,2659,spotify,spotify:album:5leBUcbk6qAb5cDHYuVwBO
3276,album,2660,spotify,spotify:album:1uEHrNStg2h7UMMWHKzg43
3277,album,2661,spotify,spotify:album:2otYz8vhIYq4lnrXQEI8zb
3278,album,2662,spotify,spotify:album:2suR5CCbtL2Wq8ShFo8rFr
3279,album,2663,spotify,spotify:album:1ieXGmYdEYzBVQVosLrR7r
3280,album,2664,spotify,spotify:album:7EYx33pYJKBfjCaDsfIjp4
3281,album,2665,spotify,spotify:album:2lka9gSjkghBBSjktHnN6o
3282,album,2666,spotify,spotify:album:2VgRHCN7kggnIWMk6eKmuM
3283,album,2667,spotify,spotify:album:4J5DHt8wmA8oq1OB2q8EML
3284,album,2668,spotify,spotify:album:3HrPKjkDGeAPAREPOc3GvW
3285,album,2670,spotify,spotify:album:5iaxBk4qVHAMp9vtYSoEBM
3286,album,2672,spotify,spotify:album:6bTrNPIYDpWVFoE3E7wpUk
3287,album,2673,spotify,spotify:album:30BFY5VHii4PyWqkTubUWX
3288,album,2675,spotify,spotify:album:493jNMqrlOYhzQ0aoYU03s
3289,album,2676,spotify,spotify:album:5h3WJG0aZjNOrayFu3MhCS
3290,album,2677,spotify,spotify:album:3L82FRbY7B5tk0CZDED1pi
3291,album,2678,spotify,spotify:album:3NoP1ifIejWkGSDsO9T2xH
3292,album,2679,spotify,spotify:album:0rnnzYSJbxKoxcp9U5I2zF
3293,album,2680,spotify,spotify:album:3JnwQnEy8SBKZAiTWcHMG3
3294,album,2681,spotify,spotify:album:3Misy9xxlyiCDPMqdA1zd4
3295,album,2682,spotify,spotify:album:44L44SGtT3DVqG3WRD1ec0
3296,album,2683,spotify,spotify:album:629PRUynXcqKHoYJa7gp4L
3297,album,2684,spotify,spotify:album:23TDJiqtPfw3UcDhce8Q2x
3298,album,2685,spotify,spotify:album:0VCQfALGQwP7CiJQ0Alx4w
3299,album,2686,spotify,spotify:album:1bnuqw7lokUgOfybpKHVdZ
3300,album,2687,spotify,spotify:album:39lJVLDmWXvpB0cscmj5g8
3301,album,2688,spotify,spotify:album:5FQ4sOGqRWUA5wO20AwPcO
3302,album,2689,spotify,spotify:album:6evp25LUCHr0erAU335Wxf
3303,album,2690,spotify,spotify:album:7hWkxDtA0rfljrY1Rtry0o
3304,album,2691,spotify,spotify:album:5aT5x4hkpnKYMpAzovCm53
3305,album,2692,spotify,spotify:album:6TwZUO3jqcX5SGJlh1FLXQ
3306,album,2693,spotify,spotify:album:6I4MP7YoLlBWfiQCqjJc4d
3307,album,2694,spotify,spotify:album:4T64HQK7hobpqtvq8284zI
3308,album,2695,spotify,spotify:album:4KUIIO52OLcKyV6wCbbtEc
3309,album,2696,spotify,spotify:album:7jCwJHwlqx4lSRddy65HBo
3310,album,2697,spotify,spotify:album:1IROPd6PTUoA3o9tqTvRiL
3311,album,2698,spotify,spotify:album:1QWTtdbC4PJpN48Ey9o99c
3312,album,2699,spotify,spotify:album:5oSeZDMpbXW5E9v13kDicA
3313,album,2700,spotify,spotify:album:2XYvPKHgzfCYJVQ2k4sEIM
3314,album,2702,spotify,spotify:album:50235H1xQYRg7OaeEUc4ta
3315,album,2703,spotify,spotify:album:0dndwGladqdj1dI4nli8Po
3316,album,2704,spotify,spotify:album:7aJuG4TFXa2hmE4z1yxc3n
3317,album,2705,spotify,spotify:album:4vAakYtJWrer6lENSAP19l
3318,album,2706,spotify,spotify:album:7qjmrPRpj4ppzd6rQRLj0A
3319,album,2707,spotify,spotify:album:4n1O2XHrer5Xg438sEqQH1
3320,album,2708,spotify,spotify:album:1bPxMZGxchRlhmtuAwfn81
3321,album,2709,spotify,spotify:album:0tQ7Iu6EicQTPyhYRNWjaT
3322,album,2710,spotify,spotify:album:2lIZef4lzdvZkiiCzvPKj7
3323,album,2711,spotify,spotify:album:0bFVjwPABfPBSWimES0TJ6
3324,album,2712,spotify,spotify:album:5gHqM8u3IclJ1ZV6q309OW
3325,album,2713,spotify,spotify:album:3TDEhWhq4igbjoquhj8NOp
3326,album,2714,spotify,spotify:album:3eUG46qXFv43R7IzZARnPH
3327,album,2715,spotify,spotify:album:2JCIdveMkl6k4YdAqEMEBx
3328,album,2716,spotify,spotify:album:2fRC7rUhMqgIIetA3qDxkW
3329,album,2717,spotify,spotify:album:7od1jLqQ9xvSE6N0nlxRlW
3330,album,2718,spotify,spotify:album:38j3GcuiblVAwz5ugH8Nh1
3331,album,2719,spotify,spotify:album:7IIVmAui8pkafqIFST7231
3332,album,2720,spotify,spotify:album:6gQACHXCxpd5Zd3xK9M5jX
3333,album,2721,spotify,spotify:album:1k3MYSTe3zls106XkVRhuW
3334,album,2722,spotify,spotify:album:0cgRf1y5HysQvQJs63yLDp
3335,album,2723,spotify,spotify:album:65iXBHLsOnNVC5C6nVbLYf
3336,album,2724,spotify,spotify:album:7gijMMm6pwwaL6hc0NejHk
3337,album,2725,spotify,spotify:album:6yxFfTJTcO1VEc0HPjLhM2
3338,album,2726,spotify,spotify:album:0iTeVhq2gc8sj0fviWJ5nL
3339,album,2727,spotify,spotify:album:6ccDPGKd4UC3rWOokj2DCs
3340,album,2728,spotify,spotify:album:1bf3osy9i9sSfU4FMYeqse
3341,album,2729,spotify,spotify:album:3kjHLu1pL7tdY88GFwEkl6
3342,album,2730,spotify,spotify:album:2maCyX9Ug03EyMtdia3j0T
3343,album,2731,spotify,spotify:album:365ETCJBUmEWroc4UGBS1u
3344,album,2732,spotify,spotify:album:6HXlnhMr40FP2qBTnKXRbA
3345,album,2733,spotify,spotify:album:1wA3gsTb8pgnKuAyJbAsu0
3346,album,2735,spotify,spotify:album:5qENHeCSlwWpEzb25peRmQ
3347,album,2736,spotify,spotify:album:6LoDd1G8en4TcqdSg7yqrV
3348,album,2737,spotify,spotify:album:0N0EFoE8csbKxl5lxT1ylm
3349,album,2738,spotify,spotify:album:2KunOxPu4RavN3VZ08vv5D
3350,album,2739,spotify,spotify:album:6LYOGfTHG8i1bmf4FoyV2P
3351,album,2740,spotify,spotify:album:2widuo17g5CEC66IbzveRu
3352,album,2741,spotify,spotify:album:0dZaHQ0OJlIyVrEuvnXmS9
3353,album,2742,spotify,spotify:album:1YEji9IzxLNdkjXiYANqun
3354,album,2743,spotify,spotify:album:5lVqgXqdoIH3W1wUM2hzPx
3355,album,2744,spotify,spotify:album:5Das42Qx4AoU9iT4M7PW3U
3356,album,2745,spotify,spotify:album:2r3oxZgkGG3wDHGRGt7ytr
3357,album,2746,spotify,spotify:album:5glJE1IDthPVklvDyEVqfL
3358,album,2747,spotify,spotify:album:3PFXzb8ySwZMDjyD25c6Bt
3359,album,2749,spotify,spotify:album:59Mi8LUBJnlkdlMk5k0lAW
3360,album,2750,spotify,spotify:album:3e0FYa8CQ1zqEaKkqt5Q6X
3361,album,2751,spotify,spotify:album:2E2dkg27jgsOpVB4bz8soe
3362,album,2752,spotify,spotify:album:1MzVZEoH8rlTZRDXTLxnov
3363,album,2753,spotify,spotify:album:3gZv6Vq2Q2a300JEUV8Dq9
3364,album,2754,spotify,spotify:album:3NCv2JjqPcJQx1dYcGDPiv
3365,album,2755,spotify,spotify:album:4yhyBrxpfFUjazK1rVgzzO
3366,album,2756,spotify,spotify:album:5u7OIO38fAWCnNz9wIL4be
3367,album,2758,spotify,spotify:album:3lS2eQfm7o9MUDruWHUeYR
3368,album,2759,spotify,spotify:album:79a34uOB7jdMrSECClgqOv
3369,album,2760,spotify,spotify:album:0TXKF9HGebP07O94Gylywf
3370,album,2761,spotify,spotify:album:6mRm83SvjE1xF2fCkOkGpv
3371,album,2762,spotify,spotify:album:4kb4g4LErw7g8iooZfxFAF
3372,album,2763,spotify,spotify:album:509IXZSfjhyrC15B0LYKkX
3373,album,2764,spotify,spotify:album:5us87BphrE84ew5F5jIQxa
3374,album,2765,spotify,spotify:album:47UHGOGmGyHRTiilpNSrjy
3375,album,2766,spotify,spotify:album:7AsuXIHGlGtFl3MoA2KCRr
3376,album,2767,spotify,spotify:album:5PGH88Cwual1Nj8d2RsKP0
3377,album,2768,spotify,spotify:album:4FVHGcaBppCbn7AmAUSkK6
3378,album,2769,spotify,spotify:album:64dj5UzR5GQHQFy3ZjL1ah
3379,album,2770,spotify,spotify:album:0fVKYUaJ4HZDFOxiwacxCF
3380,album,2771,spotify,spotify:album:4o4CkJTjys8LrrVIWciP2f
3381,album,2772,spotify,spotify:album:6Ij5Kt1Volt9pQRvRYU8Cm
3382,album,2773,spotify,spotify:album:52yTF9qryiuTlSNqhHObgd
3383,album,2774,spotify,spotify:album:2iYA0O1GhNE9eK1VwaDPha
3384,album,2775,spotify,spotify:album:0zI5KZ81RN2x6RrQchLLBQ
3385,album,2776,spotify,spotify:album:3znl1qe13kyjQv7KcR685N
3386,album,2496,spotify,spotify:album:0u3PlMuxnHdhKTuKnPnDWL
3387,album,2777,spotify,spotify:album:2Pj2kZM5XpyIeyFBTAVulL
3388,album,2778,spotify,spotify:album:4dhK1XKetMnAilmo6CMID8
3389,album,2779,spotify,spotify:album:7wsj4nv8jBENZT3IfcfnWA
3390,album,2781,spotify,spotify:album:7dmxohbqqEAheuSvF2p29W
3391,album,2782,spotify,spotify:album:3RGJQBgfxj2bYWCoEPoc5e
3392,album,2783,spotify,spotify:album:2phJX6Yo2s6WB7jhLgg9EF
3393,album,2784,spotify,spotify:album:6JDmapag0dUDumU4jh5XhI
3394,album,2785,spotify,spotify:album:4dFO4ozRAqKqUM21TErLcu
3395,album,2786,spotify,spotify:album:6eWxZfd5mfydYddUOB1g0W
3396,album,2787,spotify,spotify:album:5leZNrFKUULuMcQjhlA2Kj
3397,album,2788,spotify,spotify:album:6noSfxwRPvApqPSIcL9uGz
3398,album,2789,spotify,spotify:album:3Emj30Utjj4Y94qjvU21gt
3399,album,2790,spotify,spotify:album:5NmzAYrbMgH0NkStZKxtgJ
3400,album,2791,spotify,spotify:album:6guuspL1X2589w70ng68Qk
3401,album,2792,spotify,spotify:album:6jRvDpOc9oi3sjQuoPK7if
3402,album,2794,spotify,spotify:album:1UJdNfDQPpxXJFY0P08sL1
3403,album,2795,spotify,spotify:album:6n4cr9Q90zI9Dn2BgvWwAh
3404,album,2796,spotify,spotify:album:1gAU8fHpTCco6SgNnsR5tm
3405,album,2797,spotify,spotify:album:2nYlvZ89PuF4MVME7EHqns
3406,album,2798,spotify,spotify:album:603607Iup3eeTPgUM9Qoof
3407,album,2799,spotify,spotify:album:6c2FMAZeFKi8pui6dlZqXB
3408,album,2800,spotify,spotify:album:1kokRXXxrJzhxdMo0vsVDV
3409,album,2801,spotify,spotify:album:3McfY0EGNjsrVdYa9ZnoSH
3410,album,2802,spotify,spotify:album:6wjryxtrKxzTZID9kyZUV5
3411,album,2803,spotify,spotify:album:33Ek6daAL3oXyQIV1uoItD
3412,album,2804,spotify,spotify:album:0ox9tbhuvpoGllNRJ87IOe
3413,album,2805,spotify,spotify:album:7Dw72MgNWOIWV8zvylFF4V
3414,album,2806,spotify,spotify:album:6Vvxsmhtg0FKtUEsrkfleL
3415,album,2807,spotify,spotify:album:1rccj3MT8J26ZXlOVQLEuN
3416,album,2808,spotify,spotify:album:01a7YTIVcKAvooDaN200dS
3417,album,2809,spotify,spotify:album:1qDCmcKhDPEVHfLYgZUIBD
3418,album,2810,spotify,spotify:album:3gN1nwpbmzQ5t56rAyE6ww
3419,album,2811,spotify,spotify:album:1kAexOnDyQcgwvMM3mFkjX
3420,album,2812,spotify,spotify:album:6IUfw3LGKbOaKGGEMJQDMd
3421,album,2813,spotify,spotify:album:0xAT19PSU54ExVPjdt2kTI
3422,album,2814,spotify,spotify:album:3IySMEnXL20Sm0ZwZXxS66
3423,album,2815,spotify,spotify:album:79cZSTmSP7yeRrGd4ASWaF
3424,album,2816,spotify,spotify:album:4D1kNE9g75TlW5lCbH3W2n
3425,album,2817,spotify,spotify:album:6m5qlaMzLtNsQDj3DQY5ji
3426,album,2818,spotify,spotify:album:59GRmAvlGs7KjLizFnV7Y9
3427,album,2819,spotify,spotify:album:4qVzNqB4cskFInYfrC7P0S
3428,album,2820,spotify,spotify:album:4POiurFeB5bDsF9yBwOxbh
3429,album,2824,spotify,spotify:album:3GqfqdMsUvNofIab6fSbim
3430,album,2825,spotify,spotify:album:6b7NVGKHlwKyQzFKoVTaMA
3431,album,2826,spotify,spotify:album:1Q7mpQ7mDOK2snlbb0g5Q2
3432,album,2827,spotify,spotify:album:7Bl87kMIXjddIKqaQhdxra
3433,album,2828,spotify,spotify:album:48xpWR8K6CGpy3ETAym3pt
3434,album,2830,spotify,spotify:album:7p7kcsrdoJ8DKQIMouujcb
3435,album,2831,spotify,spotify:album:130Z8iBbfUEI98zWWObsQB
3436,album,2832,spotify,spotify:album:3KGVOGmIbinlrR97aFufGE
3437,album,2833,spotify,spotify:album:6nLFx6TsCKHsYxO9EOYmMb
3438,album,2834,spotify,spotify:album:4e028ZilfJEuIO8uyRVC5V
3439,album,2835,spotify,spotify:album:5eXL40WFKPjdCw0NZrRcJI
3440,album,2836,spotify,spotify:album:2nB4hPkIT80DFtf7lHyviw
3441,album,2837,spotify,spotify:album:0oGNDif7WWcMsuVIPY2BNY
3442,album,2838,spotify,spotify:album:0QRzeaKuhB5StidZb11yIj
3443,album,2839,spotify,spotify:album:4DM34NuOlqu5S8PZAje4iF
3444,album,2840,spotify,spotify:album:3cyyJALrHc8LawnQNFYRWL
3445,album,2842,spotify,spotify:album:0WHY8JAMmQpVtFn7rhqjkM
3446,album,2843,spotify,spotify:album:0SnnejMBMdgkNyS4XqJBL4
3447,album,2845,spotify,spotify:album:530KQbH8BUWquxbKtD7CS2
3448,album,2846,spotify,spotify:album:5oT8PMXGWiPlhcl930fkII
3449,album,2847,spotify,spotify:album:1EmfbMC739Pfi2Q3U4a0Y7
3450,album,2848,spotify,spotify:album:1MROip7w49w3Rlokn2gmXJ
3451,album,2849,spotify,spotify:album:4zT3h9wMvihiin7m2gtzcm
3452,album,2850,spotify,spotify:album:4KdtEKjY3Gi0mKiSdy96ML
3453,album,2851,spotify,spotify:album:12YTH28wiBXQ16gvWOCMLU
3454,album,2852,spotify,spotify:album:6uhEg4ASZYLIilZFCBFy1r
3455,album,2853,spotify,spotify:album:4c2p3TdN7NcQfCXyueCNnC
3456,album,2854,spotify,spotify:album:2ogiazbrNEx0kQHGl5ZBTQ
3457,album,2855,spotify,spotify:album:7jE8oOSKDIYZT8Fz84i5d1
3458,album,2857,spotify,spotify:album:0hDnsNkxpMDZrpBlGjldtW
3459,album,2860,spotify,spotify:album:0H3alcRRmLP9P5lHLTqEJB
3460,album,2861,spotify,spotify:album:25gXlZRYlLdjd3iOjB0FDQ
3461,album,2862,spotify,spotify:album:2FyjPPvu9Hjwjikgh1xMc5
3462,album,2863,spotify,spotify:album:0MlTOiC5ZYKFGeZ8h3D4rd
3463,album,2864,spotify,spotify:album:02Ird1pnGUdA6ruy87cxVa
3464,album,2865,spotify,spotify:album:6JWc4iAiJ9FjyK0B59ABb4
3465,album,2866,spotify,spotify:album:6EBAeYn2YJvmXp6AkK18Mc
3466,album,2867,spotify,spotify:album:11ctBooGr1Y3ju4OiopEUm
3467,album,2868,spotify,spotify:album:7IKkHmEk4It4cRdOYanyvW
3468,album,2869,spotify,spotify:album:2ZQedN95ddF8NpF2t7DGhn
3469,album,2870,spotify,spotify:album:4IGmfmJv1wys4O024rfyR4
3470,album,2871,spotify,spotify:album:6oGVUxOViodxfCunvEr2De
3471,album,2872,spotify,spotify:album:1h19AU04eolAfpQ3ywiQGX
3472,album,2873,spotify,spotify:album:3kfnwa4p4uYiTOP8K8ooSE
3473,album,2874,spotify,spotify:album:25eBsQypjHakiWu1OnPHCX
3474,album,2875,spotify,spotify:album:4bNPOFOzxGhF5jhfIK6lit
3475,album,2876,spotify,spotify:album:4UcbTrIaa0rIuLOsyK4J2N
3476,album,2877,spotify,spotify:album:0U28P0QVB1QRxpqp5IHOlH
3477,album,2878,spotify,spotify:album:0uNDq1zF9TSKbjLqQgPuq5
3478,album,2879,spotify,spotify:album:7zH9zriF2psferewXevUQE
3479,album,2880,spotify,spotify:album:0pM3dCZm2tqjZ7EkpVcsNI
3480,album,2881,spotify,spotify:album:2hKCg2JLGtjATrYvpQedT5
3481,album,2882,spotify,spotify:album:59tk7qXLhxAKaWa5BghvGD
3482,album,2883,spotify,spotify:album:1OZ7GnepAtCfGivyYPCWUM
3483,album,2884,spotify,spotify:album:5gBjsO4i4OjLKWvwezXdIo
3484,album,2885,spotify,spotify:album:1MCA50GzswxscAouRWnrES
3485,album,2886,spotify,spotify:album:2LAQyF9yT1coZjEmld0NNe
3486,album,2887,spotify,spotify:album:0jt3q9DX9AU2AUDcrDzQ2O
3487,album,2889,spotify,spotify:album:0MwsDtwahz5Pq57GJa793L
3488,album,2892,spotify,spotify:album:4odeNH2Qe9DAxT3sC1qq9p
3489,album,2893,spotify,spotify:album:2PPvDD3t985MvMphfSwzgr
3490,album,2895,spotify,spotify:album:5CvA57rVw7Mru6533m6cN6
3491,album,2896,spotify,spotify:album:4jNVrFSF7UzQdvQtzHjWM0
3492,album,2897,spotify,spotify:album:3JCJX6uPPrMDR6zKEJRiE7
3493,album,2898,spotify,spotify:album:0ncYJAhpISwNofNOzcBWuT
3494,album,2899,spotify,spotify:album:1w9YQWImmASvP0wGitaF4i
3495,album,2900,spotify,spotify:album:7jThw9jJDU3UitZRESpvGC
3496,album,2901,spotify,spotify:album:7oZOlyOhZSUn1zfojIzMHR
3497,album,2902,spotify,spotify:album:1gLxZ6zyiAGKQxOiJua2dp
3498,album,2903,spotify,spotify:album:0JvoIKuIaMFmGeRUmHvvQg
3499,album,2904,spotify,spotify:album:5ie8vTZ17RhunHEDIlBAwg
3500,album,2906,spotify,spotify:album:0RkkwrIWDzsYSw11lmhNYx
3501,album,2907,spotify,spotify:album:45vZtgVgJGAz96VNltDRNh
3502,album,2908,spotify,spotify:album:5y3QOvNMlvamEs4rzua8JV
3503,album,2909,spotify,spotify:album:18mso9k7h5CuhwZjeJDaoW
3504,album,2910,spotify,spotify:album:1FMxigRx0AScMgDbUXfqAs
3505,album,2911,spotify,spotify:album:2W2w7Xf38aI1b22lBnjQ4I
3506,album,2912,spotify,spotify:album:3rc7HXbkC0kSZIQeQBoqXZ
3507,album,2913,spotify,spotify:album:0BrfTa79VUWyxgW4uDWgMV
3508,album,2914,spotify,spotify:album:4CKIJADDEgC8z0ouMht7IU
3509,album,2915,spotify,spotify:album:3TSh2VevYJEb5wfrnyHMVM
3510,album,2916,spotify,spotify:album:2qCyMMQ785sPH4Yx25GQZ8
3511,album,2917,spotify,spotify:album:6FKP2O0oOvZlDkF0gyTjiJ
3512,album,2919,spotify,spotify:album:7mQxz688kGblo1TPYp40VM
3513,album,2920,spotify,spotify:album:1ET5QG3pd6NGqEFuZh0Qiz
3514,album,2921,spotify,spotify:album:1V6a99EbTTIegOhWoPxYI9
3515,album,2922,spotify,spotify:album:6iHuSGy6pq4tNGFV3ZVPtl
3516,album,2923,spotify,spotify:album:5JehGpTedBPXzhUcwXoIlf
3517,album,2924,spotify,spotify:album:1SMBOCE8CFqxr2EB92Asqh
3518,album,2925,spotify,spotify:album:0Kmw2yUjTfdaN1son7GTp5
3519,album,2926,spotify,spotify:album:36VMWZPLjg9rucvMxdA2Pz
3520,album,2927,spotify,spotify:album:2UJwKSBUz6rtW4QLK74kQu
3521,album,2928,spotify,spotify:album:5KUNMuwPrKcWkiELM80qKT
3522,album,2929,spotify,spotify:album:2ZytN2cY4Zjrr9ukb2rqTP
3523,album,2930,spotify,spotify:album:2ANVost0y2y52ema1E9xAZ
3524,album,2931,spotify,spotify:album:2NEmopTAPp4ZmqRRJ6wTdB
3525,album,2932,spotify,spotify:album:4GSidaoqyGNwaG5mNKmuLT
3526,album,2933,spotify,spotify:album:15uqXXD0sAdZuxNxTxktlR
3527,album,2934,spotify,spotify:album:1HN3NFviUZHANiLqQRMg7S
3528,album,2935,spotify,spotify:album:0E2PgtXRUHCslZ7gRselUq
3529,album,2936,spotify,spotify:album:2IYQwwgxgOIn7t3iF6ufFD
3530,album,2937,spotify,spotify:album:7kFyd5oyJdVX2pIi6P4iHE
3531,album,2938,spotify,spotify:album:4PgleR09JVnm3zY1fW3XBA
3532,album,2939,spotify,spotify:album:6irebIc6UO8fN0jl4UlzBS
3533,album,2940,spotify,spotify:album:7sYd6KDHefklNf94RmND8g
3534,album,2941,spotify,spotify:album:7dAm8ShwJLFm9SaJ6Yc58O
3535,album,2942,spotify,spotify:album:6kgS333fe7aqrClZAZmCfu
3536,album,2943,spotify,spotify:album:5e56wNHmiRO23SEorXKF7o
3537,album,2944,spotify,spotify:album:66qP8dk23TNyf7ZP8mmHyG
3538,album,2945,spotify,spotify:album:3VQkNrG74QPY4rHBPoyZYZ
3539,album,2977,spotify,spotify:album:33ichA2TzIOdW248hRlqpH
3540,album,2946,spotify,spotify:album:1cgx5z9T4NryDXaS2dO9EN
3541,album,2947,spotify,spotify:album:0VoMhVda2RvI7rwOAPzyv3
3542,album,2948,spotify,spotify:album:7t2ToFb8NXJsP5XKHGV5gO
3543,album,2949,spotify,spotify:album:2fSAC0ZiYnwKfzLEvyaMm8
3544,album,2950,spotify,spotify:album:5aahGTQnyEzNwR8Wy2lEpi
3545,album,2951,spotify,spotify:album:6HO6ObAHr6Yf03scMOWFec
3546,album,2952,spotify,spotify:album:41NgnWhVq63h5025pdaIPW
3547,album,2953,spotify,spotify:album:0ErCLX4xdwHeq8A3EzBfgw
3548,album,2954,spotify,spotify:album:2GTgSAWzylW8N74Kad1sZ3
3549,album,2955,spotify,spotify:album:4S9tDuqxJRV2wP7DBm0R9x
3550,album,2956,spotify,spotify:album:5E7YHPil6ex6KsHVxWN6Pc
3551,album,2957,spotify,spotify:album:2ZbiFvf70ycI46qfPwQ9lz
3552,album,2958,spotify,spotify:album:7xPdOIah8hlPZAQk2jl8KN
3553,album,2960,spotify,spotify:album:2aydhloXt99nJk9Nsu5AV4
3554,album,2961,spotify,spotify:album:60UzB8mOCMpc7xkuJE6Bwc
3555,album,2962,spotify,spotify:album:1qOm9MfWnGxA4EPdKeDSXs
3556,album,2963,spotify,spotify:album:3P3ODJQfeECySRtPV8cJBZ
3557,album,2964,spotify,spotify:album:7jZyhVwszdGpCFnhRGZqAv
3558,album,2965,spotify,spotify:album:3shAfFQ9RZWalGR5JSgnTb
3559,album,2966,spotify,spotify:album:6d7nuH4CjmLGxUMkqiN0VS
3560,album,2967,spotify,spotify:album:5sSgN4I7ewNEKhaC7bX3k7
3561,track,1,spotify,spotify:track:5bBUDJUfGcG7eFy3Bf4fXv
3562,track,2,spotify,spotify:track:4M2t7bP4Mq87mGMn0PObUX
3563,track,3,spotify,spotify:track:3V8vWoCbKbfjNrPaQ4YtSg
3564,track,4,spotify,spotify:track:1U13SSgDOxK98L1FTWYrjQ
3565,track,5,spotify,spotify:track:2fgAJeky8Cpsr8Cfvn2NVp
3566,track,6,spotify,spotify:track:3I0FBDc1c1BLNtXWKVjmFg
3567,track,7,spotify,spotify:track:6OkOFxU6j0UufR97VgSnS7
3568,track,8,spotify,spotify:track:0uU6wpqMrSe8SuIAJNIje9
3569,track,9,spotify,spotify:track:0wJw5QXDKXTYn8IVyh3wqz
3570,track,10,spotify,spotify:track:15EPc80XuFrb2LmOzGjuRg
3571,track,11,spotify,spotify:track:7aK5rlTVxSgcqShPMI1TTH
3572,track,12,spotify,spotify:track:2UOYzhusMTypF7oAQwksCj
3573,track,13,spotify,spotify:track:3znSvEwBq09We4cxxmwlZM
3574,track,14,spotify,spotify:track:3aZptNYC6Z1YoumeqZcDcQ
3575,track,15,spotify,spotify:track:1SGvjfc85yzqKXsfKcCxn2
3576,track,16,spotify,spotify:track:4K1Pg0FLno1ltzX3jeqT83
3577,track,17,spotify,spotify:track:0RgjEkSbeuStKfT2Pa4Zai
3578,track,18,spotify,spotify:track:5ho7VSXSmI2KM2nDjcnLyz
3579,track,19,spotify,spotify:track:0nj9Bq5sHDiTxSHunhgkFb
3580,track,20,spotify,spotify:track:5gOfC9UzZQzTyShqPMrpjT
3581,track,21,spotify,spotify:track:13unqv6c3ZC5Qz4J0yT2kF
3582,track,22,spotify,spotify:track:7dFGkZbmm6cVlI28bfMaWE
3583,track,23,spotify,spotify:track:2uuJs2nltcYFh9pkKP7bW4
3584,track,24,spotify,spotify:track:7uWVT3UkCAZyANvv0bdyQn
3585,track,25,spotify,spotify:track:4oFtLSgHyZPNYDCcANhTnO
3586,track,26,spotify,spotify:track:0N3W5peJUQtI4eyR6GJT5O
3587,track,27,spotify,spotify:track:7Ks4VCY1wFebnOdJrM13t6
3588,track,28,spotify,spotify:track:1o5jdqnWybW9Mau4GDWPMa
3589,track,29,spotify,spotify:track:40WxFAbt8UEK7jKLmIxRNY
3590,track,30,spotify,spotify:track:1YDnLxy20HhSlh6322QiGF
3591,track,31,spotify,spotify:track:07Vwzgzl5dRyU7AMpJbIE3
3592,track,32,spotify,spotify:track:5kBmoWvzfQgpd1pVGwFwab
3593,track,33,spotify,spotify:track:3ghiHEKztV2ZAVhYokFpKK
3594,track,34,spotify,spotify:track:17AS0y6FnHdYImAPUydAJg
3595,track,35,spotify,spotify:track:2LRYaXXxkMrvSFyaSZHMPs
3596,track,36,spotify,spotify:track:2U3LJfQB0ALLxC7Yy0QW7l
3597,track,37,spotify,spotify:track:1SkR9g1l9NipSZhZPJsbOT
3598,track,38,spotify,spotify:track:0zNHMc1cGKe4MO5rtGtKRh
3599,track,39,spotify,spotify:track:5f5r2N4Lp9WoULWPH9zp2W
3600,track,40,spotify,spotify:track:4xzSmycmoheCQGJLvYtDFU
3601,track,41,spotify,spotify:track:3Yj06btZSnAfVtW9oMbnT9
3602,track,42,spotify,spotify:track:0t756OdnRaa3VHdrbNU19x
3603,track,43,spotify,spotify:track:0f85bMoarvHbdIcfhDjSjN
3604,track,44,spotify,spotify:track:7tk5tOCj84jine8kKJkPYs
3605,track,45,spotify,spotify:track:2t4H61OtTYgmDe61KxkjKH
3606,track,46,spotify,spotify:track:0xaQ86cGRgcF8wwP1SkXsb
3607,track,47,spotify,spotify:track:1NpHJ96ljWvqdbjlyc9GtT
3608,track,48,spotify,spotify:track:3pjzb1lnMOJbWbghMGSp23
3609,track,49,spotify,spotify:track:6o4nVtywF4F75RkOcDxrtd
3610,track,50,spotify,spotify:track:5PXpiAqtsLRlTUlAoeZeYP
3611,track,51,spotify,spotify:track:26N5kAVhlqFOWAkuMQ5Kwe
3612,track,52,spotify,spotify:track:1JvQhXD5FxkK2GjHCyFmZa
3613,track,53,spotify,spotify:track:5eW508Gq23QlXHowyzW39m
3614,track,54,spotify,spotify:track:1DAl49mec3YC7a3Yc86Gz2
3615,track,55,spotify,spotify:track:5MD2QLnFM2ChpKAh33z0zr
3616,track,56,spotify,spotify:track:0sMZD2KXYkkR0xDZiBoI7g
3617,track,57,spotify,spotify:track:4BqE5Rg3r4Rtizvm3IicrN
3618,track,58,spotify,spotify:track:3dM1Tf9uBxpsStGmuWkbtg
3619,track,59,spotify,spotify:track:2OaKHGvIxoOzIYjyMsxcT8
3620,track,60,spotify,spotify:track:0xl1w2q4VLojeXp4JfazPL
3621,track,61,spotify,spotify:track:4CAy0rl7iHnF2iD9I8xkEM
3622,track,62,spotify,spotify:track:6uJmfWyFMLGCjvvRF5mpG9
3623,track,63,spotify,spotify:track:7vAtyxWiSO24Q6tVj7LOGo
3624,track,64,spotify,spotify:track:3DTJYRV3jTQ4TUgqDuPkez
3625,track,65,spotify,spotify:track:1qPK58q90l8KNoWyXsLI2Y
3626,track,66,spotify,spotify:track:0edLml7Ab3EaqbLaF4Q98h
3627,track,67,spotify,spotify:track:2MIvJJkLfUo523iIWBuRTp
3628,track,68,spotify,spotify:track:4CBo3i4VLFOCWyq6CJVQVP
3629,track,69,spotify,spotify:track:1Cyf3mwH7sUze0XOA2lFFI
3630,track,70,spotify,spotify:track:4AJWlmqzFwDuCWozzjxTjO
3631,track,71,spotify,spotify:track:7qaoXmlsSrndaQeDRPpOeW
3632,track,72,spotify,spotify:track:0JZUiKHoEDpsLvXfeqbZxV
3633,track,73,spotify,spotify:track:3IaxObCWKEaGtIT78GsEpP
3634,track,74,spotify,spotify:track:3XrvEifl0hIzgBGUa5jBLS
3635,track,75,spotify,spotify:track:5fuckUyGUsTPJEugfXNsjw
3636,track,76,spotify,spotify:track:7dpFJmdFiahlgzzEmgUwoN
3637,track,77,spotify,spotify:track:0pjxyrTe8u67ZHKuMIrdz0
3638,track,78,spotify,spotify:track:6xwkCL4h1pYXqlUu68RAI6
3639,track,79,spotify,spotify:track:6m192NGYZHIbO5UBkkM4oN
3640,track,80,spotify,spotify:track:02mYw61RoS1vXvkD9Q5dpN
3641,track,81,spotify,spotify:track:0y7Ao3CVJsyKFmqdjutiIF
3642,track,82,spotify,spotify:track:4jMPZl0GrSFgbogJ0C6sNG
3643,track,83,spotify,spotify:track:3SGgeDQ3cAuNSFb03PjXtv
3644,track,84,spotify,spotify:track:3nS9a01VvXHQriLqJYwRqG
3645,track,85,spotify,spotify:track:0SQ8yalm13UIJuebuZkQlH
3646,track,86,spotify,spotify:track:4LkEHc33eXcXFQNwxruw7W
3647,track,87,spotify,spotify:track:2sslt79Mt6xtu8nspYgIcB
3648,track,88,spotify,spotify:track:0X6FcOUpLvpgRRCZNu9uYN
3649,track,89,spotify,spotify:track:03o9Cj2S5T56GeV9SeZNt0
3650,track,90,spotify,spotify:track:7absBydFPWOevc81uVmFRv
3651,track,107,spotify,spotify:track:4YhJ3a6kBPGJWX4Ek77sDd
3652,track,108,spotify,spotify:track:1rBAQ9WFPubGtpqBbdCMDz
3653,track,109,spotify,spotify:track:5LHHKZOwV8XW4LJP2C64mw
3654,track,110,spotify,spotify:track:2f8y4CuG57UJEmkG3ujd0D
3655,track,111,spotify,spotify:track:4loM16743hROPC6uIJG6wM
3656,track,112,spotify,spotify:track:2UrPiYObE8itBR1U44Zu3A
3657,track,113,spotify,spotify:track:0y8Pu7x5jXgUjOIJvQIF5L
3658,track,114,spotify,spotify:track:5rurggqwwudn9clMdcchxT
3659,track,115,spotify,spotify:track:0B6g379TMw0nYGXA7y5xHz
3660,track,116,spotify,spotify:track:6Ec5LeRzkisa5KJtwLfOoW
3661,track,117,spotify,spotify:track:39MK3d3fonIP8Mz9oHCTBB
3662,track,118,spotify,spotify:track:4zhdSsssstuVDXyGDb3pYi
3663,track,119,spotify,spotify:track:7Js4UNE6wk7Ae6r9r7t9fH
3664,track,120,spotify,spotify:track:3WVxeiftyEIof6fkJ5suGE
3665,track,121,spotify,spotify:track:3fsGI9KC1Bw3QHVxUhOwba
3666,track,122,spotify,spotify:track:7uZXXMz8td5gRf75oupj9B
3667,track,123,spotify,spotify:track:1KdPbQcbJfTn56KaGXtb4Z
3668,track,124,spotify,spotify:track:6SpBKyfn9BnvnoQbUGPlYM
3669,track,125,spotify,spotify:track:0tISnxqgVmxqhVghsTi2Rr
3670,track,126,spotify,spotify:track:0OrpFfmHiBGDo3dvZkvkZj
3671,track,127,spotify,spotify:track:7xOB6qJz1DAe5DSVHSUXTl
3672,track,128,spotify,spotify:track:78yaF5XiIF5TA9klP3YoR0
3673,track,129,spotify,spotify:track:1HcXfOHPGMVr2aZiGLBXiE
3674,track,130,spotify,spotify:track:4vpx4cL7IRedZul0j0bL2c
3675,track,131,spotify,spotify:track:5dxgZCSp8CDx4WS9CQWYQG
3676,track,132,spotify,spotify:track:338HvC3y58zPScamNZu4Dr
3677,track,133,spotify,spotify:track:7wdzLe2Gsx1RGqbvYZHASz
3678,track,134,spotify,spotify:track:7A3ETuOrieyx9KSF0sn0Zf
3679,track,135,spotify,spotify:track:5Mtt6tZSZA9cXTHGSGpyh0
3680,track,136,spotify,spotify:track:4tQcyj5488alHT1ZgFduzn
3681,track,137,spotify,spotify:track:0CjJqkWOpIUXdem5hUcxAk
3682,track,138,spotify,spotify:track:3iVcZ5G6tvkXZkZKlMpIUs
3683,track,139,spotify,spotify:track:1bxEpNR75Hq3T2oF9AZjt8
3684,track,140,spotify,spotify:track:4e6WcZIII1aNRiCAGLxZUH
3685,track,141,spotify,spotify:track:3vonKK5uOX4mHb22A1JLi6
3686,track,142,spotify,spotify:track:4WEuEfFiczWxblHyuucSBL
3687,track,143,spotify,spotify:track:2Fw5S2gaOSZzdN5dFoC2dj
3688,track,144,spotify,spotify:track:1cA2LExLTdhHLL0FmXoc57
3689,track,145,spotify,spotify:track:6cfVDaIdvDtYH91RqC6Wox
3690,track,146,spotify,spotify:track:1gXH8hT9dxsBqbRy7h2iC8
3691,track,147,spotify,spotify:track:7yB6GF5kgPEoeGE4EAWiJU
3692,track,148,spotify,spotify:track:2sXaZphe2LlqAyZVKvHbU1
3693,track,149,spotify,spotify:track:2UPiF4dyPTBKJYrvekbbis
3694,track,150,spotify,spotify:track:67mtN6BlsJR0LVyzvNZnGt
3695,track,151,spotify,spotify:track:5AMekX6PigBBeBRHvB4MfZ
3696,track,152,spotify,spotify:track:6X5x6uOKio6vBiHyptfkGV
3697,track,153,spotify,spotify:track:1f0tj0IQ28OXq7hS0Rz0LH
3698,track,154,spotify,spotify:track:0GltMgspY6OkEm4bBgsn8Z
3699,track,155,spotify,spotify:track:0tVOnwMMukVoXOkNeTUcXc
3700,track,156,spotify,spotify:track:6mcu7D7QuABVwUGDwovOEh
3701,track,157,spotify,spotify:track:0NJu93oln1kkgbHLFzLJ4h
3702,track,158,spotify,spotify:track:787LYG7YlbENE6POjxCnj8
3703,track,159,spotify,spotify:track:1SGt65i9AnXYdDQt1AtDRH
3704,track,161,spotify,spotify:track:2QeQNF182V61Im0QpjdVta
3705,track,163,spotify,spotify:track:5mzmXn6NdCU9Gm6Q0rcBWT
3706,track,164,spotify,spotify:track:4BP0An7SXctTY4kF41JxIQ
3707,track,165,spotify,spotify:track:0xkWhXID4JvV36qh0ptR87
3708,track,166,spotify,spotify:track:1jk9c0gZI0wbn5GvAj7PBV
3709,track,167,spotify,spotify:track:4QfVMnOYuE5Ah7E4g1p6Bx
3710,track,168,spotify,spotify:track:4rXLjWdF2ZZpXCVTfWcshS
3711,track,169,spotify,spotify:track:6WKh2qSTswuv8QG60Wu29F
3712,track,170,spotify,spotify:track:2rjv9fXzpZDbB6lEeIoB3l
3713,track,171,spotify,spotify:track:48rsYvIQXUAtxcmIoStOaM
3714,track,172,spotify,spotify:track:5XpwulllkqoHEk0jpwvRlJ
3715,track,173,spotify,spotify:track:7MLGkncjEGTfKHpNa5UgCQ
3716,track,174,spotify,spotify:track:3OGCNLxpBmTYRxPZg2yDE5
3717,track,175,spotify,spotify:track:1h0rVgfuKa6V9DkVSLAc4Q
3718,track,176,spotify,spotify:track:0TBgMKD86t1VP3IzhxCoUl
3719,track,177,spotify,spotify:track:2jGEiQ3otr4CPIeBgefjRA
3720,track,178,spotify,spotify:track:0M9ydKzuF3oZTfYYPfaGX1
3721,track,179,spotify,spotify:track:1rkfJLgTlB6XYNjgZ0sVaK
3722,track,180,spotify,spotify:track:1Si44I1mrFkOWlL6u9ynr6
3723,track,182,spotify,spotify:track:2J6QnTjHIWwXErNWyF0RUC
3724,track,183,spotify,spotify:track:3hx5R8nOKu5zvhlfDNSIQC
3725,track,191,spotify,spotify:track:20dP2DaMHIAmwWAbp7peSr
3726,track,194,spotify,spotify:track:177WEvlLsCc0FzCTWslawr
3727,track,199,spotify,spotify:track:5Q6DJEgNTiN9xcOQzKmw9F
3728,track,222,spotify,spotify:track:1VjaZbooaWkntfBLoH6Tb8
3729,track,223,spotify,spotify:track:74tYjkmVk06hYJzzzskWa0
3730,track,225,spotify,spotify:track:6vuYXvA0RTP8MOcJV2yYAN
3731,track,226,spotify,spotify:track:3gY6tiCNsuVi6s8kPV6aQg
3732,track,229,spotify,spotify:track:0itUnscU8XdO1gQGtPRmoS
3733,track,230,spotify,spotify:track:4Y35pKllR1S3hYJv0CNxx7
3734,track,231,spotify,spotify:track:09wQdd0JQbkp9yKfRfwhjG
3735,track,232,spotify,spotify:track:42qK1JWm8fDy3qHZbIZNuQ
3736,track,233,spotify,spotify:track:3qRPc4QpHGNwKFAzCdqwxA
3737,track,234,spotify,spotify:track:3UYuDTslR35thjQzaVwRMe
3738,track,237,spotify,spotify:track:68Vts2aNsYMdUB9b1vqUaY
3739,track,239,spotify,spotify:track:0vyULMBhaXQuPW1DtbahvR
3740,track,241,spotify,spotify:track:3hhap9A6G8QrsB5i8xkghx
3741,track,242,spotify,spotify:track:3ETuqR9uCVMAlqdNk6dhB3
3742,track,243,spotify,spotify:track:6P7liZTTRkYOWIDF2WR4zt
3743,track,244,spotify,spotify:track:22X8eeNy055I8Swh22wi7m
3744,track,245,spotify,spotify:track:1qn8csNT5Yklhg57rQDeLh
3745,track,246,spotify,spotify:track:7rU6zuzCGa0YABHrIGM6WA
3746,track,247,spotify,spotify:track:3a8S52AbaYoYZh8aHG5w4M
3747,track,248,spotify,spotify:track:0v5yhvtJl1ZXqfdJEBKlpz
3748,track,249,spotify,spotify:track:5XUjPQVk8dVjZc9vBKmcml
3749,track,250,spotify,spotify:track:3m9dOrYUPKcKFt9P1PReHt
3750,track,251,spotify,spotify:track:1oNIa5k8FQrFXEx7uXtfK7
3751,track,252,spotify,spotify:track:4YLzVD32aMH4qgSsSPtNbl
3752,track,253,spotify,spotify:track:3DKCTIiJ97bS9TGiqcABjo
3753,track,255,spotify,spotify:track:1eQBEelI2NCy7AUTerX0KS
3754,track,256,spotify,spotify:track:2aB3eXzbt6a5ueOV2zfciT
3755,track,257,spotify,spotify:track:2Xn57fghAJ50iF3DahiXvp
3756,track,258,spotify,spotify:track:0NHvTrD8Igke3fawcp3njY
3757,track,259,spotify,spotify:track:4ay5U2enIIVYh6gPNRBKl4
3758,track,260,spotify,spotify:track:5cr7IULbsLtJvHko8jWv42
3759,track,261,spotify,spotify:track:1chllgUtwX48FHVPliOYyF
3760,track,262,spotify,spotify:track:5WXl7EINfZuv3vfGBng5tp
3761,track,263,spotify,spotify:track:5fEB6ZmVkg63GZg9qO86jh
3762,track,264,spotify,spotify:track:5MtMp3OeL7oOeF0WWY4TFT
3763,track,265,spotify,spotify:track:5geeTRRcsIg0MS5TvtBtHU
3764,track,266,spotify,spotify:track:7DLjbSc4ewgaXVBgcgXdvO
3765,track,267,spotify,spotify:track:0v9Wz8o0BT8DU38R4ddjeH
3766,track,268,spotify,spotify:track:6oLHyWvmk6bKrA91EIYZBp
3767,track,269,spotify,spotify:track:3RFAkHsHjyJw0WRmbHpbBN
3768,track,270,spotify,spotify:track:225WLJ4RlbSMSAZnjMYEt7
3769,track,271,spotify,spotify:track:32aCWjphTWNgtcXQrkvEsJ
3770,track,272,spotify,spotify:track:44ZWfYPt3AQJAfg4Ned0ue
3771,track,273,spotify,spotify:track:1MY4HVXfBkUg1mUjmCjznI
3772,track,274,spotify,spotify:track:7sr74Bz3GBTNMQe1m4F5Ut
3773,track,275,spotify,spotify:track:2glfyBSK3wqoumtEVN1F07
3774,track,276,spotify,spotify:track:7eqoqGkKwgOaWNNHx90uEZ
3775,track,277,spotify,spotify:track:2JUqYobT8NvARdPmc4ES2x
3776,track,278,spotify,spotify:track:5GUYJTQap5F3RDQiCOJhrS
3777,track,279,spotify,spotify:track:3xKsf9qdS1CyvXSMEid6g8
3778,track,280,spotify,spotify:track:2ZWlPOoWh0626oTaHrnl2a
3779,track,281,spotify,spotify:track:19YKaevk2bce4odJkP5L22
3780,track,282,spotify,spotify:track:7wqWSTBpYjsFX4JDDQaU1w
3781,track,283,spotify,spotify:track:5cikVJA2ExOI9TTkC06vkN
3782,track,284,spotify,spotify:track:4uQ7wYsuL0DryknoDc11Hk
3783,track,285,spotify,spotify:track:6mXwoyzrpb4T5Iveoo4k5G
3784,track,286,spotify,spotify:track:08bymSahrAUpabFR6YSiy9
3785,track,287,spotify,spotify:track:7zqB2KFbCLdX0UHpaHRBjC
3786,track,288,spotify,spotify:track:32nwmyjgKoh80gzzcsWbDn
3787,track,290,spotify,spotify:track:7LPXc8qiZICvi5GLvPysjN
3788,track,291,spotify,spotify:track:6O9kpORKWIvwhmpbGkRTwD
3789,track,292,spotify,spotify:track:5mSJgLW43dmFEMK50ECr0S
3790,track,293,spotify,spotify:track:2RISD4aJrioDB54exm5WWM
3791,track,294,spotify,spotify:track:71lyUtIPCMAYjTwwwxy2jW
3792,track,295,spotify,spotify:track:1IdZvb2XK8NmsovQlV6CPn
3793,track,296,spotify,spotify:track:2dtTTVXdm7u5u9nUiekn1s
3794,track,297,spotify,spotify:track:1tKWfncBiRCuz1Iyey9RfV
3795,track,298,spotify,spotify:track:4L3hja5ROnBDN5So4bUEo3
3796,track,299,spotify,spotify:track:7fQzRNL3k0YUkhTTSuZgcg
3797,track,300,spotify,spotify:track:7pda6TLAbVGxUjIUtbiNt0
3798,track,301,spotify,spotify:track:1iY2DB9Bpn1r8mBgoFLBOG
3799,track,302,spotify,spotify:track:7M9m87NlRxY5YJYgcWrVhR
3800,track,303,spotify,spotify:track:3FzmWEUMpn2j2M5NCQK0WP
3801,track,304,spotify,spotify:track:6tPDalwocS7zgeFpYi3xtr
3802,track,306,spotify,spotify:track:124NFj84ppZ5pAxTuVQYCQ
3803,track,308,spotify,spotify:track:6LxSe8YmdPxy095Ux6znaQ
3804,track,311,spotify,spotify:track:7JXZq0JgG2zTrSOAgY8VMC
3805,track,313,spotify,spotify:track:08XWh5c0BMyD1nKVxxl91z
3806,track,314,spotify,spotify:track:49fT6owWuknekShh9utsjv
3807,track,315,spotify,spotify:track:19a3JfW8BQwqHWUMbcqSx8
3808,track,316,spotify,spotify:track:1Wsbr1d2BouNGk2q92mIj7
3809,track,320,spotify,spotify:track:4pVzrFPT1a4AI6H6Lt4MqO
3810,track,321,spotify,spotify:track:5Ru9OjtEw5htfnVKpYsIcv
3811,track,322,spotify,spotify:track:40JSjO17ltHsFWUlo2Y7Sc
3812,track,324,spotify,spotify:track:5WwGFUPLWz6t7jROXn6j4M
3813,track,325,spotify,spotify:track:0IVAlb0cFCH1cQ974iR1TU
3814,track,326,spotify,spotify:track:1L6YNFDSQa8UjX7vzPXXD4
3815,track,328,spotify,spotify:track:0hR9z6ZW4syDhPvtZJXmcv
3816,track,329,spotify,spotify:track:1O5pf5R8xvppS2pD03HVy5
3817,track,330,spotify,spotify:track:3gRlmtdCyNoKiyozn2pqc9
3818,track,332,spotify,spotify:track:18uybjGpRLZPrfX9SxceAW
3819,track,333,spotify,spotify:track:4TIaZQlv6wM07hTc3uHSVV
3820,track,334,spotify,spotify:track:1axCLL1W1NiOVz32Dnf2Ie
3821,track,335,spotify,spotify:track:1b209preJgvjmPaihuZ8J1
3822,track,336,spotify,spotify:track:5YqqBxga96FK4WbOyK5Y9S
3823,track,337,spotify,spotify:track:1zlclNkERGFrCxznXOgkD3
3824,track,338,spotify,spotify:track:6zyXhzPJg7dCGuC5ToIxqN
3825,track,339,spotify,spotify:track:6Lr9sGM6kARYVDL2dj0lqV
3826,track,340,spotify,spotify:track:4kdfjhj9xNkYU0R8xlDy8k
3827,track,342,spotify,spotify:track:4zLOwx1yRJXWkHKt1XzF1p
3828,track,343,spotify,spotify:track:6EOu0P4RPxZZB8QNeYrvs2
3829,track,346,spotify,spotify:track:7udsBKuqnJ5csWTAkR0vEI
3830,track,350,spotify,spotify:track:4F8rYEoiBjPaRgQXLVtN5a
3831,track,351,spotify,spotify:track:0vjKXtFLt6Ti08Y3JCnRKB
3832,track,352,spotify,spotify:track:0yhMmqax6HRAZxI7udEask
3833,track,353,spotify,spotify:track:5FF6Pyuh5jW6ybKHiaiGMy
3834,track,356,spotify,spotify:track:1zRW3vr3uw0tdG7iLWUZpn
3835,track,357,spotify,spotify:track:5Lr1KKpGbwbFsIYvZOm8TV
3836,track,358,spotify,spotify:track:1XiEc1aCgTP2k37Q1CiDKA
3837,track,360,spotify,spotify:track:1yeHVJsVPN3ZskQ398be1E
3838,track,361,spotify,spotify:track:3NVAemUSBZ4aBuNViXOMWs
3839,track,363,spotify,spotify:track:0LFcFGLYTX6UmeIdO7NVd7
3840,track,364,spotify,spotify:track:4Cl16xAO4cKENkKyW73oBe
3841,track,366,spotify,spotify:track:1Xrr2cK6YSc29MGj6CpCGM
3842,track,367,spotify,spotify:track:6itHC8r3KliX2bPv1phCvj
3843,track,368,spotify,spotify:track:7du1SsWyZn0mAiUlOAI7F0
3844,track,369,spotify,spotify:track:07CjUn8AEGloGBuSdoLwlc
3845,track,370,spotify,spotify:track:52iee9gYhusYbNdaw7yLj9
3846,track,371,spotify,spotify:track:2WzGr3d1CD0w11UmJm5Ms9
3847,track,372,spotify,spotify:track:6SKP6d0DFOBemCvThbuqUj
3848,track,373,spotify,spotify:track:2HRYa6iG1M5DRefO8pK2I3
3849,track,374,spotify,spotify:track:33DOKl2gQ9HNlz4WUKZlEY
3850,track,375,spotify,spotify:track:6mDBmG64QSg09onp4DsGX8
3851,track,376,spotify,spotify:track:2iXm6lM5KNUHOGP5OQSeyA
3852,track,377,spotify,spotify:track:1oAmBK4NtTlQQHVdTNPl6y
3853,track,378,spotify,spotify:track:6o4dnBEHk15nBNUmBEvGxB
3854,track,379,spotify,spotify:track:6uXcu1N043unxYflKty2Z9
3855,track,380,spotify,spotify:track:5WY3B2svIibLGU41rzaY6D
3856,track,381,spotify,spotify:track:2SIdGJTWirTxRNEyCp9ocI
3857,track,382,spotify,spotify:track:7g6v9wBRhWq6FZGZrAELZh
3858,track,383,spotify,spotify:track:0fLhmRJSqO6LN6HYFk3Lnh
3859,track,384,spotify,spotify:track:2IcJ60WYkBy0EgWTKl5OXG
3860,track,385,spotify,spotify:track:3FM7oymriNFjQAa4FGblLr
3861,track,386,spotify,spotify:track:4PtxbbwzSTFrx6Eiqz3Ws3
3862,track,387,spotify,spotify:track:0maaVrhAowaBeqhpatA7Sk
3863,track,388,spotify,spotify:track:3ukkp7MLMYl4iggadc1qVz
3864,track,389,spotify,spotify:track:1DqgOBp6blhaTWExSdtD0L
3865,track,390,spotify,spotify:track:5zPAbvkubF80Y5MsjZnfYg
3866,track,391,spotify,spotify:track:4n6Q2UgFMuOTzysE52PJt4
3867,track,392,spotify,spotify:track:37ERDYvJOZ6aYYf0PqJblP
3868,track,393,spotify,spotify:track:73IgmpyJaQrUUwAfz9jqTP
3869,track,394,spotify,spotify:track:3n1j78DmMw4aFYVjWBkdLU
3870,track,395,spotify,spotify:track:1SvJhRgB13D6xVb8kE3bJU
3871,track,396,spotify,spotify:track:6adehXz8vMUmXWJhEIdE6e
3872,track,397,spotify,spotify:track:5jSedxnKJABYuWbm3iVUQC
3873,track,403,spotify,spotify:track:1wGGSBs8LqZ2rFJnLEFBxW
3874,track,407,spotify,spotify:track:1UIUkZtlgyrjPcH2agNomU
3875,track,408,spotify,spotify:track:1lKzzGPLPNoW5OCexBlhk0
3876,track,409,spotify,spotify:track:77MXcGfGwFPJwUI8EKKeb0
3877,track,410,spotify,spotify:track:5BRQf96oEWMdtBAs4mlb25
3878,track,411,spotify,spotify:track:130iPa4Sb8NNxjVvMqmyQS
3879,track,412,spotify,spotify:track:70tPEJCpZPCZR7pJEMKfro
3880,track,413,spotify,spotify:track:107SHOwzHIkpT4moECn6KG
3881,track,414,spotify,spotify:track:59lhh67RFroR4p8Hh1nrZA
3882,track,415,spotify,spotify:track:0SiB6Ac2ZIzzgFS81rgLSB
3883,track,416,spotify,spotify:track:676tkPoRYf10KDJIIhRRI6
3884,track,417,spotify,spotify:track:68qkEjGepczQDzuhxH5anO
3885,track,418,spotify,spotify:track:44XV05LzPeL6nFtNabtBJt
3886,track,419,spotify,spotify:track:0ghupqJWfELLIo1EaYpzqV
3887,track,420,spotify,spotify:track:2O0t6eNn9IUnkU7ngEf04F
3888,track,421,spotify,spotify:track:5g1vtHqi9uV7xtYeCcFOBx
3889,track,422,spotify,spotify:track:1ko2NuvWlQdxtNRc8QQzmT
3890,track,423,spotify,spotify:track:6MgGapP3EPFm9kYUvYBTZR
3891,track,424,spotify,spotify:track:5SkRLpaGtvYPhw02vZhQQ9
3892,track,425,spotify,spotify:track:7wL7Lb8Q3aYyq6gmRL0PZq
3893,track,426,spotify,spotify:track:0IW0qaeyxL5Et4UG2MrJKB
3894,track,427,spotify,spotify:track:7iOhWWYjhhQiXzF4o4HhXN
3895,track,428,spotify,spotify:track:5DBmXF7QO43Cuy9yqva116
3896,track,429,spotify,spotify:track:4mmkhcEm1Ljy1U9nwtsxUo
3897,track,431,spotify,spotify:track:4BhwlQ9mTwhFGXpQvP9JTV
3898,track,432,spotify,spotify:track:5MAY7XyW322jMwLDtBQgsZ
3899,track,433,spotify,spotify:track:1th3G3okofWlvGWAAR7Y4V
3900,track,434,spotify,spotify:track:25mwJPzWVmS2yronBNQJF1
3901,track,435,spotify,spotify:track:4KFY4EEv9CN6ivrzD6vEvg
3902,track,436,spotify,spotify:track:3A4cpTBPaIQdtPFb5JxtaX
3903,track,437,spotify,spotify:track:1Vp4St7JcXaUoJcIahtf3L
3904,track,439,spotify,spotify:track:5b2FFKC64kxqcfaFnIZxoM
3905,track,440,spotify,spotify:track:34j4OxJxKznBs88cjSL2j9
3906,track,441,spotify,spotify:track:4ChomJf8z16E6Zw4EoioYY
3907,track,442,spotify,spotify:track:0bxPRWprUVpQK0UFcddkrA
3908,track,444,spotify,spotify:track:0r83fnVz35a5ajGqQydqi2
3909,track,446,spotify,spotify:track:3NlF6NbqEMlW3kTG0lmikW
3910,track,447,spotify,spotify:track:0ATVlCuG5QA2Y0WJg45Awc
3911,track,452,spotify,spotify:track:0jm26zGVmtEU0j2seFhoM4
3912,track,453,spotify,spotify:track:69boulENxqb2MYuIDxlbFA
3913,track,454,spotify,spotify:track:261C19Sr3o8oQfPjIbUoBm
3914,track,455,spotify,spotify:track:6n21ivR9Tit58lZhttB2HZ
3915,track,456,spotify,spotify:track:4NNY96bKp53diWJ3DWZ1fX
3916,track,458,spotify,spotify:track:2b8EF90yqJUNBrle61FnjO
3917,track,465,spotify,spotify:track:5K5GXyTEzjsB8RbMC1UZhb
3918,track,470,spotify,spotify:track:737gwrDNwTCAwAjy02FSMO
3919,track,472,spotify,spotify:track:2upqg13JAAjjA6MsHLbaol
3920,track,473,spotify,spotify:track:6a90nkg7j6GRmq6LirQixa
3921,track,474,spotify,spotify:track:1T5mVPJE6LilJ7f73L3UDo
3922,track,475,spotify,spotify:track:5BSz8sJO2YmKfNVQG7fq2J
3923,track,476,spotify,spotify:track:3oy9CClx1zCGnhzse9AvDu
3924,track,477,spotify,spotify:track:5wTRsfZKeaQnQn8JeW8QYQ
3925,track,478,spotify,spotify:track:5dHpbFmZjWucrol0M7aNGU
3926,track,479,spotify,spotify:track:1Sj81sMg37Hd4omn7Ow2qR
3927,track,480,spotify,spotify:track:6jdOi5U5LBzQrc4c1VT983
3928,track,481,spotify,spotify:track:2WC4sK0ryyysQhtDok9Ytr
3929,track,482,spotify,spotify:track:3X37NtwadSS0RM20dh2IgP
3930,track,483,spotify,spotify:track:5UsLjwBaTHBX4ektWIr4XX
3931,track,484,spotify,spotify:track:2mmUoyPxzbxehpfm1TpTRK
3932,track,485,spotify,spotify:track:3a8tAZFJxlmBwOtrf5L1oC
3933,track,486,spotify,spotify:track:4v7SAP4KD96BFLWiCd1vF0
3934,track,487,spotify,spotify:track:2durxb17bXcmQJHSt8JAdO
3935,track,488,spotify,spotify:track:5InOp6q2vvx0fShv3bzFLZ
3936,track,489,spotify,spotify:track:12d5QFwzh60IIHlsSnAvps
3937,track,490,spotify,spotify:track:79XrkTOfV1AqySNjVlygpW
3938,track,491,spotify,spotify:track:1ID1QFSNNxi0hiZCNcwjUC
3939,track,497,spotify,spotify:track:5DEw8NME9YVWg9m7URJbHv
3940,track,498,spotify,spotify:track:4V0BVPTdc7iu2sgA03sT2h
3941,track,502,spotify,spotify:track:13LItlRXKAal3gCwIVpmD1
3942,track,503,spotify,spotify:track:0XMrT5oslApcUVwE11z0OR
3943,track,504,spotify,spotify:track:1SQPxazFuoGVw45T4jDaFo
3944,track,505,spotify,spotify:track:0r7adYALoieQVamc8wn6ac
3945,track,506,spotify,spotify:track:0GPuNZ0ro0OYx0HdDZovGm
3946,track,507,spotify,spotify:track:2ATVo2uOcQL2Q2sBJbPgbd
3947,track,508,spotify,spotify:track:1KXpyjHZgLH7zo9D0XZ25U
3948,track,509,spotify,spotify:track:5MzwAqpTKoLA6dNr6bAn57
3949,track,510,spotify,spotify:track:28uZLk1NszbSLOlJoBfgLu
3950,track,511,spotify,spotify:track:1mxXB3Vsaaw9goChMrQuiK
3951,track,512,spotify,spotify:track:1vJc5ntrmTk0f9MhqCUx13
3952,track,513,spotify,spotify:track:0VKqVkkMW8u4d6vz1nsfRL
3953,track,514,spotify,spotify:track:2b3gxK2X5nI7c0NSRFFDBm
3954,track,515,spotify,spotify:track:2vQa5ELj0hYwrYZp8MVZn7
3955,track,516,spotify,spotify:track:3glqlA5qY3bbo8UaUDGPnw
3956,track,517,spotify,spotify:track:57C8xbz3dy5G68nrVlqBG8
3957,track,518,spotify,spotify:track:1XbqOF6nx3tJsyQjXRh9ux
3958,track,519,spotify,spotify:track:3cuy0jpSxGAoTuJE0KORoR
3959,track,520,spotify,spotify:track:0f4QXQYzy5ocaeIO6DoxrD
3960,track,521,spotify,spotify:track:5JF2C8MdEonfb2ryeZ9Bxe
3961,track,522,spotify,spotify:track:2CxOJwC4jqWfPQdahEX9oH
3962,track,523,spotify,spotify:track:5Irz4DudFnsOo6Tfm9fSd1
3963,track,524,spotify,spotify:track:5H0AmDj6U58WIqe7TOQalr
3964,track,525,spotify,spotify:track:0OHVaB2WnzJpszuN7up0TZ
3965,track,526,spotify,spotify:track:00qpe8j0FiQhMzPP8asBwP
3966,track,527,spotify,spotify:track:71f7IAVTjcLH3lVRLeJYH3
3967,track,530,spotify,spotify:track:5YqYLur57vzjL0Ts8fk0G2
3968,track,531,spotify,spotify:track:7bV1mMS2fUmihobRZRP5R0
3969,track,533,spotify,spotify:track:6h8EXUR98HmYoe3qca9oPW
3970,track,536,spotify,spotify:track:5nOCGEPVPfvlLMkvGAjS3P
3971,track,537,spotify,spotify:track:3KiEydhjn7yf58h9jBD5Sa
3972,track,538,spotify,spotify:track:7uJH0YdSZL6psjxI6Xy08b
3973,track,539,spotify,spotify:track:7fBv7CLKzipRk6EC6TWHOB
3974,track,540,spotify,spotify:track:4PhsKqMdgMEUSstTDAmMpg
3975,track,541,spotify,spotify:track:1mhVXWduD8ReDwusfaHNwU
3976,track,542,spotify,spotify:track:7CiTspRkYpWMJPD1kkQrSz
3977,track,543,spotify,spotify:track:7cyBdix7HId2onf99SrJBV
3978,track,544,spotify,spotify:track:6qWfJkV2jRO5RkOIZMC3hL
3979,track,546,spotify,spotify:track:6Bw8qcBkcbVixQp1fuGaM6
3980,track,547,spotify,spotify:track:2c1jezYXHqGN8C0AJhIE1S
3981,track,548,spotify,spotify:track:2tdDlP8w9wFp7m41KimBf1
3982,track,549,spotify,spotify:track:6e7n5KKbHZppGDSh4bQqsP
3983,track,550,spotify,spotify:track:2W58HMaCbjcUfZnZaeHtcC
3984,track,551,spotify,spotify:track:2PRsh2LNPxoxC9OnErnelg
3985,track,552,spotify,spotify:track:7G3lxTsMfSx4yarMkfgnTC
3986,track,553,spotify,spotify:track:2LhhnqrHPWvXYveZVHLKrd
3987,track,554,spotify,spotify:track:0trHOzAhNpGCsGBEu7dOJo
3988,track,555,spotify,spotify:track:4N0olzsMpr5cAPFrzNErGv
3989,track,556,spotify,spotify:track:0vXl33PNvelBEYhdnC0aTi
3990,track,557,spotify,spotify:track:5H4PU7wBIXL259apGjSpOr
3991,track,558,spotify,spotify:track:76NzgCXGhwGFon40a8yHBv
3992,track,559,spotify,spotify:track:0gBPIT136F1kfN5F40d2h2
3993,track,560,spotify,spotify:track:0gHzbuqS9K2AX3OKiwBLKX
3994,track,561,spotify,spotify:track:2kEGpCg4Xj5LtVL4AWPJ8C
3995,track,562,spotify,spotify:track:1BKT2I9x4RGKaKqW4up34s
3996,track,563,spotify,spotify:track:7xXy5wG7nUXwCz6zrnwiTI
3997,track,567,spotify,spotify:track:5JNW6N9rbrXzGgvPGQxVL4
3998,track,568,spotify,spotify:track:2vXbt6p8MASsy0rGMpgWdG
3999,track,569,spotify,spotify:track:3BzlZAqfnZDjv1F5CLlpHx
4000,track,570,spotify,spotify:track:6OpIIDKPGffGytEpqmjlF7
4001,track,577,spotify,spotify:track:7pPFNwM1ALSVU4nZfvHfn7
4002,track,578,spotify,spotify:track:1XItJ0hLAnMxGB0Ibkta72
4003,track,579,spotify,spotify:track:6D2oSalLQWi5dmv5o3cyBR
4004,track,580,spotify,spotify:track:7eaKWfov7b2Qa2n6HTesL3
4005,track,581,spotify,spotify:track:0jYgfSncMwfefAUpUMcM5X
4006,track,582,spotify,spotify:track:1DNkxLaGqAIU43kHQkunoE
4007,track,583,spotify,spotify:track:2voXNGgRrosxCJA6foTVau
4008,track,584,spotify,spotify:track:2hiuiI3ac0I5kJWtkeGHEL
4009,track,585,spotify,spotify:track:6HszFW6X5wM8DKX1SO0LaK
4010,track,586,spotify,spotify:track:6Yqmv7XJLCrQEauMbPGZSw
4011,track,587,spotify,spotify:track:0IabpxMpUV7waD7U4uDIMJ
4012,track,588,spotify,spotify:track:1wHZx0LgzFHyeIZkUydNXq
4013,track,591,spotify,spotify:track:4b7vk8SRcYgnxpk0JOIS7r
4014,track,594,spotify,spotify:track:7unx2Rvsq8D0RfOLRXclTA
4015,track,597,spotify,spotify:track:75izAeHlGuOgA865CFDyIv
4016,track,598,spotify,spotify:track:45J4avUb9Ni0bnETYaYFVJ
4017,track,599,spotify,spotify:track:3cM1GiA3OqESGO5zEZATAP
4018,track,600,spotify,spotify:track:7zCVvmyZj2FPCHZ1nVdB3p
4019,track,601,spotify,spotify:track:0uFz9q2SvuKyWB6Ur1YCfI
4020,track,602,spotify,spotify:track:6TQwgRWmnovDECDrHVOxlY
4021,track,603,spotify,spotify:track:41FxRrhwqe2LvFcU3WapS1
4022,track,604,spotify,spotify:track:2N3U8uTYhjX2KwGT0pf5x0
4023,track,605,spotify,spotify:track:2JqNypbkqPNtCLBeuUqmnm
4024,track,606,spotify,spotify:track:29ZSk6XmWPx3DX69xBb7Yi
4025,track,607,spotify,spotify:track:3nHbQNMuGuEtIVhPGVfFbF
4026,track,609,spotify,spotify:track:5cYZm4KeDKM8Pw8z5XRKJt
4027,track,610,spotify,spotify:track:6J9FgTr3z44Bw6ABeVL415
4028,track,611,spotify,spotify:track:4wuOxtRDeD9YiQOcmgay7e
4029,track,612,spotify,spotify:track:2gAGWaK4wvt2xrFUlR4mK8
4030,track,613,spotify,spotify:track:6br4Pc0BzU6dTD5fEmks2i
4031,track,614,spotify,spotify:track:3Z6RaTSHc5PrpQL3DcvGW4
4032,track,615,spotify,spotify:track:6wwPtKxaMEbQYc6atQmhTE
4033,track,616,spotify,spotify:track:3I8MbKRkS2IBDuslhCS3iT
4034,track,617,spotify,spotify:track:4S7YHmlWwfwArgd8LfSPud
4035,track,618,spotify,spotify:track:2WxzLbJfPA2vJGxQiKd7Jq
4036,track,619,spotify,spotify:track:0rBMP6VVGRgwnzZCLpijyl
4037,track,620,spotify,spotify:track:6AHNkRbVzkh95xilnYzDT7
4038,track,621,spotify,spotify:track:2UYPFtrIIaIQdxLCaFwjFu
4039,track,622,spotify,spotify:track:1UjyF6okUHhnVxaLV8ojsA
4040,track,623,spotify,spotify:track:70SjyVMzhmMeJQD8hOmIBp
4041,track,624,spotify,spotify:track:5G0nSEIT0fGUZY0caM9AnH
4042,track,625,spotify,spotify:track:23T4gelZgImtFxbHjXnYbm
4043,track,626,spotify,spotify:track:25GlFJq5QNAXyVgJvCZ4Mf
4044,track,627,spotify,spotify:track:7pamxApUs3CE8t7tKmUJ6Z
4045,track,628,spotify,spotify:track:2BMRUAA1oTc7e9JPlr6xbZ
4046,track,629,spotify,spotify:track:503OTo2dSqe7qk76rgsbep
4047,track,630,spotify,spotify:track:7iXF2W9vKmDoGAhlHdpyIa
4048,track,632,spotify,spotify:track:0GQQzmMNA7JE4tOdcSFh1C
4049,track,633,spotify,spotify:track:2L8cFPItBljPNJgPjTnuIf
4050,track,635,spotify,spotify:track:5pQR7OLdUPZBvrp7H0Ol8h
4051,track,636,spotify,spotify:track:6THnsVQOKKiUly6Xr4udeS
4052,track,637,spotify,spotify:track:7d2RV57UI7JoYnF1emRH6m
4053,track,638,spotify,spotify:track:6bgefQ0PWrnROEbLQqxitu
4054,track,639,spotify,spotify:track:25z0QF3ANJPVM04fTbty45
4055,track,640,spotify,spotify:track:4D6TpthzUVNTjWQqfBW5Kb
4056,track,641,spotify,spotify:track:2gZUPNdnz5Y45eiGxpHGSc
4057,track,642,spotify,spotify:track:23SZWX2IaDnxmhFsSLvkG2
4058,track,643,spotify,spotify:track:7yNK27ZTpHew0c55VvIJgm
4059,track,644,spotify,spotify:track:24xRdvo0RgbffP1CJslyrP
4060,track,645,spotify,spotify:track:1R2wSwe9sXWaKIDwdpEvUi
4061,track,650,spotify,spotify:track:6t8xtDiqebJw6tDsbpnftv
4062,track,652,spotify,spotify:track:1c03rrWkCxyvIofWSD5lDG
4063,track,653,spotify,spotify:track:1gOFYvvmUE7GZVj8fiRe5x
4064,track,657,spotify,spotify:track:49qWe1YSbt4s5TvtN09jgi
4065,track,658,spotify,spotify:track:0Vyq7mJHgjEgXp1YdKOiKt
4066,track,660,spotify,spotify:track:6x1D2mwXA9juvQti0SpcNr
4067,track,661,spotify,spotify:track:4Ilb1BuLaeFYAG7uXT6iNV
4068,track,662,spotify,spotify:track:1KBcwLArhzRkDYY7ieGPoZ
4069,track,663,spotify,spotify:track:2qrxG1qTPVzT9KF0XXZynf
4070,track,665,spotify,spotify:track:4ZaOGXkPY8daAvi9VqBbd4
4071,track,666,spotify,spotify:track:0G5uzmwehErX9647WELSI3
4072,track,668,spotify,spotify:track:73lW3KNWCMYgpkgibAFEpj
4073,track,670,spotify,spotify:track:518wsXTZ5sC3xRTCf8qwMZ
4074,track,672,spotify,spotify:track:2KNr7FbLXgbTyDYUK47WaB
4075,track,673,spotify,spotify:track:2KiDUOdgoM9rKgJnemeAZe
4076,track,674,spotify,spotify:track:6SIBn0f4HKTwkGcKcJBFfK
4077,track,675,spotify,spotify:track:2WM2CK6rAf43NvHxGwWUo8
4078,track,676,spotify,spotify:track:4NeioZ97QrelO02IXj4uYf
4079,track,678,spotify,spotify:track:6aoDP6J8OfYlCPasrZqjeS
4080,track,679,spotify,spotify:track:7rt0kEDWRg3pgTZJKuszoE
4081,track,680,spotify,spotify:track:2pwFH6PSuziljbZMv1mYov
4082,track,681,spotify,spotify:track:1NPWetq0NCF4RmdjkiUZDq
4083,track,684,spotify,spotify:track:7pS2fNqUOp7KdJCDU20W7T
4084,track,685,spotify,spotify:track:6VwBbL8CzPiC4QV66ay7oR
4085,track,686,spotify,spotify:track:1FJrsh1NbV9eRw5JQt3M4e
4086,track,687,spotify,spotify:track:6AirEKLAv80bFaIDKpMi7I
4087,track,688,spotify,spotify:track:5fohLPNqO6TqwrZ7BoUWUT
4088,track,689,spotify,spotify:track:1KYZ99g6TOmQgyDQhJlicj
4089,track,691,spotify,spotify:track:5G1423AUfjTREEi6phdAQo
4090,track,692,spotify,spotify:track:0ZLimi5dWLcVtmRtQIbmyt
4091,track,693,spotify,spotify:track:7EiZI6JVHllARrX9PUvAdX
4092,track,694,spotify,spotify:track:3CgZCQyuyxHRMWB9BTwmni
4093,track,702,spotify,spotify:track:72794Eag03xdy7TO0KNuid
4094,track,703,spotify,spotify:track:1AeqdOUul6h2wVmqCL9thP
4095,track,704,spotify,spotify:track:7AjfklMN4WpQYz5FkT4E66
4096,track,706,spotify,spotify:track:2T3XExryIariqO0fIfXOdw
4097,track,707,spotify,spotify:track:5GNvTRrghExnVkZfAasBXg
4098,track,709,spotify,spotify:track:1gnx4nXnNriEK2WGdhYc7I
4099,track,710,spotify,spotify:track:0Bj0Iu0mBk5VV48uERrujS
4100,track,711,spotify,spotify:track:4XseX48eNHfBNRzyCoBc9K
4101,track,712,spotify,spotify:track:5nvA0Ik12GYl9MABxACVAh
4102,track,713,spotify,spotify:track:3mrWC8aEj9JrxKl6gQ0HRv
4103,track,714,spotify,spotify:track:3qJvS7vgURQWfge1lDrS0l
4104,track,715,spotify,spotify:track:7rG4ROeJg9ITJMZvFuWcNi
4105,track,716,spotify,spotify:track:2OHFsG0139TFvJA3ELyrZf
4106,track,719,spotify,spotify:track:69oGXYDezTiGTnJ1DUSUPF
4107,track,721,spotify,spotify:track:5H25xsIuRWUI8GwcoAoeSG
4108,track,723,spotify,spotify:track:2dJ4rGtsOHOgvTQawsCRtg
4109,track,724,spotify,spotify:track:51EC3I1nQXpec4gDk0mQyP
4110,track,725,spotify,spotify:track:3dtBVBClM5ms0qCBBrqpUb
4111,track,726,spotify,spotify:track:2rMFawCg4BW65jzbwztXAV
4112,track,727,spotify,spotify:track:7y1GB13kJnitvpFbJct3hn
4113,track,729,spotify,spotify:track:3zNPSuTK1NdKcRtaJAOZtz
4114,track,730,spotify,spotify:track:1cMz8lB8SXVHj6fK4kOUJP
4115,track,731,spotify,spotify:track:5daPDkqS2ftQClyDn1pSk2
4116,track,732,spotify,spotify:track:0DLOyyQvwPTSDKuhpzMMwA
4117,track,733,spotify,spotify:track:0Rcz8WkOXuMi7yhXJxV0GR
4118,track,734,spotify,spotify:track:1XV2IIBN6Hi20X59zQpObw
4119,track,735,spotify,spotify:track:1RGIjMFMgJxkZHMDXVYzOJ
4120,track,736,spotify,spotify:track:0Jw7ArwqeXa8ZQW4KZMDWv
4121,track,737,spotify,spotify:track:40cffRgFxpqR2RczK4CTuB
4122,track,738,spotify,spotify:track:56kRNz1Y3tiQsWIyxy75o1
4123,track,740,spotify,spotify:track:5aqwP51I4sHKqe51NTrtvd
4124,track,741,spotify,spotify:track:1qkPQxOTLFmx3bwUOV8Kzw
4125,track,742,spotify,spotify:track:1dXYBALYTj3AMxa8hgiQhA
4126,track,743,spotify,spotify:track:629TRAVD61y1ZVNl9EOfEE
4127,track,744,spotify,spotify:track:078C2jXg7XsMgW78Gfx1JA
4128,track,745,spotify,spotify:track:7er0EUMY653mxZ1NVD9mwQ
4129,track,746,spotify,spotify:track:50iiDJGpAPdr2VTrz999XA
4130,track,747,spotify,spotify:track:7IpDQcksaT8SxS7vOX4SRm
4131,track,748,spotify,spotify:track:0qldEqAtjaDY4Gfl4h8oS7
4132,track,749,spotify,spotify:track:2CS6VF70zr8j0lrSGNdXlu
4133,track,750,spotify,spotify:track:4VQgto1SexEZqljrZza5Gf
4134,track,751,spotify,spotify:track:3CV7o0XDHvzOLJb8mw5RHY
4135,track,752,spotify,spotify:track:6eAIynPK19mHRypXB26o6X
4136,track,753,spotify,spotify:track:1psh3PyDAfdngohWVfp0bJ
4137,track,754,spotify,spotify:track:243C7wnj16KiWFlcIXwKf3
4138,track,756,spotify,spotify:track:1658HFZEblbVdqU1VBPqDO
4139,track,757,spotify,spotify:track:0pQynoxBL4AvYyt67pZ74x
4140,track,761,spotify,spotify:track:5UQ1cDe7Bb9OB9ZQcUvoS1
4141,track,762,spotify,spotify:track:6Hr77eZSmaVGgH0vVulMUH
4142,track,763,spotify,spotify:track:6x2uJrJKDqtX5cMvDgUfL0
4143,track,764,spotify,spotify:track:0MrrSFqD54Try4yn3RcQWe
4144,track,766,spotify,spotify:track:2x9Mt52XXFU3i654kjaZ7x
4145,track,767,spotify,spotify:track:6hYCHgEJMiTtVTKhfZTOrH
4146,track,768,spotify,spotify:track:6v4s7JosY38tu0hTZGpgrx
4147,track,770,spotify,spotify:track:6MzeC1EEq9TVkKgTCKtZ4V
4148,track,774,spotify,spotify:track:0AFI1ey6NJ6HmUnskmUABD
4149,track,776,spotify,spotify:track:4pAl7FkDMNBsjykPXo91B3
4150,track,777,spotify,spotify:track:3c06bHvn8oX82FSgt4n5KP
4151,track,780,spotify,spotify:track:19kk0gYGEBexMphxmsCQW1
4152,track,781,spotify,spotify:track:7xJ8H6TeRwzbkz0usvtk6G
4153,track,782,spotify,spotify:track:38pArvbN27FARVwWDviYOJ
4154,track,784,spotify,spotify:track:6jMvckN7DSA8YbvQN1EjJM
4155,track,785,spotify,spotify:track:2BRtpnUKaQTYULIwFAYVPV
4156,track,786,spotify,spotify:track:2DYldvIEf8ApSrCpDGwDsD
4157,track,787,spotify,spotify:track:0NWEIPo7tja3FbRlCXh96a
4158,track,788,spotify,spotify:track:08u83xFnbotiLYfptooHGt
4159,track,789,spotify,spotify:track:3sxVEWDtMwY42OwoAQgM7h
4160,track,792,spotify,spotify:track:6C0heXG6rFiSHXug2YVlJS
4161,track,795,spotify,spotify:track:6FnNg88lKM3gSAOKAdvtp8
4162,track,797,spotify,spotify:track:2j89gFH2XmpXaYsp9bD3vA
4163,track,798,spotify,spotify:track:0yNecIrNLTIsF5ULCraPgl
4164,track,799,spotify,spotify:track:0fAehaneUJdlSlWXYe1KZp
4165,track,800,spotify,spotify:track:43tVqovviXhkmOV5LOkTn7
4166,track,801,spotify,spotify:track:4B31QOL13iBeuIsaGD20BS
4167,track,802,spotify,spotify:track:6s64FyS9n0XYbGMLH3LOWU
4168,track,803,spotify,spotify:track:4zhQpcdgO2OFUMRzcgSJu1
4169,track,804,spotify,spotify:track:276zciJ7Fg7Jk6Ta6QuLkp
4170,track,805,spotify,spotify:track:1GJr5BQIOvzFEoQlrufunl
4171,track,806,spotify,spotify:track:3qUNcMXZBO5vvhSHLhBpJ9
4172,track,807,spotify,spotify:track:2vJIsdYIthbnWgLaLD9yrj
4173,track,808,spotify,spotify:track:5hLAvGak6o4xLKNbTmh2fp
4174,track,809,spotify,spotify:track:671sDyeE398eD0sdGuVbZU
4175,track,811,spotify,spotify:track:3yF6Xv9pD5Ut4A1k44BLEV
4176,track,813,spotify,spotify:track:1ZZCkUToFBOEwjssB1hzU4
4177,track,814,spotify,spotify:track:0s39srtdNSrRz6bRMkOrp3
4178,track,815,spotify,spotify:track:5MjUkhqCpr5uZ39xZmLZxe
4179,track,816,spotify,spotify:track:7114JMdpaHhNEOlIY0Ljze
4180,track,818,spotify,spotify:track:5CRM9TgBcwRbK3LyHUJhrQ
4181,track,819,spotify,spotify:track:0OJHzCcpXaWDerEuLQ3iCU
4182,track,821,spotify,spotify:track:6l5pIyWdI4zE4yWzI9XIW0
4183,track,823,spotify,spotify:track:5grW6fV0PrCffSWje7QwFp
4184,track,825,spotify,spotify:track:5CGS4UovzA7ftCJkLVXQju
4185,track,826,spotify,spotify:track:6wfzokDylbrJzrJcpnBkcy
4186,track,828,spotify,spotify:track:7bqTOtOJKoXSa6ar6lozvF
4187,track,829,spotify,spotify:track:5F7caGhe84C6ONva5S8yXF
4188,track,830,spotify,spotify:track:0lOe1dR2TNkJMCjIcRuw6T
4189,track,831,spotify,spotify:track:5YTM7OgQDt9EJAYcfHLniJ
4190,track,835,spotify,spotify:track:69gz9onZQNVw55cMQsaYii
4191,track,837,spotify,spotify:track:0ndpJtfKGuGM3pyNwnwSUx
4192,track,838,spotify,spotify:track:0nKB5mUdJ3YsTi4QudPwJv
4193,track,839,spotify,spotify:track:30oTS7bm0aH3p7lqjEIu8q
4194,track,843,spotify,spotify:track:1uftnTuei3ckZpNZxHKgRJ
4195,track,844,spotify,spotify:track:09GCuO9yQH5R1E8HYknrV8
4196,track,845,spotify,spotify:track:4JKUjx4Ehx2b9NRylEUD0w
4197,track,846,spotify,spotify:track:3b3SSIcnE9a77XoUEtG5Jm
4198,track,847,spotify,spotify:track:0cA2d2Il6tPth6W1gnHFnj
4199,track,848,spotify,spotify:track:1qKduDCOSKvJPQ1PENrtF1
4200,track,849,spotify,spotify:track:5rCxTId9PqjSRJoJl3vfQt
4201,track,850,spotify,spotify:track:77fWL7hrNkrDyZHu7LyiNF
4202,track,851,spotify,spotify:track:4mCf3vQf7z0Yseo0RxAi3V
4203,track,852,spotify,spotify:track:72TFWvU3wUYdUuxejTTIzt
4204,track,855,spotify,spotify:track:3bDH7eIQ84QWdBeWwffUZD
4205,track,857,spotify,spotify:track:16TKVmnzT73jQ5qfrRcpP4
4206,track,859,spotify,spotify:track:0yYrJMwTIgaBJldpeUMkhn
4207,track,860,spotify,spotify:track:268FMyd9ACqcOoItVvaukp
4208,track,877,spotify,spotify:track:3rBwrzTbwXsZug3BtoCgtT
4209,track,878,spotify,spotify:track:2WJAO9c8qEk4yMZJ5kofEo
4210,track,879,spotify,spotify:track:41sLy8IQUSgvjjeW2CN0vc
4211,track,880,spotify,spotify:track:2TgPHDU8zPgAvkSLXkHKXR
4212,track,881,spotify,spotify:track:3HQcsqRjRdruUjkbDSgmVF
4213,track,882,spotify,spotify:track:5Cx1WPGoDBqhBP8zCWjcVn
4214,track,883,spotify,spotify:track:5afSK7NsZJULDlzoYkkUmQ
4215,track,884,spotify,spotify:track:1At8mBpoFdf7rfQkuE8497
4216,track,886,spotify,spotify:track:6jBjpfWAzZ7BXnnF0Vk3gb
4217,track,887,spotify,spotify:track:497tEDw0QxcqHkAuTimYXt
4218,track,888,spotify,spotify:track:3zn6r8zqyZBuiOa7PrAtPm
4219,track,889,spotify,spotify:track:7BiELrM90hRxpozaIXbsLw
4220,track,890,spotify,spotify:track:4UTizOdGljPIIbXtoXycAd
4221,track,891,spotify,spotify:track:5LJz7kmFhLqB53tmVWxig5
4222,track,892,spotify,spotify:track:6D2tzc8kRnZb7P1lNwMBLH
4223,track,893,spotify,spotify:track:1KnJwhZU3DIBe54Q4HPpIl
4224,track,894,spotify,spotify:track:5oO3drDxtziYU2H1X23ZIp
4225,track,895,spotify,spotify:track:7Jd5LgnSRQElW6FsTWVPzE
4226,track,896,spotify,spotify:track:6RtzmszGXs32TRhv5zTKNM
4227,track,897,spotify,spotify:track:7eDYNlBwRMeFOZHOZ95dZ1
4228,track,898,spotify,spotify:track:0UHB9METy4VCXNgkcGqHqS
4229,track,899,spotify,spotify:track:6K4Co1NQyOnoFEJMkZHkln
4230,track,900,spotify,spotify:track:0wfrsR4P16Zj4BeI5hyPO5
4231,track,901,spotify,spotify:track:6J62AKVGh3TPXOzuLMM3dr
4232,track,903,spotify,spotify:track:0qLt7pQhm8LDxFgI0YXdlY
4233,track,904,spotify,spotify:track:6gYqtFQqdXsNttPD2ze2kk
4234,track,905,spotify,spotify:track:4CZQ5wy19DNsYvPhcM2d6r
4235,track,906,spotify,spotify:track:4F1dfc0U5e43y7Sa1SQVwp
4236,track,907,spotify,spotify:track:00ogmsZiK6dB0QVUDBeehZ
4237,track,908,spotify,spotify:track:0Gt4nGWoATcQFL38a1NRao
4238,track,909,spotify,spotify:track:0zbu6qCs5kqT8q3Zo0QWym
4239,track,910,spotify,spotify:track:6zSwnPvoqQ2bzvYMlt3u4u
4240,track,911,spotify,spotify:track:2bXNVNDdYvAXxf5f33WHy7
4241,track,912,spotify,spotify:track:3yDVqUDqPLLAyWJJsjKKn7
4242,track,913,spotify,spotify:track:0SC6bK22QGoX8EdgFM13Gv
4243,track,915,spotify,spotify:track:7gDwRzJhLs0fFHaGtMDJVM
4244,track,916,spotify,spotify:track:13DIg33b655IuPHHdnlimm
4245,track,918,spotify,spotify:track:6O10H3K0n3Ysni6vllQUKa
4246,track,919,spotify,spotify:track:05z9M0SzSkREjI5gdvY5zh
4247,track,920,spotify,spotify:track:5a4r97oByH6TOgGQ3f3Skr
4248,track,921,spotify,spotify:track:7oXgQJxQS6MP96pF7DVCgv
4249,track,922,spotify,spotify:track:3nRQWlmd0hHhkuRvebagPZ
4250,track,923,spotify,spotify:track:4FIMqjMdiZkTRcaqgES0ya
4251,track,924,spotify,spotify:track:5wIQXVsylfJd5Q8rjM4Rv1
4252,track,925,spotify,spotify:track:2EsBCpGIwi0GqhaFmNOPIS
4253,track,926,spotify,spotify:track:6180Fv9Y1zovHtrIVaTGSM
4254,track,927,spotify,spotify:track:2DgTknSs3EVDnf3BDjakoB
4255,track,928,spotify,spotify:track:2qBQtBd0YTv9rVpcP6SB3h
4256,track,929,spotify,spotify:track:2xr6ztSWtoxJ7ru9m8cKq6
4257,track,930,spotify,spotify:track:7LXNFoGZ3mIQAAdd3vYLa4
4258,track,932,spotify,spotify:track:4x7uHC8or1AwVeRCh1mULV
4259,track,933,spotify,spotify:track:4NhQub0nIdIdXb295raVhh
4260,track,934,spotify,spotify:track:6ekV6MGnPTuCOnjB4VcWGc
4261,track,936,spotify,spotify:track:58YBY8OiX56vQhcHUgul9m
4262,track,937,spotify,spotify:track:6cVIPzTun0MF9swLUHNnf0
4263,track,938,spotify,spotify:track:1S71f8iMmjdcJPh1pFPwtv
4264,track,939,spotify,spotify:track:3neSPbnncvEpjvbhM4faaf
4265,track,940,spotify,spotify:track:76tWml55YabjLsNPRwUfEF
4266,track,941,spotify,spotify:track:1f6CFsufAwVPHrcNdlACRQ
4267,track,942,spotify,spotify:track:16HxWY98myiCVwLoRqi7KT
4268,track,943,spotify,spotify:track:3jFqMdDCbcg12DgDem6Spt
4269,track,944,spotify,spotify:track:5WIcg3ItGo5xCe8ExcY9Ax
4270,track,945,spotify,spotify:track:3lB0GMiI5KxDbTOG8V3bOx
4271,track,946,spotify,spotify:track:1VTNMlCvjOeqJRci5FomoK
4272,track,948,spotify,spotify:track:2XQKestqcKNAxnmo5hh3Yo
4273,track,949,spotify,spotify:track:393MDhe62s8hbH8ETrlxe5
4274,track,950,spotify,spotify:track:6R4flNWy1pWkjzwg3TCDlM
4275,track,951,spotify,spotify:track:4yCuBvbBvoJ9eVE7QB2Rkg
4276,track,952,spotify,spotify:track:0HEfiw4FFDxMTfCIf6k3J5
4277,track,953,spotify,spotify:track:6XkuklKiHYVTlVvWlTgQYP
4278,track,954,spotify,spotify:track:6GSMozgAebBmuM2hCV15H3
4279,track,955,spotify,spotify:track:6hPSal3ragmfUt1I5mKZjn
4280,track,956,spotify,spotify:track:2GtaNlidzvK3hY78kCdsHa
4281,track,957,spotify,spotify:track:5SgMhs9A3PSkJd0ruJwUsI
4282,track,958,spotify,spotify:track:09ZeNJ09kGQDdlvdPJ2Vfd
4283,track,959,spotify,spotify:track:0Epl79nHvdyTdZRAiWpJah
4284,track,960,spotify,spotify:track:5QemHQxj7PRkrw8lJl2W7C
4285,track,961,spotify,spotify:track:1yo5POfHJT1LASjQlsvF0Q
4286,track,962,spotify,spotify:track:28wmzW39UTv4iYCKKkhIQP
4287,track,963,spotify,spotify:track:4qYLPta5HZ36idWiXtqh7B
4288,track,964,spotify,spotify:track:0I3MkBTrKeKulwuSSLEJGN
4289,track,966,spotify,spotify:track:6Gj8DibSTKIKn9uu2nEzbp
4290,track,967,spotify,spotify:track:5nIu0VwPOsjkF61zfevLKh
4291,track,968,spotify,spotify:track:4cAgkb0ifwn0FSHGXnr4F6
4292,track,969,spotify,spotify:track:3sNVsP50132BTNlImLx70i
4293,track,970,spotify,spotify:track:36o4taPyOdnOMf01ERmn9a
4294,track,971,spotify,spotify:track:3QHPHLAkYV5cQBUYs6rowx
4295,track,972,spotify,spotify:track:2pRyjmTGkz5i8xemOtJ7pG
4296,track,973,spotify,spotify:track:2PFNTHR4sA8m9rPPtYXhl7
4297,track,975,spotify,spotify:track:7DfFc7a6Rwfi3YQMRbDMau
4298,track,977,spotify,spotify:track:4YZbVct8l9MnAVIROnLQdx
4299,track,978,spotify,spotify:track:1fOkmYW3ZFkkjIdOZSf596
4300,track,979,spotify,spotify:track:2pMPWE7PJH1PizfgGRMnR9
4301,track,980,spotify,spotify:track:0msrDPXxZpts4FRnoX0bFr
4302,track,982,spotify,spotify:track:3GZD6HmiNUhxXYf8Gch723
4303,track,983,spotify,spotify:track:6jypaMkKsoc5npsVzxhksl
4304,track,984,spotify,spotify:track:1HwbgJAU9PZ7YbzKgVgoIF
4305,track,985,spotify,spotify:track:7umZiitjVsEjMQ6HNddpUI
4306,track,986,spotify,spotify:track:2OwKjB0odiIS59rVslLmof
4307,track,987,spotify,spotify:track:0sNUGT8myYYLVhEquBMA7b
4308,track,989,spotify,spotify:track:1cQ3LIkZE68pMSnPhZWXLu
4309,track,990,spotify,spotify:track:6C6fHTuFUxVtJpBOOaMvJr
4310,track,991,spotify,spotify:track:2ohegz9maxzroKBu9YhcCM
4311,track,992,spotify,spotify:track:5nN8BwAQDJDguq7Dpd3JQQ
4312,track,993,spotify,spotify:track:1Rq4GtIucW9CAcF8B6PAbW
4313,track,994,spotify,spotify:track:5ihDGnhQgMA0F0tk9fNLlA
4314,track,995,spotify,spotify:track:22L7bfCiAkJo5xGSQgmiIO
4315,track,996,spotify,spotify:track:22VdIZQfgXJea34mQxlt81
4316,track,998,spotify,spotify:track:3MnbXlC1N7GdS9M8HzA6no
4317,track,1003,spotify,spotify:track:0b5Ck9iMhTNpnmUjdbsfsQ
4318,track,1004,spotify,spotify:track:76Ug1q4l6rGwJ2ubV5wh3X
4319,track,1005,spotify,spotify:track:6lrDckuosGpwEHtm1hHBcf
4320,track,1006,spotify,spotify:track:2pw9RZWZibttZzoFhwjuy6
4321,track,1007,spotify,spotify:track:0dcMqjeDpwqB2xhzMsld0p
4322,track,1008,spotify,spotify:track:0d28khcov6AiegSCpG5TuT
4323,track,1009,spotify,spotify:track:5ZDKPFRZC6QlJpf8bCIXTs
4324,track,1010,spotify,spotify:track:03j354P848KtNU2FVSwkDG
4325,track,1011,spotify,spotify:track:0wzPHTgOtFIDhk2rD3Au4x
4326,track,1014,spotify,spotify:track:3H3qBumaYj67PT3aMEBvAP
4327,track,1015,spotify,spotify:track:25KybV9BOUlvcnv7nN3Pyo
4328,track,1016,spotify,spotify:track:0NTMtAO2BV4tnGvw9EgBVq
4329,track,1018,spotify,spotify:track:6yCjEfLYOQR4ntdO0jsU4v
4330,track,1021,spotify,spotify:track:3dGjHUFEdvpi6lAD8MOmnC
4331,track,1022,spotify,spotify:track:4Wj1H6t52zSGpT8pb1VBSg
4332,track,1025,spotify,spotify:track:4QsVumo2kYk4FkVaJ3NH3D
4333,track,1026,spotify,spotify:track:01wKeKPgYxdPYA8rfMveYc
4334,track,1027,spotify,spotify:track:6s0brPwPdRLeKJk6Qs5jCH
4335,track,1028,spotify,spotify:track:1ktN2UJM1UiSiC1UQY4qua
4336,track,1031,spotify,spotify:track:37900IuXGhixsrCwEoyAFz
4337,track,1036,spotify,spotify:track:1lIFI6jZXheHyD2azdE6VG
4338,track,1038,spotify,spotify:track:7Iye7z8lrOT4lKM7RxwX5A
4339,track,1039,spotify,spotify:track:7aAEJfIzJUUSRXQNz2JzfO
4340,track,1040,spotify,spotify:track:69D34snjPbZYGNwmIjmsZG
4341,track,1041,spotify,spotify:track:4Bt9yX2Gq7Q1biRF45EN1C
4342,track,1042,spotify,spotify:track:6T2vocVm6BFUo4OipxEEmb
4343,track,1045,spotify,spotify:track:5BikEzeYYFtRvR1CL1UTRg
4344,track,1046,spotify,spotify:track:6plT7nFGiXKSBP9HFSI4ef
4345,track,1047,spotify,spotify:track:6cmt9CRoK0KGcNg9Tpje53
4346,track,1048,spotify,spotify:track:1sHM7TXoGrbJec1lddB7L9
4347,track,1051,spotify,spotify:track:0RqcdmYYbeW8AIAkvhvBV4
4348,track,1053,spotify,spotify:track:4QhWbupniDd44EDtnh2bFJ
4349,track,1054,spotify,spotify:track:5lcyIeEfwZTs8Ajw3kdF7P
4350,track,1055,spotify,spotify:track:0725YWm6Z0TpZ6wrNk64Eb
4351,track,1056,spotify,spotify:track:3iW3y326xuRpNVXzOMBZy5
4352,track,1057,spotify,spotify:track:6MEDfjHxnVNcYmHe3mM6L2
4353,track,1058,spotify,spotify:track:525FTJmFvIc0o7ndeART0U
4354,track,1059,spotify,spotify:track:6XD9fmIARUGbb67Kp39ELD
4355,track,1061,spotify,spotify:track:5isZz9H9yWJgOjFxrTeZm6
4356,track,1062,spotify,spotify:track:3v6oMGduetl7GA67POX9Dm
4357,track,1063,spotify,spotify:track:4EndPA8b6FDWYp1RgsnLEB
4358,track,1064,spotify,spotify:track:1UGD3lW3tDmgZfAVDh6w7r
4359,track,1072,spotify,spotify:track:4e5IPJxSGVWPsaxQzdRseN
4360,track,1073,spotify,spotify:track:2Im64pIz6m0EJKdUe6eZ8r
4361,track,1074,spotify,spotify:track:3rCNmRonlHN1TXQLcG3dSk
4362,track,1075,spotify,spotify:track:3DK6m7It6Pw857FcQftMds
4363,track,1076,spotify,spotify:track:6K07Ahf6V7CAQn0ikrOztl
4364,track,1077,spotify,spotify:track:1ZHYJ2Wwgxes4m8Ba88PeK
4365,track,1078,spotify,spotify:track:6mrRJpEOqNEKygu4fesH1e
4366,track,1079,spotify,spotify:track:2LbL1HaoZrXrCR538uxUjl
4367,track,1080,spotify,spotify:track:49aTv96mDjvlDb74XvVSc9
4368,track,1081,spotify,spotify:track:1rW2nkUbmKD2MC22YrU8cX
4369,track,1082,spotify,spotify:track:7lhkOb0VNnTlshwifCEoSr
4370,track,1083,spotify,spotify:track:7y6EHdn8KFJUD2F6zWNWhZ
4371,track,1084,spotify,spotify:track:76wXoUkBme6E5yPhXv6zfR
4372,track,1085,spotify,spotify:track:1MqC1CyfmBiEgauT4sqhSE
4373,track,1086,spotify,spotify:track:6R0GRYk2vs2XuBVemYK5YZ
4374,track,1087,spotify,spotify:track:323ujVhfSg16TlRK0PB5JY
4375,track,1089,spotify,spotify:track:4fiYSa6ln7h0scprgNEs0g
4376,track,1091,spotify,spotify:track:0p3sSUXDohjddeKlnvGbCD
4377,track,1092,spotify,spotify:track:7xqANDRz8JFxkwfY65WISy
4378,track,1093,spotify,spotify:track:3PsS445MHcmtroGTstfTbm
4379,track,1094,spotify,spotify:track:0dcf0L6F1LUA1nE2zWH4J2
4380,track,1095,spotify,spotify:track:6u0dQik0aif7FQlrhycG1L
4381,track,1096,spotify,spotify:track:3hDnFYwpnY0wONZDkYxUsj
4382,track,1097,spotify,spotify:track:29fTi7Tdh9CiU8HuVDaqVY
4383,track,1098,spotify,spotify:track:01Lr5YepbgjXAWR9iOEyH1
4384,track,1100,spotify,spotify:track:5ki11itnU25JYaN7gFx8WX
4385,track,1102,spotify,spotify:track:3Oa5mzKpQM8MrpcylcnnNJ
4386,track,1103,spotify,spotify:track:3QbsrWxq3JyNov94VzbNdB
4387,track,1106,spotify,spotify:track:55M6yNHgOCyzmVO5Ee59fR
4388,track,1107,spotify,spotify:track:38iAeHklid7NgzF18Z2IQn
4389,track,1108,spotify,spotify:track:2dUkCUXXoknwsLwuGaL4bA
4390,track,1109,spotify,spotify:track:1szSctQ1M3z7CvLDOeIZ72
4391,track,1110,spotify,spotify:track:6afylxrHxW8VFIh9iyjRVo
4392,track,1112,spotify,spotify:track:0DqHzAtyNtUJS7XHHBDIkZ
4393,track,1113,spotify,spotify:track:5qSVzfaNPDRBIstOR1xmF7
4394,track,1114,spotify,spotify:track:6COfU3wdfp29IRiXHiFqsc
4395,track,1115,spotify,spotify:track:3dfT9IbDzkJuB8rQVTo52C
4396,track,1116,spotify,spotify:track:0d5ulBZO4IsoNny5uNO9ut
4397,track,1117,spotify,spotify:track:0qpaywGmdmio4NKvvGPS4q
4398,track,1119,spotify,spotify:track:737SH7GprTwpVnxdXdsS89
4399,track,1120,spotify,spotify:track:0Sa23yMrp5q52B7DwDZkKl
4400,track,1123,spotify,spotify:track:3I9MY53joyhqFNKjqGHJKy
4401,track,1124,spotify,spotify:track:2TeLIzFBe3hxkPR5FIQZut
4402,track,1125,spotify,spotify:track:2zdvocCMHUnjYIb8Dxl1hs
4403,track,1126,spotify,spotify:track:7dltD9eEX7X1zk8JJ9BS0e
4404,track,1128,spotify,spotify:track:2dXME00xUY1CRcMZsM3Y4q
4405,track,1129,spotify,spotify:track:4U4r7XoyQ77fVZBdMNJt5y
4406,track,1131,spotify,spotify:track:3oVZPCQErNdBbQVHlDuSFJ
4407,track,1133,spotify,spotify:track:0Qn6LsvCQNAAaDU1Z3vc1J
4408,track,1134,spotify,spotify:track:2depzNvnAgMFKYnm3moXIc
4409,track,902,spotify,spotify:track:5GhJq5J9ZWIEDZdyw7EWzt
4410,track,1135,spotify,spotify:track:1yCVsVH2hQ72SxNI8QTDaB
4411,track,1136,spotify,spotify:track:6elNeXUhiuHPD9hH5rocQi
4412,track,1137,spotify,spotify:track:2KBzUcKeNdsujWiK3djHvd
4413,track,1138,spotify,spotify:track:2onCHFrhTinyUc6OawwU4Z
4414,track,1139,spotify,spotify:track:1RxR1IwTzgPlBcLn61LT1u
4415,track,1140,spotify,spotify:track:6ycYqFnXnjMOwMvEMbEpUk
4416,track,1141,spotify,spotify:track:7sGZDsOCYpvqkIv8eH4jOG
4417,track,1142,spotify,spotify:track:0FA8Pw164j1qW4YEfpaVRy
4418,track,1143,spotify,spotify:track:7unZ7zDyrTs2L7167dqm2Y
4419,track,1144,spotify,spotify:track:20fAoPjfYltmd3K3bO7gbt
4420,track,1145,spotify,spotify:track:00LGJRRqN4AtSpHrvjIyiJ
4421,track,1146,spotify,spotify:track:29DTGRE8gUAPYZmThH5wXh
4422,track,1147,spotify,spotify:track:1gFovJQ7w2We3AoU3ybhzU
4423,track,1149,spotify,spotify:track:3V8VqH4EmTU8VFVu00Ir9T
4424,track,1150,spotify,spotify:track:2QE7F4OzNUHsFaNhzzR9qZ
4425,track,1151,spotify,spotify:track:6B6bbawvTbCFyzFIxuMJQI
4426,track,1152,spotify,spotify:track:1JwSazdPkEpDZug2adVBU8
4427,track,1153,spotify,spotify:track:51w2uhHVvzmqCd3leyDIY2
4428,track,1154,spotify,spotify:track:2m1c56EF3xB78la1Xh9Yqb
4429,track,1155,spotify,spotify:track:6fT7bHVzfU9u7UByS3sLbU
4430,track,1156,spotify,spotify:track:4ulYASOuCUwa2hQRsE2OVh
4431,track,1157,spotify,spotify:track:5PlYCPa9eV21gJcK5cQiZi
4432,track,1161,spotify,spotify:track:3UZH1lr5vx7S19ilecUtwj
4433,track,1163,spotify,spotify:track:1fNpOEgu770UrRTzeVsKZT
4434,track,1164,spotify,spotify:track:2fjOaSt26CeQCCCgn8brsH
4435,track,1166,spotify,spotify:track:2DGMORz6TjhKgCYM7quaZh
4436,track,1167,spotify,spotify:track:1R6nmC4HUGOGSKU02Wqa0v
4437,track,1168,spotify,spotify:track:2aLVUQS8wipdinBxqm5YBE
4438,track,1170,spotify,spotify:track:6nz35DNIzbtj5ztpDEcW1j
4439,track,1171,spotify,spotify:track:49mu0ewiqzCYPGY3IEtNad
4440,track,1172,spotify,spotify:track:2FZ4Ac2OfaZWdv1BKibjVR
4441,track,1173,spotify,spotify:track:0vzb8Ii9B2fP9c0POFGPOZ
4442,track,1174,spotify,spotify:track:4h5KBcltGefua73AUPYps7
4443,track,1175,spotify,spotify:track:135lkyQRwFlWfmHjJTxtld
4444,track,1176,spotify,spotify:track:5HdZE8e4PPwEvDZuhJlfFg
4445,track,1177,spotify,spotify:track:55zQKeuPi9zdRNulmHyo7E
4446,track,1179,spotify,spotify:track:5cTQ6doqO0zdc37JWvenHq
4447,track,1180,spotify,spotify:track:17cDQCfOEepLf2g8z7DgxD
4448,track,1181,spotify,spotify:track:2ZAsKccdc6uBY0VIKoGRyX
4449,track,1184,spotify,spotify:track:1xE7osYAtzz1PvLoVdOp5E
4450,track,1185,spotify,spotify:track:1GzNGrxi4NIOKu0Z4npUss
4451,track,1186,spotify,spotify:track:75JwFVMnX88ypgshWYBSYL
4452,track,1187,spotify,spotify:track:3BZZM04lLXXPFaNSAvTixk
4453,track,1188,spotify,spotify:track:0SHMypfdrQUzmpFfwjqARD
4454,track,1189,spotify,spotify:track:6O9AZyKRKRIgNcOjzJ1cXh
4455,track,1190,spotify,spotify:track:5xdVqHtFS0eLuNp4Z8Wbpa
4456,track,1191,spotify,spotify:track:4CgVADr5mX2tATGxVemeRm
4457,track,1192,spotify,spotify:track:6UoQF4vuBjT8zzv77mp4mL
4458,track,1193,spotify,spotify:track:6EBOra9l51i3feh7hd4gzC
4459,track,1194,spotify,spotify:track:5x4ZnjPzqlTqD7LK6GyUck
4460,track,1195,spotify,spotify:track:5SzhZYkm2PLsEuf9NtkRHR
4461,track,1197,spotify,spotify:track:2zWZV7b1xu1qZPaMjavvpS
4462,track,1198,spotify,spotify:track:7sLpSWxQazJzDVG6YGzlVs
4463,track,1199,spotify,spotify:track:5TTFD5DuFhQOrs0RJxGDbD
4464,track,1200,spotify,spotify:track:2Zl1wunKulBAythbBKmW4S
4465,track,1201,spotify,spotify:track:3IrkbGQCoEPAkzJ0Tkv8nm
4466,track,1203,spotify,spotify:track:7gVaf6eZDV1oQdGwvDYfmU
4467,track,1204,spotify,spotify:track:2TmS5wJTfWrpFgakSSTdCi
4468,track,1205,spotify,spotify:track:0oduroQUXgL9mb4JO8XzB9
4469,track,1207,spotify,spotify:track:1VZUXXUGqIxePaMUXkabRn
4470,track,1209,spotify,spotify:track:69W44ENAu1t2JmZU6OJ2B7
4471,track,1210,spotify,spotify:track:6Sgm6qofFJPJG1A06mzDIb
4472,track,1211,spotify,spotify:track:05VHidqx1tV6V7MsCdAIby
4473,track,1212,spotify,spotify:track:1cBhXfX0IlaTpqovVcdyFv
4474,track,1213,spotify,spotify:track:6sKGGi2pVKXR69s1SNdhGv
4475,track,1214,spotify,spotify:track:24OsKc9qr5IFyiaHNCAk3h
4476,track,1218,spotify,spotify:track:5n8Aro6j1bEGIy7Tpo7FV7
4477,track,1219,spotify,spotify:track:734xplxSpoW22U5OeeZcr8
4478,track,1222,spotify,spotify:track:2TElexeJMX3OyXil4DWbVs
4479,track,1224,spotify,spotify:track:0tYiZlzseGD6lCBG0XD6OO
4480,track,1225,spotify,spotify:track:4m3xK546CBDHFio7JfeuIK
4481,track,1228,spotify,spotify:track:4BHiKOLwfx89DcZfKYPQ5M
4482,track,1229,spotify,spotify:track:58Ak9QLPvxXdYATD4i1hAx
4483,track,1230,spotify,spotify:track:1gsnHGopfdevZt7gbmygOq
4484,track,1231,spotify,spotify:track:3j1UrSXCeWYa5ltei4ZAxt
4485,track,1232,spotify,spotify:track:43vPc5Byz8DSkblcXwBLWG
4486,track,1233,spotify,spotify:track:1MMsJg0deBDQtgfQOhjNto
4487,track,1234,spotify,spotify:track:0vtF9mPebRPcijosHQedZP
4488,track,1235,spotify,spotify:track:7BDoFaGh2cw6S3dmoHWMdi
4489,track,1236,spotify,spotify:track:0aSP38feMMHbO9Di9n4DqW
4490,track,1237,spotify,spotify:track:7GKiBHjFfvPRNqqOuRYqLB
4491,track,1238,spotify,spotify:track:6yHZ09mUcQRZtWBYW73OoQ
4492,track,1239,spotify,spotify:track:5R08q0FbWLLQ5Bec8lQ3am
4493,track,1245,spotify,spotify:track:00skWJ8NVd2eEoMIbQBEps
4494,track,1247,spotify,spotify:track:78fsyPMBiIMOXdBnDcBi7z
4495,track,1248,spotify,spotify:track:2UICNcwQNzeuirpkWIaRuF
4496,track,1249,spotify,spotify:track:7husSwZJu3Tb8aaByoA0Le
4497,track,1250,spotify,spotify:track:1Fj7CtYdzMggpfN7pU751s
4498,track,1251,spotify,spotify:track:0BRBDRdjgP4Iw8coBDAeeT
4499,track,1252,spotify,spotify:track:4nmBEd13jgjtV8Pc90JDDn
4500,track,1253,spotify,spotify:track:6dWNtdXVsT4t5oqN4rpN2U
4501,track,1254,spotify,spotify:track:2rlcCS6vJSTrRMjsmVkoFY
4502,track,1255,spotify,spotify:track:6ygSlFgsuHPLENIKP860Hg
4503,track,1256,spotify,spotify:track:0u8iiPBZ5OqK1mbq1cZc0c
4504,track,1257,spotify,spotify:track:3NTaxAP8srpJi0Ops94mcG
4505,track,1258,spotify,spotify:track:6lphMGQ1QjbFcqo5eUR4jY
4506,track,1259,spotify,spotify:track:4d7EzLODiMp4Cuf6tRxn7s
4507,track,1260,spotify,spotify:track:4w1xy2DGa6pwpd1u8YZEbJ
4508,track,1261,spotify,spotify:track:1q47r27noDC3ApoPH6IhcS
4509,track,1262,spotify,spotify:track:1hHeEmrdo4KYKgFaATuJyf
4510,track,1265,spotify,spotify:track:78JKJfKsqgeBDBF58gv1SF
4511,track,1273,spotify,spotify:track:4yj3tesNZ30996HdefOxG7
4512,track,1274,spotify,spotify:track:3ljBzccXOpkHcGejRzHVjK
4513,track,1276,spotify,spotify:track:0L8VQwtgvVOH6tJhMfoNeM
4514,track,1278,spotify,spotify:track:1GqudMLg6AWglj4O9Ljr7m
4515,track,1280,spotify,spotify:track:6YXOWhiHHnywkCNKJTdGNj
4516,track,1281,spotify,spotify:track:0pVxLnmqEphwVMRspv5N7Y
4517,track,1282,spotify,spotify:track:23bOfmnZiN42pB1frXNyak
4518,track,1283,spotify,spotify:track:1gy1Uhh6UP8AYeCFQSENm1
4519,track,1284,spotify,spotify:track:6Wy4rMZYocgmnaCYTpZc4n
4520,track,1285,spotify,spotify:track:7BeoNED8yeNC7pCuA30fGs
4521,track,1286,spotify,spotify:track:637UDCAD6UE0Ik3s039Ppi
4522,track,1287,spotify,spotify:track:3wnAMgb3pkn4O3gYYLP5db
4523,track,1288,spotify,spotify:track:4w5m4X0OZ2IslxNOgtntTN
4524,track,1289,spotify,spotify:track:7fheaybAcABeiuYU6VgDrQ
4525,track,1290,spotify,spotify:track:4c3krD3VpZ0FvJgpE57wVD
4526,track,1291,spotify,spotify:track:6lUJpJ7OZycuD0ahNnvpHq
4527,track,1292,spotify,spotify:track:2H3y6FYYmmu7wSHy9fqC8f
4528,track,1294,spotify,spotify:track:4Djz7O3kZKbjCpieY9cSXY
4529,track,1295,spotify,spotify:track:2EgZ0usmUxyNpCoyiFwEGT
4530,track,1296,spotify,spotify:track:2reedyHvJD3RrL6D0VOaAR
4531,track,1297,spotify,spotify:track:4XrnWj9vSxMwhLMvMH4tGK
4532,track,1298,spotify,spotify:track:44ppI3wTXpkgSR3P6nkQup
4533,track,1299,spotify,spotify:track:5NmRqFVe2V1e0wUrYhes9a
4534,track,1300,spotify,spotify:track:0JlYNNkFTSuvlkSXcyPHHP
4535,track,1301,spotify,spotify:track:1gJnLSxvNGu96XBj2uweja
4536,track,1302,spotify,spotify:track:0e7S689mFbBnIWTWtjc4b4
4537,track,1303,spotify,spotify:track:00bewP2N7BXdzSRuwtyn5j
4538,track,1304,spotify,spotify:track:1RTDKi9Rjr8HboEdUa0Qsg
4539,track,1305,spotify,spotify:track:4PmMVdIFpJTB9WQbmILf4p
4540,track,1306,spotify,spotify:track:1y1tR1JotMVR4HQk4X1BL5
4541,track,1307,spotify,spotify:track:2wGSgTmgSF3xjRrHkTc25R
4542,track,1308,spotify,spotify:track:6scpNkWEmUxmKY7nYjVLsX
4543,track,1309,spotify,spotify:track:2YleE26OXd15Zaix8I5aQs
4544,track,1310,spotify,spotify:track:5o8WGxOQbBFEJmu7WlRodP
4545,track,1311,spotify,spotify:track:6LC8CjwoPcyt2u3000cCT1
4546,track,1312,spotify,spotify:track:5TC8MQflxpxmChgiaIlj63
4547,track,1313,spotify,spotify:track:0Ns3nvzgfC6Yh3j5apV66n
4548,track,1314,spotify,spotify:track:1hRv3AxmkmVrSQf0Ak9v7p
4549,track,1315,spotify,spotify:track:7BQWkQjZ4RmzCehucHJmt3
4550,track,1316,spotify,spotify:track:1YgDGKyKhFlimPw3mLavPG
4551,track,1317,spotify,spotify:track:1JLvr8qmZ6hQM7H6MsIqHV
4552,track,1318,spotify,spotify:track:43u5j2bJ6E9nZV3PbPAoAe
4553,track,1319,spotify,spotify:track:7oFiFPltiQTBqVutyiSwvE
4554,track,1320,spotify,spotify:track:44lxKKHQuGj9Y99hnmtOTK
4555,track,1321,spotify,spotify:track:2DGrID7i8pkoqR2gHxnEHC
4556,track,1322,spotify,spotify:track:7N1Z5IAGMEWXZcxfpFt87k
4557,track,1323,spotify,spotify:track:1APrKVAuOsotWulrz0GyAz
4558,track,1324,spotify,spotify:track:0V3nTTKA24XKCayp8igU4l
4559,track,1325,spotify,spotify:track:63qqAXlMFDKO9gkIMiq3KH
4560,track,1326,spotify,spotify:track:4NpMpsiq6LX8eikg9Gcvsj
4561,track,1327,spotify,spotify:track:3KQh7ppbDxVjdJBtjvP5BU
4562,track,1328,spotify,spotify:track:4kSYZCV2qlTpCPu0NnMoSR
4563,track,1329,spotify,spotify:track:4WM1hvYr2NC6bQnQXcj3sH
4564,track,1330,spotify,spotify:track:67vrmPygrZ9giGqHUSReAT
4565,track,1331,spotify,spotify:track:5ngydCLbzCEdtu8SEOXhPU
4566,track,1332,spotify,spotify:track:4R7FlzdjFQFAoxad7OeW3C
4567,track,1333,spotify,spotify:track:1uaGSDFsLdReQgg8p7Obwh
4568,track,1334,spotify,spotify:track:6qZjm61s6u8Ead9sWxCDro
4569,track,1335,spotify,spotify:track:6K4t31amVTZDgR3sKmwUJJ
4570,track,1337,spotify,spotify:track:2KdsPGSUXbSZyq4oiDOqAe
4571,track,1338,spotify,spotify:track:6mMXHtmyjORXfbZk87csDk
4572,track,1339,spotify,spotify:track:6DkXLzBQT7cwXmTyzAB1DJ
4573,track,1340,spotify,spotify:track:5uBk9zn3ojT185F1wFFVfo
4574,track,1341,spotify,spotify:track:7w1ixmeHTxUveCitzreKtM
4575,track,1342,spotify,spotify:track:6lanRgr6wXibZr8KgzXxBl
4576,track,1343,spotify,spotify:track:52NmkyHsGsHGb1UX8fTkMg
4577,track,1344,spotify,spotify:track:0HMCdlOPJkAGlB0MlSWIcO
4578,track,1345,spotify,spotify:track:722tgOgdIbNe3BEyLnejw4
4579,track,1346,spotify,spotify:track:1gqkRc9WtOpnGIqxf2Hvzr
4580,track,1347,spotify,spotify:track:11qa6plS660rrrkf6VJ3cX
4581,track,1348,spotify,spotify:track:4tqcoej1zPvwePZCzuAjJd
4582,track,1349,spotify,spotify:track:6LBpGdlukUARutol7VgWIS
4583,track,1350,spotify,spotify:track:42GcjriRK6srwHkfbkBqVl
4584,track,1353,spotify,spotify:track:7iL6o9tox1zgHpKUfh9vuC
4585,track,1354,spotify,spotify:track:5STdMlrBf6pqWiNE7WqxSi
4586,track,1355,spotify,spotify:track:0VPyDRlFonwImyqBCiWtn5
4587,track,1357,spotify,spotify:track:3pXF1nA74528Edde4of9CC
4588,track,1358,spotify,spotify:track:7ySUcLPVX7KudhnmNcgY2D
4589,track,1359,spotify,spotify:track:2H7D14ayVHyNSNNGVmatyA
4590,track,1360,spotify,spotify:track:6M6lsQB4OhqL41eld29PeC
4591,track,1361,spotify,spotify:track:1mjMXiWYKSJ5XmJCC0O9HJ
4592,track,1362,spotify,spotify:track:2irJDnniX31d1ja0a13q4p
4593,track,1363,spotify,spotify:track:1gCWLA71vXQmINwo6WxH4t
4594,track,1364,spotify,spotify:track:1Bx0zEdVjkFlV27iKaePug
4595,track,1365,spotify,spotify:track:1NpDnkQO0yWxTtntrC0UNz
4596,track,1366,spotify,spotify:track:2ENexcMEMsYk0rVJigVD3i
4597,track,1367,spotify,spotify:track:3IS0tPKRymmP8GwXeuLNn2
4598,track,1368,spotify,spotify:track:3DDBW9yeXc0RQUAOBeKYti
4599,track,1369,spotify,spotify:track:3TTUHmO4mq5uMTNAPh9QLq
4600,track,1370,spotify,spotify:track:34F2phurt5zBFjfeEbUfuv
4601,track,1371,spotify,spotify:track:5OFKWrKbS8iTIGxgjyHDzW
4602,track,1372,spotify,spotify:track:4z8c9qkpiYghn6DCQ6yA0u
4603,track,1373,spotify,spotify:track:0JXXNGljqupsJaZsgSbMZV
4604,track,1376,spotify,spotify:track:0nJW01T7XtvILxQgC5J7Wh
4605,track,1377,spotify,spotify:track:60nZcImufyMA1MKQY3dcCH
4606,track,1378,spotify,spotify:track:7r6PigmGzlB3YPB7wvBBbi
4607,track,1379,spotify,spotify:track:2f4IuijXLxYOeBncS60GUD
4608,track,1380,spotify,spotify:track:2cMtkfv5jEb5UpIjJntl5g
4609,track,1381,spotify,spotify:track:5bG487GyXXCB9cqjqms4vW
4610,track,1382,spotify,spotify:track:2KztZVOEdCkJJHIXcdy6lM
4611,track,1384,spotify,spotify:track:6Y9TU1WiogwHVaaWSVjRa3
4612,track,1385,spotify,spotify:track:3MpkTjPgEWQ7fHVt6odpBr
4613,track,1386,spotify,spotify:track:43PuMrRfbyyuz4QpZ3oAwN
4614,track,1387,spotify,spotify:track:1SZ5EEmCQ03fRAHnFNYW8N
4615,track,1388,spotify,spotify:track:2HXixVqzzm9rEUIMAWzshl
4616,track,1389,spotify,spotify:track:33ZXjLCpiINn8eQIDYEPTD
4617,track,1390,spotify,spotify:track:7MmJgTnnl1Rgeu1PlYBx52
4618,track,1395,spotify,spotify:track:1vpUCjhc849K7Q572xAEnu
4619,track,1396,spotify,spotify:track:5vjV8rtLO9H1XVMFTXSbnZ
4620,track,1397,spotify,spotify:track:2uYnktBpKbr8YuiLit7WiZ
4621,track,1399,spotify,spotify:track:6nyZQ82OI0OujbbFpo3e0K
4622,track,1400,spotify,spotify:track:2fmqPLRFdJNPhLU3b2NSFp
4623,track,1401,spotify,spotify:track:17zF2ISrDrQdaULA8cxReK
4624,track,1402,spotify,spotify:track:55nlbqqFVnSsArIeYSQlqx
4625,track,1403,spotify,spotify:track:2ZA4uMlSZjaoWGFqP1tsLI
4626,track,1404,spotify,spotify:track:3U4isOIWM3VvDubwSI3y7a
4627,track,1405,spotify,spotify:track:61BqwgSRTyWH9M4uPjsC3B
4628,track,1406,spotify,spotify:track:0CXVjQI9wsqaGeIARkkpYc
4629,track,1407,spotify,spotify:track:5Ravsw8TmHN5wBiYPPYUFw
4630,track,1408,spotify,spotify:track:1GLx5tpDdwEFiA7KaikvX2
4631,track,1409,spotify,spotify:track:7I6DceMT3utDOHjcYCbrr4
4632,track,1410,spotify,spotify:track:725fdnXEqS0Xs1sTvdNuHq
4633,track,1411,spotify,spotify:track:5g30WoqK1Dv5Bnwpusp2vk
4634,track,1412,spotify,spotify:track:3xf7xNv9BWokaIW9w82X7C
4635,track,1413,spotify,spotify:track:5L9WFUodzACitS1TiGm7Mi
4636,track,1416,spotify,spotify:track:5rwOE5J3Y1A2NiRa6y3Yph
4637,track,1417,spotify,spotify:track:1aUO38r5tnMbnd6PGMfWxs
4638,track,1418,spotify,spotify:track:1kWVgfctc2JUKCqlsZGWbU
4639,track,1419,spotify,spotify:track:3LoHumUGKLwthg6yRNdADI
4640,track,1426,spotify,spotify:track:2wXvVdgN3q5ejtE9WSNHEg
4641,track,1427,spotify,spotify:track:09JkIMWSVYi143LoWnY1fa
4642,track,1428,spotify,spotify:track:0l47HKQDjOGvphxEi9Tq5f
4643,track,1429,spotify,spotify:track:1bqZ94bPrrHyIpYux7rVj7
4644,track,1430,spotify,spotify:track:2uKXjW0nAlsC8Csgv38GJM
4645,track,1431,spotify,spotify:track:3NkkWyeWl49hGLtRu5sDnr
4646,track,1432,spotify,spotify:track:0TQ5FHdIPNLCS3zH3UD5tC
4647,track,1433,spotify,spotify:track:4rGw8ZIGLYiaVFTyBe9qYc
4648,track,1434,spotify,spotify:track:4yeeAqCqZ3lYMJ1jMrarOK
4649,track,1435,spotify,spotify:track:1lkOnJaOUgNE4Z3TdxbjYO
4650,track,1436,spotify,spotify:track:7EiEh8WfAzQhAWpfWSERI0
4651,track,1437,spotify,spotify:track:2jY1evemynRbDQG4NXXpwN
4652,track,1438,spotify,spotify:track:7nyrGhDawkns2VxJalJHwt
4653,track,1439,spotify,spotify:track:1j64JX3cT30zXUAz2a2C1H
4654,track,1440,spotify,spotify:track:4scpF6J5uMBvoh6sFB7EL1
4655,track,1441,spotify,spotify:track:6iMEAUdTIMwU4X1B5mBj6A
4656,track,1442,spotify,spotify:track:1hzJQIkgXwZevaKsc7iA6D
4657,track,1443,spotify,spotify:track:6ZANrVuAMp2rpjhfbOuJly
4658,track,1444,spotify,spotify:track:4ZMJshw6UOvaTWWThYtEoW
4659,track,1449,spotify,spotify:track:1xlARHdyUXDlKIvsvMxjsU
4660,track,1453,spotify,spotify:track:11iOB65szCoy6e5dscKrai
4661,track,1458,spotify,spotify:track:3hNcFmtyN9ZHfR4cbqp3yT
4662,track,1459,spotify,spotify:track:6m49tZii9UUttOgDozxjI1
4663,track,1460,spotify,spotify:track:4yI5ckxxvnd99aTyy8ejMq
4664,track,1461,spotify,spotify:track:2I4UUtppytMO2z1jHFH1VQ
4665,track,1462,spotify,spotify:track:5P8MTWw16wvYEjPcEpFPES
4666,track,1463,spotify,spotify:track:52j02Sy7PhBbDbyXUbhydX
4667,track,1464,spotify,spotify:track:5ZZbbMfm1e0EPjuccP3Rw7
4668,track,1465,spotify,spotify:track:6vjmAbHHdXDSGz3Di6RmVC
4669,track,1467,spotify,spotify:track:3z0oGegdilNokKYPXjLrqo
4670,track,1469,spotify,spotify:track:4V3N5LvUOh3yDPP16cwAhE
4671,track,1470,spotify,spotify:track:09WxJCWFMWAxTHBLLelpDS
4672,track,1471,spotify,spotify:track:5N6M0ezmqtWLCjfoQSKxWU
4673,track,1473,spotify,spotify:track:7vt0SL21AG7Obv63NidWFp
4674,track,1475,spotify,spotify:track:2fHFLyzAQYlguX5q0DfKlD
4675,track,1476,spotify,spotify:track:3FcV4Gyyq5PgRxDXjgELTD
4676,track,1477,spotify,spotify:track:5SDbfHZpHHmqpfK39vCfHG
4677,track,1478,spotify,spotify:track:1R31tpwFjbzVvPuw5bOVgH
4678,track,1479,spotify,spotify:track:5iNRPN7oYQvdB9AmeSW6d3
4679,track,1481,spotify,spotify:track:2S3PBAzoPAxnmdOtdEuaLW
4680,track,1483,spotify,spotify:track:1CmlEm2dEDu5raPGzLRY99
4681,track,1484,spotify,spotify:track:61BKqXDq8TOrUv1SFAJ7Ca
4682,track,1485,spotify,spotify:track:1erl1XqkftPhI9spxYnJsv
4683,track,1486,spotify,spotify:track:6GRAWg7rfga94jlDQD8WYa
4684,track,1487,spotify,spotify:track:4X2UdTXpDPSKA3LKYBISgq
4685,track,1488,spotify,spotify:track:1kIVUKFiEa1IPTF2eYj588
4686,track,1489,spotify,spotify:track:0uihsA5Tex0wABvXPlXjOH
4687,track,1490,spotify,spotify:track:56x2jRVYRWsZvkFpFXLOBV
4688,track,1491,spotify,spotify:track:5TWDcP0miYsQh7ePHuuOcK
4689,track,1492,spotify,spotify:track:2oHM9KAdFdFvDCaE4V6RST
4690,track,1494,spotify,spotify:track:7EzsnOBUZSwc5ZbsTM1JtI
4691,track,1495,spotify,spotify:track:0AFxQBihcXLnNZ5QHPZSJ9
4692,track,1496,spotify,spotify:track:5QvXScsmiZcYvNyRimWWEN
4693,track,1497,spotify,spotify:track:0txDPiRdpvMZKdFOTRv069
4694,track,1506,spotify,spotify:track:60PAzFNW3vAiAiVK6DRJfB
4695,track,1507,spotify,spotify:track:3EJ9ZuqkL1kwgouugqsLu8
4696,track,1508,spotify,spotify:track:6CZpEC9kyyCJWWZKPnviXY
4697,track,1509,spotify,spotify:track:6fpW5OyCfqH5BzyEGx5T1N
4698,track,1510,spotify,spotify:track:1GejKDZWGUe4B9VKCNRjwC
4699,track,1512,spotify,spotify:track:2BAmF6QyK5IYEOp1TFmt0u
4700,track,1515,spotify,spotify:track:05bIHrj5BTUoQxXZS6IH3M
4701,track,1522,spotify,spotify:track:2M7J02CoWQ3njKxBCB8MOo
4702,track,1524,spotify,spotify:track:6iBSsZnmrjwZ1EwNXCPh6D
4703,track,1526,spotify,spotify:track:7AfF7ogClqdw3njIgvBu8F
4704,track,1529,spotify,spotify:track:47qJy65zuMZmuMD7WE3kOF
4705,track,1536,spotify,spotify:track:2lZAxYgQIlS3zB0UwbsPNa
4706,track,1537,spotify,spotify:track:59arK2KUTpNWYavlhY8EpL
4707,track,1538,spotify,spotify:track:1sw4qM9lg6hlY4Gag7GmVM
4708,track,1539,spotify,spotify:track:5Rnaob5ooBBPGLBzj9LEjv
4709,track,1540,spotify,spotify:track:4YL7iflJi56QIcFFhYPSy7
4710,track,1541,spotify,spotify:track:6WLHRYLevMOMJtW9PifywK
4711,track,1542,spotify,spotify:track:0epI0qocahJdkLZDNVNqdg
4712,track,1543,spotify,spotify:track:6If8nGs1rNgxxpKWgVfa4f
4713,track,1544,spotify,spotify:track:5c6pnqoVpHBLakWOLr2h5A
4714,track,1547,spotify,spotify:track:5fjHhxBN5l7A8Flwm06XPu
4715,track,1549,spotify,spotify:track:1sz7jKNRQQVwGp5xKxuixo
4716,track,1550,spotify,spotify:track:6mpJqBs3qhpwf29PNAbNCf
4717,track,1551,spotify,spotify:track:1MOKfWdIFYf7tKBsSn9l6h
4718,track,1554,spotify,spotify:track:70pZIQqQ37SrNCADx0FiPN
4719,track,1556,spotify,spotify:track:2QZBf5Rq9bCHFt7j95G4w2
4720,track,1561,spotify,spotify:track:7xVLFuuYdAvcTfcP3IG3dS
4721,track,1562,spotify,spotify:track:4awpwf3TeFWOtLiswRbKfr
4722,track,1563,spotify,spotify:track:1KucENjrvmAEkSVjAgkGH2
4723,track,1564,spotify,spotify:track:23zykvOc3kJKObhUMC64EV
4724,track,1565,spotify,spotify:track:5UnyCsh4Ww6hzYwlTQThLz
4725,track,1566,spotify,spotify:track:0n5oSMrJ2EjP5qNkeApOuL
4726,track,1571,spotify,spotify:track:2LQTHb4rEtKpxQgeqdesmc
4727,track,1573,spotify,spotify:track:4siedOlEwS5BHZEJj3LutW
4728,track,1574,spotify,spotify:track:3jHToq37lYU0TMHvnbmhyL
4729,track,1579,spotify,spotify:track:29PKL0JJ6RcJmuZ8I56pU6
4730,track,1580,spotify,spotify:track:3GMEPIoVJZTQGosc7NBKQl
4731,track,1582,spotify,spotify:track:6bHfeL03Ge8RgXHf8pW5FP
4732,track,1583,spotify,spotify:track:3uDqWDYpdWRmLrKUavldAw
4733,track,1584,spotify,spotify:track:6O20JhBJPePEkBdrB5sqRx
4734,track,1587,spotify,spotify:track:0M6gonJgoyBQsE42aWE5tW
4735,track,1589,spotify,spotify:track:1pTkYdpzo8KPpHFFkI9xLA
4736,track,1590,spotify,spotify:track:0P7LbSNQR66aaJn0GwD9OA
4737,track,1591,spotify,spotify:track:205jCHZ3R4FbK4ov6B1vZS
4738,track,1592,spotify,spotify:track:3BjJOSCHdywiQICNbIZmgb
4739,track,1593,spotify,spotify:track:3AquOGHV1aT3yIcKfHzrZS
4740,track,1594,spotify,spotify:track:7huo4R6WqQ3HkXw6TRTm7q
4741,track,1595,spotify,spotify:track:3Fxnt1XlRrGUcS0zWIBFyS
4742,track,1596,spotify,spotify:track:6W7qDauNcP6rUOBnsP5VEz
4743,track,1597,spotify,spotify:track:58Jcftr5PvnPK2Kj2z4hK6
4744,track,1598,spotify,spotify:track:17fBFaNXCShZrQ3zKIi94F
4745,track,1601,spotify,spotify:track:4OPaH3ukGOhihW9I2pUZGW
4746,track,1603,spotify,spotify:track:5bFqRnp0Y7fXOef19lSjAx
4747,track,1605,spotify,spotify:track:1zJRKaBTMIqiAtTxrEaN8I
4748,track,1606,spotify,spotify:track:6sYb64hskKyb8UStdveGwA
4749,track,1607,spotify,spotify:track:2Q5UvUqW6c2N4LjYkAGXvC
4750,track,1614,spotify,spotify:track:20f6Jd6eLcZhMdFChdyx1b
4751,track,1615,spotify,spotify:track:1yIhFZoPNT8LcIz7n1MVHn
4752,track,1616,spotify,spotify:track:4PZ1FyZW38n1aQDEU4YLDT
4753,track,1617,spotify,spotify:track:52oFGANJUTeXS0W2RHu6we
4754,track,1618,spotify,spotify:track:430jlohskTwNSYIfDCKWoG
4755,track,1620,spotify,spotify:track:75vzHroJkJWv0AvwzWv1zU
4756,track,1622,spotify,spotify:track:1pOIpxfrQ8AszXZdKR3aH3
4757,track,1624,spotify,spotify:track:70FCugJxa7XW04Np6iYJdI
4758,track,1625,spotify,spotify:track:7oopoWQa0jicMSf9SFtxMK
4759,track,1626,spotify,spotify:track:7LH65o2WUgYY1SRxYzirES
4760,track,1627,spotify,spotify:track:2QVYTN3Z0IGLVF7YEQN5EJ
4761,track,1628,spotify,spotify:track:60Mq4EumvcSXznNugo9Op3
4762,track,1630,spotify,spotify:track:6vQTNCP1Ifp8xiyQULwZ69
4763,track,1632,spotify,spotify:track:0eK5y1c7WDyWwx6k9SFjbT
4764,track,1634,spotify,spotify:track:1i1xJi1qUmUABLOIXVAoPA
4765,track,1635,spotify,spotify:track:19jNb7yI5N9a6bVXzcG0jd
4766,track,1637,spotify,spotify:track:1oL4Ftb5327tRQVR4wsTmz
4767,track,1638,spotify,spotify:track:6XadDzmDVhtEQ1Itt5t8h8
4768,track,1640,spotify,spotify:track:1V9G1UraAEEDJMxXIlaZF9
4769,track,1641,spotify,spotify:track:3uKEnAYPF81GJhvRmWuKdm
4770,track,1643,spotify,spotify:track:1WOwGVtrVWtV3WW7X4TZoB
4771,track,1644,spotify,spotify:track:3RKblQNJs8HPvWBgXmq6nn
4772,track,1645,spotify,spotify:track:5nPOM0nFRAJ3XI8xCxNAzO
4773,track,1646,spotify,spotify:track:5SVcXBFyidkEVbBgD9Sp3v
4774,track,1647,spotify,spotify:track:6EQ4orawx8eo0aXH0pOKLE
4775,track,1650,spotify,spotify:track:7m97yKVzPpXV9Z4ezEziOD
4776,track,1651,spotify,spotify:track:5TvE3pk05pyFIGdSY9j4DJ
4777,track,1652,spotify,spotify:track:6ZXyNjjWkVaehH0otfMCTR
4778,track,1653,spotify,spotify:track:2CvOqDpQIMw69cCzWqr5yr
4779,track,1654,spotify,spotify:track:2OM8YFJ725IfDw5wKwNQV0
4780,track,1655,spotify,spotify:track:6g6W3pMAFbp2FS1QCijkpM
4781,track,1657,spotify,spotify:track:6SlYQ2fAKWSfHEHNhH2kgM
4782,track,1658,spotify,spotify:track:68Dni7IE4VyPkTOH9mRWHr
4783,track,1660,spotify,spotify:track:1UIcqXAA24eg76EFWViwr5
4784,track,1662,spotify,spotify:track:0ywD6BzhsslytMgBTvRdIs
4785,track,1663,spotify,spotify:track:49vKR5Sy56pTRDpsLIKKmq
4786,track,1664,spotify,spotify:track:2EzGi4Nd3ZDm7pscRZMd5z
4787,track,1665,spotify,spotify:track:4xOTVtbCPcfxMs2hSt9D6i
4788,track,1669,spotify,spotify:track:7LnDfoRFeMhrPc795W07jk
4789,track,1670,spotify,spotify:track:0oi3XBxDxpo6S0NUSOnU1G
4790,track,1672,spotify,spotify:track:05cKARk4hNWRjlk0J2Yyad
4791,track,1674,spotify,spotify:track:7kzKE8BVcHn7ohQWLqTQCU
4792,track,1675,spotify,spotify:track:72nLaDnt2dfxCA3ZAiEC2c
4793,track,1681,spotify,spotify:track:2HSmyk2qMN8WQjuGhaQgCk
4794,track,1682,spotify,spotify:track:1HnhCD1u0c4dHSMazmWGyM
4795,track,1683,spotify,spotify:track:3dgQqOiQ9fCKVhNOedd2lf
4796,track,1685,spotify,spotify:track:2G49DBLlNKmxxaAHvv3ZAu
4797,track,1688,spotify,spotify:track:7qHAjAL7CpadaZLamuBZRm
4798,track,1689,spotify,spotify:track:0FKGkeu23whKdOGNVRhbto
4799,track,1690,spotify,spotify:track:4e7NiFhKFLLnOCeU5Eg5UI
4800,track,1691,spotify,spotify:track:69kyHAklrQOHeGPZalmtGu
4801,track,1693,spotify,spotify:track:3X5tOT7Aif4l4ZjRj217pa
4802,track,1694,spotify,spotify:track:62q0wyC0YQnQFvaD8mLEbK
4803,track,1695,spotify,spotify:track:6tg2Nnovkz4ytqnOFAYf4X
4804,track,1696,spotify,spotify:track:2ZZy2qxDKebNNdU1167QKS
4805,track,1697,spotify,spotify:track:4vheUbZGsFWPpbJrir4Ocw
4806,track,1699,spotify,spotify:track:7ArpolxjbdPWgf4Bc7AtaC
4807,track,1700,spotify,spotify:track:4CkgIRRsKnVXscMtw5XGi1
4808,track,1701,spotify,spotify:track:17dRP50Rx5DdSH9Qy4xR9A
4809,track,1702,spotify,spotify:track:2grmagJB45Dhvc4R9Hxh65
4810,track,1703,spotify,spotify:track:2YBDTmzBMAYsvFYFgjSy83
4811,track,1704,spotify,spotify:track:50M2QjfSM82wkJ1d0iV4mh
4812,track,1705,spotify,spotify:track:7JjIWXd0RopJ8wSMTIsfZr
4813,track,1706,spotify,spotify:track:4ytRdqHgKAVxtVsjaC2ZZN
4814,track,1707,spotify,spotify:track:0h5XrLcvzIwlipLpC6oQgy
4815,track,1710,spotify,spotify:track:0QnGI4OgY8ReggLWvEXdgD
4816,track,1711,spotify,spotify:track:2ouC5Zp9p98n6kAsXarudl
4817,track,1713,spotify,spotify:track:0Thqjtu54vKMP06pwZkAWp
4818,track,1716,spotify,spotify:track:20bOOtONiDJtRWE5LUQi3w
4819,track,1718,spotify,spotify:track:31H1sPZJPs9ZglR1JLMuoq
4820,track,1719,spotify,spotify:track:1DDEP2wmvrFDtda4aY3fYr
4821,track,1722,spotify,spotify:track:2lD6AoA8qf2t4Dkf2TcmNK
4822,track,1723,spotify,spotify:track:7rwYoraol82ytYk8Xf1XJF
4823,track,1724,spotify,spotify:track:0O6cYePgIBlMQ0pAFate3q
4824,track,1726,spotify,spotify:track:1Z2FvDFZSDQ23s4BDqpWqZ
4825,track,1727,spotify,spotify:track:3VYzbU22BooAROigHHwycs
4826,track,1728,spotify,spotify:track:3qX1dqmDdmMvvfMVfsx4Bh
4827,track,1729,spotify,spotify:track:3yapR7DctB2WtbmXkHHviC
4828,track,1730,spotify,spotify:track:0ZRYBBiutc28k4GLEIa6sD
4829,track,1731,spotify,spotify:track:2P9HugRjZqZ2v3Sm9JBnIO
4830,track,1732,spotify,spotify:track:1SkzK37qLSi7Sp6PwYTC0A
4831,track,1733,spotify,spotify:track:1gVwV3341LU621MFSO6T6b
4832,track,1734,spotify,spotify:track:7eZ7ODAt9cALYnWLO8F6Fd
4833,track,1735,spotify,spotify:track:2L47m9erkB5KBZcaqWtYen
4834,track,1736,spotify,spotify:track:4iz9lGMjU1lXS51oPmUmTe
4835,track,1737,spotify,spotify:track:0lWjRSzq5chA9fps3pM8Zr
4836,track,1740,spotify,spotify:track:7DRuzSlhjKadgdsQRYZ0tr
4837,track,1745,spotify,spotify:track:0j2T0R9dR9qdJYsB7ciXhf
4838,track,1746,spotify,spotify:track:4UQMOPSUVJVicIQzjAcRRZ
4839,track,1747,spotify,spotify:track:6MXXY2eiWkpDCezVCc0cMH
4840,track,1748,spotify,spotify:track:4NmWAXLcvIz5BuwcN1FqtY
4841,track,1749,spotify,spotify:track:4nTegvHWARJKGgro2wLDKd
4842,track,1750,spotify,spotify:track:4wEbikMfcSFAukCbbL06si
4843,track,1751,spotify,spotify:track:1PgturIqVGIfeeR13zT5Aa
4844,track,1752,spotify,spotify:track:0La5b93W3TJIiavFVfmqUA
4845,track,1754,spotify,spotify:track:2pMAmZdHfQHyqJCXJbfhK3
4846,track,1755,spotify,spotify:track:1YAEISjOBC3Lliyqdb9jwR
4847,track,1756,spotify,spotify:track:5TQEggGtsutzhOsYFfCAtE
4848,track,1757,spotify,spotify:track:6gEejYQZRMeMODb5rxwdK8
4849,track,1758,spotify,spotify:track:04qCE2Py6hfmoBOGDc7BrW
4850,track,1759,spotify,spotify:track:1wYp8ISMvX8qrflPrBU9Yo
4851,track,1760,spotify,spotify:track:1KQymTxNJfWk6vCD5ywKW2
4852,track,1761,spotify,spotify:track:5yTQ7Vy6EwKwB64Vho90LI
4853,track,1762,spotify,spotify:track:4ufZSKCI84Pd2ZlWTJcu4i
4854,track,1763,spotify,spotify:track:3sQDstyMhCcDJ3mY6onZez
4855,track,1764,spotify,spotify:track:0shK5iZQppbHPQYiy60xs9
4856,track,1765,spotify,spotify:track:3vf6AKsFxqZNT4nUvFzNxb
4857,track,1767,spotify,spotify:track:1PlQoMb3iPgnBz0cp0lbAI
4858,track,1769,spotify,spotify:track:47neZQ7nmKV3HLWPIAr7CT
4859,track,1770,spotify,spotify:track:4SMx7LkOPBlTC5UfJl3zSe
4860,track,1771,spotify,spotify:track:7HIfvHy8bP4VyIN7dlxQUy
4861,track,1772,spotify,spotify:track:1SBl9gxNgTymUoPUjWMTs4
4862,track,1774,spotify,spotify:track:1vmpN5ace3mm7DMEdzT4OL
4863,track,1776,spotify,spotify:track:2AhHc3f2QEf5Ss02YPwZb6
4864,track,1777,spotify,spotify:track:0giG4DEJ7VAoXoPZhLcIlj
4865,track,1778,spotify,spotify:track:64t5bg43EQzlCZbzACMhEl
4866,track,1779,spotify,spotify:track:6IkgkqjnMKXF7cbvNQ8tQ0
4867,track,1780,spotify,spotify:track:2wu1moIPAY90D4hOsyyHBX
4868,track,1781,spotify,spotify:track:0c3l6nw0FC2UfhzJPpEOMK
4869,track,1782,spotify,spotify:track:7pJj4kU8TWB2roGIVtvn83
4870,track,1783,spotify,spotify:track:0Hnm7mnmqOLCIgvbMpM4Ev
4871,track,1784,spotify,spotify:track:5GNR80lYGx7udKur8YmPzb
4872,track,1785,spotify,spotify:track:4anqYZt4APNlFwQixpbdZR
4873,track,1787,spotify,spotify:track:1Wwo1O8g9u59diHJg7fHBy
4874,track,1788,spotify,spotify:track:20bJBbPapGQ4bqs0YcA9xY
4875,track,1789,spotify,spotify:track:3s8l3slpbvKgCh0uAlfB3y
4876,track,1790,spotify,spotify:track:5FVd6KXrgO9B3JPmC8OPst
4877,track,1791,spotify,spotify:track:5XeFesFbtLpXzIVDNQP22n
4878,track,1792,spotify,spotify:track:2LGdO5MtFdyphi2EihANZG
4879,track,1793,spotify,spotify:track:0NdTUS4UiNYCNn5FgVqKQY
4880,track,1794,spotify,spotify:track:086myS9r57YsLbJpU0TgK9
4881,track,1795,spotify,spotify:track:4atMrAadB7dS8xn9vfk9PQ
4882,track,1796,spotify,spotify:track:75n7mraeMycQOl2sDGYaTe
4883,track,1797,spotify,spotify:track:5TTGoX70AFrTvuEtqHK37S
4884,track,1798,spotify,spotify:track:1j9rezdE3YeC7yktZXC1em
4885,track,1799,spotify,spotify:track:7nzsY8vlnKdvGOEE0rjAXZ
4886,track,1800,spotify,spotify:track:6wNUBZNWFxdUGof6vkaykE
4887,track,1801,spotify,spotify:track:2AT8iROs4FQueDv2c8q2KE
4888,track,1802,spotify,spotify:track:0vduvDIA5KjiidpVFRJfpG
4889,track,1803,spotify,spotify:track:5kSBstWdaP3tMlArgGM00C
4890,track,1804,spotify,spotify:track:3qeTNLkCMklHPv0vGOknmQ
4891,track,1806,spotify,spotify:track:2n9rmKr3EVtfmyMn65lKJb
4892,track,1807,spotify,spotify:track:4ArJanmmZdJHeapicVbD49
4893,track,1808,spotify,spotify:track:4m7rYtLTr5vPPjlmkemR0C
4894,track,1809,spotify,spotify:track:4mrR64jwacrmiZluhBelDB
4895,track,1810,spotify,spotify:track:1L81OTOdqGvMPu3cY2E7CG
4896,track,1811,spotify,spotify:track:6x0l8MG120VD3cz6oZji3u
4897,track,1813,spotify,spotify:track:5ByRHOS9edOQr436aB8NdN
4898,track,1814,spotify,spotify:track:02IlA1DlVZa5chlik45jv5
4899,track,1816,spotify,spotify:track:4bBEPE5GmdBIFusBEPlRpQ
4900,track,1818,spotify,spotify:track:4XkXgUNDVBMj3oJoE8yspZ
4901,track,1820,spotify,spotify:track:4g6QfYCSgmnzIMheod4pIO
4902,track,1822,spotify,spotify:track:6LsGvjjgeLHuzdrspS1OwX
4903,track,1836,spotify,spotify:track:6JI5wNWYdBw68GZjOMmgK5
4904,track,1837,spotify,spotify:track:545cKgvj9c85Umv1FHG6l2
4905,track,1838,spotify,spotify:track:0fpVsdhxofrLCZL1CWETxa
4906,track,1840,spotify,spotify:track:1qgGLI0B23TxFAnGFVuIpy
4907,track,1841,spotify,spotify:track:4dbZObCjUs95HtmEHfKbnU
4908,track,1842,spotify,spotify:track:2nTIwE5Xy9OLISS9y0HEPp
4909,track,1843,spotify,spotify:track:7H2adPObEX0T4sYTPzm6vK
4910,track,1844,spotify,spotify:track:79Jl8KMvmnXedTjjW6pJan
4911,track,1845,spotify,spotify:track:60903t5ee2xtH5dHJ0AnPQ
4912,track,1846,spotify,spotify:track:6S4ifbZ4Q2DhhD0ysxftK3
4913,track,1847,spotify,spotify:track:01UniWABhnIka7GgvzOC02
4914,track,1848,spotify,spotify:track:5Qhq7GH9AOvpP6h7QkRWTl
4915,track,1849,spotify,spotify:track:15KhTtSEw7jdk2MFU0KZhY
4916,track,1850,spotify,spotify:track:6iFV28FVLNTCjMBGj7YKLl
4917,track,1851,spotify,spotify:track:5Tl0HJvynZtKdSUMKbFVVX
4918,track,1853,spotify,spotify:track:3T2LUDcZRrOnYzV1FprZTy
4919,track,1854,spotify,spotify:track:0haztMPP2k3Wad8xOXn675
4920,track,1856,spotify,spotify:track:1GI6qcR4LYfLVrVmjc3wdV
4921,track,1859,spotify,spotify:track:4DrJV37zxYeH8naEmL39Z2
4922,track,1860,spotify,spotify:track:4ofge1acAfkyWxM0PHZfDI
4923,track,1861,spotify,spotify:track:5ysDlCkdhI0wiURC2pBMxg
4924,track,1862,spotify,spotify:track:0ZVX2yLMKPMRl6Y4ptDN5p
4925,track,1863,spotify,spotify:track:7MUz1Ezs30uvgLx2Qjec4N
4926,track,1866,spotify,spotify:track:10EXjpKyP5ySdbatUONoXj
4927,track,1867,spotify,spotify:track:1qyRvPjbQZbPPwVGtApQ7P
4928,track,1868,spotify,spotify:track:39QBkWKnap8wRSW4WB9OK0
4929,track,1870,spotify,spotify:track:50EOEQzPmnsMnUhqLqzkim
4930,track,1871,spotify,spotify:track:42SmaqVVkSS58LmzN7KTJT
4931,track,1873,spotify,spotify:track:0Z5kIkwoSrOlkv6s4SabBA
4932,track,1875,spotify,spotify:track:61TzIv7MTPUyGoEsj0Kwpd
4933,track,1878,spotify,spotify:track:5uSacWycRRLdDvoqrz3Nqv
4934,track,1880,spotify,spotify:track:1oYQ9J5F4ilLSP8cTW6GFW
4935,track,1881,spotify,spotify:track:71XCHbCxGNvTjZqupUf0h1
4936,track,1882,spotify,spotify:track:4IU33qQwEkfP7rxlPc73UA
4937,track,1883,spotify,spotify:track:3KHUFog5hUXe7KmArEceSc
4938,track,1884,spotify,spotify:track:3FN3vKGrXWHr8vx6vXHyuv
4939,track,1885,spotify,spotify:track:4riHkCy5nkXvyxh4rUufKb
4940,track,1886,spotify,spotify:track:29kD6fREiu9DKB8GVHzKBx
4941,track,1887,spotify,spotify:track:1dx9EdvyNujagtQzgNPPFC
4942,track,1888,spotify,spotify:track:7EnEzr8SoCabBTqEzKgwTI
4943,track,1889,spotify,spotify:track:0jYhHo2DhmdkLfonFbPixV
4944,track,1890,spotify,spotify:track:7n0wEgykBLc5nlkB0g6mJo
4945,track,1891,spotify,spotify:track:0CYxyBiRGHFIXyGXZg29Vq
4946,track,1892,spotify,spotify:track:0EoupG72eDyo96mXj4G9NE
4947,track,1893,spotify,spotify:track:2nxhcDALb0SGjAxaP6E7Cf
4948,track,1896,spotify,spotify:track:7lMuO6yXnjlvsSfczyyept
4949,track,1897,spotify,spotify:track:5IgQ5tC54J5VxnzWckP04K
4950,track,1901,spotify,spotify:track:5jHilrZDaP1vJMZfdN1He3
4951,track,1902,spotify,spotify:track:5NoB3TXQDvVClLnC1lXdPt
4952,track,1904,spotify,spotify:track:1j6kDJttn6wbVyMaM42Nxm
4953,track,1905,spotify,spotify:track:32PWtlzKyvr3HcvJp1JFF5
4954,track,1906,spotify,spotify:track:2QKBvCMHdokPoy2b44dK2m
4955,track,1908,spotify,spotify:track:4qcaywQN8t52PJkIYa9zX7
4956,track,1909,spotify,spotify:track:4kFLdWew0iXMd2xa7ZPmeZ
4957,track,1910,spotify,spotify:track:1EoHEkVcysf4WVDx6r9WzQ
4958,track,1911,spotify,spotify:track:5sfXK6yQlY9vSzuR3f3oD8
4959,track,1913,spotify,spotify:track:05ShtY8hTWu9A4LW7IuXmC
4960,track,1914,spotify,spotify:track:5XeQFfIVYU2nidV4iuKkp8
4961,track,1915,spotify,spotify:track:55aG1vDiWxN13CUSK5GS5Y
4962,track,1916,spotify,spotify:track:0gYqg1qoExDiGKPYzeBJGo
4963,track,1917,spotify,spotify:track:6roKdqw007GqZua5t97Z6x
4964,track,1920,spotify,spotify:track:0njm53obEEnrgdkqO30kR6
4965,track,1921,spotify,spotify:track:3BbLKZTadFU9AS1DeoXeBK
4966,track,1922,spotify,spotify:track:6OP6uVNJ7EHEu3oyXXcpR9
4967,track,1923,spotify,spotify:track:4oyshQlzjm78SwADQAebVi
4968,track,1924,spotify,spotify:track:7hbjjikJ0jZcoKHaofy209
4969,track,1925,spotify,spotify:track:5cIECD7GzdRWUfaBhDlKSQ
4970,track,1926,spotify,spotify:track:7ABlpkUwCSOba98h7GLivm
4971,track,1927,spotify,spotify:track:5UvXMeXzZEVWenaZ5NxLqQ
4972,track,1928,spotify,spotify:track:7uSDJqau24IPWPlxCl7RCL
4973,track,1930,spotify,spotify:track:5fMR0YCEea4xOstW4bt6Rp
4974,track,1931,spotify,spotify:track:4BjyZmIwSrS2uGwoeluYRi
4975,track,1932,spotify,spotify:track:49q1cx7bCJ53daNU3lENe7
4976,track,1933,spotify,spotify:track:5ZN9SWpkgCw2VfqMGxyyJJ
4977,track,1934,spotify,spotify:track:2Wtm3yc0paBifvBSjOhO3b
4978,track,1941,spotify,spotify:track:71d1KcqByBe8cl0NhFUKVU
4979,track,1942,spotify,spotify:track:0Ydflm4e6KQILRFmzGmgxx
4980,track,1944,spotify,spotify:track:4ysMFEVKoc2RU7Cqr022Qt
4981,track,1945,spotify,spotify:track:1OKcrlrGZ64K1lkSyQLCds
4982,track,1946,spotify,spotify:track:5WwQspDweSJ77sjpUNmi6E
4983,track,1947,spotify,spotify:track:616V2D7tUP8KL7N1lG91Xo
4984,track,1949,spotify,spotify:track:1xc57z2fyawwarkGZj6a6p
4985,track,1950,spotify,spotify:track:0FH7yQaW5eU7Z9gqoOCcLr
4986,track,1951,spotify,spotify:track:1OHoBC4icbuNhpSxP400sv
4987,track,1958,spotify,spotify:track:5lFDtgWsjRJu8fPOAyJIAK
4988,track,1959,spotify,spotify:track:0wwPcA6wtMf6HUMpIRdeP7
4989,track,1961,spotify,spotify:track:4jtyUzZm9WLc2AdaJ1dso7
4990,track,1963,spotify,spotify:track:4Li2WHPkuyCdtmokzW2007
4991,track,1965,spotify,spotify:track:0yESjxAYQuRhRqSGfUg9bo
4992,track,1966,spotify,spotify:track:7tCy82me7P5sqT6nDR7LJY
4993,track,1967,spotify,spotify:track:3J5JBCpC0QRDGZAbuvVirJ
4994,track,1968,spotify,spotify:track:4ywmyUAQ0WAdNHXpoWWqfv
4995,track,1970,spotify,spotify:track:5CGDrFkXmbdetIgUt77V9g
4996,track,1973,spotify,spotify:track:2CPturRUlpvirYr7VpkXCV
4997,track,1974,spotify,spotify:track:6DPrhGVJ1WTZvM9fKptnGe
4998,track,1975,spotify,spotify:track:1GihFpE3yIecdYGl9yTl11
4999,track,1976,spotify,spotify:track:1wQixSSWydeLgkebOzu3yt
5000,track,1977,spotify,spotify:track:6rkV9hz91Rr5iHnMRPZdEQ
5001,track,1978,spotify,spotify:track:2iOabFLR8n60Csj3kJ5s9C
5002,track,1979,spotify,spotify:track:7hcw6rldYNF8Uqvbz8WhI3
5003,track,1980,spotify,spotify:track:0Do558uLLjB7D3aSP5Ho9u
5004,track,1981,spotify,spotify:track:2bfGNzdiRa1jXZRdfssSzR
5005,track,1982,spotify,spotify:track:4hNPMfFHauPIbOKvdYqFt7
5006,track,1983,spotify,spotify:track:0eEgMbSzOHmkOeVuNC3E0k
5007,track,1984,spotify,spotify:track:7JzmCjvB6bk48JghLyrg8N
5008,track,1986,spotify,spotify:track:70LVBaq32QyiaxopJ0ohMz
5009,track,1987,spotify,spotify:track:1WT11QmhZutciEv1NsHt1R
5010,track,1990,spotify,spotify:track:2e3Ea0o24lReQFR4FA7yXH
5011,track,1991,spotify,spotify:track:5O59s7bCgTFsXDXlWecyQ1
5012,track,1992,spotify,spotify:track:63p3Slj0shAFP0Q7dQetj5
5013,track,1993,spotify,spotify:track:6ImxYXeLDQPIv4qo7bMhSk
5014,track,1996,spotify,spotify:track:119c93MHjrDLJTApCVGpvx
5015,track,1997,spotify,spotify:track:1RXEb6UTxJ05RffnAWfUOE
5016,track,1998,spotify,spotify:track:7BSadtswKNAyWfiuHZNeih
5017,track,1999,spotify,spotify:track:5CU1bbfY1wUPm7fU255Dhf
5018,track,2000,spotify,spotify:track:0301nLjG0ti26rx5ZmfqtP
5019,track,2001,spotify,spotify:track:2cNCQXzlklkgr2E2xOVz2W
5020,track,2002,spotify,spotify:track:5AD44maUoBRU4UHdD25wGF
5021,track,2003,spotify,spotify:track:5ceOzjZ5V4WjGRMWPSdpdu
5022,track,2004,spotify,spotify:track:1AHfovSnGPVYKaahRtA0U6
5023,track,2005,spotify,spotify:track:7bIFYGYmC8MRNzDdNHbPi1
5024,track,2008,spotify,spotify:track:3DzlR0kXE6shimFVhSwI4A
5025,track,2010,spotify,spotify:track:3iBEIAtrObS5s8fWEC4nr1
5026,track,2016,spotify,spotify:track:3G0yz3DZn3lfraledmBCT0
5027,track,2017,spotify,spotify:track:3v0FOLyVRm26tXPyWGRCsO
5028,track,2018,spotify,spotify:track:2zavoMfVVPJMikH57fd8yK
5029,track,2019,spotify,spotify:track:4bCBiFAPiK7rquriyiHByb
5030,track,2020,spotify,spotify:track:2fhYmsDLFnntLFlzSom4x2
5031,track,2021,spotify,spotify:track:2S3DomaMjFHJhzgVY7Kuce
5032,track,2022,spotify,spotify:track:37hqGqe1Btdp6xuljIm4zL
5033,track,2024,spotify,spotify:track:0iCWDU1S3hjQphZcD0UfIE
5034,track,2025,spotify,spotify:track:1kHPOtD1fo3kWOgcs0oisd
5035,track,2026,spotify,spotify:track:6j4BQbCcDPvj70Gsi8z6vu
5036,track,2027,spotify,spotify:track:3SL3GG9Bs7m1s9aqhjCeIa
5037,track,2028,spotify,spotify:track:1MHtFj66arQ3vD4ZNK1RYy
5038,track,2029,spotify,spotify:track:2q5rCHN0AciKiTZ864rNP4
5039,track,2030,spotify,spotify:track:6f9gbZYbAqHq2rK1ZjZruf
5040,track,2031,spotify,spotify:track:6g1naQRMQAQliHZT5w7CbW
5041,track,2032,spotify,spotify:track:0HQ6spp6okNB6jq1Xry3c0
5042,track,2033,spotify,spotify:track:56OESEDNcyVCd5VpfINWdx
5043,track,2034,spotify,spotify:track:1683xWBwk9cTNe6jN9prSg
5044,track,2035,spotify,spotify:track:0UDyv9JywN2ZqmXWNLFdk2
5045,track,2037,spotify,spotify:track:3tfmCzzckXp8UKiBtF4PC1
5046,track,2038,spotify,spotify:track:5hPb6xKr5ndF9leo7lmNJ0
5047,track,2039,spotify,spotify:track:5z7jLkkBza2b9CHL0P6QVk
5048,track,2040,spotify,spotify:track:4nva9EpKntUTs6CRSGBCn9
5049,track,2041,spotify,spotify:track:69bHJ9qs5FrUJbKP8xU8uZ
5050,track,2042,spotify,spotify:track:5D2mYZuzcgjpchVY1pmTPh
5051,track,2050,spotify,spotify:track:7aZZtFvl0BPTuVja4t0kg4
5052,track,2051,spotify,spotify:track:1i0kVfX5LdEdo52St39QM0
5053,track,2052,spotify,spotify:track:4gEtNhWQB2XpivFLdpHwxc
5054,track,2053,spotify,spotify:track:1SAnpbdwGN9BnjsCXJ0Clj
5055,track,2054,spotify,spotify:track:0LQaGFLmcewjFD0BkxgEDJ
5056,track,2055,spotify,spotify:track:68Wj3g73FAl8Q22q9vO6Fw
5057,track,2056,spotify,spotify:track:0gpFiquPvir7e3RrM4kii9
5058,track,2057,spotify,spotify:track:6mUUbBjQC5DDqjSllXQ0NC
5059,track,2058,spotify,spotify:track:0nGLRyRhkkGm1vEFkUMctq
5060,track,2059,spotify,spotify:track:7Fr7IW6tm3DvGIJT1T6NXO
5061,track,2060,spotify,spotify:track:09b84uwrksszAvJwM6J28L
5062,track,2061,spotify,spotify:track:3eGBESLT08agei7veoLLlz
5063,track,2062,spotify,spotify:track:6OGjxGSq4BiCvflyCMufII
5064,track,2064,spotify,spotify:track:0iQzC9nxzQZ5hVWlE5Lewy
5065,track,2065,spotify,spotify:track:7j8g8gUNi8e3yvLMRHKQuY
5066,track,2066,spotify,spotify:track:4fukZMkYV1JgJ68NegVLtN
5067,track,2067,spotify,spotify:track:4YT8aYraXHbVxYeupvChSv
5068,track,2079,spotify,spotify:track:7a8QggRN3kbtoAZww6zku3
5069,track,2082,spotify,spotify:track:5EMv6xFh07Uv4y11y6tj6l
5070,track,2087,spotify,spotify:track:4lMs7T1eUZjOwZR8BbpBqx
5071,track,2094,spotify,spotify:track:12G1TYIfbpvC0mdFFn4Pbg
5072,track,2103,spotify,spotify:track:52IuMfbQa9aqRPz2oYPAI8
5073,track,2104,spotify,spotify:track:6wVScBh7XU6rAgIUrqboUB
5074,track,2105,spotify,spotify:track:6KIKRz9eSTXdNsGUnomdtW
5075,track,2107,spotify,spotify:track:3ssz1vdHcaHn6fVtzjP1YD
5076,track,2108,spotify,spotify:track:7pjl3P3jnqdItN1beCrJS1
5077,track,2109,spotify,spotify:track:78kVkpg0yX3jlTqzreFk0U
5078,track,2110,spotify,spotify:track:62ecfwfAQMXxhTeXZxysOe
5079,track,2112,spotify,spotify:track:4S4ovx1mddJbrAbUGT5oCi
5080,track,2113,spotify,spotify:track:17poBRq5PiqAbTtxk5MDGg
5081,track,2114,spotify,spotify:track:4ZjwZxHFro05u2CvZUYCCs
5082,track,2121,spotify,spotify:track:6fYonstl3elKroeUaFysIS
5083,track,2122,spotify,spotify:track:4zFbNiPwD4IK6QZgQuDcus
5084,track,2123,spotify,spotify:track:2OIVxvKa7XYSiZO7IYyIK5
5085,track,2125,spotify,spotify:track:0h415k7rfKxBEY3XeL0RGc
5086,track,2130,spotify,spotify:track:22763wCAdRd1wwwCN3CU8u
5087,track,2133,spotify,spotify:track:7mjEwnfmPvRW56YfCOIolZ
5088,track,2135,spotify,spotify:track:1SWVDBtw6h3tm9OehOkDhv
5089,track,2140,spotify,spotify:track:4VZPYvMTByQytb6F3MKP4w
5090,track,2141,spotify,spotify:track:76jgTjah1nDR5NfwPUVgBU
5091,track,2144,spotify,spotify:track:3oHHrNbL49zaLazxMyemyq
5092,track,2145,spotify,spotify:track:2DhL7DtMmxmqrCUB2NAlLm
5093,track,2147,spotify,spotify:track:2R70u1dHqQrzDiRovBMsLq
5094,track,2148,spotify,spotify:track:0wW5W4qGFPsT5qj12iTyco
5095,track,2149,spotify,spotify:track:4shKsJeU8INMyv2eESPvR4
5096,track,2150,spotify,spotify:track:51JLdIrrM8toPyHMFottta
5097,track,2152,spotify,spotify:track:5TCdjoKxxmsZSbQM6xjTwJ
5098,track,2153,spotify,spotify:track:3jMJA8czfFb1GNgiC6ORE5
5099,track,2160,spotify,spotify:track:5Xcsbkk2f83H78Z5gW2ISp
5100,track,2165,spotify,spotify:track:3ZuHoaPp0mQllnIzOyc2k6
5101,track,2168,spotify,spotify:track:2rJvc7nSYWBKAuNUMx1Cr2
5102,track,2169,spotify,spotify:track:3wEgqXGjFYP3CuzB6lu0Fy
5103,track,2170,spotify,spotify:track:6FI3RJ58Ztl0X1VtA6pVs9
5104,track,2171,spotify,spotify:track:6xuqSVEcGlOO5ynyfs6YzW
5105,track,2172,spotify,spotify:track:2iUiX1Tez9E7pAO7hNtIdQ
5106,track,2173,spotify,spotify:track:1GbS58FU3ZvJ9d0PuXeyq8
5107,track,2174,spotify,spotify:track:7EMiIbdkGZXf7U8iP64VRE
5108,track,2175,spotify,spotify:track:54OjaQwWwg6NphXgoZ3vKf
5109,track,2176,spotify,spotify:track:2nmXVn805dRqYeY3P5bzpB
5110,track,2177,spotify,spotify:track:16Pt373N22KB7qWsiCoHKO
5111,track,2178,spotify,spotify:track:5ViJ5BkM8rk6lxDWH4fcqp
5112,track,2179,spotify,spotify:track:63U9mJpffoQILdkb1VWDK8
5113,track,2180,spotify,spotify:track:0BI9BYPVtp65GqNkVCl6tS
5114,track,2181,spotify,spotify:track:1IM5em8ceA9Ukorn9xf19w
5115,track,2182,spotify,spotify:track:2teH8BAM9q2oSmBre5hiQM
5116,track,2183,spotify,spotify:track:22lSDzb1uOnA99x95WK1fv
5117,track,2184,spotify,spotify:track:6379B64pl3qw5xSWTCkNyP
5118,track,2185,spotify,spotify:track:6BllwXqb34x6WkRlYOJA0C
5119,track,2186,spotify,spotify:track:3dSSjfjfWezqb89nUWiGqo
5120,track,2190,spotify,spotify:track:1bAvtmTl0F9loyz9AwPwp7
5121,track,2192,spotify,spotify:track:70ATm56tH7OrQ1zurYssz0
5122,track,2196,spotify,spotify:track:2ppd3Y0ch98UrpLrd2GL5T
5123,track,2197,spotify,spotify:track:1zLjDhQjk17lUsIeJvQzS3
5124,track,2198,spotify,spotify:track:5LyTpVyF4ZWGLHwSWLbotf
5125,track,2199,spotify,spotify:track:2oiC9GdjVI2FrDWjv9TOo5
5126,track,2200,spotify,spotify:track:7kcOaMyfSqCCJdoMiDQ0Bg
5127,track,2201,spotify,spotify:track:3DSpbD3iTe7o94trTmaOdH
5128,track,2204,spotify,spotify:track:1vjSc13n9xGrQo364x2z0W
5129,track,2205,spotify,spotify:track:5obZqCbjNurhbkVbHb6aHM
5130,track,2211,spotify,spotify:track:25XHWjZDYdNyThWCu1PhA7
5131,track,2212,spotify,spotify:track:7k5wUDeszcKTxh3fI1uVdM
5132,track,2213,spotify,spotify:track:1ULleEdzi1YZyEfP9bw6NG
5133,track,2214,spotify,spotify:track:6bYWdnmdsTTKiQWWsQ3ZAB
5134,track,2215,spotify,spotify:track:5mwGZvXbsXaMsze27psaap
5135,track,2216,spotify,spotify:track:4b8grh2pS0skk1oRHDbJVg
5136,track,2217,spotify,spotify:track:4rSD2UTlvam3VYPmwgE8Oc
5137,track,2218,spotify,spotify:track:45yuu6ph82VW6cq3m028y1
5138,track,2219,spotify,spotify:track:4Nomj38R7Ds0P8I8orW2Tv
5139,track,2220,spotify,spotify:track:4xiMHZHLfBDN3wNnWyabU8
5140,track,2222,spotify,spotify:track:21O0XXPEWPtePt5RMY93Ob
5141,track,2223,spotify,spotify:track:5DcLKHNDXJN7JIsbMt92Zm
5142,track,2224,spotify,spotify:track:09wugv7s0GzeQW8Zn3RrkY
5143,track,2226,spotify,spotify:track:7I3jl5FbzWXXsjfL4ND2mJ
5144,track,2227,spotify,spotify:track:5q1zzAxwR03jBb8st9kkV1
5145,track,2228,spotify,spotify:track:5ySxljJIOnL6TjWKYTZyAC
5146,track,2229,spotify,spotify:track:1cBDTsmullFwv3Clv11YVi
5147,track,2232,spotify,spotify:track:2NjbGxmoy1x0UrlnhJdiAz
5148,track,2233,spotify,spotify:track:5OYH9ORF1CRKWmhiup2oux
5149,track,2245,spotify,spotify:track:7sVaAMunetLs1hmi2dELJl
5150,track,2246,spotify,spotify:track:6x44mNmSDqhRarFKXwIi3R
5151,track,2247,spotify,spotify:track:3Hm0HQaCTQlMY6UW4ZDNqq
5152,track,2248,spotify,spotify:track:05mcWYIvVpU68QC3H9xdyv
5153,track,2249,spotify,spotify:track:6yy33PxgBGW73FmGuAqKSj
5154,track,2250,spotify,spotify:track:7j6GS3yGFRZDzs45j789yM
5155,track,2251,spotify,spotify:track:7DnshZI7ujkGLPB2YbWiOQ
5156,track,2252,spotify,spotify:track:4ssHL0k8OEQOASH8vrkoUH
5157,track,2254,spotify,spotify:track:4T6z0KqQ1WuEUcUU4UGB1X
5158,track,2258,spotify,spotify:track:7jaYiqwCFQDdtxfQaSzZuM
5159,track,2259,spotify,spotify:track:0W5PjG6Ya0th7sucfrUQRm
5160,track,2260,spotify,spotify:track:2xgX6htrEkyF90i6cwnOf6
5161,track,2261,spotify,spotify:track:1Ir2VGNJYC5obyKnaEhzIF
5162,track,2264,spotify,spotify:track:4fLnXd56RsWN4ZBtb9TegQ
5163,track,2265,spotify,spotify:track:3vFj4xuQTXHOuo6L0qGafv
5164,track,2266,spotify,spotify:track:79reBHqpRoWXaQbjBBY3UC
5165,track,2268,spotify,spotify:track:6eeG2PFxH0rFmLoK3hGGZH
5166,track,2269,spotify,spotify:track:0pAchkGQFBIcek9Rwz0abK
5167,track,2270,spotify,spotify:track:2HvCL8hgJoHrrGAZEjQ3mM
5168,track,2271,spotify,spotify:track:4ueGCJuK6Hd4bpxvJcLssN
5169,track,2273,spotify,spotify:track:3EbqiTFqLTIR9Sts5VHytt
5170,track,2275,spotify,spotify:track:3lt8sw6xNU0rqnxddEyEMo
5171,track,2276,spotify,spotify:track:2thPQzVBU80biWfBgaiM9v
5172,track,2277,spotify,spotify:track:4QiqwInECRg73cVrNzDdaP
5173,track,2280,spotify,spotify:track:0Jdo8yH7DQUjKuPq97PwLz
5174,track,2281,spotify,spotify:track:6sTOcW8JRCXWfYubPZG9Od
5175,track,2282,spotify,spotify:track:3OxpA6ut4TpfFhrKKrgDyy
5176,track,2283,spotify,spotify:track:6JBMjtZX0kuTlgH81EbPdb
5177,track,2284,spotify,spotify:track:57iKOKfcj8wVZp6Il1wU4f
5178,track,2285,spotify,spotify:track:5F3hFmk2vavtQ8qzsbty4i
5179,track,2286,spotify,spotify:track:1saGs1dIeLzXoDUihUaYYW
5180,track,2287,spotify,spotify:track:5XLC8xoqyua4U7wJiZAWik
5181,track,2288,spotify,spotify:track:5OIH1SBXJONO4kk9Ug5ZeC
5182,track,2289,spotify,spotify:track:4LaiF2h7gsybmURceGYLqh
5183,track,2290,spotify,spotify:track:7IwURvEfVcdxUCjLKUu6sv
5184,track,2291,spotify,spotify:track:1v5cgIyffYtfEx0swttdoE
5185,track,2293,spotify,spotify:track:0DMpKFgwFvSql4ufb7IVFO
5186,track,2295,spotify,spotify:track:0qTGo5pcMfh47KJUALadW5
5187,track,2296,spotify,spotify:track:22SXyL6pUjwIvGWvgGjLov
5188,track,2299,spotify,spotify:track:2jStICN5kRyaiWD7hADfyV
5189,track,2300,spotify,spotify:track:0KE4cQohXrax3M6xcTi82t
5190,track,2301,spotify,spotify:track:3uBw10GPSNJPIECbOeQ1y6
5191,track,2304,spotify,spotify:track:3kBRKHpDbW7sbpTpdCXh1L
5192,track,2305,spotify,spotify:track:0nKMa6IFuGRE0tC6u9QO6o
5193,track,2306,spotify,spotify:track:15KUiWZCdAq458QQR9eygf
5194,track,2307,spotify,spotify:track:6FXpizxypyzw84iZZSvxLP
5195,track,2308,spotify,spotify:track:6MtStOzbbrBAEJUgLeYkIg
5196,track,2309,spotify,spotify:track:3g6L51NesrVh4f9cdG7CIe
5197,track,2310,spotify,spotify:track:2qfTGzETefwtBWKDThZjnU
5198,track,2312,spotify,spotify:track:4rLsbV5mXnwyn5JWpmHoys
5199,track,2313,spotify,spotify:track:0WjzD1b6BSkRwmjsx3Iedk
5200,track,2314,spotify,spotify:track:7Ich7PeothRXzPp7LPyjO5
5201,track,2315,spotify,spotify:track:0zfbSMQvGJBrETUCkok671
5202,track,2316,spotify,spotify:track:5z37OkOEzss0a6F5bxjlkS
5203,track,2317,spotify,spotify:track:3URLdhLYPUDbxOIMq74YAP
5204,track,2318,spotify,spotify:track:3jaVs4siORt8woMSSH54yV
5205,track,2319,spotify,spotify:track:5jioQXYcNsR8hZHJ3znJOC
5206,track,2320,spotify,spotify:track:56Tci8VFMXjEAx6pCqVbP3
5207,track,2321,spotify,spotify:track:5xbDzjo2PYqeLv7DWqTGB3
5208,track,2322,spotify,spotify:track:6MMuI4k4Vs5ghtDH5i2hBg
5209,track,2323,spotify,spotify:track:06UPCXzhIsXnceSXmKLMEY
5210,track,2324,spotify,spotify:track:4O6OO8OtfMG8ZsCQhOOkmC
5211,track,2325,spotify,spotify:track:4Mb5DVgLbFjlSwcuMdOw7B
5212,track,2326,spotify,spotify:track:0GAE689kVy7sFT2QWZH1Xa
5213,track,2328,spotify,spotify:track:4r2eqDJfbHSPlIQseFJhRl
5214,track,2329,spotify,spotify:track:4bz7uB4edifWKJXSDxwHcs
5215,track,2330,spotify,spotify:track:2cNjgoSh1TBHFQIhfzRJUE
5216,track,2331,spotify,spotify:track:50fzBzctErIEO8weWiPw5f
5217,track,2332,spotify,spotify:track:0GtzNBcqSZwFWfhKC9TsXR
5218,track,2334,spotify,spotify:track:0adsfic85hggfg3cNGlvbB
5219,track,2335,spotify,spotify:track:7aJF3WhtMLpL2fDCxG9Jg6
5220,track,2338,spotify,spotify:track:4E3OmarLpYH7HfcUZASRbH
5221,track,2339,spotify,spotify:track:2a2icX4bW6L948genrKI7K
5222,track,2340,spotify,spotify:track:7qJn1NO7YhV4eDEkUmBjGh
5223,track,2342,spotify,spotify:track:6TaPsGkb7sA5zGHTDXEFU2
5224,track,2343,spotify,spotify:track:4tUK6sWyGsyUwPj32wdO9z
5225,track,2344,spotify,spotify:track:5onGESUxi3P9xLt311oS59
5226,track,2345,spotify,spotify:track:6dEwByRwJTnycFUlSz4ufp
5227,track,2346,spotify,spotify:track:70uFpDLFGH9DbDwv450YJe
5228,track,2347,spotify,spotify:track:1AAE23hCzQ6o0G5IhWyv4z
5229,track,2350,spotify,spotify:track:3u6uUpi5kvtGqYZjQFgDH8
5230,track,2355,spotify,spotify:track:1IJ89Z6qV7orhSc3YecV6p
5231,track,2356,spotify,spotify:track:5jEtnjrAzD8QzWo7jEJ0TJ
5232,track,2359,spotify,spotify:track:7KnA6HeX3WJRHa8Q4bhoVs
5233,track,2363,spotify,spotify:track:6wbBrsE2H2pupmnfoVSY6w
5234,track,2364,spotify,spotify:track:7K4fsvsysYy9QG0gtSGkPn
5235,track,2365,spotify,spotify:track:535U4fjkL23afslO5D91nz
5236,track,2366,spotify,spotify:track:0tU2il1vESf1pdcMA4nuRT
5237,track,2367,spotify,spotify:track:45nvQsjtXL6L570JJ1grBi
5238,track,2368,spotify,spotify:track:7jM8Kk1CPcX6gyeWZjarBT
5239,track,2369,spotify,spotify:track:6ohH5SFsVRTisNWUphPhCF
5240,track,2370,spotify,spotify:track:2cKlSNik2rRJxwhjXlKRzs
5241,track,2371,spotify,spotify:track:2F8I7MsqHj583E3pFa2Fx9
5242,track,2372,spotify,spotify:track:4p8Qf6AayqI1cwy5k7ZOWP
5243,track,2373,spotify,spotify:track:3boie1LBiD6mcJDvGLFLG3
5244,track,2374,spotify,spotify:track:0o1cEv8XfdMup4wkrDUmgw
5245,track,2375,spotify,spotify:track:4bx0LZLhKjzL98XedzBAsc
5246,track,2376,spotify,spotify:track:3SQaG07nuKDVneBJnK9z3U
5247,track,2377,spotify,spotify:track:59WUs7XrUI47VZZ5NxZWCs
5248,track,2378,spotify,spotify:track:0dGZyMP4suAopZPHpYLhL7
5249,track,2379,spotify,spotify:track:2wReOKtzUIgMspOYtv37JV
5250,track,2380,spotify,spotify:track:0WvrocQ07JNvu9z3ptfOd4
5251,track,2381,spotify,spotify:track:21NA5Zggba7pyACm25h6k4
5252,track,2382,spotify,spotify:track:0LskV3ejYLWa6Ew2d4tcf4
5253,track,2383,spotify,spotify:track:75Bju1SnpiBoL1PLiVeOOb
5254,track,2384,spotify,spotify:track:5iT0oOBAZek1ynX91Pr4iI
5255,track,2386,spotify,spotify:track:3jLI3F0N6xggiEpswfnD69
5256,track,2387,spotify,spotify:track:7w97KFJwa6NdUsAEaQNjmD
5257,track,2388,spotify,spotify:track:5527DRyV435r5Sv1zmDIIs
5258,track,2389,spotify,spotify:track:2bPpNDi9fMPyThyOUOicgR
5259,track,2390,spotify,spotify:track:0lA40BOV8RfhBeyQSCeIqM
5260,track,2391,spotify,spotify:track:4vKKUohxNq6ZV2zFaRRve9
5261,track,2392,spotify,spotify:track:7vcepKD1pjulQvPOkiQmUe
5262,track,2393,spotify,spotify:track:1H2KZ21IWEEhjoVyqS10S8
5263,track,2394,spotify,spotify:track:3XsiyMcsbIBazeYFb5SFxh
5264,track,2395,spotify,spotify:track:1ZyudLFv35SRvY5SvTZqJx
5265,track,2396,spotify,spotify:track:047fCsbO4NdmwCBn8pcUXl
5266,track,2398,spotify,spotify:track:0V4l4GQhgnWQGtCWpvA7va
5267,track,2399,spotify,spotify:track:4PjP1pyA9pDDByAheDumTH
5268,track,2400,spotify,spotify:track:11eVz92Nm7b2CTgA8OJVwp
5269,track,2401,spotify,spotify:track:2T4JE91t7Js1DJ4rSHltcQ
5270,track,2402,spotify,spotify:track:5ik5nMy8vdS2rXe7SAGt2K
5271,track,2403,spotify,spotify:track:0ZZWXHDXn6zWDsnz6KSfGQ
5272,track,2404,spotify,spotify:track:7GEidxhfGNteiW9n0kLyxH
5273,track,2405,spotify,spotify:track:2oGY1X7Xd5kyL6B9s19D9A
5274,track,2406,spotify,spotify:track:7nWZ6fBwhk5yiuOnUOulv8
5275,track,2407,spotify,spotify:track:3WcC6NH9J77xPEvj1SOL7z
5276,track,2408,spotify,spotify:track:5uLvcpsm6FwKqLsaNBXEjS
5277,track,2409,spotify,spotify:track:5hDzdpEb5cG3lhX6EAQqQ8
5278,track,2411,spotify,spotify:track:6sT8ZnJYXLSRVveI8j444S
5279,track,2412,spotify,spotify:track:2RBhWftEVVxY2J1AHWh5su
5280,track,2414,spotify,spotify:track:1t5Xl1inIcsO9hSjToGMd1
5281,track,2415,spotify,spotify:track:59amCplABrmgoBI6oZ3Ey7
5282,track,2416,spotify,spotify:track:6ZcDFzm7EdRajS6V6UdRJr
5283,track,2417,spotify,spotify:track:2OUlIVy6bF8VQAdw4rWfsN
5284,track,2418,spotify,spotify:track:4mRDcIXVhWO3iVEyMUtfRh
5285,track,2419,spotify,spotify:track:4iOq2DLxbRuBdrILZwOKoW
5286,track,2420,spotify,spotify:track:5FMH3g2VYH4manoJWEDhUk
5287,track,2422,spotify,spotify:track:6w6SW8zyEcyxwSR7Wya45a
5288,track,2423,spotify,spotify:track:5nFur5SMzdpP4obWLrBFD3
5289,track,2426,spotify,spotify:track:7fMG4HNSKzBFKthjmeW8LU
5290,track,2427,spotify,spotify:track:3AM2ihc5RFzbC47eCpTg2I
5291,track,2428,spotify,spotify:track:3tTDOodJcr6vKF2DASlwMZ
5292,track,2429,spotify,spotify:track:6cqDL9UIYXcjm0nStPnEcg
5293,track,2430,spotify,spotify:track:3PFbs0fetGsnFNxWROTrln
5294,track,2431,spotify,spotify:track:1rkC5w0JvpEnXExoWwfbDo
5295,track,2432,spotify,spotify:track:6Xa2q0dapj03CsRzmD0Os5
5296,track,2433,spotify,spotify:track:2ZBnK2CGFK6jcagWrpyPzA
5297,track,2434,spotify,spotify:track:35NHt0Axewg3zCoP2hDgOX
5298,track,2435,spotify,spotify:track:2TCeJhcIULWPGcImqfb6Mr
5299,track,2436,spotify,spotify:track:1eAveI8jvm8Y09wShkbfwV
5300,track,2437,spotify,spotify:track:5NdsIReIHk6ZUG7pklflEM
5301,track,2438,spotify,spotify:track:2tOZtdbkAMQASWokLvSlzj
5302,track,2439,spotify,spotify:track:4yBocB472ltALbHjm4qYYC
5303,track,2441,spotify,spotify:track:3x2YIvkLcxvZQsA5x6xyIR
5304,track,2442,spotify,spotify:track:46fPfm9v4LiE7j9qYi4UDQ
5305,track,2443,spotify,spotify:track:2LzpxcsZ6AdG9vZperIxDn
5306,track,2444,spotify,spotify:track:2S7oQv5DIOZjO35ZjZNvN6
5307,track,2445,spotify,spotify:track:70ebKSMHvkUSg7JXgUz74Q
5308,track,2446,spotify,spotify:track:1s8WD4hYdWTt0FLo8sOikA
5309,track,2447,spotify,spotify:track:0K76ZoODQpb87LQtzxrd5N
5310,track,2448,spotify,spotify:track:4dk6zfG0ohEToKP7h7yQkO
5311,track,2449,spotify,spotify:track:7h1N8uAHPpSkeIouYI1KHs
5312,track,2450,spotify,spotify:track:7dsPVCT405wFbWwTBZ3bX8
5313,track,2451,spotify,spotify:track:22gXA7HlEd0z13zdc3hju7
5314,track,2453,spotify,spotify:track:5y8WWi1BaKHXfuln0XoIZs
5315,track,2454,spotify,spotify:track:03DrwKCR5YhSyQiAQUqzxK
5316,track,2455,spotify,spotify:track:4jTiyLlOJVJj3mCr7yfPQD
5317,track,2456,spotify,spotify:track:53AYH3oXRqOQaMFBAiqa6t
5318,track,2465,spotify,spotify:track:1RPhSs2lDYKjDsELKtPvQd
5319,track,2466,spotify,spotify:track:04w57GO5p1763E44KQ8AKB
5320,track,2467,spotify,spotify:track:2jKoVlU7VAmExKJ1Jh3w9P
5321,track,2468,spotify,spotify:track:16LnNR25rqcvQVNv5UEQ7g
5322,track,2469,spotify,spotify:track:1CHg8HaOSjVLyJcTllRhgv
5323,track,2470,spotify,spotify:track:1boHm9rjmvzxpJASd9dnGK
5324,track,2471,spotify,spotify:track:1kQbeXaoWFLZtpak2jsnaC
5325,track,2473,spotify,spotify:track:4IJo5xKHGAq4kbqoaJszLJ
5326,track,2475,spotify,spotify:track:6fL8iaSdwmSTQiUv9K6L4h
5327,track,2476,spotify,spotify:track:7z87G3zVo34bqi32Q9PQeK
5328,track,2478,spotify,spotify:track:4VaL54I6TlzghRTzOhfr7L
5329,track,2479,spotify,spotify:track:1FRF0NHXBW4ecdulGkTzJY
5330,track,2480,spotify,spotify:track:5h5tBFnbcVioFXiOixTn6E
5331,track,2483,spotify,spotify:track:1waF10M9885TamPSsiK3hs
5332,track,2484,spotify,spotify:track:0THWgS3TxJxIsMYYsCX2yB
5333,track,2485,spotify,spotify:track:3RScS2iOVfGmav3QrkP31a
5334,track,2486,spotify,spotify:track:3K9wCrqzOaRM5R1QjCQS2l
5335,track,2487,spotify,spotify:track:5EpeNwTNq3lhHfUwDVGRJc
5336,track,2489,spotify,spotify:track:2QiCvETglgw8MoSTla6N3J
5337,track,2492,spotify,spotify:track:1z3sZrbZfgIpICkFDeSurB
5338,track,2493,spotify,spotify:track:1mdO9t4aW0ltPZQ0XffYEq
5339,track,2494,spotify,spotify:track:28sxUGqZmZyT9AO6lDE9Yl
5340,track,2495,spotify,spotify:track:1xP2c6tvgr8hi2puGpMOas
5341,track,2496,spotify,spotify:track:3BJKS7ccjcdIMqUNbisV1m
5342,track,2497,spotify,spotify:track:6U7GlyVN0RTtsy8NdybTDJ
5343,track,2498,spotify,spotify:track:3JhvyBFw3f2uhhZccDBD97
5344,track,2499,spotify,spotify:track:4Zq9JvRjg6HDKxeD7qaJoC
5345,track,2500,spotify,spotify:track:5Us8wh9hCAQ8Uq1ast5CWz
5346,track,2501,spotify,spotify:track:18PSaTJMLkFNWnW0NWdOAW
5347,track,2502,spotify,spotify:track:55YHftnlehUQQJoTSLKCxj
5348,track,2503,spotify,spotify:track:1G0JddH0MHVg4VE03vheBm
5349,track,2504,spotify,spotify:track:31FWGQxshq14SCZvvyHae1
5350,track,2505,spotify,spotify:track:3bnVNMCk5FJulcpS7aXJbY
5351,track,2506,spotify,spotify:track:4pUUhsc8fmZqnsPaOSU5CP
5352,track,2507,spotify,spotify:track:1wjyGxvNK5POKbIfNroB3E
5353,track,2508,spotify,spotify:track:1yupbrI7ROhigIHpQBevPh
5354,track,2509,spotify,spotify:track:5PrrtlnYNokmpECpZtQhVO
5355,track,2510,spotify,spotify:track:6hfxGStZ4L3IBvRaCqmPQc
5356,track,2511,spotify,spotify:track:7iYaPj3pAQ3UJrSmYZChYY
5357,track,2512,spotify,spotify:track:2R3g9k14OAcUzZYwo90Tx6
5358,track,2513,spotify,spotify:track:3vbxQpZdIXJ3oALBd8OyQ6
5359,track,2515,spotify,spotify:track:2BjRhZ2IJmsO1GRquNldsP
5360,track,2516,spotify,spotify:track:51rJyLJEFY5jS4b4z50ISN
5361,track,2517,spotify,spotify:track:6McagCLi5V5GStAjfjiXXi
5362,track,2518,spotify,spotify:track:18Hc0O7MoDxvDxnjs9B3Wx
5363,track,2519,spotify,spotify:track:3G7beQTsOP9XFiwDR2j89I
5364,track,2520,spotify,spotify:track:4pA9UUSLWKjIVRy0NPtAgT
5365,track,2523,spotify,spotify:track:5ryUbYQzdRRw0iJ2P5Or55
5366,track,2524,spotify,spotify:track:3VKctHo2Rk1Y74KnxVFT7U
5367,track,2525,spotify,spotify:track:2bQdgtO42TfS37YWupeMrr
5368,track,2534,spotify,spotify:track:2npJP0YTkykkqjezhA1g8f
5369,track,2535,spotify,spotify:track:1p2OFsdnCoW0rkxHclb3Np
5370,track,2536,spotify,spotify:track:7tfMtLvm5SiyHyngHl1VCh
5371,track,2537,spotify,spotify:track:0cA85UHP3lYTX7ZndZfx5I
5372,track,2539,spotify,spotify:track:6BsuFAxV7wwQyBFF4uDnNK
5373,track,2540,spotify,spotify:track:4Z6UnEVU0AtyrTCqijPlXj
5374,track,2541,spotify,spotify:track:7LC1G5wmniTZnQoa7WKE92
5375,track,2543,spotify,spotify:track:1CQKP7BwDbf0qeGzjoBiQY
5376,track,2544,spotify,spotify:track:79h8EVnokYwVrDGueqqDWd
5377,track,2545,spotify,spotify:track:5g7b6S3KLfZX1J0JchjtjP
5378,track,2546,spotify,spotify:track:2uXlVopBjovweV9nVNkjlK
5379,track,2547,spotify,spotify:track:3AQso31OmGT7tfZyfoDcjE
5380,track,2549,spotify,spotify:track:2HAq5Er2rLgTUtYEr8rTV4
5381,track,2550,spotify,spotify:track:0MyBUZh5OOsmk32gdAJf4f
5382,track,2551,spotify,spotify:track:0J0NdLdtshiKqIFSdB2Ipf
5383,track,2555,spotify,spotify:track:4GzzFfk5F79UzTv11agoo4
5384,track,2556,spotify,spotify:track:20Cdp38JljkxhFe5J13Ra3
5385,track,2558,spotify,spotify:track:6mQ5vUGpM90VGvJennEje4
5386,track,2559,spotify,spotify:track:2krfqnbl12AqueUM8l1OhE
5387,track,2560,spotify,spotify:track:3tC8SJpOwJhDg8WGG1NKGR
5388,track,2562,spotify,spotify:track:4SPyjYGmv0nbLru9oX75iV
5389,track,2563,spotify,spotify:track:6OtfwrzhIaIg6gmnzgPlu1
5390,track,2564,spotify,spotify:track:4ljxxdaJncZ5hsY2C4pAk5
5391,track,2565,spotify,spotify:track:1B53Y95tPd4ah4FExO0egE
5392,track,2566,spotify,spotify:track:0NSYVDo4ryxNWln7TfEyex
5393,track,2568,spotify,spotify:track:0r5ykONIcRBK1eVyZhhGJ5
5394,track,2569,spotify,spotify:track:5J19xXAnKZOcPgeI6CVAMl
5395,track,2570,spotify,spotify:track:01AOfjOA6IqrQpy97360A4
5396,track,2571,spotify,spotify:track:5DPtraumV3W2f94xdierwQ
5397,track,2572,spotify,spotify:track:40vfXX854M4Y5ndNIVth6J
5398,track,2573,spotify,spotify:track:6Y5QzNXeLiXHNVXbVmjbJq
5399,track,2574,spotify,spotify:track:7BSfn9EJyfkTi1jDsAclsI
5400,track,2577,spotify,spotify:track:0TdPHbWSEIgqrI04MjMENl
5401,track,2579,spotify,spotify:track:2vxwhAsRRVDhVybz3lzD0c
5402,track,2580,spotify,spotify:track:36ivPR4vp20l5BWrLVritn
5403,track,2581,spotify,spotify:track:2YPuToh0si4KLaB03xbiCP
5404,track,2582,spotify,spotify:track:4gQdwwPXSXnDkUh4jYqLoC
5405,track,2583,spotify,spotify:track:6AI3ezQ4o3HUoP6Dhudph3
5406,track,2584,spotify,spotify:track:5J6CXHvsfRGyyCnQZmVPoE
5407,track,2586,spotify,spotify:track:1eu5oYaRkgQgXmtzEXyUvP
5408,track,2588,spotify,spotify:track:5Rkbnhwkb6oiqq1HQcXirN
5409,track,2592,spotify,spotify:track:4fosKodky8p83kkpsRznXf
5410,track,2594,spotify,spotify:track:5Z8lkgjToqpSsJCOlwiLjL
5411,track,2597,spotify,spotify:track:5BXmZl7ZWurBligoNBER0q
5412,track,2598,spotify,spotify:track:19FsxX4RthRMZGfXkImdCb
5413,track,2599,spotify,spotify:track:2BGWBlIaJfU2TSeXRF8TAr
5414,track,2600,spotify,spotify:track:2iqSPwXfa4b0CCvRFEvS86
5415,track,2601,spotify,spotify:track:45XOVRFOHlvipiJBYtg9gs
5416,track,2603,spotify,spotify:track:6FWvQ2Xe2mCWKkZwRLNT6W
5417,track,2605,spotify,spotify:track:47F0N7b2ZWm2jJe8vEjFhI
5418,track,2606,spotify,spotify:track:0ny4uOt0BuQHZpCggyqaIx
5419,track,2607,spotify,spotify:track:0yeckFzJG0Tle8ERTelpXG
5420,track,2608,spotify,spotify:track:7c5V3dBlOQjWqwBvgIJd1B
5421,track,2609,spotify,spotify:track:1QmVaiJKcXUMMBfd1fonI0
5422,track,2619,spotify,spotify:track:0LVkzQGyBBblqZItrARUtF
5423,track,2622,spotify,spotify:track:09kBqQVGoOxMQyK8J9IzkK
5424,track,2623,spotify,spotify:track:0hmQY8NW6hNQWfkvZsa1e9
5425,track,2624,spotify,spotify:track:6UlzyB6v2z8GbzocxeZv0d
5426,track,2625,spotify,spotify:track:76gL4DlxEve3gcidPDddnk
5427,track,2626,spotify,spotify:track:4ln5dbGhI5gazgGGRHTxfn
5428,track,2627,spotify,spotify:track:2pJ33Jz57kUkL7FQbudtdO
5429,track,2628,spotify,spotify:track:3FpDGG6MWcJgb2rZe535Uc
5430,track,2629,spotify,spotify:track:46bX36N2jFItcynZuGyDhm
5431,track,2630,spotify,spotify:track:64lT8kU4YSBHzTVPHG1Yq9
5432,track,2631,spotify,spotify:track:0fBHp97rpm34jmOGjNaVnD
5433,track,2632,spotify,spotify:track:0bunrM4qXQGhSZdt2rzNaV
5434,track,2633,spotify,spotify:track:3Y92OZ52FYwlIaeA3dMcCD
5435,track,2634,spotify,spotify:track:7wTAXn3i8pmNHWS5wnIztd
5436,track,2635,spotify,spotify:track:6xhblLundMJAiG9jF7nlxs
5437,track,2636,spotify,spotify:track:0XGLsSU6wtfnKXiMNvQr61
5438,track,2637,spotify,spotify:track:4iv2W97CTO48UlM22dZeC8
5439,track,2640,spotify,spotify:track:7KYRpGCaN3QnaeSN2O4f7i
5440,track,2641,spotify,spotify:track:7D417NgaTkzaQwWgXVXPVw
5441,track,2644,spotify,spotify:track:2ExYd44sKKIEcq90uD4iLO
5442,track,2645,spotify,spotify:track:22CGZatRqtgaJaB1pk6rn1
5443,track,2646,spotify,spotify:track:6jjwGH1dXXsQLDClbygwDs
5444,track,2647,spotify,spotify:track:1YXJrKq8GqwV6WiiKoyE98
5445,track,2648,spotify,spotify:track:1qbcubt5B3yJXaxDrTGSy6
5446,track,2649,spotify,spotify:track:5S33HwZJ0bHrIEqMWJ6E9n
5447,track,2650,spotify,spotify:track:5m0KC4Pdsl6bg8RSY5TcbV
5448,track,2655,spotify,spotify:track:4fR8CJztzJ6kUEIw1dBdaO
5449,track,2656,spotify,spotify:track:3VSnfhbaNKZzvmNQilWcZ6
5450,track,2657,spotify,spotify:track:7dEYcnW1YSBpiKofefCFCf
5451,track,2658,spotify,spotify:track:2fClGossFdEdhjjeYceaN7
5452,track,2659,spotify,spotify:track:4D0OTvIF5lplwHHMaRNLCS
5453,track,2660,spotify,spotify:track:35FM7uei073rt5haPc0jqI
5454,track,2661,spotify,spotify:track:5VEKqp658KuE7uIgTQDyVT
5455,track,2662,spotify,spotify:track:6qwFuoKqoDI1lOifvEVrPP
5456,track,2663,spotify,spotify:track:3GRBtVv3gbDwu3e0nkTP74
5457,track,2664,spotify,spotify:track:32WDVNZXIAuu7EqncTTKjH
5458,track,2665,spotify,spotify:track:4tnbcPfOSZq5VAU67XxIdN
5459,track,2666,spotify,spotify:track:7g2BVLCYyGeVHGGFajED65
5460,track,2667,spotify,spotify:track:4DcrZLp19qTdBYqc2bgj3V
5461,track,2668,spotify,spotify:track:0tBlp6zZ4j238CbdXCYy7A
5462,track,2669,spotify,spotify:track:6rjOrWKTGuvthOU6BU9USo
5463,track,2670,spotify,spotify:track:0pOwzM0mppOeBAa2aAxwP2
5464,track,2671,spotify,spotify:track:2fKvxYNlruHHkj07u2n6kW
5465,track,2673,spotify,spotify:track:1sMUSRvDjJthmVvc8hmZpg
5466,track,2674,spotify,spotify:track:5O5SiOHYbx5on86DtYGDLb
5467,track,2677,spotify,spotify:track:3NAgbiWLCFGpT56IJbDTte
5468,track,2678,spotify,spotify:track:03ei3y4ilLVo2iZCap6gtp
5469,track,2679,spotify,spotify:track:49Skx1x4gYM64ibnAJEtD0
5470,track,2680,spotify,spotify:track:63B6RvjhocYifGQRNAwXWH
5471,track,2681,spotify,spotify:track:4UNpAOhU4RoOfZoM56oWiZ
5472,track,2682,spotify,spotify:track:1RZwfy4hD9ixk4XcIQpyW1
5473,track,2683,spotify,spotify:track:7qnqRTeA8cv9EicH9OyPdm
5474,track,2684,spotify,spotify:track:4UUFTQKwwId0n1P9t4ZQhx
5475,track,2686,spotify,spotify:track:1STRExYc0p2is5mECRR66o
5476,track,2687,spotify,spotify:track:6xEjSMBbMwBYfMmt6DaTE9
5477,track,2688,spotify,spotify:track:6dCTkPt0ta0t0adgADhT4R
5478,track,2690,spotify,spotify:track:3DBFOXJKitLKUjlyOCX7ow
5479,track,2691,spotify,spotify:track:3L2YOO6dDiB91M1AbQ0CCR
5480,track,2692,spotify,spotify:track:3InKE4E9rQSYwM3SShHtST
5481,track,2694,spotify,spotify:track:5GmC7gvZzSDzO5dYxAgMgj
5482,track,2695,spotify,spotify:track:2hYiOax4xO3hH9nhUFq4LF
5483,track,2696,spotify,spotify:track:5wcGLkU4cYUo6n1hMvhJ4i
5484,track,2697,spotify,spotify:track:5HPNDxRY5bXmCvR1Nw84Bl
5485,track,2699,spotify,spotify:track:7fSShGNuDhE9bbT4vgr9BB
5486,track,2700,spotify,spotify:track:3pUcJxFI2wjhqmNGNIvunD
5487,track,2701,spotify,spotify:track:6rhWk1Lkif0NCyDG64eMgC
5488,track,2702,spotify,spotify:track:3DHwAcNbSb953gz2X8oo3h
5489,track,2703,spotify,spotify:track:6OkDb9fyi22Pr6QJIrUNdJ
5490,track,2704,spotify,spotify:track:7EQvdUJqZ2i7SWvSB2VqGA
5491,track,2705,spotify,spotify:track:1efS2dJr6nL8zdQTf4vfqg
5492,track,2706,spotify,spotify:track:2iEcH8wdb79twV89wKY7b2
5493,track,2707,spotify,spotify:track:35IQquP3EKTLrlsMe8h6b2
5494,track,2708,spotify,spotify:track:4eCzO7yobQYlPMT7jABNJv
5495,track,2709,spotify,spotify:track:7dZeRQikrjtSROuj150Ow7
5496,track,2710,spotify,spotify:track:3zgKEF4I4ILmTTSBvtiRlJ
5497,track,2711,spotify,spotify:track:1NTMpe3gzmOo8gRWUjpNTq
5498,track,2712,spotify,spotify:track:24A7YqJsrgn3P4kwuDG6bl
5499,track,2713,spotify,spotify:track:1hDwf52zclulShxkcqAy5i
5500,track,2714,spotify,spotify:track:5CSKYVqVzhwqf4R7ptVhda
5501,track,2716,spotify,spotify:track:5EHhkMTHKGpURNo32lDXFQ
5502,track,2720,spotify,spotify:track:0ySCYRXVugL9xDBecGc0jr
5503,track,2723,spotify,spotify:track:4shRbnH0XiVuiOalMEKTNw
5504,track,2724,spotify,spotify:track:1B5BfvGVQ5fPtDN2K8tUdy
5505,track,2725,spotify,spotify:track:33BkKAyogx7YXVWdrUlr76
5506,track,2726,spotify,spotify:track:5FHXxdJeq1iAE9PjDTEgyd
5507,track,2727,spotify,spotify:track:3kgy6gz61XtWzgGw4Xh8CJ
5508,track,2730,spotify,spotify:track:0SPOBDQDwcLFC3hFjqZX5V
5509,track,2733,spotify,spotify:track:3E8PkaM1BIxy4zh7HbVScC
5510,track,2734,spotify,spotify:track:2SxGqK6czA9NGGYLOu2Ibf
5511,track,2735,spotify,spotify:track:3OkfRJtMEw24XN1JQRzwD7
5512,track,2736,spotify,spotify:track:0w9Jaqb7nnre8DpmhCYSYl
5513,track,2737,spotify,spotify:track:12lroogeWVQ4dI4qo0Xllm
5514,track,2738,spotify,spotify:track:5aXxVBwOfbQf8PyoIouUNR
5515,track,2739,spotify,spotify:track:2s8fYTEudibM8sNOZzTQxR
5516,track,2740,spotify,spotify:track:6MEOKXkhjt7vmIttmybvKs
5517,track,2741,spotify,spotify:track:3BkPFyejx6Qf4otNHMvxap
5518,track,2742,spotify,spotify:track:3wauST900TNdlPA66c7TdI
5519,track,2746,spotify,spotify:track:0yd8AwPHpPb8kuSivoN1wL
5520,track,2751,spotify,spotify:track:74tLlkN3rgVzRqQJgPfink
5521,track,2755,spotify,spotify:track:02UHWHbOfcXZKvcXYsDfn9
5522,track,2756,spotify,spotify:track:6QtpJNlCfA091GmD2ALNri
5523,track,2757,spotify,spotify:track:3Uq4jmfYilB6BL06cFKChl
5524,track,2758,spotify,spotify:track:2eOuL8KesslTLQERQPu11D
5525,track,2759,spotify,spotify:track:3Mz4AoWIedMfzCib1LYwMZ
5526,track,2760,spotify,spotify:track:4C7Ss9bTPOWJMh3rarF1mN
5527,track,2762,spotify,spotify:track:0BTlLu7gyt3bsOTGiDJnnk
5528,track,2768,spotify,spotify:track:3IgK2S4hoFxywuGZfj6rj1
5529,track,2769,spotify,spotify:track:0hPuyvC9BU2cBtow9Cd7Xy
5530,track,2770,spotify,spotify:track:6FUxwe1CaTVbYodFSnBspP
5531,track,2771,spotify,spotify:track:1BNhcQ6LMruhGDJYmirZr7
5532,track,2772,spotify,spotify:track:6ymj1F8EkkaZOYUlIXAe6w
5533,track,2775,spotify,spotify:track:10j2zWg38rx7BZXAfVXfws
5534,track,2776,spotify,spotify:track:00YNetQrsMoGlU5PzAtqyj
5535,track,2777,spotify,spotify:track:0BLWSGjGW24EyHhmvBC01B
5536,track,2779,spotify,spotify:track:6Zkn69AUUr1oe641VSXhWO
5537,track,2780,spotify,spotify:track:3nPswnOrilJOuBmij8gmN3
5538,track,2781,spotify,spotify:track:5ad4AluLHki3IEEojQmmCp
5539,track,2782,spotify,spotify:track:3Yxs5q02JhSG4MMqXKhLUR
5540,track,2783,spotify,spotify:track:37nk5JO05wRovLQwgmwCuh
5541,track,2784,spotify,spotify:track:0XgpiStoxq1IJncYlPrvZ5
5542,track,2785,spotify,spotify:track:5GKycL1w1VwKDGdxQ2wzhF
5543,track,2786,spotify,spotify:track:0QTsRCmTVgtp1V0aIFRiVM
5544,track,2787,spotify,spotify:track:1VSonOUtMF0ljEqu4vz7ti
5545,track,2788,spotify,spotify:track:3zPzE5eDS1yCz587UntlVG
5546,track,2789,spotify,spotify:track:5mPZwDl8fI0qBehPvdJLAR
5547,track,2790,spotify,spotify:track:2Oy4dTR6vCYpd8lsC3Nso7
5548,track,2791,spotify,spotify:track:33C19UlAcb77Xsh827YdM7
5549,track,2793,spotify,spotify:track:4T0ScSPdQKmGvruK7pavNP
5550,track,2798,spotify,spotify:track:5bZT7RkN3uvbacJZTBqS75
5551,track,2800,spotify,spotify:track:2XmGbXuxrmfp3inzEuQhE1
5552,track,2804,spotify,spotify:track:12zVxZVOmlS2rwCnHdRtxz
5553,track,2806,spotify,spotify:track:4GdB5M7GbwLZLouktYocFC
5554,track,2807,spotify,spotify:track:05jQUgTm40hzAw5uqOy0ob
5555,track,2808,spotify,spotify:track:3U1mFf6W429eMYDwmgkbaZ
5556,track,2809,spotify,spotify:track:7L3yLy4K5CI7AWK2DfAbTv
5557,track,2810,spotify,spotify:track:5dp2DNJtGuNjwgEtAN6BZd
5558,track,2811,spotify,spotify:track:6sf35vqrEAN8fOFzrKmv9A
5559,track,2812,spotify,spotify:track:52A8OAP8lTQKZCj4Rce92B
5560,track,2813,spotify,spotify:track:5YpZh8wfS4moRBk0ijNcXr
5561,track,2816,spotify,spotify:track:3HCzj965m8Fz2E8wZkir6q
5562,track,2818,spotify,spotify:track:2Nfckmc8oUZc7KqoKt49Jx
5563,track,2821,spotify,spotify:track:1Aim1eZAcB7arswMvb0NS4
5564,track,2824,spotify,spotify:track:6NTceGKsDLTYehlyRbYp6O
5565,track,2825,spotify,spotify:track:7bp5DfkdK1OAvNJ1U4HfDA
5566,track,2826,spotify,spotify:track:4qfUlchVD7WM4JhA5xio6m
5567,track,2827,spotify,spotify:track:7kDgQd5cqCEbJxWa6iVo18
5568,track,2828,spotify,spotify:track:3ipzZgH1766XXRamVwk1Iw
5569,track,2829,spotify,spotify:track:6k1NlbXRqTu51DiDJ7Mwwf
5570,track,2830,spotify,spotify:track:3sqmySSpsZJlAyQeQvcA6T
5571,track,2832,spotify,spotify:track:5Wlcs3nzQR4F3VGvbHmfAD
5572,track,2833,spotify,spotify:track:4Vs5ZmXWy76ajq7261zq7U
5573,track,2836,spotify,spotify:track:1dOilEdjk2IgPbBepU9Xib
5574,track,2839,spotify,spotify:track:6ReA6ibkmZ2cV8nMAnZZ8b
5575,track,2840,spotify,spotify:track:25LdAY7Z3L4f4vxQDmZOsR
5576,track,2841,spotify,spotify:track:62YPBeWVcD1FDWo7yTBXix
5577,track,2842,spotify,spotify:track:0lZWjBImx6kNe3WtOA09Xu
5578,track,2843,spotify,spotify:track:6Va17l1nUCtCD36uctlZUs
5579,track,2844,spotify,spotify:track:5vxII6AxXbPsAJE5dAdBo9
5580,track,2845,spotify,spotify:track:67CEjUtWIM2xJGtti871qk
5581,track,2846,spotify,spotify:track:0wZenaQcJfxOA6ZerdFDCT
5582,track,2847,spotify,spotify:track:4NEdSoLu3M9pEEZM7vO8uq
5583,track,2848,spotify,spotify:track:2tkfBNOu2QL6LQD5hVJQ0I
5584,track,2849,spotify,spotify:track:146937zRqtVRk3OPd2HoMx
5585,track,2850,spotify,spotify:track:4b82tXj35SycILuILcgBQ6
5586,track,2854,spotify,spotify:track:1uTa1KPcHPfRtIlOAFdzng
5587,track,2855,spotify,spotify:track:5okjGhC6V6qBwloPI3yan9
5588,track,2856,spotify,spotify:track:3iyqv9BFEN22tLXdGRp5Fd
5589,track,2857,spotify,spotify:track:3KgtFEIn4MU9Igh9diAvKP
5590,track,2858,spotify,spotify:track:0pXH6Q9CfkPLeWvT74q13G
5591,track,2859,spotify,spotify:track:5uQsSWqeMydhhd5gqYYGkj
5592,track,2860,spotify,spotify:track:6ArieQeLF5MVIWO9b7AlRq
5593,track,2861,spotify,spotify:track:2Tm3pYAWjEKVjoiKsUhKDx
5594,track,2862,spotify,spotify:track:3O7mUOMCFkEeeWBDzgWtiq
5595,track,2863,spotify,spotify:track:4TahqjJMwWPqk6QrBOhbF5
5596,track,2866,spotify,spotify:track:6bO9oQ8j0QtbEY3mmOM25S
5597,track,2867,spotify,spotify:track:5GzKIbJyrV6rUakLyezNwn
5598,track,2868,spotify,spotify:track:1b98N40R5IzdGyrVD6IvPl
5599,track,2870,spotify,spotify:track:4RtsqgL9gtGFF8fNH3P5Rr
5600,track,2871,spotify,spotify:track:4ZxtNL6HLSfamOa1l3gUUp
5601,track,2872,spotify,spotify:track:154o1htY1O9OJBt1gJfrfY
5602,track,2873,spotify,spotify:track:3KB1tNDSbSUYgL4opLGi20
5603,track,2874,spotify,spotify:track:4OilIZL03gVvd7oAS2YSRY
5604,track,2875,spotify,spotify:track:5EuwCyRv0mx1s8Cy35LFWC
5605,track,2876,spotify,spotify:track:0p6aYf700ViIH7eLwKfhMq
5606,track,2877,spotify,spotify:track:5lyajGGrPQ3NQYifVOTChE
5607,track,2879,spotify,spotify:track:7Ks2RVrg5XHrHoMzvJMSJ8
5608,track,2881,spotify,spotify:track:3gTTDjDha02XJ4xuS2KF0e
5609,track,2883,spotify,spotify:track:0o73cSWmV0YJeHvzDbJDdn
5610,track,2884,spotify,spotify:track:63Iv8NhccFc2qXgIsrDo4Q
5611,track,2885,spotify,spotify:track:7i8BMZK89QmgxAAkyZ46WF
5612,track,2887,spotify,spotify:track:5oSQQjaU1JzbNuaiYSKzyg
5613,track,2888,spotify,spotify:track:1pXvZZ7Ubwt4rpDt3JEHdY
5614,track,2889,spotify,spotify:track:4XciELiYjpKAiJr8RexuUi
5615,track,2890,spotify,spotify:track:7kosWirs6npkF1qYQLM9ul
5616,track,2891,spotify,spotify:track:69NVjwVCDaQ2DAyMPf00c3
5617,track,2892,spotify,spotify:track:7jkGo7ECJDY67L9jT4ZHgp
5618,track,2893,spotify,spotify:track:1f01rl8jJdeEnT0jI3e1aC
5619,track,2894,spotify,spotify:track:272iAtj2KezVUSGzTHTwnb
5620,track,2895,spotify,spotify:track:08zX9ilEjkbOyUVYk5Mp3h
5621,track,2896,spotify,spotify:track:1wrqxfe6vNKqXQw0n6o7ga
5622,track,2897,spotify,spotify:track:5JcNUsAvlQoVsT8XXNoXrm
5623,track,2898,spotify,spotify:track:1R1uDQOthU99YIttdMl9d8
5624,track,2899,spotify,spotify:track:2ZtLCd7MjRPAScnVNrZ9Lj
5625,track,2900,spotify,spotify:track:4HFwdEAuqO1J2dACvieBWk
5626,track,2901,spotify,spotify:track:0aZrzcOVwGp1rv9HGgsw8u
5627,track,2902,spotify,spotify:track:3izRLglRBIz4ZqEgvhkTAW
5628,track,2903,spotify,spotify:track:7gMsgre9fYLEzbVAoj5WSH
5629,track,2904,spotify,spotify:track:6y8M7SNOPtwee6FluOWwmT
5630,track,2905,spotify,spotify:track:0qlrVIgcx8ScMCGIw5xgxO
5631,track,2906,spotify,spotify:track:4qqAEjOvTQBUEfTBbyqn26
5632,track,2907,spotify,spotify:track:338bYOWAshBWSpfrvQPAeX
5633,track,2908,spotify,spotify:track:50eSaKQWmeGBlREbMo8nBc
5634,track,2909,spotify,spotify:track:6ayR5iJMIv8hXJvmnHf1Fr
5635,track,2910,spotify,spotify:track:5mEwhCsqadBZIE7SSrv1gC
5636,track,2911,spotify,spotify:track:6KdwBL0OFecxLc1cSV9WVp
5637,track,2912,spotify,spotify:track:62h8709cQe3S3nOWvFExpN
5638,track,2913,spotify,spotify:track:671XaUBmifTMXDbZK5CB1M
5639,track,2914,spotify,spotify:track:65rRB2mspD309xE6YimZTl
5640,track,2915,spotify,spotify:track:4OeQM6VKvF8QQLaqvhP3qo
5641,track,2916,spotify,spotify:track:5wDk4aZoWHvO8HAhOkxzZe
5642,track,2917,spotify,spotify:track:6vO5OZ18h33ZO40S9plFDx
5643,track,2919,spotify,spotify:track:3yldvwyhm4WKrPyoJHSx99
5644,track,2920,spotify,spotify:track:7jCkMZdvs8ABVd7fAHyQHM
5645,track,2923,spotify,spotify:track:4SBxVJtN3q97ASqosQPoTF
5646,track,2924,spotify,spotify:track:5FRNP7NPI6DWvAkSJeH2eY
5647,track,2926,spotify,spotify:track:0C7ejWNyzFO6kJvjjEy9NY
5648,track,2928,spotify,spotify:track:4p4a6q3eAZloyEuTdPOEnZ
5649,track,2929,spotify,spotify:track:2Np3kepjCnE54bkCqPW6J2
5650,track,2930,spotify,spotify:track:7g1R7tFMpkwnv7i3EFiEem
5651,track,2931,spotify,spotify:track:4680LBx4H7dQKDP0lXNwu5
5652,track,2933,spotify,spotify:track:107ojD9dVjatTQTq1AgCUl
5653,track,2934,spotify,spotify:track:7MNVHiFQ6oTVpaPwlkCXpE
5654,track,2935,spotify,spotify:track:6nlwNXpU0wh9CzGrVVr8i6
5655,track,2936,spotify,spotify:track:2tFKZgbgaHuX68fQpqdWAU
5656,track,2938,spotify,spotify:track:7r74CyCSe3DuBczLSZCUzR
5657,track,2940,spotify,spotify:track:1ygNVvwF3pQ8nUsnPo7I4x
5658,track,2941,spotify,spotify:track:0MHXrqn909p0LRTPsNsGEi
5659,track,2942,spotify,spotify:track:65I2wmCpNt5ky7YMnPGI4M
5660,track,2943,spotify,spotify:track:1ng0RBlhyonNTb9tIR7ocr
5661,track,2944,spotify,spotify:track:7gh2v4IHnxdiwSgA6xluhe
5662,track,2945,spotify,spotify:track:10S228aNH7mGB1jDcPIub7
5663,track,2953,spotify,spotify:track:4y2fS5zuK5DuKKuVICYKV6
5664,track,2954,spotify,spotify:track:4L9f5OaFKcRMIX7Lmn1XxH
5665,track,2955,spotify,spotify:track:4LBING8Cxea4rHavzy7sQ0
5666,track,2956,spotify,spotify:track:1JzC9MScDhIomsiRIZYJO8
5667,track,2957,spotify,spotify:track:0BYYqGmANIGbA1oAyUM5Nr
5668,track,2960,spotify,spotify:track:4sbHGlsIw5ST7u9s7hLxME
5669,track,2961,spotify,spotify:track:1u1VcXquBfZfu7dc8PVYVc
5670,track,2962,spotify,spotify:track:3bhyo2ED5Yd4RLydQBDtD6
5671,track,2964,spotify,spotify:track:0uGDH1WaBzmznj0ilMu4VI
5672,track,2965,spotify,spotify:track:6BMWL1t7ED3UwULK9CiO7g
5673,track,2966,spotify,spotify:track:1Afi8OBrtXj9iNWK0UiQqt
5674,track,2967,spotify,spotify:track:00P2EyY2Ygge1Azu5Rx8lm
5675,track,2968,spotify,spotify:track:4qYHnP5AmKzXbJhciPV8si
5676,track,2969,spotify,spotify:track:4wBi9ogKThsbFUvVJxjhK2
5677,track,2971,spotify,spotify:track:4lIyYuC3f68DZjeIfo6BrM
5678,track,2972,spotify,spotify:track:4Mt6lRUOMfwkzsP83iKh5f
5679,track,2973,spotify,spotify:track:4eK3iaDMnzZjxMIxzOiTou
5680,track,2974,spotify,spotify:track:44uLoiAmEdgAQgj1TmsjGj
5681,track,2975,spotify,spotify:track:4gFVTfg1EFuuXJguJe1Z7W
5682,track,2976,spotify,spotify:track:7dCLMi5pZleCWsRroWaBYH
5683,track,2977,spotify,spotify:track:5Gks5bpcL96UfdQ7BU8j9I
5684,track,2978,spotify,spotify:track:5BiFP4yiF2yFSCui1N0fUy
5685,track,2979,spotify,spotify:track:3p50PUgtBHM6rwUuD3RfFV
5686,track,2980,spotify,spotify:track:27u3Rh4IWYPdwVST20ALrt
5687,track,2986,spotify,spotify:track:4rkfCWtPe63QU1HXsVTcpc
5688,track,2987,spotify,spotify:track:4Yu2vdSKkFrBM5agrx5XRN
5689,track,2988,spotify,spotify:track:5bQCUEoyz98EUKR5ekdUbe
5690,track,2989,spotify,spotify:track:2PdhxuxXO3AMXoMMAEehgA
5691,track,2990,spotify,spotify:track:4zukWwrha2XMpfHLr5Ot7j
5692,track,2991,spotify,spotify:track:53iMpaPKkm8suAu6ChdR3y
5693,track,2992,spotify,spotify:track:4Wt6OhxQzC8A3fR5oUHjPH
5694,track,2993,spotify,spotify:track:263Wg6C4Tk8ATgwE1USzyK
5695,track,2994,spotify,spotify:track:3pmp40HtLapVQ8L89Mz1vh
5696,track,2996,spotify,spotify:track:7rAP7mtyWDhUPkOVBqIVLs
5697,track,2998,spotify,spotify:track:7g8S0N45Tkp7yE1WEWRwyu
5698,track,3004,spotify,spotify:track:7niKxzFThgRf5fXlIYdjtZ
5699,track,3005,spotify,spotify:track:366gHz1ttdBN3GSLSxDb08
5700,track,3006,spotify,spotify:track:4chihmJgGOsNVveR2YMqoI
5701,track,3007,spotify,spotify:track:4yPgqOZbCahUHuahj631xP
5702,track,3008,spotify,spotify:track:6AXoNiKAmN32HBEfhHmfSn
5703,track,3009,spotify,spotify:track:2uoWRWXaEdFH2EMjzvTP3Z
5704,track,3010,spotify,spotify:track:4AEObGzm9VUNJ3IDgD9TH3
5705,track,3011,spotify,spotify:track:37SFVfvLaPVyDCO1EhQnvx
5706,track,3012,spotify,spotify:track:2kQuhkFX7uSVepCD3h29g5
5707,track,3013,spotify,spotify:track:3nFQ4HligCOvCmaowewlLM
5708,track,3014,spotify,spotify:track:2rAxc5aXpEHp86lnMUhqUq
5709,track,3016,spotify,spotify:track:24vNw0Z0srb4zYXwrakw8E
5710,track,3017,spotify,spotify:track:1Mi6uegC4pRxQZw1CB5Fk9
5711,track,3018,spotify,spotify:track:5wcY4XgawQ2se8VjDLhedQ
5712,track,3019,spotify,spotify:track:2fE1hcjUxlLxXrZusTEJlq
5713,track,3021,spotify,spotify:track:6BB5mSsRYtOILdHMYZKmRz
5714,track,3022,spotify,spotify:track:5xgeVg4kViF3yOq8d0rspI
5715,track,3023,spotify,spotify:track:2y8pG9CF0HC4cttJ50Pufk
5716,track,3024,spotify,spotify:track:47ThqmC48fODEuF38wRc5S
5717,track,3026,spotify,spotify:track:6vWQrgyj7b3DSG4NYOOxPJ
5718,track,3028,spotify,spotify:track:25oH02MWaFHcq7s27ZA1AP
5719,track,3029,spotify,spotify:track:72odsIFigaJW9r56b0WGYR
5720,track,3030,spotify,spotify:track:31AkJTXoNsFara8H39KmD1
5721,track,3032,spotify,spotify:track:78TTtXnFQPzwqlbtbwqN0y
5722,track,3033,spotify,spotify:track:2uuWL6bqkPumkLQmTs8U57
5723,track,3034,spotify,spotify:track:75FVarV7iJmwuw49EJMxzZ
5724,track,3035,spotify,spotify:track:0IjlypMpF610uAnvxeU67p
5725,track,3036,spotify,spotify:track:23NBNFmqZCsrOync8OZrO0
5726,track,3038,spotify,spotify:track:78zVlni1WIPCiqoa7vLteg
5727,track,3039,spotify,spotify:track:5Di2ZeS1Ax7RMWhxceF2rF
5728,track,3040,spotify,spotify:track:1ScErM5lJ8VPRRM0Pm0p5U
5729,track,3041,spotify,spotify:track:1dIy5P3z6T33Xhkw70yxwx
5730,track,3042,spotify,spotify:track:66LOkjwtdjh7BXOQAyRaGn
5731,track,3044,spotify,spotify:track:0qYcghCsUYm8Zeg6MQAD2V
5732,track,3046,spotify,spotify:track:0FT54DP62MOpK4ZUFzvQ3w
5733,track,3047,spotify,spotify:track:3bLrE9OQUMjiT9bzBFbhEj
5734,track,3048,spotify,spotify:track:4kTLpAbhuEGHAAdDjOIWaa
5735,track,3049,spotify,spotify:track:715gC5uQkMdBQZUgScAqVw
5736,track,3050,spotify,spotify:track:6k39WGLrbuNYpdcNDjWTJt
5737,track,3052,spotify,spotify:track:63OYaVrz3LIarx3l2DxCKD
5738,track,3053,spotify,spotify:track:5eOmhymcp3AisKPVAytrs6
5739,track,3054,spotify,spotify:track:7AaET28qSzlkFBcySHh4ES
5740,track,3055,spotify,spotify:track:0vLAUpYj7YuO9BpQd6Bg25
5741,track,3057,spotify,spotify:track:49JQdvXRFnXb08qv3KQN56
5742,track,3058,spotify,spotify:track:29z9CnCfnBTsXEsglul2jC
5743,track,3059,spotify,spotify:track:4q1ThGh6IpWSd9ixvGfuHi
5744,track,3060,spotify,spotify:track:1pBDGRzv2oS0YPgcutJ7C3
5745,track,3061,spotify,spotify:track:0i0eUz7gz21KNdvF8gutSh
5746,track,3062,spotify,spotify:track:1V2RwjkNHBerTwVsZ8QVCU
5747,track,3063,spotify,spotify:track:50wUx211wXYwNw8VPHlSwL
5748,track,3064,spotify,spotify:track:0v01BWCMzLjjDT0QkZtfku
5749,track,3066,spotify,spotify:track:6XLfxlC2qCDXcZtAtdehYP
5750,track,3068,spotify,spotify:track:0Z2J91b2iTGLVTZC4fKgxf
5751,track,3069,spotify,spotify:track:7rUchbZxrhF29Q0vYjKEU0
5752,track,3070,spotify,spotify:track:5q0XccIiFSgoSYTdmnnDic
5753,track,3071,spotify,spotify:track:2L6OseCGlVee2Zywq3vSn8
5754,track,3072,spotify,spotify:track:138XMCojIez4aLgg6SXNjZ
5755,track,3073,spotify,spotify:track:10YCjQ31f8Z1hFf1gYsae8
5756,track,3074,spotify,spotify:track:4kxcVF4kEZTQZDlnNfDeur
5757,track,3076,spotify,spotify:track:4EcwMZC5srOdOVUTIkQWkW
5758,track,3078,spotify,spotify:track:4dmh3OPtAhbEybhGoOG9TE
5759,track,3079,spotify,spotify:track:05yDeGp6Rn6fL2OeSI0lyx
5760,track,3083,spotify,spotify:track:4q2lQl7WwSBibdDbN8UcqJ
5761,track,3084,spotify,spotify:track:0yelbFU0gJpmEOxJVahtD7
5762,track,3091,spotify,spotify:track:2FbGlEPAjNhWvrVvlentVq
5763,track,3092,spotify,spotify:track:1QBwk6GTCxVdC2hoSw9tlM
5764,track,3093,spotify,spotify:track:7yfg0Eer6UZZt5tZ1XdsWz
5765,track,3094,spotify,spotify:track:224EQMt8CpNPV98j9L4iMJ
5766,track,3096,spotify,spotify:track:73m6RyKRAwzUMWDE8WaF2D
5767,track,3097,spotify,spotify:track:7orYghJmE43SWaMLgqIsOa
5768,track,3098,spotify,spotify:track:0G1dGhDnaAImU07ny9bDZV
5769,track,3099,spotify,spotify:track:6pWUFtH0UjATlp9KM2dRNx
5770,track,3100,spotify,spotify:track:5UYzIwDINrtX8DgFetz9Rg
5771,track,3101,spotify,spotify:track:0269x4Sj9RxWs1iXUix81J
5772,track,3102,spotify,spotify:track:1sJZgGyZJookIoyLi9jDOV
5773,track,3108,spotify,spotify:track:0zO8ctW0UiuOefR87OeJOZ
5774,track,3109,spotify,spotify:track:7sycKW6BGv7eTXVdtWkqom
5775,track,3111,spotify,spotify:track:2yiOLQkjTBPAgU9bPxNOrO
5776,track,3114,spotify,spotify:track:2eMB5uoWzRml3ofK9ZYlWR
5777,track,3115,spotify,spotify:track:3jp91KuHiNeF1kVdP7LGwE
5778,track,3116,spotify,spotify:track:3rJILRCvM7tfTXwHdNaMVl
5779,track,3117,spotify,spotify:track:0xRQcaFxNETdmB0mIpAkuU
5780,track,3118,spotify,spotify:track:3cTjrgUbe9WzdEvkLJQE5d
5781,track,3119,spotify,spotify:track:0Dp8tLOg4I1jNaB40H8atR
5782,track,3126,spotify,spotify:track:2wAJTrFhCnQyNSD3oUgTZO
5783,track,3129,spotify,spotify:track:4dSLfdnCy43DPJiqpoZoKe
5784,track,3131,spotify,spotify:track:1v1sLPvoolEgdbYe2PeV2g
5785,track,3132,spotify,spotify:track:60kz07rm2LIT1kmFs7wvIK
5786,track,3133,spotify,spotify:track:7Gz8klQdZ9O4lUpGQ4KZl9
5787,track,3134,spotify,spotify:track:33OG3eJX77UAcaTzQa0xIu
5788,track,3140,spotify,spotify:track:1d8hvZGaJ9X8pAeMttauii
5789,track,3142,spotify,spotify:track:46CA1H0T1r7u5lDUtVveAh
5790,track,3144,spotify,spotify:track:7Ekn47ASzS9ZXH3UJA0be4
5791,track,3145,spotify,spotify:track:4eSGSqP2TZvvX0kadZZttM
5792,track,3147,spotify,spotify:track:52CINNrylYO562917hH2pj
5793,track,3148,spotify,spotify:track:332Yig3HD2IdDigzlf5Ndl
5794,track,3149,spotify,spotify:track:6Is1oWZB3Ry1bbMx2MKeui
5795,track,3151,spotify,spotify:track:22okfZRLfP6hxuplYUGef6
5796,track,3153,spotify,spotify:track:4yzNRhf9wCOE8lJQxZlNcq
5797,track,3154,spotify,spotify:track:5DXJ7agkkKytxX8Z2x1fY3
5798,track,3155,spotify,spotify:track:2CnrJj6Jz4vSe5E1hsWtpg
5799,track,3156,spotify,spotify:track:7zdanauvITJaq9OE7bBz0c
5800,track,3157,spotify,spotify:track:6Xw3iWrQKgArwlRhVuU9CK
5801,track,3159,spotify,spotify:track:019vSbKs3Af3hY0pKJ2HiC
5802,track,3160,spotify,spotify:track:0j35X8cTq543QDYLOyqB8W
5803,track,3161,spotify,spotify:track:31G9RaSaDOI2NWcpnIp734
5804,track,3163,spotify,spotify:track:0iIZ1fqdUIfcE8CIndhlDD
5805,track,3164,spotify,spotify:track:3jnMIpw27BajIwEUErcePy
5806,track,3165,spotify,spotify:track:0ed6evAMZvewGh4UI9KkVU
5807,track,3166,spotify,spotify:track:1Old7SPJD1Ykzb4w1IXY51
5808,track,3167,spotify,spotify:track:2Wl2S9Fmjg2GFCu8qtwyi0
5809,track,3168,spotify,spotify:track:1Z7C8ClE8UEaH70jCCeJH2
5810,track,3169,spotify,spotify:track:53duuSwaLOZuIrELvZXqLH
5811,track,3170,spotify,spotify:track:612lE4c57zWDOqeWca1Pmf
5812,track,3171,spotify,spotify:track:1ozdRCYFVt8Ui0dba1520D
5813,track,3173,spotify,spotify:track:7zfmhBiUvGoHz76NO1d5bZ
5814,track,3174,spotify,spotify:track:15LVUC45FiKlBp0wkmJkcv
5815,track,3175,spotify,spotify:track:4INDiWSKvqSKDEu7mh8HFz
5816,track,3176,spotify,spotify:track:3DzmXojNacImcQ2uIM1wQS
5817,track,3177,spotify,spotify:track:0S736hkRjkdmuvbZuvx1sh
5818,track,3178,spotify,spotify:track:2Uvwc7D5rhphlzfBDnpYpU
5819,track,3179,spotify,spotify:track:7KwZNVEaqikRSBSpyhXK2j
5820,track,3180,spotify,spotify:track:11s9e5nZrTXzdDTguBFtou
5821,track,3181,spotify,spotify:track:1ZwfLPG0QcFkhE0jKPDhZU
5822,track,3182,spotify,spotify:track:7wtoVXFcgTifQW9cVvfelq
5823,track,3183,spotify,spotify:track:5BiuxSuxOZ9CcQ6SqICsDv
5824,track,3184,spotify,spotify:track:7aRGb3vZGMLNpK2PEdUjdA
5825,track,3186,spotify,spotify:track:2Mb3zpobD0CvJGWv6NpsPy
5826,track,3190,spotify,spotify:track:3RySVukMPe4R7lAP8oGI17
5827,track,3191,spotify,spotify:track:5VMka8joGxOn1R8NJkf3Cl
5828,track,3193,spotify,spotify:track:2elA6JLRaQ6iB7hxiuTKN4
5829,track,3194,spotify,spotify:track:3u9pftbhkHKNti0U58q5j3
5830,track,3195,spotify,spotify:track:1muLq1kBLWIT3pmNC2xl0g
5831,track,3196,spotify,spotify:track:1dF5Y2dd7Wm4wZKvVjWBpr
5832,track,3197,spotify,spotify:track:5KSJ9k1FYjFLnIRlJT2wF8
5833,track,3198,spotify,spotify:track:54oACFHRfeOa7VD0FTQSkJ
5834,track,3199,spotify,spotify:track:7hcjkFjIyw8vsUOVIDlcmS
5835,track,3201,spotify,spotify:track:4SMrx5BmR4F4IJkxAN1oCy
5836,track,3202,spotify,spotify:track:5KUNwkaNf8l5A9sXZhiCgI
5837,track,3203,spotify,spotify:track:3G4TaLmm9xH4wezTsC5LP1
5838,track,3204,spotify,spotify:track:6ga1y7YzrIpSWW6FkSWtx3
5839,track,3205,spotify,spotify:track:41KmLBPwqBTAyfeUN2YffS
5840,track,3206,spotify,spotify:track:7riU08oj5XT2Im7rveH9vd
5841,track,3207,spotify,spotify:track:2oNaCwNUF9oFQEsQAtDosi
5842,track,3210,spotify,spotify:track:6BTFXHXxRbTTZkIaGhCKwB
5843,track,3211,spotify,spotify:track:6uaWosZ2ZbCfq3ceZa97xw
5844,track,3212,spotify,spotify:track:4gQe4jnogRCLhgGJXbXJgI
5845,track,3213,spotify,spotify:track:6BfdnfL4MhcPwGTexstLCD
5846,track,3214,spotify,spotify:track:2Y7gsy3svMkJb1iaSvAgyv
5847,track,3215,spotify,spotify:track:1aPhom57yPUoaYMA4LGYjq
5848,track,3216,spotify,spotify:track:31lXE9pDnGGinifKgfFzbW
5849,track,3217,spotify,spotify:track:6n2iMMdX0bour98gYfsRCa
5850,track,3218,spotify,spotify:track:5pBcNviqx2zZIWTvyhnj8L
5851,track,3219,spotify,spotify:track:2NsakyMtLkF202GZQT4klh
5852,track,3220,spotify,spotify:track:6NhF2CXTIR6dnzvQ5eCWAD
5853,track,3222,spotify,spotify:track:3Vbp9q1VjQsFnHxnAfSorg
5854,track,3223,spotify,spotify:track:1PCUiQznuHjeRfkPD5I8Xs
5855,track,3225,spotify,spotify:track:2JYWMlXucYqO8EYmZ5uJEN
5856,track,3226,spotify,spotify:track:24zS5gwLcmuacxRPyl7eCS
5857,track,3227,spotify,spotify:track:1265N14L1xyzKNr5XZzuTP
5858,track,3229,spotify,spotify:track:2n7h09QrGitVul66b2D8Re
5859,track,3235,spotify,spotify:track:0UOPPd9L3LSsKShpBx5jGf
5860,track,3237,spotify,spotify:track:1a1LNRtmRJ46EqjVja044n
5861,track,3238,spotify,spotify:track:69toZvLG490IrN6YtmN4wH
5862,track,3245,spotify,spotify:track:6cEI7u5eOOQTmoOtSBwTp8
5863,track,3246,spotify,spotify:track:5EuI6CO76Uv7CCAGbXkJwe
5864,track,3247,spotify,spotify:track:40uyUJ1Qj6TJT9XWW1yiEw
5865,track,3248,spotify,spotify:track:5oHefuJW6udg0pphl5KXwN
5866,track,3249,spotify,spotify:track:4q71zOiiFoDaVQCQcE6jcp
5867,track,3250,spotify,spotify:track:7BqLFe8B2KzGRrzt3XXG0Z
5868,track,3251,spotify,spotify:track:5E8upu6YPbWVqnBz1XsuEh
5869,track,3252,spotify,spotify:track:4nOGEgvq7zx0jazHuKZW1U
5870,track,3253,spotify,spotify:track:5GseQckHgP7uWyaiCd5ZW3
5871,track,3254,spotify,spotify:track:04Rz403IY7QUqgfrTWX6OU
5872,track,3255,spotify,spotify:track:2TE1FOBGJ0h7xxIFUjppmd
5873,track,3256,spotify,spotify:track:0kU9oWqYnPeqEca3x2auV9
5874,track,3257,spotify,spotify:track:6f2xulX5HzsHMMh9BWUS7g
5875,track,3258,spotify,spotify:track:5LZ4d69L4TK8hVyh2q7YEJ
5876,track,3259,spotify,spotify:track:2io3tr0HmXMIGY06xnWb0J
5877,track,3260,spotify,spotify:track:5LN1B9uVAVleCZ2euGarvi
5878,track,3269,spotify,spotify:track:7BR8gWAmH0NSEgLG5aVqww
5879,track,3270,spotify,spotify:track:49OICE23VHJS5iT64VdHHf
5880,track,3272,spotify,spotify:track:5KjBz4PJbmiDWgn8J3R2hk
5881,track,3273,spotify,spotify:track:2MdizCboDYgDUgznV0rfUL
5882,track,3275,spotify,spotify:track:6QEuNpt960ZJOW9ongEg92
5883,track,3277,spotify,spotify:track:6FPRm0E5KKB4bDvvWd34be
5884,track,3278,spotify,spotify:track:2uC0TcJ9tpzE7LZ8UZzLMo
5885,track,3279,spotify,spotify:track:4fMVwONFqlE2Ob5cGPNjpd
5886,track,3280,spotify,spotify:track:3B0jWUpvPpnGIvux7DdG6t
5887,track,3281,spotify,spotify:track:49y0pBVp70V81WHgS576AD
5888,track,3282,spotify,spotify:track:6FqfN6eXEedDpeha3jkQRo
5889,track,3283,spotify,spotify:track:49PVJikBTtEEAQxIyIP6Sp
5890,track,3284,spotify,spotify:track:6zrzEuvgKBZKk7ogsyGy2m
5891,track,3285,spotify,spotify:track:3cmPZnepDmkwy6WJZaJIrk
5892,track,3286,spotify,spotify:track:53VIWPPMz9S7ob0D8JxF9N
5893,track,3287,spotify,spotify:track:23Cx5Jv0bsCMoUnoygy5jy
5894,track,3288,spotify,spotify:track:3B54sVLJ402zGa6Xm4YGNe
5895,track,3289,spotify,spotify:track:238Sekyg7DyN2XDm0z4oWY
5896,track,3290,spotify,spotify:track:4bP2tfRzaTCNvQwpNGNIk3
5897,track,3291,spotify,spotify:track:08uGhvS5MfBk7crUCpnjva
5898,track,3292,spotify,spotify:track:0EytHHNzOxDyxNThyCx9oT
5899,track,3293,spotify,spotify:track:0hRPRbA2B1CYmGNhWhFjwF
5900,track,3294,spotify,spotify:track:31kUJ6TBHOICknBrFugOvI
5901,track,3295,spotify,spotify:track:7wfGx8bfYFGA3Ongr3ZGia
5902,track,3296,spotify,spotify:track:7FV37T2h29abtBP3kyuxCu
5903,track,3297,spotify,spotify:track:2x6gZyPFkztLxHuVbjm4q6
5904,track,3298,spotify,spotify:track:3G3Hs7RYLxdfLNM4PMHgJO
5905,track,3299,spotify,spotify:track:08rv57Ze6p7Vxu8rcPHPV1
5906,track,3300,spotify,spotify:track:24asXAMKi2sR36YThIVs5o
5907,track,3301,spotify,spotify:track:2xyRZ1lxkW5cXDTRt4bT9o
5908,track,3302,spotify,spotify:track:1UA7A9ipmYOYXMtJGjShzy
5909,track,3303,spotify,spotify:track:1AEojplZ2XrP48q96aPLtu
5910,track,3304,spotify,spotify:track:6za48riBTylMJHsf4AJPxK
5911,track,3305,spotify,spotify:track:1S2rHQtPR3DoMau0BQ82FT
5912,track,3307,spotify,spotify:track:4gdQ8QShlC3toP9Mkc8DwB
5913,track,3308,spotify,spotify:track:5A1jH0Zt8YG8NPj0bfsxSQ
5914,track,3309,spotify,spotify:track:0GRlBzZQTBTadVwZeycIk7
5915,track,3311,spotify,spotify:track:6gfmVfpIA8zWsKTEVtt5nG
5916,track,3312,spotify,spotify:track:7xSwCbEkBl6yAcYcwkeZtf
5917,track,3313,spotify,spotify:track:1zAKsTWrhvhvor0PyG56k0
5918,track,3314,spotify,spotify:track:4u9QsEY02G3bJZSWgBdiva
5919,track,3315,spotify,spotify:track:550JPXXPgjr1xqxtKIaX6b
5920,track,3316,spotify,spotify:track:5DjQJlPeXrScWxd2z3mqnz
5921,track,3317,spotify,spotify:track:6DSsyKXea1bAS7pNAidqep
5922,track,3318,spotify,spotify:track:0ksUr5fDvrRKU4FBbSp7NK
5923,track,3319,spotify,spotify:track:415WQ0nuhbQocDBH5XbZZ6
5924,track,3326,spotify,spotify:track:3JPsakxAhwXPZApkfnIx4k
5925,track,3327,spotify,spotify:track:31ZHJWLVY80gCKDaBrOfGl
5926,track,3328,spotify,spotify:track:0XcTOLKLorCgXa2KWzhM1D
5927,track,3329,spotify,spotify:track:5z7mYFfhw6N6f23VwrokJD
5928,track,3330,spotify,spotify:track:5voPrNQYQ4kQoRZ9A2NghB
5929,track,3331,spotify,spotify:track:5fz2Z7m0u2AKCkdrGKXHtC
5930,track,3332,spotify,spotify:track:1zb9cdsTMrEEL2Ut8rmTb6
5931,track,3333,spotify,spotify:track:7LkwNlnMYYGOCqW1igUgqR
5932,track,3334,spotify,spotify:track:5vqWBwyCr9SvD4pc9JVSSw
5933,track,3338,spotify,spotify:track:6j8lAie0mdUNreql5d5Ejz
5934,track,3339,spotify,spotify:track:19gEmPjfqSZT0ulDRfjl0m
5935,track,3344,spotify,spotify:track:1yAfuJ7TB0jbNP6Ho0QrJX
5936,track,3345,spotify,spotify:track:6pULM1qkKtreWYytq64ZIV
5937,track,3346,spotify,spotify:track:7vbv1mNw1fhMCaqbJ5haAT
5938,track,3347,spotify,spotify:track:45sxLm9IQ2jUPVdcycuHVd
5939,track,3348,spotify,spotify:track:5lCtxO1gYyQX7Hb2DPlMQm
5940,track,3350,spotify,spotify:track:32OiPj5WrMToQV5XjNd8dF
5941,track,3351,spotify,spotify:track:7GFCOhZAlkKYU1VZftqDvL
5942,track,3352,spotify,spotify:track:7cwhhFfL4nUAngjFDvn4UJ
5943,track,3353,spotify,spotify:track:1q9bLSeIlGf2xBvbOkp2Wr
5944,track,3354,spotify,spotify:track:2igwFfvr1OAGX9SKDCPBwO
5945,track,3355,spotify,spotify:track:5sNESr6pQfIhL3krM8CtZn
5946,track,3356,spotify,spotify:track:5qkqFo5FFjS0d2yKDmiB36
5947,track,3357,spotify,spotify:track:6fAjaOmTIccOPdO7raTJTt
5948,track,3359,spotify,spotify:track:30zZSidc7absnuf0QsYKCN
5949,track,3360,spotify,spotify:track:0p5jzcTiBelkUqM4ipFlfr
5950,track,3361,spotify,spotify:track:6v6XHL7RIcH4n6Hameo2wk
5951,track,3362,spotify,spotify:track:5vEyvRitKgUOhA6UeCuu4P
5952,track,3363,spotify,spotify:track:1zPHYS8xSRM0RqhX0nFwtl
5953,track,3364,spotify,spotify:track:3wVRU5ungb8sIdLbvO6kCq
5954,track,3365,spotify,spotify:track:7nfy1l7LJ8dMKwKpupSvrG
5955,track,3367,spotify,spotify:track:0Ky7lasWU4xh1PwSqmYNct
5956,track,3368,spotify,spotify:track:6nkgBdXkiWKxLQ9VOVVmEy
5957,track,3369,spotify,spotify:track:3ZbGJ6sxn7K7WLvp2t7kV4
5958,track,3370,spotify,spotify:track:2QJYSYcuEFsiT9Qbdogwlk
5959,track,3375,spotify,spotify:track:1SCicirSD5cfxrnOnDuKPD
5960,track,3379,spotify,spotify:track:6Ev9IM6DygA99TWCiPMxIp
5961,track,3380,spotify,spotify:track:5isfa4N7Qfa1f5RfnZkQ5X
5962,track,3384,spotify,spotify:track:1GxHeBvQ9935Dd3cSfsfBa
5963,track,3385,spotify,spotify:track:147TR5QZzxTnnwqltaRi4N
5964,track,3386,spotify,spotify:track:4BDgGQXx7jO2JgC7bpFsIv
5965,track,3387,spotify,spotify:track:7satW8tFLasyZbftvrWFBP
5966,track,3388,spotify,spotify:track:6bUNEbXT7HovLW6BgPCBsb
5967,track,3389,spotify,spotify:track:7N1Vjtzr1lmmCW9iasQ8YO
5968,track,3390,spotify,spotify:track:4X1odWLrLSSahaK6Hi15AA
5969,track,3391,spotify,spotify:track:0CuKb9Iy8CLnSGJM5VemIK
5970,track,3392,spotify,spotify:track:0oPAi9fDUBiYkTloK2TK8o
5971,track,3393,spotify,spotify:track:6adNBctuCPpcJLBdJ2E1cb
5972,track,3394,spotify,spotify:track:0h9K8t840tzSx78gSQmoRR
5973,track,3395,spotify,spotify:track:3cbWIUgyadDy5ZdAVsvirB
5974,track,3397,spotify,spotify:track:6oABdZ1uJGNFCMYNVEiwOQ
5975,track,3399,spotify,spotify:track:5B2k81ADhrCuCL7zTisT1X
5976,track,3400,spotify,spotify:track:7FwEOPEpMspEfWeNnOFbSh
5977,track,3401,spotify,spotify:track:6x60nSEulN056J4jXhMauZ
5978,track,3402,spotify,spotify:track:3Y3iC7f2ypojLMgr7yn9ZC
5979,track,3403,spotify,spotify:track:0oFjzFHjVrqXXsqukIz1WG
5980,track,3404,spotify,spotify:track:7xXvPyOiFCsB5SSpio5g38
5981,track,3405,spotify,spotify:track:1UH0ktfAPhZNDX2OofipFj
5982,track,3406,spotify,spotify:track:1nNPhrhiTv07CYhBIlzgfr
5983,track,3408,spotify,spotify:track:0kQh5MWugda3GAA9vS23jq
5984,track,3409,spotify,spotify:track:4lAyqiZp83h61xivGMG0lE
5985,track,3410,spotify,spotify:track:7oucoKoRxpNrURPaXzM4Gh
5986,track,3411,spotify,spotify:track:4neFsuHggPwRfybt0b7PCp
5987,track,3412,spotify,spotify:track:6t8gutWdQVmAfYM2kK2MFL
5988,track,3413,spotify,spotify:track:4ocmS1yWJWRcvPR74kXcs7
5989,track,3414,spotify,spotify:track:3Lf5UMYPVEO8OaPz7nmYDr
5990,track,3415,spotify,spotify:track:2ZZ3ZxBzCnkn5F1bDFOC2W
5991,track,3416,spotify,spotify:track:10vDX9vpFk4VZEFczgqoOg
5992,track,3417,spotify,spotify:track:6kZkq1Ck3RdrILwG3spzRD
5993,track,3418,spotify,spotify:track:6SCIOF8Qq3jhDpE7qEoWbK
5994,track,3419,spotify,spotify:track:0Il2ZP8uIMi86xGRqJb8ye
5995,track,3421,spotify,spotify:track:6FgcXEzkKwNUfuAADIiwue
5996,track,3422,spotify,spotify:track:3MtmiDmRK9gApogfyutrqy
5997,track,3423,spotify,spotify:track:73SxOt2JAlcSRIKGVlqH5E
5998,track,3424,spotify,spotify:track:5JKz9MkIo6s2aBMKKFr9CW
5999,track,3426,spotify,spotify:track:0iYFTYlu7aNKUSmD6nfc6d
6000,track,3427,spotify,spotify:track:2b8ntbMqIrXSPRNbPg2nGb
6001,track,3428,spotify,spotify:track:4SOwSwa3vvq6B6Za84N5kh
6002,track,3429,spotify,spotify:track:2hWgzPIbK105mVUrEWR6PU
6003,track,3433,spotify,spotify:track:6C781pluv3BPxGHHCUJNYc
6004,track,3434,spotify,spotify:track:59q0gDvWPoL2DQ1SAt5ZLY
6005,track,3438,spotify,spotify:track:2AB3JCTXrp5yCkE8gOwGuc
6006,track,3439,spotify,spotify:track:2x98hOxbd1cnV6AKhPRUcX
6007,track,3440,spotify,spotify:track:4b2oFtCnvDqAAt6zGBO4sj
6008,track,3441,spotify,spotify:track:51QLvM437Xstp0bLdq0aFj
6009,track,3442,spotify,spotify:track:1ZosUXeZM3qlTWdL1uTrhm
6010,track,3443,spotify,spotify:track:6C872iuQnICFQy5Z5hIIJX
6011,track,3444,spotify,spotify:track:0I3q5fE6wg7LIfHGngUTnV
6012,track,3446,spotify,spotify:track:3R4IgnYTITZGpGfCZ3ptkM
6013,track,3447,spotify,spotify:track:1Jo3u8eXp8xobbrvq0FIi9
6014,track,3448,spotify,spotify:track:2b19g6WaqijXOkIfRBkqvJ
6015,track,3453,spotify,spotify:track:5mAFLoldgsKkbtvOmJOHvQ
6016,track,3455,spotify,spotify:track:0Bi1amRigSOIzLc21hOH6p
6017,track,3456,spotify,spotify:track:3zmrbUce0IaX5qfijvRtsL
6018,track,3457,spotify,spotify:track:1H6S9OkozTNvcASUX4Bfgb
6019,track,3458,spotify,spotify:track:6NqUceA124QO9v5jYv0QCg
6020,track,3459,spotify,spotify:track:5LAgMMJQ42fF8yKLKF3Wiw
6021,track,3461,spotify,spotify:track:2vjgepbkQg5jH8ujrKEOin
6022,track,3462,spotify,spotify:track:3HbreCF19wV7JsqoFRM4SH
6023,track,3463,spotify,spotify:track:7AJtvcBLapo7tFdritc6EQ
6024,track,3465,spotify,spotify:track:4MfpXzalRm0gK9j9gjHdSI
6025,track,3466,spotify,spotify:track:4HkPuVAfhgjq4QvJthcEx2
6026,track,3470,spotify,spotify:track:0h4rEJHJMKEmRUyKnH6oz9
6027,track,3471,spotify,spotify:track:75NTEavAgkJRANcIjVLaEK
6028,track,3472,spotify,spotify:track:6hL1tyw5XX9cfQtyK3B9BX
6029,track,3473,spotify,spotify:track:040lZvntIIlv8cHIAkprMF
6030,track,3474,spotify,spotify:track:11KHbUFkkWPIyGge4CbN0Y
6031,track,3475,spotify,spotify:track:7rQEsMAmRB4KaXhx3xJM13
6032,track,3481,spotify,spotify:track:3kIfbVjZBS7WUbcDS3ThCt
6033,track,3483,spotify,spotify:track:0tpUSqnOkcuMz2rwrSKKf1
6034,track,3485,spotify,spotify:track:6GAemDMWAXa8wZOBkO1gar
6035,track,3486,spotify,spotify:track:4tEaytMs86hIaOSsiGoLcP
6036,track,3487,spotify,spotify:track:5wqB54iVcVNy2D14erF4CU
6037,track,3488,spotify,spotify:track:50Jd65ahAFXAzZbsRer4zJ
6038,track,3489,spotify,spotify:track:418gbkfxGTzo23KGo10uq1
6039,track,3494,spotify,spotify:track:2OI3UlKANPcUiwkMap8O7X
6040,track,3495,spotify,spotify:track:70EWn7xPgHTqabPXw1JiaS
6041,track,3497,spotify,spotify:track:6WneiYIy9SEaCmGSebqODo
6042,track,3498,spotify,spotify:track:3zrqcFaZI10iKuiFwKBNlD
6043,track,3499,spotify,spotify:track:0qNnE0beu4OfHk8Txa3vGt
6044,track,3500,spotify,spotify:track:4YbCZSeX3QhpEyQE5KAtio
6045,track,3501,spotify,spotify:track:3LO6tJZJjDM4xWe4D01HUN
6046,track,3502,spotify,spotify:track:54X9TiXRLv9n0BBmnGWzJC
6047,track,3504,spotify,spotify:track:2OCJ0ZZW75wPcMyUI9l1Lb
6048,track,3507,spotify,spotify:track:0KrJVqg1wdHZrVCuevD6yq
6049,track,3510,spotify,spotify:track:258tjW9o6AjJnSiRnTeulO
6050,track,3512,spotify,spotify:track:0vqohzDPRWrI4I0oXI8kkK
6051,track,3514,spotify,spotify:track:40BMhtMftfk75NKehIOXkB
6052,track,3515,spotify,spotify:track:6GKy2TPRpuUAdCwq1YbBqM
6053,track,3516,spotify,spotify:track:0wmEWk3ao1oLZzchZevXUn
6054,track,3517,spotify,spotify:track:5EkuOFd5T2c2ceITcbB0CW
6055,track,3519,spotify,spotify:track:2oLwDI8tZUOh6SmTMRRfKs
6056,track,3520,spotify,spotify:track:3r0xZWOswSEacJoNDjoZpq
6057,track,3521,spotify,spotify:track:5cghqtgljxpGJ1XeXAIK4p
6058,track,3522,spotify,spotify:track:4OednFuPb2unHVhKhc1Sdh
6059,track,3523,spotify,spotify:track:3zgptmNsfqy1JscBOebsYJ
6060,track,3524,spotify,spotify:track:6w4MlvpuxtbjGdL9YeTx89
6061,track,3525,spotify,spotify:track:5qKqRkWnRTXNVWbEOOmGxk
6062,track,3526,spotify,spotify:track:2vfvGlqCB7oertO5VLE0sz
6063,track,3527,spotify,spotify:track:2q8lHMMso6wx6pb5uwqzOs
6064,track,3528,spotify,spotify:track:5katW3JH8JM3jiEdrr2zuR
6065,track,3529,spotify,spotify:track:1C4FzrUYsOPlor1ZRxy22A
6066,track,3530,spotify,spotify:track:5CmppJSgKxiY63erRFxFY9
6067,track,3531,spotify,spotify:track:6QkRTkarDVgHf2WGGcmU5g
6068,track,3532,spotify,spotify:track:65J0X42rSHFBNy1xZSyHQD
6069,track,3533,spotify,spotify:track:71vnTUFoXjqP9W8sCVcMQG
6070,track,3534,spotify,spotify:track:3Idgk0phpc2oewAJzKgoU4
6071,track,3536,spotify,spotify:track:6hvUhEODKqAuNl69JHIyPz
6072,track,3538,spotify,spotify:track:3qJIYuw3PGyCY6R7sG17C4
6073,track,3539,spotify,spotify:track:0i8TVNKjUrChb2XlFgDpzo
6074,track,3540,spotify,spotify:track:30yPichnQEc8RCPb2AUO4A
6075,track,3541,spotify,spotify:track:6qD8RihGk1gMP5bB77Hcid
6076,track,3542,spotify,spotify:track:73uIlsIaRzLLPPfP963FX5
6077,track,3543,spotify,spotify:track:2xMD8lbqhQUMOIeTxACmrx
6078,track,3544,spotify,spotify:track:0AHSR3ZrccjVt9C60NZUsc
6079,track,3545,spotify,spotify:track:3bGUPQBWVszEYFXkhlyNNY
6080,track,3546,spotify,spotify:track:2xtz0NHJamkbhI5yqdhrHA
6081,track,3547,spotify,spotify:track:6ArPUcNQCZZQCbhjerDq4k
6082,track,3548,spotify,spotify:track:4jSpnGA5gTZoZGQRAswYxK
6083,track,3549,spotify,spotify:track:0MVZI1SIcbmeNzpKFeIaur
6084,track,3550,spotify,spotify:track:0S8DavMnMq2qL2DR5qt5Mf
6085,track,3553,spotify,spotify:track:5eWj4hoqE9cf8mCE1pkB7M
6086,track,3559,spotify,spotify:track:2J6XfWSIgNM44wb83QFbdn
6087,track,3560,spotify,spotify:track:6ge701XMHMfoFMDT8xtMiN
6088,track,3561,spotify,spotify:track:6pDXgPTdFOzqPiIYOq8ShT
6089,track,3562,spotify,spotify:track:1cPw2zr8Jo2i9SIwQkJrcj
6090,track,3563,spotify,spotify:track:0z3OeO86UGVk7BySbvWDRx
6091,track,3564,spotify,spotify:track:0w02QKsU9va8KNnsAaHYM1
6092,track,3565,spotify,spotify:track:4dRWs0dVHxDf89zftWN5HZ
6093,track,3566,spotify,spotify:track:22wlZ0k1c3BSZuZpHkqAnl
6094,track,3568,spotify,spotify:track:54v6Kv41W8AKToCb14PmJD
6095,track,3570,spotify,spotify:track:2uBQhNOmNE8bZfrY3Ze8uI
6096,track,3571,spotify,spotify:track:6x1h2IjySyKTC3JlMx73l4
6097,track,3572,spotify,spotify:track:5AIsOLMaT8uUKf5Mn3MCzu
6098,track,3575,spotify,spotify:track:4JDmEu33vsDh5TgJeMYJA2
6099,track,3576,spotify,spotify:track:27z74gjcmWYJLrqaWuYY2S
6100,track,3579,spotify,spotify:track:4s4OrAMf6UQ4VeJOLJWOGo
6101,track,3580,spotify,spotify:track:1ZSS2fsOE1xEciVFfwsMiZ
6102,track,3581,spotify,spotify:track:0Gah6uyku6xMDQR1VI3jKV
6103,track,3582,spotify,spotify:track:245ywLmGvLkaoebFNZ2bjc
6104,track,3583,spotify,spotify:track:6iTCJXFtbTfOqPDpXFlmzB
6105,track,3584,spotify,spotify:track:3RmXd8ACKRIeyvcEaZaEzb
6106,track,3585,spotify,spotify:track:1GxT6s1sncd3BoR7qFcMqc
6107,track,3586,spotify,spotify:track:15yYiHmcwq3gaH5gaWX21d
6108,track,3588,spotify,spotify:track:2MSGuAG12HVVyRu5m5n2QS
6109,track,3594,spotify,spotify:track:46frg1EH2EXirm1asnjlZ1
6110,track,3595,spotify,spotify:track:6XyEttqjQKxDMioLbBV87d
6111,track,3596,spotify,spotify:track:6gTvc3MKVqaJj38a4eMPBF
6112,track,3598,spotify,spotify:track:2kwNeYnFH0ntFNekLfcDCx
6113,track,3599,spotify,spotify:track:2XbwFs07dfm2MGQuYmRMZT
6114,track,3602,spotify,spotify:track:4G3dZN9o3o2X4VKwt4CLts
6115,track,3604,spotify,spotify:track:5AuE2uHKeAgPqr3xWfN1Fd
6116,track,3606,spotify,spotify:track:3mFXEQprKRRk23VUaXENr8
6117,track,3607,spotify,spotify:track:3Glf0o16Degik2iYavI9Y9
6118,track,3608,spotify,spotify:track:0WjsqzFU8eq0qAqlGFkIVQ
6119,track,3609,spotify,spotify:track:0Rip2t1C7WFjAZzIjhCaAj
6120,track,3610,spotify,spotify:track:5E4gsK6H5fKwzHPYRxzWnw
6121,track,3612,spotify,spotify:track:4hm5xTEKwrr6itDDRNwtqo
6122,track,3613,spotify,spotify:track:4Kw1o24YTQtgqPIsURF3Ah
6123,track,3614,spotify,spotify:track:405JJRCXdv599xqPR2xnTm
6124,track,3615,spotify,spotify:track:36t0JoOcSLMYjpXlg5Y1Km
6125,track,3616,spotify,spotify:track:3oiWJRodKWwBH18xCqELk9
6126,track,3617,spotify,spotify:track:5ybSxdXNxITjiLXuHdi0XN
6127,track,3618,spotify,spotify:track:0F13J254b5PbiAs4tosaD7
6128,track,3619,spotify,spotify:track:7vlPI45Zzzk0palLdKry4k
6129,track,3620,spotify,spotify:track:3DIVCg9ttv79atkxohpFPI
6130,track,3621,spotify,spotify:track:5bLHYih2LtzjxHyeKANlTO
6131,track,3622,spotify,spotify:track:7jztn60jq5bpFrwN5RXQEX
6132,track,3623,spotify,spotify:track:6KacmqPPQ3LNoiGFuqGChs
6133,track,3624,spotify,spotify:track:5z1AqVb9ptamjimrB4PDsF
6134,track,3625,spotify,spotify:track:7nUsDCJPnJTqNUqxipnNy4
6135,track,3626,spotify,spotify:track:6HIwZL7r4PilAp0U3eQlwW
6136,track,3627,spotify,spotify:track:0Rzf5QigupdjhLXM1uJesj
6137,track,3628,spotify,spotify:track:1ygPJOm18FH3BRFqzA6caT
6138,track,3629,spotify,spotify:track:0H9WQbyHO5FHchgtADVf4R
6139,track,3630,spotify,spotify:track:5tcyPxd27DWYW3FRSPFddH
6140,track,3631,spotify,spotify:track:5w0HXnVCQlqe8UFY3Mbgbs
6141,track,3633,spotify,spotify:track:50fWnan8gS7D8G5oeeA5ns
6142,track,3634,spotify,spotify:track:1XytbxzD1Znq1TYheGdk14
6143,track,3635,spotify,spotify:track:7Bk3Re8tnDnb0RN6IBwQuU
6144,track,3636,spotify,spotify:track:4mk5Tk1LSDKBzwB4pIYOSa
6145,track,3637,spotify,spotify:track:2t4GMkKH5mNdVTsrbkyCRq
6146,track,3638,spotify,spotify:track:1ulmrAghRuxOOaRObJyiIH
6147,track,3639,spotify,spotify:track:1QUdhZ3LBHdHzLQars6etD
6148,track,3640,spotify,spotify:track:4BnrGx9tWNF8aiXl1UhDBa
6149,track,3643,spotify,spotify:track:3dst21BU1yo7leS5njO5dC
6150,track,3644,spotify,spotify:track:3SMC28iSAEzyKge9TuQM6O
6151,track,3646,spotify,spotify:track:7GEmLUB6NSNHuk3sy1hDLg
6152,track,3647,spotify,spotify:track:52NNlcwsAAzEfGvfkrWrv2
6153,track,3648,spotify,spotify:track:77WWnPTf86DQfSfRfSi6Gs
6154,track,3649,spotify,spotify:track:3fVewicY46xJZfCZs2FllT
6155,track,3650,spotify,spotify:track:4hPaEUdCjpFlbpGFxspeDb
6156,track,3653,spotify,spotify:track:2dBHWIttcCBjPEXbaBvyDW
6157,track,3656,spotify,spotify:track:2HlDkSeQVfB6Q7QTo8TnY5
6158,track,3657,spotify,spotify:track:7sT3O2PXs1o12XnCKlv204
6159,track,3658,spotify,spotify:track:0tyO5QX6e5QUYcz2VJqk0x
6160,track,3659,spotify,spotify:track:2Yqe6OYSTI5AKuWtLW5Uh1
6161,track,3662,spotify,spotify:track:7Ap4VUIqCK9fRa3jSwEDpH
6162,track,3667,spotify,spotify:track:2MyO82xk9BcHXbIbpUVzCY
6163,track,3668,spotify,spotify:track:6usCWRyRdplnEsWjpfwcxk
6164,track,3669,spotify,spotify:track:6904O7JrAxFybd4yu3Sz2V
6165,track,3670,spotify,spotify:track:6RvbG6Q7ft7M4JVKm17I4G
6166,track,3671,spotify,spotify:track:5hOrYYtUd96bIOBjuSEArP
6167,track,3672,spotify,spotify:track:33EvfEwe9JrbEt0PP1lIbt
6168,track,3673,spotify,spotify:track:2E2WGx9lYdta9BRy2axWXR
6169,track,3674,spotify,spotify:track:3iZKQU7zgHw2tFuqD7mdqL
6170,track,3675,spotify,spotify:track:41fQ2Jbz4Y7lywk5vus2G8
6171,track,3677,spotify,spotify:track:4Q3FXyqFhO1Bo3MUqim8hP
6172,track,3678,spotify,spotify:track:40R4QMQe1hXBYhfhqCXvdZ
6173,track,3679,spotify,spotify:track:6mfAA1tfSfz2YmpD3ICbm2
6174,track,3680,spotify,spotify:track:3LtL4otYolchH0NxaeH504
6175,track,3681,spotify,spotify:track:6FH6maCBk2oD5qqCghYW0z
6176,track,3682,spotify,spotify:track:4dHkUCQI9ULhOYrzpr7I6F
6177,track,3683,spotify,spotify:track:5VIlIEHVoOnU3rLUDma0px
6178,track,3684,spotify,spotify:track:5naz6z5q4YFeZrnc0bj4BT
6179,track,3685,spotify,spotify:track:50E0ooDbG8QhTjYNwhuBUo
6180,track,3688,spotify,spotify:track:5GgEaw77tURXiOJ9hkE7SD
6181,track,3689,spotify,spotify:track:48l74eZgaTqoZPyGglOh67
6182,track,3690,spotify,spotify:track:7sGbP6GTuGebHvv5LFDza0
6183,track,3692,spotify,spotify:track:38kNGmqmgR3PvyYuxFgyeB
6184,track,3693,spotify,spotify:track:3yL6iLEcVpOQzPFjYKh67A
6185,track,3698,spotify,spotify:track:7x9vJE3Xa7mIH106rzO9Tk
6186,track,3700,spotify,spotify:track:2SnMLyvWi6t0pG4VTg2iGr
6187,track,3701,spotify,spotify:track:1SzUjM4OtrcNMeDnL0aYDw
6188,track,3702,spotify,spotify:track:3T790QTg0ebUUk5tCRbtbN
6189,track,3703,spotify,spotify:track:2B7hM098uEDiLJqTsUY4Ba
6190,track,3704,spotify,spotify:track:07VQlRoaqWDJ9ySZhHw0Ec
6191,track,3705,spotify,spotify:track:0bZX6Nd5yHTFJnaJMq4iiU
6192,track,3709,spotify,spotify:track:4YFaSkSRaQ3lTde01gUSKq
6193,track,3714,spotify,spotify:track:4XQgeG5VBvvf0xRqNPsYFc
6194,track,3715,spotify,spotify:track:740gNyGWKk98gy8nJLhHrv
6195,track,3716,spotify,spotify:track:5zy2H6tKPI9vkyMEfivg6t
6196,track,3717,spotify,spotify:track:26DdCbuwHRX1BgWeHQIn1C
6197,track,3719,spotify,spotify:track:5OsVXAWDMK7v37MwKEDjcD
6198,track,3720,spotify,spotify:track:53G8RUE9BoY3JZwrifBWWn
6199,track,3721,spotify,spotify:track:1odSsdjoL5VxmCbg6UehJR
6200,track,3722,spotify,spotify:track:4wtQ5qLy8wxVsYk8avGfl7
6201,track,3723,spotify,spotify:track:6yP6dcEUESPutNWU7H14v8
6202,track,3724,spotify,spotify:track:0VR6D8voTii804KGuO3nQR
6203,track,3725,spotify,spotify:track:56nbhc2ZlvgxovMYbDKKLT
6204,track,3726,spotify,spotify:track:3Q6cmXkfvUNjmzXQO3SWVd
6205,track,3727,spotify,spotify:track:39uyaTPNLipkBEkuY6vtDe
6206,track,3728,spotify,spotify:track:3iRPqylFhfF5yvnpwGcNwH
6207,track,3729,spotify,spotify:track:1Nus43EtDWlKRkmkBmKbkn
6208,track,3730,spotify,spotify:track:4u75EotoK5s9ouX0sLLWHk
6209,track,3731,spotify,spotify:track:2eb51UvA5hKfZOC1cy1oA1
6210,track,3732,spotify,spotify:track:6Gk0qXgymMVf7fVNW2ZrV6
6211,track,3733,spotify,spotify:track:2kXAUbwtt5dl99KtDOWBi9
6212,track,3734,spotify,spotify:track:3ZbwuPHAAUfPF8JWAuDuNF
6213,track,3736,spotify,spotify:track:6nu35hLc8zsA9bwBpcuf5L
6214,track,3738,spotify,spotify:track:1eLU27PPFxBhbp1CBjPh9J
6215,track,3742,spotify,spotify:track:34MRi5GRWHFUa731JBxFEl
6216,track,3743,spotify,spotify:track:1fdyCMCLQjzeyvXuqNnTUw
6217,track,3744,spotify,spotify:track:4osgfFTICMkcGbbigdsa53
6218,track,3745,spotify,spotify:track:5OM3RuosTT4YEVsd8w0eV4
6219,track,3748,spotify,spotify:track:18lRXAROle06PhNpCqRoSV
6220,track,3750,spotify,spotify:track:6vul391xSdDR66GL0B5I3Y
6221,track,3760,spotify,spotify:track:54MqZEYfS0aRgNWW19hNW4
6222,track,3761,spotify,spotify:track:2ej1A2Ze6P2EOW7KfIosZR
6223,track,3763,spotify,spotify:track:6c7l5gpEyCNGr86jsWneGy
6224,track,3766,spotify,spotify:track:2JZpS2sOdJy37oBpn1GuPW
6225,track,3767,spotify,spotify:track:3H1WufSXLnOPckdJnFDbtF
6226,track,3768,spotify,spotify:track:5T0KMRfBTDZwH5uEBESxEd
6227,track,3769,spotify,spotify:track:3XNdcusfibvkxXPlQWt2tp
6228,track,3770,spotify,spotify:track:65yeCIHc5xgRVlTWMr1enK
6229,track,3774,spotify,spotify:track:5zwz05jkQVT68CjUpPwFZe
6230,track,3775,spotify,spotify:track:6XBzkHEjJKr3US1IH9Su1g
6231,track,3776,spotify,spotify:track:2rk0lCpO1vkKAQ6BC8bjUX
6232,track,3777,spotify,spotify:track:1FgeteSBYT80nWH1edeiMe
6233,track,3778,spotify,spotify:track:3aqTHUWsPKwxPFjjnApYsf
6234,track,3781,spotify,spotify:track:1w7LfVkzG7CoZJiIaJXETG
6235,track,3782,spotify,spotify:track:0ArWnZCoP1cIfHgjcCo672
6236,track,3783,spotify,spotify:track:7bCnjWoJdNmE2iCryDJruP
6237,track,3784,spotify,spotify:track:0BxwLWELYVGKqzUGXJNmT7
6238,track,3786,spotify,spotify:track:3WExO8x7Weo43IGaO3y4Du
6239,track,3788,spotify,spotify:track:5MfOhYcRuklBmaJRx4DkeD
6240,track,3790,spotify,spotify:track:4TdcXIIFCTpGlJSCs1JxF4
6241,track,3792,spotify,spotify:track:3ptikEjKbpbXvJtOosLMuH
6242,track,3794,spotify,spotify:track:0QbzR4Li7d8LrADxqS2Jto
6243,track,3795,spotify,spotify:track:7jLbTp3qZzah9kMIdW8e5M
6244,track,3796,spotify,spotify:track:4U6qrE2SSWYGVKCnT6VbmF
6245,track,3799,spotify,spotify:track:3qkFIjYRInFasy2jeDZPgm
6246,track,3800,spotify,spotify:track:4xHQTdD5oItTLv0rTjM5XN
6247,track,3801,spotify,spotify:track:1ygITaWckccPnbVE2nadrz
6248,track,3802,spotify,spotify:track:6TrQ7Od3cuVcXLsAPkgUED
6249,track,3803,spotify,spotify:track:62wtttQzoIA9HnNmGVd9Yq
6250,track,3810,spotify,spotify:track:7DYw9ZNBYSAwpLYKJZ3Qer
6251,track,3811,spotify,spotify:track:4wrM3FmbTdcSWo0DXaSCal
6252,track,3812,spotify,spotify:track:4yrqHxAUBDU6Uwrcn3oVo9
6253,track,3813,spotify,spotify:track:2su5al44SAzdlngiwMeR5D
6254,track,3814,spotify,spotify:track:6bcszExuP00JoOq7I8tN4P
6255,track,3815,spotify,spotify:track:0uJ5e2umeoVpnrfj8qrVOs
6256,track,3832,spotify,spotify:track:5gVsn9UIVKgVqe6BQxbknh
6257,track,3833,spotify,spotify:track:48WJMPAP77T9dY9sSjJXLP
6258,track,3834,spotify,spotify:track:1l6yllNsucIaAjgZgOUaN8
6259,track,3835,spotify,spotify:track:1ojCN8aNo3tTBtaua4PDJd
6260,track,3836,spotify,spotify:track:1yBPRUtU8WvCPKHHKOGfMD
6261,track,3837,spotify,spotify:track:2UmbjsmJAKiS3U6cutMKWk
6262,track,3840,spotify,spotify:track:0oWPbzHENXA8IAU0qtGSyU
6263,track,3841,spotify,spotify:track:3RJdwyIp02q99eXzmLSMos
6264,track,3842,spotify,spotify:track:7MeJlX8kSiIMwiZkNnOBeM
6265,track,3843,spotify,spotify:track:5exA6iOuZcQo8h15dvmXGW
6266,track,3844,spotify,spotify:track:0aXb3G2Tjedb8FyErfwNXn
6267,track,3845,spotify,spotify:track:7DZSImZVNfImxqehwNtPuB
6268,track,3853,spotify,spotify:track:6JKoTnberZoBgUuxa6l4Kh
6269,track,3856,spotify,spotify:track:6yZAdQyPJtXjATvAT8ERQg
6270,track,3857,spotify,spotify:track:6Smnh0XdYLpR3afAXroXEt
6271,track,3858,spotify,spotify:track:3UssRQyQL6OEuYXWkDmYmr
6272,track,3859,spotify,spotify:track:7vRjz9p9B9dKGwaHETkvV6
6273,track,3860,spotify,spotify:track:7zELftvbLbNI60tJCEi8pd
6274,track,3861,spotify,spotify:track:09mQcwPNcq7QIjc8FaX5st
6275,track,3862,spotify,spotify:track:7q4hPAMLPzyJm9PDRhq35T
6276,track,3864,spotify,spotify:track:1CjF8SvW62RqoBGvIbKpta
6277,track,3865,spotify,spotify:track:5Gwk7VFCm48T5Widrw79w9
6278,track,3866,spotify,spotify:track:61WmlU4oDK5eBUhiMYZT1E
6279,track,3867,spotify,spotify:track:4MBSlIpU6jzqkslmzxZmxo
6280,track,3868,spotify,spotify:track:0UHMZ9uvoGWb8kYRNpIwEU
6281,track,3869,spotify,spotify:track:7gl4gXL2WJTf4m4hjnGEjK
6282,track,3875,spotify,spotify:track:4VK3W5e4BXIz60Z2sWjPSA
6283,track,3876,spotify,spotify:track:0NrtwAmRAdLxua31SzHvXr
6284,track,3880,spotify,spotify:track:53WkUGOHLIGsCluxNASJrc
6285,track,3882,spotify,spotify:track:1BMzxGds8WSK39p4y432fl
6286,track,3883,spotify,spotify:track:0x367gcUm6nsEoMXXFfEMy
6287,track,3884,spotify,spotify:track:5Pt83OUaK3K9C2if4C5JOk
6288,track,3887,spotify,spotify:track:0mEdbdeRFQwBhN4xfyIeUM
6289,track,3888,spotify,spotify:track:4ZPdLEztrlZqbJkgHNw54L
6290,track,3890,spotify,spotify:track:6Tsu3OsuMz4KEGKbOYd6A0
6291,track,3891,spotify,spotify:track:7djDOnyQLJJd2K9Yqqkvc3
6292,track,3893,spotify,spotify:track:4zyPlHMdEzygdC9bGcfJPR
6293,track,3895,spotify,spotify:track:2OaPyH3JLuft6iuNFHFJl0
6294,track,3897,spotify,spotify:track:04QTBqa3IA4ZAKEuqRPzEH
6295,track,3899,spotify,spotify:track:2wK7y55bzry7tUDmDqYaz7
6296,track,3900,spotify,spotify:track:5wTpnBRTx1HSGQVDZQ2VSh
6297,track,3901,spotify,spotify:track:272JOgS6zKLtqzdPEcrnA6
6298,track,3905,spotify,spotify:track:2qCLvHEm4fZdHfbqUzXpPv
6299,track,3906,spotify,spotify:track:4qjeKqzbxUt9a4TyCeX3bJ
6300,track,3908,spotify,spotify:track:30au5a3ztT6hZdpJDqTv6s
6301,track,3909,spotify,spotify:track:2vsyI5TlwIo92Zg5kluUHy
6302,track,3910,spotify,spotify:track:2YuEoMW3fTvIqYdTqYE9dd
6303,track,3911,spotify,spotify:track:1xb836z7cKQ18ltAIKb5lr
6304,track,3915,spotify,spotify:track:4VI0x3Nms2bljciZrrggRB
6305,track,3916,spotify,spotify:track:54YrM4FMendov6goo9Bee6
6306,track,3917,spotify,spotify:track:6VfHyvDJBzbT1BF3ZEDS8a
6307,track,3918,spotify,spotify:track:6c5LenqvDnmHd2mCzybW0U
6308,track,3919,spotify,spotify:track:0Wt9vZxu338lAYerONmq3b
6309,track,3920,spotify,spotify:track:2V9FsHVaOCQepp0RpCcJDK
6310,track,3921,spotify,spotify:track:2LYm7hq4jr58734gU4gLmW
6311,track,3922,spotify,spotify:track:0WgQPlk6qXxceTXDrEEsmk
6312,track,3925,spotify,spotify:track:7nCONy10IHp7XD3oYZ0lcx
6313,track,3926,spotify,spotify:track:5CPoSAwMb7I9HkTEy4A5qN
6314,track,3927,spotify,spotify:track:4GgeeYbpjHT4P1Q4CaNkxj
6315,track,3928,spotify,spotify:track:3BAGblr4NyznLYUbxInQrl
6316,track,3929,spotify,spotify:track:1RMPNcsNPhAtlpzbuSgH57
6317,track,3930,spotify,spotify:track:1UXTgZV5D2bGpxLO6aBudr
6318,track,3931,spotify,spotify:track:6Fr05bVROXEPFti6lLfygz
6319,track,3932,spotify,spotify:track:60HlGwtdIBfFFVawU4UlNM
6320,track,3934,spotify,spotify:track:0RjtVu6B5G0MWHAKUz05LG
6321,track,3936,spotify,spotify:track:7AE0NKbt0BemBF8wuC2uCG
6322,track,3937,spotify,spotify:track:7pWKCRsXpS9BjPNODt72EM
6323,track,3938,spotify,spotify:track:47d3apjRmXQo52fLVvOdR7
6324,track,3939,spotify,spotify:track:03yMZBtC3QxyK7ttlBLeme
6325,track,3940,spotify,spotify:track:0cq0D853bAxP47bhFU9RKV
6326,track,3942,spotify,spotify:track:5Cdidoz5dkHSjQZAOlypMc
6327,track,3943,spotify,spotify:track:4eot5ez7vqPdifsGb785tr
6328,track,3944,spotify,spotify:track:3bPqgo3RO3ZESEpyCdNsnr
6329,track,3947,spotify,spotify:track:06eORyJmj6XIyBUeiNEmar
6330,track,3948,spotify,spotify:track:1nDtalylEkGczhTLJ2rOPH
6331,track,3949,spotify,spotify:track:27dNCWOeP9IqUjnqKyyKDL
6332,track,3952,spotify,spotify:track:4A0yY8WvpCHCqBMA2MEA78
6333,track,3953,spotify,spotify:track:1bMk013HdX3XLG2RNdkswq
6334,track,3955,spotify,spotify:track:3p6L0ZdUeXaJvkrbk46bz1
6335,track,3956,spotify,spotify:track:5j42r1PmIbM6fZSe11O08C
6336,track,3957,spotify,spotify:track:2gYdgnpPtB17vcYZms3ats
6337,track,3958,spotify,spotify:track:0eyr0n26E7Hlb9sLPlOoJQ
6338,track,3961,spotify,spotify:track:0qM9UF4CbazQ5xa8PCTopE
6339,track,3964,spotify,spotify:track:6vegnfDS8DAEaCqWaPYGPy
6340,track,3965,spotify,spotify:track:7yH4QEmh7eU7tODApxrHHd
6341,track,3966,spotify,spotify:track:5HbUqdkZuNhDzZje6dIYTD
6342,track,3967,spotify,spotify:track:6nHZDW5UJtuLQjrlwlJOKK
6343,track,3968,spotify,spotify:track:2cyrYMg4rxY8WNct3lVBm8
6344,track,3969,spotify,spotify:track:77zeaNi0MfXEga1W3Sozbt
6345,track,3970,spotify,spotify:track:5Ll1OiHUHrq1jFgORkqizn
6346,track,3972,spotify,spotify:track:6PcukJlthfxw2TtDGkToGW
6347,track,3973,spotify,spotify:track:4MCatcWDl6xVNIXxgQCaKe
6348,track,3974,spotify,spotify:track:3hZnqmixPzXNrxjsaPlwHZ
6349,track,3975,spotify,spotify:track:4hH99pmXR4tTUtVAdMf0kZ
6350,track,3976,spotify,spotify:track:4Dlz76O4yMvFdYsKRfBEdK
6351,track,3977,spotify,spotify:track:2fk55YQGYhilLmXFaKWESM
6352,track,3978,spotify,spotify:track:5AnpPlwvf01F9D1gcAbCRa
6353,track,3979,spotify,spotify:track:5cN4KyXGUdNOve1TEPWmhL
6354,track,3980,spotify,spotify:track:4XaY6ZNB5BrmVVLtQxjWpm
6355,track,3982,spotify,spotify:track:3WibbMr6canxRJXhNtAvLU
6356,track,3983,spotify,spotify:track:2ZR2lC3YCAY0fr6lj193ql
6357,track,3985,spotify,spotify:track:4gdKRL8iYBn17eiad2oTWo
6358,track,3986,spotify,spotify:track:4qKxhSTz7xn606iD9PxFZL
6359,track,3992,spotify,spotify:track:4chS1xXqCME6iazb6yqMTc
6360,track,3993,spotify,spotify:track:3yHREGKJuRNVyYDtMq06ZS
6361,track,3994,spotify,spotify:track:3H3ihmyJXCqm5QpuJWEvKs
6362,track,3996,spotify,spotify:track:4bDPr2VAjcfgUDmN9dGOC3
6363,track,3997,spotify,spotify:track:3Gjc2FE6BEMMHURUjlMXvX
6364,track,3998,spotify,spotify:track:22ngk2DRBy7audIugfYDKd
6365,track,3999,spotify,spotify:track:0y0imMk6KsO90MaHG4MVAl
6366,track,4004,spotify,spotify:track:5710wBrSe5QqJRKKVpCS8l
6367,track,4012,spotify,spotify:track:0SwuCcwpFM6x4cu5zOvmi0
6368,track,4013,spotify,spotify:track:3mp48BMhcqCUuPJDH6ZwI3
6369,track,4014,spotify,spotify:track:5D2lp16FQ0VIfLGRDn5jcG
6370,track,4015,spotify,spotify:track:20s3FayrStM8GY0m4dRFsw
6371,track,4016,spotify,spotify:track:3b48PjcQRqOLR2tGW83aVD
6372,track,4017,spotify,spotify:track:38EhHqsV5NX9JrC2D2qXNI
6373,track,4026,spotify,spotify:track:1HNE2PX70ztbEl6MLxrpNL
6374,track,4028,spotify,spotify:track:0A9mHc7oYUoCECqByV8cQR
6375,track,4029,spotify,spotify:track:0UubhGSWqaUfJY0UmYwD4Y
6376,track,4030,spotify,spotify:track:0k6DnZMLoEUH8NGD5zh2SE
6377,track,4033,spotify,spotify:track:3VhGbMpUONRwUIvgFoF14b
6378,track,4034,spotify,spotify:track:0fnFbfoLu89LhGsbXU1zrH
6379,track,4035,spotify,spotify:track:2JPmqbd49bggNiAgxwCWPq
6380,track,4043,spotify,spotify:track:5s9aJvJRowCBUMBY5FwaDe
6381,track,4046,spotify,spotify:track:2bmZx4s1N9uwL039AuBkn6
6382,track,4047,spotify,spotify:track:4NpDZPwSXmL0cCTaJuVrCw
6383,track,4048,spotify,spotify:track:5tvj6qRTey3pA3yISWQiFZ
6384,track,4049,spotify,spotify:track:4HP1NPz4mqswFhMNsMwhks
6385,track,4050,spotify,spotify:track:3DeJgPGR2SjxncjnPAcwBW
6386,track,4051,spotify,spotify:track:7xdBeQc0K3KbaMulw78iMU
6387,track,4052,spotify,spotify:track:3HVJbdz0V402U5YggQK4Ao
6388,track,4053,spotify,spotify:track:5hNJtmyWEblt7UkWdClUAZ
6389,track,4054,spotify,spotify:track:7nrraHMpSbyJJoN3unjjoJ
6390,track,4055,spotify,spotify:track:4cC7b7V5bSP7NHTAhr5efn
6391,track,4056,spotify,spotify:track:6qaGOYPk0tmPmPDIrRiBPM
6392,track,4058,spotify,spotify:track:6tL2zxgS1R3M7NrKy1ZqWZ
6393,track,4062,spotify,spotify:track:5ZOK4CT3Geg4m2I5swIC4m
6394,track,4063,spotify,spotify:track:5VlJeKsEI088uniyB75P2U
6395,track,4064,spotify,spotify:track:24gxWCxfmhL0aiuNTcnXsb
6396,track,4065,spotify,spotify:track:61wZra3bv3t5wKYSgB3UAP
6397,track,4066,spotify,spotify:track:3vINTtcOLcFkkl23tYYnjK
6398,track,4067,spotify,spotify:track:3kGtHloMMebH3Z0ZE4zwna
6399,track,4068,spotify,spotify:track:6k5qYxiFt76meFmKRDtZEz
6400,track,4069,spotify,spotify:track:66D7HpGo6U2rbT2nYzwYTb
6401,track,4070,spotify,spotify:track:49nIN7ni5Zcxr01Xv376Qq
6402,track,4073,spotify,spotify:track:0NfYAsKygCYwPA2BgTZ1qg
6403,track,4074,spotify,spotify:track:6P6HGbOoWUynE2U7yLwLnY
6404,track,4075,spotify,spotify:track:4WgvTITBJbEfCJHguiE7QS
6405,track,4081,spotify,spotify:track:5jVBrv3yhU42sQKFU0Emk5
6406,track,4085,spotify,spotify:track:4KxIW9rRwmQYb27ya4HGiI
6407,track,4086,spotify,spotify:track:1UMrB2kGsRZN0W6Q0xyd4D
6408,track,4087,spotify,spotify:track:3oRcZ0wdQQJXYKQjIUawyg
6409,track,4088,spotify,spotify:track:4GGbJ60q5HIN8wKOp9Xabz
6410,track,4089,spotify,spotify:track:4bFi6vwibnjz38OYapehT7
6411,track,4090,spotify,spotify:track:6pFfeJceBPGdzTOGgUcLWZ
6412,track,4092,spotify,spotify:track:4CQUVgzAKW76g3BsQ8KSBS
6413,track,4093,spotify,spotify:track:1YPwFckhjQgoorq7cNsPw4
6414,track,4094,spotify,spotify:track:4tNWSM8gQDsx28Nw1qafkg
6415,track,4095,spotify,spotify:track:1PU3Hy2uNXmWGDe9gh4Ukb
6416,track,4096,spotify,spotify:track:0NzNKU2MJ9LCetT2uZMJH2
6417,track,4097,spotify,spotify:track:76wJIkA63AgwA92hUhpE2V
6418,track,4098,spotify,spotify:track:4Y2Fc21SqMaqTcJSt69oSQ
6419,track,4099,spotify,spotify:track:0Hv5csiUhbfzO6VLFv4wtY
6420,track,4104,spotify,spotify:track:1D9XLqQp2YYiOxrr5KLb8K
6421,track,4106,spotify,spotify:track:4n7CwZ6jBTP4gFj4WlJxxW
6422,track,4108,spotify,spotify:track:4X5f3vT8MRuXF68pfjNte5
6423,track,4109,spotify,spotify:track:0O3TAouZE4vL9dM5SyxgvH
6424,track,4110,spotify,spotify:track:1YH9Q5JqzihP0nzWTbBKs9
6425,track,4111,spotify,spotify:track:4eBxXC8Gknerc35BsQ424w
6426,track,4112,spotify,spotify:track:0kOx8xSNt75Kzdzb41TpyG
6427,track,4113,spotify,spotify:track:3moMtpCsPJvXirsyRwsD6u
6428,track,4114,spotify,spotify:track:340K7rGGh4wWbzTlUebHGs
6429,track,4115,spotify,spotify:track:6LwrEZNkvFTOypNwSLjuaJ
6430,track,4116,spotify,spotify:track:4EIzsbsVOzfLwyIvfsRQ8H
6431,track,4117,spotify,spotify:track:04khndODRhnsevKrske2B6
6432,track,4123,spotify,spotify:track:3MZj2opYxx00Safh2oyBgn
6433,track,4124,spotify,spotify:track:6cojHKbUP58KTjWhSvp6Lo
6434,track,4126,spotify,spotify:track:01XVwBiMgmGt5Q3GO1YNp9
6435,track,4127,spotify,spotify:track:7teYA38lMnUvY3mF1PdEgH
6436,track,4128,spotify,spotify:track:5ADJ8noBAW9dBILgrE46Ka
6437,track,4131,spotify,spotify:track:5JeduSZqxFSyG0dFiRUM5J
6438,track,4132,spotify,spotify:track:5xDHsxl4Aq6HAH8gKK1hUB
6439,track,4133,spotify,spotify:track:3WRGHnXWuijxSPsWJKYFxC
6440,track,4134,spotify,spotify:track:1k6V22dRaI3kOpkH0GetVm
6441,track,4135,spotify,spotify:track:6AttcsbQYwd0KDEiW161ka
6442,track,4140,spotify,spotify:track:30xfE4VikI3AxvKZC1wVE5
6443,track,4141,spotify,spotify:track:3lY2M4GVM96uCyNKqKEK5q
6444,track,4142,spotify,spotify:track:0vzT2ri6HK7aBsjKNT6ve5
6445,track,4144,spotify,spotify:track:3xzLDLDbSkpGpSdHdQZKiR
6446,track,4145,spotify,spotify:track:36QdFkp8dv0i5QXMO257qU
6447,track,4149,spotify,spotify:track:4ge4XHB41IgDnfRBhkZMnJ
6448,track,4152,spotify,spotify:track:3maRgA0GJmCrBPUEE9z6rB
6449,track,4153,spotify,spotify:track:13ZipyFflrVCYgao6pId6g
6450,track,4154,spotify,spotify:track:3iAqQ5F0syAZz1cPGJUeMW
6451,track,4155,spotify,spotify:track:7e9BPg0oUL8wGRpDZCFf5t
6452,track,4156,spotify,spotify:track:5k8dJvnLKfv1YN9W3bO79x
6453,track,4157,spotify,spotify:track:2cFnNLgQ0SYuh4vAftnGBH
6454,track,4158,spotify,spotify:track:3YIePf4zgX3G8L33mgRnKr
6455,track,4159,spotify,spotify:track:3YNm3yDaCqAxLQLR8CHpof
6456,track,4160,spotify,spotify:track:4O7oKy8YADaBrbehcPl0kE
6457,track,4161,spotify,spotify:track:666HYUUijpHmbVjOEr6VTK
6458,track,4162,spotify,spotify:track:05nTn7qBjn0RPKV9J6BSaK
6459,track,4165,spotify,spotify:track:2XQrvYopdCkOenX4Z5CdV7
6460,track,4166,spotify,spotify:track:158DIbrVt4YbqNnWyRCS3P
6461,track,4167,spotify,spotify:track:26Izh06V7txOWIEaPGd080
6462,track,4168,spotify,spotify:track:1dpUnukOjGOP4CdHJZiPzI
6463,track,4169,spotify,spotify:track:7Iwcr0b2B60o5PT5iEHrAi
6464,track,4173,spotify,spotify:track:7gKgd0P3dAAePiSQQBqrlf
6465,track,4178,spotify,spotify:track:0kkG0Cy93xhZQsvrt5i3U9
6466,track,4179,spotify,spotify:track:0ev5xaKT1MuEnI8lu9Q0vD
6467,track,4180,spotify,spotify:track:1RNKjFenyrxZuxoqKQPNGu
6468,track,4181,spotify,spotify:track:5l2pj0icuJCuYvcafU5lv2
6469,track,4182,spotify,spotify:track:0Sz8UXjpDpoYnLUIV3nvHa
6470,track,4183,spotify,spotify:track:4rdQHRyAlG8b8vFuup3NxM
6471,track,4185,spotify,spotify:track:0okle8WwEB3BIcmUPYxnFg
6472,track,4186,spotify,spotify:track:7snfcM5JklkccZkgDXz18u
6473,track,4189,spotify,spotify:track:6pUBrvKfJL4qmn95mxU7rC
6474,track,4190,spotify,spotify:track:6VXAy172dRoR4S0tn8HhdZ
6475,track,4192,spotify,spotify:track:152oiKrzbqUOWutP8m5PWv
6476,track,4193,spotify,spotify:track:54hFBqrtiWfrh5WQJZwguj
6477,track,4195,spotify,spotify:track:5ED4wu4LKC0iNR28iMtAyv
6478,track,4198,spotify,spotify:track:787rCZF9i4L1cXGMkdyIk4
6479,track,4199,spotify,spotify:track:5oeKoJMi9g6GXEbtz1ta0f
6480,track,4200,spotify,spotify:track:0NFCFdJxEGCGO6EGkFCGgF
6481,track,4201,spotify,spotify:track:57pOLYHz6mt5aMkOXa2Gis
6482,track,4202,spotify,spotify:track:375YEKrb4JSu03HPzwOFfJ
6483,track,4203,spotify,spotify:track:5YwewdqOOG0OPhALYN1gSZ
6484,track,4204,spotify,spotify:track:77v9kYcrCZV615E0P9WMrD
6485,track,4205,spotify,spotify:track:2rzBvHM9h36Tpdj7Jdajka
6486,track,4206,spotify,spotify:track:5Uc07fEUpjjFcLEIleEHkJ
6487,track,4211,spotify,spotify:track:7E9iOnJg59uakClyqqsxTg
6488,track,4217,spotify,spotify:track:2sIWKrYmpVuGltnb1pXxO1
6489,track,4219,spotify,spotify:track:4HxfWNeTbWRbxczXUuNbz2
6490,track,4220,spotify,spotify:track:3JJU9BP2zRFdXpVA7r0gby
6491,track,4221,spotify,spotify:track:07lqfibBtpw1ud24u0uULj
6492,track,4222,spotify,spotify:track:0U7Hho5psdKZwyC8HMHxfq
6493,track,4223,spotify,spotify:track:7t67S1XHT4jU0GCkruG34R
6494,track,4224,spotify,spotify:track:0raqiGsOphGUh2n1yUfy5X
6495,track,4226,spotify,spotify:track:1BncfTJAWxrsxyT9culBrj
6496,track,4227,spotify,spotify:track:4uaHgtw9BkxOJPSPOmsMVd
6497,track,4228,spotify,spotify:track:6KNd2LuwSc6wyUjaMc2MIb
6498,track,4233,spotify,spotify:track:7wn5rZSYcTFCYaBJJfn17t
6499,track,4234,spotify,spotify:track:0Gsj2iZerDbXbU0G1IHuB2
6500,track,4240,spotify,spotify:track:2JI71GHwq2LN8mtq3iCLYo
6501,track,4241,spotify,spotify:track:1SKkboOiIpRBYNBnit3G8G
6502,track,4242,spotify,spotify:track:6lOtluukwvxULILbAe99qG
6503,track,4244,spotify,spotify:track:7tx1TUJrT6qxXFXAELqbev
6504,track,4245,spotify,spotify:track:5mxVKAuunOKqcBfR5ivbRf
6505,track,4246,spotify,spotify:track:1aQA14tQvOnrwGyEwXhg59
6506,track,4247,spotify,spotify:track:3sDeuisFRzTK7dfwlNvoNK
6507,track,4248,spotify,spotify:track:6u9alkZ1pJ5UWNpP5vlBM3
6508,track,4249,spotify,spotify:track:3TkNsftUBh8dwwLUHpmYNC
6509,track,4252,spotify,spotify:track:5ZlKf4HlgrtzSGV1bowNla
6510,track,4253,spotify,spotify:track:2dJwnskDT5AHUso6o1Acnp
6511,track,4254,spotify,spotify:track:2gXI6TBLhmCNy09NioMHdI
6512,track,4255,spotify,spotify:track:5mVYEZdc93cs8QvnzPCxmF
6513,track,4256,spotify,spotify:track:6K2RMoEVl670iVJXzL1kiD
6514,track,4257,spotify,spotify:track:5pESmLuMWdFbh1xbo7UXCT
6515,track,4258,spotify,spotify:track:4AeZaDPbZaxoRpPHkrTiCv
6516,track,4259,spotify,spotify:track:4xdwPChQKkltOsJOcnnrBp
6517,track,4260,spotify,spotify:track:0cDUxvPe7BYTCllkCxqSWP
6518,track,4261,spotify,spotify:track:7MstStHOHSYgrRfWtjSqma
6519,track,4262,spotify,spotify:track:2jOzptXRw7Pr8clJMmLVAb
6520,track,4264,spotify,spotify:track:0fuQ0XdkFH1BnrIxle107I
6521,track,4267,spotify,spotify:track:7KQvT4YuzcmyogWg7Gq4Z5
6522,track,4268,spotify,spotify:track:0Y1wsOHYGbNNNGeYjQJ8BL
6523,track,4269,spotify,spotify:track:61VlApj8p2ZaP0WTunTrKT
6524,track,4270,spotify,spotify:track:29Wtd44rwt8wFimq3SQEx5
6525,track,4271,spotify,spotify:track:0T2AYQdV9KRC8y8FC1jKq4
6526,track,4272,spotify,spotify:track:4GdKi4F976XGtr8hedHEro
6527,track,4273,spotify,spotify:track:4hjxVY7QYNDmOclMny7hVY
6528,track,4274,spotify,spotify:track:4QpmwtoYEvENZJPQ6a2kbw
6529,track,4275,spotify,spotify:track:5TusCkEgWsa6Hg7T42nr9S
6530,track,4276,spotify,spotify:track:0M4MsyF52bo2xZSXOpLfPA
6531,track,4279,spotify,spotify:track:7d3AtkbX8ys8iUpMZVgWVe
6532,track,4280,spotify,spotify:track:3hUIzwlu5u8qBQK9iyAKOR
6533,track,4281,spotify,spotify:track:1rSS6Y3LWd6c7m2DA7c9Um
6534,track,4282,spotify,spotify:track:3nl89Cj2A6CZdgZ1DfPcRl
6535,track,4283,spotify,spotify:track:2EZq0KC5q1rMijciOflBaS
6536,track,4284,spotify,spotify:track:3cpN99CC5ip24BAVLuSZN0
6537,track,4287,spotify,spotify:track:12QjVvrYlCH3vsViVfPN08
6538,track,4288,spotify,spotify:track:0OtAcALQWU3ASePTpFTFXm
6539,track,4289,spotify,spotify:track:3JYkFbb5mUbmA8hfMQJYTW
6540,track,4290,spotify,spotify:track:4PoqWtVeTMZTB7E9Uubwf9
6541,track,4292,spotify,spotify:track:4PCtTZ9GE2qdtg3BErWQ7c
6542,track,4294,spotify,spotify:track:0wBLOFRJTBo2elusmfZhu3
6543,track,4295,spotify,spotify:track:6DWdTk7UaZ6LIYYCFvmgX7
6544,track,4296,spotify,spotify:track:77VyB3Lg1YMnjSSvutM4Al
6545,track,4297,spotify,spotify:track:4HphiT6pmqBZiNHkyJCgBQ
6546,track,4298,spotify,spotify:track:7lPJ5PrQnQRurUZIzMCQib
6547,track,4300,spotify,spotify:track:3ZBSXNYdTZVaBUQI3E2rF6
6548,track,4302,spotify,spotify:track:1seD8A0RKNXq5aZt1eRg4c
6549,track,4304,spotify,spotify:track:1JYA5WLRXV6JmD3Q0nhD64
6550,track,4305,spotify,spotify:track:58WTT1ByPIUqPeqFxkvNj9
6551,track,4306,spotify,spotify:track:3J1NXFQS08gTJObJVgo1iv
6552,track,4307,spotify,spotify:track:0BJhiTPPKgFTOczL1xNHbL
6553,track,4309,spotify,spotify:track:1ftrjNZZ8YQ8LWaaEodl3U
6554,track,4311,spotify,spotify:track:2gKIhQdKavhi9fQcnFOS34
6555,track,4313,spotify,spotify:track:2KRd4UsLrqPgZaOt8HUWpI
6556,track,4314,spotify,spotify:track:0I0zyfkoqziUviMwBVmJue
6557,track,4315,spotify,spotify:track:7vTXl2B7y2TjBpLnoUnr5Y
6558,track,4316,spotify,spotify:track:390bLahJ0wfIrlpuuy16rk
6559,track,4318,spotify,spotify:track:1rrK53FJENK8B9sPXm9aqn
6560,track,4320,spotify,spotify:track:7ynAgbx8m76dBOQ6q439SB
6561,track,4322,spotify,spotify:track:1swDPSjEFZhZDsLV6o03a7
6562,track,4323,spotify,spotify:track:7a2dsbIZcf5SAz7Uv4G0NR
6563,track,4326,spotify,spotify:track:41sW9ZPxYJCUj0Bw0jfJTT
6564,track,4327,spotify,spotify:track:0pwxB5bwdI4F7nSmkYmrZ7
6565,track,4328,spotify,spotify:track:4nASzyRbzL5qZQuOPjQfsj
6566,track,4329,spotify,spotify:track:5tsIyepsi5EAR3xp93Iv3W
6567,track,4330,spotify,spotify:track:5anaZHHWCgOK2drMu02ou5
6568,track,4331,spotify,spotify:track:2nzFiCB8YoXf24MAM1qDmU
6569,track,4332,spotify,spotify:track:5LgHG9uRFmZENMXINWmOmT
6570,track,4334,spotify,spotify:track:5fNAdPLydbnn55ovbfW1HP
6571,track,4335,spotify,spotify:track:70ucTQoMOKZkyiyn2NRYlu
6572,track,4337,spotify,spotify:track:2MAaiV0bbeq4FpSwPe2rR8
6573,track,4338,spotify,spotify:track:62l1ZGNoUlJlVwhwMKu2T6
6574,track,4339,spotify,spotify:track:4dI2tnLrhe8u4jWjoLC5NK
6575,track,4340,spotify,spotify:track:6IcwKMGIozWxe0krTkvJow
6576,track,4342,spotify,spotify:track:6ncdTy6zTKm1ldLHHdYmVB
6577,track,4343,spotify,spotify:track:1y85Gm1VkI0kLXIv4Gpcip
6578,track,4344,spotify,spotify:track:5DGnlowf1fjT7VWsoeRDlb
6579,track,4345,spotify,spotify:track:2uCMts8MLE3GktieyAIeXu
6580,track,4346,spotify,spotify:track:63lCTHGh9eM46t7wTvyrny
6581,track,4347,spotify,spotify:track:0KwR2yIvknqi1V9BUFmZ2i
6582,track,4348,spotify,spotify:track:3bv6BOP0gRnwFaDbZKprnz
6583,track,4351,spotify,spotify:track:7ykAVxWt1h4fvheNQBzVja
6584,track,4352,spotify,spotify:track:1unbLw4cvR8za4YpHFWcN7
6585,track,4353,spotify,spotify:track:2dqO8QFTNUlev2VmCnK5IO
6586,track,4357,spotify,spotify:track:7ocfMltE41HvZygnsM0MkV
6587,track,4360,spotify,spotify:track:7vf8yaBjR5LK9xoArmfWkA
6588,track,4361,spotify,spotify:track:2sYUGgzQfHQ6lOWzbrny8Z
6589,track,4366,spotify,spotify:track:2tNmhDlMbwQZLxQtWMt2EU
6590,track,4367,spotify,spotify:track:6nwAubYnLGl7F7cDuOoVLp
6591,track,4369,spotify,spotify:track:6RBMpENxbx74lTdR5SBcaF
6592,track,4370,spotify,spotify:track:5g2lDsOssUH3OaCYIplQ48
6593,track,4373,spotify,spotify:track:4sOHPSS3TRiHeUyGiUx8o5
6594,track,4374,spotify,spotify:track:6PSlIXmyRpHXiiUeOUefDm
6595,track,4376,spotify,spotify:track:2PpruBYCo4H7WOBJ7Q2EwM
6596,track,4377,spotify,spotify:track:72RfIiWDCJqiZEC6ZNCSdB
6597,track,4378,spotify,spotify:track:1Sgj10byiGzPpI2IrXSFEn
6598,track,4381,spotify,spotify:track:522EzHJ8ZblG3iLawNQ6S2
6599,track,4384,spotify,spotify:track:4v7IHIC7le22vH0ch811pO
6600,track,4385,spotify,spotify:track:2UA2RRqm4t0xjlNodPSQZc
6601,track,4386,spotify,spotify:track:3jAQUOnN9RFjWhSG07DYUp
6602,track,4387,spotify,spotify:track:6ibYIkocjAzJffVtDOLxbQ
6603,track,4389,spotify,spotify:track:7gkYQOsR1xsFOqXeys4sYA
6604,track,4392,spotify,spotify:track:1y0JvYlS4piluTarpkEIug
6605,track,4393,spotify,spotify:track:2wVaikw9WmhmIPyNt6BWa2
6606,track,4394,spotify,spotify:track:1muqecfVERMlm0nH7kbTt2
6607,track,4395,spotify,spotify:track:4X0iT8P3jzZObc2YPeFYFZ
6608,track,4397,spotify,spotify:track:74l1HTC5FUqd4ZHZ92Opzh
6609,track,4404,spotify,spotify:track:5nOGocaajsuQMzuyZzwb09
6610,track,4409,spotify,spotify:track:2HD5ncgOPGh5STHaa9nMx1
6611,track,4411,spotify,spotify:track:1FsjvDx9pOw9laB2JC0eL4
6612,track,4412,spotify,spotify:track:4hIzRIQOjHGEBTUW8oSEyR
6613,track,4413,spotify,spotify:track:3uIoW69LbxWnIKshrzq3rm
6614,track,4414,spotify,spotify:track:0V8sM8kWnDs7DwV90UWI3g
6615,track,4415,spotify,spotify:track:3oaGJxS2PLWyEmOHUXjGbi
6616,track,4416,spotify,spotify:track:1gqniTFd41sW3Xk5IuigBB
6617,track,4417,spotify,spotify:track:00lrSHAoVWxXuiqgpOaMZK
6618,track,4418,spotify,spotify:track:0XPib7ZzxGYWYS2JmyFIdw
6619,track,4419,spotify,spotify:track:24XOvKyuUxtN4uDOFZ8Dz2
6620,track,4420,spotify,spotify:track:7us6JQd1MGAH8pdVzRHAg5
6621,track,4421,spotify,spotify:track:1hq5WSZPPmGbyK6dtIKTCz
6622,track,4422,spotify,spotify:track:0GeHyuLsR39CxwqxdMVKaN
6623,track,4423,spotify,spotify:track:1JJ8D0KE144weLOGrjqJrb
6624,track,4424,spotify,spotify:track:4D8b4ibpEboE0SLvwnPe6X
6625,track,4425,spotify,spotify:track:3B3lEqSzpAUghMbBqJPtyb
6626,track,4426,spotify,spotify:track:5Yy9sRRcNQakNfR74hj5Td
6627,track,4427,spotify,spotify:track:6LmSAK03cqj2RrTbsZkbxz
6628,track,4431,spotify,spotify:track:03H4gufm9YZ16Ow7yeILsr
6629,track,4432,spotify,spotify:track:3DdVsgkIrTRSGOYSULutS3
6630,track,4433,spotify,spotify:track:0SkUHK6unh9VLIYH9O77TK
6631,track,4434,spotify,spotify:track:38kWipZo8B3cLQLyQVslWZ
6632,track,4435,spotify,spotify:track:2pkfX5BYlFBiwrcFAw2FpY
6633,track,4436,spotify,spotify:track:4iAAixb1sAomwuBGXjN6hx
6634,track,4437,spotify,spotify:track:1X4BqOeAHlsLp1gxiY0I9g
6635,track,4438,spotify,spotify:track:44fLGiqeD4YogUT5A9KbKd
6636,track,4439,spotify,spotify:track:1go9Z58zektyknGgmeesup
6637,track,4440,spotify,spotify:track:2Z8rwsNPChQBjBHZ26mgx7
6638,track,4441,spotify,spotify:track:6lVj48KUrEOpfIBPZSAlMo
6639,track,4443,spotify,spotify:track:2L6xvl1uGVizt6ZSFihilU
6640,track,4444,spotify,spotify:track:7o3nNG2OOP1Lx83ZJqINSH
6641,track,4445,spotify,spotify:track:4ksRwIt4WVW98orafdfjXJ
6642,track,4446,spotify,spotify:track:4ocKyeW2tQT3NrV12bAqJM
6643,track,4447,spotify,spotify:track:04k0JBAUF9C16hNzU52kxj
6644,track,4448,spotify,spotify:track:3VTgqHhy2XHC3JByxgpKfF
6645,track,4449,spotify,spotify:track:7dDfQs8HUz5JHZdaEAF8gX
6646,track,4450,spotify,spotify:track:5JVakbOW9N4EqeSPkLHUHz
6647,track,4452,spotify,spotify:track:1dMzUY8BZ9aqtCckNTWFDu
6648,track,4453,spotify,spotify:track:0V9I0U9vsy9VNqxfUCI6P2
6649,track,4454,spotify,spotify:track:5X9M1yBFsG7UY9elAIKLSd
6650,track,4459,spotify,spotify:track:1DbeslBYnckTqqTcc1Y2Tg
6651,track,4461,spotify,spotify:track:3ttQGouvKMlbI2bTgAMWup
6652,track,4463,spotify,spotify:track:5BUfS8n8ODQfEQDiLqdbQQ
6653,track,4464,spotify,spotify:track:6joiQ57IEXiC0yWtpZ71e5
6654,track,4466,spotify,spotify:track:20XruexkvpHdRTJR68tQHV
6655,track,4469,spotify,spotify:track:18Y3zi59zjRVUEjUhdApSX
6656,track,4470,spotify,spotify:track:11EKqwTjmJJuvIIbtJzIyh
6657,track,4471,spotify,spotify:track:2RcanAJpudPNDkyIe9DzKS
6658,track,4472,spotify,spotify:track:6av719J3BzeGJmvmLvy0Rh
6659,track,4473,spotify,spotify:track:5xIlqbuKUoVDxpBk4FF8ZP
6660,track,4474,spotify,spotify:track:5MRISjH5TBU1HBzsfkt11X
6661,track,4475,spotify,spotify:track:03bVRTB91cBYE6NnCf9Zfq
6662,track,4476,spotify,spotify:track:1wvU1iYbmzf8tC3IKVDaZE
6663,track,4477,spotify,spotify:track:33m4QeEuxec7fHeJIZYZnm
6664,track,4478,spotify,spotify:track:72LjW6LElk94o9bmKv71Ap
6665,track,4481,spotify,spotify:track:2p8O2hKAKjNloH5EUCXCUS
6666,track,4482,spotify,spotify:track:6LC4vlTlG7MPZ6wYRXGPC8
6667,track,4483,spotify,spotify:track:71jzSTkT0F0w1v4moZIDyc
6668,track,4484,spotify,spotify:track:2miKV8OiAhmZPjhCzgRnvw
6669,track,4485,spotify,spotify:track:1W4qc7UnAuRmT93W8Ad1t1
6670,track,4487,spotify,spotify:track:1gTANFZlqRitzVx7YSenzA
6671,track,4488,spotify,spotify:track:3D6BiCWqCcnrHcACQN7ZX9
6672,track,4489,spotify,spotify:track:7rFKekpBRhCJ21YyZEn2T1
6673,track,4491,spotify,spotify:track:04WJmf4d2ADuuCqsL9crYf
6674,track,4492,spotify,spotify:track:7CvAqtRI7SQUalImT58nz9
6675,track,4493,spotify,spotify:track:1d7oTfBDKfdjKkiNMtmMjA
6676,track,4494,spotify,spotify:track:4TaZPMnkKJPfzB4pX1xuml
6677,track,4498,spotify,spotify:track:1rZvU5sb2E8LuJTAqEdAiw
6678,track,4499,spotify,spotify:track:5N5fp1lYSORdZbWanACki9
6679,track,4500,spotify,spotify:track:3ReVrQAUwmml8zhyBNteWL
6680,track,4503,spotify,spotify:track:2NDXdxZjbm5EbbEEDSKXQV
6681,track,4504,spotify,spotify:track:2mYnMZOESVQeUcbvxR1lYi
6682,track,4505,spotify,spotify:track:3Mzqw2mz9YMKjjCEmypYfZ
6683,track,4506,spotify,spotify:track:3PrUUDZyhS33bz6gITQK5p
6684,track,4507,spotify,spotify:track:3F3R4uyTMkX9jRCEVVmdz6
6685,track,4508,spotify,spotify:track:7osZcvZXw4Vmcx2XxAaKrG
6686,track,4509,spotify,spotify:track:1zF2E0V4CHzW2rNQWBc9Zs
6687,track,4510,spotify,spotify:track:020wPUtYCkdAsdwz1G7urK
6688,track,4511,spotify,spotify:track:0EJnqfBOMWMbAiV3g8jaKr
6689,track,4512,spotify,spotify:track:1UXAFsGY9uCq0SYKtF112T
6690,track,4513,spotify,spotify:track:4fA40676Ja1N59rCa9QECx
6691,track,4514,spotify,spotify:track:47Qia0WeUbw4cJettnMlpa
6692,track,4517,spotify,spotify:track:4FI0rdztOAYJZMupujL5Gp
6693,track,4518,spotify,spotify:track:6npl1pkxSY8xYzmnCqq9qJ
6694,track,4519,spotify,spotify:track:0630ov9WE1ER3rSnBPNPIr
6695,track,4521,spotify,spotify:track:5Lwcwy5Yi1yrnsO69fyP0Z
6696,track,4522,spotify,spotify:track:3KiExMi7D9e3Q8qPNvn6Rg
6697,track,4523,spotify,spotify:track:7wUoCB7AXGyiSqfRFzQUrj
6698,track,4524,spotify,spotify:track:2Qq2O47kcBU3FksKmDSiPn
6699,track,4525,spotify,spotify:track:3HYhNrxAuPASSi88uQ4VP0
6700,track,4526,spotify,spotify:track:1Lol4oIE5ruatEyhzu7Mw9
6701,track,4529,spotify,spotify:track:6IL6vHgX9uPeVYJ3Mp01DC
6702,track,4530,spotify,spotify:track:5tLacvgGxftjiWhddXuUn5
6703,track,4531,spotify,spotify:track:3LdYygqXmEpF6DRM6tNoQ4
6704,track,4532,spotify,spotify:track:66FLQXkDoOtgTfJ4SffIxb
6705,track,4534,spotify,spotify:track:24LAeLLTA7HbkC0Do0G7xN
6706,track,4535,spotify,spotify:track:1uGTCoVTGxqtQPthUf1TUg
6707,track,4537,spotify,spotify:track:54HSrEMLsBUgt4kkvnwkFw
6708,track,4538,spotify,spotify:track:2wM9Wqky53AsYk4QcNokxD
6709,track,4539,spotify,spotify:track:00t78SKl7PHj3KfQ54fenL
6710,track,4540,spotify,spotify:track:7DVKCB9M94XV7ctZ148I9T
6711,track,4550,spotify,spotify:track:66jLzas64ycemnNEe8pukp
6712,track,4551,spotify,spotify:track:76nt6dyeY0ia9lHysv0Esu
6713,track,4552,spotify,spotify:track:1L7Ticf1x2FKF4qkj18hxM
6714,track,4553,spotify,spotify:track:6Nuu7N1w1v4LjHNEfsUSeO
6715,track,4554,spotify,spotify:track:5zw0mBhnBh1wryzt7084ha
6716,track,4555,spotify,spotify:track:3jjzdgHV1G5TcCMMFzCgRE
6717,track,4556,spotify,spotify:track:2cTIeetgqxhuaqQOQwABoq
6718,track,4557,spotify,spotify:track:41goydVjojtAE5y0tStKIp
6719,track,4558,spotify,spotify:track:1YOyTESA7EQ9xz6V4JGaBH
6720,track,4559,spotify,spotify:track:6f6bgIOf7PpOKZTSlZtWwt
6721,track,4561,spotify,spotify:track:3XHC5XfcHaGk0cBQFkIkrC
6722,track,4562,spotify,spotify:track:7t1y3TIIivylFboONfPlDF
6723,track,4563,spotify,spotify:track:4CiJV07GEcaQJr64p3kPtn
6724,track,4564,spotify,spotify:track:0CCRCneaY3vVzcqHU8rxpE
6725,track,4565,spotify,spotify:track:18diiZCRNBD1mpjDMM1BR3
6726,track,4566,spotify,spotify:track:2cKoFOeiJnw8JjquXZZLp3
6727,track,4567,spotify,spotify:track:0mBAdbKjyG1uANV6jD5trK
6728,track,4568,spotify,spotify:track:6krtZNyv0XGF6A8Rwc39yC
6729,track,4569,spotify,spotify:track:0DcZA1ZBF7KozPZBReICtW
6730,track,4570,spotify,spotify:track:4vvseVApWzabvTm7IWzsVs
6731,track,4571,spotify,spotify:track:1JRFXIsLJxhHwDDVxebobH
6732,track,4572,spotify,spotify:track:2Jn0wHQ2lEif2gLRsyfaf2
6733,track,4573,spotify,spotify:track:5v72Rt1Pa9qdDcQsvjkJHa
6734,track,4574,spotify,spotify:track:1h20yRsf5WeuHbohrlfcCt
6735,track,4575,spotify,spotify:track:55yMsGkearEqbKhTN9i0mL
6736,track,4576,spotify,spotify:track:5f0SpCeD08y6lX47faoKiw
6737,track,4577,spotify,spotify:track:7Ivn1AgtIVM708UdwKASbc
6738,track,4578,spotify,spotify:track:53GfRjenL5G5zEv60tyMc2
6739,track,4580,spotify,spotify:track:5bxlU1dM9YstqYcgZpjHQn
6740,track,4581,spotify,spotify:track:6OCTcAWlQhFl1RyBbg6D6T
6741,track,4585,spotify,spotify:track:1OB7p2ulZT8Z8qkY5akeZB
6742,track,4586,spotify,spotify:track:749lhGh2g0O9dd6CG4DetI
6743,track,4587,spotify,spotify:track:04JHZfLpgLkcxnRLTY0m9T
6744,track,4589,spotify,spotify:track:5EFzg4ipmEmjytO9ZbdTGK
6745,track,4591,spotify,spotify:track:3eZjDYBS6oVs1z5POqjX9f
6746,track,4593,spotify,spotify:track:0bo51LGbhYn93hLzpfH2II
6747,track,4595,spotify,spotify:track:5FNs6bh3rJfayr3kaxlFzF
6748,track,4596,spotify,spotify:track:6Zh7unhWj8PDsreg0tdWau
6749,track,4597,spotify,spotify:track:2xj3VznIbrWdfgNXzKVTeh
6750,track,4598,spotify,spotify:track:58DM0MQw9eajfBVaNlte3k
6751,track,4599,spotify,spotify:track:7aJlhilMlw03J9dzbgnKUR
6752,track,4603,spotify,spotify:track:7x2zy4YgLY731TKaDFFeuj
6753,track,4604,spotify,spotify:track:51BKWo8jKw1dtCYVFmJrQp
6754,track,4606,spotify,spotify:track:2x5YsiXAqOEqSZ1iHWITHS
6755,track,4609,spotify,spotify:track:0ds4hO8bU8HWYs4ix7XYec
6756,track,4614,spotify,spotify:track:2TrZiDd1CicEMbY73S3M5F
6757,track,4619,spotify,spotify:track:146AQWQiEnZKQz5F0T2u7n
6758,track,4620,spotify,spotify:track:6DnY7BfAwNXokSKR6vo1ve
6759,track,4621,spotify,spotify:track:4bMbppqbPCaVWxr4NjTRyp
6760,track,4622,spotify,spotify:track:18MFJqtsDsKseDwApwuxrm
6761,track,4623,spotify,spotify:track:6yaCPYCj9jfS33JQkf4qaZ
6762,track,4624,spotify,spotify:track:4VBgNGlfu6AljY3wuLOUo4
6763,track,4625,spotify,spotify:track:7clMYRagfC6vl5fB5wyaY2
6764,track,4626,spotify,spotify:track:3bPpveRFjkQAGsbmIjVezk
6765,track,4627,spotify,spotify:track:7rNvUmqFqPkaRY8ZlcECuo
6766,track,4629,spotify,spotify:track:4Htvw7oRqn2Hm1wZiNjtEo
6767,track,4633,spotify,spotify:track:0z0NOoS67CRBfnGxqaPtYG
6768,track,4634,spotify,spotify:track:2LoiABEhn5wbTToQ7EZIDx
6769,track,4635,spotify,spotify:track:78aWIBZMTcqg4mvPpUdhss
6770,track,4639,spotify,spotify:track:71sy4dZihQ1vkthU7DKpGy
6771,track,4644,spotify,spotify:track:4eQuX80EZDUwXmEqEiEYg5
6772,track,4645,spotify,spotify:track:1zmiiUy4HZJc9FSYFbDIcT
6773,track,4646,spotify,spotify:track:4MncXoGSpckBoQEnDTUGyE
6774,track,4647,spotify,spotify:track:6hANdvhL9H7bkESqIVeVIZ
6775,track,4648,spotify,spotify:track:4Jp4T5gbCLQzGz545Jb3NY
6776,track,4650,spotify,spotify:track:65GvZAx7qi77PIyKiN1siw
6777,track,4651,spotify,spotify:track:4TboAbE2pCUUB0fk6Q9rUU
6778,track,4652,spotify,spotify:track:4u7hiFNXUeTG3A4dqQrkcd
6779,track,4656,spotify,spotify:track:0ZcGc8JRTTS4SLMxSR2N7b
6780,track,4659,spotify,spotify:track:2Y5f3YbTqkIVv9M6jxfzwN
6781,track,4660,spotify,spotify:track:3l30bDO9Kn2XJ9H2azq5PY
6782,track,4661,spotify,spotify:track:6YRZngBVAy2FgUQWk3lwL1
6783,track,4664,spotify,spotify:track:3xoGHWRnL6VPrOWjeXQxkQ
6784,track,4667,spotify,spotify:track:02UULb597VX9nvW9KHUctl
6785,track,4668,spotify,spotify:track:0phHLhgAXAgXITzVDA3uEJ
6786,track,4669,spotify,spotify:track:7u9UAZ6QrFBvl5JkthMbWw
6787,track,4671,spotify,spotify:track:3J68gl9lA1h0GlCrwr6Syp
6788,track,4672,spotify,spotify:track:69UCyeg1mnB9q1k2qVvrpC
6789,track,4673,spotify,spotify:track:2vzKXHuncOKm655tmT1xDV
6790,track,4674,spotify,spotify:track:6RCsPdPnAUchwMAnfObkEB
6791,track,4675,spotify,spotify:track:53ZzUNGLiOXDJC1lvl8ZpA
6792,track,4676,spotify,spotify:track:2Gg9tkVjRYoZHhXzBeYyuV
6793,track,4687,spotify,spotify:track:1pcXoDp4I7bqIK0hHJkMwA
6794,track,4688,spotify,spotify:track:4x9iLtEuXwuyOUw3QLm4o1
6795,track,4689,spotify,spotify:track:0pW0q6xFKrBmHNF03A9F94
6796,track,4690,spotify,spotify:track:3TwjVjXU8WO1SZS4jQ4P6y
6797,track,4691,spotify,spotify:track:0MJIBw4Az3BBUlbxxodUiK
6798,track,4692,spotify,spotify:track:06eGuTsphGedNQ2SmpfuF6
6799,track,4693,spotify,spotify:track:1hvInhBgFlH88UaZrLJ43O
6800,track,4694,spotify,spotify:track:5hJFhO9dvhJoDvUZZ9iWSw
6801,track,4697,spotify,spotify:track:4bsdhSPUv6rA5JvxURK9CC
6802,track,4698,spotify,spotify:track:6jqpohJbwvnf9Qp0tNr4uA
6803,track,4699,spotify,spotify:track:3JsH3qnwhYGs20PBMsCgNx
6804,track,4700,spotify,spotify:track:3hQSct6Ay5azm9dfFxHixY
6805,track,4701,spotify,spotify:track:5fZ81gAHlI6r1vDzce2pMa
6806,track,4702,spotify,spotify:track:2UFmzCeFwvW12XTOhCgwGL
6807,track,4703,spotify,spotify:track:06U3tIapsJ0X6dZx5nhLtt
6808,track,4704,spotify,spotify:track:3Z6geLg4d5i7CRw1T0Ld3j
6809,track,4705,spotify,spotify:track:2Ozc0me9PV5vlt8cokwdvI
6810,track,4706,spotify,spotify:track:4rrX0DO0LOEHtJbAwj9ejM
6811,track,4707,spotify,spotify:track:3oXytx7IzQzdhvgcVyJFuB
6812,track,4711,spotify,spotify:track:07XOF0vXQRmVEg1APs3ogW
6813,track,4712,spotify,spotify:track:1DmqeedLVDy4uuokX8y3S2
6814,track,4716,spotify,spotify:track:5qHPqyaFwfbt1lgz0TJRuB
6815,track,4717,spotify,spotify:track:0MGjbJvMmL4BpwOqUG63OI
6816,track,4719,spotify,spotify:track:2zJUB4HjFkyOStcbLwMTCp
6817,track,4720,spotify,spotify:track:4gps46WZXlN1Z9EbdU4VQJ
6818,track,4721,spotify,spotify:track:0JHazeM9dBTKdD4esX8lDv
6819,track,4722,spotify,spotify:track:7eFTBXpYJN7ZZKxNP6nIQZ
6820,track,4723,spotify,spotify:track:2lMRaHWE0oGJ7YbtyQ48C5
6821,track,4725,spotify,spotify:track:5zcRPNrvp8agDQbBMewzRt
6822,track,4729,spotify,spotify:track:1HcVc0RHpYCx3s3exHCNfb
6823,track,4735,spotify,spotify:track:5vPGvj5TkSehKPmwJysA4L
6824,track,4736,spotify,spotify:track:5Qks4ru3FBI2Btf7Vxv8HF
6825,track,4737,spotify,spotify:track:7unjRDmTCT1jXrZn1diK43
6826,track,4738,spotify,spotify:track:73yN7wvUA99z5AcutErvQt
6827,track,4739,spotify,spotify:track:7juTVQy0sElKxQ32OouWGT
6828,track,4741,spotify,spotify:track:6kJNqljq8Ax4WceCEMse4u
6829,track,4742,spotify,spotify:track:2lSV9LmMJZdgoR53FVcQii
6830,track,4743,spotify,spotify:track:0drHbXjNetXRrdcm81pxfw
6831,track,4744,spotify,spotify:track:0g0VWoGnz4RDoUw1f8Wvcp
6832,track,4745,spotify,spotify:track:1EiLrPd8JMTcQUr1aLEUKi
6833,track,4746,spotify,spotify:track:3RWhPX9PlYaeRENS4j4aHp
6834,track,4747,spotify,spotify:track:2C3QwVE5adFCVsCqayhPW7
6835,track,4748,spotify,spotify:track:4sqa3la7lW1uCj10PuUiJK
6836,track,4753,spotify,spotify:track:0iH0KPfp8FcFnWfLQy57x6
6837,track,4754,spotify,spotify:track:3UhwS81S9L7i2byZCrhSAv
6838,track,4755,spotify,spotify:track:2DEqmZdFsfdlVuGLEHiaCu
6839,track,4757,spotify,spotify:track:3zaCQZOB5Ed9lSjQZ4DSfX
6840,track,4760,spotify,spotify:track:5Wo0kck4n4oEX8kWDB1yp0
6841,track,4761,spotify,spotify:track:4pDtHnUWGTxY1qycBiGeGy
6842,track,4762,spotify,spotify:track:2bcjJWUSVBxeXsvIFu6DKK
6843,track,4763,spotify,spotify:track:2l6hKoBksOkDo2mXDFmZBd
6844,track,4764,spotify,spotify:track:7Kutf53V4k0CvU4nKu5oK6
6845,track,4765,spotify,spotify:track:3NGT0Td7H4Is1qrlDQJxma
6846,track,4766,spotify,spotify:track:2JBTXIwNDCh7vFLv6REayZ
6847,track,4770,spotify,spotify:track:3ToCwT51GYA1HTDJxy7ZZX
6848,track,4771,spotify,spotify:track:3zwJm9BHB4tGjxDerxTTRU
6849,track,4772,spotify,spotify:track:4veKiWte7ppq5jEqcI1xEP
6850,track,4773,spotify,spotify:track:50yW206ahsPJsFNmKUTFIo
6851,track,4774,spotify,spotify:track:1UTX5wGyy7IC6HeT5MmAJ1
6852,track,4775,spotify,spotify:track:6qEz0osZW1yJofoGmk6Hno
6853,track,4776,spotify,spotify:track:5Xn79La0RUJrWFP9iTLCWW
6854,track,4778,spotify,spotify:track:66UmNUNVI8uOkaWz8rV0GV
6855,track,4779,spotify,spotify:track:0OGidxV6e9dWeN2bXjXBGi
6856,track,4780,spotify,spotify:track:5pSrKwmEdRV8GyrQCp1he9
6857,track,4782,spotify,spotify:track:22yYduPHbk0BwxH7FhNz6y
6858,track,4783,spotify,spotify:track:06dywRHIQlOKRxzr3BcVYQ
6859,track,4784,spotify,spotify:track:08U3wcADIAu1GxWqZOgSzI
6860,track,4785,spotify,spotify:track:5yKA1w7RuOwQFbcve0Iukj
6861,track,4787,spotify,spotify:track:6uCUmWUvAE3Sm4vXhTwruq
6862,track,4788,spotify,spotify:track:0EQRF4Q0NJ92hoGrzdLOIn
6863,track,4790,spotify,spotify:track:4cNdza3CVVfo5mBlDpQRtV
6864,track,4791,spotify,spotify:track:74DkqzPhjljoVENi6l9RtP
6865,track,4792,spotify,spotify:track:5E4nC6CE4P5IHV5kLnhfif
6866,track,4793,spotify,spotify:track:2p9sprAX27D6U5cuSE9NsM
6867,track,4795,spotify,spotify:track:36xrYcGuEzy6Pgff4c7zZr
6868,track,4796,spotify,spotify:track:33d7n0d2Ou4wQ5AcLrLTav
6869,track,4797,spotify,spotify:track:4HfxDJ0uLHTLe0fZrx0MbQ
6870,track,4798,spotify,spotify:track:2ZCwz8omYluRWa9QyznFAy
6871,track,4799,spotify,spotify:track:4hozY0uWh4hxvH2mP6EmSL
6872,track,4800,spotify,spotify:track:4MdEYuoGhG2RTG3erOiu2H
6873,track,4801,spotify,spotify:track:2wS1PObRyCywHdmog5eOWW
6874,track,4802,spotify,spotify:track:6zrsmzrMoxNkXEQLubCWtA
6875,track,4803,spotify,spotify:track:758mQT4zzlvBhy9PvNePwC
6876,track,4804,spotify,spotify:track:6CCIqr8xROr3jTnXf4GI3B
6877,track,4810,spotify,spotify:track:0hblHuBtxbGCScwQSo8kFL
6878,track,4811,spotify,spotify:track:7hncQi8sCjCn7ICpvAVyh2
6879,track,4812,spotify,spotify:track:0PDGCtMLGQ6zbKMMuqltuY
6880,track,4813,spotify,spotify:track:7GPq5i4Dn95yDaqxdoeKNW
6881,track,4815,spotify,spotify:track:4mkdUdHTDfnbcie1vSmbCK
6882,track,4816,spotify,spotify:track:7y5zXpTN4J7K0PngQYa655
6883,track,4817,spotify,spotify:track:1xZdjsAGrY4BUIbIlYy3EX
6884,track,4818,spotify,spotify:track:0f1yzIIGD8k32DNVeEn6jb
6885,track,4819,spotify,spotify:track:28AvvchUP85ihRe9xCzcfB
6886,track,4820,spotify,spotify:track:1vpQmfAJWRAFsvBHtAy0d9
6887,track,4823,spotify,spotify:track:1tJFdMXDUBFdF1122LMKi2
6888,track,4824,spotify,spotify:track:7jsCldOdBvg2lw3LE7mIau
6889,track,4825,spotify,spotify:track:5JdjYeV0oQTaJgAh5qEnx2
6890,track,4826,spotify,spotify:track:34hFdH0XafJAE5VDDppwrU
6891,track,4829,spotify,spotify:track:1BR5vhAlaoUiijQ28p6jlN
6892,track,4830,spotify,spotify:track:4CpWJkSodVFE3HSylu7ajJ
6893,track,4833,spotify,spotify:track:5r5uZvXHbE4X6CdhnSATtX
6894,track,4835,spotify,spotify:track:6C7ZgThn6Yan5MTZdAEEFw
6895,track,4836,spotify,spotify:track:4olPjhmLorTREwFO8YvHDk
6896,track,4837,spotify,spotify:track:7LB9o4OKDstrCAwJBrjp5D
6897,track,4838,spotify,spotify:track:2K3M26n92jUIiFHmV9BdvI
6898,track,4839,spotify,spotify:track:0kafh5JIluPkyHd5j8vpdV
6899,track,4840,spotify,spotify:track:1yo16b3u0lptm6Cs7lx4AD
6900,track,4841,spotify,spotify:track:0TfgVgqur6Z81IiWF80L22
6901,track,4842,spotify,spotify:track:7BfnmWeEBPLWsIEfybTBYT
6902,track,4843,spotify,spotify:track:3a8r3EYOFZB7cT1OkK4zXF
6903,track,4846,spotify,spotify:track:5RK7cBkPvATJ9f7XMXoaBl
6904,track,4847,spotify,spotify:track:0Wik64zBKFTNoNjTpG70OH
6905,track,4850,spotify,spotify:track:0J2u6TAolef5gZEVy1HErU
6906,track,4851,spotify,spotify:track:0zkE78jc1kjLXrTYd9ZxpO
6907,track,4852,spotify,spotify:track:4PX9Ga99IMqlbgKucTxupc
6908,track,4853,spotify,spotify:track:5XkeTGKcCkGF8l6fA9YpsS
6909,track,4854,spotify,spotify:track:0EZMXJMWf0tLKRWwCiA6Sx
6910,track,4855,spotify,spotify:track:4LwU4Vp6od3Sb08CsP99GC
6911,track,4856,spotify,spotify:track:1WvuZsXHaH2qNAtvrQY6SX
6912,track,4857,spotify,spotify:track:0WWem437MQdylQuXxzE80H
6913,track,4859,spotify,spotify:track:0Ed7MeXx64f6OcIuoTRCg1
6914,track,4861,spotify,spotify:track:1iQ5E4z6CJ38dIzvMI9Wdo
6915,track,4863,spotify,spotify:track:2pHrydg5cuW3jjASAojVlS
6916,track,4864,spotify,spotify:track:4NGS3j6JmOx6VUaXt6VQbj
6917,track,4865,spotify,spotify:track:6ALtdfVnklY8xp9bUBKVEP
6918,track,4869,spotify,spotify:track:3ubC8Zhnp9juMV7Zix4Yx3
6919,track,4870,spotify,spotify:track:57R8tFu2asbtSNvuUiqJe2
6920,track,4872,spotify,spotify:track:6NjXLhejj5dVjTyeU8SbVM
6921,track,4873,spotify,spotify:track:6BpbWAw0kRnhqNqumLoNbm
6922,track,4874,spotify,spotify:track:1fotoYONO343JjbC8XvPSl
6923,track,4875,spotify,spotify:track:395A6LqZg4l93a9Iv32cMu
6924,track,4877,spotify,spotify:track:0BwEcr3nLrgQnAOjiqJEAV
6925,track,4878,spotify,spotify:track:0OsJgyEge9dZ7lSrtEwYtm
6926,track,4879,spotify,spotify:track:6BVvNW2QI1AtYoMAAZ7lQg
6927,track,4881,spotify,spotify:track:3faO2HQlq1vo0ASDuAynab
6928,track,4884,spotify,spotify:track:6OE9S6XF0U1lNfeaUNSjYl
6929,track,4885,spotify,spotify:track:3E5A19jrb0FEhassmWEY0O
6930,track,4886,spotify,spotify:track:1gSDTZHemEViEBiXysrlo0
6931,track,4887,spotify,spotify:track:6kshq2FhPFEY2v744OHTPp
6932,track,4888,spotify,spotify:track:58zTKh9uhd2rH3A9j9AoXZ
6933,track,4889,spotify,spotify:track:1tMtLvVhOLhg1yaGWcqaYg
6934,track,4890,spotify,spotify:track:4ik5diaW33qfKVRuKDCBYw
6935,track,4891,spotify,spotify:track:3WvRVOelYgyaa9qhLb7Mef
6936,track,4892,spotify,spotify:track:1P24YjFCAbATJ0lY35OFt3
6937,track,4893,spotify,spotify:track:238CYD8hB1LpBt2HHBNA9N
6938,track,4894,spotify,spotify:track:6fwR0jhdqwKEQA8KApayvc
6939,track,4895,spotify,spotify:track:1L6Rcn4mF3bvl49dqhkpeT
6940,track,4896,spotify,spotify:track:02xhZhWcgS26FWoMUZdSg2
6941,track,4897,spotify,spotify:track:4t8lU7Br9vJ6zTlo3XHMjR
6942,track,4898,spotify,spotify:track:1nsbj6cQQmfp9x7Mlmtphl
6943,track,4899,spotify,spotify:track:2UTO3vuKleiyHjOGX1dppL
6944,track,4900,spotify,spotify:track:7vgBmaIp7NEaq0iSJPJ3AL
6945,track,4901,spotify,spotify:track:44wZ2hx9XnlCokyWnNFJdT
6946,track,4902,spotify,spotify:track:3X414ZlCf5U7pcpIaIcUkT
6947,track,4903,spotify,spotify:track:461AIwNM5DPn3kgAxQV2k3
6948,track,4904,spotify,spotify:track:0eEXcw3JLVXcRxYrVYMy68
6949,track,4905,spotify,spotify:track:7jehxtSf53boiZeH2BIVGl
6950,track,4907,spotify,spotify:track:4BWBpj8D0krkebqLTQx7SZ
6951,track,4908,spotify,spotify:track:2bXI4Rbw1D7aVeHWLjn1Lb
6952,track,4909,spotify,spotify:track:4TGHOWSNAwUXn5onDQr0P1
6953,track,4910,spotify,spotify:track:18RzOVoUefUG47NviEiX8A
6954,track,4911,spotify,spotify:track:3mgjmUAhZv1EfFLG6kK0Lb
6955,track,4912,spotify,spotify:track:4dTtYVQzlwBMpVyQ4h3wy2
6956,track,4913,spotify,spotify:track:04HyKjuN8EVN9XHrYmsTJx
6957,track,4915,spotify,spotify:track:3hhARnMmNeceqYPAiQkhxZ
6958,track,4916,spotify,spotify:track:1TZOxbK2uxDDRSFS4qJYZi
6959,track,4921,spotify,spotify:track:3lGBvPUgO7MJltUnBlOpe9
6960,track,4922,spotify,spotify:track:6srVzDvt1xeXN4ecxd9pGK
6961,track,4923,spotify,spotify:track:7qNlp4nlcdsRzQUF3r6U8t
6962,track,4924,spotify,spotify:track:2jvReFnSLHaTK5qIJQgwlh
6963,track,4925,spotify,spotify:track:2uQPRyPHcet5G5iePVzdsT
6964,track,4926,spotify,spotify:track:2BcEepcdka4veSHGvYZCjh
6965,track,4927,spotify,spotify:track:5fIuVG7HFoLMwRpSx3ZLPU
6966,track,4928,spotify,spotify:track:1CXxBFlVOCDucBQKVEF3XS
6967,track,4929,spotify,spotify:track:6EMbedCO8n0WyBLmfXFtWh
6968,track,4930,spotify,spotify:track:1gWMdqJxANlDxQ71NTi7gC
6969,track,4932,spotify,spotify:track:2yioFosungQzWkJduAnErw
6970,track,4933,spotify,spotify:track:6H7h7zohxPTqbMZwNJgsQW
6971,track,4934,spotify,spotify:track:3nlEsIZ41AwtS2ci4wVoCM
6972,track,4936,spotify,spotify:track:2xhXCPImuVxrSbH0VZtsco
6973,track,4937,spotify,spotify:track:6U7QOkEr4kIaq73sryEDoe
6974,track,4938,spotify,spotify:track:7IFqJxFBQnJUB8TXYqHqYN
6975,track,4939,spotify,spotify:track:3PoaRXytyPDknGIG6fkXlG
6976,track,4940,spotify,spotify:track:7DbQoy3MHQtcUKx1tPEPSz
6977,track,4942,spotify,spotify:track:58G1OHSia2BtsAR6oR3vD3
6978,track,4943,spotify,spotify:track:6d8K3xoD0xxCrXvYeIjDpR
6979,track,4944,spotify,spotify:track:2YFK8mpSIJfJZS5IsZ1cCc
6980,track,4945,spotify,spotify:track:52fK0HD5kFpLz1hLZ6ytAf
6981,track,4946,spotify,spotify:track:2Ne2MgW4rAKNbDkYQzioLp
6982,track,4947,spotify,spotify:track:39tn8e2DLYqkr1GDBRniGc
6983,track,4948,spotify,spotify:track:3fGf8gD6JReWrFYYBoPIEs
6984,track,4949,spotify,spotify:track:6hWuEFYkr3kqawBvmIx0sg
6985,track,4950,spotify,spotify:track:7o5d2z09EkWNTDYZCvSE9Z
6986,track,4951,spotify,spotify:track:1jD08TqIK5u6qmySdOx2yw
6987,track,4952,spotify,spotify:track:3qnnRoUyENEl6mNEuhs3Hm
6988,track,4955,spotify,spotify:track:40wUM3LFZOlUcZfxEIZrYK
6989,track,4956,spotify,spotify:track:1NfRkjGcNbkCeOMrXPfLf0
6990,track,4958,spotify,spotify:track:7jmJlhebJ4dKK4SkenUpX9
6991,track,4959,spotify,spotify:track:6LkragYWQkqMjQOGuQRnrd
6992,track,4964,spotify,spotify:track:5tUmI71TrTmg3lLC3wQ8NF
6993,track,4965,spotify,spotify:track:31GUM30kjMPY93SrVh1InN
6994,track,4966,spotify,spotify:track:3ZwmNUJgd83cZLNbQw6BSB
6995,track,4967,spotify,spotify:track:4RRvVSpreSh8psHZodRUU7
6996,track,4970,spotify,spotify:track:0XSZQtBgwQSH4W9NPG5PAT
6997,track,4971,spotify,spotify:track:52tMdWNpg5tELVqsPKSRAr
6998,track,4973,spotify,spotify:track:5zYoFwV7gbYFqM17PNf2S4
6999,track,4977,spotify,spotify:track:1b4oehAiKqRh5uDMNJfz60
7000,track,4979,spotify,spotify:track:7cPSe8Z9UxjjfzMjkJqNj9
7001,track,4982,spotify,spotify:track:6qISYCEEjQapSzFC2tbA6C
7002,track,4983,spotify,spotify:track:5qOCalhe8y2xnfvZZP3QJB
7003,track,4984,spotify,spotify:track:64Pgil30qmyhQdEDgeidJQ
7004,track,4985,spotify,spotify:track:3cb6To4CMGd1LvFDCVGSrP
7005,track,4986,spotify,spotify:track:6RInJGbf4RhwdLZZxJu2aG
7006,track,4987,spotify,spotify:track:2b5zizXxC2u1LYruqXXHZN
7007,track,4988,spotify,spotify:track:6rAZI1YkE0zd9QGHI8ILOV
7008,track,4991,spotify,spotify:track:0CT9dRh7mbYKGCPLwIcVqH
7009,track,4992,spotify,spotify:track:0mJ4BhMG9GTlLRWbJVYFM2
7010,track,5001,spotify,spotify:track:72z4BrCI22vCa7DUcA4A9B
7011,track,5009,spotify,spotify:track:22GTVQGUWhNqLdu7CFqRUU
7012,track,5010,spotify,spotify:track:6YH9aJRrCuChmbRH2Fr2gP
7013,track,5013,spotify,spotify:track:1MpkN1l2yQ61J52rpYEwVw
7014,track,5014,spotify,spotify:track:6t9y6URaRcvOQl7zgGTbip
7015,track,5015,spotify,spotify:track:6skgBDBpI7dtnnGJtD8ob9
7016,track,5016,spotify,spotify:track:0pl2nLorVcvFpB6oMofVd7
7017,track,5017,spotify,spotify:track:4CkvCn0iNEWY03UaeYL8HS
7018,track,5018,spotify,spotify:track:2jJ4Tvq4JvSTmUtGal7xi3
7019,track,5019,spotify,spotify:track:0EsULT2pUo3OurVFzlNhG4
7020,track,5021,spotify,spotify:track:5CMjjywI0eZMixPeqNd75R
7021,track,5023,spotify,spotify:track:23qkYXoddHPgEBe127DlXD
7022,track,5025,spotify,spotify:track:3PGMLuDBSxTbW0YT0u5Wwo
7023,track,5027,spotify,spotify:track:12VQfQ6D2HOgXYajwTCCiT
7024,track,5028,spotify,spotify:track:0LWkaEyQRkF0XAms8Bg1fC
7025,track,5030,spotify,spotify:track:5ULXESAPhEBxw3dIFwe7XU
7026,track,5031,spotify,spotify:track:02TOwA8rjx0G7s4yuqpjZD
7027,track,5035,spotify,spotify:track:1tRbnkGBnWkrMhOi3EMULq
7028,track,5037,spotify,spotify:track:3BOZKiAkglyCY0ose4b9io
7029,track,5040,spotify,spotify:track:6CRrwIg9Npe2WQ0Xmrc4Tp
7030,track,5041,spotify,spotify:track:6mFzMG6Z8rqCLvR9a8s8i0
7031,track,5045,spotify,spotify:track:7gihksIHhs6nw5tYlI6UEq
7032,track,5046,spotify,spotify:track:6q2E39lHDt7ImGt8fRlb8p
7033,track,5047,spotify,spotify:track:04QTusNVhoUHOx7L9jHRHZ
7034,track,5048,spotify,spotify:track:3uqinR4FCjLv28bkrTdNX5
7035,track,5060,spotify,spotify:track:2zP98zknL1ik0h57xJdPjX
7036,track,5062,spotify,spotify:track:2bSF5Qs8IQE9RRaZIef7mO
7037,track,5063,spotify,spotify:track:6TTgbTWgNXgYnkRjgUvc1u
7038,track,5064,spotify,spotify:track:1ah2uXf2PFjLpSupcf1jG3
7039,track,5071,spotify,spotify:track:7hYPe7L9MtQh8cWdjBxdb4
7040,track,5073,spotify,spotify:track:1JTZqN0snbMSNtp59zveTs
7041,track,5075,spotify,spotify:track:5UQFB9mOlcuZ4uCFG50ul2
7042,track,5076,spotify,spotify:track:56LAazdPbaiyyoJ2vY2qdl
7043,track,5077,spotify,spotify:track:6Qcs1mQBcGKo3Z6Ttqca0F
7044,track,5078,spotify,spotify:track:0DdH6OVNjI144w7sUMxN60
7045,track,5079,spotify,spotify:track:6R3hWwKrdg5xVC0fdQh4dq
7046,track,5080,spotify,spotify:track:2rJXpIgAakxBXeVTSIT9ZQ
7047,track,5081,spotify,spotify:track:42HaUhNsfC6xM9H94wtfXW
7048,track,5082,spotify,spotify:track:3HZ6qPIRdBlcCVpH6j9E05
7049,track,5083,spotify,spotify:track:1LQBIqafgK3JDuQZSBagSF
7050,track,5085,spotify,spotify:track:0VLTnBDgvVUwO2phU8dctH
7051,track,5086,spotify,spotify:track:1Kr1I7U2E1lD1WpBaaqHP7
7052,track,5087,spotify,spotify:track:51SoiUsUk57D3uXyPEmP4C
7053,track,5088,spotify,spotify:track:57CFBMaKHhNwbFFy9w3QK2
7054,track,5089,spotify,spotify:track:7HSVXbuN0yIatY8RGTFChu
7055,track,5092,spotify,spotify:track:6RUpJeXT6U4SPEafnr9Wr7
7056,track,5093,spotify,spotify:track:57pOyrIbZjxLqRbME7haSW
7057,track,5095,spotify,spotify:track:1FJbtP5Ha9SERcZL1qJ2cL
7058,track,5096,spotify,spotify:track:78STzAp8zpjFxYSNhoJ1YH
7059,track,5099,spotify,spotify:track:6EzXcUqTxVgqEOQuZ62pcE
7060,track,5100,spotify,spotify:track:35U9mYWKHIQAXwAdzruF1E
7061,track,5101,spotify,spotify:track:2fxR7MfFzavFIYll0rfftX
7062,track,5102,spotify,spotify:track:5XZvmCCn2fZ3vHU4nrFbJJ
7063,track,5103,spotify,spotify:track:3lCF2BqtQFac9QkJif2wSG
7064,track,5104,spotify,spotify:track:0Cm06UjxLrOYlMfXS5Qyz0
7065,track,5106,spotify,spotify:track:0SZ58NOXDMz69dD1feCmsT
7066,track,5107,spotify,spotify:track:71BKOfgTbVWg7PoMj4JMzP
7067,track,5112,spotify,spotify:track:23MrkN7g6Q5U7GLIxNHN1B
7068,track,5113,spotify,spotify:track:1ntxpzIUbSsizvuAy6lTYY
7069,track,5114,spotify,spotify:track:02POyqtbrdmYQ3RxsTrYMD
7070,track,5115,spotify,spotify:track:5LI7PoHEolR8plrf3I16sq
7071,track,5116,spotify,spotify:track:0wJoRiX5K5BxlqZTolB2LD
7072,track,5117,spotify,spotify:track:76vkF03OHdhMOnvXEVXN0x
7073,track,5118,spotify,spotify:track:3QlZZvDLjdoP5ToIgDQRTE
7074,track,5119,spotify,spotify:track:32a0GKG71WxRfIeJI2zre4
7075,track,5120,spotify,spotify:track:7mE0Heyd1SRvhRJPrXI7FI
7076,track,5121,spotify,spotify:track:52RzkmO5AcjMxNhRxFt8ny
7077,track,5123,spotify,spotify:track:6GEH1DqWBXUd2iF7EKSPGr
7078,track,5124,spotify,spotify:track:4trCh7IOS18nAXahif8aYp
7079,track,5127,spotify,spotify:track:3VZaOSSci2xnQG4EYxV65v
7080,track,5128,spotify,spotify:track:5hN9eBtOAHNWCS6G2Aqaon
7081,track,5129,spotify,spotify:track:7z7R9t42XyZhC8BpwJTQHf
7082,track,5131,spotify,spotify:track:635fKC4m9edjSdOYJ9pwyb
7083,track,5132,spotify,spotify:track:2YjQxwwKV9XlCyk0Na7oc2
7084,track,5133,spotify,spotify:track:7DOBFMfc7XcR6PC5WW5O3V
7085,track,5136,spotify,spotify:track:53H9m49CWmI5M0Phsf1l2t
7086,track,5137,spotify,spotify:track:7gTwbMqmbo3dtX9aCmKsrD
7087,track,5138,spotify,spotify:track:39PU2z9LesM4HRvD6zY1Tg
7088,track,5139,spotify,spotify:track:250dZY8xYbhHGQpM6bgL52
7089,track,5140,spotify,spotify:track:5WEyqAYtY9T0QmwcHiXmv8
7090,track,5141,spotify,spotify:track:2R5zO3Zi0Of0v1DyxusWbk
7091,track,5142,spotify,spotify:track:6ALPLbDJ9eWVij9ep3Cgf4
7092,track,5143,spotify,spotify:track:4WMWPZe7xftbg7u17WwgYD
7093,track,5145,spotify,spotify:track:5P7J9Q6Fg5Reo0ByHM38oH
7094,track,5146,spotify,spotify:track:2rCbetJ13jCpy9PLJRjun4
7095,track,5147,spotify,spotify:track:61sixsNSAjqIsEXHapYRBH
7096,track,5148,spotify,spotify:track:644JimfCextsZ63f3nmGFu
7097,track,5149,spotify,spotify:track:5cM2ZqITAAPPfTfs3s5Ngp
7098,track,5150,spotify,spotify:track:5UQwJQSdx7gFmRAJ1QZ06E
7099,track,5151,spotify,spotify:track:1RcBXuJe89ZLNRfZTKIQBj
7100,track,5153,spotify,spotify:track:4z6uwQKPhhIOOFCeiftv3J
7101,track,5154,spotify,spotify:track:3YAxHi6nY1bqrqSI5OQBKa
7102,track,5155,spotify,spotify:track:3zAJlFMIjvWtGF9vCnxQaJ
7103,track,5156,spotify,spotify:track:6OxhmJr0L7R50yHrnGHaCo
7104,track,5157,spotify,spotify:track:3oiWdaMJHQBSQYoMBGvBKN
7105,track,5158,spotify,spotify:track:1pdHZsQUzxT4OyhraItBQQ
7106,track,5159,spotify,spotify:track:17d5B2Z3GXPcQqPvQE4wmZ
7107,track,5160,spotify,spotify:track:1f3V4dC1nLsERU5Dj0tezU
7108,track,5161,spotify,spotify:track:1ZyZBoTB80BYCwHj56eyub
7109,track,5162,spotify,spotify:track:51Llej1dJBMBY7z24YOLOr
7110,track,5163,spotify,spotify:track:3DF1OtBQvEZTslUJtMfuWq
7111,track,5164,spotify,spotify:track:4ux6uQfMO7ZsKZgQRhec4v
7112,track,5165,spotify,spotify:track:4Vp7PokYymcoThbUoA8sQX
7113,track,5166,spotify,spotify:track:5FPihLzhH0bQ3tTco9VVdf
7114,track,5167,spotify,spotify:track:4Ae8xLRRXjEWP4Stqk11UN
7115,track,5168,spotify,spotify:track:1VW5kmwGDwgVV5ixhF6V0q
7116,track,5170,spotify,spotify:track:7oAoaynpcxBEHDgg7XQfxd
7117,track,5171,spotify,spotify:track:7ndjcc0AVmaqMm3Ab4nHjP
7118,track,5176,spotify,spotify:track:6KSmvgpIxFlmVgKKsCbgyp
7119,track,5177,spotify,spotify:track:2nO2JFA0DE8L3sEicjNjGu
7120,track,5178,spotify,spotify:track:3eyLEui9GERnphLYdTfMpi
7121,track,5181,spotify,spotify:track:3YgPSOn7QmJiwvWrb2cXtu
7122,track,5184,spotify,spotify:track:55VdmFIyzDN6HBmUYshZKK
7123,track,5185,spotify,spotify:track:677QqBbO6jNmvtFCjOO7to
7124,track,5186,spotify,spotify:track:7eeeFjwOZBho5zyvxzIzHA
7125,track,5188,spotify,spotify:track:5NCzzVS5fHklXbrvE01ius
7126,track,5192,spotify,spotify:track:0nUGfNeQVrBJmZbRXGv5J5
7127,track,5193,spotify,spotify:track:2zthr5OGy1kYPDLXVnSD0j
7128,track,5194,spotify,spotify:track:5Np0GRBu5KT2kEwEUrbzNQ
7129,track,5197,spotify,spotify:track:3rj7lJxSGZC6S9cBTBRUXf
7130,track,5201,spotify,spotify:track:4eliYBCicHyZO6ZbQueKHd
7131,track,5203,spotify,spotify:track:5dqrgmHHBuUzwYKBXJuIm0
7132,track,5204,spotify,spotify:track:5WOohh2RGnMlYFmlzJDs2P
7133,track,5205,spotify,spotify:track:4NFBL3eUZGhGwss3Anegn9
7134,track,5206,spotify,spotify:track:6RxBOcVOB3xzowxDBzTCVd
7135,track,5208,spotify,spotify:track:4Lw4eA4IbbxWGBPR5iLczy
7136,track,5209,spotify,spotify:track:5LbsrepjwrdMU6iTja0Yci
7137,track,5212,spotify,spotify:track:3eVCwGfxYN3L7XI9hfSSyG
7138,track,5232,spotify,spotify:track:4eJ0K6wkaAaHtvvIXeLWBF
7139,track,5233,spotify,spotify:track:6hsWgOjbX8FzcDifNVwfFy
7140,track,5234,spotify,spotify:track:4UW7rFZxZsW70PbEgHqHWU
7141,track,5235,spotify,spotify:track:5EKgATjBl4Duou8zJH0uXx
7142,track,5236,spotify,spotify:track:6xfMOEq6oyNKWy5884A4u6
7143,track,5237,spotify,spotify:track:0l1JWSY7KeKCMuI0cXrnP9
7144,track,5238,spotify,spotify:track:2NPxL1QqPrD1a7OLHjVcAP
7145,track,5239,spotify,spotify:track:5wuHFls35h3iwRr2IssJ3v
7146,track,5240,spotify,spotify:track:6LZnxCxeFDh8H2PvQGZmNR
7147,track,5241,spotify,spotify:track:6PrpLOORvCIjOb2jAqzftn
7148,track,5247,spotify,spotify:track:4Hff1IjRbLGeLgFgxvHflk
7149,track,5248,spotify,spotify:track:6LMQdhAdPpso0kZ7VHT161
7150,track,5249,spotify,spotify:track:2yi7rmLfZODLrAVetSwCvx
7151,track,5250,spotify,spotify:track:75DisJe9MyYDH0hQejfVXS
7152,track,5251,spotify,spotify:track:0jxVcXFPfjzwoivFX1Ljo8
7153,track,5252,spotify,spotify:track:7xrtSOPrFxjyavgkXEZ32U
7154,track,5253,spotify,spotify:track:2OUMxFctFzxerBUkOf6UxX
7155,track,5263,spotify,spotify:track:137RJ7fCGCeg47UzBkSgXj
7156,track,5264,spotify,spotify:track:1TDTadwPoc8bz4LEbUpVKY
7157,track,5266,spotify,spotify:track:4jvWdrWu68yFTEH8OFI8da
7158,track,5267,spotify,spotify:track:3HGHE9hGPEdN1955eoC2hL
7159,track,5268,spotify,spotify:track:6rrSbNnJQnKo9q8mgV7E9V
7160,track,5277,spotify,spotify:track:0mmzo7Py9onD0nP3zVIh7C
7161,track,5280,spotify,spotify:track:7wptG6cV7nbVCf0RHME4Mx
7162,track,5281,spotify,spotify:track:0ZsDZd6yQJDiEKoSzVrfoK
7163,track,5282,spotify,spotify:track:5mSlkohPsWHtIx1idVdted
7164,track,5283,spotify,spotify:track:1caZrgOABA9bIcJJ3hzzJ8
7165,track,5284,spotify,spotify:track:4Tr1KrM7UXGZcLGWK9ABI2
7166,track,5285,spotify,spotify:track:0ugK4xfCjxdnuKJG0lieeb
7167,track,5286,spotify,spotify:track:2eQFVnp3orgmitZY88tEFL
7168,track,5288,spotify,spotify:track:5Va3lVMNbcpKe1aLCtkigZ
7169,track,5289,spotify,spotify:track:1pSBN0EgM0xJJ8KnxBULlM
7170,track,5290,spotify,spotify:track:25FdP7PsIrwgZKiaSMHhze
7171,track,5291,spotify,spotify:track:1kuXu0jC0MEUhfJya4uOtw
7172,track,5292,spotify,spotify:track:2oH5JvMxPlgMFTYUkOZxOn
7173,track,5294,spotify,spotify:track:0XtLJCqguQBmf56CKCZLnq
7174,track,5298,spotify,spotify:track:0NwfA41GsOP0cGqsgBOtFP
7175,track,5299,spotify,spotify:track:3PwWcbAzEgiEKPfl0e9HpY
7176,track,5300,spotify,spotify:track:5BfY4fBqLz7Tvcwa8Jl7yQ
7177,track,5301,spotify,spotify:track:3BNPoMYgGDcjKmZRfPJzBl
7178,track,5304,spotify,spotify:track:0YWNTkjSwoDaDKmlp1VkX4
7179,track,5305,spotify,spotify:track:4jtB5cvSqM4UWojz8QTwXF
7180,track,5306,spotify,spotify:track:3znH8Nl0xGyck7Cawbl14Y
7181,track,5309,spotify,spotify:track:53y0PxHoy72RaSPkehY4zb
7182,track,5310,spotify,spotify:track:1NrUc0f7QZBYqgjj6ExNMG
7183,track,5311,spotify,spotify:track:6fo9uskjOIoWXAaUNxN7Bl
7184,track,5312,spotify,spotify:track:13YyYNBofurxZCNYiFDibB
7185,track,5313,spotify,spotify:track:2krGqhlbsTOOHN6RAzdnG0
7186,track,5314,spotify,spotify:track:0EG3kTFOfx9kRHYMogeloV
7187,track,5315,spotify,spotify:track:5c1GV3pvAzvfw4Z4pxp1tY
7188,track,5316,spotify,spotify:track:0sHW1jXe6Sou3437gJQNGA
7189,track,5317,spotify,spotify:track:3IXsOL4PsctxqiWohSYthI
7190,track,5319,spotify,spotify:track:7rbECVPkY5UODxoOUVKZnA
7191,track,5320,spotify,spotify:track:0LxskSIEX09s9AVgH0kmhS
7192,track,5321,spotify,spotify:track:7C4yHdqe6x2fF1LxpwzGHD
7193,track,5322,spotify,spotify:track:7FWaqDbIq3OGZsC04CfuV9
7194,track,5323,spotify,spotify:track:0mqrA6xVKqeyxhlu9dV2am
7195,track,5328,spotify,spotify:track:29XBHZKdcXAg8deuEVyoeI
7196,track,5330,spotify,spotify:track:4BtScDGEkBsMV78n1m9qsz
7197,track,5331,spotify,spotify:track:4xAdZnFbNbqGmlke315jcP
7198,track,5332,spotify,spotify:track:4UrLPmULQMCXpIwJcOK2NJ
7199,track,5340,spotify,spotify:track:0nIyy7z8A3I4r69aYQuu9L
7200,track,5341,spotify,spotify:track:0mNaJMeumNsPmeYOuIjBXC
7201,track,5342,spotify,spotify:track:5rhvbl5MOPloY5kba3oZ7u
7202,track,5343,spotify,spotify:track:595QUloble8ef00eINq5IH
7203,track,5344,spotify,spotify:track:0vU6m7kvx7cyzvCJ10Lq32
7204,track,5349,spotify,spotify:track:5ywCKXmSQojanNTjFcuX0o
7205,track,5350,spotify,spotify:track:7hhUT8malcJmaIgGRHlzNo
7206,track,5352,spotify,spotify:track:2I8BqSYnd9kHeOqYumK41I
7207,track,5354,spotify,spotify:track:3FuEwrAfIHEOyrFu4inn6U
7208,track,5355,spotify,spotify:track:5I0vFOCch5NxL0OIZcbzNh
7209,track,5356,spotify,spotify:track:4X3tFirBsgqyOSvZzb733R
7210,track,5358,spotify,spotify:track:7IguAJSCc9Ijxu6IdjIvW6
7211,track,5359,spotify,spotify:track:1TRaXveEPRDcfq36tcJTE0
7212,track,5360,spotify,spotify:track:14uhhAByvx2F0y6kRkKJ0i
7213,track,5364,spotify,spotify:track:3s3n2yEQrRFIZDrKnpHJvV
7214,track,5365,spotify,spotify:track:18YFwSxTg9nhB3Xk5IQFUA
7215,track,5366,spotify,spotify:track:3XwsGAtbEoBUzJfFmHSHSo
7216,track,5367,spotify,spotify:track:64850mXUPMByArvFTYFsDf
7217,track,5368,spotify,spotify:track:3bZEtYBYJahicQkLAqg4Am
7218,track,5369,spotify,spotify:track:3AfTCDoSCXs1Ng1gghNznD
7219,track,5373,spotify,spotify:track:5Hp4KSsgGW0AHRBJJiG46w
7220,track,5378,spotify,spotify:track:7098TdxGBINzBu9ygyAieB
7221,track,5381,spotify,spotify:track:3Yj1LqBDDuY7qvpLC3FjUS
7222,track,5382,spotify,spotify:track:0cpR1Up5wTVKi5sOTawJPM
7223,track,5384,spotify,spotify:track:5SnEo08L6hzpGW3oZUTjct
7224,track,5390,spotify,spotify:track:2ZrzE7Q2mMIUce82mQ3afy
7225,track,5391,spotify,spotify:track:1ZD3CMagZCxFyrc2zPyvBl
7226,track,5393,spotify,spotify:track:53GyUog0e8fbctqyJieLS2
7227,track,5395,spotify,spotify:track:0S4YysfsVExB7oX0tairoB
7228,track,5396,spotify,spotify:track:5dJRoFFJKcYrqDx1WyYtD5
7229,track,5397,spotify,spotify:track:5IVEuweCxk05vsgNeClJN1
7230,track,5398,spotify,spotify:track:3b0tvkTkszyK6JrJj9HuwF
7231,track,5400,spotify,spotify:track:36f4arhTnFKeBQe8Pymqj6
7232,track,5401,spotify,spotify:track:4narlUY6al189GQg6VF08Q
7233,track,5402,spotify,spotify:track:4bqTcIQAj0aqqyS5LzMVPx
7234,track,5403,spotify,spotify:track:18YM89jFoyVeYGEUCDBTTY
7235,track,5404,spotify,spotify:track:0DJBgfyaAlT7T0i0YAuzrS
7236,track,5405,spotify,spotify:track:5zbiOXYWlRSO5NHtla04pm
7237,track,5406,spotify,spotify:track:4j3qQ2xRAnX3WYqipiSm6B
7238,track,5407,spotify,spotify:track:47euMdzPz6bdj7EKPy369S
7239,track,5409,spotify,spotify:track:26jVpWciUXV7qSRldMlkWn
7240,track,5410,spotify,spotify:track:6xQ8drnnljrgBscmT5ZqBw
7241,track,5411,spotify,spotify:track:3h1k3ttrTqkqPx5OBxLLVZ
7242,track,5413,spotify,spotify:track:34noEddgCKzeP7qWxrioVW
7243,track,5414,spotify,spotify:track:6tAGCgVzgO9IJdTnbFEBRk
7244,track,5416,spotify,spotify:track:1VYhRvVlhfvWMYYtRaXmU1
7245,track,5417,spotify,spotify:track:6ln80DtgYJI8yaivYj335u
7246,track,5419,spotify,spotify:track:25uRFHDl6GDHkaP782VeoN
7247,track,5422,spotify,spotify:track:3Z3H0nC21PLinRbUbJlMGN
7248,track,5423,spotify,spotify:track:7pcCT7shfK08Rys6PxnnEF
7249,track,5425,spotify,spotify:track:5GbwDnoPRjfNafPjzFaxg4
7250,track,5428,spotify,spotify:track:2FyNqgFc6FebbBRPUcu9Th
7251,track,5429,spotify,spotify:track:0yxSlxIJtnMl17eA1SZ71K
7252,track,5430,spotify,spotify:track:7EXHtAA7ckNMItwaKxixDW
7253,track,5431,spotify,spotify:track:6w5ZlJqegFx5E9xQqYLqCK
7254,track,5432,spotify,spotify:track:2Ik0sIJPSV8aau7fDS9jJv
7255,track,5435,spotify,spotify:track:6s7jEeg7YjWjghp6Ivbw0I
7256,track,5436,spotify,spotify:track:0PO7fVyPLMShxeh9OKjbWB
7257,track,5437,spotify,spotify:track:6XusoTRr709pKT5hzzS2I2
7258,track,5438,spotify,spotify:track:5PllVvs2T7I6WrpXQVu4cc
7259,track,5439,spotify,spotify:track:6RM7f6dyDu9RC8MwmDa1jJ
7260,track,5440,spotify,spotify:track:44RlfqtA8NyXSilm1Z9UbD
7261,track,5441,spotify,spotify:track:3QMdQ7MPPoeTYRhv0jnCC4
7262,track,5442,spotify,spotify:track:39GjPaVYkxMmNIJBmCakxp
7263,track,5443,spotify,spotify:track:3FWdKvMUAMCqJJWI4Dgltf
7264,track,5444,spotify,spotify:track:1Gqj4DGyD80MinPFr67Bme
7265,track,5445,spotify,spotify:track:4IoubBsSwCfIDbeNSASAB4
7266,track,5450,spotify,spotify:track:5iY0PQSuxG3uyE4AwWnb9I
7267,track,5454,spotify,spotify:track:2xYGC05S9q0TpIUMGmge86
7268,track,5455,spotify,spotify:track:4ic8hlf4FkirjFpXJNBT3N
7269,track,5456,spotify,spotify:track:70nqG2sERoiIOMyosPnxmH
7270,track,5459,spotify,spotify:track:4xlpJ99yL9xYQtzG6c3hwk
7271,track,5460,spotify,spotify:track:6eGMwVVABqVTe9bWRIm498
7272,track,5461,spotify,spotify:track:6zYBZOP6SuKa5JszwpAz7Z
7273,track,5462,spotify,spotify:track:2k6hpKTyubRVOmQR11ViY3
7274,track,5463,spotify,spotify:track:4hjGZN8poACfjWCK3Og6vY
7275,track,5464,spotify,spotify:track:1S9tfxdFr4TqoqA14gnKj3
7276,track,5465,spotify,spotify:track:7hnW9af7GuGH5lyUUTa8UH
7277,track,5469,spotify,spotify:track:5e3NDJfY8fAIlt3BW2Mmf0
7278,track,5473,spotify,spotify:track:7fHpnSbbKpKSh4VuNGQq7Y
7279,track,5474,spotify,spotify:track:3ug1aEeNwKgiv7Sv4QZVcv
7280,track,5475,spotify,spotify:track:7mmImiqGDVDjH17htwQPeO
7281,track,5476,spotify,spotify:track:1ZV1LnowzFUdr13j5ij1vi
7282,track,5477,spotify,spotify:track:39DqjGQSh3UvzQxueQSauA
7283,track,5479,spotify,spotify:track:6HZkIvWgZ8Lx51TpBZVU70
7284,track,5481,spotify,spotify:track:3XZHGPlJDgNhhzDnO2SPfz
7285,track,5482,spotify,spotify:track:3hpXJ9xrUNGpoWI12DZK6u
7286,track,5483,spotify,spotify:track:00feV9uH5DOWtbBLGYDQy0
7287,track,5484,spotify,spotify:track:7frJEBqz0olVg8sQpXD5BF
7288,track,5485,spotify,spotify:track:3xbJKmI4nJsrNWsR19FXdu
7289,track,5486,spotify,spotify:track:64Jvj5JVttGkVHXHN21wiG
7290,track,5488,spotify,spotify:track:6Fc2XdEvNp0tudDaSlXj5W
7291,track,5489,spotify,spotify:track:5Y07fzx05JjNuBmClSjN9n
7292,track,5490,spotify,spotify:track:5dRbjeeIUoz0BO8YczZTdL
7293,track,5491,spotify,spotify:track:2woDsjNIyREq20m75VO5hz
7294,track,5493,spotify,spotify:track:4JggVVHiX7dV8lb3Y1kRUY
7295,track,5494,spotify,spotify:track:1eXL25uYRJCz39GkqbNNQG
7296,track,5495,spotify,spotify:track:08BY6BAxMOZ76RKIcupvXR
7297,track,5496,spotify,spotify:track:3YN2Q4dBTFZFXOJv5e4MiE
7298,track,5498,spotify,spotify:track:2zdg5ICoK5WGKCpX1LAdOf
7299,track,5499,spotify,spotify:track:294yHgLAZpqWzCgRRbdvDM
7300,track,5500,spotify,spotify:track:4ZlU0TE4Gm0AVFiqGnMzoq
7301,track,5501,spotify,spotify:track:2ihoQNPyX4AAeMB9f3uw0j
7302,track,5502,spotify,spotify:track:6ywnTBL62OTd8HUaztJizb
7303,track,5503,spotify,spotify:track:7qJsI11A1cpeYuUH4xdcIn
7304,track,5504,spotify,spotify:track:7rOEY5odKadRG8NiLQn6YD
7305,track,5507,spotify,spotify:track:455pd5JCnGovThJ2aJ6WaC
7306,track,5508,spotify,spotify:track:4hKn3UprlDFgjOZ1CtufBr
7307,track,5513,spotify,spotify:track:2HxxUKTmL5Q5aLUPjoJkhb
7308,track,5515,spotify,spotify:track:7IigfsaljYRZUifdcdbXgv
7309,track,5516,spotify,spotify:track:1nfzZp8t9hkzoTderxMpme
7310,track,5517,spotify,spotify:track:18jR95OQgXF7fUS2GUc9c7
7311,track,5518,spotify,spotify:track:2hhDTkFoGCLAPEy6TlpkBA
7312,track,5519,spotify,spotify:track:6YokB7U46fZdROp8B7G0Bg
7313,track,5520,spotify,spotify:track:2oydzdjHZEGha9IxcChrTd
7314,track,5521,spotify,spotify:track:5lQXkClM3axFsWL2NkqIW6
7315,track,5522,spotify,spotify:track:624xXq7pifv8PK0uVM564v
7316,track,5523,spotify,spotify:track:4cPheq1OYPfvNb5Sl0nzld
7317,track,5524,spotify,spotify:track:3C3DIE5j3J53S9jXo9Btcl
7318,track,5528,spotify,spotify:track:1aYeBUofVM4l9Pc1XGwz5q
7319,track,5532,spotify,spotify:track:3DYZnMH1MpCJRlHzZ7fR18
7320,track,5533,spotify,spotify:track:6xkB8KhAkIMoy3BaMwdx65
7321,track,5534,spotify,spotify:track:7cFPHNxCEDNDmP1N2jxWfD
7322,track,5535,spotify,spotify:track:3IZ2CdlCvTRGFmNCX1GzMq
7323,track,5536,spotify,spotify:track:1zB0kXKLQr7tYifth69jlG
7324,track,5537,spotify,spotify:track:5KNvpe4CaytSHjPXnQI6zU
7325,track,5538,spotify,spotify:track:0lqJDuFQEPTbxVJyREf4DH
7326,track,5540,spotify,spotify:track:58vsA5Rs4OoZYFJMJW5et8
7327,track,5541,spotify,spotify:track:5a5MpbIzMTC0zmzyCNvs9q
7328,track,5542,spotify,spotify:track:1j7WYjy5ZWG6XvayzsEbj4
7329,track,5543,spotify,spotify:track:2c5Isyd07hWsl7AQia2Dig
7330,track,5544,spotify,spotify:track:7jdzEA44GdSp4laVCF3Ztw
7331,track,5546,spotify,spotify:track:7Dm8UhzvQ7zck2pgm3ZTnm
7332,track,5547,spotify,spotify:track:7k0bqIjarcUFbfIs7gHYl1
7333,track,5549,spotify,spotify:track:6luVkmDX27lcGibaQ8Bews
7334,track,5550,spotify,spotify:track:3zgj2rjL82aU0FElZhz5uT
7335,track,5551,spotify,spotify:track:0VQM80Yf8MM6nsAupKnoIb
7336,track,5552,spotify,spotify:track:5L2TQtewq7gC3Xs9hURIBr
7337,track,5553,spotify,spotify:track:6RkzSFjZsalFmc4R0IwPF6
7338,track,5554,spotify,spotify:track:4QS50XnspJ1QCcHMjh3Q8S
7339,track,5555,spotify,spotify:track:2kj5ulTaaWkS7N6nxaPgSN
7340,track,5556,spotify,spotify:track:3Y2P7bF1oOrxKxtWIrxz1V
7341,track,5557,spotify,spotify:track:0ZmDss6w4Ovyurlfj4SJMM
7342,track,5559,spotify,spotify:track:6Q1TIMUFgQIiRJlPMgXKsC
7343,track,5560,spotify,spotify:track:0VC5npdqQh9XhC4dh1kldy
7344,track,5561,spotify,spotify:track:3061Jd1lCsAaUycpPIoudn
7345,track,5564,spotify,spotify:track:6Q3qFKZ4GysIFL4nVV5h78
7346,track,5565,spotify,spotify:track:683AX7XmlnVaSMXqiObSip
7347,track,5570,spotify,spotify:track:3C41w4YPDCfGuxzQNjvk8O
7348,track,5571,spotify,spotify:track:39sUeHQoIGY6BEIcgTMRXW
7349,track,5572,spotify,spotify:track:0ZwlxoHAnvkCRjsOrHAleU
7350,track,5574,spotify,spotify:track:4Za5o41uSPxPDrAs66rTVc
7351,track,5575,spotify,spotify:track:6jeDnK6mvZbXJgRZXkSkBB
7352,track,5577,spotify,spotify:track:7bEEzWWgJS4HhzYtNLCXfa
7353,track,5578,spotify,spotify:track:2iKfoNi5TOOOvwit3Qte95
7354,track,5579,spotify,spotify:track:6AZCWuUUX2sENiv3LQx9Hv
7355,track,5580,spotify,spotify:track:6OmaDOVCWQfy69DSayk9dZ
7356,track,5581,spotify,spotify:track:10kyFnbyQcFL4bS8tH5Cox
7357,track,5582,spotify,spotify:track:4L0jcL1W6bK1H51S5BBFLf
7358,track,5583,spotify,spotify:track:0C0OKMDnOvUyccUmwZO8AW
7359,track,5584,spotify,spotify:track:2NfIZCEXbDbt6JVYcNerCg
7360,track,5585,spotify,spotify:track:5h8JaUYE3HiYILQ0uqcJRO
7361,track,5587,spotify,spotify:track:5zRq06zG7qKn6SV1qx9d2B
7362,track,5589,spotify,spotify:track:2oarlR10iB6zYUu8k4XoNp
7363,track,5591,spotify,spotify:track:0cxIP69s3HqZnUisBuglH4
7364,track,5594,spotify,spotify:track:7e4IbPBgMXkjsNyc0tTDqG
7365,track,5595,spotify,spotify:track:6ciwDnA4rTPb5X9XhLuclK
7366,track,5596,spotify,spotify:track:1tV0tEU6dwYcZh4oLjwQP1
7367,track,5597,spotify,spotify:track:2pvb9fQgLshiLA6bPBX6OU
7368,track,5599,spotify,spotify:track:5tDVjGKePv1RZMynTvPpZ2
7369,track,5600,spotify,spotify:track:0QSA86C2JAfG2Rx5EGt1pA
7370,track,5601,spotify,spotify:track:0SI7PmZ2H5Gv8GqiU6e04v
7371,track,5602,spotify,spotify:track:4cqzGXC6kPvqLVgfaQSaVA
7372,track,5603,spotify,spotify:track:0D23FtqrB6XkY1knTr6z51
7373,track,5604,spotify,spotify:track:7Havw3Drysm3UMmPzxvNLS
7374,track,5606,spotify,spotify:track:3TGJJERElA998ZlJcfA1Qz
7375,track,5607,spotify,spotify:track:7rMeV0rIjzePISDXZTfM1v
7376,track,5608,spotify,spotify:track:2SZIwfcsfjLDZ0c72tKwlY
7377,track,5612,spotify,spotify:track:5gOwfgfPqQALRUpiQudMNm
7378,track,5614,spotify,spotify:track:3YkI9IyYXFwh3smgfLrH7C
7379,track,5615,spotify,spotify:track:2mE1fmoHkbAqPAzx79nE9C
7380,track,5616,spotify,spotify:track:67c5M9gVWemCV5SGH5cc4v
7381,track,5617,spotify,spotify:track:4WZf36CHSQ5qdiQiWpww8x
7382,track,5618,spotify,spotify:track:0gYCvpwW3hIcIcbBscxVBN
7383,track,5619,spotify,spotify:track:5zzCiLdhGnufBc9IfPUn4o
7384,track,5620,spotify,spotify:track:0TIItu69NmCbgvJUD0Zbnb
7385,track,5621,spotify,spotify:track:6JDQWWAOoMf1aKbBfZPkja
7386,track,5622,spotify,spotify:track:0LUrVZU02VWXqOD9UZaZ6t
7387,track,5623,spotify,spotify:track:35UF2cErr3AAVkBH3oYekU
7388,track,5624,spotify,spotify:track:1rY5uaNy8coQmDpHkm3VfO
7389,track,5625,spotify,spotify:track:32nvSTBSgpgXn5dddp4k6p
7390,track,5626,spotify,spotify:track:2qv1Gb6Ki2j9Kan4KK1QqY
7391,track,5627,spotify,spotify:track:0Twns2oQL3rBtLRsKaVI9U
7392,track,5278,spotify,spotify:track:4HvbESj3TfXqmprj30gr4Y
7393,track,5628,spotify,spotify:track:5ZCwcakrizrfXEYykEPwfS
7394,track,5629,spotify,spotify:track:7j7DIqhVZD3f9OeV31oJ3V
7395,track,5630,spotify,spotify:track:7GQU2ONiftn9FIYczNtfgx
7396,track,5631,spotify,spotify:track:0iQsIdVdM1vu2dpVO3u087
7397,track,5633,spotify,spotify:track:4Gqh7XRuYd4TtFFqooSyrv
7398,track,5635,spotify,spotify:track:6p3N5dtwVd8byM5miCAsi9
7399,track,5636,spotify,spotify:track:3z0i5xf1iiEoiuhkTPKp3w
7400,track,5637,spotify,spotify:track:2iCq0NPqrKydOMXCfZoKRQ
7401,track,5638,spotify,spotify:track:4KWLfZ2N2EfIa58vVmTB9z
7402,track,5639,spotify,spotify:track:1szJqPlsN7NYdKmqoAMT3K
7403,track,5640,spotify,spotify:track:4Bf0UDkIOkCCZmbSzaPZna
7404,track,5641,spotify,spotify:track:52o2J4kDdCGcZm5nXm0nIj
7405,track,5642,spotify,spotify:track:0OTIiplHpDNEqHsKqglrWS
7406,track,5643,spotify,spotify:track:1uU3g8Rgl0dW2uyMn21VQq
7407,track,5644,spotify,spotify:track:4SnTf4ixVZCfQtxHNhky0T
7408,track,5645,spotify,spotify:track:3Rsjz1liUgryo14GGJwevZ
7409,track,5647,spotify,spotify:track:6juIzbXd7ERNLhYCcOpi7u
7410,track,5649,spotify,spotify:track:1OUIv4f3vV3ViID4EvknyB
7411,track,5650,spotify,spotify:track:2pc2ks0bw0sjAZf9xU3nVQ
7412,track,5651,spotify,spotify:track:17mXHt73LCLF252X533SEK
7413,track,5653,spotify,spotify:track:3hsLe4jiDxiFM0Ky8bBI7V
7414,track,5655,spotify,spotify:track:5clRnxhRPUcCLt6Vnj86G7
7415,track,5656,spotify,spotify:track:0pSaDwrMLM7F82LWJg9v6s
7416,track,5657,spotify,spotify:track:3eY9pixHny3kVRLeqNezQx
7417,track,5658,spotify,spotify:track:6XrBFEW5zQ5P0GHMFAU4GQ
7418,track,5659,spotify,spotify:track:7l3ZNXBVVdhBz13Vo0kbLz
7419,track,5660,spotify,spotify:track:7cmlerCD0eQmwXjTWCC33p
7420,track,5661,spotify,spotify:track:6nLGLYCQYTaRQJHLOa7SSz
7421,track,5662,spotify,spotify:track:6j7k67rhpDtvWk44vdh26H
7422,track,5663,spotify,spotify:track:3oaWYEUBZ4QXrx4qgGIRwF
7423,track,5664,spotify,spotify:track:3l1irbGvOIG2g5ZtbRp4OY
7424,track,5665,spotify,spotify:track:0bskKGZvp1HsNn6oD8Q8Jl
7425,track,5666,spotify,spotify:track:5aceJTKeH00BHa8p6UQxcY
7426,track,5667,spotify,spotify:track:15u8U7URqZruzFOx1GYM2j
7427,track,5671,spotify,spotify:track:4mndIz5ynn2eZss2BvQrHe
7428,track,5672,spotify,spotify:track:5JKSty49E9iv1Tj6lfx68n
7429,track,5675,spotify,spotify:track:7vdc3Iulj63ljQSch6S0vc
7430,track,5678,spotify,spotify:track:2CbIHvmKtXxWC1vyDSepF2
7431,track,5683,spotify,spotify:track:4ducn3t8KBGkCqaFDi9K92
7432,track,5684,spotify,spotify:track:2k7ekF3iK6evtmBThDynBN
7433,track,5685,spotify,spotify:track:7jLSotHxLDy4aYDfnzSOUr
7434,track,5686,spotify,spotify:track:4T2ZLPeeVYAz756ZX9mYEw
7435,track,5687,spotify,spotify:track:58MLSjD3y8XCugTTocoU7Y
7436,track,5688,spotify,spotify:track:3fUSgjQ5wObPjVnZM1IY9z
7437,track,5689,spotify,spotify:track:5MbgPUiDXvOZE5ZD8OCKXF
7438,track,5691,spotify,spotify:track:1Yd7meWF4xNR13vys5IpUh
7439,track,5692,spotify,spotify:track:6noZMQSzNvsf3JfT1bY5p1
7440,track,5695,spotify,spotify:track:0GdVjxHuNxHM84jc6hL9av
7441,track,5698,spotify,spotify:track:5nP1e5QSwT07XR2zpTVJGc
7442,track,5699,spotify,spotify:track:02XPh4KgmW3CtSbGsyaIDE
7443,track,5700,spotify,spotify:track:7CQRAzkxJoD0thxkixCpSL
7444,track,5701,spotify,spotify:track:3l6lmZCaZdnc90MI2BktqP
7445,track,5708,spotify,spotify:track:0c9MTfnssGoNXUgmsaE5XU
7446,track,5709,spotify,spotify:track:0GLer8jmxlhDOtKPuRQhMz
7447,track,5710,spotify,spotify:track:53OMPneLSJ3kmlAh1a7wxb
7448,track,5711,spotify,spotify:track:5DIaZd2T8XohPHN72PkxTq
7449,track,5712,spotify,spotify:track:6RCn8kS0gg3clXjhioVbrR
7450,track,5713,spotify,spotify:track:4Ms0GKHCtr5Lpg4dKOhO2I
7451,track,5714,spotify,spotify:track:2HNLAOb5OpxAUfOzY6VCTh
7452,track,5715,spotify,spotify:track:1fDaIFciFAqR3wEJHo7bJs
7453,track,5716,spotify,spotify:track:0R3C7pMmlDhilOMLArD6U4
7454,track,5731,spotify,spotify:track:5sBylVOElekJAsqGT1zYeu
7455,track,5734,spotify,spotify:track:2ggMQIY6iqlzrnQXLP5ayY
7456,track,5735,spotify,spotify:track:2MZ2p37xb1bchanskarXlV
7457,track,5736,spotify,spotify:track:0eXMXyOrKYOEGcZfRKTPZl
7458,track,5738,spotify,spotify:track:19s9gbt8JLNjK04UQAU2dz
7459,track,5739,spotify,spotify:track:7z5GxLpWZcUrxmyR5972Pg
7460,track,5740,spotify,spotify:track:6aTgvValaXNB0IaJHIPLMM
7461,track,5741,spotify,spotify:track:5s5XEzpXtv84DjXoYbq3IZ
7462,track,5743,spotify,spotify:track:08XsGcmiCVgQTws2uJWDxl
7463,track,5744,spotify,spotify:track:5igrzuxahKZ1y9RroPuTSO
7464,track,5745,spotify,spotify:track:4vtUsg056nEqcngjbgdw0U
7465,track,5746,spotify,spotify:track:7AgMX97ljLm9BzszyyXEYZ
7466,track,5747,spotify,spotify:track:5HDRg2qrvX9qb6COeuDwfs
7467,track,5749,spotify,spotify:track:1ora7jNRx7tv7yjANfGu1u
7468,track,5750,spotify,spotify:track:79anDuet46okvB0ir3lK79
7469,track,5751,spotify,spotify:track:3rOwiAmkqaCTPforuRb6i7
7470,track,5752,spotify,spotify:track:4hVGW01fTaqMbYXJyA8YWn
7471,track,5753,spotify,spotify:track:3FnPyzSwXrbr23MVrrV0MJ
7472,track,5754,spotify,spotify:track:0mgaDfiJQ2UNVCXKhweILQ
7473,track,5759,spotify,spotify:track:5SzpvyN5Nf82szAqVlewvF
7474,track,5760,spotify,spotify:track:74r46YnHBNckkPc50v43EZ
7475,track,5761,spotify,spotify:track:1J4agOiPSd9vdq0lA83zMX
7476,track,5762,spotify,spotify:track:2eXlwgFPe6HgFaPJO8xQHK
7477,track,5764,spotify,spotify:track:7saO85KXMMdSA3y8ITX0zz
7478,track,5765,spotify,spotify:track:5E0iR587FpAkGz5DcpcOuG
7479,track,5766,spotify,spotify:track:3KCL7OS0XntKD0dm0zNaln
7480,track,5767,spotify,spotify:track:7MvlUGQA8YDb1rTqri3VpI
7481,track,5769,spotify,spotify:track:2OXo0vKbu3ilgz4S5EOn60
7482,track,5770,spotify,spotify:track:4ksfLHFX03oPI10oYgpO1R
7483,track,5771,spotify,spotify:track:0OhHqIEtDur5NeMooGOs81
7484,track,5772,spotify,spotify:track:4UvulgTFTqbyzSeJI2vfYq
7485,track,5773,spotify,spotify:track:4MwYBgpiNjmY42ak3mAh2o
7486,track,5774,spotify,spotify:track:5LGaccLjFbfWhAJdIqbmIa
7487,track,5777,spotify,spotify:track:1lfd8zfPAVnIMuU4pOQjWb
7488,track,5779,spotify,spotify:track:5esh9ldD3fEbtFnFWA6CMc
7489,track,5780,spotify,spotify:track:5L4n81Ecf8UE837uJkuoJJ
7490,track,5782,spotify,spotify:track:00zvnUbRoBscT6gI74odXt
7491,track,5783,spotify,spotify:track:4aGW7LaxK0HhRcoD9igALT
7492,track,5784,spotify,spotify:track:0QWHkwauykPWckQAKNQ9pJ
7493,track,5785,spotify,spotify:track:51ecVkrPw8U5WLtHeQq5Qy
7494,track,5786,spotify,spotify:track:2YdbMF648MuoDQZL7qwuKY
7495,track,5787,spotify,spotify:track:5W48MuBNz8HfqXEiwsyLXC
7496,track,5788,spotify,spotify:track:08mDncEgTD5tyVHSZ4Flj1
7497,track,5789,spotify,spotify:track:23RJg00mFONjIqYML6mtsE
7498,track,5790,spotify,spotify:track:2hc6ECXWMnJRpSJ2xJEAFa
7499,track,5791,spotify,spotify:track:4iVR0WdczMHcRzmcRMBAVt
7500,track,5792,spotify,spotify:track:3BbCcyIkb8dssGcJa28Zvk
7501,track,5793,spotify,spotify:track:0Rv4cZRHDOv8rsyZerhKFi
7502,track,5794,spotify,spotify:track:5r2AhGmWQDcDnfeDz4wDbS
7503,track,5795,spotify,spotify:track:5ZagzwI4jeOHcy0BPQVOvy
7504,track,5796,spotify,spotify:track:4OAwM66Hv5pXQwVitznokW
7505,track,5797,spotify,spotify:track:7vJJvoWJQceVrjj4zaFUch
7506,track,5798,spotify,spotify:track:308T3ASJI1HJYLzR1WkWAx
7507,track,5799,spotify,spotify:track:7D3Q7QFN6aUuIMewijFtjl
7508,track,5801,spotify,spotify:track:0CU6uS2k8y0XquMVQdwmAQ
7509,track,5802,spotify,spotify:track:3VmPJ55OreI6iisHeimG9G
7510,track,5804,spotify,spotify:track:0cNx9z18PjXyfF6dpySqYV
7511,track,5805,spotify,spotify:track:1I77NP0RFf7jioe0ANHgbA
7512,track,5806,spotify,spotify:track:7u3GcvpGFbodFKigTg7s2S
7513,track,5807,spotify,spotify:track:6KUcM0CPUSgbLyJbpukoBj
7514,track,5809,spotify,spotify:track:2UcbWvUWdJc5rN0mm8AWY6
7515,track,5810,spotify,spotify:track:1iP5UMdOsGz6EdltGbbcb7
7516,track,5812,spotify,spotify:track:4o6Uq3dNrfs6kVOm3u1FL5
7517,track,5814,spotify,spotify:track:3BnVzPiMy5yuGtnJDLRMKQ
7518,track,5815,spotify,spotify:track:0GJJEySUPyCw9bLZkUxlVZ
7519,track,5816,spotify,spotify:track:6hKrGJuc2vcw4ua117V3am
7520,track,5817,spotify,spotify:track:5wPJgJPIn5MfN2mh2wuTF1
7521,track,5818,spotify,spotify:track:1rXOz0GhLLUL9a2D1vvDme
7522,track,5821,spotify,spotify:track:5eu17i8xSAID32o2ZkkPyG
7523,track,5822,spotify,spotify:track:2KeW9EuNuk8wW7glktJUbZ
7524,track,5823,spotify,spotify:track:20OfJWmQj13pwiTVC6YxXo
7525,track,5824,spotify,spotify:track:1KFIhbTUmGKUG1wUw5M8Am
7526,track,5825,spotify,spotify:track:5YzeqKDY8EKSaGr2ySnVwa
7527,track,5826,spotify,spotify:track:4LFI2UzGl151YCHn9ktsOe
7528,track,5827,spotify,spotify:track:6Y21fOnNPCGQ5w5SSW0qlH
7529,track,5828,spotify,spotify:track:50TUIpVIwQ2HoQ4TbzIqRB
7530,track,5829,spotify,spotify:track:7hj2JDXldeCx0PmgtbpjgQ
7531,track,5831,spotify,spotify:track:5KDSawnCrIL2hpdjzXINQP
7532,track,5832,spotify,spotify:track:4sKbDDcPjYnQ6570oGBtDB
7533,track,5833,spotify,spotify:track:4JT1R1Mhz3EWNRMI86mRDz
7534,track,5837,spotify,spotify:track:4i1mhshrXIZGwaj6g3MFKf
7535,track,5839,spotify,spotify:track:5VqXMp1m6JCL75mITKyJ4T
7536,track,5840,spotify,spotify:track:4OIj8sKS459G9NaWvn0JXG
7537,track,5841,spotify,spotify:track:1Ee8vGpzkqahz5B4mUEMyb
7538,track,5842,spotify,spotify:track:6vXq4FRZCMZ8ZzMKFUhkol
7539,track,5843,spotify,spotify:track:0A9cxjgbMbyIhs99rOXtmZ
7540,track,5844,spotify,spotify:track:3lSwNPG0kuaaHqBAPglUUf
7541,track,5845,spotify,spotify:track:1eL3lZ61pGB40n9jMGGd3X
7542,track,5847,spotify,spotify:track:4PLoXUHcSt8DFeV3G9t3rU
7543,track,5848,spotify,spotify:track:2883zbSDIPsNt2T7cW0hgQ
7544,track,5850,spotify,spotify:track:7aJGLA0KtHcVZqz1ez1ZaN
7545,track,5851,spotify,spotify:track:6DZbnpbmfXqWJkjqu7FZEM
7546,track,5852,spotify,spotify:track:4gRC31dBQ4bg6YzIAcoFb2
7547,track,5853,spotify,spotify:track:3sC4pg6v8zQj39FZv5o3Op
7548,track,5854,spotify,spotify:track:0L6iu9aEqkFS8wATjIxNZu
7549,track,5855,spotify,spotify:track:5W1h8HVcR2cuZ0mgQM6XGo
7550,track,5856,spotify,spotify:track:1otYIRG0AmFCH5t87dflxk
7551,track,5857,spotify,spotify:track:2PhEqfFVX4c6auIvLdAvVK
7552,track,5858,spotify,spotify:track:1dWlQVtA30eVf6w6xwv6ZF
7553,track,5862,spotify,spotify:track:1lDRBZiJFXmatzxF8vjuJK
7554,track,5864,spotify,spotify:track:7zubOckwvHJ66cNVFUZBVF
7555,track,5870,spotify,spotify:track:4uUN0ZflJbw7bVINbcHMq6
7556,track,5871,spotify,spotify:track:2BQnBW7ZbEpLg009FohI1N
7557,track,5872,spotify,spotify:track:0NaJxQF9ZvQwitHluOa2Ho
7558,track,5874,spotify,spotify:track:2u5gWhjqms0I2riefPN1k7
7559,track,5875,spotify,spotify:track:3EytfIBvkFGFc8XQIoziRA
7560,track,5876,spotify,spotify:track:2v89FnexXZuucRb3NG9WuC
7561,track,5877,spotify,spotify:track:0OSmfhKcUokadDNOuvT5AX
7562,track,5878,spotify,spotify:track:7u5089WsyHfxojhEPVo8ic
7563,track,5879,spotify,spotify:track:1YQ2ef4mTyRZC4xSPTY8i7
7564,track,5880,spotify,spotify:track:0vecYBtLMkycIxKgh3eBwl
7565,track,5881,spotify,spotify:track:6VErZng4YYCoqrVFZbo9nm
7566,track,5882,spotify,spotify:track:26DZGavBFLXX8UUNQMqD5h
7567,track,5883,spotify,spotify:track:112VBGcsRD3hi8sFJFUiw6
7568,track,5884,spotify,spotify:track:3qhBTg9BId48jqVJ6XaGsp
7569,track,5887,spotify,spotify:track:60IBFw3jKCC3LmbFwwCXrv
7570,track,5888,spotify,spotify:track:3kUp59DrA9JHtQ8tKVYQCQ
7571,track,5889,spotify,spotify:track:1S7IGRA0xZu86QLBHrK1xo
7572,track,5890,spotify,spotify:track:7Ep7zW84vDtW4YMBDyucqg
7573,track,5892,spotify,spotify:track:1VMdwVq0yaTc4DeqSCi7DO
7574,track,5898,spotify,spotify:track:4OMKNKlNrCOSArNZL1j9vf
7575,track,5910,spotify,spotify:track:4ceCqH1UNZGCa5vRZNDgsj
7576,track,5912,spotify,spotify:track:7zKgnu6s0VvNy3UIbB2PgY
7577,track,5917,spotify,spotify:track:6muJxW8lguXun64N322xph
7578,track,5918,spotify,spotify:track:3Tp97HWpgbVOqcgAEwsBka
7579,track,5919,spotify,spotify:track:4kWm53cikiksuB6TaPzhyF
7580,track,5920,spotify,spotify:track:105AfGzZrSuo6R3FYYJqom
7581,track,5922,spotify,spotify:track:5sesHCQziHg85y8dlnNWJC
7582,track,5923,spotify,spotify:track:5QnxFSR9HJQPqCza567s92
7583,track,5924,spotify,spotify:track:522oSSdYJqadyIK80MOOqz
7584,track,5925,spotify,spotify:track:1yeTf9ZUaNlJ7637FJLtRa
7585,track,5926,spotify,spotify:track:7gDuP7JHRP6A9zwbTIA5gF
7586,track,5927,spotify,spotify:track:2NnuTprLJBfiBZEHkQ666a
7587,track,5928,spotify,spotify:track:7udJESHhtJ6k2TW9XfiwES
7588,track,5929,spotify,spotify:track:2TE2AppLyDFa6ryuvwRuZp
7589,track,5932,spotify,spotify:track:46g7hr6VAtl08So3KkvLc8
7590,track,5933,spotify,spotify:track:4iJHLZlgoX6CnQ499m1Dyr
7591,track,5934,spotify,spotify:track:5nECda7CaD56oc31KN00OD
7592,track,5935,spotify,spotify:track:0dprHEVwlagv3RtfwLzjfW
7593,track,5936,spotify,spotify:track:5RcRC25qxAF9nR85hZZYko
7594,track,5937,spotify,spotify:track:291sftVMqFRcmXaQS4TXL1
7595,track,5941,spotify,spotify:track:5caYjyBVvWugcnqPCvhjyH
7596,track,5952,spotify,spotify:track:0Flx2Jv1sSxLRJoKfKCyEp
7597,track,5953,spotify,spotify:track:2jQGAlpFCbIO14iOu1nB6u
7598,track,5954,spotify,spotify:track:6jt8xuXd424y78MrNMNpvS
7599,track,5955,spotify,spotify:track:0cSJGFChou7M6u2ju9SWN1
7600,track,5956,spotify,spotify:track:1p80AptLonBW0VilSi6xFj
7601,track,5958,spotify,spotify:track:45aOsJjW66pkIJftR0oyuY
7602,track,5961,spotify,spotify:track:1EVOYumI47z517qDysBjRD
7603,track,5964,spotify,spotify:track:6USCQoubbD4lAqFBVTTLrS
7604,track,5965,spotify,spotify:track:4xDoW43SCxOcOLhdIDLL4S
7605,track,5966,spotify,spotify:track:1IpKG8sgrTkrxXPJQOiGIU
7606,track,5967,spotify,spotify:track:4yeDOB8Sbm76PDq2fZtdZ8
7607,track,5968,spotify,spotify:track:3ZmfQ2IEQ3neV99k6WwymF
7608,track,5969,spotify,spotify:track:1pxznw0OvlDcUYMnVHLBZp
7609,track,5970,spotify,spotify:track:48Reg1JDcqB897buTLNpaU
7610,track,5971,spotify,spotify:track:3VDyy2aEMBzKK4Zrq2Vl0T
7611,track,5972,spotify,spotify:track:3ViMfIHI0EaikuZpdw1Yh5
7612,track,5973,spotify,spotify:track:2eGUnqjLgHLbEbPpEJuVXq
7613,track,5974,spotify,spotify:track:6HFaYWK6ZH3fosCszGWv40
7614,track,5975,spotify,spotify:track:6GunprVWfETwGj0BjWWM8w
7615,track,5978,spotify,spotify:track:2bNL8lbU0u20SSeooe9yLK
7616,track,5979,spotify,spotify:track:4ISwlqc7wCZqhmdOIPdcSy
7617,track,5980,spotify,spotify:track:5avnrZOfYkWe0fafDeLo7u
7618,track,5981,spotify,spotify:track:0RxnhYB3lxCm3uiZHCL85l
7619,track,5982,spotify,spotify:track:3znVoss8ShOnD6VE43V2gy
7620,track,5984,spotify,spotify:track:1qpR6LtX6274Xhqp8c4Slt
7621,track,5985,spotify,spotify:track:2Qhh3aj4sAGHyfTAnudYmX
7622,track,5986,spotify,spotify:track:1glUWFAOm690rI48vU7ycw
7623,track,5987,spotify,spotify:track:4gfIdSVHQOsa3cAiWSeNyd
7624,track,5989,spotify,spotify:track:5tpjrtAe0AKj1NJEjgS5VM
7625,track,5990,spotify,spotify:track:6nztSju05of9PZiLI5kqwv
7626,track,5991,spotify,spotify:track:21suK1ifeUQ9Awe0r5RCFs
7627,track,5992,spotify,spotify:track:4tftQm8UxH9bT6WFOWFCPJ
7628,track,5993,spotify,spotify:track:1L1znmJFchmxiW08OHXXcY
7629,track,5994,spotify,spotify:track:23oOcAccoA5cXBcS1EH2dY
7630,track,5996,spotify,spotify:track:7xaIZosjowFyEOkD3EtU0S
7631,track,5997,spotify,spotify:track:6HL61NWR256hwHRUEY4wME
7632,track,5998,spotify,spotify:track:2Z6jEtRK2sg9dSAXcbZqrp
7633,track,5999,spotify,spotify:track:2B0cKEgzgraNOzVKMNgUfi
7634,track,6000,spotify,spotify:track:3l9KB4OwKKpFRxXbebRyAL
7635,track,6001,spotify,spotify:track:0M3YjP1AsvU7B51Qm6N1Qy
7636,track,6002,spotify,spotify:track:0zuoF13DjKJNamjowC3qXc
7637,track,6003,spotify,spotify:track:0880Aq0xr8Z4HWhECTM4vE
7638,track,6004,spotify,spotify:track:6ROd8PWojPg1aiEoU6AVxG
7639,track,6005,spotify,spotify:track:39RAF7lxfsLJRAhaMOBKF5
7640,track,6006,spotify,spotify:track:6FFELKWYnz2fIHxOfwsjxG
7641,track,6007,spotify,spotify:track:4kthzpruw5XnRQwNOFuCwa
7642,track,6008,spotify,spotify:track:4KWRIJ19OIkuKStAn1QzqO
7643,track,6012,spotify,spotify:track:3wB0FPg7QFDEkvRBam0qKg
7644,track,6014,spotify,spotify:track:7F5VkfWOSRpNw0wTWIIrHA
7645,track,6015,spotify,spotify:track:4NJ4TGYuwWMEp7GlZf7ieA
7646,track,6016,spotify,spotify:track:6KpFXGK6FTpkGecJLiKaUg
7647,track,6022,spotify,spotify:track:0CgsVMQrOiuRhXjL1vZ8oQ
7648,track,6023,spotify,spotify:track:5y5hQ3QDzlEq1jotW7chkP
7649,track,6025,spotify,spotify:track:3hetTf4jSFZq49hzNKzcjX
7650,track,6026,spotify,spotify:track:2SwCgKbQMGUAUdKY2SBMnT
7651,track,6028,spotify,spotify:track:1GlP9MYpHIQsj7py1WFKmq
7652,track,6029,spotify,spotify:track:2nRJ8yC41VWJ8n5GcdyjuX
7653,track,6030,spotify,spotify:track:493CPxYEHHzXeSdnp8Ul73
7654,track,6031,spotify,spotify:track:2ZDDtRnrAScfi49Jxfyh8N
7655,track,6032,spotify,spotify:track:6WL5Lu4vqPP1nEhfDS5ZyS
7656,track,6033,spotify,spotify:track:4SYK3qcgjSswMaUDu8SMH7
7657,track,6034,spotify,spotify:track:0oPw55L3rJFrFUm4xnpHHk
7658,track,6036,spotify,spotify:track:3BQPucgbNfwGKEfiI1Cfnb
7659,track,6037,spotify,spotify:track:0OyyEqDJpiedNtiASPK2Bj
7660,track,6038,spotify,spotify:track:1XTQ1NryePkP8y7RX0J8x1
7661,track,6039,spotify,spotify:track:4R9pPyYUQGilw20KvOoQcP
7662,track,6041,spotify,spotify:track:5Ik3n2wrbDBcEi4CtzpVCr
7663,track,6042,spotify,spotify:track:5RJadaZu3Y9rz1AdlkjD2y
7664,track,6043,spotify,spotify:track:7LaQ3WqdzgD4qvmsDRZ0Ud
7665,track,6044,spotify,spotify:track:568oLTUY9ffW398CGXCTNm
7666,track,6046,spotify,spotify:track:39B4y553AVoTDjMTJioK7N
7667,track,6047,spotify,spotify:track:57iLpxODePKNQlw92Il3Ls
7668,track,6049,spotify,spotify:track:5BXCCrk0yDzPYJTkPkoSDW
7669,track,6050,spotify,spotify:track:5de5zPk0K0WwjIYFfsn0Rx
7670,track,6051,spotify,spotify:track:5W3CRdMrwJTuLdj0jYpB1l
7671,track,6052,spotify,spotify:track:3knDYwXNpv5XRr0nMOeodA
7672,track,6053,spotify,spotify:track:5xb75NDrjwmTcrdxzrd5ov
7673,track,6054,spotify,spotify:track:4nUi4d9XRgf16PrlqhfKuo
7674,track,6055,spotify,spotify:track:76963odaMl6qMtmqKtmVxR
7675,track,6058,spotify,spotify:track:4e2MPdX2X0deixujuRp1RT
7676,track,6059,spotify,spotify:track:01JOrtQklfWYmixpiiuvU0
7677,track,6060,spotify,spotify:track:7GeukyJTiWBNXrBEqeUT9f
7678,track,6061,spotify,spotify:track:3V14geDw6yTPkbjppzcjOl
7679,track,6062,spotify,spotify:track:5NRAKiKPUxqHpW7Q8tREFB
7680,track,6063,spotify,spotify:track:1WPjQx6i7lJBIvLMBhgxyn
7681,track,6064,spotify,spotify:track:2Nk9LLCrp1alHtX716pCRh
7682,track,6065,spotify,spotify:track:3hfejOz57gFMYxdItd9sNM
7683,track,6067,spotify,spotify:track:1COHNfDBIiYmkHviuLfW1e
7684,track,6068,spotify,spotify:track:0Ml8PkxnlGUrrMPpJWPBc3
7685,track,6070,spotify,spotify:track:4M8SdMmrvx001Au6aZFchJ
7686,track,6071,spotify,spotify:track:08oaCzsVx4qSpG7EE8miG1
7687,track,6072,spotify,spotify:track:4ERsOxY185oVJOVtTNE3w9
7688,track,6074,spotify,spotify:track:59HY6dBxIx404YwOJKz56D
7689,track,6075,spotify,spotify:track:5nYrCeufU1KfSmgB5dm8bM
7690,track,6080,spotify,spotify:track:6Epbp3MOBM6UnFHyJokEAI
7691,track,6084,spotify,spotify:track:5Oau0nwi1toumk4lShjlRn
7692,track,6086,spotify,spotify:track:3iopp8VIfkjRI3UZXB3Ggl
7693,track,6087,spotify,spotify:track:2SeYGmG9phGcOKAYz1B9lm
7694,track,6091,spotify,spotify:track:2m1hQHFCcEB38vOtmBw36o
7695,track,6102,spotify,spotify:track:030Lo6IVYFChffFjIEYUDM
7696,track,6103,spotify,spotify:track:5osSw3tL07Tuid7AWsvYcc
7697,track,6107,spotify,spotify:track:5RrgzrzB9Mq1C095cIqgJc
7698,track,6108,spotify,spotify:track:6lqKYoYGYprzbFXT95tDTt
7699,track,6110,spotify,spotify:track:6RqiVmfcduRzaN9gQPAn5c
7700,track,6111,spotify,spotify:track:56CqjFFmruq2VGmhFXaq1j
7701,track,6112,spotify,spotify:track:4ruYgdkPYPbE56Y3qLsO3o
7702,track,6114,spotify,spotify:track:3y5qkxRTVyG7LkidfyRQal
7703,track,6117,spotify,spotify:track:7Eq123HOlDvsYwB9bbQxoM
7704,track,6124,spotify,spotify:track:0LdCmGU3ng4gbK8IvE5ROQ
7705,track,6125,spotify,spotify:track:22UnFzlJmcMSxGV8smBA2V
7706,track,6126,spotify,spotify:track:2fWFgB8fs6iQFMy2GfcFig
7707,track,6127,spotify,spotify:track:1z0kUIPFSv0f5OyruA1yQp
7708,track,6128,spotify,spotify:track:4aShYtxgzbBVkJwpi7pbDc
7709,track,6130,spotify,spotify:track:1dpFgAbFB4hSqnywb0Yi9w
7710,track,6131,spotify,spotify:track:6hwQRVj2mYewuROZ8qB388
7711,track,6132,spotify,spotify:track:0IM63sRMJN0j62GCPpwYV9
7712,track,6133,spotify,spotify:track:3SbNy6fGRc3SjAArHT8gg5
7713,track,6135,spotify,spotify:track:6sfsmEri5nPaKKFpH82KJq
7714,track,6136,spotify,spotify:track:1vl4tsBmTXygX47k8c2ixM
7715,track,6137,spotify,spotify:track:4mT5CF05yy4lildm6KmCJl
7716,track,6138,spotify,spotify:track:0qOcGXEuXu66OQwWRyqFxD
7717,track,6143,spotify,spotify:track:1FAFnoiwpGKp8GSgdQtfxe
7718,track,6144,spotify,spotify:track:50hnC2IuJTU2edwOZAGnJm
7719,track,6145,spotify,spotify:track:01f2vyf1k4NItJqdoVUAH2
7720,track,6146,spotify,spotify:track:3AhHGuTJmJuZSDdbpGnjxO
7721,track,6147,spotify,spotify:track:7Ej2AofJ6ZdW6UHBFiQFfM
7722,track,6148,spotify,spotify:track:1uNW9MY1tJzBRlW7riNHEU
7723,track,6149,spotify,spotify:track:7zzwQwN3jNiK46B2M9kL2Q
7724,track,6159,spotify,spotify:track:4RVsX0UNMpwtGPFZ5mux8x
7725,track,6160,spotify,spotify:track:3x5TbkndlAvZkk2RHlmOzl
7726,track,6161,spotify,spotify:track:3KD1JZ2uftATmIrNPXtj6g
7727,track,6167,spotify,spotify:track:0P7szB5Hh34ZdhW14gc1nd
7728,track,6171,spotify,spotify:track:5hs72HRCwVpiNp42NKL4ch
7729,track,6172,spotify,spotify:track:6EaJi2y70UllLyYpZTKFUU
7730,track,6174,spotify,spotify:track:6om9g6v4OxV1vur6kUmmW5
7731,track,6178,spotify,spotify:track:0wcSu44ca3sFs9oRoqMNja
7732,track,6179,spotify,spotify:track:2Uj6vioiqrt01PvB53B2vG
7733,track,6193,spotify,spotify:track:67X8m4kUJl8nngrX0nlk92
7734,track,6194,spotify,spotify:track:5Tbpp3OLLClPJF8t1DmrFD
7735,track,6195,spotify,spotify:track:4HSAJpNocVNJbwbQvtCMdO
7736,track,6198,spotify,spotify:track:2Ei4Aj2Dwi12dKYRoIclro
7737,track,6199,spotify,spotify:track:6WouUO5WEg0ncfGn6dkB4I
7738,track,6201,spotify,spotify:track:1LM6EReMkAxuDXDF26ekl2
7739,track,6202,spotify,spotify:track:1xIxMz1sNQ4b6svH1GuTtF
7740,track,6203,spotify,spotify:track:7hdOchAKFm6FwzyevcQ56y
7741,track,6206,spotify,spotify:track:59SioKZL0CwXKzI2UiaPAF
7742,track,6210,spotify,spotify:track:5ZeFhrcrZG0unRA84PCKLA
7743,track,6221,spotify,spotify:track:12qh8LUvNV0c7iFvcecYcc
7744,track,6223,spotify,spotify:track:4rxki8pjEobC3lYoNBDcCb
7745,track,6226,spotify,spotify:track:4IrieGEkeq6lAf7ZcCZ1un
7746,track,6228,spotify,spotify:track:0Xvbqfjc2sivTVj9SHIOIR
7747,track,6229,spotify,spotify:track:0A1SjFeePAD0hFkjhoQKqi
7748,track,6230,spotify,spotify:track:4wuYaVuNAYaUyG5NRuuOll
7749,track,6231,spotify,spotify:track:7tqc0tyIjR8UQcXq00MjZd
7750,track,6232,spotify,spotify:track:4rpN1nh9esqIOrnNLKeoux
7751,track,6233,spotify,spotify:track:2ASddVW0JXCecLbOcXrNV3
7752,track,6234,spotify,spotify:track:5vGDozsCCleiuIzF2Q2I4P
7753,track,6235,spotify,spotify:track:1VUvwt8bYG6HTNKcNAJMir
7754,track,6236,spotify,spotify:track:7oyMGm1Jy02UDYgiyKjO4x
7755,track,6237,spotify,spotify:track:40H22sFbazRwISu76U1qh0
7756,track,6238,spotify,spotify:track:0FzxHygj55RdtuNhmSyGe5
7757,track,6239,spotify,spotify:track:2dkG6rS9SO0GBcytohxpfP
7758,track,6240,spotify,spotify:track:4TieQqidoHlSxiew6dnGQ9
7759,track,6241,spotify,spotify:track:7a23oEOeUaNYIMb9EcGTYk
7760,track,6243,spotify,spotify:track:1DjT07bjc0kg5IK6PPwPkp
7761,track,6245,spotify,spotify:track:63DMQTyRWaBS3LxLLofKAd
7762,track,6247,spotify,spotify:track:5LbHadcCxxiLudg77pk0bX
7763,track,6249,spotify,spotify:track:0LyIVPybD7bN0RzikbRqOJ
7764,track,6250,spotify,spotify:track:4eF0j57oGVrWED22FqKGkU
7765,track,6251,spotify,spotify:track:71v3wVR59brO0aPtl5N3mj
7766,track,6252,spotify,spotify:track:5cASTqViZHeLnMAD2d2kKK
7767,track,6253,spotify,spotify:track:49kmDZc1NYAFxR3TrLDJLU
7768,track,6254,spotify,spotify:track:3sqtOf4b4qO8hnlal5mYdx
7769,track,6256,spotify,spotify:track:5oHasZkKotnF7XlwH9MjSt
7770,track,6258,spotify,spotify:track:1v3lYuw1lgH62He0UkzTOP
7771,track,6259,spotify,spotify:track:4JQzDgW7WklgkJgdDXeUIA
7772,track,6260,spotify,spotify:track:1qfSNhujVl8A30RgrcOFLm
7773,track,6261,spotify,spotify:track:2uB9gUU1HLnHckvK2tylJM
7774,track,6264,spotify,spotify:track:0I6B1NUfiyevWn3IWq9lGW
7775,track,6265,spotify,spotify:track:2Vy16OMt19FH30uQNTFdLk
7776,track,6266,spotify,spotify:track:4mhCZW2iayJa1WP4jxzsDh
7777,track,6267,spotify,spotify:track:1YwZBh4sSguXgtIbBzngUJ
7778,track,6268,spotify,spotify:track:4Nx1wMQYrREsA4lJmVihTx
7779,track,6270,spotify,spotify:track:2VTO4YKpCs9WJj8GBVHkwW
7780,track,6271,spotify,spotify:track:5X7COyaBlmEbyqXc2abbmA
7781,track,6272,spotify,spotify:track:1CRjSYCZPkVTXqZqfWBjiO
7782,track,6273,spotify,spotify:track:1b6jcx91c0DCGwrMKX5taA
7783,track,6275,spotify,spotify:track:2IoSF6KSDcw5V9eVSxgsm0
7784,track,6276,spotify,spotify:track:3BQZr7oud5peMDUwp29W1U
7785,track,6277,spotify,spotify:track:4EYooxqz0KMe27Ce2iezrW
7786,track,6283,spotify,spotify:track:1VIUe3bUgdCb1VbJUZxTbf
7787,track,6286,spotify,spotify:track:2PQOX7Cz7WVT6QsDJEDhN1
7788,track,6288,spotify,spotify:track:5XRO5KnH7OvMPElYl8QYkD
7789,track,6291,spotify,spotify:track:4i4P1ACAeWcyJTxQSd0prx
7790,track,6292,spotify,spotify:track:2xIUHf9uxG5bImKG6hNrMv
7791,track,6293,spotify,spotify:track:4dTHs0vspyN5eSzgNRlDrv
7792,track,6295,spotify,spotify:track:0G08twG9Snacd3TgJ2IC6r
7793,track,6300,spotify,spotify:track:7JiYoKOIr7ZsBs4VGyfmTk
7794,track,6305,spotify,spotify:track:2m10twwgw9NxzvlQkwCOIO
7795,track,6306,spotify,spotify:track:25Yz1cgjkmlXGvdlHNyhim
7796,track,6319,spotify,spotify:track:13AzkgqOT4PHx5aXxihF0n
7797,track,6320,spotify,spotify:track:6MuIpdNnz70ENySQh1Ez5U
7798,track,6321,spotify,spotify:track:6hezGXLMcnIRxzXoA7cYiP
7799,track,6328,spotify,spotify:track:5skWY3QEbXYhwl3RVehI0T
7800,track,6329,spotify,spotify:track:2WTyQzrIELciRlfl5VaC77
7801,track,6330,spotify,spotify:track:4uT1oAwIPyY2iBHFXHTfyX
7802,track,6331,spotify,spotify:track:4Rmf2Ct66oI6KBZjC8aRCP
7803,track,6332,spotify,spotify:track:6NBBkLU0VJwNS6K8AHSjWk
7804,track,6333,spotify,spotify:track:15HgR9Ht4obJOcMG4wregp
7805,track,6343,spotify,spotify:track:40q9V4u1Vv83oGVtp23TZ9
7806,track,6344,spotify,spotify:track:1BbYPTXP9VwBWm44MqLyHK
7807,track,6345,spotify,spotify:track:2WZNtFkDuOruMiVbzWNCVc
7808,track,6346,spotify,spotify:track:4GhWlIIl3nBwr1kuVhfHW8
7809,track,6348,spotify,spotify:track:6oIQX9ZES2EzZpwQ7CkxVZ
7810,track,6350,spotify,spotify:track:4fKJUavbJj5uX4rfDLV6sz
7811,track,6351,spotify,spotify:track:2P7Zm9v9VIyCWLFzPIjqo0
7812,track,6352,spotify,spotify:track:5Tmh2XPCW0auf6wjl01yrW
7813,track,6356,spotify,spotify:track:0BR6gM2bifgcgT4G9fru89
7814,track,6357,spotify,spotify:track:30Fn7SCjCEqG0hZTOyQb52
7815,track,6359,spotify,spotify:track:5TiP6jV8EgIqeJjSDYGH6O
7816,track,6364,spotify,spotify:track:7yZFjE7SD3n0FlcfUJd7ID
7817,track,6366,spotify,spotify:track:7jVqCPyq6XJrVkWqDPakor
7818,track,6367,spotify,spotify:track:2DfbdU8bOPVlC01eoUCA4x
7819,track,6371,spotify,spotify:track:4OHZSqf9gr9mgb4QPEHoQg
7820,track,6375,spotify,spotify:track:5logPhK3NeNU1KXm177quc
7821,track,6376,spotify,spotify:track:3aQ8lOekLoOGlQdCN9H7S2
7822,track,6377,spotify,spotify:track:5xOrIq3G0LXKmGiitfPinH
7823,track,6378,spotify,spotify:track:1UBWPqenfoBmyrumZMOGbw
7824,track,6379,spotify,spotify:track:3hyxWXbd5ZR7EPKGdseF1f
7825,track,6380,spotify,spotify:track:6DIwZbDmy2RprtMpTxXMOf
7826,track,6383,spotify,spotify:track:01zyS2efsF6uEXQBMv1sEz
7827,track,6384,spotify,spotify:track:20aeT8pf2RU7MBXw0v05Xx
7828,track,6385,spotify,spotify:track:2FWmKZ3kNbVsKGhuNHsltW
7829,track,6386,spotify,spotify:track:1z8yXYruBCYvudpel8ZZYe
7830,track,6387,spotify,spotify:track:3ABG1UQTk0eLYUAeWkmfMi
7831,track,6388,spotify,spotify:track:4f2UDzqBo643IwmmDmdJ3b
7832,track,6389,spotify,spotify:track:4tEnWExCuXxmDidl6jxIgx
7833,track,6390,spotify,spotify:track:0UFvjRP6DXppM5lcVEsNgj
7834,track,6393,spotify,spotify:track:7Ew2LpzBaCQnee6GkieDR2
7835,track,6394,spotify,spotify:track:29jgfjIukptSw79lbtN9bE
7836,track,6403,spotify,spotify:track:5oB2ZogZ7tGfWiqI6YpVpo
7837,track,6404,spotify,spotify:track:2LoWpOiqeKMyLjkLuK6ajC
7838,track,6405,spotify,spotify:track:3kQ30l8t7fgnsmjCuM7CpK
7839,track,6406,spotify,spotify:track:4UZlEcQmkAeh4mYokk8TNs
7840,track,6407,spotify,spotify:track:1jSAe1vZHeAB9X9zSj6nFo
7841,track,6408,spotify,spotify:track:7nDtDxsKJ3fho8xEmU65JJ
7842,track,6413,spotify,spotify:track:7FwCLHmOPZVBM5id5kKfv0
7843,track,6414,spotify,spotify:track:3TSUVqJO9wNyb2sPGTkyaJ
7844,track,6416,spotify,spotify:track:234QpD9ilHoJjnhCVd2fOW
7845,track,6420,spotify,spotify:track:12d73Kk3ubCKHtTGdezVWg
7846,track,6421,spotify,spotify:track:61QU5MPwOReHIAfnY4vh54
7847,track,6424,spotify,spotify:track:2qq0RYYIuQxXcOxQKN0drC
7848,track,6425,spotify,spotify:track:7JSHs5GH7pq5moVo8wu1I6
7849,track,6426,spotify,spotify:track:6s4kWgzQwsueo3mfllY1s6
7850,track,6427,spotify,spotify:track:5tuJ3SNrC94IlpMzPJB4kU
7851,track,6428,spotify,spotify:track:5hb2iOas5RP4rtP27AM5R1
7852,track,6429,spotify,spotify:track:4zx96Ym4om5Enn30Zuul0z
7853,track,6432,spotify,spotify:track:1nLtzTKlp8gqVD2cZueIrH
7854,track,6438,spotify,spotify:track:3ekTbi14cj5gjg1HXj1XFv
7855,track,6447,spotify,spotify:track:54xWOhZN20U1JC6MWe1RDP
7856,track,6455,spotify,spotify:track:5sanqvPhxcrSbbUd4ZIOe4
7857,track,6456,spotify,spotify:track:6NJGiaHHtKx1vIO0TVjnuD
7858,track,6462,spotify,spotify:track:4kq3XIaQALCoQLXop6RmeB
7859,track,6471,spotify,spotify:track:1VrVamGevrBLF43BMuJMBv
7860,track,6472,spotify,spotify:track:4XpAv8Mi8zxaz42ERhKPzx
7861,track,6474,spotify,spotify:track:3MZcJjxx9jnuaM87gUd0Kw
7862,track,6477,spotify,spotify:track:3N17jadzpXv6ZHYjyN4yQc
7863,track,6480,spotify,spotify:track:0u5BruooyAuy2kyf65IBy0
7864,track,6481,spotify,spotify:track:1DFwNIS5V2zspcFIoAgRlG
7865,track,6486,spotify,spotify:track:7tngMVNOvumhyxDchjdsgM
7866,track,6489,spotify,spotify:track:62nWbfUUd5IW144AoN3rUs
7867,track,6490,spotify,spotify:track:34RHYZFXumEjWfWeBAKNW2
7868,track,6491,spotify,spotify:track:0tM6hEPXsXDyQS9qm9YFxw
7869,track,6492,spotify,spotify:track:26E0bdbWy3ekgAMmHN9HlF
7870,track,6493,spotify,spotify:track:6M9Awo5lW0Oi5xw1xpPNzR
7871,track,6494,spotify,spotify:track:1gPLlXsHZxlyfscmSucSSN
7872,track,6495,spotify,spotify:track:627vP3nl9eI4xF4yEQEyze
7873,track,6496,spotify,spotify:track:3PzKaAYvWwfdc5ePUPAkjq
7874,track,6497,spotify,spotify:track:5cp1zExaczImJhiYLfrLgo
7875,track,6499,spotify,spotify:track:45TFQOFrpfW5nLT6geEdoz
7876,track,6500,spotify,spotify:track:00wL0jI4WfkDRe8GszGpP8
7877,track,6501,spotify,spotify:track:7ncG8nxJiYxII9pffLN6gP
7878,track,6502,spotify,spotify:track:01GIcLBDhKACaEuQuz6ybj
7879,track,6507,spotify,spotify:track:6mUJ6YRa5paelqTVLLNPYm
7880,track,6509,spotify,spotify:track:4lIpcH0rxJo9BrLBBGtuzN
7881,track,6513,spotify,spotify:track:5XnAEMfcOXv0tzn3oPb3JS
7882,track,6514,spotify,spotify:track:4U4YrtDbJnkkWBIQGZHKIn
7883,track,6515,spotify,spotify:track:6ohk6OrthqZP3UAgHODmB1
7884,track,6518,spotify,spotify:track:5WU1cYYcRW0O6eU6xu8mIL
7885,track,6522,spotify,spotify:track:5lTnqpniZi4hkqXbJY1DQq
7886,track,6523,spotify,spotify:track:2f7PPwI1vWkzstTSAh7XIO
7887,track,6526,spotify,spotify:track:4fTcyCfuS1FU1u6Y4yH36u
7888,track,6527,spotify,spotify:track:51xZPwWfHZGav7v9gY3Zuu
7889,track,6528,spotify,spotify:track:60GkHS5sUP1ZjjbqUSJSbO
7890,track,6529,spotify,spotify:track:0mS5yf27N6OeRnUUdHAygq
7891,track,6530,spotify,spotify:track:69lYqDUtm7m67QPtSHkNJU
7892,track,6531,spotify,spotify:track:25c8slYPt5U9CtypeA3yNi
7893,track,6532,spotify,spotify:track:4spe61s4kAxGliK4Cxr397
7894,track,6533,spotify,spotify:track:1C7uRAPGNXN0vGaBIrDRzl
7895,track,6535,spotify,spotify:track:0PR8BxQCDfgk2PoZD6J95E
7896,track,6536,spotify,spotify:track:3z12kjVhXveILLKqKqHGJk
7897,track,6540,spotify,spotify:track:05gpNz4bqgim0ic8GzLslr
7898,track,6543,spotify,spotify:track:5WF9Ih0si21Anj48dD9FFN
7899,track,6545,spotify,spotify:track:6hO3OQ7DDZtjYnVh4EaM3B
7900,track,6546,spotify,spotify:track:0TWvaty84tz0KYgJIrcMKw
7901,track,6548,spotify,spotify:track:3SY3xz2g0a4zGrn0V8MUt9
7902,track,6549,spotify,spotify:track:1ecYhFaYqwtzu7rArEPEcF
7903,track,6550,spotify,spotify:track:70Zuejls8pecZrKHVE3zWh
7904,track,6551,spotify,spotify:track:4K7jd5Wm09iF9xum3gfExb
7905,track,6439,spotify,spotify:track:0D4ZX3DbsOcN5EzTjU6yRV
7906,track,6555,spotify,spotify:track:3JnscTZvnlgMczb0NFtTmq
7907,track,6559,spotify,spotify:track:4KzGs02o8uoZLOFfZM6Cdz
7908,track,6562,spotify,spotify:track:1xtGoO8YNsio7Q2s8Uu21j
7909,track,6568,spotify,spotify:track:2nOSjZSOEKtpF2H5r4wLOu
7910,track,6569,spotify,spotify:track:5mp3jYUJPFbh5JTlBuCIGZ
7911,track,6585,spotify,spotify:track:5UScuStiOFQULa5LEtawGW
7912,track,6586,spotify,spotify:track:1mIpDPCehnf3EPk6J4ZCUF
7913,track,6587,spotify,spotify:track:50XxVJqYBBRUoSU1kdbfcp
7914,track,6588,spotify,spotify:track:0IDvBfmxXTgQQ917tbruC3
7915,track,6589,spotify,spotify:track:5zLsTTMve3RNXyxJ90znZ3
7916,track,6590,spotify,spotify:track:7uK3Yh6gzvxx0W2vrVvekY
7917,track,6592,spotify,spotify:track:3WhpD059JJ8Y0MGU9NywTg
7918,track,6593,spotify,spotify:track:7hctqMS1Xcrg3vHV0K1u88
7919,track,6595,spotify,spotify:track:5z7IUiSO8yX0169t4KGxOv
7920,track,6596,spotify,spotify:track:5wh8SSyT4S03jdDh2jPAq2
7921,track,6597,spotify,spotify:track:5A7mFcUxScgrNsAFNHubkd
7922,track,6598,spotify,spotify:track:63T3nz46oWNUkUtCqoaM2U
7923,track,6601,spotify,spotify:track:3DC6AWwtPhlhsBOm4pFkt1
7924,track,6602,spotify,spotify:track:42Ukmio4yQyjiZrqpys8XY
7925,track,6603,spotify,spotify:track:2gR8M4j8V1n0ScoE6pB3Wv
7926,track,6605,spotify,spotify:track:6Rfc5vnh8qine5VneEpy7a
7927,track,6606,spotify,spotify:track:3zlvo38o7gFkrjKi1mtaoV
7928,track,6607,spotify,spotify:track:4xP6vhJPbBhQEY2zKalaww
7929,track,6608,spotify,spotify:track:5UFMtELE1ZXGgpHm3YJKK0
7930,track,6612,spotify,spotify:track:2fLw5u6KVBPpsvQ9m7Rbhm
7931,track,6613,spotify,spotify:track:5dugfJ58LasT78qkNw5mnx
7932,track,6614,spotify,spotify:track:38q8GZz1etIobr8gdUERLL
7933,track,6616,spotify,spotify:track:3uoI4vcofJ22UnW7bkZAaQ
7934,track,6617,spotify,spotify:track:2xQytHdBKXo5VL2aW5CHuX
7935,track,6618,spotify,spotify:track:5h9r9NH7BS6MUsCx43RFKq
7936,track,6619,spotify,spotify:track:5bP9JxgzZTvTa5tWZx1J2I
7937,track,6620,spotify,spotify:track:6ddvTnpk6dhwMM3TLTLASH
7938,track,6621,spotify,spotify:track:1UCAi1zbnaFgZHuzbXrQqp
7939,track,6622,spotify,spotify:track:58XL67dUp9mVhA2p58mBD5
7940,track,6623,spotify,spotify:track:2Vi2OagrPnpT5oZKnXnmXP
7941,track,6624,spotify,spotify:track:7lRYNOhB7lbE4biv9tVWyN
7942,track,6625,spotify,spotify:track:65v2Gc0cFLqNg9sxY3pWGX
7943,track,6626,spotify,spotify:track:4nwXBqLL3l8fX3M3E8LSJw
7944,track,6627,spotify,spotify:track:1mWVaNJIFnmXHs28ZwmYa0
7945,track,6628,spotify,spotify:track:0sUJqqPxQkIIFtR9rsIwfM
7946,track,6629,spotify,spotify:track:2nTpNq2uxCpvBhihyFIDex
7947,track,6630,spotify,spotify:track:34uSN5HbsDy4tTv6QnLZpz
7948,track,6631,spotify,spotify:track:7vMMXD1O6LfKNUd91pgTym
7949,track,6632,spotify,spotify:track:4wFVZWL57UCsJvHy4jxbbs
7950,track,6633,spotify,spotify:track:4rPdW36eNkfR3Q0iQhiIQg
7951,track,6634,spotify,spotify:track:1ruqyQEKbCP99jQ4a08zzZ
7952,track,6635,spotify,spotify:track:2VCvXT2q7BP6aun3nx2YFH
7953,track,6636,spotify,spotify:track:2Z6DRpFrpmTAQKeheTEScO
7954,track,6637,spotify,spotify:track:1sOdjKmMckPC2E771C1Ix8
7955,track,6638,spotify,spotify:track:7L7HWqMUdVTQL9RVJORF7F
7956,track,6639,spotify,spotify:track:5NBseevuBsnixYFIHNO0Sn
7957,track,6640,spotify,spotify:track:6VE9uVH2etwPIzNjsbEUxX
7958,track,6641,spotify,spotify:track:0c1COX9vsW2vX4BpY57h7C
7959,track,6642,spotify,spotify:track:5EPDuna96w6BErLGn7QFmy
7960,track,6643,spotify,spotify:track:1MFTEcQrWGpyywKyjLRTEm
7961,track,6644,spotify,spotify:track:1p4V63qiWwVm3jivqqBUdj
7962,track,6645,spotify,spotify:track:2dU6tjSJtTKxSbypyixIXl
7963,track,6646,spotify,spotify:track:43wKQXnEUYcZRU468wgOAp
7964,track,6647,spotify,spotify:track:5Qfw1PUQARxzp094j9yRnU
7965,track,6648,spotify,spotify:track:4Lsi12bkm1PGIjrfPdXMCb
7966,track,6649,spotify,spotify:track:14kKINqWJ0rTYqrgQfDIaO
7967,track,6654,spotify,spotify:track:73ijxnBBAK79jZAufHdwIv
7968,track,6655,spotify,spotify:track:6Sid4PtQG0CTYrrypMi2g8
7969,track,6656,spotify,spotify:track:6Jg0H6iG8KHPUHkbM62dYm
7970,track,6657,spotify,spotify:track:41axR9UBKkVhpLAIDLIczC
7971,track,6658,spotify,spotify:track:5FKaV2J0xiwRENDsl0bMn4
7972,track,6659,spotify,spotify:track:4AvHf52sd1aGr79M0pq8mN
7973,track,6660,spotify,spotify:track:61WEBEiwrTLaUSe3vWELIc
7974,track,6661,spotify,spotify:track:6W8xPUq3muUFRnxVcVjdIK
7975,track,6662,spotify,spotify:track:0aoHxg1dcxHSgMJFE4umoQ
7976,track,6663,spotify,spotify:track:70otjXKq2lzJbynH7W3N76
7977,track,6664,spotify,spotify:track:3Zgr0XyuDt3Doyyh3OjYsE
7978,track,6665,spotify,spotify:track:21myD88kdb9gqblrDfEjFe
7979,track,6666,spotify,spotify:track:4fdPjcN4yCTJ2edZY5Y9uS
7980,track,6667,spotify,spotify:track:2n7NvnUJu8bqki1mKQxuTy
7981,track,6668,spotify,spotify:track:0I4fGHJJVZstOR8ydsGe9y
7982,track,6669,spotify,spotify:track:6VszFurEB05AHK610QjYw9
7983,track,6670,spotify,spotify:track:04TfqLmicywDgLEYd3RZkL
7984,track,6671,spotify,spotify:track:5l8A1ro7yixG2o7bEPdyZU
7985,track,6672,spotify,spotify:track:0TpOlS4tUrChVtKIHbI5g9
7986,track,6673,spotify,spotify:track:4WjdZgAV9193oyT3YeMPmx
7987,track,6674,spotify,spotify:track:53fLqlcY0rOoWcDfFJvNhO
7988,track,6675,spotify,spotify:track:6dhfqStWHETvJWNhhLO1Qc
7989,track,6677,spotify,spotify:track:71Mx2CX2AtIV5MiEZDTXMJ
7990,track,6678,spotify,spotify:track:5eFXWt41pZquFAyD1bs9ln
7991,track,6679,spotify,spotify:track:4A4EjLjaWPMjBNvzPN7J1w
7992,track,6680,spotify,spotify:track:71gd3cOuLvtmUb17OARvsJ
7993,track,6682,spotify,spotify:track:3cwWEfm58FQbdJBM4BLI43
7994,track,6683,spotify,spotify:track:12DQLP0EURlKcwguEJM5oY
7995,track,6684,spotify,spotify:track:3aoSjb0bYD2pR2h7R4UzAj
7996,track,6687,spotify,spotify:track:2A1xJI2naUT75RwcWXSuWG
7997,track,6688,spotify,spotify:track:6aeht0QSwiZN1esYfniHxr
7998,track,6689,spotify,spotify:track:33nv5XwNd8soNX1GhUEerR
7999,track,6690,spotify,spotify:track:2cE8TW1RiEJoezQv7pbyoa
8000,track,6691,spotify,spotify:track:5TwwD9V7BBUPgOin5tJF5B
8001,track,6692,spotify,spotify:track:00C1Re1561S4C6nXF4tCLu
8002,track,6693,spotify,spotify:track:1JZxpwIcT8Fnrx6YxLeBYH
8003,track,6694,spotify,spotify:track:5Jz7MOny2t7Ino5y9kZsiI
8004,track,6695,spotify,spotify:track:5myu5bGHMiVHni5YmkerM0
8005,track,6696,spotify,spotify:track:5OTOeorSY4ZVGffghg542w
8006,track,6697,spotify,spotify:track:6ArmzNXxmfWEiHUtjYYX7T
8007,track,6705,spotify,spotify:track:5D7rdr9WQaNP95c2kqyE1l
8008,track,6706,spotify,spotify:track:3JYWgJmBOlDym3iCp1hWpy
8009,track,6707,spotify,spotify:track:0dFnHw0HyFYi28ME8XD1lY
8010,track,6708,spotify,spotify:track:0QghvdpYqY06nSqvzihd78
8011,track,6712,spotify,spotify:track:46dTSJWeLBfC2oT5xhKxVg
8012,track,6714,spotify,spotify:track:3D9Ucoim2zMeK0b3Xi65FI
8013,track,6715,spotify,spotify:track:7uBdRSI3598J1vnnry6H8A
8014,track,6716,spotify,spotify:track:722mqP83EoWabCid5qrjzG
8015,track,6717,spotify,spotify:track:6Rw5CdDgA5RuNdLiIetPO8
8016,track,6718,spotify,spotify:track:0IyltV3K5htAqLH3gtqTru
8017,track,6719,spotify,spotify:track:2GyZqKDdvISkkmNbpvlt3T
8018,track,6720,spotify,spotify:track:2RVCxRbggN6CTbsbSdseoI
8019,track,6724,spotify,spotify:track:3Cfsfk8mPSyeYPoAzHxfYL
8020,track,6726,spotify,spotify:track:5Tzamkz6WvbarbAUuBgrFj
8021,track,6730,spotify,spotify:track:2i2utPPKVqpb5R4wF7IDtg
8022,track,6731,spotify,spotify:track:05WdvsIv2e0Zf2cZHhESrS
8023,track,6732,spotify,spotify:track:2fx3qDfsrsW7nBoJtdOyws
8024,track,6733,spotify,spotify:track:43xTZyymelwrlbR8EZXxaf
8025,track,6734,spotify,spotify:track:71A35JDEclcOvm8q7xwZKa
8026,track,6735,spotify,spotify:track:2slym1fngofTtHR1wGfB5D
8027,track,6737,spotify,spotify:track:60zuh1luYW18XCPJtQ2aoW
8028,track,6738,spotify,spotify:track:3CRVjTDMlh1SMJvu8Ftr5Y
8029,track,6739,spotify,spotify:track:6mN3uDOXjU0CtK8H6GVJlc
8030,track,6740,spotify,spotify:track:2eMBA9TSpo4AyBq3Sl5eHp
8031,track,6741,spotify,spotify:track:1IBUeEV0zcSlkTqmjjbtaL
8032,track,6742,spotify,spotify:track:3qwDdqhCx8zSrDXFjWzdpi
8033,track,6743,spotify,spotify:track:5mxd3eWRB1dBWmQGdBcrlS
8034,track,6744,spotify,spotify:track:7nWTNnRcZCPwak1t5ExN7A
8035,track,6745,spotify,spotify:track:37gXzc2C4o7xnLq4JROghg
8036,track,6746,spotify,spotify:track:0y2r6kQmAOpf9mlmUl3AZH
8037,track,6747,spotify,spotify:track:3MPKTMJIxlORqcxw542HHK
8038,track,6748,spotify,spotify:track:6Kt62qyMR3uJ15Sb6XDAn3
8039,track,6749,spotify,spotify:track:1k28sDTLOz942qa3wEtMQE
8040,track,6752,spotify,spotify:track:7CprrdIxDk2X56HQBMXFWN
8041,track,6753,spotify,spotify:track:4xlsSzg79PfPWBTFvYlels
8042,track,6754,spotify,spotify:track:6deriwitS5tSis4QRZaFhY
8043,track,6755,spotify,spotify:track:2rIMm5RS2p1wUfwBiEXu3e
8044,track,6756,spotify,spotify:track:3SrYxsFwKj0Kz67TmcMQ4Z
8045,track,6757,spotify,spotify:track:2KInwK3rmBmDP1Tk5b1PgK
8046,track,6758,spotify,spotify:track:1o5U70lH04v9LGLEnEsqSS
8047,track,6759,spotify,spotify:track:6V6M93Ape70kdvUl28xGW1
8048,track,6760,spotify,spotify:track:5GJAJ214LcuJOztQMJKoqP
8049,track,6761,spotify,spotify:track:5RLiRsg9rbAp8vnYXidCIV
8050,track,6762,spotify,spotify:track:5e8wwhtHBs0WXmZTgRl4ub
8051,track,6763,spotify,spotify:track:5k6CNkCdIAZ1h8D1luhl6C
8052,track,6766,spotify,spotify:track:2LsWUo2kzTDoIKstXNkcJw
8053,track,6767,spotify,spotify:track:6yQ5tJxgNgR29CSD5dsQVf
8054,track,6768,spotify,spotify:track:6zteCNciM9nCkDUa86oH3R
8055,track,6770,spotify,spotify:track:6DYsvXztX4r2OAbApLSMH9
8056,track,6772,spotify,spotify:track:1nGPktBcLdEH97wNKtqN7V
8057,track,6774,spotify,spotify:track:0NKFZi9RWmbo7i6u6BCRDe
8058,track,6775,spotify,spotify:track:5RE8VPFFBgdSva7eK8xHfc
8059,track,6777,spotify,spotify:track:63Zozsza7I82L83h4Fw5EP
8060,track,6778,spotify,spotify:track:4jRRa7MNAPY2bQ9Hdu9cbc
8061,track,6779,spotify,spotify:track:6U6jVWfuLIwgQoY5ohwKWC
8062,track,6780,spotify,spotify:track:3b9m5GCWrv6ZEQUNXOe4xE
8063,track,6781,spotify,spotify:track:4mee180EPdpUihNyuWsf8d
8064,track,6782,spotify,spotify:track:3R7P6Z9dfJJMRuISErntcr
8065,track,6783,spotify,spotify:track:6kkuWzWFTl3GXrK075H4yd
8066,track,6784,spotify,spotify:track:6pw89f5ANpMubwb3NMsZLm
8067,track,6785,spotify,spotify:track:5Td2nHaPZEL5zV9Y2V66xu
8068,track,6786,spotify,spotify:track:2t6qmQ2rfdtZePTd5tMWcs
8069,track,6787,spotify,spotify:track:6ZUDAXdbmJ8Hb1Z7b7tcWh
8070,track,6796,spotify,spotify:track:2gfBV96ou2PCp0VhvddOVQ
8071,track,6797,spotify,spotify:track:5tcIxeKrSAe4CLLLy5KudQ
8072,track,6798,spotify,spotify:track:1QuCxIQVyGNew8LTs2ccqE
8073,track,6801,spotify,spotify:track:2O2iMUsxVcudKAmUsZXrNP
8074,track,6802,spotify,spotify:track:7utCVxVijQI29YSFAQOw8O
8075,track,6803,spotify,spotify:track:1f10zKZlImkJ5QaxKxKKKs
8076,track,6804,spotify,spotify:track:4Rmcn8ar6eaoQ18qQt19Az
8077,track,6805,spotify,spotify:track:6stfPPjZhQkxFKeE5o91vJ
8078,track,6807,spotify,spotify:track:2qOXs7OvTWSxFYGfiBW7V6
8079,track,6808,spotify,spotify:track:65tsPfZFo9RGq5DAHGQZzy
8080,track,6811,spotify,spotify:track:5leKEx6xoO4qbJ5WDG0f2i
8081,track,6815,spotify,spotify:track:15b500PsXpmr2vJu97osdA
8082,track,6817,spotify,spotify:track:1Ctqt1YBkiiShZZVZsModY
8083,track,6818,spotify,spotify:track:3lMDGpVGwCyGj4e8OTvxnJ
8084,track,6819,spotify,spotify:track:31KK3pcPclmIt087tPuwMr
8085,track,6820,spotify,spotify:track:3DTaSOKvNGaGgzaq6B6Nw4
8086,track,6821,spotify,spotify:track:3kv5JrPEwD4D6nE5RdC8Ui
8087,track,6822,spotify,spotify:track:4oQkcfukOHfKsmeoeXQLWC
8088,track,6823,spotify,spotify:track:6rqj2zeKhLy3exkuFi6mSz
8089,track,6824,spotify,spotify:track:75kiQfmmuQwgquZ9RLSvuA
8090,track,6826,spotify,spotify:track:2hjjUjikOa29kImnI5kQPw
8091,track,6827,spotify,spotify:track:3Z5pXxCb0O6L53vejFHhqQ
8092,track,6829,spotify,spotify:track:3lIx2TEokMXuwukta092bh
8093,track,6830,spotify,spotify:track:4YHmvJEN0rfPgAnG9vdRp8
8094,track,6831,spotify,spotify:track:0fxejXI39vFdODPf9qsexW
8095,track,6832,spotify,spotify:track:40AbVw7NEu78pgafTWKZxJ
8096,track,6833,spotify,spotify:track:2mAhW77CuVUjgZg9wr3nWo
8097,track,6834,spotify,spotify:track:2ewIXiNi8WOp4vrD2fyJ64
8098,track,6835,spotify,spotify:track:0wdQnmcpn2mcG6xz5D2YMe
8099,track,6836,spotify,spotify:track:1qwNmORhq4it9krUdZ7MJ0
8100,track,6837,spotify,spotify:track:5wMaeveG7gyj8OXBmjNgAz
8101,track,6838,spotify,spotify:track:1bOECGXCU1p2kCRiM48NqU
8102,track,6839,spotify,spotify:track:3VGuMFyHYMDGO1NnjhdGsf
8103,track,6843,spotify,spotify:track:0K7kq8T4qz2kZFfhovSlx2
8104,track,6846,spotify,spotify:track:5UqXzkzU4CyIhaCmWHgS09
8105,track,6851,spotify,spotify:track:6fmQzIKyl6zuftLxHwUAKx
8106,track,6852,spotify,spotify:track:3G7KUIMYzRqhNjWbttZICA
8107,track,6853,spotify,spotify:track:77JbdnlB1aJayjbfhAWGMS
8108,track,6854,spotify,spotify:track:7qAJP8cfXWsKgxqhlKly3G
8109,track,6855,spotify,spotify:track:16wZiNXtbGjwCdGcSJECTs
8110,track,6856,spotify,spotify:track:4Bg9kDuriRgxHbRhaTK0qM
8111,track,6857,spotify,spotify:track:68zxOZXB16o3IOG9V7yk5s
8112,track,6858,spotify,spotify:track:1TLuvZzakdp9UcuLbdHYeI
8113,track,6859,spotify,spotify:track:7AfW0LwR3cQ7m6znphsdSR
8114,track,6860,spotify,spotify:track:4LsdB0m72vZSwCqBryHObj
8115,track,6861,spotify,spotify:track:3Tyb5sYl39ImEDW30nA9k7
8116,track,6862,spotify,spotify:track:5pQGrY5lovOt2vQNX3wqih
8117,track,6863,spotify,spotify:track:7GFpsZ4NzOSAZY7KR19lcr
8118,track,6864,spotify,spotify:track:4GiOOtqI8UunEBvTbFRcqH
8119,track,6865,spotify,spotify:track:1YAutkcf7dGsJiosbJsCMJ
8120,track,6866,spotify,spotify:track:5PimXJ1fQM0bnANAKpFiJD
8121,track,6867,spotify,spotify:track:2qqXLoDfYTSR6R3YTcazg2
8122,track,6868,spotify,spotify:track:30V9DcYNS3Vbf5jftnfTIC
8123,track,6869,spotify,spotify:track:3XcP8GsfdNlLjmONRfxwW9
8124,track,6871,spotify,spotify:track:3TZjIbn7Gjw4xrAhyG7kYB
8125,track,6873,spotify,spotify:track:5GO4rpfnM2lghVqEulTJUf
8126,track,6877,spotify,spotify:track:2oCHf0BC7BJV2XGQmrMuDj
8127,track,6878,spotify,spotify:track:235LR8Y7XYhvBxLurBxGHU
8128,track,6879,spotify,spotify:track:658WaqtHsOz7FCfqmpsODS
8129,track,6880,spotify,spotify:track:1UtX1R1q4ILi4zbSoTFuCn
8130,track,6881,spotify,spotify:track:2xvZO3Nil93cUPmHIb9eD5
8131,track,6882,spotify,spotify:track:4k9EkhkFZY8Bk41Qi0Ob7P
8132,track,6883,spotify,spotify:track:0kpSlAvewI5lkdk1Mpqazp
8133,track,6884,spotify,spotify:track:6C0D694KgtUyh9tSOJRxDZ
8134,track,6885,spotify,spotify:track:3bFHog9W27UATyowIKp1Af
8135,track,6889,spotify,spotify:track:1tz14xfZkPjIDifTYj3zcG
8136,track,6890,spotify,spotify:track:2VX93qchtOIJx8GBxUGObU
8137,track,6891,spotify,spotify:track:3F1Uh0wOiGijBG6N62M6pq
8138,track,6892,spotify,spotify:track:4aI3a6E3RHcGNbTzvU66X0
8139,track,6893,spotify,spotify:track:1GrpeIMeunwNKA4eyS3MUQ
8140,track,6894,spotify,spotify:track:07E2ZqQ4C2brdXck1kqLjS
8141,track,6895,spotify,spotify:track:6iTHsjZXBe5ErrCin0fYNJ
8142,track,6896,spotify,spotify:track:2gvhbOvhzsc8iBY8H41H3f
8143,track,6897,spotify,spotify:track:7sBxvRUzQmF7uB2ZFfjzF3
8144,track,6898,spotify,spotify:track:2itPegdGAksguJItwZyOK1
8145,track,6899,spotify,spotify:track:0g8SztWd3HZAsmHNtuE4NP
8146,track,6900,spotify,spotify:track:0snDRsjNRMJhm7SVja8l6J
8147,track,6901,spotify,spotify:track:3Y6XWs8xMlCngyIxNOFnsp
8148,track,6902,spotify,spotify:track:4jJcTFUQcxyyDQImvWXyQ6
8149,track,6903,spotify,spotify:track:5hhuWQFaMIvhKLaksT8XXv
8150,track,6904,spotify,spotify:track:6uVQ5m3xPpiiflg90clhsn
8151,track,6905,spotify,spotify:track:4sMH75ctV0RVSOHZqXJpHD
8152,track,6907,spotify,spotify:track:7orgtKQgx53g3FZgTThkOP
8153,track,6908,spotify,spotify:track:7FEID92ftWvfxAiVpBYZwo
8154,track,6909,spotify,spotify:track:15AAm7FZXSk46YRqfM3bds
8155,track,6910,spotify,spotify:track:2AGhvyyzbSmSr88TDcc0Wg
8156,track,6911,spotify,spotify:track:2p81GX2JJmD86WBcFzkGI3
8157,track,6912,spotify,spotify:track:6v5THhwG0Of1H0tBnZ7kkw
8158,track,6913,spotify,spotify:track:5xXL4i9L2ZbKBtENNh8fWY
8159,track,6914,spotify,spotify:track:5ByAIlEEnxYdvpnezg7HTX
8160,track,6915,spotify,spotify:track:3bOvAqhaZNSWpGVIvHEx8B
8161,track,6917,spotify,spotify:track:5Qx7bKNzExcFhtI4Vm70Nj
8162,track,6919,spotify,spotify:track:2Qjufb45M5KXsFd8ID5xL7
8163,track,6920,spotify,spotify:track:5YPLdtq3s1eEwYYwmxQTsV
8164,track,6921,spotify,spotify:track:6biAvuLvtDrIZI9kKKkhgC
8165,track,6922,spotify,spotify:track:3OemGjbFDABaU46Rz4ZYDp
8166,track,6923,spotify,spotify:track:6XtbUGgpXbbvF2lm5N6qX7
8167,track,6925,spotify,spotify:track:2GLQCyOGdqpDbR9RszgKaL
8168,track,6926,spotify,spotify:track:3XYaIyRXzaa29EfgDa4TtA
8169,track,6927,spotify,spotify:track:7ktOcCYTypSCkMoYppOyTe
8170,track,6928,spotify,spotify:track:22xZBU2cP2tPwRdp8oPnkT
8171,track,6932,spotify,spotify:track:2qbe60QAa0sTBpkjR6jtrh
8172,track,6933,spotify,spotify:track:1DwZzDiCGoF9ZfjRkTagVE
8173,track,6934,spotify,spotify:track:0wGNm9EERFjfB7PUnvhiME
8174,track,6935,spotify,spotify:track:6J82l8grt8tn6yWKlvgGFm
8175,track,6936,spotify,spotify:track:07ed2cA7MZqECVzDH7Gaaj
8176,track,6937,spotify,spotify:track:4TvxDMTOkbK2yt7IfHWqZQ
8177,track,6938,spotify,spotify:track:7dr4wFO29NZ4s3e8iSEV1C
8178,track,6939,spotify,spotify:track:7wJjJ8IjOwnNEJrXNERIro
8179,track,6940,spotify,spotify:track:16yaPSIIWqCIYpFRcZHaE7
8180,track,6941,spotify,spotify:track:7BPvQUtQNTGeOeNTwMFEm4
8181,track,6942,spotify,spotify:track:7nWwZHVmZfKzb43FTy2H2n
8182,track,6943,spotify,spotify:track:4qNCv5wkqi7JjC97Gnv5s0
8183,track,6944,spotify,spotify:track:5ghlLsdQVDY7fDm4SIp1mY
8184,track,6945,spotify,spotify:track:4nTWlJcs3S1cxnXTTnWu2n
8185,track,6949,spotify,spotify:track:2k1a0Z66w5GgfLtJpdXa8c
8186,track,6950,spotify,spotify:track:2ThiGyO22LFRahjlscyQim
8187,track,6951,spotify,spotify:track:3IUzk2qTfnWqjKatiPiGaj
8188,track,6952,spotify,spotify:track:5mjvj7IaZHBk2IcFVmxxD1
8189,track,6955,spotify,spotify:track:3cFT8G5sU4ind7VmAPsV5d
8190,track,6956,spotify,spotify:track:0rHntAcmoDumcfUqqgOUxe
8191,track,6957,spotify,spotify:track:5Rz0TCMKlboQiEm3YzZg7b
8192,track,6959,spotify,spotify:track:0kRlY35Yx5R2Q49rvVgw3J
8193,track,6960,spotify,spotify:track:7fiQaKaTjl1Ng1jpByKMOy
8194,track,6961,spotify,spotify:track:6u3bZgkYZVSyaOt1F2vLBJ
8195,track,6962,spotify,spotify:track:3Orj65KztO7vhHUdOacZ0a
8196,track,6963,spotify,spotify:track:2FNmMP1SOcTQhUDCdPk0Zb
8197,track,6964,spotify,spotify:track:62fYGNX2t1qoCHETzdhOtt
8198,track,6965,spotify,spotify:track:5TiuWTOB18HFjeMvd81EJF
8199,track,6966,spotify,spotify:track:3i61WihSydUNEqlDRCvgXb
8200,track,6967,spotify,spotify:track:2Klt4yX0OpQMcd2mLDGwjW
8201,track,6968,spotify,spotify:track:22dfRDHWueBWo7N6lQHkvq
8202,track,6969,spotify,spotify:track:4MjHMw7HnPQNXv49VolVmx
8203,track,6970,spotify,spotify:track:22PBUdk8wuSxOWJxawmSD5
8204,track,6971,spotify,spotify:track:4lgZika1SbVRacqb3wGSYx
8205,track,6972,spotify,spotify:track:3CItPPdCCciPGPgbmABeQC
8206,track,6973,spotify,spotify:track:0Sr0GUT2tseYZgC07qgkE9
8207,track,6974,spotify,spotify:track:3tNU0r5bxpmKZiufDd2Rl7
8208,track,6975,spotify,spotify:track:38XiD8uD5UwIRjGHDGzLd5
8209,track,6976,spotify,spotify:track:6pDh91iKtWpc8H6X30l8EH
8210,track,6977,spotify,spotify:track:2Z6IivOkEyQvfGO3IzMQIk
8211,track,6978,spotify,spotify:track:49HphCKziRfAzJUMPNSfja
8212,track,6979,spotify,spotify:track:448WsCLc8Q4Ph6zk6WoAvm
8213,track,6981,spotify,spotify:track:2ZcSEQl34HeaETAcrY8cgm
8214,track,6982,spotify,spotify:track:52LgJgvB0cnDzdjG5qxQwN
8215,track,6983,spotify,spotify:track:2yCXY43OU7BrpWMR5AsqAt
8216,track,6984,spotify,spotify:track:18nDKm7YUDgPizmAxToLpi
8217,track,6985,spotify,spotify:track:1R80zsyDawpbcF9tZ1U5El
8218,track,6986,spotify,spotify:track:2ZuhRTHhR0ShdZnZS9tw2S
8219,track,6987,spotify,spotify:track:1SyQ6t9RdRBK0QUCS6a797
8220,track,6988,spotify,spotify:track:5N8k2gYtV7kQ6pR2nNpSFi
8221,track,6990,spotify,spotify:track:4H8FZeGxofgfyNLk4OwPzK
8222,track,6992,spotify,spotify:track:3Ud14RdfMFTxbmUUKWZBlK
8223,track,6995,spotify,spotify:track:6XLkDQKEHGiz20NUWl2I7J
8224,track,6997,spotify,spotify:track:43oscCb81CcN5Vs9GSCayl
8225,track,6999,spotify,spotify:track:1ZxewoUmMdSIzMhAmKTbhN
8226,track,7000,spotify,spotify:track:2rByGzndD0TKPWDXOdF2hg
8227,track,7001,spotify,spotify:track:5D2baDEZFjxgzvIlW10srl
8228,track,7002,spotify,spotify:track:5nVwS5HUgBPxNzeiiKSnvi
8229,track,7003,spotify,spotify:track:0RnfaaA6SvVvBoZzIQ6pzT
8230,track,7004,spotify,spotify:track:36wwZJEPhq3WQVWxWQxkDa
8231,track,7005,spotify,spotify:track:6786VQF2toyVzpO2P4uw8B
8232,track,7006,spotify,spotify:track:63J9sQnp8NxLuOgeqgAS6O
8233,track,7007,spotify,spotify:track:0WFS2dD69nOF7UQOlC0uyE
8234,track,7008,spotify,spotify:track:1m2W1pl5KcpAvUZtpG4JXc
8235,track,7009,spotify,spotify:track:2oT2xVT3TdsokytCQxpZUr
8236,track,7010,spotify,spotify:track:6KyFxGHY8Q5Pkgb05KZoQL
8237,track,7013,spotify,spotify:track:7bn4LTsRdWrcNHdtoAGObH
8238,track,7014,spotify,spotify:track:26zF1GBYQxV4Xf7nu3IndS
8239,track,7015,spotify,spotify:track:1ZUYJWpneAKH2EyBAQoeO6
8240,track,7016,spotify,spotify:track:5oH0bxLeqefQgPizbFG7B2
8241,track,7017,spotify,spotify:track:30GoLgL27ZntZD2QKZIfSR
8242,track,7018,spotify,spotify:track:6eXSsQmZoKyNFEDcgQj9kq
8243,track,7019,spotify,spotify:track:1ueTdsbKx4Bxu5rvHuRi4u
8244,track,7020,spotify,spotify:track:0dupEkAq7v5mTay6lJBvRx
8245,track,7021,spotify,spotify:track:0i5BepbSYym7AAIqyOhIxL
8246,track,7022,spotify,spotify:track:1yjRkRZ9N9blrca0f0UzeF
8247,track,7025,spotify,spotify:track:30Y7FE1M6Zx9SkVWwJhSJs
8248,track,7028,spotify,spotify:track:5ZtftJXzku71i4PrpBtJO7
8249,track,7030,spotify,spotify:track:5Hp6Uw7evZvKX0sn5aYUBL
8250,track,7031,spotify,spotify:track:7HxPvAovPNfyTWZsZGZeTK
8251,track,7035,spotify,spotify:track:7IlBS8dt4gm4pL3P0R72vc
8252,track,7036,spotify,spotify:track:6duzOIQdmfeUoJPOApI2Q6
8253,track,7037,spotify,spotify:track:3NR4gpFhwBWJgUtkl8woeY
8254,track,7038,spotify,spotify:track:16psbAyzJJ0YZyaJiOohtX
8255,track,7040,spotify,spotify:track:65ZiAre1veL6CmkZR11ktg
8256,track,7041,spotify,spotify:track:4Ce66JznW8QbeyTdSzdGwR
8257,track,7042,spotify,spotify:track:1tckg6GRaTodmxnDd4Cxkl
8258,track,7043,spotify,spotify:track:1YwoYPfhuZlLDbJUH1cKSi
8259,track,7044,spotify,spotify:track:4OzXE9NnSdD9aEAwBcnYBI
8260,track,7045,spotify,spotify:track:3Vr90BG7c0cST8NRS9GLbe
8261,track,7046,spotify,spotify:track:6tc2nHTmQjXQXo2ybeVZB7
8262,track,7047,spotify,spotify:track:4o8DOGfUL8nIKltWIpDvBa
8263,track,7049,spotify,spotify:track:7sZCAHP2duHwr5M5K7lHsb
8264,track,7050,spotify,spotify:track:1TlEEopIktdAi8oWRf9Qx6
8265,track,7051,spotify,spotify:track:4l1CuxaEzk15o3g6bn7lZU
8266,track,7053,spotify,spotify:track:5o9GCBBMWxSu7y4naOdFPy
8267,track,7054,spotify,spotify:track:5IR1BV84fjB5SPzDw5NTQp
8268,track,7055,spotify,spotify:track:6DJDLnq5nlPxFxJt7q55DT
8269,track,7056,spotify,spotify:track:0gbAy7jyaqskNBA3lJ1Uhr
8270,track,7057,spotify,spotify:track:3J9DDhmOyiL4kI6I1uRbAk
8271,track,7058,spotify,spotify:track:3WdOfjnfITrYMKAcGmQtWR
8272,track,7059,spotify,spotify:track:0kmQkQzn9VQFVFBKQu8JiV
8273,track,7060,spotify,spotify:track:7DxV8Q1aMuYxMVu1ESSXW3
8274,track,7062,spotify,spotify:track:7son9e0bPpoGJFDOSh2liR
8275,track,7063,spotify,spotify:track:48Os7eHJDRYWaBQnosxZoK
8276,track,7064,spotify,spotify:track:6bhpxcMPF6ABBMFA4BCzT0
8277,track,7065,spotify,spotify:track:73G0u2smRxwOnPE0vKhvVX
8278,track,7066,spotify,spotify:track:5cJa1BlBDbusIt4fPzPyYm
8279,track,7067,spotify,spotify:track:1PXrkuPH4fi8NZZb20ORQd
8280,track,7069,spotify,spotify:track:2dLEUwa6fKEkuugxGndQEo
8281,track,7070,spotify,spotify:track:6rOMAQ5tSmCh9DlzgLzCNB
8282,track,7071,spotify,spotify:track:1h2GBW2qP4gH5QW5N7bRpY
8283,track,7072,spotify,spotify:track:3swdcTUOXmSUhkzI5lCTnQ
8284,track,7074,spotify,spotify:track:5Ej4mS6WKFdjNLdXiPCAfe
8285,track,7076,spotify,spotify:track:1Ly8yBVeHOjW5HFncRmoO5
8286,track,7083,spotify,spotify:track:2zbmMtPZvzYfqy98R1FXD3
8287,track,7084,spotify,spotify:track:7BTbStCP3Vkp2ZMJiKhBgP
8288,track,7085,spotify,spotify:track:5Wee6KPi8H0vMKCLLGwmrn
8289,track,7086,spotify,spotify:track:5ma5buFStfNstQqy1hD0Ds
8290,track,7087,spotify,spotify:track:30FE58WPIBnlCJPUjW2tYM
8291,track,7088,spotify,spotify:track:4xPRGPtL0QcbkRe6JCHytB
8292,track,7089,spotify,spotify:track:4vurDFsvpAJWwIqw38gxEn
8293,track,7090,spotify,spotify:track:5IBM4Qd3rxnPSdG5qOcCli
8294,track,7091,spotify,spotify:track:7rsJ9jnbFjKHM7UzeoSqY3
8295,track,7092,spotify,spotify:track:4heC6SnTBxTZZDef4AIBOk
8296,track,7093,spotify,spotify:track:3ZAC6GaArg5LouxeDgFmPh
8297,track,7094,spotify,spotify:track:4vABdvKMwEE4rEnyvFI4BL
8298,track,7095,spotify,spotify:track:5NY1HqGbgsXX0FdLi303se
8299,track,7096,spotify,spotify:track:5GlikCxjxGajMewaxuKBeJ
8300,track,7098,spotify,spotify:track:6Tzq61XEs9h4bchOPuWAkL
8301,track,7100,spotify,spotify:track:40rsL4MmgcPxPEIy5DHJVr
8302,track,7103,spotify,spotify:track:3EKgqk6MJ8aq2VMfX61H9V
8303,track,7105,spotify,spotify:track:5Mp5OoETMdsoWwY1aCnblk
8304,track,7109,spotify,spotify:track:0K1yDh3Ltr8ErpizpDv7Lv
8305,track,7110,spotify,spotify:track:6IRAyKonDC1qskqAhZ3GgQ
8306,track,7111,spotify,spotify:track:79fTSO604DOnvbn6CwyftB
8307,track,7112,spotify,spotify:track:7fuyfxM1hXgnxxXaLZSvQE
8308,track,7114,spotify,spotify:track:7d9w8IJU5h77cvBzPoKYsm
8309,track,7116,spotify,spotify:track:3TAKQKpB4Ws6WyFD2z0lMZ
8310,track,7117,spotify,spotify:track:6BnGlj0GWAGLIkg3EzNdIn
8311,track,7118,spotify,spotify:track:3J0OszMlEDocWzllz5SnGQ
8312,track,7119,spotify,spotify:track:5BmmBDM1FRIlDwwfiU2tFN
8313,track,7120,spotify,spotify:track:6e2U8uWufp3jGWrWDCkma6
8314,track,7121,spotify,spotify:track:60CeSXYngGdnWRtkYTGkHN
8315,track,7122,spotify,spotify:track:2BzJnDK8Th9V4H2Mttb88n
8316,track,7123,spotify,spotify:track:1TmrMk2Jt1fwWIhuuAasxW
8317,track,7127,spotify,spotify:track:49Y5zKmYgi1nx6gV6yZ0Yj
8318,track,7129,spotify,spotify:track:7u0rneYVggOrHUUYbKQpUO
8319,track,7131,spotify,spotify:track:3zDodi8cmHYhhBFL9W8zpZ
8320,track,7132,spotify,spotify:track:1T486XpcMjDwuuqYM2FWC4
8321,track,7133,spotify,spotify:track:0VdqLfRBqxPBL2mIXDovym
8322,track,7134,spotify,spotify:track:0PKQDdhr5gXAVgW3CQ5yPb
8323,track,7135,spotify,spotify:track:5lJ713nMGyqEsBjU8gu481
8324,track,7136,spotify,spotify:track:4pyBSMvYVJQlKC8MgIwHfR
8325,track,7137,spotify,spotify:track:2DnXXNkr3YQICQqdg9NH9F
8326,track,7139,spotify,spotify:track:0hBF1c5Dflx0cLGmrDkJlF
8327,track,7140,spotify,spotify:track:73nmIble7Jg8XwM6nUASme
8328,track,7141,spotify,spotify:track:73J9c2eypnv5b78aIEo6Qz
8329,track,7142,spotify,spotify:track:2Zq2mhqRKR9AaurHtUF8Ew
8330,track,7143,spotify,spotify:track:4LDIN3ZsLWjssl5liTSCPY
8331,track,7146,spotify,spotify:track:4RwVXcNw0fRwCkjRAxyUut
8332,track,7149,spotify,spotify:track:1U57oys1Q6Qgc79LTyD2dt
8333,track,7150,spotify,spotify:track:7sqa7jIUM2XCXJb2GUIa4l
8334,track,7160,spotify,spotify:track:21lrMVzxVDmDJ3bvyriGVW
8335,track,7161,spotify,spotify:track:7IMAeVD20avypMAemDSEVY
8336,track,7162,spotify,spotify:track:4NEVRqtopnUwSprHk7XTTB
8337,track,7163,spotify,spotify:track:0tqJBkLof2CRBmZVyEEosi
8338,track,7164,spotify,spotify:track:76NrarrO1cIo1o0I4wgN4e
8339,track,7166,spotify,spotify:track:5xIDCYGTyLaDkiaaulVPcJ
8340,track,7168,spotify,spotify:track:2Rk9x8aLKeIJjFuSmYUtm5
8341,track,7170,spotify,spotify:track:2HnxBZ8BnFxK851xWm93OF
8342,track,7172,spotify,spotify:track:3WxM7AkHQHTTFUlwCjpBGQ
8343,track,7173,spotify,spotify:track:0X8JpoA40CKGwVlQ8g55MO
8344,track,7174,spotify,spotify:track:3uGcl6RNKPiC1dCBYMhbrp
8345,track,7175,spotify,spotify:track:4mYG4iHgfxlPaqfT3BQ0ec
8346,track,7176,spotify,spotify:track:7dtrisvjGhWVthuDOHiZFT
8347,track,7177,spotify,spotify:track:1o105aaB0wsRfAPZUSQpoI
8348,track,7179,spotify,spotify:track:74C54C3ZMILlLL8kXx3S57
8349,track,7181,spotify,spotify:track:3ZjBIrwdy4glk9mk6XqV1A
8350,track,7183,spotify,spotify:track:4aDEWuYjdEsU9A5bVD3JV7
8351,track,7184,spotify,spotify:track:1EY23YpLRxX5LACIRI7MhH
8352,track,7186,spotify,spotify:track:4tJ3PpJiXYQHMRJHfoAPG9
8353,track,7187,spotify,spotify:track:6i5Il9g97rqzGPkOfkTp0n
8354,track,7188,spotify,spotify:track:5oYAUGL1d70lPQA5Lq87zE
8355,track,7190,spotify,spotify:track:1WRV8yp08cYHcvdEwuS0cU
8356,track,7191,spotify,spotify:track:79ERTYm3lSoCFSfMUZKzhj
8357,track,7192,spotify,spotify:track:1srT8EuJMsl9iOOWp6KWGo
8358,track,7194,spotify,spotify:track:5yKpweQMht6or9jl9E4RKI
8359,track,7195,spotify,spotify:track:3CJEMQmu1fozkev55JJd8J
8360,track,7196,spotify,spotify:track:5bGmCPKnB47rJcwm48wrsF
8361,track,7198,spotify,spotify:track:5kTC7QM1vtWYMg5jJpXLbK
8362,track,7199,spotify,spotify:track:3h3amiaxxCRT0ghTNK9GA1
8363,track,7200,spotify,spotify:track:4rjHBMdrN9vnMfEe19XT9y
8364,track,7201,spotify,spotify:track:4kpfcDx1vUenEe0YYBUFAR
8365,track,7202,spotify,spotify:track:1BdHIZmFOHWyy1rAShWfOM
8366,track,7203,spotify,spotify:track:026pfPaB52WIGawu0PzN5j
8367,track,7204,spotify,spotify:track:5ZAGegSjPp0usGaHQQ2NFl
8368,track,7208,spotify,spotify:track:34FtO3yhuV4TD4u6axnyCL
8369,track,7209,spotify,spotify:track:4OemMFQjpHHaTX1fUcTKMR
8370,track,7210,spotify,spotify:track:1jVdrIvODvfIowkGykEqfa
8371,track,7211,spotify,spotify:track:7i1IyhG4Q67Ss5EC447EDA
8372,track,7213,spotify,spotify:track:1CTlQdXKObMSy382YHNPRC
8373,track,7214,spotify,spotify:track:6Rlmrbwb4uU2ymHivpeM7z
8374,track,7215,spotify,spotify:track:7sxofStpV3ayE9tEhokyPF
8375,track,7217,spotify,spotify:track:1e5kcSJjD6D6cGq38sUjko
8376,track,7218,spotify,spotify:track:19z7BfzUpHUhuyXoQQHDBR
8377,track,7219,spotify,spotify:track:6B88hMPyAmlX0zXiZ2vgM9
8378,track,7232,spotify,spotify:track:3cb6gJ7SHYuZ3NVm996ffD
8379,track,7233,spotify,spotify:track:0igwjmMoXOZsm77dfwHZ9C
8380,track,7234,spotify,spotify:track:1r7T6VdPReqtuVeknoGqEO
8381,track,7235,spotify,spotify:track:5czjjnbTatyFal33a9h1aN
8382,track,7236,spotify,spotify:track:1DP8rdNuuIAvmizNbQxsTX
8383,track,7237,spotify,spotify:track:7kQJCw0ZkvHgfJqRwPblmG
8384,track,7240,spotify,spotify:track:5mygzRtxomJF1JmBXPTed6
8385,track,7241,spotify,spotify:track:6wz4gM09uYQTc95ApsMx2S
8386,track,7242,spotify,spotify:track:6OyBuptN7bmKQy14x8o9Fy
8387,track,7243,spotify,spotify:track:3fc6y2t7MsdRXTiyWSjI4s
8388,track,7244,spotify,spotify:track:6yjekc5TcpS4zBVkRbY7zP
8389,track,7245,spotify,spotify:track:1ac8UHbm5GVRICFhXtbCVT
8390,track,7246,spotify,spotify:track:2rE9wRyUnZSM8e6ppGIMY6
8391,track,7247,spotify,spotify:track:1DMVjEOvHV4J282azPN73C
8392,track,7248,spotify,spotify:track:3uKeKJbDwx7nhDtY9AXBy3
8393,track,7249,spotify,spotify:track:3yl0117s4gVdSHqTSBj7LB
8394,track,7250,spotify,spotify:track:3OTLOH1Hvs9NqRIDywH8g7
8395,track,7251,spotify,spotify:track:0KBPhw0qAiWCFhF8sQlTPX
8396,track,7252,spotify,spotify:track:53XFhn9wh9QNSJxB4OzZo8
8397,track,7253,spotify,spotify:track:7L5AOMCM23x9Li7kd0p9Bd
8398,track,7254,spotify,spotify:track:3FmZ4vqx6VC6QgsxqsZLPb
8399,track,7255,spotify,spotify:track:6WMCBye5xh9dY4k383PgKt
8400,track,7256,spotify,spotify:track:2Yez78TtHWNoWuAPpNMYwl
8401,track,7257,spotify,spotify:track:0B0y2n8lOezPVTzDBk7mdw
8402,track,7258,spotify,spotify:track:5PvCu9rNSfQMsXmczTHkA5
8403,track,7259,spotify,spotify:track:7MnowYYhuD1AVx0jeJOGuQ
8404,track,7260,spotify,spotify:track:2WgT4UsBfu0c5i76LMvWKE
8405,track,7261,spotify,spotify:track:3laYMUELZV94qnyvlX2RMZ
8406,track,7262,spotify,spotify:track:5oOQm2NBDu0oWflFOB9Ccs
8407,track,7263,spotify,spotify:track:7lsxeAF1F7y8riBFqZWJLo
8408,track,7264,spotify,spotify:track:5W4XNzj2nE4WM9bSlwRQR3
8409,track,7268,spotify,spotify:track:69lZkDjLyrYEavmKuC3puy
8410,track,7269,spotify,spotify:track:4nE9cca2EUXbCv9hnK8nwI
8411,track,7270,spotify,spotify:track:7zXAslS1NdE6T73bbCp5vn
8412,track,7271,spotify,spotify:track:6piDHcH0vdPWzIg2uU2q3K
8413,track,7272,spotify,spotify:track:34Ebog5d26cD1xJ0gIw1Se
8414,track,7273,spotify,spotify:track:2aJeRubNNf9LCOZLZU8n3w
8415,track,7274,spotify,spotify:track:5lAOfQgtLc7R8JiITWnu4t
8416,track,7275,spotify,spotify:track:4GTftRSRIsiGxnBz9wR0jF
8417,track,7276,spotify,spotify:track:2v1FX64ZbxaDl5StIISP3T
8418,track,7277,spotify,spotify:track:79KDr2fDCqxT6RLOglTdFP
8419,track,7278,spotify,spotify:track:1JU2h6fVetFCJfm84ldO34
8420,track,7279,spotify,spotify:track:0T4kiQBWtwhr6OZVrT80a8
8421,track,7280,spotify,spotify:track:3QtvqDE3siGOPPZns8aLz8
8422,track,7281,spotify,spotify:track:3G8xKBPsOgViF0V9ffwozx
8423,track,7282,spotify,spotify:track:2zPYR3OBlrHOoQgcppRwAz
8424,track,7283,spotify,spotify:track:0VY16z1dVA9wUTeEtB0MQo
8425,track,7284,spotify,spotify:track:51I63p6gnbQhty1mlhvnME
8426,track,7285,spotify,spotify:track:6F5afjjcdAXJdjHuGCo6KN
8427,track,7286,spotify,spotify:track:5iNKdxZ7j9Gge9kbifOsni
8428,track,7287,spotify,spotify:track:5iUQMwxUPdJBFeGkePtM66
8429,track,7288,spotify,spotify:track:5DNcUb4m3jC8Knkz0t42a2
8430,track,7289,spotify,spotify:track:0XKY9XFuaI0VdM2m4r11jq
8431,track,7290,spotify,spotify:track:6heFmcEG6qWN9R06bBGXYR
8432,track,7291,spotify,spotify:track:6JMIaVMbh5emijDiBODgit
8433,track,7292,spotify,spotify:track:1wTKqgm2mIf6fIKD1q0Rtk
8434,track,7294,spotify,spotify:track:7fkNWPjQYHfCCi4yX219jH
8435,track,7295,spotify,spotify:track:4oh0d3stA4IVladYDptfyL
8436,track,7296,spotify,spotify:track:0wmydNAi8MbZXtf7cVecUi
8437,track,7297,spotify,spotify:track:4hB8J06D2ZaGkWZDOMpYZB
8438,track,7298,spotify,spotify:track:0Ninx7DPyETYETG6ul9ifs
8439,track,7299,spotify,spotify:track:7nJc3vqcU2em6FH0c3Geox
8440,track,7303,spotify,spotify:track:50YJWCEHRKvNhVV7yHQoui
8441,track,7304,spotify,spotify:track:4Q3ikbp3CWt0Gp4iYDt4lV
8442,track,7305,spotify,spotify:track:5lq6hpsabgw22xRYPHVV5c
8443,track,7306,spotify,spotify:track:781V2Y5LPtcpgONEOadadE
8444,track,7312,spotify,spotify:track:6uyzojapN9XYxCbsbOPtRN
8445,track,7315,spotify,spotify:track:4IkfFYKjaN1NlptlHXDNTO
8446,track,7316,spotify,spotify:track:0c9getB8B7owrBKeWeSLqT
8447,track,7317,spotify,spotify:track:0cmCa6TTZpZOFyXVKdM9Cu
8448,track,7318,spotify,spotify:track:2jx7xjmIDRlKX6EVjZoqYf
8449,track,7319,spotify,spotify:track:5Zo9KsvmGsFHfwA1zlKv6M
8450,track,7320,spotify,spotify:track:3eWyHZgfury3pU6cIEhmEC
8451,track,7321,spotify,spotify:track:24Wiz4fNMPMqjZMiTZjV1b
8452,track,7322,spotify,spotify:track:4R49vyyOJhf4QULunsAhzU
8453,track,7323,spotify,spotify:track:2Am3W0mEaqY4IfUebKesrW
8454,track,7324,spotify,spotify:track:5talKQEfkRMQPUjXcf62sU
8455,track,7329,spotify,spotify:track:7jjTdY6rTXgnTMBUAm1e6w
8456,track,7330,spotify,spotify:track:3tLewkQn4OolTRymvM85jL
8457,track,7331,spotify,spotify:track:3hZ2cnQE3GyXdCpDXkthaA
8458,track,7332,spotify,spotify:track:42P9RSQGG6uQlgMewQ22G4
8459,track,7334,spotify,spotify:track:01QRmpKNY0RL9r7PTznnRQ
8460,track,7335,spotify,spotify:track:7JZJbTUDcda68g9fOJCFAt
8461,track,7336,spotify,spotify:track:1dhD0bGRJD1JrNfeO41ndT
8462,track,7337,spotify,spotify:track:1QOOQOE1Qjs5MX5iFpp150
8463,track,7338,spotify,spotify:track:7iXYX8TfsBqtZrlDPiq36o
8464,track,7339,spotify,spotify:track:2HWmSA6ymReahDsK0CrqeT
8465,track,7340,spotify,spotify:track:6sHane7jOK1yhHIsieGNmz
8466,track,7341,spotify,spotify:track:7FPwR4N22nMP1Qoz4DZR3h
8467,track,7342,spotify,spotify:track:0zPzKCCa5MXWg8Rdho3jKp
8468,track,7343,spotify,spotify:track:2GJcd5T0dcEVBLp3DglLXt
8469,track,7345,spotify,spotify:track:341iXkZjUd5vi0wQuRH5k9
8470,track,7346,spotify,spotify:track:1ppE6XvxAX2EOR5POLUzy0
8471,track,7347,spotify,spotify:track:0TVbIfwinJTwkxziajlFYY
8472,track,7349,spotify,spotify:track:7bLt0NoL7CRgwEHy1wgM7N
8473,track,7350,spotify,spotify:track:2ba4alrIt6xfNEmkiqaHBn
8474,track,7351,spotify,spotify:track:1Tvb8uS4VGh2iThO2aDwBL
8475,track,7352,spotify,spotify:track:2Yln94Nnq8kQheGUMuBqGI
8476,track,7353,spotify,spotify:track:6tsMi52XDnwleHHG7uFDUF
8477,track,7354,spotify,spotify:track:5AnVuHLmgipXkFmBvj2Q6H
8478,track,7356,spotify,spotify:track:2Me43E27UeZwjKEqiMN35m
8479,track,7358,spotify,spotify:track:0fDW1ZhkDnqfo6VWmmnWcs
8480,track,7359,spotify,spotify:track:2uCRBATVF9bLa5efaHqcGx
8481,track,7360,spotify,spotify:track:7Ix5HcXtkd4FPjZwTASqFo
8482,track,7361,spotify,spotify:track:4eJU91pMWW8jLS0m3OcnBe
8483,track,7362,spotify,spotify:track:03B4oTM47hBxEJu23IHKyq
8484,track,7363,spotify,spotify:track:1U6T04D70mdiD313htFJ8i
8485,track,7365,spotify,spotify:track:4xQMFoD33vx6stB1UzfA6s
8486,track,7366,spotify,spotify:track:2NRXhPCcUOHXTqvCVCfBbk
8487,track,7367,spotify,spotify:track:5o9jJ0aRyn7WswL4giBmMB
8488,track,7370,spotify,spotify:track:69NOHMexOVFndw7a15Kh6C
8489,track,7372,spotify,spotify:track:0fgosF2PWrYbyy9e7BclKz
8490,track,7373,spotify,spotify:track:4A32tQkqdNxhP3vom3TqWe
8491,track,7375,spotify,spotify:track:2XWJSH29t2wiVssvn6ZJT4
8492,track,7376,spotify,spotify:track:4oIHQ7BXApxvJ42yX0d5Qj
8493,track,7377,spotify,spotify:track:11LpjG9t8CIEiDpDufY70V
8494,track,7386,spotify,spotify:track:3aDAUG7KKZE21YWc7T2VlO
8495,track,7387,spotify,spotify:track:7jzQxu0pWjCHSOQFfWmiVU
8496,track,7388,spotify,spotify:track:3kGRfpJfThm0IS4EgBnhG5
8497,track,7389,spotify,spotify:track:5c4Izlde9Sdvgg8BjqwZrp
8498,track,7390,spotify,spotify:track:41GLQseS9EWI98UzP8B0bC
8499,track,7391,spotify,spotify:track:6sYwjCNApB0liajsR0An9s
8500,track,7392,spotify,spotify:track:3QygGlrCQnEDUOcUbwHGFB
8501,track,7398,spotify,spotify:track:02z9tkMxlQFu3wcNaGZOAv
8502,track,7401,spotify,spotify:track:6KXTV8GkGPIxNcwg71c0O4
8503,track,7407,spotify,spotify:track:0oZ6hZXJMtwjTCX8f7WNXS
8504,track,7409,spotify,spotify:track:0LILK21tADHhv0Uz7xb8DB
8505,track,7410,spotify,spotify:track:1j261qvYmV7jlOsSuMq8TF
8506,track,7411,spotify,spotify:track:39VMTN5lZ9x41aySZGTbsJ
8507,track,7412,spotify,spotify:track:0azpCvqAUqMtSg9OCCgrCQ
8508,track,7413,spotify,spotify:track:5JIRjYdKEG7tpGvLIyLjDY
8509,track,7414,spotify,spotify:track:7dkkSFhBfUtGl9GeL9gFjj
8510,track,7415,spotify,spotify:track:5dxiSfFmzsfxaTYprMe6ql
8511,track,7416,spotify,spotify:track:66UdtUOeztvtGnm2498dsK
8512,track,7417,spotify,spotify:track:634UIfCNHADfLWmsrfCSPw
8513,track,7418,spotify,spotify:track:2ZSEiix92kYgnJrAHNoSFE
8514,track,7419,spotify,spotify:track:5ZTke1MF0vHdoedH9CEsbd
8515,track,7420,spotify,spotify:track:5KSAoBEglHxHknon1Hvd61
8516,track,7421,spotify,spotify:track:6MwPh7Ccj79VIbserFGTIi
8517,track,7422,spotify,spotify:track:3tLFF6eqEZbcdmRAP3QMVq
8518,track,7423,spotify,spotify:track:3jftvTuXkIMOIZu2EU1ekE
8519,track,7424,spotify,spotify:track:1Pf3dgMnWqSXeFPb53MkQw
8520,track,7425,spotify,spotify:track:10RHHwMAsp8hpF6zsxAwpY
8521,track,7427,spotify,spotify:track:2NLheo9wFIRU7xg7gjGnBm
8522,track,7428,spotify,spotify:track:6EQhRygTjVXPdOFS6xZhGA
8523,track,7429,spotify,spotify:track:4QkLqNv3fEhSdlaur8jHNx
8524,track,7431,spotify,spotify:track:01CuCSqlNItevX7F1GcopF
8525,track,7432,spotify,spotify:track:0f6cdEA92yqPobbJ0LaXhs
8526,track,7436,spotify,spotify:track:7y8Xkh3XqYDzBEyAofu6Qi
8527,track,7437,spotify,spotify:track:10N62LcRa0e5oOriRI50eZ
8528,track,7449,spotify,spotify:track:7Afjy65bIVBMpFwCLTiuEe
8529,track,7451,spotify,spotify:track:0caq7HXBv78PPqp9i3bJrc
8530,track,7452,spotify,spotify:track:3XbNseJrIK8LzoTh4eA0Xf
8531,track,7453,spotify,spotify:track:5Nx7AnBwrM1tyS0ciuIvv9
8532,track,7464,spotify,spotify:track:53dkS3h9uTNsWYZTPacnpx
8533,track,7465,spotify,spotify:track:0cfqYhY6B8PbGF9vaVNUeG
8534,track,7467,spotify,spotify:track:3WXNzlFDSfjEmNFUOSccf7
8535,track,7468,spotify,spotify:track:3teT4GffWtZUYQVmUwL14d
8536,track,7471,spotify,spotify:track:36sIeWKiHhP2crpUlxCZQl
8537,track,7472,spotify,spotify:track:1mZ9xGJuvdCAnDXstJ2MMx
8538,track,7473,spotify,spotify:track:3uBZ6nXhlHSMgPLmJV1FRM
8539,track,7482,spotify,spotify:track:1QOHWKae8DkgYbCEdy9pUe
8540,track,7489,spotify,spotify:track:0eTX0DeAdYZGCUIpUNNbLw
8541,track,7490,spotify,spotify:track:5xcvi2T8spSEallbYB2Zke
8542,track,7491,spotify,spotify:track:68FYHHZVhTNEatQ0Q8OQWD
8543,track,7492,spotify,spotify:track:7K6J5sDjzyON20FjMCW92Z
8544,track,7493,spotify,spotify:track:1Z6cmYydfvOF6Aafr55zvW
8545,track,7496,spotify,spotify:track:6vARxwzWHQ1UOqjOaXrBNv
8546,track,7497,spotify,spotify:track:0CJ3Y3V6UQn5X7IjXDO3IO
8547,track,7500,spotify,spotify:track:0BXuuq0G10CyDk0eleeHYU
8548,track,7502,spotify,spotify:track:0H5IbC99zs947GGyx9aLz0
8549,track,7513,spotify,spotify:track:2dLLR6qlu5UJ5gk0dKz0h3
8550,track,7515,spotify,spotify:track:5TyKr022WpG1gTQgVPu27H
8551,track,7516,spotify,spotify:track:6NK6yVMiFBjs5FxsTiqSz8
8552,track,7523,spotify,spotify:track:5jztRnsT3EP7ThJ19yPb9W
8553,track,7524,spotify,spotify:track:7EvRXY4VOBHOq90xwRRgvo
8554,track,7525,spotify,spotify:track:39XY5TmM47I3WsO07knVZg
8555,track,7526,spotify,spotify:track:45JxylFwaThjLsRBuzcfoL
8556,track,7530,spotify,spotify:track:6C3yPXYG2NJYlIYVe5J7hv
8557,track,7531,spotify,spotify:track:33rsCCLHklTQav9klbpnAi
8558,track,7532,spotify,spotify:track:0iMN420Q45isZVNlAqzPTW
8559,track,7533,spotify,spotify:track:6kpvOwqDZso9clqaqvg3Cy
8560,track,7535,spotify,spotify:track:3rhnTzYoIihXVnFn06JKHh
8561,track,7536,spotify,spotify:track:5f6VcQp53Wn4qaArwXkwB9
8562,track,7537,spotify,spotify:track:6cVufT60SNewBq2Ou4gPBB
8563,track,7538,spotify,spotify:track:3dX0c7tK7bnaUMhZlr6sIC
8564,track,7539,spotify,spotify:track:1R28m5eWk1EV9FQ3puWrUp
8565,track,7541,spotify,spotify:track:6tVic7ECi9nBjlKvo6Ubaa
8566,track,7542,spotify,spotify:track:3UQAKY0SUEonxneROvv4jy
8567,track,7544,spotify,spotify:track:5gVXSkBwQsLGKfYqdYLBJH
8568,track,7545,spotify,spotify:track:5jV1lPVdam3iklptqHcpiy
8569,track,7546,spotify,spotify:track:5z7K25ZIfgCosJwOqzXDhW
8570,track,7547,spotify,spotify:track:1NC9VFzFdXPBvINxLqSoBZ
8571,track,7548,spotify,spotify:track:4fuyS15Kbd8aLL73STEmAY
8572,track,7549,spotify,spotify:track:5pxYCMVarfHCjho1zgmtIO
8573,track,7550,spotify,spotify:track:3nQucIdN3cPbaOkaovgPJH
8574,track,7557,spotify,spotify:track:5NgydYBkwAiDmUlHAc9obi
8575,track,7558,spotify,spotify:track:2boK2MX9CknrZyAQ8vlKHl
8576,track,7559,spotify,spotify:track:55SCNuZNUavGWtnb4ZOrCf
8577,track,7560,spotify,spotify:track:1ZB2zIoc8AjSuyqKRcJgbO
8578,track,7561,spotify,spotify:track:153gRvRs6g9gCQUgDykrLV
8579,track,7562,spotify,spotify:track:2zoobJFEB9h15fjYjRd6oP
8580,track,7563,spotify,spotify:track:7C51GjZkKPzBa6LKrNgYBv
8581,track,7564,spotify,spotify:track:3Z7Ef6JYrjCfkctSoZwPdu
8582,track,7565,spotify,spotify:track:6S5SJlNXgrUBTLa58NMwGk
8583,track,7566,spotify,spotify:track:4Tttv4p2xuAq1LpQ7LI95E
8584,track,7567,spotify,spotify:track:3AbnJnfyBglunFIaFg15rT
8585,track,7568,spotify,spotify:track:3ivJymJnoceuUUe7wTP6m4
8586,track,7569,spotify,spotify:track:2GtgLDMkFr4QL6ZU8uretH
8587,track,7570,spotify,spotify:track:6iXcPsToMyTheci6e1L2ya
8588,track,7571,spotify,spotify:track:28jIn3exiIQxo2lLUlXQJs
8589,track,7572,spotify,spotify:track:7kh29v0ItPaaUjMVgqvcb1
8590,track,7574,spotify,spotify:track:1ofhfV90EnYhEr7Un2fWiv
8591,track,7575,spotify,spotify:track:1Or6b73Vv0lSVTH1bea16a
8592,track,7576,spotify,spotify:track:5GQtJLXiS95z7uaAXBlN7u
8593,track,7577,spotify,spotify:track:7xKcd2coRYYT06dg6Mepbg
8594,track,7579,spotify,spotify:track:0sbhiygtRahuRj3DXPvtfe
8595,track,7580,spotify,spotify:track:58MeeOMk6PMQxXWY9YCNPD
8596,track,7581,spotify,spotify:track:6wqt7M2wbw2XWAtCqqAfmA
8597,track,7582,spotify,spotify:track:00t7QTffOR3SA3L1BvSQVq
8598,track,7583,spotify,spotify:track:0TibDQQ58jAlr6jnl5AORf
8599,track,7584,spotify,spotify:track:13N31D8yFuN4JeYYR7veY6
8600,track,7585,spotify,spotify:track:2g8HN35AnVGIk7B8yMucww
8601,track,7593,spotify,spotify:track:4qqaKxTLTdO9IQdQkQDSXS
8602,track,7594,spotify,spotify:track:7rnzaaFuHnFEklVEB7pIhl
8603,track,7595,spotify,spotify:track:3oRO6AgvH2HnbbGcZxDvFv
8604,track,7596,spotify,spotify:track:2GuDEBRxktCSRSLQCTtYi7
8605,track,7597,spotify,spotify:track:4tXRVDlgAhxuEmsxuW4oiQ
8606,track,7598,spotify,spotify:track:4G54Kbeaq8lJlWaBjgQJdm
8607,track,7599,spotify,spotify:track:1N6aYzYG3RIpMPXv0z4ocw
8608,track,7601,spotify,spotify:track:4ArMPqQu19NzCJK4jmv7Zl
8609,track,7602,spotify,spotify:track:3jdh7YQBCxykbhL7z0Ehu5
8610,track,7607,spotify,spotify:track:7oYlZ3vB5yxiKMrbHeFV9v
8611,track,7608,spotify,spotify:track:5z5rageCozDIZIFkojUvCG
8612,track,7610,spotify,spotify:track:1RPU444hhcPSr9oedVYWqI
8613,track,7612,spotify,spotify:track:1TbuFJLRz9T7gWGMZ3N6R3
8614,track,7613,spotify,spotify:track:0SzvtL65Itcs1wZrQI7hf6
8615,track,7614,spotify,spotify:track:3bbhFHplabtZgjHixLkgUO
8616,track,7615,spotify,spotify:track:4GP5iTBe9vFezR7ZCNGQ3N
8617,track,7616,spotify,spotify:track:6K6rqLZ7PBDx3PNA4snQzK
8618,track,7617,spotify,spotify:track:2lTyedK9qwRjY9IBgYdUOi
8619,track,7618,spotify,spotify:track:4kVxStqN7DeoZje5aidAn3
8620,track,7623,spotify,spotify:track:7KlF0pk6h9yQS3czXhFl7Y
8621,track,7624,spotify,spotify:track:7Ju3GbCCZQZJW9O3Z7HH0F
8622,track,7626,spotify,spotify:track:2VqjCBJ4AxpDTrNRKhL0Pw
8623,track,7628,spotify,spotify:track:083kCkDkihpBrsgQJOtBvD
8624,track,7631,spotify,spotify:track:20ZubgobJ4AeBg70OhGENM
8625,track,7632,spotify,spotify:track:0WkpsfwbaflRTlgY7wHfAY
8626,track,7633,spotify,spotify:track:5IUceLAshLX0OSTAdSLcPv
8627,track,7634,spotify,spotify:track:21T3vo28ETXX8QRa2ioeAw
8628,track,7635,spotify,spotify:track:1bip6sEUyzgMJey2u7kNCx
8629,track,7637,spotify,spotify:track:0DcrhZ12WcCqruCs8ibXSf
8630,track,7640,spotify,spotify:track:5h3xoQzVec6OCtzFuuafw7
8631,track,7641,spotify,spotify:track:3X2mVuDYyOiqQilC92tGWh
8632,track,7642,spotify,spotify:track:1RnWSUIn4T4LBIBB89hz2y
8633,track,7644,spotify,spotify:track:7jWn3otpxryRR9bjhrnNRA
8634,track,7647,spotify,spotify:track:12YgraSMOtLaJVXPHhPlPI
8635,track,7648,spotify,spotify:track:2m0fwcTqFZHWfkIP1902Ma
8636,track,7653,spotify,spotify:track:5VDiU3k88pnrgm5m8NtVFP
8637,track,7655,spotify,spotify:track:28s8woKltdzuYwKRQ02mmY
8638,track,7658,spotify,spotify:track:7HiUa9Gkk3QddHWT4jKiXd
8639,track,7660,spotify,spotify:track:21fiGTgQDIoZErfVXWT2pr
8640,track,7661,spotify,spotify:track:5Y5RTalcakv6ze5e70tOKl
8641,track,7662,spotify,spotify:track:6RAwyMmOT0RDI8IrfTTAuv
8642,track,7663,spotify,spotify:track:49w71YnmNcV9BLJLzJhSQJ
8643,track,7664,spotify,spotify:track:4MY9kRgLM93h4rC0gLunJ8
8644,track,7665,spotify,spotify:track:6o403LL8Jv94EN1TKABACa
8645,track,7666,spotify,spotify:track:6KIELepUgpstfuMnPVm6r0
8646,track,7667,spotify,spotify:track:74S6cYQqsxnJSeOYGQyhiH
8647,track,7668,spotify,spotify:track:76DJi6zkf2wU895nOSrrzd
8648,track,7669,spotify,spotify:track:5GbprJsjx6AMgInnmA5KWm
8649,track,7670,spotify,spotify:track:2ZvAAapW3yAaVdmGfiJyJI
8650,track,7671,spotify,spotify:track:5iYjvQbLvISapScuxb4XTo
8651,track,7673,spotify,spotify:track:6PQCnpQ4P2CwNJagdSr2On
8652,track,7676,spotify,spotify:track:41k1ofRXoUY0W2k5ZI7m3Y
8653,track,7677,spotify,spotify:track:2TvveUCPU8J0yajJ1puLCO
8654,track,7678,spotify,spotify:track:5eCjQIRsy7nepxqAo2OLz4
8655,track,7681,spotify,spotify:track:3rHaA18ShjTriZK2jIZtuu
8656,track,7684,spotify,spotify:track:6MPWIV7Qnk09fLjbSS4JMF
8657,track,7685,spotify,spotify:track:71snU1K6pQfXHbMJRTKkgk
8658,track,7686,spotify,spotify:track:4OriPa2OXO6goScm81cjju
8659,track,7687,spotify,spotify:track:31Wt3Gah7K7NEbrQWBz7HZ
8660,track,7688,spotify,spotify:track:5MyeWPU6mZRZt8aRBsbLgi
8661,track,7689,spotify,spotify:track:465EW9vZOfX5FShKm93VXe
8662,track,7690,spotify,spotify:track:1c3zgIrrFkhnavRt20lsqu
8663,track,7692,spotify,spotify:track:2IqTUjapeQHpQdbaSkTGNQ
8664,track,7693,spotify,spotify:track:1XX8Mz9YpN5W296k7eG4nB
8665,track,7694,spotify,spotify:track:2sJ4UnGzuckorQhzAwW5ay
8666,track,7695,spotify,spotify:track:2HAeVJ76bKbHTM1THLfifZ
8667,track,7702,spotify,spotify:track:7k0Hmof4FmGEbd8fOXjEi5
8668,track,7703,spotify,spotify:track:2d7yfS9seYGuahjx0QYCO0
8669,track,7704,spotify,spotify:track:5SRT2GLktpDj52c1S2rbgr
8670,track,7705,spotify,spotify:track:2XGlL906Vcz3JySjfEXcQz
8671,track,7707,spotify,spotify:track:52jlBCIVurRsjHRBnYIBdg
8672,track,7708,spotify,spotify:track:42An3c4G5cm0eP11NeXMPT
8673,track,7709,spotify,spotify:track:6aJ36kQuT74BiVEXcOVqZ1
8674,track,7710,spotify,spotify:track:7qMIL9b4jgI11SNZbY63LY
8675,track,7711,spotify,spotify:track:4i9nfGmQp6iXFnUJC78O3S
8676,track,7712,spotify,spotify:track:2iXN7dlGojZINugjCGDv6R
8677,track,7713,spotify,spotify:track:6or1bKJiZ06IlK0vFvY75k
8678,track,7714,spotify,spotify:track:6Xk7PnitV9jCRorWt2LiVZ
8679,track,7715,spotify,spotify:track:6YbfTiImEm6kH6gRXpdtgR
8680,track,7716,spotify,spotify:track:0kqyNHeLJQmoIR61CSFleG
8681,track,7717,spotify,spotify:track:5Fv7WqhuAR4HP0qUnAtZGp
8682,track,7721,spotify,spotify:track:1YF9BUkB3vGOcGpAx8pRrt
8683,track,7722,spotify,spotify:track:6craADBpYSB27Kch9dJS1I
8684,track,7723,spotify,spotify:track:4nSeBdQFiBFeW5t8gpyYqy
8685,track,7726,spotify,spotify:track:5pw0RI6OMkfZ10IhZnSGwQ
8686,track,7728,spotify,spotify:track:6S8nYezC53hSZTiM6QvSxj
8687,track,7732,spotify,spotify:track:1FhX4pmaalvLuHxVN5Ko4u
8688,track,7735,spotify,spotify:track:4nwxCitFgnLugXCl0JFNTJ
8689,track,7736,spotify,spotify:track:4S6Bo2c9FzVaq0vdqqLqgU
8690,track,7739,spotify,spotify:track:1UBLglX9fPtTBZSwJj4yVG
8691,track,7741,spotify,spotify:track:0NjW4SKY3gbfl2orl1p8hr
8692,track,7749,spotify,spotify:track:7xZgZUey6bSPInZR6AoUj8
8693,track,7753,spotify,spotify:track:61fT12l0R16DiB9dd4zkfy
8694,track,7754,spotify,spotify:track:2KFg8kjYy0rYjWsXGhEQHN
8695,track,7766,spotify,spotify:track:1h29y63PqkBoEXbyiumalC
8696,track,7768,spotify,spotify:track:7KdF7Zac5eC9jutk9Qret4
8697,track,7769,spotify,spotify:track:1IpbsdnaB0OiGRI7xMkXKv
8698,track,7779,spotify,spotify:track:5TRPicyLGbAF2LGBFbHGvO
8699,track,7781,spotify,spotify:track:7387VaiHpOsSIZ5nmjseya
8700,track,7784,spotify,spotify:track:2dPnxkl45qeYqoTfHymk7E
8701,track,7785,spotify,spotify:track:7GCcfVtwkK3d0lgcfARBpu
8702,track,7788,spotify,spotify:track:5PRyqnYpeSqIiD4NYhVhW9
8703,track,7789,spotify,spotify:track:4skh2ZqA8bs5Gd2YQ3mydx
8704,track,7793,spotify,spotify:track:6y8CSbkH7Vlq4SwUE9tzqf
8705,track,7794,spotify,spotify:track:6ExWT0Sfmsd5qPBWVWp7xX
8706,track,7795,spotify,spotify:track:2WedwwTnGlw4ey0uel9xVi
8707,track,7796,spotify,spotify:track:0RRHXbO9cLmxGXBOWZx6p9
8708,track,7797,spotify,spotify:track:2pACWz8DtOtEHczalK8OAs
8709,track,7798,spotify,spotify:track:1wNtOxs2WXWgGwoHBb7LNG
8710,track,7800,spotify,spotify:track:6hSkclvACZbNBxjey5wEJl
8711,track,7803,spotify,spotify:track:5wnAAO7pZwVZPRBdT1NJWb
8712,track,7804,spotify,spotify:track:7wBnroEGEBP64sSxeSv6cv
8713,track,7805,spotify,spotify:track:7gSjRw3wKuTeDdM0lwp9rv
8714,track,7806,spotify,spotify:track:6iVyoE3BMUKYWdJ8E6CJLm
8715,track,7807,spotify,spotify:track:7EJx2ZHE39WIfNFhqoV2gV
8716,track,7808,spotify,spotify:track:0hcIlkkze8n1T7yDHYRnc7
8717,track,7809,spotify,spotify:track:2hkbMhreaXreev3m5hv8CB
8718,track,7820,spotify,spotify:track:7guCQP3MroYRQ3TrdhVvxf
8719,track,7821,spotify,spotify:track:0GCaJE6H856QU88dYAhvD2
8720,track,7827,spotify,spotify:track:0Affp5QQ5KTDRK9RuiNYvI
8721,track,7829,spotify,spotify:track:1KQNMRm4F8qcm1EiittCne
8722,track,7830,spotify,spotify:track:0ECj9jX8fCKgLXDv83PZpx
8723,track,7831,spotify,spotify:track:3bUMHTd61yw7U75n6BdRg0
8724,track,7832,spotify,spotify:track:14Rd9HJaBy6WbU5sPYzkVv
8725,track,7833,spotify,spotify:track:5UHe9AtasRxvZbDdMV5eL7
8726,track,7834,spotify,spotify:track:5rzqN3D5nTCYIlXUg9t9Jq
8727,track,7835,spotify,spotify:track:07lZt2VQlkNtNTyK1qGLw0
8728,track,7836,spotify,spotify:track:2gd0nRAv2Q4Y3KVt7NMbrH
8729,track,7837,spotify,spotify:track:1TFSSWCXIWP3lpzRJRaw5J
8730,track,7839,spotify,spotify:track:3lda3hfAhKtGkiHCQjcGh4
8731,track,7840,spotify,spotify:track:7dFKP3k84m9SIghZFM2e7P
8732,track,7841,spotify,spotify:track:2ZSFJb8xXAfcNa9uZIdOqg
8733,track,7842,spotify,spotify:track:3w39hZDGqukIsEajUX5FH9
8734,track,7745,spotify,spotify:track:045X9H7gwtQT7mJFsiYmI7
8735,track,7845,spotify,spotify:track:75v0EHrardEAziIVMCQTmi
8736,track,7846,spotify,spotify:track:7zxMTAuYtI6V6P4O3r0Jfo
8737,track,7847,spotify,spotify:track:4FuuNmlafpFTE9UkcbrN9R
8738,track,7848,spotify,spotify:track:0QxqFaaqXqwibWug7KvaxL
8739,track,7861,spotify,spotify:track:2arbHtdMMgASbXLjUYuS03
8740,track,7872,spotify,spotify:track:3tsUCC3E7ueIDz5TRkvyRr
8741,track,7873,spotify,spotify:track:5tFA9ZmPefWG0IlK16cvRb
8742,track,7874,spotify,spotify:track:5uYcMRGC8B8KdPv2Xth2uG
8743,track,7875,spotify,spotify:track:4no6fPDVvt0lMopW4pVp5v
8744,track,7877,spotify,spotify:track:0K9AvOOYyS8pHjNEbo8z8Z
8745,track,7878,spotify,spotify:track:7ovRUPK0PqzD3PdT1mrGPW
8746,track,7880,spotify,spotify:track:4h51San989VSqJ1sR9cEdZ
8747,track,7884,spotify,spotify:track:3tVsVqRBLQ2KVFtGgJsMqS
8748,track,7885,spotify,spotify:track:291C6ho7ZQ6PzcBPUlbbst
8749,track,7892,spotify,spotify:track:3tffBO8emQ3fL0jiWAHx5w
8750,track,7893,spotify,spotify:track:67nUJgWtCC0AeoKe2DTk5h
8751,track,7894,spotify,spotify:track:5Hwq8pjOWOrlrq9tuPj1ca
8752,track,7896,spotify,spotify:track:2sws8NQm2AUYOuXdGF9cra
8753,track,7901,spotify,spotify:track:5SmXEPnevlRjBPWBG7oKIi
8754,track,7903,spotify,spotify:track:27JJLXligC85J6N3tnv3Ou
8755,track,7905,spotify,spotify:track:7hzsCQ6UxX7ZwGsauswadi
8756,track,7906,spotify,spotify:track:7wQJ5DbFXTMo88lH0Waqg7
8757,track,7907,spotify,spotify:track:4fC5h452BvfO7d5Uspuu3Z
8758,track,7908,spotify,spotify:track:0aFLPW1bhsGTxOFCGG4Qqi
8759,track,7913,spotify,spotify:track:0dQVXSWHgGCAjz3XYzq5sv
8760,track,7916,spotify,spotify:track:54xGPUVmBOgggUe1InTl1V
8761,track,7917,spotify,spotify:track:3vsYxac7CLmRZth0179nzM
8762,track,7920,spotify,spotify:track:28m9kZPoAjC1Pci5Om8lA3
8763,track,7926,spotify,spotify:track:29OaX99VkV4vLX2ab5sKrJ
8764,track,7927,spotify,spotify:track:253zPnjAneKv8HSynLf7IX
8765,track,7928,spotify,spotify:track:5vpKp1OqRblGUxRMGvIcEE
8766,track,7929,spotify,spotify:track:2IKMLMAr8VN80q9VsVNQI6
8767,track,7931,spotify,spotify:track:7lhjKqP29M8d1Llvo5PCku
8768,track,7932,spotify,spotify:track:1izWQA7ZqfVKCQ8VdG4lck
8769,track,7934,spotify,spotify:track:40IQooNkPRVtn4zlE3ZFpA
8770,track,7935,spotify,spotify:track:1yBbxDXEfr8boXM1ubvBHi
8771,track,7936,spotify,spotify:track:5Z8HZM6iQMhhqyPcCGY5g9
8772,track,7937,spotify,spotify:track:1GeNui6m825V8jP4uKiIaH
8773,track,7938,spotify,spotify:track:6igOR5QCn09zAVF2ikZjsV
8774,track,7939,spotify,spotify:track:41mzryVlFLlz6b1BCtJAjx
8775,track,7940,spotify,spotify:track:3uW1lWgdTN494vIxu3R9Or
8776,track,7941,spotify,spotify:track:0o7Zga5TFy35CcivyPDO5m
8777,track,7942,spotify,spotify:track:7HPUVxJdwGMujRmstBlvp7
8778,track,7943,spotify,spotify:track:3pTScODwk9tggZzmuH6xDY
8779,track,7944,spotify,spotify:track:1MGWgLxUXDodD8Tw8TFppN
8780,track,7945,spotify,spotify:track:1vbUiccx25u2ncTe4RujS2
8781,track,7946,spotify,spotify:track:5QCr1xFufKJOTkpcR9ih24
8782,track,7947,spotify,spotify:track:4cg1yakyRSIOjxKM2I7J1q
8783,track,7948,spotify,spotify:track:7iynYKl5NWdjM1FXTzs6hw
8784,track,7949,spotify,spotify:track:6Gp3pYkydEOkl8EHHJxa9s
8785,track,7950,spotify,spotify:track:6X5sXeRwqbqPsZ8FFFae0F
8786,track,7951,spotify,spotify:track:5KMB0DItRBrLbYWN6CDJed
8787,track,7952,spotify,spotify:track:07XQFxqohu71VxaTxsxWrs
8788,track,7953,spotify,spotify:track:1Xin1kJWE4QGydizKryZZI
8789,track,7954,spotify,spotify:track:314sW8ZsMHGiYkn2fAOW9e
8790,track,7955,spotify,spotify:track:0gTzUSGlZvhrSz72OnBijn
8791,track,7956,spotify,spotify:track:1U1ulJ1H9eXkrVTW8ot0T3
8792,track,7957,spotify,spotify:track:3LXxHFZWt6OHdBsgucSIjJ
8793,track,7958,spotify,spotify:track:5HA7el8fgIjpdfE4oMfMdY
8794,track,7960,spotify,spotify:track:2m2AbCpeWgms32FdLfBBdk
8795,track,7961,spotify,spotify:track:5jgE3dG7dXhkr4HNMa1gey
8796,track,7962,spotify,spotify:track:3lKQa3ogkLniPYoKK5qMuV
8797,track,7963,spotify,spotify:track:2SdSb9Pj6hRmSbHolclgg6
8798,track,7964,spotify,spotify:track:55yzNlKoTi4uRWmXBIc98n
8799,track,7965,spotify,spotify:track:1qmTyz4l8mLlxGqGP2YjCF
8800,track,7966,spotify,spotify:track:7wFNZdZ0PaUTjmWv6cU5jx
8801,track,7967,spotify,spotify:track:2TX04DO2zwrmoZKos95IA5
8802,track,7968,spotify,spotify:track:6EUcP55GlbmsmCzfL2vxtZ
8803,track,7969,spotify,spotify:track:50vVMueaWOYOfyQUQKdaFq
8804,track,7970,spotify,spotify:track:7fzN9lz890zav0HERLvVKZ
8805,track,7971,spotify,spotify:track:32TTewBmtmhUmYxS1ajqaJ
8806,track,7972,spotify,spotify:track:3TWSar7EBNWZVeEWqDSjpw
8807,track,7973,spotify,spotify:track:7bJ4mu7MHa3rHiNyKjOoSl
8808,track,7975,spotify,spotify:track:1TUHiLBQ6CVYZQOgnLjHbM
8809,track,7977,spotify,spotify:track:7DTlsMOQjGysXHpwwpHuPl
8810,track,7978,spotify,spotify:track:7GRTrWsP3yo2Fx8umJfA1X
8811,track,7979,spotify,spotify:track:6JyEh4kl9DLwmSAoNDRn5b
8812,track,7980,spotify,spotify:track:7oHkit3F3vimtsBbnZkU0G
8813,track,7982,spotify,spotify:track:1wWRtPIKD7ZNvtsrzLyTev
8814,track,7983,spotify,spotify:track:43bzQqXjp9XsgSUqGqMtCX
8815,track,7984,spotify,spotify:track:5zXTskPR6ybGjMoZfJnJ6O
8816,track,7985,spotify,spotify:track:7HAPnbrRswVgXYSGNzO1hF
8817,track,7986,spotify,spotify:track:0VQ2aPSIMB6t8qS84JYUBE
8818,track,7987,spotify,spotify:track:4RVbK6cV0VqWdpCDcx3hiT
8819,track,7988,spotify,spotify:track:2I3dW2dCBZAJGj5X21E53k
8820,track,7989,spotify,spotify:track:5VPuqbBhQwMoHxtsB2zNBS
8821,track,7990,spotify,spotify:track:04EXj02fD1HNyxnINHrolZ
8822,track,7991,spotify,spotify:track:0Rna4d5yCrp81qVEsMcLCB
8823,track,7992,spotify,spotify:track:2c5Ye9y9p2yMRGhgVjS2Qb
8824,track,7993,spotify,spotify:track:2GygHVLLlzbWVHlejhSIZU
8825,track,7994,spotify,spotify:track:72TgoXc6ASwFQ11UuPqtgS
8826,track,7995,spotify,spotify:track:5JURxzoZ0r9FP6N01XRAAi
8827,track,7996,spotify,spotify:track:5hz0QFBGVqUr96RMJzgJxr
8828,track,7997,spotify,spotify:track:3fZd2UtWZMntClCSnJ7PDY
8829,track,7998,spotify,spotify:track:5LUShL5oF7n4all1pqSauD
8830,track,7999,spotify,spotify:track:3RhTsAV79eu5XKnd3BdchA
8831,track,8000,spotify,spotify:track:4lyltVZnu2u8by2q5IJmo8
8832,track,8001,spotify,spotify:track:6ZLoHmR3b5H6KJx21K7eWe
8833,track,8002,spotify,spotify:track:3cuf6ZRBZLQCf3jKqsT4Cc
8834,track,8003,spotify,spotify:track:2WpIFDreMCm2TvSwAeOihA
8835,track,8004,spotify,spotify:track:1d5uov7FDUaXnF3JNmEV1s
8836,track,8005,spotify,spotify:track:4xw3RY2YltgLxFahrCwx4o
8837,track,8006,spotify,spotify:track:0zAEYV8TCz7YVpw4QcIYcA
8838,track,8007,spotify,spotify:track:2AsYf2xEXUTmhW5iz9Rwdp
8839,track,8008,spotify,spotify:track:2ce4CSWjJh6Dlc9he1gRSb
8840,track,8009,spotify,spotify:track:0pl99ZXMqOM70Yc99RlcSO
8841,track,8010,spotify,spotify:track:7IReSSQ71kBDeN8OrzHQxB
8842,track,8011,spotify,spotify:track:0AY8Bi58diRyQ3Kq6odqHI
8843,track,8012,spotify,spotify:track:1sE5PxjcCCPiclcWwcMrUa
8844,track,8013,spotify,spotify:track:0OGUxXsJxyHChyoXIIVITP
8845,track,8014,spotify,spotify:track:0Gav3ly3J0o79naTDrMePh
8846,track,8015,spotify,spotify:track:07Oqh0F37lUaYJpG8wVsAy
8847,track,8016,spotify,spotify:track:6g8A1G8KE5QxTbJPR77UBp
8848,track,8017,spotify,spotify:track:3a0blNsLkpYrqCvufaMl5h
8849,track,8018,spotify,spotify:track:1wMRQw1CTWuy6jwvpfTLIF
8850,track,8019,spotify,spotify:track:7FPNBn6FJCyKLlL8tbY0Si
8851,track,8020,spotify,spotify:track:1D4w5RXT3fpZClhH9Cl1Te
8852,track,8021,spotify,spotify:track:25u7tVNFhpPA450EFQBwML
8853,track,8022,spotify,spotify:track:3L9mc5zikDnPYzxiENcAIh
8854,track,8023,spotify,spotify:track:73Ml7b5Q20lKpFaGXHsmsa
8855,track,8024,spotify,spotify:track:1j8iydbPBXcqOhNkJex7Vx
8856,track,8025,spotify,spotify:track:5tKbrFMvQJlG1reK5aDmkc
8857,track,8026,spotify,spotify:track:4y0Lt1KOuyhKGkGKFZjSlS
8858,track,8027,spotify,spotify:track:5qX9yDYzZuqGr9ROHoO8L2
8859,track,8028,spotify,spotify:track:5OPELO4z0vOMvioFq2kjH5
8860,track,8029,spotify,spotify:track:4G2gtecdeQEyIusW522hOR
8861,track,8030,spotify,spotify:track:2LK55fQcGGRuw4f9myOzdc
8862,track,8031,spotify,spotify:track:6LSINyx95T6vjO0KWPxPg3
8863,track,8032,spotify,spotify:track:1vB3BvYDEaBwKU8YSDAlud
8864,track,8033,spotify,spotify:track:74g43BkYGEv7eCSZuyS1dw
8865,track,8034,spotify,spotify:track:2xlS45zCIurnBV8DS8NirV
8866,track,8035,spotify,spotify:track:5yj24hpssXlxaUEeyVfrZF
8867,track,8036,spotify,spotify:track:6X7yrk3vMZFYjkIGWncrRD
8868,track,8037,spotify,spotify:track:5YiHx3cSuPJo3NIpNIjCOV
8869,track,8038,spotify,spotify:track:41t94paQmvb9bhE626Xlzz
8870,track,8039,spotify,spotify:track:4RRg9Ysz3eyK1qBhLVSzUT
8871,track,8040,spotify,spotify:track:0C8wEuZOcQbyoR8Y6Miwxl
8872,track,8041,spotify,spotify:track:2Q5tNxJ2r57zKgqmmGuK9i
8873,track,8042,spotify,spotify:track:24K2SBbT8hwkLcTf4E5jkb
8874,track,8044,spotify,spotify:track:0HUy2LXaGzSErV7k7H0LMB
8875,track,8045,spotify,spotify:track:65s5g241ye7hIMk1ajNuJD
8876,track,8046,spotify,spotify:track:6BsHJziE2DvhBAbvUPwTi5
8877,track,8047,spotify,spotify:track:1phm6Q2x0UOJOERz46Lltn
8878,track,8048,spotify,spotify:track:3jJf7wEY4HaLFPVUyGNFMO
8879,track,8049,spotify,spotify:track:2kB9e61m8xJVDARAVkjQMw
8880,track,8050,spotify,spotify:track:6MsbLDecbHdEmoukVskzB7
8881,track,8051,spotify,spotify:track:4A6A1A3DDXXnI3OViAOhhn
8882,track,8052,spotify,spotify:track:5IYzq28hEwrCRFDvQRFFpM
8883,track,8053,spotify,spotify:track:31FdU6ihU52PlR8BRr4Efx
8884,track,8054,spotify,spotify:track:1HxwrljFUKK4F0zpeuwUc9
8885,track,8055,spotify,spotify:track:4Zo95PZxzMd9podtX0w0AI
8886,track,8056,spotify,spotify:track:6XI5hJ7RvIgHex3Yfc8GYb
8887,track,8057,spotify,spotify:track:0wotldYXx2K5HH0CwhzYrX
8888,track,8058,spotify,spotify:track:3QLQnOoWiOMAnTQVB0AqH9
8889,track,8059,spotify,spotify:track:5plTMKLFhCZ49tNx5WAT0l
8890,track,8060,spotify,spotify:track:2ihi62xwSfZJ9fFSqtvJx0
8891,track,8061,spotify,spotify:track:7syISVCtZccvNy5UHmjGCU
8892,track,8062,spotify,spotify:track:3yBO33Nyb6APYbeLESad7u
8893,track,8063,spotify,spotify:track:4ENqsfw6RcaVT7JImfbKH4
8894,track,8064,spotify,spotify:track:2edjbE2u2flPpXociLUpy3
8895,track,8065,spotify,spotify:track:5WDRh5mNYXfbN52DQ3urpY
8896,track,8066,spotify,spotify:track:18ejoGLdGDJMitrpX9mp32
8897,track,8067,spotify,spotify:track:7kgNfKihNSlP2AF1jXnQ7T
8898,track,8068,spotify,spotify:track:7gyrZqut9d4UwrpAbZ9NX6
8899,track,8069,spotify,spotify:track:7LOpFc8Io0Shfa91f3V1U4
8900,track,8070,spotify,spotify:track:5zHbkhQFBbcaIp84dSH6m7
8901,track,8071,spotify,spotify:track:3oFDrbSC1aNS5iXCns6fA0
8902,track,8072,spotify,spotify:track:1TjDt5ukh4Q3OwXaVcz784
8903,track,8073,spotify,spotify:track:1xjWXtfVbbnwjPvv3g49FM
8904,track,8074,spotify,spotify:track:1clsPjKtYtIsnwqMMIV2QT
8905,track,8075,spotify,spotify:track:2qzB57uCz1DNF84ARXFbBJ
8906,track,8076,spotify,spotify:track:40gQwsrLW23q3VWwXO7GPX
8907,track,8077,spotify,spotify:track:6n04bp2RxXA2DgpyZlVcUG
8908,track,8079,spotify,spotify:track:2TiCOyAgPxwlTMCM6JcclG
8909,track,8080,spotify,spotify:track:1XF0zuVFqEv3aN2asdQSLG
8910,track,8081,spotify,spotify:track:1QKICokYgBSQgpRe4cSFe7
8911,track,8082,spotify,spotify:track:2xLWxys5o94WXHtIFelm4j
8912,track,8083,spotify,spotify:track:66szM0OXk1kFKIUq8vbgl3
8913,track,8084,spotify,spotify:track:6Kn7wWztPWriWRkhJl8oG6
8914,track,8086,spotify,spotify:track:77ye70tqlj6isYUnYxR4Lx
8915,track,8087,spotify,spotify:track:3DpqHuPTyeHWEp3lN8G0oq
8916,track,8088,spotify,spotify:track:65U60uMYE2PE0YmoHQtgBO
8917,track,8089,spotify,spotify:track:5DmhBYq5BAxz6ON4zRgdRa
8918,track,8091,spotify,spotify:track:1N3L38TqNXFhlK5noHC3R3
8919,track,8092,spotify,spotify:track:3E7TCCps6jyFZerFqZ7s7n
8920,track,8093,spotify,spotify:track:3i7K9L8g42Wu6LgtsdSJjF
8921,track,8094,spotify,spotify:track:2Gxna051PLTjjQVWTOP67D
8922,track,8095,spotify,spotify:track:48RvhoZ9cVHyEUaVGSi20C
8923,track,8096,spotify,spotify:track:2eAZfqOm4EnOF9VvN50Tyc
8924,track,8097,spotify,spotify:track:3qmFOLo0GiUX4MCI6b08kE
8925,track,8098,spotify,spotify:track:5BRsgR90XLPB9fTtPEHe4n
8926,track,8099,spotify,spotify:track:23S9ZgFZUPPFCVgN99rpf8
8927,track,8100,spotify,spotify:track:56gDzJhS860Kc584dZoSfy
8928,track,8101,spotify,spotify:track:0yIUV22RiuBmcdPQHIFNsX
8929,track,8102,spotify,spotify:track:2KlZexJjJPuNWcN5uAG1GU
8930,track,8103,spotify,spotify:track:5kmr4Ww3uW94oA7PN03Hi3
8931,track,8104,spotify,spotify:track:3aBGKDiAAvH2H7HLOyQ4US
8932,track,8105,spotify,spotify:track:0rKtyWc8bvkriBthvHKY8d
8933,track,8106,spotify,spotify:track:1VGzxJnVQND7Cg5H5wGj14
8934,track,8107,spotify,spotify:track:2MSgFefjK0T7Iwjvr3OKqV
8935,track,8108,spotify,spotify:track:0Y9BzZGT2FuLVPrHoq1g2G
8936,track,8109,spotify,spotify:track:235v1U3NbGN0p2Ee4nyhT4
8937,track,8110,spotify,spotify:track:4hbvrHgfZ8lqFrPx1Ztd6j
8938,track,8111,spotify,spotify:track:64LTn5fTsPR0QLy7bVYl9w
8939,track,8112,spotify,spotify:track:3xdfrsXKfVmotMOzCQg6v8
8940,track,8113,spotify,spotify:track:4VdeGq538Yk71fIGlL54tO
8941,track,8114,spotify,spotify:track:1cKHdTo9u0ZymJdPGSh6nq
8942,track,8115,spotify,spotify:track:7MXVkk9YMctZqd1Srtv4MB
8943,track,8116,spotify,spotify:track:0GROiXm03OrMC5ltXLhGIu
8944,track,8117,spotify,spotify:track:2r7BPog74oaTG5shNYiUnV
8945,track,8118,spotify,spotify:track:5BgboRfM2z4RUMErhHuyqA
8946,track,8119,spotify,spotify:track:5W8551AutB9dml69EMVkNw
8947,track,8120,spotify,spotify:track:1pgQPdv9VlyIpIRBRBeU7L
8948,track,8121,spotify,spotify:track:6lpSvv33yLtUmhIaUwG4pd
8949,track,8122,spotify,spotify:track:1eCmiHCsUu88HSG2fsjJGj
8950,track,8123,spotify,spotify:track:2xjje2wowwx26ZkNNCkz6n
8951,track,8124,spotify,spotify:track:0mHEAu4wqvs4Wk6GE4t9P4
8952,track,8125,spotify,spotify:track:6qcIUyOm1kOQnXAspAyHKN
8953,track,8126,spotify,spotify:track:5hsLeU25behi1QCju50nOk
8954,track,8127,spotify,spotify:track:5gOiyasbWfppG7fkNI6Byl
8955,track,8128,spotify,spotify:track:5PaA41KlcLeHd85PNILHcC
8956,track,8129,spotify,spotify:track:2Bmjaj1CXc8iyaQXgY94r0
8957,track,8130,spotify,spotify:track:4pbBBhZnxoRR50IsgTaGWI
8958,track,8131,spotify,spotify:track:1V6RS3VJYcs11wLpbeWUjT
8959,track,8132,spotify,spotify:track:3r8dMjfHs0IDhUC1uEeR5M
8960,track,8133,spotify,spotify:track:2CGCh8ECQDVtcnyLjf419v
8961,track,8134,spotify,spotify:track:5LS1WZOEweRg04ddOkxRZo
8962,track,8135,spotify,spotify:track:2W07ytYsGyITi9hu0nDBga
8963,track,8136,spotify,spotify:track:4yzaniwZb01bp0gT5BYwBv
8964,track,8137,spotify,spotify:track:46X8c9qJzpBLYcos3OX0CE
8965,track,8138,spotify,spotify:track:5SF1kcOiOmtZFUIQNGC4TC
8966,track,8139,spotify,spotify:track:51LmI5GE3tHKISLNZMjDPC
8967,track,8140,spotify,spotify:track:4femsEly2KDon1wgtsPSfK
8968,track,8141,spotify,spotify:track:7GdYi1J7Wtmdgz0LR7uAif
8969,track,12380,spotify,spotify:track:1yhDPgIPGoe3Bf8wRsK4u7
8970,track,12379,spotify,spotify:track:3H37ijjdmKz0dQLgUGzpjx
8971,track,8175,spotify,spotify:track:0cAHXlLhQjSKDN6vjc4LD6
8972,track,12378,spotify,spotify:track:3Dt75NjLThmoBTp5wQC7g7
8973,track,8177,spotify,spotify:track:5bBzkJE9BqYTL27webAUCw
8974,track,8176,spotify,spotify:track:3LnOF5n1GOs01siYZXzS3p
8975,track,8143,spotify,spotify:track:29gsi1zZrZxdStACmTQB0Z
8976,track,8145,spotify,spotify:track:03S5vMBN07OOnPj1SCMsxV
8977,track,8146,spotify,spotify:track:3uu93VCGbNfkXqUuDQNqaT
8978,track,8147,spotify,spotify:track:4bEC9WAGg0ednUtNAlgZV4
8979,track,8150,spotify,spotify:track:5KapB9KJnRsZrprzIAXycW
8980,track,8174,spotify,spotify:track:7aSnPAggMMgElb6BgXeSEw
8981,track,8152,spotify,spotify:track:5BAwVGuohBVscZWyoLCkkG
8982,track,8153,spotify,spotify:track:1vU8oht1BqabFD6A3cqS6M
8983,track,8154,spotify,spotify:track:1l7xvA5XajmKQDo1h8Vc3K
8984,track,8155,spotify,spotify:track:6OM7hmVzY7z3wyQDh7EgRC
8985,track,8156,spotify,spotify:track:1lWoPg6qu3RNLeXkt1OPmh
8986,track,8157,spotify,spotify:track:7A6QhXBOgF8b7TQ7EwMcCQ
8987,track,8158,spotify,spotify:track:73XvarzaBgxfIyVMjhDiwD
8988,track,8159,spotify,spotify:track:2zPLiQmoy9qGaLetygDZO8
8989,track,8160,spotify,spotify:track:0rK4N61BIPg2kv7LSXWtpm
8990,track,8161,spotify,spotify:track:3weNRklVDqb4Rr5MhKBR3D
8991,track,8162,spotify,spotify:track:1ypB8JYhYSaS3L5hxrWMYI
8992,track,8163,spotify,spotify:track:1b3vubBrtxxx3f8MLjApuz
8993,track,8169,spotify,spotify:track:75Rtw13Osv9RvQpLI28yXA
8994,track,8170,spotify,spotify:track:04XbACGjmnWVSEpznsJqrp
8995,track,8173,spotify,spotify:track:6cgSTGFgPchg5hlM2yhzyU
8996,track,12384,spotify,spotify:track:1RwwZazEU8glvGcJtTobfP
8997,track,8164,spotify,spotify:track:4czfzwEfUJ8Qx52pYfOOUj
8998,track,8171,spotify,spotify:track:0bicXMCuxsMjhJ4KFO11zS
8999,track,8165,spotify,spotify:track:7jiSFK9YrhowHOWWG6Gqti
9000,track,8166,spotify,spotify:track:6GmfpkAKfka8ZD2ipjnpfG
9001,track,8167,spotify,spotify:track:6zgWOLygbsDGVr7ZX7yf0B
9002,track,8178,spotify,spotify:track:0eoHzI456z8FK5o0g7pdGn
9003,track,8179,spotify,spotify:track:5iH1m50rlHC0ERP0yBhJ8L
9004,track,8180,spotify,spotify:track:6cDytuMZ5Z4iMEhK65HiHL
9005,track,8181,spotify,spotify:track:1J5deoEVwKY851eVD8bNOb
9006,track,8182,spotify,spotify:track:6yv9U7VwfbyksdQly6wUkh
9007,track,8183,spotify,spotify:track:2QoJ0jXQ9nKWHZQZvZGp3E
9008,track,8184,spotify,spotify:track:2SIfL2WdnJGUA8vSguDT13
9009,track,8185,spotify,spotify:track:0dAxCHlnL2fSUdM9hrTuj4
9010,track,8186,spotify,spotify:track:4YT0V2gNp8jybmywnPMNbi
9011,track,8187,spotify,spotify:track:0e7MMqd6ZyfyrMg6btQI2O
9012,track,8188,spotify,spotify:track:2NC2ht5e193dy3gNTIJdud
9013,track,8189,spotify,spotify:track:4zRZaerPMAAtb3Ys5rGE54
9014,track,8190,spotify,spotify:track:7IjF207OsySgIOdFY9cVOT
9015,track,8191,spotify,spotify:track:6g3bYtEMmMLTjfrGX9J3gW
9016,track,8192,spotify,spotify:track:2KukprqAHmCkJjKBc3nIoh
9017,track,8193,spotify,spotify:track:4Au7Ih5wFRc0LZ9sMoT9Z3
9018,track,8194,spotify,spotify:track:0NaVN5lDbMkmSwxSiAXMVc
9019,track,8195,spotify,spotify:track:4xt4W0JcZrLzLuFLm3w5AB
9020,track,8196,spotify,spotify:track:0pA5lxXSQ61cQ97L2XsSoq
9021,track,8197,spotify,spotify:track:4HMlGI3Uy6qTPvr66J22Id
9022,track,8198,spotify,spotify:track:7rIpG7xDZQDMgmq8x2aSJU
9023,track,8199,spotify,spotify:track:2MMm5gCJ7z9HgYGcDcuwdb
9024,track,8200,spotify,spotify:track:1hD4MadHO26WS5QyBSHsgg
9025,track,8201,spotify,spotify:track:0N3yY7LV4qQTGfbsEbEEnN
9026,track,8202,spotify,spotify:track:0baNzeUcPQnQSagpe8T0mD
9027,track,8203,spotify,spotify:track:5JQ5Acrgv1VrO9UtMUN052
9028,track,8204,spotify,spotify:track:6fRgjqJptZry7fipP2Beyh
9029,track,8205,spotify,spotify:track:0C5WrEPjUYPxVkKyth1Lbz
9030,track,8208,spotify,spotify:track:1RjU7UhRICmdFPKxCucLgq
9031,track,8209,spotify,spotify:track:6IlyNGTtPAH1GpDeI6Wd3v
9032,track,8210,spotify,spotify:track:0UgknaNhKuq1Uu3KJbn7Ry
9033,track,8212,spotify,spotify:track:4XsFjtQzutHM2e9EKs0NLN
9034,track,8213,spotify,spotify:track:4YBw6EAdwlm69OY2F08dEM
9035,track,8214,spotify,spotify:track:1mSMnDSejdY7CRLP6raxOM
9036,track,8215,spotify,spotify:track:5L2IeMfRRgKLXWaa16M89e
9037,track,8216,spotify,spotify:track:1boXOL0ua7N2iCOUVI1p9F
9038,track,8217,spotify,spotify:track:3a3dQOO19moXPeTt2PomoT
9039,track,8218,spotify,spotify:track:1eUGmzzvahJjOSWgDHuRlv
9040,track,8219,spotify,spotify:track:5NijSs5dAwaIybq1GaRTIe
9041,track,8220,spotify,spotify:track:2LBqCSwhJGcFQeTHMVGwy3
9042,track,8221,spotify,spotify:track:2jGjNCH6Op0BqBHPc4Rd8d
9043,track,8222,spotify,spotify:track:5VA4Ispp52EA1sOqzMz3Av
9044,track,8223,spotify,spotify:track:5nkUIVKqOqdpB6ApKgEMkv
9045,track,8224,spotify,spotify:track:2wBCrtJS3E3TimRZ5MElTI
9046,track,8225,spotify,spotify:track:4QoFwqgLw1CtoeSv6N80mU
9047,track,8226,spotify,spotify:track:5Ck3e6z1bcSCes5gdo0Ddt
9048,track,8227,spotify,spotify:track:0VjIjW4GlUZAMYd2vXMi3b
9049,track,8229,spotify,spotify:track:00Blm7zeNqgYLPtW6zg8cj
9050,track,8230,spotify,spotify:track:7szuecWAPwGoV1e5vGu8tl
9051,track,8231,spotify,spotify:track:6huNf4dutXRjJyGn7f5BPS
9052,track,8233,spotify,spotify:track:6bnF93Rx87YqUBLSgjiMU8
9053,track,8235,spotify,spotify:track:5J4ZkQpzMUFojo1CtAZYpn
9054,track,8236,spotify,spotify:track:0O6u0VJ46W86TxN9wgyqDj
9055,track,8237,spotify,spotify:track:6Uj1ctrBOjOas8xZXGqKk4
9056,track,8238,spotify,spotify:track:3Vi5XqYrmQgOYBajMWSvCi
9057,track,8239,spotify,spotify:track:0k4d5YPDr1r7FX77VdqWez
9058,track,8240,spotify,spotify:track:748mdHapucXQri7IAO8yFK
9059,track,8241,spotify,spotify:track:7y3xU9vEC1s8DSuuoSYKih
9060,track,8242,spotify,spotify:track:60ynsPSSKe6O3sfwRnIBRf
9061,track,8244,spotify,spotify:track:1ZiJGdjNtvgngdT3wRKVqS
9062,track,8245,spotify,spotify:track:5DStWhj9vl1mUM4hWpxXI2
9063,track,8249,spotify,spotify:track:7BmpwVK92ALXLdtkB3DKM6
9064,track,8250,spotify,spotify:track:1jUNQqUk0NeDvHzZvKbXMP
9065,track,8252,spotify,spotify:track:03fL4BuNXw4JJ0nOJK3xgv
9066,track,8253,spotify,spotify:track:0URnYm0KmsotS9Uw0ZmYOR
9067,track,8255,spotify,spotify:track:0PS31If4Nbhf4RHPjjsDYr
9068,track,8256,spotify,spotify:track:1IAJvAJ6gx0tKatNaed5X8
9069,track,8257,spotify,spotify:track:0pVINX2e55TF0CkKgyaDX7
9070,track,8258,spotify,spotify:track:46MnO7D6aYRQvMR9k0ivZm
9071,track,8259,spotify,spotify:track:4x7eY5TeunUI0ZUQn1Pdkp
9072,track,8260,spotify,spotify:track:6Ft0dH3iihg9NzKHPlGmYa
9073,track,8261,spotify,spotify:track:5DOR49R0fehoBmyNL8m4sN
9074,track,8262,spotify,spotify:track:5rk3EqsP1iHuQn5tkC1Qw0
9075,track,8263,spotify,spotify:track:1oQJ26nHHgHh45WqyA59GF
9076,track,8264,spotify,spotify:track:1eQ6ky8AGbsKIZe2wXKauq
9077,track,8265,spotify,spotify:track:2EGtBS7Ws3ajiSkJLviFJ4
9078,track,8266,spotify,spotify:track:2yJ9GVCLMmzBBfQAnfzlwr
9079,track,8267,spotify,spotify:track:5OmX5lXxZ5sQgPuSHDn293
9080,track,8268,spotify,spotify:track:7o3Mcis1uKcYDuuJD1W0Rm
9081,track,8270,spotify,spotify:track:2pGp7wk76ZfbxYG5MRwfcs
9082,track,8271,spotify,spotify:track:4F7A0DXBrmUAkp32uenhZt
9083,track,8272,spotify,spotify:track:0VgkVdmE4gld66l8iyGjgx
9084,track,8273,spotify,spotify:track:56Ucs9i64lheLgJq8rarB7
9085,track,8274,spotify,spotify:track:3rXZJST4QHLba2COxwggQ6
9086,track,8275,spotify,spotify:track:6oMveK4fIOLj8lmN9t6ny3
9087,track,8276,spotify,spotify:track:0L4ktzNKf5DPLx0rFUEfXC
9088,track,8277,spotify,spotify:track:31UgvxoPZ5TseIqkJJz4Y4
9089,track,8278,spotify,spotify:track:2u9VGZmVz7Rm01SfDgzcfA
9090,track,8279,spotify,spotify:track:3KtsRijwp8KunCRYlOdWEi
9091,track,8168,spotify,spotify:track:1B87ZDrD3Pno9hS4stamWO
9092,track,8281,spotify,spotify:track:3Z4iF2sFcW63WclmUYd7IE
9093,track,8283,spotify,spotify:track:3vySEUpD0tc801F2WZDLYw
9094,track,8285,spotify,spotify:track:00aqkszH1FdUiJJWvX6iEl
9095,track,8287,spotify,spotify:track:5PvVkf1Yuq3XyMqqjPiKPd
9096,track,8289,spotify,spotify:track:1IRqLBc1JAKIsLcOKwIMyY
9097,track,8290,spotify,spotify:track:2Hnurh1BcigGbCGFOb4Uid
9098,track,8292,spotify,spotify:track:0mrL0X7fb7XDQ0l3zeimbx
9099,track,8293,spotify,spotify:track:0HXkeWXAYYPoR0wml4gtgu
9100,track,8294,spotify,spotify:track:37F0uwRSrdzkBiuj0D5UHI
9101,track,8295,spotify,spotify:track:0VO8gYVDSwM1Qdd2GsMoYK
9102,track,8296,spotify,spotify:track:4oeaIftdpT3JuZLcCkKmVE
9103,track,8297,spotify,spotify:track:36YCdzT57us0LhDmCYtrNE
9104,track,8298,spotify,spotify:track:00NAQYOP4AmWR549nnYJZu
9105,track,8299,spotify,spotify:track:1oGdVdYjeQvojGKDddxLQQ
9106,track,8300,spotify,spotify:track:4h90qkbnW1Qq6pBhoPvwko
9107,track,8301,spotify,spotify:track:4mU5iXHeLgbR94siF7p1sY
9108,track,8302,spotify,spotify:track:27BgDmciSjoxTG0almHTpZ
9109,track,8303,spotify,spotify:track:6pDVjCUA3B1vg9waKutAsv
9110,track,8304,spotify,spotify:track:2vXKRlJBXyOcvZYTdNeckS
9111,track,8305,spotify,spotify:track:6kWxIqQDsKFYCJGbU4AjCX
9112,track,8306,spotify,spotify:track:2p8IUWQDrpjuFltbdgLOag
9113,track,8307,spotify,spotify:track:09mEdoA6zrmBPgTEN5qXmN
9114,track,8308,spotify,spotify:track:4ppTAJUbNXELZcoUaL90wo
9115,track,8309,spotify,spotify:track:7DKS0rX27cCEPsK0R6tFWS
9116,track,8310,spotify,spotify:track:6QdnKD1zwEgyOWtkrdzlOF
9117,track,8311,spotify,spotify:track:0Nwar8rweBUyfyuoyjjUvk
9118,track,8312,spotify,spotify:track:24iwskv8LDFMYRZ6Sr9iyw
9119,track,8313,spotify,spotify:track:0ifooM33X1iBxVYyOkSbXW
9120,track,8314,spotify,spotify:track:0NWqNXBJTpXbkI5rPWNy3p
9121,track,8315,spotify,spotify:track:3dhjNA0jGA8vHBQ1VdD6vV
9122,track,8316,spotify,spotify:track:7AQim7LbvFVZJE3O8TYgf2
9123,track,8317,spotify,spotify:track:0MlmDxszg18ZczvjkVn8EC
9124,track,8318,spotify,spotify:track:6PxNFxeJZCOXURL0dtPjA7
9125,track,8319,spotify,spotify:track:2d9CgjF9ykis769w7pOzpa
9126,track,8320,spotify,spotify:track:5wVxzXBTYAvvajRmTrvSlM
9127,track,8321,spotify,spotify:track:5bZ0uo2gMds3H6B8cf6KUv
9128,track,8322,spotify,spotify:track:61w6G8eaJ1UXKZLvEmflru
9129,track,8323,spotify,spotify:track:7KfZqSSIBesl4UeZrEU9ks
9130,track,8324,spotify,spotify:track:63pdmZoFCzJNsmIF96vHCj
9131,track,8325,spotify,spotify:track:4yvlLkFUwdbWFzMMXSPjfU
9132,track,8326,spotify,spotify:track:0dpy8R09X1a0UN8NNE8RYI
9133,track,8327,spotify,spotify:track:4AMJBOgveh7OVHJKTZPwVh
9134,track,8328,spotify,spotify:track:0y5gYRweF6frHbRMJI6KIJ
9135,track,8329,spotify,spotify:track:5X8VLh5mIKCxviE52GHBXu
9136,track,8330,spotify,spotify:track:1K03QHUU2ukAn6MBeeoDtR
9137,track,8331,spotify,spotify:track:5dn5bAnHGie6rsoTvd9Cd0
9138,track,8332,spotify,spotify:track:7HnuJL8pvnOIxQWzmfcGOK
9139,track,8333,spotify,spotify:track:15k2nBQJ0teDmPZHrOXL2N
9140,track,8334,spotify,spotify:track:3lcEVP5beEkAFiFIG5D0QF
9141,track,8335,spotify,spotify:track:3FvDYk5IC5Um84kK5FbJGR
9142,track,8336,spotify,spotify:track:5vjgyZm1Zhtg4RptN4evNQ
9143,track,8337,spotify,spotify:track:4w1dIZxwO83XpKo5wgLhkk
9144,track,8338,spotify,spotify:track:4ER9305DBAmJqj2P96TfBr
9145,track,8339,spotify,spotify:track:5FUn6vN4PDHXxqnb5LQhJQ
9146,track,8340,spotify,spotify:track:5PTfZsGlsDDPH8i3PdQnXJ
9147,track,8343,spotify,spotify:track:3p2x3UD9wz9yt3gtftKwT0
9148,track,8344,spotify,spotify:track:4fUeGY1jGkgtx11tuqbDlq
9149,track,8345,spotify,spotify:track:5SsR3wtCOafDmZgvIdRhSm
9150,track,8346,spotify,spotify:track:6RhRGitp1UtVOvboboXq2A
9151,track,8347,spotify,spotify:track:0gV5B7zmJkS1aaH9APokrH
9152,track,8350,spotify,spotify:track:1EaKU4dMbesXXd3BrLCtYG
9153,track,8352,spotify,spotify:track:7KXjTSCq5nL1LoYtL7XAwS
9154,track,8353,spotify,spotify:track:6SwRhMLwNqEi6alNPVG00n
9155,track,8354,spotify,spotify:track:3SImXx6qmobDK2q7MKeR1Z
9156,track,8355,spotify,spotify:track:6PGoSes0D9eUDeeAafB2As
9157,track,8356,spotify,spotify:track:6fIjnWrv46njJHLDAY2JdC
9158,track,8357,spotify,spotify:track:3p4WMekidOIiyf8SFvfrIC
9159,track,8358,spotify,spotify:track:7ngdkrVQPgP3AoIxUrTpHT
9160,track,8359,spotify,spotify:track:17Lmf8pUgrRrEKIKkuZirE
9161,track,8360,spotify,spotify:track:3NuN59jpH3B5cNa2M4r7XG
9162,track,8361,spotify,spotify:track:2maEFaoAyNjQVv14Hm4esN
9163,track,8362,spotify,spotify:track:42tBlHWL3VfDkUM2iWcc5p
9164,track,8363,spotify,spotify:track:4sEnZad9gvLSLkyt8DW11O
9165,track,8364,spotify,spotify:track:1ZuQVisBNDRm51QIN9MajR
9166,track,8365,spotify,spotify:track:7xcqbjV2NfxlnJzqdRuO7E
9167,track,8366,spotify,spotify:track:3Q6mwJseOFYBJ10d5CXp4o
9168,track,8367,spotify,spotify:track:5h9hkYIBWTZYFRmF6Iz1gt
9169,track,8368,spotify,spotify:track:5ZicFGBDAi9J2YCVesboUp
9170,track,8369,spotify,spotify:track:3azJifCSqg9fRij2yKIbWz
9171,track,8370,spotify,spotify:track:0lO8ceoBq4lLLKjTAMtFsW
9172,track,8371,spotify,spotify:track:03jFlnbWq9ZkrNxovff1OZ
9173,track,8372,spotify,spotify:track:4rmwWGh87KY0ouByBEh1zC
9174,track,8373,spotify,spotify:track:06PsoXmmJ6Ix8B4hMEabrX
9175,track,8374,spotify,spotify:track:6b5P51m8xx2XA6U7sdNZ5E
9176,track,8375,spotify,spotify:track:3ZhnXFSunfOPWSqfLLQA9W
9177,track,8376,spotify,spotify:track:3gFQOMoUwlR6aUZj81gCzu
9178,track,8377,spotify,spotify:track:3cIKojC2JBVIno9b35MJWn
9179,track,8378,spotify,spotify:track:6IZF8hi9J6EtFDLQqOlSbu
9180,track,8379,spotify,spotify:track:2KLjcZ67h7Dad8QjW1IvE4
9181,track,8380,spotify,spotify:track:3iyINjITP40s8XrxAtn02W
9182,track,8381,spotify,spotify:track:4OewEEF60LvBU2AZSyoeah
9183,track,8382,spotify,spotify:track:7FeSiBUEyqxlKvjGbfwKku
9184,track,8383,spotify,spotify:track:22So9t3hBycIU1Tu5tT0c9
9185,track,8384,spotify,spotify:track:6w4fbrl2HTyNxEAyzm7Tdz
9186,track,8385,spotify,spotify:track:3dIQDP3cylTLG2eDpuGSMg
9187,track,8386,spotify,spotify:track:2KT62YPAPHhwGMuSKEr9Vg
9188,track,8387,spotify,spotify:track:4n6KdTg95XcZuo03nOjGbG
9189,track,8388,spotify,spotify:track:1fXNPP0goAjPqWDQw0w22a
9190,track,8389,spotify,spotify:track:6r1KDgUnvuqqmJjtg8c4vf
9191,track,8391,spotify,spotify:track:3d6CVk13ArKpinbNMWDFGv
9192,track,8392,spotify,spotify:track:7p4WG6wNZuPJjY5EK4vfIE
9193,track,8393,spotify,spotify:track:4i5lQjkRIPjWbQkvYIqIlT
9194,track,8394,spotify,spotify:track:2o2i2bSeg92SdRSJ9cc736
9195,track,8395,spotify,spotify:track:4xC00vwRyE2YVdlOJuKAAB
9196,track,8396,spotify,spotify:track:3TOmN34cOZ8oUpvi7hMfwd
9197,track,8397,spotify,spotify:track:3OS666HF2HNW479p8RE4Jc
9198,track,8398,spotify,spotify:track:6CoC4s4JSSdHPDC0MTJI0d
9199,track,8399,spotify,spotify:track:38e5f68u2tbpWZKwToCY68
9200,track,8400,spotify,spotify:track:4Yu3kTxIjeESSm661WkEw6
9201,track,8401,spotify,spotify:track:4fpGOiahUMwAs0cyWDXgqv
9202,track,8402,spotify,spotify:track:7qwCOu1GJt15SfdCLfR7cY
9203,track,8403,spotify,spotify:track:4FwWyejS6KrYsKFxRtweHz
9204,track,8404,spotify,spotify:track:0YJB6ALH7Q0NkKZtvJXvJ4
9205,track,8405,spotify,spotify:track:6A1fIVlaj45SEGRvZ2e0Gj
9206,track,8406,spotify,spotify:track:3t7NE2Qe0hGivMBCWj5VIk
9207,track,8407,spotify,spotify:track:0Qv1xmPwI57jlxymEy565g
9208,track,8408,spotify,spotify:track:4znz1Fu76y5sJPiM0uErP9
9209,track,8409,spotify,spotify:track:4NsOrVgECKoMCaKfgGF4Qi
9210,track,8410,spotify,spotify:track:5l6ZVWdSdot8a1FjPBiXvz
9211,track,8411,spotify,spotify:track:2Iv3GHM3xFKIPbYSnhJAXO
9212,track,8412,spotify,spotify:track:7IehzBxyvb9egSpZFXZwTe
9213,track,8413,spotify,spotify:track:50rLDfcJA7ngUFhfRGhau8
9214,track,8414,spotify,spotify:track:2RPbEp0DyBVlkRvvYKopO7
9215,track,8415,spotify,spotify:track:5hqh0JUxRShhqdaxu7wlz5
9216,track,8416,spotify,spotify:track:2uRqJEudnHdYINvwmeaG9h
9217,track,8417,spotify,spotify:track:5f6esnDQcBiFAm8iMfkw12
9218,track,8418,spotify,spotify:track:2NoKRHt8LVpnQMVl3TPwvu
9219,track,8419,spotify,spotify:track:2eYY43d0V17SxOX0g7sBAD
9220,track,8420,spotify,spotify:track:0CsMyYqXKbdznGEXSjSroo
9221,track,8421,spotify,spotify:track:66UI237YMw6AL6S72FGKND
9222,track,8422,spotify,spotify:track:5oO0BgiNJzi3Q13uIvizqN
9223,track,8423,spotify,spotify:track:5v1QJxlh7mkNsq7fsUf5wV
9224,track,8424,spotify,spotify:track:2mlNgAeIBnL78ZriXgrRHz
9225,track,8425,spotify,spotify:track:1abwytAhbWeHrbsA9eODOy
9226,track,8426,spotify,spotify:track:00WLowvlN5cjkYpQV6pjo4
9227,track,8427,spotify,spotify:track:7zBscbZUCr4jEABrfV9g03
9228,track,8428,spotify,spotify:track:4DYKah8mcZf0O4l9Gt7woU
9229,track,8429,spotify,spotify:track:6eSTuG07FIPpLkekbpYIsZ
9230,track,8430,spotify,spotify:track:3Z7dieIRSquTYqLVR15mov
9231,track,8431,spotify,spotify:track:2OK78skf6Xgf1jTu6gQoC9
9232,track,8432,spotify,spotify:track:0Eqm7hD828cATBLUx2fJox
9233,track,8433,spotify,spotify:track:3l7EDRJ7jt2nmHc223oBwi
9234,track,8434,spotify,spotify:track:5w3joDvFdDskgw6TvLh7vN
9235,track,8435,spotify,spotify:track:4u8xrKWeF7xBO9kGwIk6u7
9236,track,8436,spotify,spotify:track:5Pi1iwX97sCrgr34QXF8kV
9237,track,8437,spotify,spotify:track:4bVF5VAZfpkvLEbwB1fzln
9238,track,8438,spotify,spotify:track:2NwMdBlCK9hOUHhKrFTOxN
9239,track,8439,spotify,spotify:track:2hRcjNaWacY1qXDQt8y4eQ
9240,track,8440,spotify,spotify:track:7zwetwJI5w7giZXl4ZC1oC
9241,track,8441,spotify,spotify:track:1yj2Nen7t6IwuVAhNW9WVr
9242,track,8442,spotify,spotify:track:1OsrsciAInBkRVIXSzGhDH
9243,track,8443,spotify,spotify:track:6MF4tRr5lU8qok8IKaFOBE
9244,track,8444,spotify,spotify:track:1KbCc89SxYma4BnBChkJBs
9245,track,8445,spotify,spotify:track:7hsulgRNgbyczeAg8tChCB
9246,track,8446,spotify,spotify:track:3JAeYOjyJodI4PRs44lx2l
9247,track,8447,spotify,spotify:track:1BCJsU8AvjX3dKyXHMd5V9
9248,track,8448,spotify,spotify:track:2LSbhdcLsrG5jDBSB0FG4b
9249,track,8449,spotify,spotify:track:2EfIEzfjL2CMlyn6cvYlOg
9250,track,8450,spotify,spotify:track:0IOLO5qilos6TTQKqf2lik
9251,track,8451,spotify,spotify:track:40D9idPbLURZo4Bkd9PAcc
9252,track,8452,spotify,spotify:track:234ElKcgRg3oeMGDCHX3UM
9253,track,8453,spotify,spotify:track:1Tw7jCofwOIrLVovyx5HWU
9254,track,8454,spotify,spotify:track:2ye9iWj5V4g6k6HFeTTAKa
9255,track,8457,spotify,spotify:track:4e2ZcmlCSSTm3bARi5lb09
9256,track,8458,spotify,spotify:track:2A1kMDazO4UniqDdzWgw6L
9257,track,8459,spotify,spotify:track:2h5nqKpsb8xyKnkt13wfbD
9258,track,8461,spotify,spotify:track:42il7TuY2vBP0QnWnjpxnI
9259,track,8462,spotify,spotify:track:4omO3Xwm4REEK5HGT6e6yY
9260,track,8464,spotify,spotify:track:46tM4XygxfD3CdtFCCJMrX
9261,track,8465,spotify,spotify:track:0Ueq8OZJUrWJ6G1kaAxDHY
9262,track,8466,spotify,spotify:track:3gJDgenxLephg09x86IxPs
9263,track,8467,spotify,spotify:track:4pNT8XTKWb2vhcsqwzdXCT
9264,track,8468,spotify,spotify:track:2PxwwqB4f9x72jbw6AgR1s
9265,track,8470,spotify,spotify:track:3dkLUA4zs07CnhchRuRV6J
9266,track,8471,spotify,spotify:track:24TUPoKOVqKT1hZHV63FUV
9267,track,8476,spotify,spotify:track:2CNRu6NMtlCTNlrZ1NL6Hz
9268,track,8477,spotify,spotify:track:7mWDdjxPOVNkvXjvTwg8eY
9269,track,8480,spotify,spotify:track:4PnNzWe1LJoAMD5j5RHpI0
9270,track,8481,spotify,spotify:track:046k0tkM8kI1D1UbmSsIsW
9271,track,8484,spotify,spotify:track:5T4zLnPeoi7bES97eG0Z7h
9272,track,8486,spotify,spotify:track:5mqPg2dyqb1gBNyg9ycGcT
9273,track,8487,spotify,spotify:track:2GrOq1y5gksYrqkc8Jzl9T
9274,track,8488,spotify,spotify:track:0SlljMy4uEgoVPCyavtcHH
9275,track,8489,spotify,spotify:track:63T3O3u70cICyNxJPh3CXn
9276,track,8500,spotify,spotify:track:6NbTyTg6wr0R5TRETBPIqg
9277,track,8501,spotify,spotify:track:0I0doHF5eUCLDE4iSsqw9n
9278,track,8504,spotify,spotify:track:5BwvTxVMzPMvLNMoj8jxvK
9279,track,8506,spotify,spotify:track:58drL48d8lSmr8I5ZIQo5C
9280,track,8507,spotify,spotify:track:0HDEYkLpqxDUZJC6yVDBSn
9281,track,8508,spotify,spotify:track:04eMHMgZW6jJyyUxnxGlNm
9282,track,8509,spotify,spotify:track:7DjLyXpUerVPdQds1tHNLi
9283,track,8510,spotify,spotify:track:1FrLw8UJmK9JPJUVUSnQ3O
9284,track,8511,spotify,spotify:track:0Bbfw992y9l4he6R5AlwB9
9285,track,8512,spotify,spotify:track:6ciNjV8mylCvi0UHIVWNbZ
9286,track,8513,spotify,spotify:track:1V0PHrd5YyGwN97TjqkneV
9287,track,8514,spotify,spotify:track:0YjGInJL3OjSzp4garDffZ
9288,track,8515,spotify,spotify:track:0uX11GK7Nd8Xo47lBe8G0c
9289,track,8516,spotify,spotify:track:3pClK8h6x7vPSV3q0wqkwI
9290,track,8517,spotify,spotify:track:7tZK4pIa86q1HeIagQ18Xa
9291,track,8518,spotify,spotify:track:6VwqXqfhOLHavtYwIxH5dV
9292,track,8519,spotify,spotify:track:10dHogvcVdzl4W9ANm0hoT
9293,track,8520,spotify,spotify:track:3v7GtykYEMuSg4dQyw4qZb
9294,track,8522,spotify,spotify:track:5yvj4dLlGRgS727KSO53tZ
9295,track,8523,spotify,spotify:track:3CdoP1lO0Mz77uipQKbgMg
9296,track,8524,spotify,spotify:track:0gmDkDRe0WL66N7Vt2Xr3H
9297,track,8525,spotify,spotify:track:4NSH5KlrNzdH9OBtgsBFpL
9298,track,8528,spotify,spotify:track:5GfHO2WJ6z4Ay0uxSdrwlu
9299,track,8529,spotify,spotify:track:0bloWVFWfmFmvHGL4QraJo
9300,track,8530,spotify,spotify:track:0RvjUncidjf0Mq3G0eXOaO
9301,track,8531,spotify,spotify:track:7fU07zHBVjXu4JVry5oEsX
9302,track,8532,spotify,spotify:track:7nQBRKGNtGVSqLdWSb2sHv
9303,track,8533,spotify,spotify:track:4iAmWPWrKI6fsMCWKGrEJn
9304,track,8534,spotify,spotify:track:5AE8egOeOB1sTaJ484mZHo
9305,track,8535,spotify,spotify:track:1dNeOqBztM4NGhkNQ0kWSa
9306,track,8536,spotify,spotify:track:2eJmPTJfaepZmN1OrzO1wm
9307,track,8537,spotify,spotify:track:0HdXrQDc8ooaJIbLJZ2rFd
9308,track,8538,spotify,spotify:track:14246VCxRDGZHqlMlqWSz4
9309,track,8539,spotify,spotify:track:3bNXPxxnbEoGQxEzS0N9NK
9310,track,8540,spotify,spotify:track:661wc0CTq5MbppEG6zYP5n
9311,track,8553,spotify,spotify:track:18WK94ja5gOFnfQBYmLk71
9312,track,8554,spotify,spotify:track:3GlAGKWuPlNjwxrdu5wiMv
9313,track,8556,spotify,spotify:track:2TESenfLqUMufqoUUW8LtK
9314,track,8557,spotify,spotify:track:3sTsxjv7yb0cM3rWvQdVan
9315,track,8558,spotify,spotify:track:49DCeLTyDy6MCu2DozcBYK
9316,track,8559,spotify,spotify:track:1B73aUIRJj6HZcayI9jeDS
9317,track,8560,spotify,spotify:track:5q5MyfXey3ms6IyT6TYf5L
9318,track,8562,spotify,spotify:track:3BKLZpsKsymeFquQWUjhGx
9319,track,8563,spotify,spotify:track:1SJnJJmrqRyE8YSdhEtbPv
9320,track,8564,spotify,spotify:track:5MfCvL6jCTkxPCBQf3OkYH
9321,track,8565,spotify,spotify:track:06kBwptOYkGn1xL5XvtsRT
9322,track,8566,spotify,spotify:track:05IZnB0bFIEl6fIPITzfqg
9323,track,8567,spotify,spotify:track:2L5FjwGluXOyaeqn775Va0
9324,track,8568,spotify,spotify:track:4AkifOb6aAKAX6Bd1Yvdqw
9325,track,8569,spotify,spotify:track:4gEgs7S6XAT4dxgOXaMYJ9
9326,track,8570,spotify,spotify:track:1f5cbQtDrykjarZVrShaDI
9327,track,8571,spotify,spotify:track:0FZ4Dmg8jJJAPJnvBIzD9z
9328,track,8574,spotify,spotify:track:4NhjlUZhCwuwdFIZ35WHtt
9329,track,8576,spotify,spotify:track:0zkIWvYziJ7Ueec0hK8J7w
9330,track,8581,spotify,spotify:track:6cAldqwmbUwpM8D17FWtPL
9331,track,8583,spotify,spotify:track:7iEoaTyBCqLaAwJnOP1BTn
9332,track,8584,spotify,spotify:track:4qikXelSRKvoCqFcHLB2H2
9333,track,8585,spotify,spotify:track:6gpZSI0xEMTzleBc5ykOVA
9334,track,8586,spotify,spotify:track:2AO4J6Moo7fULnHnzVxqjG
9335,track,8590,spotify,spotify:track:0hW72l6tZgSY7Od2OUVDIC
9336,track,8591,spotify,spotify:track:2uwnP6tZVVmTovzX5ELooy
9337,track,8592,spotify,spotify:track:3hiZ1PIshAM8p8oF7uEadZ
9338,track,8593,spotify,spotify:track:0Fs9cdPDhptWEDJmiCbkEW
9339,track,8594,spotify,spotify:track:6lKCaafKm88sVfYz2u7S4B
9340,track,8595,spotify,spotify:track:2msLj7Kp7pXpA2fIWtpvFN
9341,track,8596,spotify,spotify:track:1mvDFqbbmgmMmU6U4dIq5m
9342,track,8597,spotify,spotify:track:4ftDe1imzovl3Vw6j01aoD
9343,track,8598,spotify,spotify:track:4KUUaKfBqPw1IOitTW3Pba
9344,track,8599,spotify,spotify:track:2JvzF1RMd7lE3KmFlsyZD8
9345,track,8600,spotify,spotify:track:2cny5OSTr2976U3o018GoV
9346,track,8601,spotify,spotify:track:7yotKA30dwTKNEGomV9ZsI
9347,track,8602,spotify,spotify:track:1oOEkBNp4zWnkD7nWjJdog
9348,track,8603,spotify,spotify:track:2UciqgwVDwro0fev3MFbxJ
9349,track,8604,spotify,spotify:track:3mTpegrOwRn0oJjv4TSbEE
9350,track,8605,spotify,spotify:track:6I6NX6tjGsxFAsIfGzY9lJ
9351,track,8606,spotify,spotify:track:5gFoAVTN9YlM9uJCrFZtgl
9352,track,8607,spotify,spotify:track:0bhnUFDQFCEHCBlsQfHnj5
9353,track,8608,spotify,spotify:track:6Nw1WHydftZy2joT2nTiCR
9354,track,8609,spotify,spotify:track:4OkiWfrZKmmVoILXk8JEtl
9355,track,8610,spotify,spotify:track:7EulRO07ZgchxqKUHb8Pvc
9356,track,8611,spotify,spotify:track:6sZv0ECT8cEW3oZtoCuVg4
9357,track,8612,spotify,spotify:track:5xMw6qCcpd2gBXPGTegC4W
9358,track,8614,spotify,spotify:track:5WoaF1B5XIEnWfmb5NZikf
9359,track,8615,spotify,spotify:track:3LnETnq2xyUpKcGqAQLJy1
9360,track,8498,spotify,spotify:track:6GnhWMhgJb7uyiiPEiEkDA
9361,track,8616,spotify,spotify:track:5eqhhghDRfP4hVqBTTxUv5
9362,track,8617,spotify,spotify:track:7si7S7r2BQUfJIMhN2lJDO
9363,track,8618,spotify,spotify:track:1xky6QliZ0gPbdnatVdb4Q
9364,track,8619,spotify,spotify:track:4F6FDCjqiJMXIPkKViujK6
9365,track,8620,spotify,spotify:track:5VUqbQ8Z5NXEITbmFhAhbk
9366,track,8623,spotify,spotify:track:5B0kgjHULYJhAQkK5XsMoC
9367,track,8624,spotify,spotify:track:7KA4W4McWYRpgf0fWsJZWB
9368,track,8625,spotify,spotify:track:5hVghJ4KaYES3BFUATCYn0
9369,track,8626,spotify,spotify:track:3WQlJpaUUbGtUqAskvGA7c
9370,track,8627,spotify,spotify:track:6gpcs5eMhJwax4mIfKDYQk
9371,track,8628,spotify,spotify:track:4S4Mfvv03M1cHgIOJcbUCL
9372,track,8629,spotify,spotify:track:6Nle9hKrkL1wQpwNfEkxjh
9373,track,8630,spotify,spotify:track:4bEcoz1OcfMgUbp2ft8ieQ
9374,track,8631,spotify,spotify:track:41cpvQ2GyGb2BRdIRSsTqK
9375,track,8632,spotify,spotify:track:2q0VexHJirnUPnEOhr2DxK
9376,track,8633,spotify,spotify:track:6KuXb26rHuRy3ZDse1VRmx
9377,track,8634,spotify,spotify:track:35xSkNIXi504fcEwz9USRB
9378,track,8635,spotify,spotify:track:2MF4HtZHBoUliOi9nOAbS0
9379,track,8636,spotify,spotify:track:5uQJxDZ1Ov2rAHoc7meJLU
9380,track,8637,spotify,spotify:track:7LUSnUs85KJpasBjdhi8If
9381,track,8638,spotify,spotify:track:1WoTH7hPxGSvUOXZQA75NT
9382,track,8639,spotify,spotify:track:2LMkwUfqC6S6s6qDVlEuzV
9383,track,8640,spotify,spotify:track:6R6ihJhRbgu7JxJKIbW57w
9384,track,8641,spotify,spotify:track:62ljuuXo0zrcrtJnnOhfxT
9385,track,8642,spotify,spotify:track:2INhKpUdzh7v0j041gZNsz
9386,track,8643,spotify,spotify:track:47A2jHhdcuOozYPYhttXPs
9387,track,8644,spotify,spotify:track:2wsBhAFs6Cxk9AGngVpYOK
9388,track,8645,spotify,spotify:track:1BViPjTT585XAhkUUrkts0
9389,track,8646,spotify,spotify:track:4wOYt5nULk1Cu8pwJWk26m
9390,track,8647,spotify,spotify:track:4QytfeLrwB2PYIpVMIcnCj
9391,track,8648,spotify,spotify:track:0DQQRJ4sR3pxwom9L7D7QR
9392,track,8649,spotify,spotify:track:3MR4LAkDi5tY9mYl6QqzUZ
9393,track,8650,spotify,spotify:track:23ms6zeO6s63b7pLum9s87
9394,track,8651,spotify,spotify:track:7wTA0NKIm6T7nP2kaymU2a
9395,track,8652,spotify,spotify:track:2H2l7zo9EqtqxFr8R8N8Zg
9396,track,8653,spotify,spotify:track:1KyXCd04yHni5pMGFwgzuE
9397,track,8654,spotify,spotify:track:0bdNktKwMzf6d4V5BNK1KN
9398,track,8655,spotify,spotify:track:3h3szgXLd2FJ0WSWj8om9t
9399,track,8656,spotify,spotify:track:3x0Krc50J9Ll7vl0s8Ckh0
9400,track,8657,spotify,spotify:track:4GylwZ6eOq47juQ4H7u9zX
9401,track,8658,spotify,spotify:track:3Po6qXmP1W2eLfOegYOSnI
9402,track,8659,spotify,spotify:track:083Mu3wu1H24onmKMZmLW0
9403,track,8660,spotify,spotify:track:2VQH5WgzMn6R6GKoUJzfU2
9404,track,8661,spotify,spotify:track:69uU611EdHL1plsPZ8PAmf
9405,track,8662,spotify,spotify:track:4jqHMXF81J0jGSpLmG9C0Y
9406,track,8663,spotify,spotify:track:23O7R9XL78JdARBAcnKVsh
9407,track,8664,spotify,spotify:track:6BrBluKs6ASOEloH1jVvTp
9408,track,8665,spotify,spotify:track:2ES7blNUWyJqitBaAEd4BH
9409,track,8666,spotify,spotify:track:04taPFMDWxdeQFWe6pywBN
9410,track,8667,spotify,spotify:track:70EPrLkIAFEfPmq94wWauo
9411,track,8668,spotify,spotify:track:7qvlEO3FKnmo2D4vtkhu5x
9412,track,8669,spotify,spotify:track:1jDu6QXFmEadGeGhY0gFf5
9413,track,8670,spotify,spotify:track:6ktRnxgLJqDZsF3kdMxicx
9414,track,8671,spotify,spotify:track:4NXRXzdMBgET7c2WxJmgkc
9415,track,8672,spotify,spotify:track:5tVdqMtHRZ5ZtERdqHFjv5
9416,track,8673,spotify,spotify:track:6mry9fDj4oTFudQAMRo1lV
9417,track,8674,spotify,spotify:track:1RQzYNm3ZneCj83YZrloPo
9418,track,8675,spotify,spotify:track:46PvLHR7XLma4oDjQ9ia6p
9419,track,8676,spotify,spotify:track:77q65VGEbRnJlnX50UfnZS
9420,track,8677,spotify,spotify:track:6dgUya35uo964z7GZXM07g
9421,track,8678,spotify,spotify:track:7yogx3TwxGwSxO2QITsT2q
9422,track,8681,spotify,spotify:track:1rylJ0VXvhOzLGNm401iaI
9423,track,8682,spotify,spotify:track:1auxYwYrFRqZP7t3s7w4um
9424,track,8683,spotify,spotify:track:4RI9eX7jNcdaQOJifn7t6z
9425,track,8684,spotify,spotify:track:628oXeFNeQUQnq0NUF6zJ3
9426,track,8685,spotify,spotify:track:1d5jcRB7Ri9ZA0sFh1Moke
9427,track,8687,spotify,spotify:track:4XHQyvbrBsQaaBUW1VvmsL
9428,track,8688,spotify,spotify:track:3yysH58lQjPaKRdALIHisV
9429,track,8689,spotify,spotify:track:7nYvUtkQMx1v80S2FH2s9J
9430,track,8691,spotify,spotify:track:31Yebmn7gDvxc0yjRV8M5t
9431,track,8693,spotify,spotify:track:3JJL91ilRV6fXhKqu0FGXs
9432,track,8695,spotify,spotify:track:60KWmDnLE9jB9dHVkhlu3P
9433,track,8696,spotify,spotify:track:5fAacciZPmLLFrr8RZ5fvn
9434,track,8700,spotify,spotify:track:74bdnHhtEzkM49KQJh4hK8
9435,track,8702,spotify,spotify:track:70hDklZStSazrExPjHJPfR
9436,track,8703,spotify,spotify:track:1mncfOKAZ9HAfvSQzz0SNz
9437,track,8704,spotify,spotify:track:2WAufixPkOjvrBtAdQQTbr
9438,track,8705,spotify,spotify:track:4dfojOC0mkRk4CZdOwr4VT
9439,track,8706,spotify,spotify:track:2wpE9PWcfiTV3XQY15rtg6
9440,track,8707,spotify,spotify:track:0rEnWTkCBqGRnL5k3Xn0tp
9441,track,8708,spotify,spotify:track:5wWufNs1j4v2HsL5IZ5Zlp
9442,track,8709,spotify,spotify:track:7wyz8PA0B7oBWvR2P5qTWt
9443,track,8710,spotify,spotify:track:2DYb8YmLv3bOUYokRT8KjJ
9444,track,8711,spotify,spotify:track:754hhnczVNu3ibRaoAcujX
9445,track,8712,spotify,spotify:track:4b9IYvyeGOy5xRdbJhKL4j
9446,track,8713,spotify,spotify:track:6UjwKoH47d2FveB38u8Si9
9447,track,8715,spotify,spotify:track:1ivTl05rU3ATT3F4Uu3gea
9448,track,8716,spotify,spotify:track:4fqhx5QGIZXQO3xLmUNZOM
9449,track,8717,spotify,spotify:track:5AREdjPjB1gYZU2aKm75I0
9450,track,8718,spotify,spotify:track:5PSaVasleQvJZ2mDN83Ixr
9451,track,8719,spotify,spotify:track:7JAS7ebzk6QH4XEamLH9wS
9452,track,8720,spotify,spotify:track:3lSOZb5rruEnFbe9xWELF6
9453,track,8721,spotify,spotify:track:73fZnvwSUlWwt9LLRkknzs
9454,track,8722,spotify,spotify:track:4Ks0OfgQpb58nHvQrcaiPi
9455,track,8723,spotify,spotify:track:6UnSlwVAEPblKJING6FH5Z
9456,track,8724,spotify,spotify:track:67u3IsSI1tmEsF7jZWPQWc
9457,track,8725,spotify,spotify:track:5EDLYLzDy7O7WQdBYM5udQ
9458,track,8726,spotify,spotify:track:2icQrPuCDVAMAoVAHRzF7b
9459,track,8727,spotify,spotify:track:48GtE9nno474ZYd9qhJqXx
9460,track,8728,spotify,spotify:track:66Q6qHI1mPeGiUj85F9ZGu
9461,track,8729,spotify,spotify:track:53is1DHKuBWeh4Jx9ISKZp
9462,track,8730,spotify,spotify:track:5xQskDSiHQeoebxoprn3HL
9463,track,8731,spotify,spotify:track:0WtTqjocYc6CIfQFV1760X
9464,track,8732,spotify,spotify:track:41onDks2UPbyjer5fMeUWf
9465,track,8733,spotify,spotify:track:5qm8v8lXIIrsZUXeM7JgCj
9466,track,8734,spotify,spotify:track:1MuEjGAGDw07ZqkuX7ea4O
9467,track,8735,spotify,spotify:track:6wdZhUae01UfHcIV7M2MGP
9468,track,8736,spotify,spotify:track:3VTNVsTTu05dmTsVFrmGpK
9469,track,8737,spotify,spotify:track:7JKq5LNipRei4xvmW0Suzn
9470,track,8738,spotify,spotify:track:5VXQyh06Efj0yFOGAvDWbU
9471,track,8739,spotify,spotify:track:2EjXfH91m7f8HiJN1yQg97
9472,track,8740,spotify,spotify:track:2QpN1ZVw8eJO5f7WcvUA1k
9473,track,8741,spotify,spotify:track:5ASM6Qjiav2xPe7gRkQMsQ
9474,track,8742,spotify,spotify:track:3QiAAp20rPC3dcAtKtMaqQ
9475,track,8743,spotify,spotify:track:7134tEHq45eL6am9oVazZU
9476,track,8744,spotify,spotify:track:2uFaJJtFpPDc5Pa95XzTvg
9477,track,8745,spotify,spotify:track:3dW02WhSOhthBKyTJMozyN
9478,track,8746,spotify,spotify:track:4VLaWJfNuFQdXDo50zzur7
9479,track,8747,spotify,spotify:track:0EwuAHdON2ma8UBa7Flpee
9480,track,8748,spotify,spotify:track:2IMoSqECSfTDwoF4FiaBYs
9481,track,8749,spotify,spotify:track:4lsxEmZZut8RqlZ70gjdYN
9482,track,8750,spotify,spotify:track:4PS1e8f2LvuTFgUs1Cn3ON
9483,track,8751,spotify,spotify:track:2xww7uXazg2tqgQkFruyBq
9484,track,8752,spotify,spotify:track:5B4lggrifxZXMtHGtjoJXB
9485,track,8753,spotify,spotify:track:1RiThvT6YsZaSVfditP8iD
9486,track,8754,spotify,spotify:track:5m2x4Nu8w3iMBWUHSHqiNf
9487,track,8755,spotify,spotify:track:7vQbuQcyTflfCIOu3Uzzya
9488,track,8756,spotify,spotify:track:6Mk6GTr8mOW0rfG9dZidqP
9489,track,8757,spotify,spotify:track:4HEOgBHRCExyYVeTyrXsnL
9490,track,8758,spotify,spotify:track:2345kZ5rt8eHjO8CFpx3Yi
9491,track,8759,spotify,spotify:track:4iTfml41SOUBHXgMUHLUVV
9492,track,8760,spotify,spotify:track:61wMuxjH0laqPB5YwTVMHN
9493,track,8761,spotify,spotify:track:5HAwBoxs23nkAvaMUnThbe
9494,track,8762,spotify,spotify:track:1V0qqWBbIWt8hlAjxTZedR
9495,track,8763,spotify,spotify:track:4HlYtEsjaJScNPbEjhoyAg
9496,track,8764,spotify,spotify:track:43bGwVwcsIikAz0PcBi8o8
9497,track,8765,spotify,spotify:track:7181O7y1HpisazGUQFZCQF
9498,track,8766,spotify,spotify:track:0KzATua65ZI5xG6pzLjlpa
9499,track,8767,spotify,spotify:track:2nOIIFBX3sh9xTpkwVKmZm
9500,track,8768,spotify,spotify:track:07D1vu4IHKAqviEw2XattQ
9501,track,8769,spotify,spotify:track:6RAfEbqNHfAYfvK9CabKJx
9502,track,8770,spotify,spotify:track:3cbEoHzeiebNIZLpaeC0jB
9503,track,8771,spotify,spotify:track:1f5rkXB4AQCktkkzDA9YVf
9504,track,8772,spotify,spotify:track:5DMItYJluCFc7YtFdP4aXo
9505,track,8773,spotify,spotify:track:3AgiRs3oxc2dFh0CPUHXJs
9506,track,8774,spotify,spotify:track:0KIxURk1JUhsf0UC7OgTbA
9507,track,8775,spotify,spotify:track:3VUn9dg1oktCgUOtcus0T5
9508,track,8776,spotify,spotify:track:16wlfYQt6ZxtCcmy2RwB4n
9509,track,8777,spotify,spotify:track:1ruV0VvZdzB6jebWEsVlLA
9510,track,8778,spotify,spotify:track:1GbyYL0B0Mjn3kSbrEwKKI
9511,track,8779,spotify,spotify:track:7z55M9AJyqFgWXdC40hSg2
9512,track,8780,spotify,spotify:track:5INjLnLJcfG22QkaLUMcZm
9513,track,8781,spotify,spotify:track:6nhSwhCDGZaSnAOC2KKFYh
9514,track,8782,spotify,spotify:track:5UPNGmyaxdiGabPu3FzSlm
9515,track,8783,spotify,spotify:track:2AKyFRmpeJpQqsGPBKaMgu
9516,track,8784,spotify,spotify:track:31doEJxjxicDQCbIcsOfK6
9517,track,8785,spotify,spotify:track:1NbkW4qACyJ4MDpqP1kAC5
9518,track,8786,spotify,spotify:track:5w5fUjfat5LcVrZv2CRd6w
9519,track,8787,spotify,spotify:track:2GOq4PD2WjVloHU3eKnJrS
9520,track,8788,spotify,spotify:track:6Ys0CZgsUfiOZUePxyNmnc
9521,track,8789,spotify,spotify:track:2NJNqB0kFc8WiZVZPwstx4
9522,track,8790,spotify,spotify:track:4cy0jYlAbtgBmOq05AzDt3
9523,track,8791,spotify,spotify:track:1GQ3cCJMAhLqWARyVZWxnO
9524,track,8792,spotify,spotify:track:2m3qOjN5vRCHUr62GDJ9dV
9525,track,8793,spotify,spotify:track:5xlS0QkVrSH7ssEbBgBzbM
9526,track,8794,spotify,spotify:track:07ezdVkAE7YAJKmZPXoH1T
9527,track,8795,spotify,spotify:track:1ejzWwam7lpgCl1EB0Kcxe
9528,track,8796,spotify,spotify:track:0GdJAhyniLIGoFhKaSJrhb
9529,track,8797,spotify,spotify:track:3BfKUxdpnG24qXFYX2e5XU
9530,track,8798,spotify,spotify:track:2kEKVLkmjeRNyNKQVPcwFq
9531,track,8799,spotify,spotify:track:6Hu4PaWgYZX7zMXSaYSHj4
9532,track,8800,spotify,spotify:track:4BaLczlcenvgWeAyk8UcBc
9533,track,8801,spotify,spotify:track:5GZIQf3AI9DnMdzL7NL63H
9534,track,8802,spotify,spotify:track:4JXQYuYn9NLqe9iVVAl21T
9535,track,8803,spotify,spotify:track:3ydVMQUTvpVrF8dZrsl5Ev
9536,track,8804,spotify,spotify:track:0gVQEJjqUsi90RxWqVbgwh
9537,track,8805,spotify,spotify:track:5mulHPRtF3gcV5EOWOzH6v
9538,track,8806,spotify,spotify:track:6D5GoogBIBMUBlQ1CYTkOH
9539,track,8809,spotify,spotify:track:01bWx1slpy1daAS2voJQFh
9540,track,8812,spotify,spotify:track:1UvaZaHkh3D9AkmBrrnbFg
9541,track,8813,spotify,spotify:track:3yfUKhwg1Z3EQ9JDuD4IcK
9542,track,8814,spotify,spotify:track:6Ww7NRbAZVhujfpzbxDwT1
9543,track,8815,spotify,spotify:track:4fIwY1Skid5QuDHTNJZrEn
9544,track,8817,spotify,spotify:track:56Y4m4gHrRnnEm3fXRgGQf
9545,track,8820,spotify,spotify:track:4RAanjdCy7GKo8ijZlDq6O
9546,track,8821,spotify,spotify:track:5eXdPx9KDmozFmfJmdJtag
9547,track,8822,spotify,spotify:track:6GURIGj97zDJ2tESe4k5KY
9548,track,8823,spotify,spotify:track:47PtjzvUWKucQUPQRV5IKP
9549,track,8825,spotify,spotify:track:4IYKjN1DrYzxKXt0umJqsG
9550,track,8826,spotify,spotify:track:5Et6dzmuz3LA2cYetU9rNk
9551,track,8827,spotify,spotify:track:1Mt7JLzBMXjTVKcdeD437t
9552,track,8829,spotify,spotify:track:67ncYmW29pNJJY2yXuLPwT
9553,track,8833,spotify,spotify:track:2Kb1i0R627wnkMeVRAdGdp
9554,track,8834,spotify,spotify:track:3tsFWhe45D6CGFSMA77T3B
9555,track,8835,spotify,spotify:track:1qzlwbV6SwHYOR3mhu6ZEd
9556,track,8836,spotify,spotify:track:3uYgOBtj9p6Mu8pMj9QYF1
9557,track,8837,spotify,spotify:track:7v7tFiNePGwLOrB2tAW3kg
9558,track,8838,spotify,spotify:track:7M0jdlH4BoaOYxzFVe8k0n
9559,track,8839,spotify,spotify:track:5IOJBT3tVXREKamTQRqlvE
9560,track,8840,spotify,spotify:track:4gXFUhyu4fzOgmV28BiJ9s
9561,track,8841,spotify,spotify:track:5PQmSHzWnlgG4EBuIqjac2
9562,track,8843,spotify,spotify:track:2qzxh6JkL120wNul6v6Nt6
9563,track,8844,spotify,spotify:track:4dNqEYp9WfBvveFkcqyoEE
9564,track,8845,spotify,spotify:track:6sCtddSFg3foJn4K2pIhfQ
9565,track,8846,spotify,spotify:track:3ia3dJETSOllPsv3LJkE35
9566,track,8848,spotify,spotify:track:5g9lS8deSIxItFBmZRC4vN
9567,track,8849,spotify,spotify:track:4AE7Lj39VnSZNOmGH2iZaq
9568,track,8850,spotify,spotify:track:6tDxrq4FxEL2q15y37tXT9
9569,track,8851,spotify,spotify:track:4VQNCzfZ3MdHEwwErNXpBo
9570,track,8852,spotify,spotify:track:0XRbYXQUymj9SJkrr8YK5B
9571,track,8855,spotify,spotify:track:3wUX7HpXS382s1DHTRouVk
9572,track,8856,spotify,spotify:track:6CqH2Xvbu78tgoT5450fYC
9573,track,8857,spotify,spotify:track:6hcXyCOIQcUAVqGTVldmMF
9574,track,8858,spotify,spotify:track:2MuJbBWAVewREJmB8WdGJ3
9575,track,8859,spotify,spotify:track:3yNVfRQlUPViUh8O2V9SQn
9576,track,8860,spotify,spotify:track:4xyPqgnOnH076SJEW2QUwF
9577,track,8862,spotify,spotify:track:6PQcT3UDWcO58RoEI33VpM
9578,track,8863,spotify,spotify:track:0YsGMHid6sFq5PcToe3JZE
9579,track,8868,spotify,spotify:track:2b7FqlHc3JrzlYtGEkzq22
9580,track,8869,spotify,spotify:track:63BcfK6YAzJYeISaTPr6IO
9581,track,8871,spotify,spotify:track:6SMrWEWukd0DWh5iHGWgks
9582,track,8872,spotify,spotify:track:5qBfyjlx8U9Jgi4l1YOe4C
9583,track,8874,spotify,spotify:track:5LEkELlzTeQf9nc5uRNy46
9584,track,8875,spotify,spotify:track:634XQGULGSIXCLTsbibXsk
9585,track,8876,spotify,spotify:track:56HYxKJIfClkU3bMCRQ9r5
9586,track,8879,spotify,spotify:track:6drwEceXZH8Yi0Xu9rUXEj
9587,track,8880,spotify,spotify:track:7s0cZYALRLUzzVHuVSqsmF
9588,track,8882,spotify,spotify:track:6NsxSUCJT45reEMejysNVT
9589,track,8883,spotify,spotify:track:3xX9hoGEq1EuMGWZl8LQL1
9590,track,8884,spotify,spotify:track:2ImuQo1g14CTR9hZAZD3aQ
9591,track,8885,spotify,spotify:track:5gUVdjfPWoaKoRiEMHBX6P
9592,track,8886,spotify,spotify:track:21GzqgubvWR6Iks9IbDmJE
9593,track,8887,spotify,spotify:track:1KcZRMyC2tSs3CMIsng9wx
9594,track,8889,spotify,spotify:track:7ldrMnJtcDSLWtEcJePMMg
9595,track,8891,spotify,spotify:track:7rfwNAYgfT3aS0HZD731yo
9596,track,8892,spotify,spotify:track:4bRPecD9suGW8CfNZhzjS1
9597,track,8893,spotify,spotify:track:7LbIccTR3F9yYaWmMGMKtn
9598,track,8894,spotify,spotify:track:2FYxTPKpCizmrHnvBI1r0K
9599,track,8895,spotify,spotify:track:1LI4wMg4FQ9b1fGIzD63WK
9600,track,8896,spotify,spotify:track:2Ja3UauMDeQnq4sI8a64Ys
9601,track,8898,spotify,spotify:track:1tJRS17TxD5bwdTk8ehP93
9602,track,8899,spotify,spotify:track:6m8dDOTv96S6BObyont2L9
9603,track,8900,spotify,spotify:track:331i2VPKEJ70XhVxnbQdOs
9604,track,8901,spotify,spotify:track:5m87LYfftYgNzx3hzpNCT8
9605,track,8902,spotify,spotify:track:5mOzvm41Pdh1WOtBKlCtZd
9606,track,8903,spotify,spotify:track:0jc0dX55DtUJaHRw8rreNd
9607,track,8905,spotify,spotify:track:4KCqupPPNVTZKRHbNn6iCa
9608,track,8906,spotify,spotify:track:2Vad27HyoEZUnj7U3RKFRI
9609,track,8907,spotify,spotify:track:1KFYXTTfePHvEkjBihOzb0
9610,track,8908,spotify,spotify:track:5HH38zHtiCB5FnqkAE4F2S
9611,track,8909,spotify,spotify:track:1dHJETCn2X1R1YwVlMvSza
9612,track,8912,spotify,spotify:track:66mVPWmFvXPFf8pjK5ttOW
9613,track,8913,spotify,spotify:track:1QPreu0BNOrUfEb8HTd2qG
9614,track,8914,spotify,spotify:track:6BU1RZexmvJcBjgagVVt3M
9615,track,8915,spotify,spotify:track:4zMxWSP2qZUy5CBCH5PdzZ
9616,track,8916,spotify,spotify:track:3drdWsJKiVCSQ2gKhd9BDT
9617,track,8917,spotify,spotify:track:7Bpx2vsWfQFBACRz4h3IqH
9618,track,8918,spotify,spotify:track:6HZILIRieu8S0iqY8kIKhj
9619,track,8919,spotify,spotify:track:0UTyLmkQgPOEIz95OVAJTR
9620,track,8920,spotify,spotify:track:6DB2KOEwHnjkgEnBt5SdeJ
9621,track,8921,spotify,spotify:track:23luOrEVHMfoX0AhfbQuS6
9622,track,8924,spotify,spotify:track:2uujJLrRplaQMkEx8CybZ8
9623,track,8926,spotify,spotify:track:5MjAFPcmrR1DYCgZrXCN4d
9624,track,8927,spotify,spotify:track:578ziqCj8ieyz7NLrZ31km
9625,track,8928,spotify,spotify:track:51kIhfbAyDawAPn4WTxVWa
9626,track,8929,spotify,spotify:track:6PmnGYDsruYLBNY4Rpx4t9
9627,track,8930,spotify,spotify:track:2KBo6O5rkNdtYT3wYjkEkq
9628,track,8931,spotify,spotify:track:2D4dV2KXDTszzJ3p3cFqhA
9629,track,8932,spotify,spotify:track:1NlK2NtpuUazpziLhnJwEV
9630,track,8933,spotify,spotify:track:759ndr57jb0URg4j9YSWml
9631,track,8934,spotify,spotify:track:2SLwbpExuoBDZBpjfefCtV
9632,track,8936,spotify,spotify:track:3GCdLUSnKSMJhs4Tj6CV3s
9633,track,8941,spotify,spotify:track:72hFOhhhnOJZnnp6uVOgPn
9634,track,8942,spotify,spotify:track:1Is8hGpkGMiePASAxBluxM
9635,track,8944,spotify,spotify:track:5FkoSXiJPKTNyYgALRJFhD
9636,track,8951,spotify,spotify:track:0ECs7wpW9157Tk5yBUGbE0
9637,track,8952,spotify,spotify:track:1wYIv0ySOwjMFWLOtrgtbo
9638,track,8953,spotify,spotify:track:4R8XY2fcKNW4zNug9Y1WLJ
9639,track,8954,spotify,spotify:track:2LTlO3NuNVN70lp2ZbVswF
9640,track,8955,spotify,spotify:track:4sChbtBV7Jq5ZbdxEX2416
9641,track,8956,spotify,spotify:track:7b8Nt43uHjdvUCx5BP8szG
9642,track,8957,spotify,spotify:track:3QFInJAm9eyaho5vBzxInN
9643,track,8958,spotify,spotify:track:0QdTIJ2XO8o54JDrYO4lJq
9644,track,8959,spotify,spotify:track:0H3JiNc4CGnFVwMqWvACmO
9645,track,8960,spotify,spotify:track:5UiDjcnZ0uCOCEM2l3XvrI
9646,track,8961,spotify,spotify:track:3diL1o9iwtHIKtR1qX8dS3
9647,track,8962,spotify,spotify:track:5HYmQEgYkW8PWdvihz04be
9648,track,8963,spotify,spotify:track:1AHZwHsrbClio7YysyDSg7
9649,track,8964,spotify,spotify:track:0vsUmK6lCXVjqtV4xCkYkn
9650,track,8965,spotify,spotify:track:1uWR7a8ko6EJfNEfhzCy8F
9651,track,8966,spotify,spotify:track:6I4sMUHcetNVHSumwPihvp
9652,track,8967,spotify,spotify:track:7fAFoIehXy4Aou20Z63k8y
9653,track,8968,spotify,spotify:track:2JrFE1dXKTtjPmyR7OCf3z
9654,track,8969,spotify,spotify:track:15Uw5ljmPJ81bf5wEPSKqa
9655,track,8970,spotify,spotify:track:1ZzMqS6D37pK4flvTUZNfD
9656,track,8971,spotify,spotify:track:5rDjdlYDk9rE3PMoMvQXMY
9657,track,8972,spotify,spotify:track:7jHPwd9rbt2i2o4PaOkXiG
9658,track,8973,spotify,spotify:track:6Gf9yJrOUxvYVGZZS2u95B
9659,track,8974,spotify,spotify:track:6voZMZvh5JLKRxpeg0EAOk
9660,track,8976,spotify,spotify:track:7j4meQkdoe8VcvVgApCxFe
9661,track,8977,spotify,spotify:track:0I9glwqb1UBvb4nhj9dIbk
9662,track,8978,spotify,spotify:track:6nBFVn2N4cqRfTYBoVxRod
9663,track,8979,spotify,spotify:track:2bNCdW4rLnCTzgqUXTTDO1
9664,track,8980,spotify,spotify:track:6JpN5w95em8SODPiM7W2PH
9665,track,8981,spotify,spotify:track:2tqoJQbv6dNNOi0PCCjuse
9666,track,8982,spotify,spotify:track:71oM9w2BbJxzTpxzWIE0lw
9667,track,8983,spotify,spotify:track:1gT5TGwbkkkUliNzHRIGi1
9668,track,8991,spotify,spotify:track:1AESnzWt4iMrEPGG7TjXAa
9669,track,8992,spotify,spotify:track:3RlurnnuVkVbaN6lul4136
9670,track,8999,spotify,spotify:track:35cHvlGyHrcCslMJrNP363
9671,track,9000,spotify,spotify:track:5rs2Jgvzv2rmXhC7cc6ido
9672,track,9001,spotify,spotify:track:1QXrGs956FhI1QOlPY2mB9
9673,track,9002,spotify,spotify:track:1t7WfCStM6zgIHWF3koej7
9674,track,9003,spotify,spotify:track:1pRkGgpQGX6nr8PrO1NMIs
9675,track,9004,spotify,spotify:track:5Mi3Qt2bXMqXRG2vnmp4a0
9676,track,9005,spotify,spotify:track:1WS1Q9G8vj0gPN2aOkZ80A
9677,track,9006,spotify,spotify:track:4lelzj1TaOnWykuQXlhovN
9678,track,9007,spotify,spotify:track:5iP1KNUxchR64bieN9pE7z
9679,track,9011,spotify,spotify:track:6bmJYo1KS2X2nzQrCGzdOe
9680,track,9016,spotify,spotify:track:1FqWZWLVzKeMQ8cNXsvVyA
9681,track,9018,spotify,spotify:track:4YN0Su0hKKxxfzzv431n4Y
9682,track,9019,spotify,spotify:track:4cmuKKERCLkCtkANHjvNPh
9683,track,9020,spotify,spotify:track:68XCDRI6AzwJm30y4FgLeq
9684,track,9021,spotify,spotify:track:57qDeaxqLASKNXi1XHFaEy
9685,track,9022,spotify,spotify:track:36tHWoHVkkhv1uxhIls6nc
9686,track,9023,spotify,spotify:track:4pdLZsxq0y5oJDb6Cxlokw
9687,track,9027,spotify,spotify:track:1g0oI97rPdYuWDIpkbtQdv
9688,track,9028,spotify,spotify:track:4WoE2Wbuk9Hf9uxflAVwNR
9689,track,9029,spotify,spotify:track:7ygki366SWNrd1GHXxLoof
9690,track,9030,spotify,spotify:track:495nwEGlD0R5xQ7ZgFWLby
9691,track,9031,spotify,spotify:track:5i2SrkKMPRSgKosCNhZG4G
9692,track,9032,spotify,spotify:track:6Qb5VHr0nbvrSGW7I7sH8p
9693,track,9034,spotify,spotify:track:2z3joGXrdGL2iEjIKQTiN1
9694,track,9035,spotify,spotify:track:0HtOJj7Kl74s1Ngf3MWeif
9695,track,9036,spotify,spotify:track:0utlOiJy2weVl9WTkcEWHy
9696,track,9037,spotify,spotify:track:3MWlVSkoLS1e66nlZ2tuWJ
9697,track,9038,spotify,spotify:track:6AGON2BGdPmPMJGiiNuuwl
9698,track,9039,spotify,spotify:track:2NJu5JtZLPmmuZF7Lr4Arr
9699,track,9041,spotify,spotify:track:6c5wQFfJApRMooKE7UQnlH
9700,track,9059,spotify,spotify:track:7lVxWMH0C3Bj8b8JLkh9EN
9701,track,9060,spotify,spotify:track:49zD0wr2S3d0lZPib0K4e1
9702,track,9062,spotify,spotify:track:5ALc7rbru6QOLGodVSDocc
9703,track,9063,spotify,spotify:track:55OdqrG8WLmsYyY1jijD9b
9704,track,9064,spotify,spotify:track:539wfGOsGcRmT1IBVUfiJV
9705,track,9065,spotify,spotify:track:1ckxFDBKrcepE6pDmayXzP
9706,track,9066,spotify,spotify:track:20rZiHL20MTJjfhLQZQsm4
9707,track,9067,spotify,spotify:track:25oOaleife6E2MIKmFkPvg
9708,track,9070,spotify,spotify:track:3K0sVapHNSSeJ8o4DLHOJY
9709,track,9071,spotify,spotify:track:503fwzlbWHx5g0CqlU9Giu
9710,track,9072,spotify,spotify:track:5WfsSJH86qH4fOhsTu03nT
9711,track,9073,spotify,spotify:track:4qOccDLi9YIkBJpN7gQDkn
9712,track,9074,spotify,spotify:track:4UD5msFwrQzRRSwd9JOhlo
9713,track,9075,spotify,spotify:track:3gGpCxvW1tUhoD3Ap4PH7Q
9714,track,9076,spotify,spotify:track:1mQvz26F9aw3493qoH7Jas
9715,track,9077,spotify,spotify:track:45J6YuQXlM60FNPXGKbOBw
9716,track,9078,spotify,spotify:track:0toAMliqa1AlwX4GPH0B9n
9717,track,9079,spotify,spotify:track:3qxEhjNerbQKM27m7o7lCZ
9718,track,9080,spotify,spotify:track:6jzwXTRGf1QOM3Q7Np1Jau
9719,track,9081,spotify,spotify:track:4NlKqDq9DcAGH2xXhS2MDk
9720,track,9082,spotify,spotify:track:19OHDib8Jrqi3o2nm5lzdA
9721,track,9083,spotify,spotify:track:7vaT0ma26wAfAG8hdr3RyV
9722,track,9085,spotify,spotify:track:3xby7fOyqmeON8jsnom0AT
9723,track,9087,spotify,spotify:track:3nKdGNfReWhd8o4X5MHsS2
9724,track,9090,spotify,spotify:track:5KeW2rotY0Gdsml5RPOBN8
9725,track,9091,spotify,spotify:track:5Jy0ljGOTUUM63K1SwrgQs
9726,track,9092,spotify,spotify:track:7mFH1v50oBayJuhE0wfKhc
9727,track,9097,spotify,spotify:track:180KvPWfy3IUEbuzPUn5wv
9728,track,9099,spotify,spotify:track:5yK37zazHUe3WxEvymZs20
9729,track,9100,spotify,spotify:track:6clDsO8HwhHEgJDDp88VdL
9730,track,9101,spotify,spotify:track:5lw8Mgb4LyhriPIC86gV6e
9731,track,9102,spotify,spotify:track:1faIb3PPSzEifCHUOJ691R
9732,track,9103,spotify,spotify:track:3AE6zraO6sukye0pu175Ca
9733,track,9104,spotify,spotify:track:2ZSga0mI1m1wNpxj5ZXVs6
9734,track,9105,spotify,spotify:track:3hz8mDaYhXzWzvXKNcsljE
9735,track,9106,spotify,spotify:track:7EYRKteYYguJuCMvH1MA2e
9736,track,9107,spotify,spotify:track:2vNz6dat4cjEJol2AoqIIt
9737,track,9108,spotify,spotify:track:67XC51nlZncNpHmZ8rOU9a
9738,track,9109,spotify,spotify:track:1REVvAphiSTJyKQ1fDpHa4
9739,track,9110,spotify,spotify:track:2uhnzF1F605tp9QS6rH2VW
9740,track,9114,spotify,spotify:track:1hWjIe6XRGRtXFyxlaBrC7
9741,track,9115,spotify,spotify:track:1p50Ir1Hm6Sa1urjaLGi7L
9742,track,9116,spotify,spotify:track:1tfG2xbt0ChyClVTf8imjP
9743,track,9118,spotify,spotify:track:11DzWfaao2zoK1upKWZutS
9744,track,9120,spotify,spotify:track:3GKL13lkM5nRc4zC1lIOrR
9745,track,9121,spotify,spotify:track:2aVQ1EUT7IsYFEWDc5muqR
9746,track,9122,spotify,spotify:track:7jBaUnodzhFJCMaPRC4cD7
9747,track,9123,spotify,spotify:track:2HJDQjmeVCp4wU2KlbdkLe
9748,track,9124,spotify,spotify:track:5c741ZjhqG9GRue6Zbe1Px
9749,track,9125,spotify,spotify:track:7HJofuhw3wp18YuTKq3KiV
9750,track,9126,spotify,spotify:track:1xMCAdYk6Bw5X3s6Ie0V4K
9751,track,9127,spotify,spotify:track:6K5vFt2YLD6NNO83410UQa
9752,track,9128,spotify,spotify:track:62dD6AMgEvZq5OCHAZ7d9a
9753,track,9129,spotify,spotify:track:1ZUgZYc8SuBkRLX7NZVrDH
9754,track,9130,spotify,spotify:track:3Kt91SknouQOmmeg7szDXQ
9755,track,9132,spotify,spotify:track:4k6Uh1HXdhtusDW5y8Gbvy
9756,track,9133,spotify,spotify:track:1lgy5Mb6QKx47vJXmmwIri
9757,track,9134,spotify,spotify:track:3utisM1p90YUtH7yjXyrrY
9758,track,9135,spotify,spotify:track:2WrldKXSBVbNNm3A9vJryi
9759,track,9136,spotify,spotify:track:65dO13qYabE4LDdQmjU4p6
9760,track,9137,spotify,spotify:track:1udwFobQ1JoOdWPQrp2b6u
9761,track,9138,spotify,spotify:track:6ZGoFntcQUWTPGGQPQmecY
9762,track,9139,spotify,spotify:track:3n31mf1JGlRxAGwHwx3pDd
9763,track,9140,spotify,spotify:track:3uFweCfk2Tk4fZzmTMzbRe
9764,track,9141,spotify,spotify:track:14m8FDBybkX7ROmg1AXOpu
9765,track,9142,spotify,spotify:track:1SsbAUqPSt20PhHAuVSDNu
9766,track,9143,spotify,spotify:track:7fsMkFC6OwhFqqYYPipgrO
9767,track,9144,spotify,spotify:track:2ORtT6vXq21ZMLjW3H7TTQ
9768,track,9145,spotify,spotify:track:5050y1NZdlMdTKMLNWv4nl
9769,track,9146,spotify,spotify:track:01uxEKAn9PjVOagvwWOSiS
9770,track,9147,spotify,spotify:track:14l9gwYmyxQu5m8tD5bv0W
9771,track,9148,spotify,spotify:track:6KNNqqLaousABh4LeVhdJ9
9772,track,9149,spotify,spotify:track:3jpZwYrDbX2lQMhHwXjyUD
9773,track,9150,spotify,spotify:track:0qHXyED9mnRk3DnXowUe6Y
9774,track,9151,spotify,spotify:track:0N7KYoFclzCaF5COp7BIlH
9775,track,9152,spotify,spotify:track:6tSemeCMDHYp5gqmKDJcn2
9776,track,9153,spotify,spotify:track:0ANy8lwyUDIfWvLZy6g9qd
9777,track,9154,spotify,spotify:track:6wkcCWy0qkFbIpHNh6dBg5
9778,track,9155,spotify,spotify:track:5IITkOxqG4qbxASeYUlQdr
9779,track,9156,spotify,spotify:track:3iGOhMMCQ2nOMkra3Bpo0f
9780,track,9157,spotify,spotify:track:3H6ULj4SwNvFIBgMEzjWMP
9781,track,9158,spotify,spotify:track:4w1bfkfaTMFl3P7JWx2ht3
9782,track,9159,spotify,spotify:track:6rD0WAb9gy7LREkOduQC16
9783,track,9160,spotify,spotify:track:1GmIFHYT3N2V3G0MoYhEil
9784,track,9161,spotify,spotify:track:1q8DwZtQen5fvyB7cKbShC
9785,track,9162,spotify,spotify:track:44AnNS0mBwYbnVpmLAj049
9786,track,9163,spotify,spotify:track:6vWIjEsC0mhAX3lkeYhCs0
9787,track,9164,spotify,spotify:track:3lKAIzNiCFL9cqPl3Glb5B
9788,track,9165,spotify,spotify:track:3rMQe2is2UAxuhtFjRyYyz
9789,track,9166,spotify,spotify:track:5gAYHuWkL18ccsxM6akJXP
9790,track,9167,spotify,spotify:track:1InX2gJz9jvp4tLOc84DWe
9791,track,9168,spotify,spotify:track:41X9qar6SruZOPLIV7sgUw
9792,track,9169,spotify,spotify:track:4ssI3CWZrlBJYBjK8jGO5f
9793,track,9170,spotify,spotify:track:5RJBFEnpXIAgpInGazKb1F
9794,track,9171,spotify,spotify:track:1iBZqPmS2HjeTm9oRtvwqT
9795,track,9172,spotify,spotify:track:7jn0ATNNqtWgDk8wLYa3gw
9796,track,9174,spotify,spotify:track:5EIkdrmuu2xkoQWOWjoeFY
9797,track,9176,spotify,spotify:track:594suifkodzqXMkJlkKRQd
9798,track,9177,spotify,spotify:track:6M1QxOSjcCBCNnS7GSjd1o
9799,track,9178,spotify,spotify:track:3xYvDtt9IxWn6xJNapCv9u
9800,track,9179,spotify,spotify:track:4w7lBzX0EcDuy8tQLQvjC2
9801,track,9180,spotify,spotify:track:2Ri3R5tB1FlZhYgLMqTjSn
9802,track,9181,spotify,spotify:track:7i3VgdPWy4Cj6xoaiWkWYg
9803,track,9182,spotify,spotify:track:5KXvG7j3Uvs9yyORfjxPv8
9804,track,9183,spotify,spotify:track:2VYVBm7RaE1iM5xju2SCWN
9805,track,9184,spotify,spotify:track:5jcbcNw3MnXSEhYqXM3pcC
9806,track,9186,spotify,spotify:track:6XyxCBp6x3jvtxXvMN5sAA
9807,track,9187,spotify,spotify:track:7L4AtavGZEEDkVw1E0mDYn
9808,track,9188,spotify,spotify:track:0RFHKGVsnkJrs8CScrp7nR
9809,track,9191,spotify,spotify:track:4wI44Qnj9LB2VHJiJElMcJ
9810,track,9192,spotify,spotify:track:0spc6uqlps0sz238P6CHoV
9811,track,9193,spotify,spotify:track:5AdhyCxxguV1wXde1vqgWC
9812,track,9194,spotify,spotify:track:3au0pvHqcTtszysswan6AO
9813,track,9195,spotify,spotify:track:5cZpwmXGzDvBDX9Iv6wXzx
9814,track,9196,spotify,spotify:track:3ym9gIBrWP3LKjiH2kxyr5
9815,track,9197,spotify,spotify:track:0Q8A7MPsoFg72xcVFBsS8Q
9816,track,9198,spotify,spotify:track:06JYno5nqk64Jeg8q2qZKy
9817,track,9199,spotify,spotify:track:7LBdv0ek7Tj2s0bgxmlrC6
9818,track,9200,spotify,spotify:track:1raxsVXIs7WrI8apWGkWDk
9819,track,9201,spotify,spotify:track:22WV03i2lBbwNVCE1g671p
9820,track,9202,spotify,spotify:track:1NlWBpNYAnFT7gMGyC0Y1M
9821,track,9203,spotify,spotify:track:36J0iaPDGbYGsHvYpaYs3k
9822,track,9204,spotify,spotify:track:1ayV64ur8VWgc6OPtPRl1q
9823,track,9205,spotify,spotify:track:1BzXvBpIFWJgu0P8P6xmP4
9824,track,9206,spotify,spotify:track:5WnfnSpuNEGXyEt78PBA6d
9825,track,9207,spotify,spotify:track:5LghBGmNUUwI2BvX2boIdK
9826,track,9208,spotify,spotify:track:46Lx5epWOQBA3J86ovnxmV
9827,track,9209,spotify,spotify:track:5u6vkDnOyaf8LsteDAj2ub
9828,track,9210,spotify,spotify:track:0tdCy39PgWN8LFWu34ORn3
9829,track,9211,spotify,spotify:track:7sO5G9EABYOXQKNPNiE9NR
9830,track,9212,spotify,spotify:track:2D2w9943rsnJOGCrI4aMQp
9831,track,9213,spotify,spotify:track:7LAhKXDNWwq3CmnFP3UIOP
9832,track,9214,spotify,spotify:track:6HR1z11h0ROUlWP4Kx8Z7G
9833,track,9215,spotify,spotify:track:3oxCefEI6Tc6Z6t20J4IvH
9834,track,9216,spotify,spotify:track:7vbjH8laThXpcBXeLNPm3M
9835,track,9217,spotify,spotify:track:6m6Oy3F6GG0zRwH03rWmTv
9836,track,9218,spotify,spotify:track:7vg47qMIEdLfNdTE3WLf0T
9837,track,9219,spotify,spotify:track:3aUFrxO1B8EW63QchEl3wX
9838,track,9220,spotify,spotify:track:4kUZvXB3LC3an3HX6h0s17
9839,track,9222,spotify,spotify:track:4O0xktTx6zrClJ7OPzMpDT
9840,track,9223,spotify,spotify:track:43ZyHQITOjhciSUUNPVRHc
9841,track,9224,spotify,spotify:track:1iDPB2WNsGEWuKycQyDGn6
9842,track,9233,spotify,spotify:track:5LnXWeA9tuWKI2C1H74iiJ
9843,track,9234,spotify,spotify:track:5Ggfa9cpkpfp5D6Rg0Yyw1
9844,track,9236,spotify,spotify:track:3t8pnImpBpOwxdtYBpKvA9
9845,track,9238,spotify,spotify:track:4plEuu27RoZBGCWIkQI7oh
9846,track,9239,spotify,spotify:track:1kn9JsBWIw6qREhDWw0lKb
9847,track,9240,spotify,spotify:track:1gvJi1lm2M4nzHMn7txzbe
9848,track,9241,spotify,spotify:track:7lgvU7WnwcNZ8dbGUz8yhP
9849,track,9242,spotify,spotify:track:0O6jl8Zamz6TGF0nUwMQsF
9850,track,9246,spotify,spotify:track:5cjsgbZ8tZYD4f0LNpApnf
9851,track,9247,spotify,spotify:track:5Tm9At0xeFb0MtlV8uI3eY
9852,track,9248,spotify,spotify:track:5FxVTEpoBress37MmlMhbZ
9853,track,9249,spotify,spotify:track:4HMhDkyOObFngSAz2xeQhK
9854,track,9250,spotify,spotify:track:36ltVroxdokt4IVqNh4EEO
9855,track,9251,spotify,spotify:track:40jxatV29fk82SAziDsPqN
9856,track,9252,spotify,spotify:track:6WSBZroxQaO3FYEpT2ACFH
9857,track,9253,spotify,spotify:track:0gnYo3z19PzAVikI7doinv
9858,track,9254,spotify,spotify:track:5eGEc27nnhtmcOh6RC890a
9859,track,9255,spotify,spotify:track:5Sm1X46tna50RstHZvw072
9860,track,9256,spotify,spotify:track:40Mtjy3zM79tBYMy1R4GLy
9861,track,9258,spotify,spotify:track:1pKCMWn3QAXOhBpUy8L0EF
9862,track,9259,spotify,spotify:track:4uSYZikeka16UNeFPkcr8A
9863,track,9260,spotify,spotify:track:1jJvopaIseWJor5ko3Q5AG
9864,track,9261,spotify,spotify:track:6ZdQdhzevxGJ27YQozoI9V
9865,track,9262,spotify,spotify:track:5VuxWXbt7XENQCtE9TzpTv
9866,track,9263,spotify,spotify:track:0e7ipj03S05BNilyu5bRzt
9867,track,9264,spotify,spotify:track:3swc6WTsr7rl9DqQKQA55C
9868,track,9266,spotify,spotify:track:7AOtINPzQ4N4JVXk7ygZZz
9869,track,9267,spotify,spotify:track:0nbXyq5TXYPCO7pr3N8S4I
9870,track,9268,spotify,spotify:track:7A20WnLkjtZU2d7hIB6Ziu
9871,track,9269,spotify,spotify:track:6kiIVIbmwEw6JvIZc7UG0E
9872,track,9270,spotify,spotify:track:33NoCir8q4WA4HNmyrD3fu
9873,track,9271,spotify,spotify:track:6x0QNM6f0C2JEjK0hFF8Ca
9874,track,9272,spotify,spotify:track:7KK4d7xfH6WjUuK1kPL8E2
9875,track,9273,spotify,spotify:track:4bl1HBZliBuYpFZjWgefE4
9876,track,9274,spotify,spotify:track:3aBL75wBGHJnskegE9jyhb
9877,track,9275,spotify,spotify:track:7y6xHDylozEzDBIHpcRBn4
9878,track,9276,spotify,spotify:track:07KXEDMj78x68D884wgVEm
9879,track,9277,spotify,spotify:track:6In6SkveIw26thdYRhHTVX
9880,track,9278,spotify,spotify:track:47FhiQXgLU47HDBYUDlHsd
9881,track,9279,spotify,spotify:track:0uIFsRx5caF13RunwkgLYt
9882,track,9280,spotify,spotify:track:6ztvsy3C6hPjVg9j4x1XKJ
9883,track,9281,spotify,spotify:track:78X9D3v7OarDPNdTPUV4CQ
9884,track,9282,spotify,spotify:track:3eekarcy7kvN4yt5ZFzltW
9885,track,9283,spotify,spotify:track:2QpGZOhTCHHiKmpSO9FW4h
9886,track,9284,spotify,spotify:track:1ttPzkTSpQUFcEGx8bjerL
9887,track,9285,spotify,spotify:track:7wBJfHzpfI3032CSD7CE2m
9888,track,9286,spotify,spotify:track:78QR3Wp35dqAhFEc2qAGjE
9889,track,9287,spotify,spotify:track:3QzAOrNlsabgbMwlZt7TAY
9890,track,9288,spotify,spotify:track:0hlpJecbVBbxg8YNFaxv8k
9891,track,9289,spotify,spotify:track:4T2dHb8XBYHlVj7Dyo1cW9
9892,track,9290,spotify,spotify:track:73xjJ1TIE6WP3HNKczQE4F
9893,track,9291,spotify,spotify:track:5mJbSgVBnJ4ayOjFdmyOdl
9894,track,9292,spotify,spotify:track:0M2ZekrsEkru9Xp5rWnouQ
9895,track,9294,spotify,spotify:track:6Ozh9Ok6h4Oi1wUSLtBseN
9896,track,9295,spotify,spotify:track:59ywHNwwchG4nZJMLyxSzd
9897,track,9296,spotify,spotify:track:42zd6DYQ4o4SECmTITrM1U
9898,track,9297,spotify,spotify:track:4SWWe2OYC4mqf40Gc2RSdl
9899,track,9298,spotify,spotify:track:1SedJ3dLWoCqnPIGeEMUJH
9900,track,9299,spotify,spotify:track:5zEsv2Uz9r7J5pGpCRdeTx
9901,track,9300,spotify,spotify:track:6uJONCdr2rC65BNmCnTBWK
9902,track,9301,spotify,spotify:track:2WsuSYJNXGKXVYkHPnq2yp
9903,track,9302,spotify,spotify:track:4WYPYB8KMzxyW85TQxR44X
9904,track,9303,spotify,spotify:track:4W9XGjEUVG9junR70FOLii
9905,track,9304,spotify,spotify:track:0uxSUdBrJy9Un0EYoBowng
9906,track,9305,spotify,spotify:track:6klLvorLoo1sxvZcjJIY8I
9907,track,9306,spotify,spotify:track:7lAK3oHbfEnvUQWosrMMpR
9908,track,9307,spotify,spotify:track:0LMgvEwpTKbo2fHS7Qcypy
9909,track,9308,spotify,spotify:track:5rU6kDNXZLXIinFezpbWbO
9910,track,9309,spotify,spotify:track:3BYIzNZ3t9lRQCACXSMLrT
9911,track,9310,spotify,spotify:track:69fnnbeoZO9h16CUZGIbTG
9912,track,9311,spotify,spotify:track:27a1mYSG5tYg7dmEjWBcmL
9913,track,9312,spotify,spotify:track:7IMwEtpAiJanqF6vQteZN2
9914,track,9313,spotify,spotify:track:1QeINgfrChhPz8w7BVAJux
9915,track,9314,spotify,spotify:track:2oFdrFpXDgPcszmfWaKboI
9916,track,9315,spotify,spotify:track:3E1VoxJZ1JO8xhlxite5bn
9917,track,9316,spotify,spotify:track:6SPgp2qK3fb4wPX1SldrNf
9918,track,9317,spotify,spotify:track:2MShy1GSSgbmGUxADNIao5
9919,track,9318,spotify,spotify:track:39Yp9wwQiSRIDOvrVg7mbk
9920,track,9319,spotify,spotify:track:1xYpVRspgaLxdJLOTQkTjg
9921,track,9320,spotify,spotify:track:6OaVWaGfhXn70ZJfdVcabn
9922,track,9324,spotify,spotify:track:3nAq2hCr1oWsIU54tS98pL
9923,track,9325,spotify,spotify:track:30Zcjs7pgEkmJA1lEbGSWT
9924,track,9326,spotify,spotify:track:2aqe2NgAwmMlPgtf1MnGoy
9925,track,9327,spotify,spotify:track:7CljHb1CCvLy7YGwXUQnfR
9926,track,9328,spotify,spotify:track:6yYrEo7y7GI4EMGS5KiIIq
9927,track,9329,spotify,spotify:track:0nMIuZcpwXB6YRdI5cgTN5
9928,track,9330,spotify,spotify:track:3omRDWFuCq9GOpjEyiPceM
9929,track,9331,spotify,spotify:track:0dhNXIXENKGfa7opvJVAWO
9930,track,9332,spotify,spotify:track:3Hcn3NlLeDU4uQf0qJaaMt
9931,track,9333,spotify,spotify:track:2JJyDmd6BzTn6UMuJmyK1f
9932,track,9334,spotify,spotify:track:4cZ4XDPIXrSjmzKnJ2iUHq
9933,track,9335,spotify,spotify:track:0RWfNXSCD9Pc5Xll1eWgQE
9934,track,9336,spotify,spotify:track:24ZmtnPnylo5PuEo3hWqvK
9935,track,9337,spotify,spotify:track:39MMKfFQrXnIsmKMEydozb
9936,track,9339,spotify,spotify:track:2H4MsAq1bT8Wr78Sc8WFJg
9937,track,9340,spotify,spotify:track:0wpWOmB9Z2LBqmM2dtlqtQ
9938,track,9341,spotify,spotify:track:2cnKST6T9qUo2i907lm8zX
9939,track,9342,spotify,spotify:track:4KW1lqgSr8TKrvBII0Brf8
9940,track,9344,spotify,spotify:track:432hUIl3ISDeytYW5XBQ5h
9941,track,9345,spotify,spotify:track:20r94xA0bsYNLtYSiOE6r3
9942,track,9346,spotify,spotify:track:1ZnA4VYOlYIShuGt60LmCs
9943,track,9347,spotify,spotify:track:2CHmgtK8OCL28WtIK96u4N
9944,track,9348,spotify,spotify:track:0zLClc0emc6qUeV1p5nc99
9945,track,9349,spotify,spotify:track:3cCxoOgfi6hgt8MNteuiiD
9946,track,9353,spotify,spotify:track:43xzI2dp9CTUsmZXjm1voH
9947,track,9354,spotify,spotify:track:7mgVenws8AB44VPNGY56NQ
9948,track,9357,spotify,spotify:track:5FYu8uBB6E11mepU601601
9949,track,9358,spotify,spotify:track:4X5xWMINgGA6l0GoyYkMcr
9950,track,9359,spotify,spotify:track:53FQV9Zl0E1GuZ70bPqyOp
9951,track,9360,spotify,spotify:track:1jOKKaj9Fbt66MCiweD6WK
9952,track,9361,spotify,spotify:track:7CbjZ54gqfh2G4cG4HQzzX
9953,track,9362,spotify,spotify:track:1YWE7cMqo4iVNdPTpH4Khj
9954,track,9363,spotify,spotify:track:7IDJ19VgYwZSzDH5Ku5FT9
9955,track,9364,spotify,spotify:track:66Q3fAmSX5eHamgbKa9alP
9956,track,9365,spotify,spotify:track:0yhxBvedRdGxsPZHJNI4VA
9957,track,9366,spotify,spotify:track:1qsHYUd2c1wFGcn7e63QmG
9958,track,9367,spotify,spotify:track:3U21A07gAloCc4P7J8rxcn
9959,track,9368,spotify,spotify:track:1nGoy0cEj0extAwXYNYTWd
9960,track,9369,spotify,spotify:track:35KV2Nuib6jPMVN00O8iba
9961,track,9370,spotify,spotify:track:7vgTNTaEz3CsBZ1N4YQalM
9962,track,9371,spotify,spotify:track:3s7MCdXyWmwjdcWh7GWXas
9963,track,9372,spotify,spotify:track:4QZxGuNnoAth7qxzVOd3oR
9964,track,9373,spotify,spotify:track:58k32my5lKofeZRtIvBDg9
9965,track,9375,spotify,spotify:track:5IaDjUnitDhXbC5vboSiOi
9966,track,9376,spotify,spotify:track:2UVbBKQOdFAekPTRsnkzcf
9967,track,9377,spotify,spotify:track:3zrks1xFx1ATYzEx5mX3Q8
9968,track,9379,spotify,spotify:track:6bGwKHXHNLmTy6yt147FPh
9969,track,9380,spotify,spotify:track:3HgA5R5alihocnOYE9ihpS
9970,track,9381,spotify,spotify:track:2BuBXn15gj4MNYZydyWgrk
9971,track,9382,spotify,spotify:track:4LKSaRoKNnlpKXTT663BrT
9972,track,9383,spotify,spotify:track:5vnuJ8EopkP5dHukpOmT3L
9973,track,9384,spotify,spotify:track:6cpsixIHI63L0hwh3CwZg3
9974,track,9385,spotify,spotify:track:2YaDRtIlQiZ5WDDB2YuEOC
9975,track,9386,spotify,spotify:track:5mZJwWdxAOR4xUvSGZvvMU
9976,track,9387,spotify,spotify:track:7sBwAWyXfiIgrYQ8BaJESH
9977,track,9388,spotify,spotify:track:2Gnsof1hvZzjE1xdLRpjtf
9978,track,9389,spotify,spotify:track:6Z01gUquJsjJC67uNWm6P0
9979,track,9390,spotify,spotify:track:03JDxyieJywpw3kSz3eVLn
9980,track,9391,spotify,spotify:track:1D3z6HTiQsNmZxjl7F7eoG
9981,track,9392,spotify,spotify:track:0GAyuCo975IHGxxiLKDufB
9982,track,9393,spotify,spotify:track:7hcv7bhiStn7kMgERTEORQ
9983,track,9394,spotify,spotify:track:4ygQUye7obtqhSltSxp18H
9984,track,9395,spotify,spotify:track:6Oe5tmI1bfguCp6dKHbSj6
9985,track,9396,spotify,spotify:track:4mG24hii9mpF0DbhpB0oW8
9986,track,9397,spotify,spotify:track:4E4nDfmBWrhZ60zqAjZri8
9987,track,9398,spotify,spotify:track:4NBQVFmu2R7lmRU3yoSMm4
9988,track,9402,spotify,spotify:track:586xfl7VsCFPD9z5iJoKEp
9989,track,9405,spotify,spotify:track:7t1lBIr3WIEtqQEOdZFMUf
9990,track,9406,spotify,spotify:track:6xxvhqxfBAhAOsf8OJ5shT
9991,track,9407,spotify,spotify:track:5uQOauh47VFt3B2kV9kRXw
9992,track,9408,spotify,spotify:track:1Kmkp970rVmzoQLJfOvkYo
9993,track,9409,spotify,spotify:track:0SRRejumehaZSuf1BJ6rVA
9994,track,9410,spotify,spotify:track:64Dy3qJDCFug6CySbswdbO
9995,track,9411,spotify,spotify:track:0AhJag7VI8uFf3mJFsTwvf
9996,track,9412,spotify,spotify:track:7GX5flRQZVHRAGd6B4TmDO
9997,track,9413,spotify,spotify:track:1xzBco0xcoJEDXktl7Jxrr
9998,track,9414,spotify,spotify:track:2xLMifQCjDGFmkHkpNLD9h
9999,track,9415,spotify,spotify:track:4SZepBIPDRwPaHIjAKwRDb
10000,track,9416,spotify,spotify:track:28qA8y1sz0FTuSapsCxNOG
10001,track,9417,spotify,spotify:track:0fX4oNGBWO3dSGUZcVdVV2
10002,track,9420,spotify,spotify:track:6NMtzpDQBTOfJwMzgMX0zl
10003,track,9421,spotify,spotify:track:20MuVazoNMv6xjKPnRFOxG
10004,track,9422,spotify,spotify:track:2cYqizR4lgvp4Qu6IQ3qGN
10005,track,9423,spotify,spotify:track:2Zy7XVdxyZQB8xp5xbpJdl
10006,track,9424,spotify,spotify:track:33zbOXJSwW7uf4VXXWow2O
10007,track,9425,spotify,spotify:track:1Ci4wASMY4xtKVMeHA6Sd5
10008,track,9426,spotify,spotify:track:1cZlBZwnwGPtYeRIeQcoFh
10009,track,9427,spotify,spotify:track:5Ks5ENUFNQDfaqxjZnCkVJ
10010,track,9428,spotify,spotify:track:7KZ5MMVgBVox9ycroB2UrI
10011,track,9429,spotify,spotify:track:7adbMZF8ctKOaEFBkA5Qxp
10012,track,9430,spotify,spotify:track:3RggvsU6oGcPDh7kiB0JlT
10013,track,9431,spotify,spotify:track:13UwMzu3XnYHyIIWQRGyn2
10014,track,9432,spotify,spotify:track:0tgAhrvNPhSyMZR0wWbv6Z
10015,track,9433,spotify,spotify:track:1vvnYpYEMVB4aq9I6tHIEB
10016,track,9434,spotify,spotify:track:77IAeEz8LEchPN8UNjaTJ2
10017,track,9435,spotify,spotify:track:32vE1nuG8T9c8bhmZdRY6d
10018,track,9436,spotify,spotify:track:1Z0cZI0UzNbP9L8MzzGxqf
10019,track,9437,spotify,spotify:track:6kksmL4t09IgxhajuVDDxR
10020,track,9438,spotify,spotify:track:0qHPxjC83zQYcxe39xSShx
10021,track,9439,spotify,spotify:track:1o0kWPueYo94LIjPYOE5Nf
10022,track,9440,spotify,spotify:track:0MRZ9nMoLc7qQ8Nhovv8C8
10023,track,9441,spotify,spotify:track:3jg8bevUzKYONDLBBQquif
10024,track,9442,spotify,spotify:track:4KYS9GK68yeuUJ8vJfPxrq
10025,track,9443,spotify,spotify:track:6BKAKoo7J2vwJGZJs5dhGD
10026,track,9448,spotify,spotify:track:0mL82sxCRjrs3br407IdJh
10027,track,9449,spotify,spotify:track:58TaFP5j5i9swOf584yon2
10028,track,9450,spotify,spotify:track:6vnfObZ4Ys70SBAtti1xZ9
10029,track,9451,spotify,spotify:track:2KLwPaRDOB87XOYAT2fgxh
10030,track,9452,spotify,spotify:track:0pAnXyMsHa21bYfxeyhWoF
10031,track,9453,spotify,spotify:track:4qFixB6NCpNqdrtlPKpNQE
10032,track,9454,spotify,spotify:track:10pinuboeyV8mpGtS4ehGg
10033,track,9455,spotify,spotify:track:2YCCy7Goytf4anieGkEk8Q
10034,track,9456,spotify,spotify:track:2XaInsPPUkZRkY4uFJ3AHK
10035,track,9457,spotify,spotify:track:3jhhOgKj8micw1e8PaI9lu
10036,track,9458,spotify,spotify:track:6RFGykMl5wP1gMPccCY9oB
10037,track,9459,spotify,spotify:track:5HtziFfFGxXpugCqZaAHoY
10038,track,9460,spotify,spotify:track:2oMmmFRtOkfffTQB7JC3mP
10039,track,9461,spotify,spotify:track:5StUs128KSibE16fxntBSL
10040,track,9462,spotify,spotify:track:4GXl8l1MfZPf2GvpyRPJBf
10041,track,9463,spotify,spotify:track:1BSA5I386L2IAmFQURYjIz
10042,track,9464,spotify,spotify:track:1yKLa9X63tBfvLojNOw9y8
10043,track,9465,spotify,spotify:track:6pRkwu4Pt9d7Ki6g4ppOYj
10044,track,9466,spotify,spotify:track:5cgEadiGKjtTP1Q6NJqVP5
10045,track,9468,spotify,spotify:track:3SEd8nPd8MpGwk6ZZ8tk2j
10046,track,9469,spotify,spotify:track:33JcUj9qQDayKswunZP9ar
10047,track,9470,spotify,spotify:track:3rgqGcnklso8tivnPTsdTk
10048,track,9471,spotify,spotify:track:7Fo7PmFuA11TCRwD2fOvtL
10049,track,9472,spotify,spotify:track:69htku8D961lZe0FLZ2GmR
10050,track,9473,spotify,spotify:track:18jBucTqAk3FFWG85M44Ud
10051,track,9474,spotify,spotify:track:5Qg3T1QTxvap0eNKSqDNQj
10052,track,9475,spotify,spotify:track:6RF4smE4ADAJRk85Hntzk9
10053,track,9476,spotify,spotify:track:7okKvdleT3J4My0srfGEWG
10054,track,9477,spotify,spotify:track:3pabcCisyWJGR84cUdrBPy
10055,track,9478,spotify,spotify:track:6iQ5pIHFAupYWBt1FXGGIy
10056,track,9479,spotify,spotify:track:7nh6zg7NkzSzOH7cQEoEl0
10057,track,9480,spotify,spotify:track:2b8hnsqhZp1Mk9ciROco3x
10058,track,9481,spotify,spotify:track:4hoUJPX2vPZegLSEOm85eB
10059,track,9482,spotify,spotify:track:5ElFtY6kvyjkv2E2KVfzHB
10060,track,9483,spotify,spotify:track:62vjvGMCVRTbglOjYMZkX9
10061,track,9484,spotify,spotify:track:4F9vdsZgNvci1hszveARWn
10062,track,9485,spotify,spotify:track:4k2l5T9ulYdnlQzlmzSqUI
10063,track,9486,spotify,spotify:track:1x6Zk7hoTIlSOFNZnyxjZD
10064,track,9487,spotify,spotify:track:0GR7iJLhj80KD5LkA14ZRn
10065,track,9488,spotify,spotify:track:5tFep7dXGd7vEJ668wTPux
10066,track,9489,spotify,spotify:track:2cZRGrMM82Xoh9SYsO46hR
10067,track,9490,spotify,spotify:track:3GkPj0wFK2OoHm2r8IR1Jb
10068,track,9491,spotify,spotify:track:73LAIbdrQkGlMlRPO2OvYT
10069,track,9492,spotify,spotify:track:4oPNN7syJYSjzDhRerF966
10070,track,9493,spotify,spotify:track:1XRgIKC5TPwo7nWGyKqgG0
10071,track,9494,spotify,spotify:track:2S5BWqOxTHeFU3SrWMKIV9
10072,track,9495,spotify,spotify:track:0evVIHGlp94jOUMvoQZRVD
10073,track,9496,spotify,spotify:track:3K0R26YFLQAoK4JQA7MRCJ
10074,track,9497,spotify,spotify:track:4yXLpRav9adWxNnpzUsrhe
10075,track,9498,spotify,spotify:track:4ezAjoV01phDz1SqO6SzEU
10076,track,9499,spotify,spotify:track:3BjqCT1ybf5QCobFYTTKLk
10077,track,9500,spotify,spotify:track:3Nph0DxiNM2pU2cu3bvheS
10078,track,9501,spotify,spotify:track:3i1B1PnsfnOQPGVIzhf1lr
10079,track,9502,spotify,spotify:track:428JUvntvW20r9hOOpFAao
10080,track,9503,spotify,spotify:track:6CTWathupIiDs7U4InHnDA
10081,track,9504,spotify,spotify:track:0At2qAoaVjIwWNAqrscXli
10082,track,9505,spotify,spotify:track:569FxaE4ulzhgeAicU62tL
10083,track,9506,spotify,spotify:track:2kofUfdako911c3g8PfnxM
10084,track,9507,spotify,spotify:track:0RHDD08v8DAZsb60cwzgih
10085,track,9508,spotify,spotify:track:2V4eAawNoRSM5C2MZIosdg
10086,track,9509,spotify,spotify:track:2kh78Yka2tkYOx3XF9DVpu
10087,track,9511,spotify,spotify:track:6jUrMhP9t33XVHCg1ZacCO
10088,track,9512,spotify,spotify:track:09WkOmmVBwqii0dT7SdRTQ
10089,track,9513,spotify,spotify:track:3Mo5lIwdQnSYsEtUp2a1N6
10090,track,9514,spotify,spotify:track:5aozioXEMgxyttOvxCsckp
10091,track,9515,spotify,spotify:track:5Zvp0QO5e9cGhYHywdrfyQ
10092,track,9516,spotify,spotify:track:4vFWITHOCiWoM9PnMXAbgY
10093,track,9518,spotify,spotify:track:5YPQPhF6Y0ZuNCxX6fFxiL
10094,track,9519,spotify,spotify:track:0BKXZkU8oGad58MyTFyFXu
10095,track,9521,spotify,spotify:track:5BQrp63SHCVf4bzCzJePne
10096,track,9522,spotify,spotify:track:0Y7di9ZCmB6Elad5WISaPc
10097,track,9523,spotify,spotify:track:0CBQ0m3mufWH75LTYB3s6h
10098,track,9524,spotify,spotify:track:0dbTQYW3Ad1FTzIA9t90E8
10099,track,9525,spotify,spotify:track:3JX0dOCIAiaR8MP3ryXWuM
10100,track,9528,spotify,spotify:track:6ZRuF2n1CQxyxxAAWsKJOy
10101,track,9529,spotify,spotify:track:7t2bFihaDvhIrd2gn2CWJO
10102,track,9530,spotify,spotify:track:621D3I6QDKZkN6fbFOqavI
10103,track,9531,spotify,spotify:track:3ku6p6J1RrdJ9psKJMqWvi
10104,track,9532,spotify,spotify:track:4nxSEcO1rK0wtYswNpMH2U
10105,track,9533,spotify,spotify:track:7dVaVhR3xiXclSY6eAOtdw
10106,track,9534,spotify,spotify:track:4JGBFzdgko5YaoaY9kN6cS
10107,track,9535,spotify,spotify:track:532mr72sTvF5orwno3gm0a
10108,track,9536,spotify,spotify:track:0QIjsbm2fh1cJ45XO9eGqq
10109,track,9537,spotify,spotify:track:3mDJbXIpV9osy8d3TCw9hh
10110,track,9538,spotify,spotify:track:0JvnmNjMnTQMRizhrKzMSO
10111,track,9539,spotify,spotify:track:7olLalvjhct2Hb4KiSjvdN
10112,track,9543,spotify,spotify:track:0LGYz76x0fE2JeUcKDpcvc
10113,track,9544,spotify,spotify:track:1vJvwNUE99zqvu62iKCzJd
10114,track,9545,spotify,spotify:track:6sppiVa0w9Lfi7m8NVwTsf
10115,track,9546,spotify,spotify:track:1VNvsvEsUpuUCbHpVop1vo
10116,track,9547,spotify,spotify:track:2HGPwnDkObM0QxHduiQQf7
10117,track,9548,spotify,spotify:track:2hRx649mlo5boO1jfDe03O
10118,track,9549,spotify,spotify:track:5PHajk1v9B4z9ubkhDrFj6
10119,track,9550,spotify,spotify:track:4FFaOQHk9j1QknVLyIPUxl
10120,track,9551,spotify,spotify:track:3G98iZXs933j4EkqACWfka
10121,track,9552,spotify,spotify:track:3A3hHhvB7PlwyTnesoLk8d
10122,track,9553,spotify,spotify:track:2G1tXoGBaEMJ7FKGnkf6ud
10123,track,9554,spotify,spotify:track:1qbqP15RKuH5UHbHkuSsmm
10124,track,9555,spotify,spotify:track:1PVqF4hZ1D86NNU4jP3I6L
10125,track,9556,spotify,spotify:track:4s3mtH4T50irWaOZwulczy
10126,track,9561,spotify,spotify:track:1LnxHwRGmcMfRCR64u2WuS
10127,track,9562,spotify,spotify:track:4HpHxkrqIBMMpQwygJVxZH
10128,track,9564,spotify,spotify:track:5fpEDGQX0Ah3utGnFYulQZ
10129,track,9565,spotify,spotify:track:0PJPdzSGILLvfBbXgx45Dp
10130,track,9567,spotify,spotify:track:1Ke6bqdvdGJF1ftvuO8qtP
10131,track,9568,spotify,spotify:track:6lXGIJbyM4YBjK6CzIce25
10132,track,9569,spotify,spotify:track:6UjfByV1lDLW0SOVQA4NAi
10133,track,9570,spotify,spotify:track:3OEttNsQ5wxgDMAtvhErnp
10134,track,9571,spotify,spotify:track:6wXAF1Y1zn6PR93NqxF6I8
10135,track,9572,spotify,spotify:track:0KA5Cc68h9qitLwTadHBpa
10136,track,9573,spotify,spotify:track:17DjWsC0G9YQtAiepG3c5v
10137,track,9574,spotify,spotify:track:2yuyaYAELoMG4ApV5wJsWR
10138,track,9575,spotify,spotify:track:17HlhTU351nr8MncIGppDk
10139,track,9576,spotify,spotify:track:3zyySJVPMSDF57tB7KbWlI
10140,track,9577,spotify,spotify:track:0vjeOZ3Ft5jvAi9SBFJm1j
10141,track,9578,spotify,spotify:track:59nOXPmaKlBfGMDeOVGrIK
10142,track,9579,spotify,spotify:track:4Ew8VKrbgrjCt9r2AuItFm
10143,track,9580,spotify,spotify:track:5qgFgsrrxOjyPmX5YCuK2E
10144,track,9581,spotify,spotify:track:3lzUeaCbcCDB5IXYfqWRlF
10145,track,9582,spotify,spotify:track:6CmpZfKUQ2KerzBFZ3QKFr
10146,track,9583,spotify,spotify:track:5qbhVL3vB7HwWvb0042B7y
10147,track,9584,spotify,spotify:track:5G4uLkFKdEZLcuNyeomQmE
10148,track,9585,spotify,spotify:track:1qbADMsKCFmu08MhWPTZpb
10149,track,9586,spotify,spotify:track:4VIznE5GISZrFlTxFNE7Pc
10150,track,9587,spotify,spotify:track:5Mkbqot9JUaN5XhRgqITME
10151,track,9588,spotify,spotify:track:4GyURcXU3cNRMMDJmd1hH9
10152,track,9589,spotify,spotify:track:3F5CgOj3wFlRv51JsHbxhe
10153,track,9590,spotify,spotify:track:3qteueZgzBEobeoV7rgCut
10154,track,9591,spotify,spotify:track:6Ecv0YG6QR0Zggsdw3u3mb
10155,track,9592,spotify,spotify:track:2uc0X6pNcBzF0qofoTchJb
10156,track,9593,spotify,spotify:track:706NuVviwPA1BBI2XkDui5
10157,track,9594,spotify,spotify:track:1jRvrXujydjzuOJ1P4U3D3
10158,track,9595,spotify,spotify:track:2Z5MbKovyels3EXitye0eo
10159,track,9596,spotify,spotify:track:2mZMfc0BWhDOjcaywy2bOe
10160,track,9597,spotify,spotify:track:4AuNQhhs5c7BFy5FtlL2fH
10161,track,9599,spotify,spotify:track:5Gt9bxniM1SxN61yRzRhXL
10162,track,9600,spotify,spotify:track:2g6tReTlM2Akp41g0HaeXN
10163,track,9601,spotify,spotify:track:15pyFQHCTVp6T7vaWctSgO
10164,track,9603,spotify,spotify:track:2Fq5o2kLhNssLiRATRcPFT
10165,track,9608,spotify,spotify:track:124DjfCOxrqEXpHD04Hk8i
10166,track,9611,spotify,spotify:track:6VWIznKmAzqd0fbfmTqCKm
10167,track,9614,spotify,spotify:track:4ZLNj4Zlp6XZ3WAVpPQEnq
10168,track,9615,spotify,spotify:track:56v9rDimPLva4qlWfsr3S8
10169,track,9617,spotify,spotify:track:22DYLSLl5MVjkhCWmRzYjy
10170,track,9619,spotify,spotify:track:6OCYTygzbVwil2UFkREQiD
10171,track,9620,spotify,spotify:track:0HiXgoqGHeWvvVXBxq7ztr
10172,track,9621,spotify,spotify:track:6SI4JD7iyQ0rrudhCNtMv0
10173,track,9622,spotify,spotify:track:4voEoczU7Ijborps9XF1n3
10174,track,9625,spotify,spotify:track:1z1btB03Hw1gYwSLPlt67z
10175,track,9626,spotify,spotify:track:3PA9dH8cT0wR5UW4XkC44Y
10176,track,9627,spotify,spotify:track:0PV1TFUMTBrDETzW6KQulB
10177,track,9628,spotify,spotify:track:3YzxXVNHGZF09eGqhsYuHI
10178,track,9629,spotify,spotify:track:1crT4b1YmKckWpK23mSnnO
10179,track,9630,spotify,spotify:track:0zQaspHCFfYq6UD187tgph
10180,track,9631,spotify,spotify:track:40MBXNNZEMbNp7FAj3s6g0
10181,track,9632,spotify,spotify:track:68fnFGK2ChVyxTBeHPQ6FI
10182,track,9633,spotify,spotify:track:2wZuiatTX40PbNzGAQj3DT
10183,track,9634,spotify,spotify:track:63wNnMiDysfeECddzqFk8F
10184,track,9635,spotify,spotify:track:5oEVxzfDc9PYH7zWRBZB7W
10185,track,9636,spotify,spotify:track:27Ce1FgVTuZgRNQWp7OOaD
10186,track,9637,spotify,spotify:track:5RS7qhJzQnw5zLF7D7tXsN
10187,track,9638,spotify,spotify:track:1ENAUhyZKLYaZuItF9xB2X
10188,track,9639,spotify,spotify:track:5sxRbu2Oi9lgmLO8taA3Rf
10189,track,9640,spotify,spotify:track:6bCbBTw3mqHWQwhFMMaOOq
10190,track,9641,spotify,spotify:track:79NNAu4BprZ1E1ei89Qjdy
10191,track,9642,spotify,spotify:track:33bsk1Zn8QAAJnE7erlCtP
10192,track,9643,spotify,spotify:track:1EXLrnWB2apXUnrBJma6A6
10193,track,9644,spotify,spotify:track:47Km66AvBTS5XDxExQRsP9
10194,track,9645,spotify,spotify:track:2MZFUhF9RZeCdUSR2wGEuQ
10195,track,9646,spotify,spotify:track:2TMmxS4qWwfZ5h2xwaDFsY
10196,track,9647,spotify,spotify:track:0RoV9OBxlqxkzFEv6LAm84
10197,track,9648,spotify,spotify:track:1Aa4s3YjqCvdgzw1Sd5gOd
10198,track,9649,spotify,spotify:track:68xjJPxtRpCKxtrTtRYVF9
10199,track,9650,spotify,spotify:track:5ymeWF4xUaphxJz6KdvYkm
10200,track,9651,spotify,spotify:track:4q7nuppxkJA4yw9QZD75hM
10201,track,9652,spotify,spotify:track:5NjFprslEsn5WjyjCopzqJ
10202,track,9653,spotify,spotify:track:0y9uTzK9cNKSAEHnpeRG8C
10203,track,9654,spotify,spotify:track:1n4jwRVXdkK2U34nBDUKKT
10204,track,9655,spotify,spotify:track:4BHSjbYylfOH5WAGusDyni
10205,track,9656,spotify,spotify:track:6IZvVAP7VPPnsGX6bvgkqg
10206,track,9657,spotify,spotify:track:06FCvd7rrRcF3DdvWH5Isp
10207,track,9658,spotify,spotify:track:4iYRa2btalAzPZoSYfROqF
10208,track,9659,spotify,spotify:track:5p3NP9mQblDsVJLdfNZJ3I
10209,track,9660,spotify,spotify:track:3u8DILukAtNQty26QW5Or8
10210,track,9661,spotify,spotify:track:3X8qM7wWcJ7z1EF7YWOWkb
10211,track,9662,spotify,spotify:track:07AeOj8Ttzn15wZtZLGKsc
10212,track,9663,spotify,spotify:track:0jHjV5YnjEi9b0BrdCfh4R
10213,track,9664,spotify,spotify:track:6OaEDkmHRShOceKMVJRVSL
10214,track,9665,spotify,spotify:track:3PFrimUx7q5mL9wmx8hiJU
10215,track,9666,spotify,spotify:track:1LHUZkEwAickmtmQID8QgH
10216,track,9667,spotify,spotify:track:0biLdTuAgLM40pKX4BN3GH
10217,track,9668,spotify,spotify:track:53NLq6SSyKSkLBdWkoYrE7
10218,track,9669,spotify,spotify:track:18M1K6KD1OmgJZY4h4zEn4
10219,track,9671,spotify,spotify:track:0KBg8fop4DsefGLKkkuenn
10220,track,9672,spotify,spotify:track:6lhlzSra6YxSPWw5lzv7hG
10221,track,9673,spotify,spotify:track:0eazZ0OZtEGcNug0xL7wbS
10222,track,9674,spotify,spotify:track:6Nit8zUQiZ53JfkLgoID6h
10223,track,9675,spotify,spotify:track:0iN3vsrlFuwsRcY63u6aZw
10224,track,9676,spotify,spotify:track:7xemBaUtcXqhHbNQU9zGcM
10225,track,9677,spotify,spotify:track:4NCWqyJW2460aGgt6YYAJt
10226,track,9678,spotify,spotify:track:7MzTgNWj3HVpFNMXnY3fmk
10227,track,9679,spotify,spotify:track:1IfELgl6y4O99Tp3jTGYOv
10228,track,9680,spotify,spotify:track:60Cti8CrcbEQTmTHq8R0tC
10229,track,9681,spotify,spotify:track:4xxcd6cnmFfj67AmnaF6tc
10230,track,9682,spotify,spotify:track:6ZA3Q8Dj5BrnmOsT300DCh
10231,track,9683,spotify,spotify:track:3FsqOTQT3d7c296eStnEnl
10232,track,9684,spotify,spotify:track:0LLKhrm54tp36K2MbgBfAA
10233,track,9685,spotify,spotify:track:1waqS2zPI3Z1zTvJOa2hVC
10234,track,9686,spotify,spotify:track:73pz1RTwUBpKO286c9zhzT
10235,track,9687,spotify,spotify:track:4pfhCrRk6P2tMU2D0Mb2z5
10236,track,9688,spotify,spotify:track:5IZpEuLMO5lEmN1Rr008p8
10237,track,9689,spotify,spotify:track:3nYRRPC3un32wq7bbHDitX
10238,track,9690,spotify,spotify:track:77EseIwL4dnUACjF3YmDWz
10239,track,9691,spotify,spotify:track:4jtkMB1q0M4icd8Xnwpiwx
10240,track,9692,spotify,spotify:track:3172bQcerznXn3Yjg4rFpr
10241,track,9693,spotify,spotify:track:7lMRNhnCVJwFxEOl3dkT8X
10242,track,9694,spotify,spotify:track:5miZ7ZA8XJX0zGaTmtyzXn
10243,track,9695,spotify,spotify:track:6kbdqHswspfnrbshTviw9j
10244,track,9696,spotify,spotify:track:694bfQxRx7AwIN4h06H7Hz
10245,track,9699,spotify,spotify:track:7vL9rAHS2fLo8EjvGvtWr7
10246,track,9700,spotify,spotify:track:7J2gyNghNTzl4EsLhXp01Q
10247,track,9701,spotify,spotify:track:2qvc0vB4AAW39DR9j6vXa1
10248,track,9702,spotify,spotify:track:4OHCOBWfQDlZxppZNBNvQp
10249,track,9703,spotify,spotify:track:3x8x2rHxEQ497j3GolrDTE
10250,track,9704,spotify,spotify:track:2jpd11oy0FGFebu6BpKSse
10251,track,9705,spotify,spotify:track:3pKh2NjlRW7H7MutYmJg9Q
10252,track,9706,spotify,spotify:track:2CVcfKxoTi6yYRS3ziGtBP
10253,track,9707,spotify,spotify:track:44lmWeFit9MawIElDxVeQT
10254,track,9708,spotify,spotify:track:6kRjMNfcKqzZIM46JiIEgZ
10255,track,9709,spotify,spotify:track:6ILasKSnspGyJ5plgJTXlG
10256,track,9710,spotify,spotify:track:0zcJGjp6tHh6CnDsGktacx
10257,track,9711,spotify,spotify:track:0CS1B8lzrPEumL1N3yinaS
10258,track,9712,spotify,spotify:track:6QhVe4axS0WK0XHxxcZAxe
10259,track,9713,spotify,spotify:track:31yoOdpVUdqzrjNG5PFILI
10260,track,9714,spotify,spotify:track:3GhvrVFYJpJP8U0w6F6fBL
10261,track,9715,spotify,spotify:track:01Ch5LzVStxCFPKkT1xg6k
10262,track,9716,spotify,spotify:track:5CRkUL8PwtIbYCUjXUkZCh
10263,track,9717,spotify,spotify:track:2KokOIKdw4zZutDil85Ugh
10264,track,9719,spotify,spotify:track:10RJKj63vLhQe10ZZWsbaf
10265,track,9720,spotify,spotify:track:4iljHEMABLr87CGhCZRltG
10266,track,9721,spotify,spotify:track:3scptj8Idke3JxqmewOlJ9
10267,track,9722,spotify,spotify:track:6BZFzi6roce3ZBQ6dq13f7
10268,track,9723,spotify,spotify:track:07ZC0qJ896Hc3VPPPq1ckD
10269,track,9724,spotify,spotify:track:0bKg2V6xY47U5UCU7QuoAX
10270,track,9725,spotify,spotify:track:5Rf8APWCj5VFj3n5SUX8qe
10271,track,9726,spotify,spotify:track:5Sm08JShmrW4eJYQgEUcSV
10272,track,9727,spotify,spotify:track:643PW82aBMUa1FiWi5VQY7
10273,track,9728,spotify,spotify:track:6HfOzLLjsaXsehIFEsrxTk
10274,track,9729,spotify,spotify:track:1ylymaTbSjggG7TaItdRkI
10275,track,9730,spotify,spotify:track:7ycWLEP1GsNjVvcjawXz3z
10276,track,9731,spotify,spotify:track:7DcvwMAiqKJQD1rrdfxSDx
10277,track,9732,spotify,spotify:track:2QqJTIlGKRLJC3onkavYEz
10278,track,9733,spotify,spotify:track:2nBI3iWLhupR7LyAJ5GGkE
10279,track,9734,spotify,spotify:track:1rZah1UGXvgiQCqLVlq4hS
10280,track,9735,spotify,spotify:track:56AMYGJzxBO6p8v0wEe9de
10281,track,9736,spotify,spotify:track:4MXhiYIRDMGAuvZc5IFTwC
10282,track,9737,spotify,spotify:track:4ydmav4vl7hebadtfZtMrg
10283,track,9738,spotify,spotify:track:46oHvXwpEZOFX518we1nJD
10284,track,9739,spotify,spotify:track:1nX9KhK3Fff27SnrIor2Yb
10285,track,9740,spotify,spotify:track:71DiuXGizHqLPTdzCY6ND6
10286,track,9741,spotify,spotify:track:5fbHRCsGpFIOLRtlhCRFDR
10287,track,9742,spotify,spotify:track:0BiK5BbYNFLb88CCOxBFJe
10288,track,9743,spotify,spotify:track:2goHCrsDJaflEwQ930ef0o
10289,track,9744,spotify,spotify:track:13HsOwrwTA5HgLuoaDHncP
10290,track,9745,spotify,spotify:track:6qouBO0wJtYc3k7DfKRUBx
10291,track,9746,spotify,spotify:track:3EG9FJ0ToLfgnc1IG2Z1wz
10292,track,9747,spotify,spotify:track:0erHRpul2OsRSuImLHQ3X4
10293,track,9749,spotify,spotify:track:5W8jRrZ6tWrTrqnKRtIQBf
10294,track,9750,spotify,spotify:track:0FlfN5cbUUpIHCRH8X1M44
10295,track,9751,spotify,spotify:track:11kDth1aKUEUMq9r1pqyds
10296,track,9752,spotify,spotify:track:6BJbOXDlgVAXSaq6wYFYT2
10297,track,9753,spotify,spotify:track:5wG3HvLhF6Y5KTGlK0IW3J
10298,track,9754,spotify,spotify:track:7pas6O1LYbaeChEFQBhPFU
10299,track,9755,spotify,spotify:track:7y2EELtWhCaDU9A0vOYVHv
10300,track,9757,spotify,spotify:track:7JsFf2NOZ6F8gQzKtMytsJ
10301,track,9758,spotify,spotify:track:4vL0V5MjU3Y1syYtajWW4f
10302,track,9759,spotify,spotify:track:29KwH2LEjfWEtiC2jCrLVw
10303,track,9760,spotify,spotify:track:2windfJJUKU8MGzNvjr5jO
10304,track,9761,spotify,spotify:track:6dBUzqjtbnIa1TwYbyw5CM
10305,track,9762,spotify,spotify:track:5JWuNK80jSLK1jQyFInWqG
10306,track,9763,spotify,spotify:track:65krtHkaYLPr0mEbjL61UP
10307,track,9764,spotify,spotify:track:7hzgk557YLr0722EFkmp9Z
10308,track,9765,spotify,spotify:track:2eZuFG3KSALN1BowCuSB1A
10309,track,9767,spotify,spotify:track:32ny2YtiR7zKi7PBjiQ5Iy
10310,track,9768,spotify,spotify:track:3wLtYwtqvKK2ewelSVPeDK
10311,track,9769,spotify,spotify:track:2IRZnDFmlqMuOrYOLnZZyc
10312,track,9772,spotify,spotify:track:2u1tKPsxhwigi5BNbXihB0
10313,track,9773,spotify,spotify:track:3v3gyQkwRQGwDUZ7V2q2lF
10314,track,9774,spotify,spotify:track:410ZZP746AQeiywhKvXWCo
10315,track,9776,spotify,spotify:track:0YOzUujSDOvSRahyn1Pkeb
10316,track,9777,spotify,spotify:track:0mvnmLsfi9n5RjPIWzT6tY
10317,track,9778,spotify,spotify:track:53Ij8FmAuvzXLsjzCTLM31
10318,track,9779,spotify,spotify:track:57lHFW5RSl888Q1UionOXq
10319,track,9780,spotify,spotify:track:4rD9WSFNt2LbhVcqZqa5rp
10320,track,9781,spotify,spotify:track:5rmcjZTrE9JR1YrbNZDFNW
10321,track,9782,spotify,spotify:track:6CAYXIhkBARYmy7kVNDIOi
10322,track,9783,spotify,spotify:track:6U0FIYXCQ3TGrk4tFpLrEA
10323,track,9784,spotify,spotify:track:0dWOFwdXrbBUYqD9DLsoyK
10324,track,9785,spotify,spotify:track:2E4INiVkDRBXXkFL4kB1Vk
10325,track,9786,spotify,spotify:track:66dQdXAbtuPdSasezCQVZE
10326,track,9787,spotify,spotify:track:2DgMxFMUQRPthW4ROhjen1
10327,track,9788,spotify,spotify:track:0UYuRLB2wbG7X19Hd5DeQ2
10328,track,9789,spotify,spotify:track:0XmjsqaRY5CrVvscfM5Knl
10329,track,9791,spotify,spotify:track:7pYBO2MR85GGVXQxWZYL3Z
10330,track,9792,spotify,spotify:track:60c5Z5sta2MSPtKhLxGcqd
10331,track,9794,spotify,spotify:track:5xoYormSTltk6F9SlQV6mm
10332,track,9796,spotify,spotify:track:1eLSF6HfrRA0AsNmTkUlKx
10333,track,9798,spotify,spotify:track:1mawXJroyhDMLnrfnXjC6d
10334,track,9799,spotify,spotify:track:27N0pJsw7yMwewEEgFdklN
10335,track,9800,spotify,spotify:track:3MT8ekypV5xYBLstqFpDkV
10336,track,9801,spotify,spotify:track:6OfOzTitafSnsaunQLuNFw
10337,track,9802,spotify,spotify:track:64v1g2HcPumBz2Wd1rT56b
10338,track,9803,spotify,spotify:track:3S68RFe1lsdCdTMPIMJM3X
10339,track,9804,spotify,spotify:track:5wTVNpi5WDByxBgKgUE6MU
10340,track,9805,spotify,spotify:track:0q75NwOoFiARAVp4EXU4Bs
10341,track,9806,spotify,spotify:track:593W4qZOwwdqF6YnimJjL6
10342,track,9807,spotify,spotify:track:06u5LrUpbosQlQ1QJFhPpG
10343,track,9808,spotify,spotify:track:5yvhdo8FXbBsIllxv2Rr94
10344,track,9809,spotify,spotify:track:6gU9OKjOE7ghfEd55oRO57
10345,track,9810,spotify,spotify:track:6Vmow8PuUaU7W1T2WWLZk2
10346,track,9811,spotify,spotify:track:19woxaSpjOefa2JnAOoqW5
10347,track,9812,spotify,spotify:track:2fXwCWkh6YG5zU1IyvQrbs
10348,track,9813,spotify,spotify:track:0336UwEBwBBao8uWCuugYr
10349,track,9814,spotify,spotify:track:3LcoHjgdNl4xtWVaJGSA1p
10350,track,9815,spotify,spotify:track:5fQBa4wkmq28xpSLOQ202K
10351,track,9816,spotify,spotify:track:1IgePMOW0qEe1AViWgkal9
10352,track,9817,spotify,spotify:track:4h6ViRoztTBpWcJ1zFT9Zg
10353,track,9819,spotify,spotify:track:2Y40huo5ewaKYxsFintYtF
10354,track,9820,spotify,spotify:track:14I61w6cyYUHiV2n28IYdP
10355,track,9821,spotify,spotify:track:1zS4PMsHfkSXPkzrEkCkC6
10356,track,9823,spotify,spotify:track:5NiUrZVKyLpsyj62Roq5FW
10357,track,9825,spotify,spotify:track:4xqIYGwwZTEem9U8A42SPF
10358,track,9826,spotify,spotify:track:40mjsnRjCpycdUw3xhS20g
10359,track,9827,spotify,spotify:track:0YFqKxV9uNu6LUeYkLOKRS
10360,track,9828,spotify,spotify:track:2Hh3ETdQKrmSI3QS0hme7g
10361,track,9829,spotify,spotify:track:1pacwLXyRO47ka0v6LTIiY
10362,track,9830,spotify,spotify:track:2Yt4SXIgmoaPZHGdRafp4P
10363,track,9831,spotify,spotify:track:221qmpQeBNV87sUjQeUTVH
10364,track,9832,spotify,spotify:track:2VtgzixdB967bHDNu5A1nh
10365,track,9833,spotify,spotify:track:2N9LEu6Pf8nDcp3GjWJT1Z
10366,track,9834,spotify,spotify:track:2dHHgzDwk4BJdRwy9uXhTO
10367,track,9835,spotify,spotify:track:4WuOWVnAqvEQxgSRrspBgt
10368,track,9836,spotify,spotify:track:1UsQe17Ef7tV1ahFqHEFR3
10369,track,9837,spotify,spotify:track:0OoNzMdPSgbkM5MkcuEZfm
10370,track,9838,spotify,spotify:track:3SsJ17EnPIu1B4GZshqjIS
10371,track,9839,spotify,spotify:track:4a1fh9vJMMoRjNrBmEWoM0
10372,track,9840,spotify,spotify:track:0jNFDcGAXPs5ahngmD5R6n
10373,track,9841,spotify,spotify:track:2OcbewDrWFNTYRqpSzJBCY
10374,track,9842,spotify,spotify:track:0HNKMJ2EKCaT2EqcCBj1EH
10375,track,9843,spotify,spotify:track:25r6MZ4Gtd76l43qnZI1DG
10376,track,9844,spotify,spotify:track:7iC56CDz8miPDKaH0OEIqS
10377,track,9845,spotify,spotify:track:2XK2iL9gSAlYIAbklTHxbk
10378,track,9846,spotify,spotify:track:0sze9rycXZswg5emYTFklv
10379,track,9847,spotify,spotify:track:0IX5OFffosy8wk16m1IFCa
10380,track,9848,spotify,spotify:track:1HpAxf0kdqZSAisutLE5CW
10381,track,9849,spotify,spotify:track:3nfARfVxSqwFahp3yY53aD
10382,track,9850,spotify,spotify:track:63oDfrgZRgZrTJE88GGC5I
10383,track,9851,spotify,spotify:track:3dVsUkabHea7AVFjm92gZ4
10384,track,9852,spotify,spotify:track:3vZO25GdYuqFrR1kzZADnp
10385,track,9853,spotify,spotify:track:1rJM37Dd4OcSJvzI84yCcP
10386,track,9854,spotify,spotify:track:3tCrLlG8S542qSriHbabB1
10387,track,9855,spotify,spotify:track:6UfMBk3MCWlXyRG6LDoEmy
10388,track,9856,spotify,spotify:track:4ats4db9aL9O0Dh1i1q3ie
10389,track,9857,spotify,spotify:track:1bDbXMyjaUIooNwFE9wn0N
10390,track,9858,spotify,spotify:track:46s57QULU02Voy0Kup6UEb
10391,track,9859,spotify,spotify:track:3u9PAti8muEXXvEjeFpQK0
10392,track,9861,spotify,spotify:track:4Z1ZlABSKDlVByJL3y5OVs
10393,track,9862,spotify,spotify:track:2sFEmuVVAa2klHwhFaT0rR
10394,track,9863,spotify,spotify:track:5jJhS8m6vstzzeHdlGoHjt
10395,track,9864,spotify,spotify:track:1pkK7kZtxGBoXb583vDS9E
10396,track,9865,spotify,spotify:track:39u2PsqrAZpZ0KPx6CjasV
10397,track,9866,spotify,spotify:track:6S4WM9LW6oGkAtBFePffh2
10398,track,9867,spotify,spotify:track:0lqAn1YfFVQ3SdoF7tRZO2
10399,track,9868,spotify,spotify:track:0CrcwVLUe8wzLUIXgjXVZJ
10400,track,9869,spotify,spotify:track:0ESJlaM8CE1jRWaNtwSNj8
10401,track,9870,spotify,spotify:track:22itRNJ0N4sB8RSeofp7pW
10402,track,9871,spotify,spotify:track:6gBFPUFcJLzWGx4lenP6h2
10403,track,9872,spotify,spotify:track:6wwruKU956ldDyz55DZTt1
10404,track,9874,spotify,spotify:track:2AGUFka8kBWCM47h5uTlDb
10405,track,9875,spotify,spotify:track:2c2csx4OTYtbkzvbSTXlGY
10406,track,9876,spotify,spotify:track:4R67rQNSbbsR4TdUVOIdez
10407,track,9877,spotify,spotify:track:45E97dw0XwLossi0j0DXrN
10408,track,9878,spotify,spotify:track:0QNNd0qMCDbraS1nQPg3aA
10409,track,9879,spotify,spotify:track:7GeTsDIc5ykNB6lORO6Cee
10410,track,9880,spotify,spotify:track:6uryhDRzRZQLOYju9DT2uQ
10411,track,9881,spotify,spotify:track:0Yo9iPwWq7sLuFgoglnTb4
10412,track,9882,spotify,spotify:track:46h7yzNgZQNuyn5BwBHQeS
10413,track,9884,spotify,spotify:track:0RwSkUIgsowQ6MU1NNVSA7
10414,track,9885,spotify,spotify:track:545wdZdz8ZtOxoW2qXL7sl
10415,track,9888,spotify,spotify:track:37uFAVNwaRF7XUdByyJyNN
10416,track,9889,spotify,spotify:track:5PDXKhyqyCOIEx2MHpkeBn
10417,track,9890,spotify,spotify:track:3CblJq8QQQ0bb7vwJu8c3v
10418,track,9891,spotify,spotify:track:00KjOnN3U40e3lXFUOue7h
10419,track,9892,spotify,spotify:track:6LyAwkJsHlW7RQ8S1cYAtM
10420,track,9893,spotify,spotify:track:2Grb4G6t9VIqo6moKUloom
10421,track,9894,spotify,spotify:track:22ykS8KWpd2r4zcRZ0XMK5
10422,track,9895,spotify,spotify:track:1fewSx2d5KIZ04wsooEBOz
10423,track,9896,spotify,spotify:track:0AluA5RNsa4Cx6XRhf2hWZ
10424,track,9897,spotify,spotify:track:4RGacGFT2ztXhGgzeaYzIR
10425,track,9898,spotify,spotify:track:4cEqoGTqPRZy76Yl3ymj3V
10426,track,9899,spotify,spotify:track:6vG3Zv9VEA6YbJPJ6ar5Y7
10427,track,9900,spotify,spotify:track:0NA5xAtDra50d0Lfs2uvoh
10428,track,9901,spotify,spotify:track:3XFwOQU8wxXWl8Rxj3lrOi
10429,track,9902,spotify,spotify:track:42k9e2hgl98IdgkXLg4pxs
10430,track,9903,spotify,spotify:track:156LzfvMNKuXuiot4uzhGD
10431,track,9904,spotify,spotify:track:1dUHF4RyMmMTveJ0Rby6Xm
10432,track,9905,spotify,spotify:track:2QbGvQssb0VLLS4x5NOmyJ
10433,track,9906,spotify,spotify:track:0qkA0NU7cDKWkFXNGRcNaB
10434,track,9907,spotify,spotify:track:3tTpvK7QgjjQCKGnHt5xn3
10435,track,9908,spotify,spotify:track:2aPTvyE09vUCRwVvj0I8WK
10436,track,9909,spotify,spotify:track:1zi7xx7UVEFkmKfv06H8x0
10437,track,9910,spotify,spotify:track:5dfLLn4ypq5tJaJw5INCNZ
10438,track,9911,spotify,spotify:track:0UMmJaSuRVNYlUv47XTZt8
10439,track,9912,spotify,spotify:track:1HEEnDxmxHvrAddczaWS48
10440,track,9913,spotify,spotify:track:7tr2za8SQg2CI8EDgrdtNl
10441,track,9914,spotify,spotify:track:34tz0eDhGuFErIuW3q4mPX
10442,track,9915,spotify,spotify:track:0wshkEEcJUQU33RSRBb5dv
10443,track,9916,spotify,spotify:track:7l2nxyx7IkBX5orhkALg0V
10444,track,9917,spotify,spotify:track:2ZL7WZcjuYKi1KUDtp4kCC
10445,track,9918,spotify,spotify:track:0sSRLXxknVTQDStgU1NqpY
10446,track,9919,spotify,spotify:track:2TrFQYku0STJn94gRMhlNZ
10447,track,9920,spotify,spotify:track:6pcywuOeGGWeOQzdUyti6k
10448,track,9921,spotify,spotify:track:2t8yVaLvJ0RenpXUIAC52d
10449,track,9922,spotify,spotify:track:5BviN9XWqCYE88AOJg6nEK
10450,track,9923,spotify,spotify:track:6hmFRohAaBspZEb91arGGo
10451,track,9924,spotify,spotify:track:42k3CaZH3B4z0Et7aBlfSf
10452,track,9925,spotify,spotify:track:0fjZCWrP7r0Gzar4lLId62
10453,track,9926,spotify,spotify:track:4AsRUGtyZQdSh6E8lvdlDV
10454,track,9927,spotify,spotify:track:3jWILiIXztDP3LirjQvj9Y
10455,track,9928,spotify,spotify:track:5p8Fvh2SSmAsUVvdcJzctc
10456,track,9929,spotify,spotify:track:5XGZKyMkaRirsRbEh1cOmk
10457,track,9930,spotify,spotify:track:3TERg5pFNNGykpW7aue1IO
10458,track,9931,spotify,spotify:track:1lJEgzD4pGUcHD1druQcSl
10459,track,9932,spotify,spotify:track:44uZZ2tn0ucKwFrqJdhLTE
10460,track,9933,spotify,spotify:track:7GW98M7bhqIqLGpxxStZWP
10461,track,9934,spotify,spotify:track:57KXAlfzVwxhBtHkvMatrd
10462,track,9935,spotify,spotify:track:53RG6rDqEvGDsZ0Ijr3ur1
10463,track,9936,spotify,spotify:track:5ZEdSY99Mj5U4MIF97EKER
10464,track,9938,spotify,spotify:track:7LUOpegdxmYkaHjJXdHuZ3
10465,track,9939,spotify,spotify:track:34jHDKV7cNwRLl2NU1zPJq
10466,track,9942,spotify,spotify:track:2AeVg9Nf6dAHweYkDowG1J
10467,track,9943,spotify,spotify:track:6iZoxNIqQ9oPvMYuE8rhQj
10468,track,9944,spotify,spotify:track:6iN3ICXAJjrNuSAlWMzwz7
10469,track,9945,spotify,spotify:track:2MMb8DnCmmONDDAyy8JrG6
10470,track,9946,spotify,spotify:track:6xHfOu46nMOfVxLyEb4DyR
10471,track,9947,spotify,spotify:track:1rkCDpUKvtVToCIwwPetBZ
10472,track,9948,spotify,spotify:track:3U4ykydx9qKJ764ZpgD7Pv
10473,track,9950,spotify,spotify:track:5IOa30P7Tgik2fvPnZlD1v
10474,track,9951,spotify,spotify:track:0dORSvPTypnjUEJgSYLTXZ
10475,track,9952,spotify,spotify:track:4gslA0QJ921HBnTqaToJk5
10476,track,9954,spotify,spotify:track:7baLVERvuNcJegzbNNcyvA
10477,track,9957,spotify,spotify:track:4A7etHQHFPyUqrhO4pOk1Q
10478,track,9958,spotify,spotify:track:756zMqmLmHIrk57cBjITCl
10479,track,9959,spotify,spotify:track:47R9SUNtWnbhDSA3cnbF0d
10480,track,9960,spotify,spotify:track:2IJgtyEpj88ANK9kQ0im5a
10481,track,9961,spotify,spotify:track:2WM6pIx46epq0jdGyBSSrt
10482,track,9963,spotify,spotify:track:10DNOMLPcwIlwIYQNVfpwk
10483,track,9964,spotify,spotify:track:2JRXpZKACdlH3Rt9lLdu7i
10484,track,9965,spotify,spotify:track:3f5JtA6FyFekjPkcR2GTE3
10485,track,9966,spotify,spotify:track:4iZA6hedI8UdOtjl33UzbJ
10486,track,9967,spotify,spotify:track:0zP0XEo0WOJZ31WUihCabf
10487,track,9968,spotify,spotify:track:67N9oEf4Y2J1mIAcuEKHyz
10488,track,9969,spotify,spotify:track:2RCw0o43UFaKY4Uf9LjoJY
10489,track,9970,spotify,spotify:track:4RqovZFnSMCZFbXOMWpQgo
10490,track,9971,spotify,spotify:track:0qW0vsk3vTDm3xWf4MscAn
10491,track,9972,spotify,spotify:track:7a1zUWASYeRfKpL3KnAyVg
10492,track,9974,spotify,spotify:track:7aRCf5cLOFN1U7kvtChY1G
10493,track,9975,spotify,spotify:track:4Cx5cVxgMQMYUgUKFXBcLl
10494,track,9976,spotify,spotify:track:3uqZwiIaBPqB2CAUhPvBGo
10495,track,9977,spotify,spotify:track:1Fi4hB1McCYFJeG1Q6jpNg
10496,track,9978,spotify,spotify:track:3oqduQlv4x1jsiDkiD7Jjq
10497,track,9979,spotify,spotify:track:5krQLvXzu32yrKMp0z19uT
10498,track,9980,spotify,spotify:track:2JyCPH0rtgjkKgK58Irh8N
10499,track,9981,spotify,spotify:track:0rxUVlYFRnrSxA0HjV9gUp
10500,track,9982,spotify,spotify:track:4cnrdoWScvpgYyCItzkwKp
10501,track,9983,spotify,spotify:track:58gBSBD7F55PEdOXkLtirs
10502,track,9984,spotify,spotify:track:5UpXJ75CXod4PCoBQP6MAP
10503,track,9985,spotify,spotify:track:5SWnsxjhdcEDc7LJjq9UHk
10504,track,9986,spotify,spotify:track:3CDVMejYHnB1SkEEx0T1N4
10505,track,9987,spotify,spotify:track:2kE82JhBcoS7mimFO1SqqX
10506,track,9988,spotify,spotify:track:4gmmRb6bZJffOOiww1JGTO
10507,track,9989,spotify,spotify:track:4ckuS4Nj4FZ7i3Def3Br8W
10508,track,9990,spotify,spotify:track:42Tohunwlh34o0mgxYx5iq
10509,track,9991,spotify,spotify:track:6tByydPskASjm9jTPkNQq0
10510,track,9992,spotify,spotify:track:7rC5Pl8rQSX4myONQHYPBK
10511,track,9993,spotify,spotify:track:7fxSLnklnayJNBIKntXedZ
10512,track,9994,spotify,spotify:track:1ITpqT1kDATCtMBwOK7sYn
10513,track,9995,spotify,spotify:track:45pUWUeEWGoSdH6UF162G8
10514,track,9996,spotify,spotify:track:0vuiKizDyUXdIge9npkEKn
10515,track,9997,spotify,spotify:track:4VMRsbfZzd3SfQtaJ1Wpwi
10516,track,9998,spotify,spotify:track:1ZAyjvIk9YiD76yYy0TEG6
10517,track,9999,spotify,spotify:track:74fV8TuLZKVzSIOOGu8wwI
10518,track,10000,spotify,spotify:track:27GmP9AWRs744SzKcpJsTZ
10519,track,10001,spotify,spotify:track:4nGOqcmjNz0XGMh1S6Noxu
10520,track,10002,spotify,spotify:track:6L4XGeAdRRC32vVJpp8MdM
10521,track,10003,spotify,spotify:track:4gKWtJGlhxKKSyV65llt2G
10522,track,10004,spotify,spotify:track:1MTXYvJ9TSqg9x6WPCDx2n
10523,track,10005,spotify,spotify:track:6vDyzD9o8aYhR1963oJpkO
10524,track,10006,spotify,spotify:track:2SbFVYtBEYQ0JCHf2eiPBT
10525,track,10007,spotify,spotify:track:1rydhdFtKe2CRkiaVb7aGF
10526,track,10008,spotify,spotify:track:04HeNxRRVjcwctfp2K2kMu
10527,track,10009,spotify,spotify:track:7CpXFEjLntpr4GdOhTtFEv
10528,track,10010,spotify,spotify:track:5unjCay0kUjuej5ebn4nS4
10529,track,10017,spotify,spotify:track:2MEvYNn2tRvFDAucAtAKVq
10530,track,10018,spotify,spotify:track:2xqAI0XVjrn3VpK0bWa0wD
10531,track,10020,spotify,spotify:track:5WHsa2d0VhV4Dog4vhIYUH
10532,track,10021,spotify,spotify:track:3uDa49zGfJFVXdBk9L5uQs
10533,track,10024,spotify,spotify:track:5bknBRjKJZ643DAN2w8Yoy
10534,track,10025,spotify,spotify:track:6e7hIhOLH9zvb3zP5O5gt0
10535,track,10026,spotify,spotify:track:0dRMqHJre73e9V0wOfwV6u
10536,track,10027,spotify,spotify:track:694vvR5o19xHPhhJ5QdLN7
10537,track,10028,spotify,spotify:track:1t4pPnbkOjzoA5RvsDjvUU
10538,track,10029,spotify,spotify:track:4O9tOyMOq8Oioun2MsULH5
10539,track,10030,spotify,spotify:track:4Cy0RmJ3wVnlfdDlzqoZ1H
10540,track,10031,spotify,spotify:track:7HRv1sYuwgoea1m0JRvChV
10541,track,10032,spotify,spotify:track:1m4C9zlV89rXTfXStluvec
10542,track,10033,spotify,spotify:track:1CKhx6sSkUxzomXnYZqSMh
10543,track,10034,spotify,spotify:track:1sNBHeUSm0zmol4taxYhzY
10544,track,10035,spotify,spotify:track:1Uo7reO6I2yQ1q36ZPuNf7
10545,track,10036,spotify,spotify:track:0R6UBiz3fJk4lxhKR5799F
10546,track,10037,spotify,spotify:track:77SvwoWoNeed5uWuxbyujk
10547,track,10038,spotify,spotify:track:3MK6OsCb4VJGdPxvXjW8Q9
10548,track,10039,spotify,spotify:track:3Tlkud5UiGv7FCc3RcYbhG
10549,track,10040,spotify,spotify:track:40iJIUlhi6renaREYGeIDS
10550,track,10041,spotify,spotify:track:60om0XhleyPKnNnmzkWR7l
10551,track,10042,spotify,spotify:track:38HkYfvnhHLLB5Yaj2VpZg
10552,track,10043,spotify,spotify:track:5hTpBe8h35rJ67eAWHQsJx
10553,track,10044,spotify,spotify:track:24poDm4fvzXqt74loxSKdn
10554,track,10054,spotify,spotify:track:25eXZAa3awZeQ8elAgPsAa
10555,track,10055,spotify,spotify:track:59ClUavkkfRhryajZBn2Lf
10556,track,10056,spotify,spotify:track:03jnWnj2qOrYofsyCTuHC6
10557,track,10057,spotify,spotify:track:1CskHhEj7h9GRMKXpLHApO
10558,track,10059,spotify,spotify:track:03lJ0yFAj8n5OHeayE5mip
10559,track,10060,spotify,spotify:track:64QLilxeoqjwAHoUE4IBfX
10560,track,10061,spotify,spotify:track:6JTmZ1zBuBYnZI1nHTIAQy
10561,track,10062,spotify,spotify:track:4ahc42KacGWjE3j0DPNSK5
10562,track,10063,spotify,spotify:track:3ewqsanI2CJ3vwbP1fzQBE
10563,track,10064,spotify,spotify:track:0FQeZmAKQLLnZC5iTN6JuR
10564,track,10069,spotify,spotify:track:1ZlVEstPFrKs3alKIejN6I
10565,track,10070,spotify,spotify:track:2FjvG9IQg242g2LEornfjy
10566,track,10071,spotify,spotify:track:6CMidyjegRGsM2NyEmbuoT
10567,track,10072,spotify,spotify:track:1MruDoJ6IXqy9ar20xfKVx
10568,track,10074,spotify,spotify:track:7flXreohxgJdOnh6Kc4bx0
10569,track,10081,spotify,spotify:track:5eqK0tbzUPo2SoeZsov04s
10570,track,10082,spotify,spotify:track:6fwdbPMwP1zVStm8FybmkO
10571,track,10083,spotify,spotify:track:52hRcWmjRNFuVJv3Qi7EeF
10572,track,10084,spotify,spotify:track:50I7FNN2rl2rWiNwGxS146
10573,track,10085,spotify,spotify:track:7FCDmAel69bzxRkOxbh2dB
10574,track,10086,spotify,spotify:track:4Vir8uv89eNY6hovcNq4w6
10575,track,10088,spotify,spotify:track:5taqLrLouA4vCjM7ZQpEtW
10576,track,10089,spotify,spotify:track:2LBwRP4HSUTJiLobjhaaXp
10577,track,10090,spotify,spotify:track:7Gc9OoiYsUrByC8tzD7kYY
10578,track,10091,spotify,spotify:track:101KS2AYeWa98ltX4ewE7h
10579,track,10092,spotify,spotify:track:1EjzcBTVLV7ATtdsQwyV31
10580,track,10093,spotify,spotify:track:6ATE0dHBZRPmf9MZkGDnjW
10581,track,10094,spotify,spotify:track:2aVDmQ7P4upbKuRUHTpFZH
10582,track,10098,spotify,spotify:track:11hW1pk42xj0koCUJf9Xnj
10583,track,10099,spotify,spotify:track:4xkOaSrkexMciUUogZKVTS
10584,track,10106,spotify,spotify:track:7DpWrUnIr2vWAXztBGcoWM
10585,track,10107,spotify,spotify:track:5zyySSTcBpXQ8gSbuONRH7
10586,track,10108,spotify,spotify:track:527k23H0A4Q0UJN3vGs0Da
10587,track,10109,spotify,spotify:track:3jEqrIfwKO0M8ALu3TGilF
10588,track,10111,spotify,spotify:track:5stbfxsPi8gcOH2LCuA4Le
10589,track,10112,spotify,spotify:track:1N8klHEbZ0bFOHnMVs8C9S
10590,track,10113,spotify,spotify:track:0Eq2AzJQNwxf5FsLYBjitC
10591,track,10114,spotify,spotify:track:15vePScuEPjJeOWsnNqGgo
10592,track,10115,spotify,spotify:track:6Pry2vESZA2dwsAzb3tLxz
10593,track,10117,spotify,spotify:track:7bSSa7jiGH9ePKylNjZo60
10594,track,10118,spotify,spotify:track:3EFlEh9ddX8swdnO6vG1pr
10595,track,10122,spotify,spotify:track:4dUPkHcaJxuZTlDlnDylDT
10596,track,10126,spotify,spotify:track:3hY2DHGd1opi3u4eoa762m
10597,track,10127,spotify,spotify:track:0k1WUmIRnG3xU6fvvDVfRG
10598,track,10128,spotify,spotify:track:1IIKrJVP1C9N7iPtG6eOsK
10599,track,10129,spotify,spotify:track:3GXSywNvYLAVUCtjMHkKDh
10600,track,10130,spotify,spotify:track:1kcRgEBrqgA5mmzGwDntrF
10601,track,10131,spotify,spotify:track:6HgWWaMu31KdOpEG5l28BG
10602,track,10134,spotify,spotify:track:0KbIwqCAHmXWu7hrszXY6j
10603,track,10136,spotify,spotify:track:0Fp8p7gziZUD6I0SZwQbGm
10604,track,10137,spotify,spotify:track:682uEprfY5x6XXcf9be91r
10605,track,9756,spotify,spotify:track:2cTHjmqN2c71Wi81kQyfc6
10606,track,10143,spotify,spotify:track:2pjbf0b1yioklKVpjDKJwb
10607,track,10144,spotify,spotify:track:36h4FnJGkK3cAl6Q7R1Now
10608,track,10145,spotify,spotify:track:4vmqU3xlzuhxtaeXrtAX1F
10609,track,10146,spotify,spotify:track:5Pe50lldAyEyHXxgWW0LgI
10610,track,10147,spotify,spotify:track:12EnJiXH4QjBmygqEQXG6M
10611,track,10148,spotify,spotify:track:5CTaFr3yPs4SEtCMt70Hfv
10612,track,10149,spotify,spotify:track:2RmENPt0yPmU09BKjKC26M
10613,track,10150,spotify,spotify:track:7f1UEGMBMuXfLBP5XANfrW
10614,track,10151,spotify,spotify:track:5dNQ0AsPitoIQSRbsXKKwE
10615,track,10152,spotify,spotify:track:0BaipJ80fvka5OhKrjnpGO
10616,track,10153,spotify,spotify:track:2nXmPpe2vojph0ZMuG9Tds
10617,track,10154,spotify,spotify:track:0Fv6CfegUbD5Egs0dj8CVB
10618,track,10155,spotify,spotify:track:2iW8D4Vdy8lrOEBkYEJOzd
10619,track,10156,spotify,spotify:track:7iwK7RjGGJW9jdPj8ny754
10620,track,10157,spotify,spotify:track:1T3MHO9rIcWJBPesMkUoqv
10621,track,10158,spotify,spotify:track:754EMFk7LExEJQY2OfcPgx
10622,track,10159,spotify,spotify:track:3RYk74KKyEEwN830fjIwl0
10623,track,10160,spotify,spotify:track:2l8ACdykZccFGUOmVUwXsJ
10624,track,10161,spotify,spotify:track:7pFzbZz89oXVsRxhUvO7q2
10625,track,10162,spotify,spotify:track:7Fj0m32LM5hs8iy2t6i6mF
10626,track,10164,spotify,spotify:track:4joDuqbALhWQ29buOwjCnP
10627,track,10165,spotify,spotify:track:1aZ2te6hhXVJOYumYrZkAt
10628,track,10166,spotify,spotify:track:4m4IJ0GaepAsVNP3qqSVDW
10629,track,10167,spotify,spotify:track:4uToWVHXLtKEEboNsG3n2u
10630,track,10169,spotify,spotify:track:1962ZwEY7WNQLcmYFn3eR9
10631,track,10170,spotify,spotify:track:4mWTAI8wYE4HpYIgPAASpV
10632,track,10171,spotify,spotify:track:7c9T1m1RrtAWopKQVvFC3D
10633,track,10172,spotify,spotify:track:1aKzgL3nsei4Idwi8H9Zts
10634,track,10173,spotify,spotify:track:6G8ybvaNEW2nn1wMzvKjRc
10635,track,10174,spotify,spotify:track:1ufp82dH3kwlqiPmeKNBVz
10636,track,10175,spotify,spotify:track:6eLSYGoJhXsR6ZhQEtTC3o
10637,track,10176,spotify,spotify:track:1M3D5FWqKil0eNpKksKBa1
10638,track,10177,spotify,spotify:track:0U7sCk6TIauNE7Jey4Eclp
10639,track,10178,spotify,spotify:track:0pRyOQjr12h9RBEFmhbTQc
10640,track,10179,spotify,spotify:track:2xzcjOTPZmWY4S8iyhTcds
10641,track,10181,spotify,spotify:track:2fDT3A5tLwiySARQEawvRo
10642,track,10183,spotify,spotify:track:0kHIEdWbOvnrvTmRfPtHDN
10643,track,10184,spotify,spotify:track:5esVkhazOeanQVdlJUkNpY
10644,track,10185,spotify,spotify:track:6T7FXSuXykeGktMLGp8WgE
10645,track,10186,spotify,spotify:track:4muwDurKeVOB1WBjTVRWlD
10646,track,10187,spotify,spotify:track:1kXlRnMZ8nvUuCYkfxn7iw
10647,track,10188,spotify,spotify:track:2iUQCloOfXTzjZAyW23pGf
10648,track,10193,spotify,spotify:track:3zXGMmgIygV00eFxyqmbeO
10649,track,10194,spotify,spotify:track:6WgxXdBZrtdQFGBcxQxpiv
10650,track,10195,spotify,spotify:track:4rmK0BSBLMiwNJ6iwWXJm1
10651,track,10198,spotify,spotify:track:6glsMWIMIxQ4BedzLqGVi4
10652,track,10201,spotify,spotify:track:3XpLvrrfkNpAYXmFxBfUpi
10653,track,10202,spotify,spotify:track:0Z4oNNgJKK9VcuSw1L5Cb4
10654,track,10206,spotify,spotify:track:3X6qK1LdMkSOhklwRa2ZfG
10655,track,10207,spotify,spotify:track:6HexNTb392JS071DoTGo0y
10656,track,10209,spotify,spotify:track:5Lv5L45PQmp5CTjs5PlQ6e
10657,track,10210,spotify,spotify:track:2qlBAT108lYOzlXhBxBqEv
10658,track,10211,spotify,spotify:track:0AAMnNeIc6CdnfNU85GwCH
10659,track,10213,spotify,spotify:track:4mTKCa00WAZS2ag4GYwu0t
10660,track,10214,spotify,spotify:track:44NRxh8pJUtBRTAQU37irX
10661,track,10215,spotify,spotify:track:3iuBfAec9qN2UylQv9NcKR
10662,track,10216,spotify,spotify:track:0SDeT0QjNake7gJLDAOLcG
10663,track,10217,spotify,spotify:track:2R4eQAxpjeJohoHc6cUBzl
10664,track,10218,spotify,spotify:track:4QpROyTQgJxmzIe0W7othA
10665,track,10219,spotify,spotify:track:1N9fCcMU7wCXbNO3EpwPkd
10666,track,10220,spotify,spotify:track:6DxuDt3ixGmXWKOTwaA2vz
10667,track,10221,spotify,spotify:track:44CAsn6UEPABpGwUBS17ou
10668,track,10222,spotify,spotify:track:0hcHVWcYDDWPwUkgQAacTc
10669,track,10223,spotify,spotify:track:35Rbqn962gEydsN1VKOC3T
10670,track,10224,spotify,spotify:track:0bgCMcpNvjH92GTQfZMvp4
10671,track,10225,spotify,spotify:track:4yg2dkVMQX7HIqiM7c0iEZ
10672,track,10226,spotify,spotify:track:1g1CUP9epDJBjfw19eJvOa
10673,track,10227,spotify,spotify:track:0hXDGoxfMhhqHZ7l1HprJ4
10674,track,10229,spotify,spotify:track:3kH94a1MQM7YrpsZRWuXrh
10675,track,10230,spotify,spotify:track:2VjOTvl50tscmc0RDjPdr2
10676,track,10231,spotify,spotify:track:2HALQBSAvpw1oCzL5QsrT2
10677,track,10232,spotify,spotify:track:08YvUaUsZktAG6zEMDwUqO
10678,track,10233,spotify,spotify:track:0FWAIRd9Uz5uNek7cALYNC
10679,track,10234,spotify,spotify:track:4KCfCctnZQd5mem6S3HhKi
10680,track,10235,spotify,spotify:track:2FDTHlrBguDzQkp7PVj16Q
10681,track,10236,spotify,spotify:track:3z4CGd63tpUn9a6oQSG0CI
10682,track,10237,spotify,spotify:track:531KGXtBroSrOX9LVmiIgc
10683,track,10238,spotify,spotify:track:59PUOc7B0WCNNx8Nr4qaA4
10684,track,10239,spotify,spotify:track:0J43IKwcofdlTQPjcbHxCM
10685,track,10240,spotify,spotify:track:00ZQQArUJReFfsMnl8dIgd
10686,track,10241,spotify,spotify:track:08F16baYbciTva9P4BvpiI
10687,track,10242,spotify,spotify:track:3YFnfm9z8RmPFIZ7C16u4e
10688,track,10244,spotify,spotify:track:6e1oZCtCQiGVESDtxgFLTP
10689,track,10245,spotify,spotify:track:50NKS5zdW19a73ckDz29eu
10690,track,10246,spotify,spotify:track:7jljqPTxRVx5ZJjyruQUtB
10691,track,10247,spotify,spotify:track:4vi9pBR7yJhBzGaNu0k1gj
10692,track,10248,spotify,spotify:track:4vFEiNPUaEvfWnHwVRa0Kq
10693,track,10249,spotify,spotify:track:4VXIryQMWpIdGgYR4TrjT1
10694,track,10250,spotify,spotify:track:2RJAKIw6nIkgZVsAIKhmqz
10695,track,10251,spotify,spotify:track:3i6sCTU7ENlnHpHvrHUitW
10696,track,10252,spotify,spotify:track:4WhXZVrBTj3QNRg6A5CGaQ
10697,track,10253,spotify,spotify:track:7oCDrbTzYvxKFeHaMEtKhK
10698,track,10254,spotify,spotify:track:5gpyyqA9WZyWu24ESUzrkk
10699,track,10255,spotify,spotify:track:5XdXywHigZe8sw23TttgDm
10700,track,10256,spotify,spotify:track:1269OXEgAVpwSIzufEdbEH
10701,track,10257,spotify,spotify:track:1GwMQaZz6Au3QLDbjbMdme
10702,track,10258,spotify,spotify:track:0WtM2NBVQNNJLh6scP13H8
10703,track,10259,spotify,spotify:track:4GhaiN8g3mwCcbfDLGoYqy
10704,track,10260,spotify,spotify:track:4mKUfMSg0geJFVscFdaMcQ
10705,track,10261,spotify,spotify:track:6JIIAbw9L5kmsGqimr9vUj
10706,track,10262,spotify,spotify:track:4mkYFPebTKMAtcXdKQwcj6
10707,track,10263,spotify,spotify:track:0qiYnY0y5P9gqq6THGzhaI
10708,track,10264,spotify,spotify:track:5TvdhNXoHbeGeWtjCYhFuy
10709,track,10265,spotify,spotify:track:5V57eUQoTrMCZqonhzi8B9
10710,track,10266,spotify,spotify:track:6hEHxpZpvZwt1v4NoGwjKr
10711,track,10267,spotify,spotify:track:3C23UChONVCL0A3U9uWO5u
10712,track,10268,spotify,spotify:track:2Lq4UDwWv7zgYvc4bLION3
10713,track,10269,spotify,spotify:track:6xWoRNrT0nckMqq6yGtTNH
10714,track,10270,spotify,spotify:track:2YyNFk4HBKXrqgsvPDNJtO
10715,track,10271,spotify,spotify:track:23qpfRkkOK4IrbVxIHQQIC
10716,track,10272,spotify,spotify:track:5ljCWsDlSyJ41kwqym2ORw
10717,track,10273,spotify,spotify:track:1h6w4POXM2LfG4ZD4xUfZQ
10718,track,10274,spotify,spotify:track:4VYmdTVFXDq0LtYMoVswTv
10719,track,10275,spotify,spotify:track:5mexbTuWx9d8DPZk4sDGF4
10720,track,10276,spotify,spotify:track:5ZJABzmKr9flocrtQqbINO
10721,track,10277,spotify,spotify:track:7EHAXZenBzmGCpccWCyg8z
10722,track,10278,spotify,spotify:track:3HXSQWIyz7CUEI96kUurwn
10723,track,10280,spotify,spotify:track:6xXYFVsFDGSLNzeE9zGCiL
10724,track,10281,spotify,spotify:track:6b4A1mLzePAHGn3XCicLAe
10725,track,10282,spotify,spotify:track:2LNMhZ3YijTO7USmqjgJfG
10726,track,10283,spotify,spotify:track:6FhEDaaRFyPRMYqhhXivO9
10727,track,10284,spotify,spotify:track:2NjeQLvFsfeKdZoA7dbfL1
10728,track,10285,spotify,spotify:track:4d8BSdhx6WT5GtTOWpv4rh
10729,track,10286,spotify,spotify:track:5vm7y9SmcH0S1NOQanb8rQ
10730,track,10287,spotify,spotify:track:4ksuI04WMvUnJbHQjgs3L5
10731,track,10289,spotify,spotify:track:6cblRiEGDRNZgowcm951R3
10732,track,10290,spotify,spotify:track:2FTOLKjQUswhpdMFq15Raf
10733,track,10291,spotify,spotify:track:2pmYug1wWd0WoK5tpbsbKL
10734,track,10292,spotify,spotify:track:4EzkcqltSOxYE2lstuLOFs
10735,track,10293,spotify,spotify:track:4Flfb4fGscN9kXPOduQLrv
10736,track,10294,spotify,spotify:track:6kf7ZCJjEbjZXikivKOsvJ
10737,track,10295,spotify,spotify:track:4ekbSAxl9Q71flMdFIwc8A
10738,track,10296,spotify,spotify:track:34x74mZ89Va5oloeShgBuK
10739,track,10297,spotify,spotify:track:6WBWVmmlFpjA82Tvh2CUIh
10740,track,10298,spotify,spotify:track:617RTCbxXlLT8lfUbczHu6
10741,track,10299,spotify,spotify:track:5QuLUuAVA1pb8znYtGbrlG
10742,track,10300,spotify,spotify:track:0Ee9oam0N0ZzxZSN9nogTQ
10743,track,10301,spotify,spotify:track:4TxDN6eKixUNTgs3B2e4DE
10744,track,10302,spotify,spotify:track:5tpfvp5m0XLMn3UHznHihI
10745,track,10303,spotify,spotify:track:64wSIBV7Dl5Hmnhfjfsv1U
10746,track,10305,spotify,spotify:track:0GwYkXgQdqY4dyRffHw3HT
10747,track,10306,spotify,spotify:track:4b6o3WLrOwoY0oWrzBWsPG
10748,track,10307,spotify,spotify:track:77GoToROOVIQZidN1naoOF
10749,track,10308,spotify,spotify:track:05CTjmZKjZoCKQvM1Ldq9M
10750,track,10309,spotify,spotify:track:0k88aN0xmk8Xn1zdnyTiPG
10751,track,10310,spotify,spotify:track:02vvwHxBoZtnNDQFFE64NQ
10752,track,10311,spotify,spotify:track:3sSlrxRD9X1jYCzBtbbiwg
10753,track,10312,spotify,spotify:track:332TO0w5iJ8h4h55Qq5a0R
10754,track,10313,spotify,spotify:track:2BR4cE9udCDcvZ2HtuLv3N
10755,track,10314,spotify,spotify:track:4r4rpFbzk8LDKosME0ZW1C
10756,track,10315,spotify,spotify:track:0GY3LiAOOOYIIDv53TXbjR
10757,track,10316,spotify,spotify:track:45QTjP8zsLtJ1a3lPa10U1
10758,track,10317,spotify,spotify:track:6bFsZCWWJaCyE9uly2NhAH
10759,track,10318,spotify,spotify:track:0ySvHlwks7CO0HWjB5ZBOo
10760,track,10319,spotify,spotify:track:2Okh2n1EHlGhviAYv75MOB
10761,track,10320,spotify,spotify:track:54nCzj6TQ2tukxToVUJJp5
10762,track,10321,spotify,spotify:track:7GPI9g56brDQat3wHUG2E3
10763,track,10322,spotify,spotify:track:5edae1tuaQswnqiXcUlWRO
10764,track,10323,spotify,spotify:track:5KKrQbmw7K7Rvl7SCMAwNx
10765,track,10324,spotify,spotify:track:5RhY0wlLNVifjuc2XyNFKE
10766,track,10325,spotify,spotify:track:1cWBj8RoxMypqpOtyHSfVN
10767,track,10326,spotify,spotify:track:1fs6stCUbH1ACZbyrRT321
10768,track,10327,spotify,spotify:track:1W7gmQ7AgRMIUthrV0OD0h
10769,track,10328,spotify,spotify:track:6ZLp4KlQEtm7WxfyVQfp9U
10770,track,10329,spotify,spotify:track:41zVhpZuRDsGYKuxnyGxgV
10771,track,10330,spotify,spotify:track:6YIDTM6v7m3s4z2jiQm6LA
10772,track,10331,spotify,spotify:track:105GUySGUP8arbVMrjq7Rj
10773,track,10332,spotify,spotify:track:0eaVIYo2zeOaGJeqZ5TwYz
10774,track,10333,spotify,spotify:track:6w9GrSUaQQIaMBYtabge7p
10775,track,10334,spotify,spotify:track:1g4DPOlfsDTIzq9fTU2SFE
10776,track,10335,spotify,spotify:track:5ugcpEprRXs0HnZ1iMFXed
10777,track,10336,spotify,spotify:track:0J8oWLQ8wp3xparv98OJsa
10778,track,10337,spotify,spotify:track:0AVgSiAUfEnhSma5WN6I1f
10779,track,10338,spotify,spotify:track:2avmc6AW7RbsYOC77jJhmi
10780,track,10339,spotify,spotify:track:5cz1jba7M09O8WNPXCYddx
10781,track,10340,spotify,spotify:track:5bXnD0NJZ1AV0SlrDOUWeh
10782,track,10341,spotify,spotify:track:52NGJPcLUzQq5w7uv4e5gf
10783,track,10342,spotify,spotify:track:7AiN0hMC6PkB59VndNtNsJ
10784,track,10343,spotify,spotify:track:1UyLFPOIG7E1OfamPQLOfD
10785,track,10344,spotify,spotify:track:2y3mrzWEWaAFqb2jf5fED8
10786,track,10345,spotify,spotify:track:3WaDoMDQRqDdgtCDLxanpN
10787,track,10346,spotify,spotify:track:4Q34FP1AT7GEl9oLgNtiWj
10788,track,10347,spotify,spotify:track:3ruoIF2UnoXdzK8mR61ebq
10789,track,10348,spotify,spotify:track:7FtZFla3ZH6PqsAJ9MvVCM
10790,track,10349,spotify,spotify:track:0ttxw376wbczvc9dsOU085
10791,track,10350,spotify,spotify:track:4f3xyi9yD2bcRYIhanZjCW
10792,track,10351,spotify,spotify:track:3enjxX3aOAsFyaKeH1O9jO
10793,track,10352,spotify,spotify:track:4dJK5SWeZp2DNpReLKfNl6
10794,track,10353,spotify,spotify:track:4ns1XFP3W5JPyzvnAjMdHD
10795,track,10364,spotify,spotify:track:7gA5NWojLZRn8DYQ9HXE7x
10796,track,10365,spotify,spotify:track:2z8tZ7BZ1GzFIlaPt5qWKx
10797,track,10366,spotify,spotify:track:57qdKr9lqGuYzHHmiX4O3w
10798,track,10367,spotify,spotify:track:47qcT4LsV0hbLT02iHbcIe
10799,track,10368,spotify,spotify:track:22mhfCPBE5YzXWYekGJUdS
10800,track,10369,spotify,spotify:track:4V9ynsDPwHtdItksqjuRu0
10801,track,10370,spotify,spotify:track:410TZrK18uRjtsTunG14cl
10802,track,10371,spotify,spotify:track:2ZlABhxMMa43COmZ97kKsJ
10803,track,10372,spotify,spotify:track:29YW2xXlo6Pc6M0SBTCXYN
10804,track,10373,spotify,spotify:track:2GHp47AE8HTBF9xpG7FIoz
10805,track,10374,spotify,spotify:track:5SjOnNlMC1qNeuqnm9DzBs
10806,track,10376,spotify,spotify:track:6i6cWTCYBOKEdJnWjzm2yk
10807,track,10377,spotify,spotify:track:1BVTXeq3Hv4K1QamHvrt6A
10808,track,10378,spotify,spotify:track:04oItkpD3fFzwQjZGAEBgo
10809,track,10379,spotify,spotify:track:0UAYy2ivJWfaEJQyllHNbx
10810,track,10380,spotify,spotify:track:1hubE1lrTeRg7KvciFvhOa
10811,track,10381,spotify,spotify:track:5jMAUclxetm7FzMprDAeGR
10812,track,10383,spotify,spotify:track:2EduiM2UNwjCC7PsLxnOCH
10813,track,10384,spotify,spotify:track:7qLr3HMApUbyDkUvgIvHnB
10814,track,10385,spotify,spotify:track:0r75DNlHu4recmKUdZeMfG
10815,track,10386,spotify,spotify:track:5xXsuyGahaZAbF0bIZARS4
10816,track,10387,spotify,spotify:track:15zbdT98jFyZO2MFg1rbqD
10817,track,10388,spotify,spotify:track:3IQ4kBI1VBRa4YoGtW8mGU
10818,track,10389,spotify,spotify:track:69eqSx7e4dIyEOhoPff0WS
10819,track,10392,spotify,spotify:track:6GGmABM6AMwMzEhK7szqJT
10820,track,10393,spotify,spotify:track:6VKNW0svDbddkdNDGAE0NY
10821,track,10394,spotify,spotify:track:0RBw4ODUQPO4cuAOZtBGga
10822,track,10395,spotify,spotify:track:31bsuKDOzFGzBAoXxtnAJm
10823,track,10398,spotify,spotify:track:4ujX9kC3UUp26MG0tPhUCz
10824,track,10399,spotify,spotify:track:6yHkPtl6UQ7RjtJLBPzbJw
10825,track,10400,spotify,spotify:track:4j9G1hsYMHg3n6OBG8AQFS
10826,track,10401,spotify,spotify:track:3gOL6mYIq19Oq8raxIntrV
10827,track,10402,spotify,spotify:track:1T6CF1qnG0hK0absyeVL5H
10828,track,10403,spotify,spotify:track:6bdzSqnvBWrvq8HLmxZUCC
10829,track,10404,spotify,spotify:track:2AGottAzfC8bHzF7kEJ3Wa
10830,track,10405,spotify,spotify:track:7jslhIiELQkgW9IHeYNOWE
10831,track,10406,spotify,spotify:track:2uTG00P1DkhB97pdITkl2O
10832,track,10407,spotify,spotify:track:1mm09D0yUumTNIue8n8QgS
10833,track,10408,spotify,spotify:track:31zNgkbLt8McmjDrh6XKY9
10834,track,10409,spotify,spotify:track:1au2UduxcvHfa0fZS3Szci
10835,track,10410,spotify,spotify:track:0s9xZDmDtrZKvgXVNJl5VS
10836,track,10411,spotify,spotify:track:50a8bKqlwDEqeiEknrzkTO
10837,track,10412,spotify,spotify:track:5ZSIExfQuVv69tw5Qw3yDl
10838,track,10413,spotify,spotify:track:6ho88pvz4c8WCSFbdVXNia
10839,track,10414,spotify,spotify:track:7zFXmv6vqI4qOt4yGf3jYZ
10840,track,10415,spotify,spotify:track:4rEBuHYnIVN69t4mNE7W0I
10841,track,10416,spotify,spotify:track:67LbGDmNb0vz9RlYZaHQcD
10842,track,10417,spotify,spotify:track:7cXlDCmulkI5UWLCtSjhRF
10843,track,10418,spotify,spotify:track:1qpVGPQyd18YJhuY2NeS7e
10844,track,10419,spotify,spotify:track:5RIfTKi3UAqBMEJaWKbBnJ
10845,track,10420,spotify,spotify:track:0WJFGuFgA2LQToACENzzbu
10846,track,10421,spotify,spotify:track:3ViZItkxDFcsh5udjSxCvU
10847,track,10422,spotify,spotify:track:6IkrEMj1yTPyZr5bk8PmGF
10848,track,10424,spotify,spotify:track:2MbdDtCv5LUVjYy9RuGTgC
10849,track,10425,spotify,spotify:track:3vUDNDbhYkfidboErlk7cx
10850,track,10426,spotify,spotify:track:2Gyc6e2cLxA5hoX1NOvYnU
10851,track,10427,spotify,spotify:track:6ieWL5CLN9WdC875guWtMe
10852,track,10428,spotify,spotify:track:6ydWxkzjDktHsTzvWcaZ1i
10853,track,10429,spotify,spotify:track:5uKHTLXNcftXtYfU7j9cQ6
10854,track,10430,spotify,spotify:track:17sPXQa8bT24ToCYHXuQXI
10855,track,10431,spotify,spotify:track:0AyA2lHB4YnQUNa8Y6NNjm
10856,track,10432,spotify,spotify:track:2jd0mRbnEOwzLJek2Cnoif
10857,track,10434,spotify,spotify:track:2PLOCIYlFr8XxNsz0Lgs4l
10858,track,10435,spotify,spotify:track:2gHQ7upBrDEFOZZTO6ktbZ
10859,track,10436,spotify,spotify:track:1WBCEuEnb82j5MwjpV8CiV
10860,track,10437,spotify,spotify:track:3x6TDngmJuZI7cD6MfE54Y
10861,track,10438,spotify,spotify:track:3iKVuda02l5r6qDfZgSUEm
10862,track,10439,spotify,spotify:track:1vf9F2n3KbuMQrTq36QLJH
10863,track,10440,spotify,spotify:track:5jQI2r1RdgtuT8S3iG8zFC
10864,track,10441,spotify,spotify:track:3eX0NZfLtGzoLUxPNvRfqm
10865,track,10442,spotify,spotify:track:0V3wPSX9ygBnCm8psDIegu
10866,track,10443,spotify,spotify:track:1wtOxkiel43cVs0Yux5Q4h
10867,track,10444,spotify,spotify:track:1Qrg8KqiBpW07V7PNxwwwL
10868,track,10445,spotify,spotify:track:5wujBwqG7INdStqGd4tRMX
10869,track,10446,spotify,spotify:track:4VJge9qYxmhYEod0CWoEZ7
10870,track,10447,spotify,spotify:track:7jMAyXhlXiriURG2NV0sdt
10871,track,10448,spotify,spotify:track:0ro3CWfKZ5dYjdZQuWIk6h
10872,track,10449,spotify,spotify:track:4OGZ8hbvwe6FsEzdh16vxj
10873,track,10450,spotify,spotify:track:1duDjDMNljGTbQpQ4f2lrc
10874,track,10451,spotify,spotify:track:3RfaxlC7OGhdSnS8luK5sQ
10875,track,10452,spotify,spotify:track:0uP15QSJzK4Yyn1oAjsZsV
10876,track,10453,spotify,spotify:track:6L52DNbsXmjTbPKiEYwcZU
10877,track,10454,spotify,spotify:track:4dJdyHnbvucOE6ksjXmpZ2
10878,track,10458,spotify,spotify:track:7nBySIRswZAsT439fgbuWT
10879,track,10461,spotify,spotify:track:66orjI5vOkyxOZLHWrPklh
10880,track,10462,spotify,spotify:track:0B8drtTSp68pZdkmVrG9ZA
10881,track,10465,spotify,spotify:track:1PH2MDbcBAU094DlgTIND1
10882,track,10466,spotify,spotify:track:0hL9gOw6XBWsygEUcVjxEc
10883,track,10467,spotify,spotify:track:3KCNiDi9Pza6ZD8FggNoaw
10884,track,10468,spotify,spotify:track:4kjI1gwQZRKNDkw1nI475M
10885,track,10469,spotify,spotify:track:04WxWo7XeVyx22xEsrWRUb
10886,track,10470,spotify,spotify:track:7LSpFCvRZZot2AlmkUzy9k
10887,track,10471,spotify,spotify:track:67nepsnrcZkowTxMWigSbb
10888,track,10472,spotify,spotify:track:42VsgItocQwOQC3XWZ8JNA
10889,track,10473,spotify,spotify:track:0OEe83mMZ5kaNw5uZQ7ilG
10890,track,10474,spotify,spotify:track:6wsqVwoiVH2kde4k4KKAFU
10891,track,10475,spotify,spotify:track:0lodMO0qK83vfPiiD7FMEt
10892,track,10476,spotify,spotify:track:4GL9GMX9t7Qkprvf1YighZ
10893,track,10477,spotify,spotify:track:2Q0aElTZQtEUsoiaQfizu6
10894,track,10478,spotify,spotify:track:0bkV1iQHSxBaksUqgEkcbc
10895,track,10479,spotify,spotify:track:7EiUtdeoWcKqLi5ELZCjYf
10896,track,10480,spotify,spotify:track:4o82J5zr4DFEs9yj5szCVX
10897,track,10481,spotify,spotify:track:1i9lZvlaDdWDPyXEE95aiq
10898,track,10482,spotify,spotify:track:76gcXhY3Zv6wW0BTe9nHJo
10899,track,10483,spotify,spotify:track:5JfiDRHC5dVOyuN2u50vRA
10900,track,10484,spotify,spotify:track:3uuGKBDIGMGhqQRjyhAmKW
10901,track,10487,spotify,spotify:track:0a4SMs889NwP8oWI7Vemle
10902,track,10488,spotify,spotify:track:6Mx5HieOgwyF3bRb8ahTDh
10903,track,10489,spotify,spotify:track:2NCq4BaeSVszbGBc6NGWQJ
10904,track,10490,spotify,spotify:track:3zkyus0njMCL6phZmNNEeN
10905,track,10491,spotify,spotify:track:1f37GxBJx7tIMAbLsZJhyM
10906,track,10492,spotify,spotify:track:7BhOH16ud5ybFUeP3wwhby
10907,track,10493,spotify,spotify:track:2x8hN5ch6vph8YK2Cw7n0h
10908,track,10494,spotify,spotify:track:4NS6mjfccw3m9fPYLCKa53
10909,track,10495,spotify,spotify:track:6mESjue08qdoJyNs9B7J7h
10910,track,10496,spotify,spotify:track:451nqQBDKthbj0vY71vAyv
10911,track,10497,spotify,spotify:track:0bUctzieSczP8bwN8tMYUn
10912,track,10498,spotify,spotify:track:6DxKG8EHEqkWdKrFQSvm32
10913,track,10499,spotify,spotify:track:76qdKVkicFov0ifeWNb5TG
10914,track,10500,spotify,spotify:track:1uhGW4jUw12CdZCnXBKanD
10915,track,10501,spotify,spotify:track:0ppoT7dGTnY1Y5QKC125bz
10916,track,10502,spotify,spotify:track:5gC2aJwuSzGe3IJVlk9r2O
10917,track,10503,spotify,spotify:track:3ltBDgFd6sXP2TUNzSYvtk
10918,track,10504,spotify,spotify:track:27cgqh0VRhVeM61ugTnorD
10919,track,10505,spotify,spotify:track:550Pb9Yd013wSWij1lT4Om
10920,track,10506,spotify,spotify:track:2iInQB9D17iZT1oFoixurT
10921,track,10507,spotify,spotify:track:5pgZpHqfv4TSomtkfGZGrG
10922,track,10508,spotify,spotify:track:0bvqpuZ5G59dt66clV5Tyq
10923,track,10509,spotify,spotify:track:13DdaJ4hDGogpE8ogNfzWf
10924,track,10510,spotify,spotify:track:4L6MbLRopSlGLW2K6GGhh7
10925,track,10511,spotify,spotify:track:1pSkr7EPdysjDG9zUK7fnk
10926,track,10512,spotify,spotify:track:2TpPnvQPkXRaY1q7kVbeJ4
10927,track,10513,spotify,spotify:track:02FFHHSk2Bbc5l4bvpchXz
10928,track,10514,spotify,spotify:track:3EgEyRMawriy5m2FVDrefU
10929,track,10515,spotify,spotify:track:0QEG3NGmWatNOIAVxudQfd
10930,track,10516,spotify,spotify:track:3qqEFTIFcZuWJYBtshrxca
10931,track,10517,spotify,spotify:track:3m6YJNY1kha6mfQlZJ2Ox4
10932,track,10518,spotify,spotify:track:1uY1X8YeBixs1FdQ3fQ7d4
10933,track,10519,spotify,spotify:track:0E0kfeUYrxB9mlv5vOSKU7
10934,track,10525,spotify,spotify:track:3DarAbFujv6eYNliUTyqtz
10935,track,10526,spotify,spotify:track:11xC6P3iKYpFThT6Ce1KdG
10936,track,10527,spotify,spotify:track:3jVtllWS5CFFWLQng8sKsr
10937,track,10528,spotify,spotify:track:6TaqooOXAEcijL6G1AWS2K
10938,track,10529,spotify,spotify:track:7h0d2h0fUmzbs7zeFigJPn
10939,track,10530,spotify,spotify:track:62zKJrpbLxz6InR3tGyr7o
10940,track,10531,spotify,spotify:track:7LGWmZaoS7jZJ5tEi9EcDi
10941,track,10532,spotify,spotify:track:6gi6y1xwmVszDWkUqab1qw
10942,track,10533,spotify,spotify:track:4AO1XhrgJczQ9bNVxdfKQe
10943,track,10534,spotify,spotify:track:3Dv1eDb0MEgF93GpLXlucZ
10944,track,10535,spotify,spotify:track:2SeWF8lz3BmRm3W9kGEeCg
10945,track,10536,spotify,spotify:track:4lH6nENd1y81jp7Yt9lTBX
10946,track,10537,spotify,spotify:track:3V8sM5OOG6YfDuDLa2IIYJ
10947,track,10538,spotify,spotify:track:3O8NlPh2LByMU9lSRSHedm
10948,track,10539,spotify,spotify:track:1Q29dre9FCspRSarHziizl
10949,track,10540,spotify,spotify:track:71AaGUlQ7I5dRgDEQpdnI4
10950,track,10541,spotify,spotify:track:29he0Joo5sz2607A6ZBT6H
10951,track,10542,spotify,spotify:track:6MO2bfLHKykUgCChFdw91H
10952,track,10543,spotify,spotify:track:6KluBT5Zthyzk6sBwqAcso
10953,track,10544,spotify,spotify:track:2UJsKjM595pEyWUcd8JEIR
10954,track,10545,spotify,spotify:track:6jy9yJfgCsMHdu2Oz4BGKX
10955,track,10546,spotify,spotify:track:346SJSEbB6pNZMpwovxDiu
10956,track,10547,spotify,spotify:track:0J1kF6VdorvmLjmRJObiV1
10957,track,10548,spotify,spotify:track:46631VBdAu3LkySeMIHJtd
10958,track,10550,spotify,spotify:track:4qNYl4NkngYRqf6DtTyD9I
10959,track,10551,spotify,spotify:track:2ZRdQMMKtmPLdYp9aP5cK5
10960,track,10552,spotify,spotify:track:66F8UKWPtkCJSkbrPYJM6b
10961,track,10553,spotify,spotify:track:1VLtjHwRWOVJiE5Py7JxoQ
10962,track,10554,spotify,spotify:track:79s5XnCN4TJKTVMSmOx8Ep
10963,track,10555,spotify,spotify:track:6kgaI3kHkqmRimeGQdS4Ga
10964,track,10556,spotify,spotify:track:28qdL1yHti3BSu6AdLzWbg
10965,track,10557,spotify,spotify:track:6DXEZzM4wBa3EOl0NCNSvz
10966,track,10558,spotify,spotify:track:40EXFgNMOIQRQOwJZ8mJkC
10967,track,10559,spotify,spotify:track:4M6yrN4rJUrwNgHzGKfrN1
10968,track,10560,spotify,spotify:track:4Y1ruU33kut4f1beNuu26P
10969,track,10561,spotify,spotify:track:4J7S9d5BfIzD12dGSTpFX2
10970,track,10562,spotify,spotify:track:1MggxbZvp7ZNfzJQWStVTA
10971,track,10563,spotify,spotify:track:3qkEUf2kHE4c8NYaivthPR
10972,track,10564,spotify,spotify:track:74z4PdLhrqH32PPjdMIt5U
10973,track,10565,spotify,spotify:track:7rRFUMW90qaQVEbZOtepAw
10974,track,10566,spotify,spotify:track:1NHwvBmrUje4L1dxfWnXCH
10975,track,10567,spotify,spotify:track:3jDssGbmH8DeTuTSu6jTLP
10976,track,10568,spotify,spotify:track:2Oczpv70ChAEAxlVGex3HR
10977,track,10569,spotify,spotify:track:4R3TrChinlmpdewsWOLkQe
10978,track,10570,spotify,spotify:track:1vsm38VKJUAQj0fqmolh2B
10979,track,10571,spotify,spotify:track:4ZIz7p1RTYk25NzJLh6P6k
10980,track,10572,spotify,spotify:track:7xPReJAskopYnXc0u3so36
10981,track,10573,spotify,spotify:track:4o3cq2szX7THGyZDsWtp59
10982,track,10574,spotify,spotify:track:0YImOCkIJ2PWhCXaURCZnY
10983,track,10575,spotify,spotify:track:0LzxsGaWFee2RBwQNBk7ya
10984,track,10576,spotify,spotify:track:3hsmbFKT5Cujb5GQjqEU39
10985,track,10578,spotify,spotify:track:1j9ETqnCMWxN1g4Rx7R7oB
10986,track,10579,spotify,spotify:track:7xsY72TeVtHKo967gCZGcX
10987,track,10580,spotify,spotify:track:3LwTWvpoMWSckfcYIzADJJ
10988,track,10581,spotify,spotify:track:2FInpNnVrVApS84PUqvUeC
10989,track,10582,spotify,spotify:track:3HLxFEbFLDGxUoz0qYL2VT
10990,track,10583,spotify,spotify:track:4ltNrVPEPUaK0A99bXOZxo
10991,track,10584,spotify,spotify:track:0pyqVNdDIVaPBBZXW3mJ8M
10992,track,10586,spotify,spotify:track:44uL4K2OU1ejC1dE4yUFbq
10993,track,10588,spotify,spotify:track:22XFWYPabTnoWvfultCjuK
10994,track,10589,spotify,spotify:track:69zdwVJe3HidP5RYwr6QLJ
10995,track,10592,spotify,spotify:track:2IGMVunIBsBLtEQyoI1Mu7
10996,track,10593,spotify,spotify:track:2K9Ovn1o2bTGqbsABGC6m3
10997,track,10594,spotify,spotify:track:4BGZF4oLbTL0pWm7C18pbv
10998,track,10595,spotify,spotify:track:3WlbeuhfRSqU7ylK2Ui5U7
10999,track,10596,spotify,spotify:track:1sOW4PuG5X3Ie3EXUhAopJ
11000,track,10597,spotify,spotify:track:2i4U1UwE1gOSDHnTc5pxtt
11001,track,10598,spotify,spotify:track:2YAoax0ADUsZO9L4CE35ia
11002,track,10599,spotify,spotify:track:4iYJgh6M4WyKy4wUMUQzGI
11003,track,10601,spotify,spotify:track:5If9mEuLBP0y46rvN6ca98
11004,track,10602,spotify,spotify:track:0US2yd2oJjwhUol9RJFdSP
11005,track,10603,spotify,spotify:track:73cLVjDX9ikHXdnQKhL9RW
11006,track,10604,spotify,spotify:track:0pJO1tc1GpnxFyQp6Zp82r
11007,track,10605,spotify,spotify:track:20r9RAF5u8jbM70PYrGufL
11008,track,10606,spotify,spotify:track:4B5GEy5YcHMLcbRIGYEDcx
11009,track,10607,spotify,spotify:track:6bVrc22EmnXri5D7zpLa9I
11010,track,10608,spotify,spotify:track:01HF0G0K6CPvVIub1JpO4f
11011,track,10609,spotify,spotify:track:5yY9lUy8nbvjM1Uyo1Uqoc
11012,track,10610,spotify,spotify:track:5IvdLxVB8gwwcgnEkXSSW2
11013,track,10611,spotify,spotify:track:3wScL5W8H40zzCKN0atfBk
11014,track,10612,spotify,spotify:track:5cGpjfgAvidLy6znwkCxkP
11015,track,10613,spotify,spotify:track:2DnH4XlEkghUdE8ymdVom5
11016,track,10614,spotify,spotify:track:4daEMLSZCgZ2Mt7gNm2SRa
11017,track,10615,spotify,spotify:track:3fDTzkvrOo5xQIO480Qmsb
11018,track,10616,spotify,spotify:track:4Ls53fBNVfaXTROBi6X8Hw
11019,track,10617,spotify,spotify:track:1bIHv5s0rByq6ZOqDSt8K8
11020,track,10618,spotify,spotify:track:49KseQDZRmTUxF7T0TegwU
11021,track,10619,spotify,spotify:track:3dTpCTapp53S88tyMOVosR
11022,track,10620,spotify,spotify:track:79ji61eEDBXXcpR0DBjcRP
11023,track,10621,spotify,spotify:track:4vsBWAU6jHc9QLFma2bcqB
11024,track,10622,spotify,spotify:track:7dveZsk7FG3K9uHCpUOh5A
11025,track,10623,spotify,spotify:track:7pakPCYZqstwdMjpcimsLr
11026,track,10624,spotify,spotify:track:6jtTVWnlHgyjLgwLW63SZk
11027,track,10625,spotify,spotify:track:1PggZZlGqKsfc8u8PGxBHy
11028,track,10626,spotify,spotify:track:0J7FkXblrqldbm5AFM7Qik
11029,track,10627,spotify,spotify:track:25FSYy5ox8ZXYzBCvTEKLd
11030,track,10628,spotify,spotify:track:3u4gG9MpOVJPOhYPCWivOx
11031,track,10629,spotify,spotify:track:2Ee22x5KHPEvrGBIx9AdOb
11032,track,10630,spotify,spotify:track:3y4YUioQQVCZriM2RjZIik
11033,track,10631,spotify,spotify:track:5qMTP714mNnhSsGoHwSiJQ
11034,track,10632,spotify,spotify:track:4XRhTVExI4QKkkZHojtzzb
11035,track,10633,spotify,spotify:track:43RSNadfFFZp2jWHSvXglT
11036,track,10634,spotify,spotify:track:2W9BCWpUJH67uqlW7r2pbd
11037,track,10635,spotify,spotify:track:4avEX7A3B1b9VTMFvgfh8X
11038,track,10636,spotify,spotify:track:3DtOW3gzNTy5SgLWhwOdFW
11039,track,10637,spotify,spotify:track:7kOsXY7jOOoa5hla5KcRAY
11040,track,10638,spotify,spotify:track:5iozkhSH9ZyOupcJvXfSL0
11041,track,10639,spotify,spotify:track:2mv7mXr45Mq9aOczaGCAbG
11042,track,10640,spotify,spotify:track:6ZouZeezk7D8fK7x74jtMD
11043,track,10641,spotify,spotify:track:05YwRG6IqB1WmrINEAmbXr
11044,track,10643,spotify,spotify:track:1GoAS5sc36Kf0x8pFjp2gC
11045,track,10644,spotify,spotify:track:6iIQFnknhqitV3qJXICseF
11046,track,10645,spotify,spotify:track:46T4pjM4P8if786IekYchp
11047,track,10646,spotify,spotify:track:7FVSpM0idOhw4etUpkPf8d
11048,track,10647,spotify,spotify:track:1L0OmJV0LnPDWuHCIGmBV6
11049,track,10648,spotify,spotify:track:1wMkfavYDIX8z0S5fM2Gmg
11050,track,10649,spotify,spotify:track:0B1xarnfKvUFWUoFdQnooq
11051,track,10650,spotify,spotify:track:7jQkiAaa4XYYsPH3rcfcWo
11052,track,10651,spotify,spotify:track:3sTN90bIP2cJ1783ctHykO
11053,track,10652,spotify,spotify:track:06XuHBFQejxy9jhNBaHEwx
11054,track,10653,spotify,spotify:track:4jep6dMPP0z7HrN375InoL
11055,track,10654,spotify,spotify:track:5u5aVJKjSMJr4zesMPz7bL
11056,track,10655,spotify,spotify:track:3YJrnXT1UNpRgnc7lcgXSF
11057,track,10656,spotify,spotify:track:68gTcLzurWBmlx9t2Dippi
11058,track,10657,spotify,spotify:track:0jOnZhF75V68VsBObWx2XO
11059,track,10658,spotify,spotify:track:1EGFCxKCQ3isMnlPzEW8G1
11060,track,10659,spotify,spotify:track:1W9A8AOFaDgVVuZsmEAcjs
11061,track,10660,spotify,spotify:track:7aIUufCSZzXHuXhwMvTTHM
11062,track,10661,spotify,spotify:track:0Jo7db0ajM3LoePIeIK1c9
11063,track,10662,spotify,spotify:track:59eTbibtvvBIGj27eN3zqq
11064,track,10663,spotify,spotify:track:4AGYFK6xfziZpJbsQfBtdL
11065,track,10664,spotify,spotify:track:5dJMySEUEPPGsfkLuczrRS
11066,track,10665,spotify,spotify:track:3xmkbcnfM7HfoK7XQP4qgg
11067,track,10666,spotify,spotify:track:092Zl8RpANG3tNaMANorGi
11068,track,10667,spotify,spotify:track:4q8f3Ls32PcXE8Ks4V1ufx
11069,track,10668,spotify,spotify:track:7ACLQLZ1I7PbyKTS4E9whS
11070,track,10669,spotify,spotify:track:6MoY9dj27qBHzCCmcvYTIJ
11071,track,10670,spotify,spotify:track:4r3JiTLV4aPb93plMl7Sk5
11072,track,10671,spotify,spotify:track:2k2Z7yadTBdOM8oObjzslj
11073,track,10672,spotify,spotify:track:3NNgZSXHElKHPpkCxsP8WB
11074,track,10673,spotify,spotify:track:6YD8EpsddOfEwAhaymGu0Q
11075,track,10674,spotify,spotify:track:7IqsNN0EMckx9YqddgXlwg
11076,track,10675,spotify,spotify:track:7Aq3pnhSzI8FnHt7T6TPsX
11077,track,10676,spotify,spotify:track:5QG0l8nybp5rLMo7saQHl2
11078,track,10677,spotify,spotify:track:4zivXJkUD87842VhywHGFn
11079,track,10678,spotify,spotify:track:612Gkl43RQdwlzKGPgkudm
11080,track,10679,spotify,spotify:track:5R691ipUYRDYW6ehapjoj6
11081,track,10680,spotify,spotify:track:1d7q712nXjG98HiwHk7HFS
11082,track,10681,spotify,spotify:track:57ZUX6TNyKLBydAdVVd02x
11083,track,10682,spotify,spotify:track:4n6NDfYake476trCjJRNl0
11084,track,10684,spotify,spotify:track:7hxHWCCAIIxFLCzvDgnQHX
11085,track,10689,spotify,spotify:track:3PoyGGNBIrNKEXZZ0cToZv
11086,track,10693,spotify,spotify:track:6t1b4mTLVUHK3NSP9ddeyp
11087,track,10694,spotify,spotify:track:5GhzIG338ydBSHgYorVNc1
11088,track,10695,spotify,spotify:track:6BBj2XmDLgqn8TKC8WGLNx
11089,track,10696,spotify,spotify:track:2SRklrn3dzFBxbwjPgXl0v
11090,track,10697,spotify,spotify:track:7M00I34EZTc1FLpM4zzy29
11091,track,10698,spotify,spotify:track:7qpma1tJZ7576QaJbNMii6
11092,track,10699,spotify,spotify:track:5FwkdhLPRN4erK9MJFhp0u
11093,track,10700,spotify,spotify:track:2yHlfScq8qIgAzSvxucuAd
11094,track,10701,spotify,spotify:track:4kP69y3GKHi9tXckfgp4bK
11095,track,10702,spotify,spotify:track:2NQJ7r83PSAFELsKAEIU4v
11096,track,10703,spotify,spotify:track:27jHp24LghRPZEx3fV8aWg
11097,track,10704,spotify,spotify:track:16H5kvIj3V0EMoTXP4nI4U
11098,track,10705,spotify,spotify:track:0dn7lN2ky5BnUJNoELXh3i
11099,track,10706,spotify,spotify:track:41ujv4mhxlqR8nlnieDpDp
11100,track,10707,spotify,spotify:track:3By9jCy6b4dv5XnlhvIWwx
11101,track,10708,spotify,spotify:track:652xAJOQTkyKf7z6YaI1bf
11102,track,10709,spotify,spotify:track:5PTpeUmiTCOOeeNR5asNJK
11103,track,10710,spotify,spotify:track:0vIGN1fJKJsvfkybdxiQmZ
11104,track,10711,spotify,spotify:track:7gWFRuWfEwMjvf7JPA8kyA
11105,track,10712,spotify,spotify:track:3rL2blyeOBnUBq3yYA1KcE
11106,track,10713,spotify,spotify:track:1AU8s5RMGA6mzHsFn06Iaa
11107,track,10714,spotify,spotify:track:6pey9l0qzUlrvCamrWRg0M
11108,track,10715,spotify,spotify:track:3fNVhtu9TePkoDTH1Uv5OQ
11109,track,10716,spotify,spotify:track:12ICG4ARajR8WSmMeGENsM
11110,track,10717,spotify,spotify:track:72Ab3Qrgm8GJngNyzQ0Fx9
11111,track,10718,spotify,spotify:track:35cbV1SEL8IWdXR3a1tckb
11112,track,10719,spotify,spotify:track:0SrflXmehpzEzATGCqagfN
11113,track,10720,spotify,spotify:track:5fi4h8Z4kSteHe5Xo0Ltau
11114,track,10721,spotify,spotify:track:1Um3AfadSNEdoaGpU0o5j6
11115,track,10722,spotify,spotify:track:1LwqwUqBd6o4SnAbbDf2Z8
11116,track,10723,spotify,spotify:track:6iCYXIjE5xlQjDYYx8eNNk
11117,track,10724,spotify,spotify:track:0lN7RFR5pxgHyTG8fhcpmc
11118,track,10725,spotify,spotify:track:2yg9UN4eo5eMVJ7OB4RWj3
11119,track,10726,spotify,spotify:track:5cNbz1TcuzndymBqUNyBC7
11120,track,10727,spotify,spotify:track:19VkhsdWwsddQ9FcHqmdmL
11121,track,10728,spotify,spotify:track:4KrOzPa98JgmFJVaOwLvdJ
11122,track,10729,spotify,spotify:track:6saqyONsKCCJw0gWh95LCi
11123,track,10730,spotify,spotify:track:48QFWf03hb7Er4NHodAi82
11124,track,10731,spotify,spotify:track:6jZ1SNPuYqCqJsZhJlSGe1
11125,track,10732,spotify,spotify:track:75JlUgJb8uwmDnASQpZfvY
11126,track,10734,spotify,spotify:track:7znKXBOyLR50MmA99KgHO8
11127,track,10735,spotify,spotify:track:3D6cnlBHXkFAa0CSFAXeaK
11128,track,10736,spotify,spotify:track:02KycihpwqtqMQUR6eCdhy
11129,track,10737,spotify,spotify:track:5xP2WID68C57BsxofY9kJx
11130,track,10741,spotify,spotify:track:7yhLOvUMQJkwiKEr6pekpF
11131,track,10742,spotify,spotify:track:4Q9x6Lhdk56GpMFxhZo4BT
11132,track,10743,spotify,spotify:track:56fD3NCRP1of3Ml7UPzux4
11133,track,10745,spotify,spotify:track:7m7fHqG3R7jACPWWIx3Vk8
11134,track,10747,spotify,spotify:track:0GH0acI4Gh0hRwCvNu48zG
11135,track,10748,spotify,spotify:track:5NAwPcrDixz1RLBOCYpGjK
11136,track,10749,spotify,spotify:track:544S44LQ1kkDoQLoEkxYNx
11137,track,10750,spotify,spotify:track:7B7Bzbl3gI1GrnCatsDh4X
11138,track,10751,spotify,spotify:track:3eP13S8D5m2cweMEg3ZDed
11139,track,10752,spotify,spotify:track:0Mrnt1YqVuW2bqmwu4VxDt
11140,track,10753,spotify,spotify:track:2nibvvDdAQkVraYP00z2RS
11141,track,10754,spotify,spotify:track:53KaP77tkliz36LPxWGlWK
11142,track,10755,spotify,spotify:track:4ZT0wGKwlJRjpMUuwZVy3p
11143,track,10756,spotify,spotify:track:7aqfrAY2p9BUSiupwk3svU
11144,track,10757,spotify,spotify:track:2YSzYUF3jWqb9YP9VXmpjE
11145,track,10758,spotify,spotify:track:1GpWY5RiInhezB8wGWs6oN
11146,track,10760,spotify,spotify:track:3JZjcKImHcmOI9ylL4zrSc
11147,track,10761,spotify,spotify:track:3IHt4j5uAEl7iBu8Utn985
11148,track,10762,spotify,spotify:track:0ArVfVP8B5svkfj8clHNzB
11149,track,10763,spotify,spotify:track:03rwnftfgpYVO6QDWOZcG6
11150,track,10764,spotify,spotify:track:24FUBxaAYSBlWsbSnEzDcn
11151,track,10765,spotify,spotify:track:1PIgY9ybyFT9uWLM5POYGY
11152,track,10766,spotify,spotify:track:1cFKKdG6gmpptMBFxasJOE
11153,track,10767,spotify,spotify:track:3YJJjQPAbDT7mGpX3WtQ9A
11154,track,10768,spotify,spotify:track:3tpI98Yae25hSvhh6mitA9
11155,track,10769,spotify,spotify:track:6Dk5fHTvH897XrVzCO64Mx
11156,track,10770,spotify,spotify:track:2TktkzfozZifbQhXjT6I33
11157,track,10771,spotify,spotify:track:28qOm0MgUE3hJfO6i84Jls
11158,track,10772,spotify,spotify:track:5HE3qhgbPdKXv7Xn45FiLh
11159,track,10773,spotify,spotify:track:3LrDXQaEyyqe4TLWJy0Mt7
11160,track,10774,spotify,spotify:track:5AcOdoDOQOKtPlAM1FqBO8
11161,track,10775,spotify,spotify:track:5ClRKRmW1p6RQcdwzY1kNJ
11162,track,10776,spotify,spotify:track:30hui0n0IE1y699MAEPNGp
11163,track,10777,spotify,spotify:track:1vAs9iA3hNL9ctMlmuD3HT
11164,track,10778,spotify,spotify:track:5DBkCzSGttobRr6ApIEd4f
11165,track,10779,spotify,spotify:track:29TkURtrYuiFSs7LKyiwaQ
11166,track,10780,spotify,spotify:track:7KuoNaz8JL1xppLQRSHuO5
11167,track,10781,spotify,spotify:track:4mlP10ICLhXt2QmUf0GkpB
11168,track,10782,spotify,spotify:track:5VyqeKoQ31p0ZPoRMpoDkx
11169,track,10783,spotify,spotify:track:3Hwc9uyLKCu0aCKmpE6Gm9
11170,track,10784,spotify,spotify:track:6ss12wQUL6VtFFfQuyPsgg
11171,track,10785,spotify,spotify:track:1ZKDyLIg2y75EwMR3kme2z
11172,track,10786,spotify,spotify:track:2GcMbuPr65jwYnmV6hLRmN
11173,track,10787,spotify,spotify:track:3GXjlz7evuodm50dfiDDWo
11174,track,10788,spotify,spotify:track:5nYygW7bTgPOhckh3uDR9L
11175,track,10789,spotify,spotify:track:5vg13q0WVz8iamRtUjaVU0
11176,track,10790,spotify,spotify:track:46emgqllTCiIxq7AOM2wC8
11177,track,10791,spotify,spotify:track:0QvVFeDqTiyA9Mczd4hGYc
11178,track,10792,spotify,spotify:track:4ZLzoOkj0MPWrTLvooIuaa
11179,track,10793,spotify,spotify:track:451EMYReoEHbfvj75Pu1B9
11180,track,10794,spotify,spotify:track:3ggmp9UKWkaz1coUirrmHs
11181,track,10795,spotify,spotify:track:4s2rZQ0Hgn0RKA1vag5mhG
11182,track,10796,spotify,spotify:track:6UFRV34euOz5X7sCfJgGyV
11183,track,10797,spotify,spotify:track:6gdDUUOVAlv1iIywKDRHZE
11184,track,10798,spotify,spotify:track:6O03dtr3K8ra6dmTrGwKYS
11185,track,10799,spotify,spotify:track:6ilctnbVwEWTURCfY6kCWH
11186,track,10800,spotify,spotify:track:71e0TKZn2VgFg6t8kNdkkD
11187,track,10801,spotify,spotify:track:6DcweauFxkGQs9wHr7bcxb
11188,track,10802,spotify,spotify:track:3XxZiDTQflprBVjBFxM8P9
11189,track,10803,spotify,spotify:track:4Zsi5pyvmZBxvRg0KeDFMC
11190,track,10804,spotify,spotify:track:7M3dwTlDdPkL7rl3lQDNQf
11191,track,10805,spotify,spotify:track:5t0MkcpR3E24eNQcJN48WP
11192,track,10806,spotify,spotify:track:0gbxTVPxBeUVL9pNkrhcR5
11193,track,10807,spotify,spotify:track:6Ht2XGwq8pfy2SRkD1wTqk
11194,track,10808,spotify,spotify:track:0XFiaEw6H4rIuuhNFbnP9F
11195,track,10809,spotify,spotify:track:068BPNYklLpBX6VhMCKsUX
11196,track,10810,spotify,spotify:track:7r9DH7AvvijvMXFMGMsdqK
11197,track,10811,spotify,spotify:track:3UhDV3GnefK0y3CUjRBim9
11198,track,10812,spotify,spotify:track:5z7VyrtLbDCV3YgomB2JD6
11199,track,10813,spotify,spotify:track:4PKNFBtURS8wuOyJoA5I1S
11200,track,10814,spotify,spotify:track:510mvRgE4jLSsJcBh2pH0j
11201,track,10815,spotify,spotify:track:6qJ5ljpKYaxcOgiRr22hoG
11202,track,10816,spotify,spotify:track:5Wv6QdmP6YAx3VIqOB227V
11203,track,10817,spotify,spotify:track:6hp8pcQMhM7uKdF44LABoS
11204,track,10818,spotify,spotify:track:2sr8EVqFo2G4eGMe7f8y7b
11205,track,10819,spotify,spotify:track:01bE92ADfWtIskqhPwvj58
11206,track,10820,spotify,spotify:track:3PuKtFafBXrwwVjbDuRNLC
11207,track,10821,spotify,spotify:track:1bzFjrI7CYXDcyEYY2iT7M
11208,track,10822,spotify,spotify:track:2QIjjszasj5XWNejL1YSFt
11209,track,10823,spotify,spotify:track:5kSWPID4LnEjrUgnpJIlPd
11210,track,10824,spotify,spotify:track:5oJ8FIFNYEfViFcWnGVerk
11211,track,10825,spotify,spotify:track:0JOZf6b4ubKHIVrwnxVbXQ
11212,track,10826,spotify,spotify:track:3LOi1V051Obp9hHRgAC0JU
11213,track,10827,spotify,spotify:track:0s2hSdHyBgigl1UvEd4Nwt
11214,track,10828,spotify,spotify:track:4QteKLKvSqos7QUhhlBbGs
11215,track,10829,spotify,spotify:track:1A3kKTePMR11Sed1GrvGw5
11216,track,10830,spotify,spotify:track:1uTEYa4m4eh2nwThYtLSpt
11217,track,10831,spotify,spotify:track:4wvoF7ey7AF8CfBSWVdOW4
11218,track,10832,spotify,spotify:track:2tTVWnLi72Y8lM1DmnRaVe
11219,track,10833,spotify,spotify:track:4mIHgQ3ofK2RK34UdbqMbe
11220,track,10834,spotify,spotify:track:3jhStgnHgwPGaSyhdHuT1Z
11221,track,10835,spotify,spotify:track:2FTeQQ5Rg9tBpgpTF5mnhE
11222,track,10836,spotify,spotify:track:2NM0qHzx4Ohy8iXHEEgwlO
11223,track,10837,spotify,spotify:track:17JA4HlieSH7TY3pQk21MJ
11224,track,10838,spotify,spotify:track:13e6f8t7RKXuxZ0JdaaJRG
11225,track,10839,spotify,spotify:track:6n4U3TlzUGhdSFbUUhTvLP
11226,track,10840,spotify,spotify:track:2YZmsX1eLeJmbkpyjd30ei
11227,track,10841,spotify,spotify:track:5exsnAltny90MHpg0CBFRl
11228,track,10842,spotify,spotify:track:75WOgPE5j3rmq2qlSq8Df6
11229,track,10843,spotify,spotify:track:5XfmcJMAaifjRrIdLaXVLm
11230,track,10844,spotify,spotify:track:3FXEbuw9tloZKMwsDmNDcd
11231,track,10845,spotify,spotify:track:29VEaPmIJgnMHzQBjNQ5ed
11232,track,10846,spotify,spotify:track:73l910ngb0p0nlVBkJk7FA
11233,track,10847,spotify,spotify:track:29ZAGoKOX6a4oeB0iFl14z
11234,track,10848,spotify,spotify:track:0M3o2f1cTTBdOyx7SSR6fi
11235,track,10849,spotify,spotify:track:0HgVvvw5jIc1BaFytvSPcu
11236,track,10850,spotify,spotify:track:0vsDGP7HtWxD3Irw28noa7
11237,track,10851,spotify,spotify:track:7fdA0xEN4Z4IOzSaryoDcN
11238,track,10852,spotify,spotify:track:6XHGnPf9wh6NDbRcwwLs5s
11239,track,10853,spotify,spotify:track:1YB6cwZZEQzH0mpuPpPP9h
11240,track,10854,spotify,spotify:track:0Bas2DXoMaoIZeWu0j0lJU
11241,track,10856,spotify,spotify:track:6bRXONmpYZQOk8kj54FaRz
11242,track,10857,spotify,spotify:track:2JHMRT2gvjh6P7ejierydm
11243,track,10858,spotify,spotify:track:4eAmJ2vhKbzzhEDRYipSC6
11244,track,10860,spotify,spotify:track:1tkg4EHVoqnhR6iFEXb60y
11245,track,10861,spotify,spotify:track:0PvFJmanyNQMseIFrU708S
11246,track,10862,spotify,spotify:track:792HwhrdO3ErRKL5yRe4Ge
11247,track,10863,spotify,spotify:track:0fIffclhgJC5h8AdMMVvkp
11248,track,10864,spotify,spotify:track:4IcbUXrAzBtn6iUO1LP471
11249,track,10865,spotify,spotify:track:17IBDpAl3J39swaoPlfGpp
11250,track,10866,spotify,spotify:track:3orEOtd8CPL8GFlpRpKuoE
11251,track,10867,spotify,spotify:track:40U8d12pC5UHqmHwXjHjjl
11252,track,10868,spotify,spotify:track:2BcnxwxBuar5wjCaLqm5N3
11253,track,10869,spotify,spotify:track:5SGEPm9ge10bD4j3ec9UHV
11254,track,10870,spotify,spotify:track:6WzRpISELf3YglGAh7TXcG
11255,track,10875,spotify,spotify:track:0Pu71wxadDlB8fJXfjIjeJ
11256,track,10877,spotify,spotify:track:0wQDWZ8bi8JNF6HmNRVX24
11257,track,10880,spotify,spotify:track:7mQXSPPl1sK0eMwTgpyaZw
11258,track,10881,spotify,spotify:track:0bFTvwQv0Yb6oRW2rsMa60
11259,track,10882,spotify,spotify:track:6n8I1PcuvzYZlCpQGq8Wq6
11260,track,10883,spotify,spotify:track:2h2Z0JDRJ7QYJz2u37yf9p
11261,track,10884,spotify,spotify:track:6pwwoJIFZbMzPvonOFdmH2
11262,track,10885,spotify,spotify:track:5dTAVs3A5JcIfobGaRRKBt
11263,track,10886,spotify,spotify:track:0vbM5oTKb4wFXnBKcvybGZ
11264,track,10887,spotify,spotify:track:2ZALWS6eHa3AxKdvR5kxLX
11265,track,10888,spotify,spotify:track:3UDor25dsBp55meFUeOpx2
11266,track,10889,spotify,spotify:track:6PdIJOOMKQGFxqnDZuT0Vo
11267,track,10890,spotify,spotify:track:5WJi5YLCZMLnU0cC8sSpWl
11268,track,10891,spotify,spotify:track:76V0gfcS8adKqVUIGGOugP
11269,track,10894,spotify,spotify:track:36Q4rLcgYYbJ4y2LnuIPGj
11270,track,10896,spotify,spotify:track:2lEuz5U4338FPZ3kh1hThb
11271,track,10897,spotify,spotify:track:4PEqCWLmtJ4KraG8cxSL5m
11272,track,10898,spotify,spotify:track:4iETu16g0egJNmHgK5OFvx
11273,track,10899,spotify,spotify:track:3gW8cQ2r3Um20ugbdWR5vQ
11274,track,10900,spotify,spotify:track:23OsKXPv8RVXHQltxo9scO
11275,track,10901,spotify,spotify:track:2B0t9OIElUtDggYQNIy7FR
11276,track,10902,spotify,spotify:track:1OYjATyA5kqLK3CfYfvg3y
11277,track,10921,spotify,spotify:track:1YYpaGh0OcfeR4dtPpjBTL
11278,track,10922,spotify,spotify:track:6JTmyL6UeTVLHuoco3FlBJ
11279,track,10923,spotify,spotify:track:1CQ3qJyJYZZkNSodN6WYIA
11280,track,10924,spotify,spotify:track:55h0uyCX8ODycfQfpHo2qG
11281,track,10925,spotify,spotify:track:1tv23EBibZtIhBvZc6WdI5
11282,track,10926,spotify,spotify:track:6rmiFKRnGUHt7zpWxC3Jf1
11283,track,10928,spotify,spotify:track:2WyLyygONxNBVtXCRLMjFY
11284,track,10929,spotify,spotify:track:3TnbHn9c0bTo0Wiysye5Nf
11285,track,10930,spotify,spotify:track:0eO8MW9YSTK3CjdaTYKlhF
11286,track,10931,spotify,spotify:track:3lx6kGnegMM3eTjEg2qJTj
11287,track,10932,spotify,spotify:track:5jnxxpX2834SB6LJ0S73Uz
11288,track,10934,spotify,spotify:track:2uWMj52ImAeeGQFJmVlU5H
11289,track,10935,spotify,spotify:track:1LuvccUiy1j9y8hpPBzQNh
11290,track,10936,spotify,spotify:track:67UpJLYBsYEAbe0Mm1xRf8
11291,track,10937,spotify,spotify:track:33j4CLU9UyRjO63ry5J61Q
11292,track,10938,spotify,spotify:track:4IlemV6RBqoeleMsPiT9t4
11293,track,10939,spotify,spotify:track:0NZPBYD5qbEWRs3PrGiRkT
11294,track,10940,spotify,spotify:track:5TQTUVJ23PhEhrriErbDWb
11295,track,10941,spotify,spotify:track:4CljUDO1I5hpKjwSNK6RWY
11296,track,10943,spotify,spotify:track:59OzzlZ0CaIp7BONONcWDr
11297,track,10944,spotify,spotify:track:0D5oADYCG5QbPKk3QEOP1F
11298,track,10953,spotify,spotify:track:7i47lf1W2WA41wagWBD3zH
11299,track,10955,spotify,spotify:track:2Xr7QVhLRYwXRR1oteyo9I
11300,track,10956,spotify,spotify:track:5Mc8XDfGQCMkOEZm9rS1cE
11301,track,10958,spotify,spotify:track:59ZmQR4pwCaa5iM3veM7Cs
11302,track,10959,spotify,spotify:track:2R30S0W4JCM9JaQWlpmeWn
11303,track,10960,spotify,spotify:track:6LFW4dEsLeiGluniXRgVYr
11304,track,10961,spotify,spotify:track:1us5wNgZc0YLT8RQQs2Q7L
11305,track,10962,spotify,spotify:track:6ltWTSzsV2TaSsOhoA8eBC
11306,track,10963,spotify,spotify:track:2uvBprdlMpzeN5Bq0PzMBI
11307,track,10964,spotify,spotify:track:3RaCGXCiiMufRPoexXxGkV
11308,track,10965,spotify,spotify:track:2QThr0NmKP43AbPOrW2cDl
11309,track,10966,spotify,spotify:track:6N7CsPNdryWPtG5CTmCHpx
11310,track,10967,spotify,spotify:track:1GZJGEId948OqKmf24ubj5
11311,track,10968,spotify,spotify:track:0ZB5pdrM1leH58IgokDPZM
11312,track,10969,spotify,spotify:track:2Mph2Rvl5kVg0MYtfV60wZ
11313,track,10970,spotify,spotify:track:4ASBfwBwwo7DTT2zq9YSLP
11314,track,10971,spotify,spotify:track:3nHat22UwPywIevUrXIhy1
11315,track,10973,spotify,spotify:track:2ut4BOQSqxLpcX5MtPjzYa
11316,track,10974,spotify,spotify:track:5Se32hEA9raeboZerywxka
11317,track,10975,spotify,spotify:track:6ub9vuiAB9MQ6p61cd6eIa
11318,track,10976,spotify,spotify:track:086sjLPEqdKBgTxbTeCLCv
11319,track,10978,spotify,spotify:track:4so0Wek9Ig1p6CRCHuINwW
11320,track,10979,spotify,spotify:track:0oPdaY4dXtc3ZsaG17V972
11321,track,10980,spotify,spotify:track:77khP2fIVhSW23NwxrRluh
11322,track,10981,spotify,spotify:track:1QBaOzhMlaWx9zQZIEmJFx
11323,track,10982,spotify,spotify:track:2beD5W9IkefQ04IO39XF7w
11324,track,10983,spotify,spotify:track:4ea9w8c4ROqiZpJVhfBA3m
11325,track,10984,spotify,spotify:track:2pkogCDf86ygBRuvpimLfk
11326,track,10985,spotify,spotify:track:1WopKLOG4Kud0H1r3xrCfT
11327,track,10986,spotify,spotify:track:15joiMls8SpP1VtGivYh6i
11328,track,10987,spotify,spotify:track:561jH07mF1jHuk7KlaeF0s
11329,track,10988,spotify,spotify:track:7lQ8MOhq6IN2w8EYcFNSUk
11330,track,10989,spotify,spotify:track:3yfqSUWxFvZELEM4PmlwIR
11331,track,10990,spotify,spotify:track:5CE1jL4dkfZlX5CiHZh5ap
11332,track,10991,spotify,spotify:track:4T10Ts9Btb1QL89cAO3pq6
11333,track,10992,spotify,spotify:track:306hfV6PY0lgV2Tbhnfdnt
11334,track,10993,spotify,spotify:track:1zgHn1EqUyA0HqNYMdJ5ia
11335,track,10994,spotify,spotify:track:3jgJdyQg66mgV5jPSJMHYq
11336,track,10995,spotify,spotify:track:2PAimmCeBL7Xlj4LjYAEpr
11337,track,10996,spotify,spotify:track:6TYPoBrn53njY2C0WwdmA1
11338,track,10998,spotify,spotify:track:0rkzHjL6NnDnRic4qccG12
11339,track,10999,spotify,spotify:track:4lyphUu7lt4KKuf8jZKjjh
11340,track,11000,spotify,spotify:track:32aYDW8Qdnv1ur89TUlDnm
11341,track,11001,spotify,spotify:track:0x3TibRgnSqzkcwrqBd4iX
11342,track,11002,spotify,spotify:track:3mGOc8ek4KcdjkevSGkZyA
11343,track,11003,spotify,spotify:track:0bKHna08TQqdhLtK7q6jOK
11344,track,11004,spotify,spotify:track:60lKh76BWXiY5AbFbHBDph
11345,track,11005,spotify,spotify:track:5KGRRivCM5mvYgifasIHAF
11346,track,11006,spotify,spotify:track:5lR1Jv91SinCpFPXOB4uJN
11347,track,11007,spotify,spotify:track:1Vgbt92KM9F41PxBcDCEQu
11348,track,11008,spotify,spotify:track:08KhyAyBG9HuTuZDViexHw
11349,track,11009,spotify,spotify:track:0WPCSqx7pdUQzsoTAYFLs6
11350,track,11010,spotify,spotify:track:1VzRhPxzcvt1sMsVdhE5o5
11351,track,11011,spotify,spotify:track:0mE27RykwhycJjPVDeLIsA
11352,track,11012,spotify,spotify:track:3xILIoJjJPH3gAsYWtPMlz
11353,track,11013,spotify,spotify:track:53zTDNVYGF9h3xUN3LJ6Sj
11354,track,11014,spotify,spotify:track:0QKjIHuZylwRNkrg4TYy8E
11355,track,11015,spotify,spotify:track:1CSaCKPIp2yCIDL3t7Fyau
11356,track,11017,spotify,spotify:track:2GJFu2G9fhaYFrOoX9bejs
11357,track,11019,spotify,spotify:track:697cBYjdAjPKe0RsEc6532
11358,track,11020,spotify,spotify:track:44IdNvMSJpOWWTqcExPXef
11359,track,11021,spotify,spotify:track:6fVxRKqJ4lp4zvh6znQAfp
11360,track,11022,spotify,spotify:track:71VKjJjn76sn5Tt8X8Ay8c
11361,track,11023,spotify,spotify:track:7jKNxYzPFGDWEemcRVebLb
11362,track,11024,spotify,spotify:track:7uHF03xE84sQ5PicRNH3yu
11363,track,11026,spotify,spotify:track:2M6P0j9uCqFzx8u9P4VxNi
11364,track,11027,spotify,spotify:track:4e0uZkMYa8e8HJ5TEUN417
11365,track,11028,spotify,spotify:track:04BF53Rb6LOpDUJG518IqS
11366,track,11029,spotify,spotify:track:1dKXBUKx7oCB2UXlkihNn8
11367,track,11030,spotify,spotify:track:4bF4MxTGnNj8dTW0LZmAx5
11368,track,11031,spotify,spotify:track:3BE3IYsAhqkTiRIR7T7x7M
11369,track,11032,spotify,spotify:track:2DSy4HfDQoBsPPcRSoeM16
11370,track,11033,spotify,spotify:track:22nyEAEM29tcBRhukR089b
11371,track,11034,spotify,spotify:track:0y60itmpH0aPKsFiGxmtnh
11372,track,11035,spotify,spotify:track:2DtUHx4Ie1sWFmp9PbZmf4
11373,track,11036,spotify,spotify:track:4BgJAhXoTmB65xaDZFFcoI
11374,track,11037,spotify,spotify:track:1lF2SRGtxswe1MZvRRvgTA
11375,track,11038,spotify,spotify:track:4p2ZyU1LpOxdtsZp37XTHP
11376,track,11039,spotify,spotify:track:48gtujiZ77wSZ29aWZe84V
11377,track,11040,spotify,spotify:track:09kYuK9gLUai92QYwsrU49
11378,track,11041,spotify,spotify:track:4X8P4arz5eir4T1VdieWvv
11379,track,11042,spotify,spotify:track:3G2Xq0ZA5nra0iHMjbXOYD
11380,track,11043,spotify,spotify:track:2P85pvlywFv7CxghMFyido
11381,track,11045,spotify,spotify:track:0pdMOh52apEWAS1xELJY7Q
11382,track,11046,spotify,spotify:track:08LwMWf5Tcfsd752EPzFV0
11383,track,11047,spotify,spotify:track:5lLNBIyjp72btcnrjBG751
11384,track,11048,spotify,spotify:track:4YiY551vHi6glMtgVxuqAy
11385,track,11049,spotify,spotify:track:5BwQjRasNcdRPuVWKcHto2
11386,track,11050,spotify,spotify:track:1vZKP9XURuqMp1SpXGnoyb
11387,track,11051,spotify,spotify:track:6HGtLIGtz89GQnbSV4sBcR
11388,track,11052,spotify,spotify:track:6vD4DVOnhf5N2NKkozKQlR
11389,track,11053,spotify,spotify:track:0enMSlACfwj5R3U6cKjNeF
11390,track,11054,spotify,spotify:track:3CwE9ExeHCA9ho6hy1lrNZ
11391,track,11055,spotify,spotify:track:0GV5Du6sVdokEA5Xd1Cs8a
11392,track,11056,spotify,spotify:track:5cT9UuSKWfCYbDCDQwS2aY
11393,track,11057,spotify,spotify:track:2RCvNuag0gdN0lmywnVxTu
11394,track,11058,spotify,spotify:track:6uVCqvznAx7pOYHTNlxulb
11395,track,11059,spotify,spotify:track:6i78EhlNpCODok4KjHKLrf
11396,track,11060,spotify,spotify:track:2QRzVMpP0v8RqmHctJ6yCH
11397,track,11061,spotify,spotify:track:35OqFuNbclT3cFT92fYGTH
11398,track,11062,spotify,spotify:track:3Cs5m2rS0UnYx4UWppPLP8
11399,track,11063,spotify,spotify:track:6rnbHty5DmSiKwpLqOaZqK
11400,track,11064,spotify,spotify:track:09hSLe9VWIOT5uiMDufJZF
11401,track,11065,spotify,spotify:track:61IXkIVYvfpKdjzEQeMU54
11402,track,11066,spotify,spotify:track:4CjsInvWGmHOxxVQ2sS9F4
11403,track,11067,spotify,spotify:track:4pVxflK7JBEAzj4pEY8G8e
11404,track,11068,spotify,spotify:track:6M2ZatEcMJNWrhm7dF8h6M
11405,track,11069,spotify,spotify:track:4HkmCOAh5oqQ7KsihV2Yfs
11406,track,11070,spotify,spotify:track:00zEutyWPkwIbwl50L1fop
11407,track,11071,spotify,spotify:track:2okeg8ZIf25wcY5QGCjZAz
11408,track,11072,spotify,spotify:track:2s77QtuUY02DggvJbX4dtR
11409,track,11073,spotify,spotify:track:5J47ZMg53bfHMH1xChF7Go
11410,track,11074,spotify,spotify:track:4RzVqpmyoVlRGSLPuPhm5u
11411,track,11075,spotify,spotify:track:3qYP1z6cSQuTUosdMURZtw
11412,track,11076,spotify,spotify:track:2Zmibx9TsizyFYCJFWnJXc
11413,track,11077,spotify,spotify:track:5V2xjX43Qg2wTdhX6xhIK1
11414,track,11078,spotify,spotify:track:0fQOIeqzT092q2p8wDDBYl
11415,track,11079,spotify,spotify:track:1vx0XNUpmrALy5N9SN4GP5
11416,track,11080,spotify,spotify:track:7tmMuhg6bvWSyLdEBWlWTb
11417,track,11081,spotify,spotify:track:1L0op2aXXuCnWsGT8ltTMW
11418,track,11082,spotify,spotify:track:30gbCa8Zx6dioHEj9LwIaw
11419,track,11083,spotify,spotify:track:4dCXTJhIjUlSMPwIFGeZlt
11420,track,11084,spotify,spotify:track:4uTqFlXMoLOn8qbc50Ib5d
11421,track,11085,spotify,spotify:track:2ZSUAGIAUGFRBifcs0SuNt
11422,track,11086,spotify,spotify:track:0F8ZbcUtitZnH2b9E2azZa
11423,track,11087,spotify,spotify:track:68ugUmH1wjIN0vCR98sC7G
11424,track,11088,spotify,spotify:track:3TKli016N6D1XnU0Jz8xVx
11425,track,11089,spotify,spotify:track:5QCub19WJvIa3TDtJaHl8I
11426,track,11090,spotify,spotify:track:7lA5vslbewlQUi7gRiAbOJ
11427,track,11091,spotify,spotify:track:0ETXxrPmqmWNuxpuHRqWfb
11428,track,11092,spotify,spotify:track:5Xsw49uHfrolDpzV1S0R3n
11429,track,11093,spotify,spotify:track:3frljinYzzUNd5YRIF6xhj
11430,track,11094,spotify,spotify:track:777i3gdjJMVlWvVJvErZeu
11431,track,11095,spotify,spotify:track:3srmpEPRcrE5FAGJcsHk55
11432,track,11096,spotify,spotify:track:4Ed2ZWI33fojtD1FRhVk29
11433,track,11097,spotify,spotify:track:23SGz7Wz2c5A9830LLUCdH
11434,track,11098,spotify,spotify:track:11mr6MSfxepLWMRqASkdVA
11435,track,11099,spotify,spotify:track:5i5I6SXrI8No6aEHrGlzIx
11436,track,11100,spotify,spotify:track:0uo9UAJQ9o4O1U8wxR7Ipj
11437,track,11101,spotify,spotify:track:1RS0fQUXF7GJRC5SJwX6MW
11438,track,11102,spotify,spotify:track:6jhdzfTDrFAHeK54v3T3JW
11439,track,11103,spotify,spotify:track:5uIylVaLyLDOe3YQTo9Arc
11440,track,11104,spotify,spotify:track:4k9rdBjThAkWE6dkGRT3a2
11441,track,11105,spotify,spotify:track:1OfkfkZeJVO0hB26HTP1o2
11442,track,11106,spotify,spotify:track:0TDif8fPpS7TfXsOHLHfDn
11443,track,11107,spotify,spotify:track:7FGl7mrd84QlQAqNqfonVN
11444,track,11108,spotify,spotify:track:1VhZ2wkxATCvH9lwOHsgC0
11445,track,11109,spotify,spotify:track:1g5N61jKCHgVpSYYBz9FDV
11446,track,11110,spotify,spotify:track:5DLLYzJ575Fm5nO9JMz1Qb
11447,track,11111,spotify,spotify:track:0E6J6VqH8KDsWoRW9uwNBY
11448,track,11112,spotify,spotify:track:3yUhFUj9GsId8yqwNIMndK
11449,track,11113,spotify,spotify:track:0dC9qLvYBnZACQjoshSuUl
11450,track,11114,spotify,spotify:track:3dLsoFnQYJckHAkDMuVWf4
11451,track,11115,spotify,spotify:track:2LnaUQ1geZXlNYJj7r0nvf
11452,track,11116,spotify,spotify:track:5ecYIBzLGMydPa5IFWq4AT
11453,track,11117,spotify,spotify:track:0BH3pQFw7u7hivA25O06gQ
11454,track,11118,spotify,spotify:track:0O8R2SAT9QgtgjWFhJTkVf
11455,track,11119,spotify,spotify:track:7oTPB6w8ME48BFY127YUPd
11456,track,11120,spotify,spotify:track:30VD6EEJ58hGoCMMMBT06X
11457,track,11121,spotify,spotify:track:724dvolAqsy1lVzYRbVBxg
11458,track,11122,spotify,spotify:track:6iBThFHju3pTwSun20oN0K
11459,track,11123,spotify,spotify:track:4sQCEF9rwwuVqMXXYVWCK2
11460,track,11124,spotify,spotify:track:5Za7fFE0PX1jdpTBzqZ33Z
11461,track,11125,spotify,spotify:track:6JIQMIllcnGKKf04u3wsm8
11462,track,11126,spotify,spotify:track:7kJ5uGM45SzBjGayiCzc2j
11463,track,11127,spotify,spotify:track:4x8TzDXHBSYRRoU14DbUZE
11464,track,11128,spotify,spotify:track:1XtfAvTeVVeIPrwF0tv3l1
11465,track,11129,spotify,spotify:track:40z34fCFAKMLC7YuDLSGyJ
11466,track,11130,spotify,spotify:track:3UbM8vndndd1rD8Hu23EVJ
11467,track,11131,spotify,spotify:track:02lEP9nyM5XXGYuUNtgvYX
11468,track,11132,spotify,spotify:track:0TaPZN7SaifJMC7scGQKx7
11469,track,11133,spotify,spotify:track:4B3UIltCDxFZwXRomtooT6
11470,track,11134,spotify,spotify:track:66zOdwAIuFXNrB3kcnrkyr
11471,track,11135,spotify,spotify:track:7gFuzKSLdRQU8olOJXsT4n
11472,track,11136,spotify,spotify:track:5yMXt3hoiED52h95WXmW13
11473,track,11137,spotify,spotify:track:71MpmxCJ1TW05c7Fvv1SfI
11474,track,11138,spotify,spotify:track:1aMUmQmSBpmMVpyY804ksh
11475,track,11139,spotify,spotify:track:5xXjqFnvQbxZglR1sGm0Yc
11476,track,11140,spotify,spotify:track:6zvD6nMGrX5OrPrSnFgUXg
11477,track,11141,spotify,spotify:track:5oncCymvZwEs7rWz53fVeF
11478,track,11142,spotify,spotify:track:7HDqxZ13HhwtwCEGAlz3Gz
11479,track,11143,spotify,spotify:track:7J90bcRGPqtK5TOopUyuIi
11480,track,11144,spotify,spotify:track:4b9V3YphJiIjqYmifs05PV
11481,track,11145,spotify,spotify:track:1XWZXXac1UvCVRd8eO3O1R
11482,track,11146,spotify,spotify:track:2qofLUQ13jdSfaOUeysowS
11483,track,11147,spotify,spotify:track:2oEK8HdbgtJ7tjqMSSabVG
11484,track,11148,spotify,spotify:track:6SZecFOXcA1mt31T67vajf
11485,track,11149,spotify,spotify:track:2Xl4dbOYrRniOffrW0qvm0
11486,track,11150,spotify,spotify:track:2KdY6MVuZMwlqtW2JUdD4O
11487,track,11151,spotify,spotify:track:518hKWxnCK1L1fsYRl0OB5
11488,track,11152,spotify,spotify:track:0Kubohno5e03J30wNFg4B2
11489,track,11153,spotify,spotify:track:3piSeZsUx79vyAJYMpODvy
11490,track,11154,spotify,spotify:track:3XFzPxjP3KCHVG09I9xVEs
11491,track,11155,spotify,spotify:track:6uILUw1lRfF6k3jLzEvSE0
11492,track,11156,spotify,spotify:track:1BxfuPKGuaTgP7aM0Bbdwr
11493,track,11157,spotify,spotify:track:3nOz1U41SZZ0N3fuUWr9nb
11494,track,11158,spotify,spotify:track:56y1jOTK0XSvJzVv9vHQBK
11495,track,11159,spotify,spotify:track:5PyDJG7SQRgWXefgexqIge
11496,track,11160,spotify,spotify:track:1VJwtWR6z7SpZRwipI12be
11497,track,11161,spotify,spotify:track:0hquQWY3xvYqN4qtiquniF
11498,track,11162,spotify,spotify:track:2qyhy9ndo8tTGMzXeHTisR
11499,track,11163,spotify,spotify:track:2s4AcE9n80mSHl87lp4gIm
11500,track,11164,spotify,spotify:track:78qd8dvwea0Gosb6Fe6j3k
11501,track,11165,spotify,spotify:track:5GkQIP5mWPi4KZLLXeuFTT
11502,track,11166,spotify,spotify:track:4EivmOT13NMpNSfTKn9p4s
11503,track,11167,spotify,spotify:track:15sNe8FD178zMsVz6ug0AS
11504,track,11168,spotify,spotify:track:5lAnYvAIkSDNXqfo7DyFUm
11505,track,11169,spotify,spotify:track:5cpJFiNwYyWwFLH0V6B3N8
11506,track,11170,spotify,spotify:track:1TMWcbxL5YF8rKsFHv5hAP
11507,track,11171,spotify,spotify:track:032UZ3KVrzII6AE9Abnj7z
11508,track,11172,spotify,spotify:track:1uNePI826aqh9uC9pgbeHU
11509,track,11173,spotify,spotify:track:4rjQxlKAIXbEqHzjrnYZ7x
11510,track,11174,spotify,spotify:track:7f5trao56t7sB7f14QDTmp
11511,track,11175,spotify,spotify:track:2etHQJxIbV0soyPhelVs9Y
11512,track,11176,spotify,spotify:track:18EGw1StZNDftpUcX8PM74
11513,track,11177,spotify,spotify:track:0FFsgUoFibYISzMxuGS61W
11514,track,11178,spotify,spotify:track:2sQH02O2HBCPJCztBrCWNa
11515,track,11179,spotify,spotify:track:5FOHcVVCLe3e7hA1nP4bv9
11516,track,11180,spotify,spotify:track:33FtwY8jXSPaHRtEGFggwO
11517,track,11182,spotify,spotify:track:4SbAXtlOJ0eCL0XwFVi0Ij
11518,track,11183,spotify,spotify:track:0T8V71b2PpOwOutALY03pQ
11519,track,11184,spotify,spotify:track:5R6Xhutodh7bhDGVY71V3O
11520,track,11185,spotify,spotify:track:1kVoL8Qst9UP3X902NWMo7
11521,track,11186,spotify,spotify:track:0Jp7n6FKqGVxtXPMVYtMQr
11522,track,11187,spotify,spotify:track:2VM3HhUnmswDIm3aILbrpd
11523,track,11188,spotify,spotify:track:1TR2YzbmK96cbIRHjXs9ul
11524,track,11189,spotify,spotify:track:0S2qMxnuabnE05Wp052vhc
11525,track,11190,spotify,spotify:track:6kWzCCAghrDeVFZSKgYVGL
11526,track,11191,spotify,spotify:track:3DFKG13oQXpdRh6ptZKnMN
11527,track,11192,spotify,spotify:track:7Dm3dV3WPNdTgxoNY7YFnc
11528,track,11193,spotify,spotify:track:2grjqo0Frpf2okIBiifQKs
11529,track,11194,spotify,spotify:track:0ikz6tENMONtK6qGkOrU3c
11530,track,11195,spotify,spotify:track:1GcPhT7osBb4LEJnQ0tmfj
11531,track,11196,spotify,spotify:track:1Let4BYaYSum46nAGO1i6v
11532,track,11197,spotify,spotify:track:4PTG3Z6ehGkBFwjybzWkR8
11533,track,11198,spotify,spotify:track:0elmUoU7eMPwZX1Mw1MnQo
11534,track,11199,spotify,spotify:track:1NoggmVI7ReI9BzvcU2OmP
11535,track,11200,spotify,spotify:track:38i0QcGQ9hu8PMk4QObUTj
11536,track,11201,spotify,spotify:track:07GvNcU1WdyZJq3XxP0kZa
11537,track,11202,spotify,spotify:track:6ruxxoekZpgoKXhP7eJjKc
11538,track,11203,spotify,spotify:track:55MaJtfKTBDHRf2pu9Lmvu
11539,track,11204,spotify,spotify:track:7IFRG3oYxYLTpS2PVcBbub
11540,track,11205,spotify,spotify:track:28JwfIdg0yVq7gc9VBnfbT
11541,track,11206,spotify,spotify:track:4zUOak6ZbvF8V7mLHtZTzf
11542,track,11207,spotify,spotify:track:7xJfoWDGANvYV9CNzy8eHb
11543,track,11208,spotify,spotify:track:36aJM1CECn3bdhQHB9gfrh
11544,track,11209,spotify,spotify:track:4tyKAhM5WPBSvdZsJchDSK
11545,track,11210,spotify,spotify:track:7fyXro11pZB2HACr8aJYMS
11546,track,11211,spotify,spotify:track:2MA6YoaFF7fnWqkuOAWjUg
11547,track,11212,spotify,spotify:track:0Eq4BMgsdV6DkLSJfX8eBt
11548,track,11213,spotify,spotify:track:3PS1Q0c2VNKQMIiUusjlFf
11549,track,11214,spotify,spotify:track:1jc24HfkDT31GLKlxesuZl
11550,track,11215,spotify,spotify:track:6yAOLVyBn87IwqDhXDM4dT
11551,track,11216,spotify,spotify:track:7kyqpq0DbK12vD3Vf8tTPg
11552,track,11217,spotify,spotify:track:1zNsoMC2CS0YCUWyEuHXk5
11553,track,11218,spotify,spotify:track:3DG34DTDODz7eB1u3y05ZG
11554,track,11219,spotify,spotify:track:5NGtFXVpXSvwunEIGeviY3
11555,track,11220,spotify,spotify:track:7oB0QBEnGRIJjvlDc8YnM6
11556,track,11221,spotify,spotify:track:0ZsKHtV8jxOZMuBJk2LIQC
11557,track,11222,spotify,spotify:track:5U22NoYI0mmrk7NIHySQWt
11558,track,11223,spotify,spotify:track:1mxW31WHnp0Rq1RQrhMPDj
11559,track,11224,spotify,spotify:track:3TChFoNvKras9uQkimzK8R
11560,track,11225,spotify,spotify:track:2nr3BJgSKhoDA3M9D06BqV
11561,track,11226,spotify,spotify:track:6pgaNRblhbixTnmoP6hOvn
11562,track,11227,spotify,spotify:track:6P0rOiYri6N6hoTehFCvhq
11563,track,11228,spotify,spotify:track:1JbYvMEDnLEZ28iB5q4uHA
11564,track,11229,spotify,spotify:track:6Wrw6sXSdpd7lp6BPXEVYj
11565,track,11230,spotify,spotify:track:3bbllENA9LfkdwbEj8U73g
11566,track,11231,spotify,spotify:track:6QlkHjQmo2YncQN5MQXgPZ
11567,track,11232,spotify,spotify:track:0RNxWy0PC3AyH4ThH3aGK6
11568,track,11233,spotify,spotify:track:5eI4n94OW9pGKbFxbAI2cp
11569,track,11234,spotify,spotify:track:0v04Q9ELdQuyz9kjgAWApw
11570,track,11235,spotify,spotify:track:76oiXjka5OXZJ4eqSQIDfY
11571,track,11236,spotify,spotify:track:0cPa96zXRs2LVuNIqu06oj
11572,track,11237,spotify,spotify:track:68EKUNtzGVapUS30PJDVKs
11573,track,11238,spotify,spotify:track:58Znl2X9CgsghGUZrkEUr4
11574,track,11239,spotify,spotify:track:2LdrpTJ1Y2FKp4wcbkf0sY
11575,track,11240,spotify,spotify:track:3BzO3H3k4iU70Cn6YpriYA
11576,track,11241,spotify,spotify:track:4sdEI4KEYvzon0FkfWvuYA
11577,track,11242,spotify,spotify:track:0yBOLjYOox3pLQCHEK3XPY
11578,track,11243,spotify,spotify:track:3mwenypVIMuSBJ1ta1u6cF
11579,track,11244,spotify,spotify:track:63q676u97NP5ggP231gswo
11580,track,11245,spotify,spotify:track:7FXj7Qg3YorUxdrzvrcY25
11581,track,11246,spotify,spotify:track:7632TIFWBrYyBRHxza52qg
11582,track,11247,spotify,spotify:track:2qzIizQJhV9zimaRwWpffn
11583,track,11248,spotify,spotify:track:6dk6TV572nqmlcrpTajHNP
11584,track,11249,spotify,spotify:track:29RmaFjLphKj4XVfEGFDMS
11585,track,11250,spotify,spotify:track:4uG6lVARbqPYyUIYxnNq9M
11586,track,11251,spotify,spotify:track:4DIr6I1CRUFuG83d91Lgb5
11587,track,11252,spotify,spotify:track:5yMuchgfVvCyYCaajCckTD
11588,track,11254,spotify,spotify:track:6gYkKcjqXaArI245S7DIkd
11589,track,11255,spotify,spotify:track:5u8cTbffUixwucLRX4njko
11590,track,11256,spotify,spotify:track:64CpemScdz1LWevknFDumJ
11591,track,11257,spotify,spotify:track:5Zfbi8RYatKl97Ghw3sDM3
11592,track,11258,spotify,spotify:track:1V43BO81I2LLHjy25en933
11593,track,11259,spotify,spotify:track:7JL8mVaz5qsylzRVfHoNgL
11594,track,11260,spotify,spotify:track:2YxZgsih5KYpnPeKUEUSyh
11595,track,11261,spotify,spotify:track:36DT1EYJd50JGV6lAyaMrC
11596,track,11262,spotify,spotify:track:6Mn4azKKmCHoQIMSJOucXN
11597,track,11263,spotify,spotify:track:47S2oF6X4XTvSa4WL8QtdO
11598,track,11264,spotify,spotify:track:5quBme70LuheSh4N7NnZ7Q
11599,track,11265,spotify,spotify:track:1YQWosTIljIvxAgHWTp7KP
11600,track,11266,spotify,spotify:track:6HXntUnquAhN7dbWilPAnP
11601,track,11267,spotify,spotify:track:5I0PyDPmeG5iyGzHeon3iL
11602,track,11268,spotify,spotify:track:16XQHmx665fCWkEmGHyRox
11603,track,11269,spotify,spotify:track:7c65JJm6TYFzvsP5OL0paD
11604,track,11270,spotify,spotify:track:00c2csfX8KYCprvd3eTHR9
11605,track,11271,spotify,spotify:track:6RNDeRnWsRMjPdNVgupZCs
11606,track,11272,spotify,spotify:track:6I5OUXptquppKljwsBsICx
11607,track,11273,spotify,spotify:track:7rUa1vYP9ahdfHKyrtrsKj
11608,track,11274,spotify,spotify:track:6jSOQzZ92aPKN0p2m09y2n
11609,track,11275,spotify,spotify:track:1MoF2Agl5fwTlSJxG305xT
11610,track,11276,spotify,spotify:track:7DKjnQH7yeCUPXX88Hh12p
11611,track,11277,spotify,spotify:track:1kE2XU3Us9ZbWqp3tMXN2l
11612,track,11278,spotify,spotify:track:3hf8kPNd48tcmO5zMtQ6aB
11613,track,11279,spotify,spotify:track:4mQz22nF9cyWqwuErTqc6V
11614,track,11280,spotify,spotify:track:0XsbCr34semDxq0ZX84BCh
11615,track,11281,spotify,spotify:track:1U69R16ux7yNb4Rnl4vIIe
11616,track,11282,spotify,spotify:track:777zXDJpBufzttU4AJ2dGO
11617,track,11283,spotify,spotify:track:2zZk7609CigC5MJKMOFoUX
11618,track,11284,spotify,spotify:track:6eym0Od1ZivEwyZTYtYxMR
11619,track,11285,spotify,spotify:track:266f1BIjr5Dvu8o7a6wZv2
11620,track,11286,spotify,spotify:track:6usEnL80zCEbaIuypXVjF6
11621,track,11287,spotify,spotify:track:1UDogwsV0lD0FuE4qobCRt
11622,track,11288,spotify,spotify:track:15Vy1ZcUiA8w6giHcuqxYD
11623,track,11289,spotify,spotify:track:2ptNGfYgTuExj6ra6qqLuk
11624,track,11290,spotify,spotify:track:037n1G4Kvhv6BP0FxNIQSt
11625,track,11291,spotify,spotify:track:66zlVcDCbavBDIhyueLG8w
11626,track,11292,spotify,spotify:track:4jl69iZxHwvw8WrQ6smRFD
11627,track,11293,spotify,spotify:track:6NiDLsduMmmd3q9SyIZam2
11628,track,11294,spotify,spotify:track:3MHiOpWCWQQgJAplRWxsbJ
11629,track,11295,spotify,spotify:track:7sLml92VfhdEA81TI7Psi2
11630,track,11296,spotify,spotify:track:1cmigB9I6IRpFqjIbzvSQB
11631,track,11297,spotify,spotify:track:6J4zUeJ5nMBjL4pxRVQkx0
11632,track,11298,spotify,spotify:track:4BNhasx75KbS10jHq3VZTz
11633,track,11299,spotify,spotify:track:2qHHA5L0SLcJL0ojfWFdSk
11634,track,11300,spotify,spotify:track:0KBvapFwuz8gPKu6Gw23WN
11635,track,11301,spotify,spotify:track:5OLmn2zkijgVleNhMRjYQp
11636,track,11302,spotify,spotify:track:54h1RKrrFJDsNOfhwmqu9o
11637,track,11303,spotify,spotify:track:4m05XqmfZb8ILRv90rNw16
11638,track,11304,spotify,spotify:track:0KeSmGmcyyOhwUCe0i64uH
11639,track,11305,spotify,spotify:track:11nAMCXHi82msHXGXAUmOI
11640,track,11306,spotify,spotify:track:0P7UwPB9vL74bD6gzYaKIu
11641,track,11307,spotify,spotify:track:6wg5CB5HvXhtCm8VUKOwEC
11642,track,11308,spotify,spotify:track:59cPOVxrn3Yjwydl1pullI
11643,track,11309,spotify,spotify:track:17i5jLpzndlQhbS4SrTd0B
11644,track,11310,spotify,spotify:track:2kyEgPaAW8wdpvevPnkf0Z
11645,track,11311,spotify,spotify:track:0q4XPi4qT3dFf4sO5QflQm
11646,track,11312,spotify,spotify:track:3aRqM6RTAuvQ7po1g4bRl7
11647,track,11313,spotify,spotify:track:05yzhEWkmVXiigqWfcNTQS
11648,track,11314,spotify,spotify:track:1qe1mHUozUo7PoMBBLnr3i
11649,track,11315,spotify,spotify:track:3sAYxq1986j3ydqLv6jwUJ
11650,track,11316,spotify,spotify:track:2YIaZvqivJGIFvyeDR2YUr
11651,track,11317,spotify,spotify:track:1BbQIyPnuhVIlJEqPcY3Ug
11652,track,11318,spotify,spotify:track:4b59u2E74KcDuyHCRBkf5v
11653,track,11319,spotify,spotify:track:29S6PLRccSCyKozzwIik0J
11654,track,11320,spotify,spotify:track:4N7h4IHWRaJCOo1VFdTMHV
11655,track,11321,spotify,spotify:track:31WC5psMchxL8LHUjfyi0f
11656,track,11322,spotify,spotify:track:1ykbtFnlIjmIFnZ8j6wg6i
11657,track,11323,spotify,spotify:track:644es5aYPJghtZLjM1rmSP
11658,track,11324,spotify,spotify:track:6ANHfvTsKVUMQD1xD2VAMr
11659,track,11325,spotify,spotify:track:4rZn7sL9qpFxU7TcaKl7N5
11660,track,11326,spotify,spotify:track:4ZlGAhXUmIBxe2AxIpnNeo
11661,track,11327,spotify,spotify:track:1q6of8MARmRLg8xIjexscd
11662,track,11328,spotify,spotify:track:1ZWhhGglUq0DjWJ2hGLTSP
11663,track,11329,spotify,spotify:track:6x9pCndnXEoea0CMcfjs9W
11664,track,11330,spotify,spotify:track:47yD0e9MCRIB8dgUXPfyW3
11665,track,11331,spotify,spotify:track:5P1z8XwsCStb74emERTx9v
11666,track,11332,spotify,spotify:track:0fyP96TikhD9sM4eKqw5Yp
11667,track,11333,spotify,spotify:track:2yUzr8Sr6ldG8vmHhZwTnz
11668,track,11334,spotify,spotify:track:52eIcoLUM25zbQupAZYoFh
11669,track,11335,spotify,spotify:track:4yreExU3eRNTe2iJz6X6k3
11670,track,11336,spotify,spotify:track:2FoahzOSxJnalPA8aBUme3
11671,track,11337,spotify,spotify:track:2K7sv1mno9PvbXVBpqvSKn
11672,track,11338,spotify,spotify:track:0pGecxPm2EOIQgc241d38t
11673,track,11339,spotify,spotify:track:6iJUSrA6XoX4FNLGPqzHOv
11674,track,11340,spotify,spotify:track:1trBv3yXEwFq7BLooqpf8P
11675,track,11341,spotify,spotify:track:252ZECHopILLs10pMfE76N
11676,track,11342,spotify,spotify:track:12Us8e6NFesdkXKf4StU1I
11677,track,11343,spotify,spotify:track:5YEVBJnnt2qMM67NGCjEdV
11678,track,11344,spotify,spotify:track:5KI7I4mEtulXcv5VQJaV35
11679,track,11345,spotify,spotify:track:6B1RtXteyMp3mJZTeuFRmE
11680,track,11346,spotify,spotify:track:1icgyoHziNhsD1SCPyoEKi
11681,track,11347,spotify,spotify:track:0vqu4x5OlyMp4s2idclSFx
11682,track,11348,spotify,spotify:track:4MVpwl4YggRiqScvkJoyit
11683,track,11349,spotify,spotify:track:693PR4EbNrB7JtlHNK1hqa
11684,track,11350,spotify,spotify:track:3udhFRnA4WRA1t9CwlZkLj
11685,track,11351,spotify,spotify:track:2kDRmDbJXZjad9dyqqZ4oT
11686,track,11352,spotify,spotify:track:6Mz7ULRwNSCOdut6M3tNs2
11687,track,11353,spotify,spotify:track:6mxz6tKfJw2RvzdowwDELj
11688,track,11354,spotify,spotify:track:4CPsMAG28OgzzDk1DcOtBx
11689,track,11355,spotify,spotify:track:0r3oyONuec4Wdkzt0BvFeN
11690,track,11356,spotify,spotify:track:4E64eAph6AYI98ucunrGH8
11691,track,11357,spotify,spotify:track:5wttBUDyaHAR5q9fYnN3YF
11692,track,11358,spotify,spotify:track:2Adxpr1j5lSihOCsmIfflJ
11693,track,11359,spotify,spotify:track:5670KAPQHSRuZ0AEVA0zlR
11694,track,11360,spotify,spotify:track:2RWlRSi9TthgUka2yrLnrD
11695,track,11361,spotify,spotify:track:7iwBRiipMHOz0sApVqZBRF
11696,track,11362,spotify,spotify:track:3DYpdmTRaVSEAitwkMHSwA
11697,track,11363,spotify,spotify:track:5csTIHoUYgE6jHVrsRrV7a
11698,track,11364,spotify,spotify:track:5DZHW9R4WldaenHCUtM8KC
11699,track,11365,spotify,spotify:track:5LKdHz3R60AuKc8Wy6na2j
11700,track,11366,spotify,spotify:track:0kUQWMs1bRlwFNKA4Dce3f
11701,track,11367,spotify,spotify:track:3nkSHI9Q858LzrNK7IqNqL
11702,track,11368,spotify,spotify:track:2Z7KYAyJTinBTV8SALyqg1
11703,track,11369,spotify,spotify:track:1HkMt1l8ILRMmC1q7xP4oE
11704,track,11370,spotify,spotify:track:2jtxn4Cqxk74LOnx8kDtTC
11705,track,11371,spotify,spotify:track:55apj9i8gCCFci27a7uzL4
11706,track,11372,spotify,spotify:track:6I3citpbRqOpP0RY6yV5Qn
11707,track,11373,spotify,spotify:track:0EIaWrHqI7scqWg4cHBKDs
11708,track,11374,spotify,spotify:track:5LvRIbxib3DDoAoanSEm8N
11709,track,11375,spotify,spotify:track:5A7CzM0XNTNkyJmAhoIBpY
11710,track,11376,spotify,spotify:track:4jWcDD0ea4IRPbvlbrwGOH
11711,track,11377,spotify,spotify:track:4iJFzsbJ9Vfetp4UAYiYDJ
11712,track,11378,spotify,spotify:track:0JZRVN0bV68O5VTxGABvY0
11713,track,11379,spotify,spotify:track:60gUWqkAaXcPdgaoN4GOkr
11714,track,11380,spotify,spotify:track:2a1MAlv18ofLD4P8xcnc3u
11715,track,11381,spotify,spotify:track:6HDe2sD8Qd739vytWZOTxc
11716,track,11382,spotify,spotify:track:3EPhBPzt7DlQbQ0ZRqwONo
11717,track,11383,spotify,spotify:track:1vS5CrLS5i7Bd0LZDEzZEP
11718,track,11384,spotify,spotify:track:5q4am1OGanazanpvPXhqRC
11719,track,11385,spotify,spotify:track:6YrxyfaornV9W8MV6Pl0fh
11720,track,11386,spotify,spotify:track:5FSDmbT82MYZ76njzfUX40
11721,track,11387,spotify,spotify:track:6HVKjqvpEKcEZyrJGiI31o
11722,track,11388,spotify,spotify:track:6N4t8VyqKiwFmQTn1vHsz1
11723,track,11389,spotify,spotify:track:3YDFC8Ox2YkFNw7DVVBDcy
11724,track,11390,spotify,spotify:track:4pVG3dN5MaSrrE6eD5dkRg
11725,track,11391,spotify,spotify:track:6FhAnyy7edPB6aqkLWGngX
11726,track,11392,spotify,spotify:track:2qdHnWpEq9fqmTDONyLBkI
11727,track,11393,spotify,spotify:track:2rUjzTBFbRajEsprRkqkew
11728,track,11394,spotify,spotify:track:6oYst5S05zbQC4GbPMUEwe
11729,track,11395,spotify,spotify:track:1KXzQU7cM8L4jrrGXToNxO
11730,track,11396,spotify,spotify:track:7H9uAxV1Ahoe2WAvK4wOkt
11731,track,11397,spotify,spotify:track:5xYXl8FKVUzk0BKpuejt0l
11732,track,11398,spotify,spotify:track:1Lyf6eFKuaF88gCtNu2bHy
11733,track,11399,spotify,spotify:track:5bqwObyJk2MgNOuNoaAHnR
11734,track,11400,spotify,spotify:track:78MI7mu1LV1k4IA2HzKmHe
11735,track,11401,spotify,spotify:track:57dUBdsYxmnKaW9plDtdIe
11736,track,11402,spotify,spotify:track:1R99iGGAKAcwU7QwpUnFGe
11737,track,11403,spotify,spotify:track:3o2w02QtnHfrRBeS9tskic
11738,track,11404,spotify,spotify:track:2bgJtH1MgEV7CgaU3aDYAk
11739,track,11405,spotify,spotify:track:2Xh2kk9wNrA8bSk1PXIG6q
11740,track,11406,spotify,spotify:track:1KkLzA8nppEdsoszHK90r2
11741,track,11407,spotify,spotify:track:4vpDXnvnvCkWyT2mzvrqR4
11742,track,11408,spotify,spotify:track:4pmkEew2OQX3ZjaaVerw9r
11743,track,11409,spotify,spotify:track:6YDSihYgq8PIrZl29u9jy5
11744,track,11410,spotify,spotify:track:1GN392CJoBkpqSRBicyVDC
11745,track,11411,spotify,spotify:track:0TTYGSGO6kWhpRu4xgiZC3
11746,track,11412,spotify,spotify:track:1TSO0ctzwVy2OPrbCvJDnR
11747,track,11413,spotify,spotify:track:0vb7QySMXepNXxyhBhEJRA
11748,track,11414,spotify,spotify:track:7rPScHteucZYSGvCRvsajt
11749,track,11415,spotify,spotify:track:5fzqUrP9vBkBvq7UUaujP8
11750,track,11416,spotify,spotify:track:67MUWIB8YlTQ0oOsAEUuZa
11751,track,11417,spotify,spotify:track:1faDVN6hdbj0rQXOP5Cflf
11752,track,11418,spotify,spotify:track:3A1h9wIPl9IXg7LvoijfQ5
11753,track,11419,spotify,spotify:track:4Xzq2WibDHR5Eufi21HlEZ
11754,track,11420,spotify,spotify:track:056PkXeGug0f1JUY2oF37b
11755,track,11421,spotify,spotify:track:0GOpWJfGIjrFZcJUu6RaEh
11756,track,11422,spotify,spotify:track:6xaTAKDm9BCxBcHGZxQncL
11757,track,11423,spotify,spotify:track:5YZXVNIzaJquPCaSCePq98
11758,track,11424,spotify,spotify:track:4dt6XKr0xKdPzjFhwB8dBm
11759,track,11425,spotify,spotify:track:1btk089EWkUYHO1XkLoDvy
11760,track,11426,spotify,spotify:track:7jBclM2mj6OxyeBAW47xFI
11761,track,11427,spotify,spotify:track:0VdOirV8igfrmErZbTPbir
11762,track,11428,spotify,spotify:track:087oVA2eU23iIB9fuUJnTf
11763,track,11429,spotify,spotify:track:7wNWZmGoIIGq0g6HLIRdJF
11764,track,11430,spotify,spotify:track:65IQMfpyTrP0OH86OBwrri
11765,track,11431,spotify,spotify:track:2eOGnpJDmdlIWGCTB2awaB
11766,track,11432,spotify,spotify:track:7euioKjf650jJS4aZzIc2h
11767,track,11433,spotify,spotify:track:0LEFmgIj8ABU7CelzGh5Bs
11768,track,11434,spotify,spotify:track:2lXQX3uhFHRYGBE6xR3tic
11769,track,11435,spotify,spotify:track:5vDNippoMr52KpXBO9b9KQ
11770,track,11436,spotify,spotify:track:5Ryu0SlsYjKh78RkJUONFr
11771,track,11437,spotify,spotify:track:6luBKkFUt5wTwz7hpLhp12
11772,track,11438,spotify,spotify:track:6lbXUz3ysZWYSbBFGiPgXJ
11773,track,11439,spotify,spotify:track:4TD7dD00awK9ZvEynab0rR
11774,track,11440,spotify,spotify:track:2sAWdoENO0EK1qeYTJ5Pwe
11775,track,11441,spotify,spotify:track:11t2R0ieTBb6MFcxDfU1OL
11776,track,11442,spotify,spotify:track:66s0mwci5D9t5ADn4t7DNJ
11777,track,11443,spotify,spotify:track:5Zdga1cmMhv5y5zEGaeiC8
11778,track,11444,spotify,spotify:track:4VgJZthxehUXL6rJ9SATdg
11779,track,11445,spotify,spotify:track:4naE7LY4NrCyClyLTPv70i
11780,track,11446,spotify,spotify:track:19iSH0rDMNNGrPdw9wVWGB
11781,track,11447,spotify,spotify:track:4ZMPnyFzPSikfRnqz1BBK5
11782,track,11448,spotify,spotify:track:4mSyTgZP57llH60Wa3MGgr
11783,track,11449,spotify,spotify:track:4w9M39MovYuTcI98P5b6Hv
11784,track,11450,spotify,spotify:track:1wIoGGSEvhBiBLfx9xNH7y
11785,track,11451,spotify,spotify:track:2tNKUFrTu9gVC2rvBVLlmv
11786,track,11452,spotify,spotify:track:108wTd2RBkQNnXxbK6jgmj
11787,track,11453,spotify,spotify:track:33w1Jv9CHGK14Pw8LnWJT5
11788,track,11454,spotify,spotify:track:28OVCYDDnWOt6MBgc56PmK
11789,track,11455,spotify,spotify:track:3MlasTto3NIGEigxskB0jn
11790,track,11456,spotify,spotify:track:2UaDOlfdwfPpyilCAEJa1r
11791,track,11457,spotify,spotify:track:5MM1pOBP9U9kbhqUvP8cvI
11792,track,11458,spotify,spotify:track:6aEtG46EKlT3sZbCT8qsfx
11793,track,11459,spotify,spotify:track:0FBJ5Ctk5r4wlVJsFoV8Ta
11794,track,11460,spotify,spotify:track:630zE7N1xPxdK2Zz4S3rPA
11795,track,11461,spotify,spotify:track:2OQzVmgl8WoNEYDdOLSEOf
11796,track,11462,spotify,spotify:track:3yi6n1mRYwlOaMTXJlv1SS
11797,track,11463,spotify,spotify:track:5ZjIF0L4cisqHy8Hd07V6k
11798,track,11464,spotify,spotify:track:4lloXEDsoTbts4SdfDJZNb
11799,track,11465,spotify,spotify:track:7lFRAFQ2f2AmWOefaiV4wb
11800,track,11466,spotify,spotify:track:6bMWNx1okhjUt3aSu610dq
11801,track,11467,spotify,spotify:track:5q5susRoxq7loNdllJN2if
11802,track,11468,spotify,spotify:track:6OON4kMjTFqARMFrRbmlwy
11803,track,11469,spotify,spotify:track:3aZSvXuZt8ymQeixzFQM9W
11804,track,11470,spotify,spotify:track:1OFgEELgwfTOt3WcBuOPxk
11805,track,11471,spotify,spotify:track:3qnbLYCLzKvGIQXFyopS2H
11806,track,11473,spotify,spotify:track:0Ah7O76JL0pyn84jI7NPbr
11807,track,11474,spotify,spotify:track:7b0hOubTN9mAxQkqIkfLmU
11808,track,11475,spotify,spotify:track:4IHsF6o9ll2vyh2NCQXyhe
11809,track,11476,spotify,spotify:track:3bFN56LxAYVf3DGmbIgniF
11810,track,11477,spotify,spotify:track:0P6gEfxBrgFFgBeUap4UUt
11811,track,11478,spotify,spotify:track:2HUYmny35gABDfc5d33X2Z
11812,track,11479,spotify,spotify:track:65zFPJWGsHINiB4UOm5zdQ
11813,track,11480,spotify,spotify:track:3fmVFe6IbU2yBTTygZFLiE
11814,track,11482,spotify,spotify:track:7Ebtc2fZDS8yPwM4q5Vrxs
11815,track,11483,spotify,spotify:track:26M67lADrn8AIyJcyTz7FX
11816,track,11484,spotify,spotify:track:5Bfju11GqtaMas3bcSyDRd
11817,track,11485,spotify,spotify:track:7E2J0A97uGn3LNyCzvSt5M
11818,track,11486,spotify,spotify:track:4GjfVYoUJ0OCmDiL869kUJ
11819,track,11487,spotify,spotify:track:3vK0GEvXIKyM8zu12ghww6
11820,track,11488,spotify,spotify:track:4aVQZ6pyDgfxMBVBiJlOtC
11821,track,11489,spotify,spotify:track:5CkH1gAVbkhFCzxOgNtK0v
11822,track,11490,spotify,spotify:track:58qooOuHq4TQu3wLEA8Ihv
11823,track,11491,spotify,spotify:track:45Y3eTnHKwFTWF3negmUYO
11824,track,11492,spotify,spotify:track:1InlUUPFfQ9MYbbV5bG2Ux
11825,track,11493,spotify,spotify:track:2PmtvVqMkwhdYTpyqPdwdK
11826,track,11494,spotify,spotify:track:77GzaYoAfUtO3Fx4TtuDo1
11827,track,11495,spotify,spotify:track:0OxicKLAyhGkKPF8AN9dFb
11828,track,11496,spotify,spotify:track:48IMWCI3FQ6tCTmRrGdPwj
11829,track,11497,spotify,spotify:track:1f5zjhYcTQyR2Xsy56kHEx
11830,track,11498,spotify,spotify:track:4fSWvXMaynj0bODeLX7RMP
11831,track,11499,spotify,spotify:track:5ooPKy5WWNPhk83kSomwUq
11832,track,11500,spotify,spotify:track:4JPUaJ6vn7bI6hCkOoZ7sh
11833,track,11501,spotify,spotify:track:6snA8ljjHLaFZWZy3EfgNM
11834,track,11502,spotify,spotify:track:5Dgj1WA2HTupvum5HLuSja
11835,track,11503,spotify,spotify:track:4XqjdA88fhRlljPZZJzBva
11836,track,11504,spotify,spotify:track:4pfkZUqRCYG5If39QHFpbQ
11837,track,11505,spotify,spotify:track:0gTW6phfdPY0aLFJVyhyxC
11838,track,11506,spotify,spotify:track:5Cb4MaCBcLmd10Cl3wC74u
11839,track,11507,spotify,spotify:track:2sXRfvOsDQfbujSZBIAt4I
11840,track,11508,spotify,spotify:track:5wEvVjaLep5wDqEauU0OVs
11841,track,11509,spotify,spotify:track:70p8XG5Xgjk7OXnt3R2gIb
11842,track,11510,spotify,spotify:track:5QS4Ww7pFtigfFqoSQJrP6
11843,track,11513,spotify,spotify:track:1x12JU0Kypd0Qhoj95x6dR
11844,track,11515,spotify,spotify:track:3vpocwyn0RvKzeXo1tzSrW
11845,track,11516,spotify,spotify:track:2dyAiC9k6s0mWnMSQRQJGd
11846,track,11518,spotify,spotify:track:30ln1OwxEZdXDfEploBcsU
11847,track,11519,spotify,spotify:track:1ObrUCFugAMJoXcvpggbOd
11848,track,11520,spotify,spotify:track:49wkg1xBo56T3oSa778RWA
11849,track,11521,spotify,spotify:track:3wEz4LwtG1Wdi8qppCukdL
11850,track,11522,spotify,spotify:track:6dcLNkvKE7zsCUqsMYM0eT
11851,track,11523,spotify,spotify:track:4VTnc3rElZ3Ihcz5VM8mXa
11852,track,11524,spotify,spotify:track:76PT3Wp1xEYDkMFeLj5H8d
11853,track,11525,spotify,spotify:track:4qpwS8uQuFJpdyO9ZUAgqK
11854,track,11526,spotify,spotify:track:2wQfeuukLCEuJcvl2AyW6J
11855,track,11527,spotify,spotify:track:3cnK3W2P4PfdrJ4e8XhY3e
11856,track,11528,spotify,spotify:track:54kbOKITBmQHHj1aKxxKmI
11857,track,11529,spotify,spotify:track:6baN5nSUIVTsUyugSuAj7U
11858,track,11530,spotify,spotify:track:0UWa0AdUscdQUI7mjjx6G1
11859,track,11531,spotify,spotify:track:298FKJiMqN2jvOUlbmRfbu
11860,track,11532,spotify,spotify:track:1R1lUKaZ9UNNtf3eA4OU3R
11861,track,11533,spotify,spotify:track:7cPV1U8iamgwCLatx3ufYn
11862,track,11534,spotify,spotify:track:0oe8xyvJ0yMalvT38Nu8qS
11863,track,11535,spotify,spotify:track:6GG3mGhReBxKOWD3GIpOy8
11864,track,11536,spotify,spotify:track:5rG1ZocVbrfkeboD3SFF05
11865,track,11537,spotify,spotify:track:7xEX406hnVXC7mDfkts2jc
11866,track,11538,spotify,spotify:track:6bpmBNPfQ2KFAW0ik6F9Vq
11867,track,11539,spotify,spotify:track:6NjTm0mKVaoq2fgFr83TiV
11868,track,11540,spotify,spotify:track:1Nr8mCDNAopFZB93SPHLVw
11869,track,11541,spotify,spotify:track:2g2XmbDVVvz3Gq40bGkiWL
11870,track,11542,spotify,spotify:track:6zhX5JbOCkGlj8GfLHJyiU
11871,track,11543,spotify,spotify:track:4Sz7VjF7lBC8HjZvk2cadB
11872,track,11544,spotify,spotify:track:0j4Rea05Qyygea9h6O6w0X
11873,track,11545,spotify,spotify:track:7MGQWv8jw1WURCq9HNtiQu
11874,track,11546,spotify,spotify:track:1WMyv7xeIMxaMI0IQ7SdE1
11875,track,11547,spotify,spotify:track:5TkEllKvOOWJHoKiABVirY
11876,track,11548,spotify,spotify:track:5DDbLU52zJc3I8y2nBuCBb
11877,track,11549,spotify,spotify:track:0U2btQ0t1HDeNURsGvZhXb
11878,track,11550,spotify,spotify:track:1Q5S5GBngzT0rScN1etEpO
11879,track,11551,spotify,spotify:track:3Ewsd2TeV6DkzoQvAo1qYL
11880,track,11552,spotify,spotify:track:58i9H1QuD1h51kAecUYa42
11881,track,11553,spotify,spotify:track:6QOdI0QfO1iBhuNGc86rBg
11882,track,11554,spotify,spotify:track:7IvB57QmNrRUgeh3G8TCnh
11883,track,11555,spotify,spotify:track:3nXpsXtbeZkyu1iuOgbeQK
11884,track,11556,spotify,spotify:track:4RUqnlGNsYKamxqjEu82nE
11885,track,11557,spotify,spotify:track:2q0YuWctbdBzQ7jYhqvZTy
11886,track,11558,spotify,spotify:track:2Jg56STgAHvM8FXkU54J5V
11887,track,11559,spotify,spotify:track:3xkRoC6tH51BNiHqsAh6T9
11888,track,11560,spotify,spotify:track:6v4ABPB255HDSWyIj3S9Wn
11889,track,11561,spotify,spotify:track:1LMy9sIeOjp7WCpqq9sc8l
11890,track,11562,spotify,spotify:track:3ByYFp30ZQSgCqVf9g2JLj
11891,track,11563,spotify,spotify:track:3guZfuRm3FDAnB7t1o7uIa
11892,track,11564,spotify,spotify:track:49a8zCLw8LBRciO2fLAxad
11893,track,11565,spotify,spotify:track:0w5HZnzDgV3WgpIRZG1U6U
11894,track,11566,spotify,spotify:track:6JZFDWgFSEDHCutTviLFx7
11895,track,11567,spotify,spotify:track:42fbXmmXuLC3CwtzWlJ695
11896,track,11568,spotify,spotify:track:6XOSxzKlsJWVOAW1EaC3M7
11897,track,11569,spotify,spotify:track:7uK2y15UWXZPPkGTfj6mKg
11898,track,11570,spotify,spotify:track:676mfjL9egj8byBePylT1j
11899,track,11571,spotify,spotify:track:61kivCQq7P5yJsGVlnagN7
11900,track,11572,spotify,spotify:track:7yjx66i8Zk8VG9Azc4Jd1S
11901,track,11573,spotify,spotify:track:4WZiGSB3VIljToqErxHyM3
11902,track,11574,spotify,spotify:track:6MzbO6YS0M6tjwT93hjAl0
11903,track,11575,spotify,spotify:track:70FROKEHubzMxSstCgaZZl
11904,track,11576,spotify,spotify:track:0nrCOJpS3gpwLvoANVZEeJ
11905,track,11577,spotify,spotify:track:4x59d0pFPWQNtgoAl7Ew5t
11906,track,11578,spotify,spotify:track:51bqd4W15PIW7nBzvMCuuf
11907,track,11579,spotify,spotify:track:4HuoLeflqbsdeBUDvoD6An
11908,track,11580,spotify,spotify:track:7LxP1l4ddjhoVKqgSeRwZY
11909,track,11581,spotify,spotify:track:4m7wjaJF9SdnoZpZVrD113
11910,track,11582,spotify,spotify:track:1zBlx8uMzUxl61MG8nQ9UB
11911,track,11583,spotify,spotify:track:5maXVyAZAkkB3Cf0vca9CY
11912,track,11584,spotify,spotify:track:4eYtg015W15Ik5dUGzFXje
11913,track,11585,spotify,spotify:track:1dZud3NHGAeaEkTmE8lZR7
11914,track,11586,spotify,spotify:track:41AKwgxO3OB8YxddUjYwVo
11915,track,11587,spotify,spotify:track:5glKprpzpGW5Pf4wB9gNPq
11916,track,11588,spotify,spotify:track:2yFXeoB6uAMXfdgcdB8dsz
11917,track,11589,spotify,spotify:track:1gqCO3x2MO4KbQfN9pGUlH
11918,track,11590,spotify,spotify:track:3rQPjH9jzcQ8vXRfJELpar
11919,track,11591,spotify,spotify:track:0ggw2MNONhaQ8VAfEq7n2R
11920,track,11592,spotify,spotify:track:5Jwajocn1leNg7A3310iFB
11921,track,11593,spotify,spotify:track:3w0w2T288dec0mgeZZqoNN
11922,track,11594,spotify,spotify:track:5NAOhPAZ57eFAXr3qatS6i
11923,track,11595,spotify,spotify:track:00p23Uw776hxaIGNWL9S1Y
11924,track,11596,spotify,spotify:track:78sr3ogs4UzITcCNbXM9cM
11925,track,11597,spotify,spotify:track:7xzzryJS6oFawhopX4w7dG
11926,track,11598,spotify,spotify:track:7eVDCIw2l8u3Fy13xJyfaD
11927,track,11599,spotify,spotify:track:299rXvRKRr5E32DvIbk1sn
11928,track,11600,spotify,spotify:track:7997Fg3oHuE4FLeikWGk1k
11929,track,11601,spotify,spotify:track:39ukbGu3UVWs74ba83T68c
11930,track,11602,spotify,spotify:track:1hBM2D1ULT3aeKuddSwPsK
11931,track,11603,spotify,spotify:track:4iVmy1j5C3XNxpN11RXRaO
11932,track,11605,spotify,spotify:track:2os3F2ZKbj02ZWXWAdWGFD
11933,track,11606,spotify,spotify:track:3g9UquSEBErZiXSDa02YfG
11934,track,11608,spotify,spotify:track:2iGvsJuc2mC4mDVOVMNAP6
11935,track,11609,spotify,spotify:track:2yyO7EKRr7c3txi4xCXUFk
11936,track,11610,spotify,spotify:track:04CyMEHliadfQWMUJb1w99
11937,track,11611,spotify,spotify:track:4ihV1wv7QmjbkLHaT9lA4s
11938,track,11612,spotify,spotify:track:099c3WCEzH2ACO16gvrN83
11939,track,11613,spotify,spotify:track:65EypH6qnLzcfYuDaENNrW
11940,track,11614,spotify,spotify:track:5n9rpQJ2lezBh22CLFz7OI
11941,track,11615,spotify,spotify:track:0D7LXFaign0JRQ2cJ1vXjJ
11942,track,11616,spotify,spotify:track:1zJY2rupGIZugqfp28DGFh
11943,track,11617,spotify,spotify:track:1rc4exZwyUW6O3bJVkK5Jj
11944,track,11618,spotify,spotify:track:6cs7PMoobGoGVz8xZlAnXb
11945,track,11619,spotify,spotify:track:7q9DWirqkFFZDzNagf7esc
11946,track,11620,spotify,spotify:track:4ClLx8EUuahEmWLf3EfRAa
11947,track,11621,spotify,spotify:track:1pnDvUuAEd6z8bKEsbAjk1
11948,track,11622,spotify,spotify:track:3OxL6MuctgZp1e0zxoAZhH
11949,track,11623,spotify,spotify:track:70ToiXlzl8N1EgfC07ZcZE
11950,track,11624,spotify,spotify:track:28drn6tQo95MRvO0jQEo5C
11951,track,11625,spotify,spotify:track:57ELn9TPDIhrpl0dasS465
11952,track,11626,spotify,spotify:track:2tudvzsrR56uom6smgOcSf
11953,track,11627,spotify,spotify:track:2GLWhy9iiO1wrLUF5l4FtJ
11954,track,11628,spotify,spotify:track:7pBcryEKcUEaWHwAu1wUyP
11955,track,11629,spotify,spotify:track:0hKtu53OlIFXVuYkZwcn3o
11956,track,11630,spotify,spotify:track:4q7y1JFDBJSBSLqXVgcI51
11957,track,11631,spotify,spotify:track:28xOPIPw0joNPwYd0asIT5
11958,track,11633,spotify,spotify:track:1wGnp7ejkCuXRsehXx0PNP
11959,track,11634,spotify,spotify:track:11XegnWeJHBDtj9IsNwngu
11960,track,11635,spotify,spotify:track:3Vg7nPYlOrCkcV1abKbRQ1
11961,track,11636,spotify,spotify:track:4XF9fk0STp9hx8xn5Suwpz
11962,track,11637,spotify,spotify:track:5imsnhkfPCm3wajS9ksb21
11963,track,11638,spotify,spotify:track:1xwvjqcwflD2NEqRCNcCo2
11964,track,11639,spotify,spotify:track:30TcFxtFyju8isK6Hjo9KY
11965,track,11640,spotify,spotify:track:3tZ4zv4UuenjJGSNUMfBNG
11966,track,11641,spotify,spotify:track:31suvgK8vvhfVXyEa2JpH8
11967,track,11642,spotify,spotify:track:6K2Iut8nSQigP83yvbiqi8
11968,track,11643,spotify,spotify:track:7eEr7lgWYudwEKEaWCPiPI
11969,track,11644,spotify,spotify:track:6XXxKsu3RJeN3ZvbMYrgQW
11970,track,11645,spotify,spotify:track:4dsdSwSdBWjlsVzU6iJs3b
11971,track,11646,spotify,spotify:track:486YUqcmF9IWPkreU0THcQ
11972,track,11647,spotify,spotify:track:2dv2DYn0V0j0Wx6Ra40bce
11973,track,11648,spotify,spotify:track:7wLShogStyDeZvL0a6daN5
11974,track,11649,spotify,spotify:track:6Y4rniIxibegzsg8cdWAWV
11975,track,11650,spotify,spotify:track:1fp4DIjhHyptQWK00CZgFQ
11976,track,11651,spotify,spotify:track:2PmMh2t7jAtN6cqFooA0Xy
11977,track,11652,spotify,spotify:track:0hWCzWl04zT7P6vMy63XCN
11978,track,11653,spotify,spotify:track:5UcUppRaEIBMIHXiUFl7LI
11979,track,11654,spotify,spotify:track:4g8QqrrIPUhK9jQodZIyU2
11980,track,11655,spotify,spotify:track:4kdKKsPHWsyNrvFsZrcg52
11981,track,11656,spotify,spotify:track:2w5BtuWXISpB6NM4xPoeiR
11982,track,11657,spotify,spotify:track:0ve0CavjqrUqVmZ605RhTV
11983,track,11658,spotify,spotify:track:5aIVCx5tnk0ntmdiinnYvw
11984,track,11659,spotify,spotify:track:72qABvaqn3TP6drO2tByA6
11985,track,11660,spotify,spotify:track:2XHzzp1j4IfTNp1FTn7YFg
11986,track,11661,spotify,spotify:track:2GYHyAoLWpkxLVa4oYTVko
11987,track,11662,spotify,spotify:track:70ZxIPb31IHb2x0he2CNxT
11988,track,11663,spotify,spotify:track:7qjEpBHbHJnMyWASnXdhBx
11989,track,11664,spotify,spotify:track:0xV9OronwtVxkVpmCmpcn1
11990,track,11665,spotify,spotify:track:4w09Zp4p6VBlmF50FOKg79
11991,track,11666,spotify,spotify:track:5RRHPQ5GiB16VcRr0JsdRt
11992,track,11667,spotify,spotify:track:1O8kUJjq706jzZSUeCp6E3
11993,track,11668,spotify,spotify:track:344MYybqGBtYOEI97tb0f5
11994,track,11669,spotify,spotify:track:51rPRW8NjxZoWPPjnRGzHw
11995,track,11670,spotify,spotify:track:526fD9LiAEi3KKvhhYfWmm
11996,track,11671,spotify,spotify:track:4xkBDSgWEMl7XdRlBS1R7l
11997,track,11672,spotify,spotify:track:0M5pEUmRD3b4nP31L88IdL
11998,track,11673,spotify,spotify:track:12whPvsw1oxuuwlD27mTeb
11999,track,11674,spotify,spotify:track:23RtJlE0olKSntUnYMiGbg
12000,track,11675,spotify,spotify:track:2cH8wHImerFokgmhjyhCTU
12001,track,11676,spotify,spotify:track:5RMTsrJkrtumtiIZjy7dL6
12002,track,11677,spotify,spotify:track:2mhdhTWqT8RhkTlN2yWZZi
12003,track,11678,spotify,spotify:track:4msZ1ORJmW9pSY7L2MNJs7
12004,track,11679,spotify,spotify:track:3JhzooNNy9frCjS5goaTl2
12005,track,11680,spotify,spotify:track:79sOAE84YMwOKq8uzSF3oG
12006,track,11681,spotify,spotify:track:3KNxy22o6wAb6gOgGrvYxx
12007,track,11682,spotify,spotify:track:58D5Ox17adj2wnQTKstLac
12008,track,11683,spotify,spotify:track:6TnECB3BCRjalbICfKjqdf
12009,track,11684,spotify,spotify:track:64wQa19jbpsEu0MBBSZb8B
12010,track,11685,spotify,spotify:track:2ldkZNBd7DMEtAApOQPkfY
12011,track,11686,spotify,spotify:track:20Otkz8PgV4MtLBndWw44B
12012,track,11687,spotify,spotify:track:0OcIdx1PjyNSVivEr9vGNp
12013,track,11688,spotify,spotify:track:3m4uDi8X57XVTzAjb9btNh
12014,track,11689,spotify,spotify:track:6XkIQqAsFjk1XfD4L7G6qR
12015,track,11690,spotify,spotify:track:4J9WveqdoaEUQu1aeoSH9X
12016,track,11691,spotify,spotify:track:5m5cGJxI82Qa91JELoI4pF
12017,track,11692,spotify,spotify:track:5FX89IUKm9QJT9ymrmyK4k
12018,track,11694,spotify,spotify:track:6BiCjPFN5rM9JPy5eP5mCs
12019,track,11695,spotify,spotify:track:3UNoPBNWST9mQleI5T53zL
12020,track,11696,spotify,spotify:track:2TsBRXZQSGp1aaYeNPcT9o
12021,track,11697,spotify,spotify:track:5H5jTG6mK1Jd0mL6vLP1SU
12022,track,11698,spotify,spotify:track:3DWdx4fp6JG4Rh2yNae9xa
12023,track,11699,spotify,spotify:track:5TGWOwQ7hJFkwBDCKmkzZe
12024,track,11700,spotify,spotify:track:6vZRq9JIOGTl3b9dmEgeZV
12025,track,11701,spotify,spotify:track:2C3HcTCggpFUT1YKtxwgW8
12026,track,11702,spotify,spotify:track:2Y27Z57KII6aZFhZKQj6s8
12027,track,11703,spotify,spotify:track:33sYQtfvp5xlhts4MVZkQx
12028,track,11704,spotify,spotify:track:7sVbKoBdhXtYCEOO6qC1SN
12029,track,11705,spotify,spotify:track:0SdpzQRdK8BdSV57rn6AZZ
12030,track,11706,spotify,spotify:track:2BOpFmZQ89Rjm2wvmud1MU
12031,track,11707,spotify,spotify:track:4k8XSN1nCJ0rMf4OKF3zEz
12032,track,11708,spotify,spotify:track:5pF8pF6U8ZDGTQmTY71hYn
12033,track,11709,spotify,spotify:track:6Gf8Op8esgwchp44p1tIDp
12034,track,11710,spotify,spotify:track:5sOsYuB0SfyKzAeW3BXHjq
12035,track,11711,spotify,spotify:track:0lOQaZwX9AkAiSvObh4G70
12036,track,11712,spotify,spotify:track:6c0rii1TOf2fvq3hhqqExW
12037,track,11713,spotify,spotify:track:0ho8zpOysOSWZM9C4jALaV
12038,track,11714,spotify,spotify:track:1Aw7MLqN5oqvIva5KWDpGl
12039,track,11715,spotify,spotify:track:20BnS6yXNbYNVgPepicE1W
12040,track,11716,spotify,spotify:track:2Cl3OfIwpKJFyJIimbGPCx
12041,track,11717,spotify,spotify:track:3qm3IN6Yx53r3NIououTey
12042,track,11718,spotify,spotify:track:7lsepdNR69a3PS9pWMNICd
12043,track,11719,spotify,spotify:track:1FIwzmULOKGNmo5bOJqW0P
12044,track,11720,spotify,spotify:track:01gpd8j9gKFtLFfoZOaIms
12045,track,11721,spotify,spotify:track:764K7H74QNi24ebPevPWXr
12046,track,11722,spotify,spotify:track:5gqsoQUo64AqvI1dq7rKW0
12047,track,11723,spotify,spotify:track:6eIsZBNtNcHROqg80j2Ql5
12048,track,11724,spotify,spotify:track:3W2nknW1nTuuxUSyFCUCS8
12049,track,11725,spotify,spotify:track:0wY9rA9fJkuESyYm9uzVK5
12050,track,11726,spotify,spotify:track:2jrXrZdn5PoPsMw9W0T5sn
12051,track,11727,spotify,spotify:track:1OykBmq3vmMSEOQShNIBLv
12052,track,11728,spotify,spotify:track:6NblUCwJXYkQlQ6LhcmSlQ
12053,track,11729,spotify,spotify:track:0HMMmXVEAoQyS3BbjKi6tF
12054,track,11730,spotify,spotify:track:25PxmVaaWKZMHBWyMuHynU
12055,track,11731,spotify,spotify:track:5URTJ8nizZVFDSJVnyPjXf
12056,track,11732,spotify,spotify:track:7aRGPcaJTM9l1jsGX0vzkV
12057,track,11733,spotify,spotify:track:70UZiQlLd29TCRCLsOEmKK
12058,track,11734,spotify,spotify:track:4m9IUmZeCWIC8z4YqJ3SXN
12059,track,11735,spotify,spotify:track:6EQXMfucPUNIxS09d8KZYY
12060,track,11736,spotify,spotify:track:0l7QSV8CtMuYobqQHXL08Q
12061,track,11737,spotify,spotify:track:46FVGaksSxksaWQ0InPzDB
12062,track,11738,spotify,spotify:track:1G5t5ZgltxfiN1uQmZkqdu
12063,track,11739,spotify,spotify:track:4MOdOMKMAHZeYUEr6In4Eu
12064,track,11740,spotify,spotify:track:3zyjnHtoi8AtiGgZFnJP7O
12065,track,11741,spotify,spotify:track:15KqIJ5Kc3vC8KRi57cMY7
12066,track,11742,spotify,spotify:track:0FTpFi1BlqoBVELlh7jK50
12067,track,11743,spotify,spotify:track:1yfKakY4rvI17lk20ekuRA
12068,track,11744,spotify,spotify:track:7wRSrOZH9ZWswxOhL4sUj1
12069,track,11745,spotify,spotify:track:1WQYy8OjjdgdDdhKAoqcsr
12070,track,11746,spotify,spotify:track:67XlrKmtmBgJfbOrYVX4pn
12071,track,11747,spotify,spotify:track:4ygSEMF4AahELd67BYwJXI
12072,track,11748,spotify,spotify:track:6AEYrk9VWfrcHDZqGlD2IA
12073,track,11749,spotify,spotify:track:4fcZBoEHhbiPA64sDWe9vR
12074,track,11751,spotify,spotify:track:56whVbEPZ2bRA5VboQPned
12075,track,11752,spotify,spotify:track:5c3luoCub1Z1Gg74NdNtuq
12076,track,11753,spotify,spotify:track:3JEJwjqLkg2Jbau5922CAb
12077,track,11754,spotify,spotify:track:6cEguiQecbXrFlsnMi2ysr
12078,track,11755,spotify,spotify:track:5bhDnM1VMFDTs3urFBq4Na
12079,track,11756,spotify,spotify:track:4mCdid0oWqylN7m1QgqbHu
12080,track,11757,spotify,spotify:track:2r45rookK2awLkiOHOef1o
12081,track,11759,spotify,spotify:track:67eqrRkxp2ED26CEqvqbDv
12082,track,11760,spotify,spotify:track:2Ikg6hRQOa6e29sq5xWhM8
12083,track,11761,spotify,spotify:track:2FacV0nLKsTCWusXbNoUee
12084,track,11762,spotify,spotify:track:3Q6ol3nBv6d0s8y9gxC5zS
12085,track,11763,spotify,spotify:track:3DnP2eTPfvOVGZr9covIU0
12086,track,11764,spotify,spotify:track:5uTQKPRk3rfOOt97WIHf8f
12087,track,11765,spotify,spotify:track:4RFsIygeG7dipnx0qHowPs
12088,track,11766,spotify,spotify:track:7IZwjpLSvABzr1E7xeBaRJ
12089,track,11767,spotify,spotify:track:4LDx21eeTurv7b1slX4rFl
12090,track,11768,spotify,spotify:track:1oq77Ic0whhb0W7f2a1sh4
12091,track,11769,spotify,spotify:track:7nQXU7lu0RhVOSmsa3teKj
12092,track,11770,spotify,spotify:track:3eh51r6rFWAlGQRlHx9QnQ
12093,track,11772,spotify,spotify:track:1yeB8MUNeLo9Ek1UEpsyz6
12094,track,11773,spotify,spotify:track:5mCPDVBb16L4XQwDdbRUpz
12095,track,11774,spotify,spotify:track:465eCPwUAz2qz7IdQaxUui
12096,track,11775,spotify,spotify:track:6dODwocEuGzHAavXqTbwHv
12097,track,11776,spotify,spotify:track:4PdLaGZubp4lghChqp8erB
12098,track,11777,spotify,spotify:track:7uGYWMwRy24dm7RUDDhUlD
12099,track,11778,spotify,spotify:track:1kbEbBdEgQdQeLXCJh28pJ
12100,track,11779,spotify,spotify:track:7wAkQFShJ27V8362MqevQr
12101,track,11780,spotify,spotify:track:4QMgEffJQuKtjCNvqfRZ0m
12102,track,11781,spotify,spotify:track:7IWcDWOfiooH5hRs9XOVYz
12103,track,11782,spotify,spotify:track:5ExOm0dh4NyRyAdSAO9hyM
12104,track,11783,spotify,spotify:track:799KrpEbhZp0MHeiA8YK9P
12105,track,11784,spotify,spotify:track:4b7wW3fA6CM6iX2y3ZO2HF
12106,track,11785,spotify,spotify:track:2qVv26D3Y1LTSTL8DP4gBU
12107,track,11786,spotify,spotify:track:6G0KITyDe4EQREYyuVQmOn
12108,track,11787,spotify,spotify:track:2gjidmxtA1pyj2HYrdOTG1
12109,track,11788,spotify,spotify:track:3FImu2LpSuH6gDHBuFgIbS
12110,track,11789,spotify,spotify:track:25tXNghelZKdGZZVoSL9Yg
12111,track,11791,spotify,spotify:track:3ly0IgMW6AS6a0PGV2WuHO
12112,track,11792,spotify,spotify:track:03C8tg5TveiaMEZmoMfofn
12113,track,11793,spotify,spotify:track:4USK1LSmwKTIUTIuo45I4N
12114,track,11794,spotify,spotify:track:6RZl8k7wgau6eAY1R82iml
12115,track,11795,spotify,spotify:track:58ITUJmPoOzSve5bXOyoKV
12116,track,11796,spotify,spotify:track:0GGSPe4DC0qkKyFb9Erao5
12117,track,11797,spotify,spotify:track:6S19yjLFU8FK0D5hJgnaUy
12118,track,11798,spotify,spotify:track:48VkMFKQBrak7PmtvEz9H5
12119,track,11799,spotify,spotify:track:1gIIdzCg3ONVuYE0QzalFL
12120,track,11800,spotify,spotify:track:4yK5Sfai6B4eKGGBQEvAZb
12121,track,11801,spotify,spotify:track:07AvTvmQwuLPO9OJTu7P2J
12122,track,11802,spotify,spotify:track:6RQ0i7rApnnWSI8uEiGVVF
12123,track,11803,spotify,spotify:track:5Gcvy4sBxYdpWj2f54K2ua
12124,track,11804,spotify,spotify:track:4Dx4e0X5dR6TW85dtFU42x
12125,track,11806,spotify,spotify:track:7mrFGO24hccC48c2hQzyEC
12126,track,11807,spotify,spotify:track:1XgkVxjp1aO3XCwaAxd6mL
12127,track,11808,spotify,spotify:track:03L2AoiRbWhvt7BDMx1jUB
12128,track,11809,spotify,spotify:track:3aJkV6DUTSCqOwVwaBDG9B
12129,track,11810,spotify,spotify:track:3pjUyVbFmM96tYhSaKJwTt
12130,track,11811,spotify,spotify:track:5467KZaTToEB680WvOd9w5
12131,track,11812,spotify,spotify:track:6Mtt0rvg195HXHEJU3LeMr
12132,track,11814,spotify,spotify:track:4TRUsIZw92IhJjAtxtiC4e
12133,track,11818,spotify,spotify:track:6ku4gCfjdxmYpajNONAciN
12134,track,11819,spotify,spotify:track:6Iuh3vNjpWhSeHM3RZgzQL
12135,track,11820,spotify,spotify:track:5oynsOy80DnodTslgaj3cr
12136,track,11821,spotify,spotify:track:77DRzu7ERs0TX3roZcre7Q
12137,track,11822,spotify,spotify:track:7fzHQizxTqy8wTXwlrgPQQ
12138,track,11825,spotify,spotify:track:4s5DGBmL5DmVaa0dTzZXWO
12139,track,11826,spotify,spotify:track:68MTDH8Kk4jBEV1ah0n89s
12140,track,11827,spotify,spotify:track:3SIRBp4RRQ2AO5H4NO7xfq
12141,track,11828,spotify,spotify:track:1wFFFzJ5EsKbBWZriAcubN
12142,track,11832,spotify,spotify:track:791YTMSeD7SPGWHLIe61ew
12143,track,11841,spotify,spotify:track:70uktTEq3AiRQAtqdl20qG
12144,track,11842,spotify,spotify:track:74kHlIr01X459gqsSdNilW
12145,track,11843,spotify,spotify:track:6VAdOq9sndm8QQqXx4BhkK
12146,track,11845,spotify,spotify:track:1ry9AyQVzzK2iDt6vMY2ku
12147,track,11853,spotify,spotify:track:51by6tqpmWSqNwkRyJFg2B
12148,track,11855,spotify,spotify:track:1JfYj53QhhEjSrKgOz2HZn
12149,track,11856,spotify,spotify:track:0w3Mfe4PIVjuFjJbe3OlYv
12150,track,11857,spotify,spotify:track:3VsLdQ9MA9Tf316U50sN34
12151,track,11858,spotify,spotify:track:0YThXX1dqUpYBLyJNAsF9N
12152,track,11859,spotify,spotify:track:2Gk6fi0dqt91NKvlzGsmm7
12153,track,11860,spotify,spotify:track:2MjXWroB9wlTG2kqv3avfS
12154,track,11861,spotify,spotify:track:1gabrJ7yHhHrsLjax9KuDq
12155,track,11862,spotify,spotify:track:6LkLxcmHVz06eO9nlwUNsi
12156,track,11864,spotify,spotify:track:0iYDhwNsh77YOTD59NhnAd
12157,track,11865,spotify,spotify:track:4D9aHHe11tQZv4FGufFbGn
12158,track,11866,spotify,spotify:track:1lGZmABQXTYGYY5MZb9SJY
12159,track,11867,spotify,spotify:track:47FkzJm1bUaIc0OaGZvslL
12160,track,11868,spotify,spotify:track:6qUkNMd34rjpDP5EUy9JNS
12161,track,11869,spotify,spotify:track:206Fy8ep0nhGxcgSsAZlyX
12162,track,11870,spotify,spotify:track:1UYNjF7t9UHq9Eykc82hsq
12163,track,11873,spotify,spotify:track:37Pu8DAHAtReIr4SAqqDxV
12164,track,11874,spotify,spotify:track:1nDgL42y7nnTFSQYouFOA7
12165,track,11875,spotify,spotify:track:1QnRF36JbySalZ1aYdR0Hj
12166,track,11877,spotify,spotify:track:26f6HN9PDUuI1db0JpBmqI
12167,track,11881,spotify,spotify:track:7BMPSMifdmYeAW8RPIrqwb
12168,track,11882,spotify,spotify:track:0DoSZp7ZQetqYfslkmMRsi
12169,track,11883,spotify,spotify:track:3XsrEA7lVrxOeRgZahaJTF
12170,track,11884,spotify,spotify:track:41a70FyJAwtb8yui5Ljnpi
12171,track,11885,spotify,spotify:track:4O89rUWrGgWYKaHJUOp314
12172,track,11887,spotify,spotify:track:7uX3gufAoBVqKVoD3dBLLD
12173,track,11888,spotify,spotify:track:5OFEJMirg4NPz7G1zgXDYu
12174,track,11890,spotify,spotify:track:2CtPYcGvQB8620WDFRnlmH
12175,track,11891,spotify,spotify:track:27DPULgj0g9G60egtVhcZr
12176,track,11892,spotify,spotify:track:27SGDUi4tH8fK486nfnx6h
12177,track,11893,spotify,spotify:track:1e2ARxKFgEwyLtIu5nlOMq
12178,track,11895,spotify,spotify:track:4l5rA15QNtNVURLaHCZkoN
12179,track,11898,spotify,spotify:track:59z8uxWZVFpL2LfZ5C9AzY
12180,track,11899,spotify,spotify:track:4H3eeEecmb1lIqUfo99d8G
12181,track,11900,spotify,spotify:track:1SB51eOmCsXZKcdvf3anA8
12182,track,11901,spotify,spotify:track:4M6GuP3chrEs7Ow3rhAbZX
12183,track,11902,spotify,spotify:track:0lOgnrU5SDSs7iL1gsdlJw
12184,track,11903,spotify,spotify:track:6LoV3sIPEFQj7wdY2YiwF1
12185,track,11906,spotify,spotify:track:2faEKnb3fpMwmQr8E8c0w3
12186,track,11907,spotify,spotify:track:3H8dfH94vuzEGLeSOJPlhq
12187,track,11914,spotify,spotify:track:48ZUwXrEOhaXLCxvmRYhZv
12188,track,11918,spotify,spotify:track:4a4sOojRR7jJPy42V4KDVZ
12189,track,11919,spotify,spotify:track:0QRnwEnFkjPZCk6YokFxhw
12190,track,11920,spotify,spotify:track:3UmaczJpikHgJFyBTAJVoz
12191,track,11922,spotify,spotify:track:592A3x9nMXoL3Ay5rKgSwW
12192,track,11923,spotify,spotify:track:7DyXmACKTAzZX7Jujc1dG9
12193,track,11924,spotify,spotify:track:56sCsLi2iULKchuWnhCsCi
12194,track,11925,spotify,spotify:track:7B09ZewAliWo7Y3TdIA7g1
12195,track,11926,spotify,spotify:track:3YLGWFX2FfHIVV7EJvRlrn
12196,track,11927,spotify,spotify:track:164HER5KcVcV9cQEJHW9Ze
12197,track,11928,spotify,spotify:track:3hKvzj76LffbRbzdM8Grof
12198,track,11929,spotify,spotify:track:5yVRwEPSCpcuOUgkz2T0Lu
12199,track,11930,spotify,spotify:track:6LO2Qltx8dwu7fEqvus8CO
12200,track,11934,spotify,spotify:track:5QMRGSnXyEY4qzxVEoGcHD
12201,track,11938,spotify,spotify:track:2AqUQFRQcBBv2gaGj6yHfG
12202,track,11939,spotify,spotify:track:4uYugkPkTPPsfgoy795WX4
12203,track,11940,spotify,spotify:track:1qX60AWhm4aamC3hXECaeD
12204,track,11941,spotify,spotify:track:2GFr1qKDZcByge6O956l2B
12205,track,11942,spotify,spotify:track:4Zg0lLdrF1IJ32IOOZBHGr
12206,track,11943,spotify,spotify:track:16pZjOXWhemjKf3gHzxKjc
12207,track,11944,spotify,spotify:track:1deetO7jeQqMH2C7kSH32a
12208,track,11945,spotify,spotify:track:5bG2wMLua5ywaXjwmSQ42r
12209,track,11946,spotify,spotify:track:06RUl9rjiV0OhczC0yQ0YA
12210,track,11947,spotify,spotify:track:28GiGdDsLRRCaYCrl9Esxr
12211,track,11948,spotify,spotify:track:7iQ8cowVQIQY7I4LwlABSJ
12212,track,11949,spotify,spotify:track:0RxSL5kjZXO45l38vVerNO
12213,track,11950,spotify,spotify:track:6eL1ncVDtQHgSm3E288TS7
12214,track,11951,spotify,spotify:track:1AdmqWMl7MCSRMKpwiH0yU
12215,track,11952,spotify,spotify:track:6q0wu4qjc9XVyqqRv7vlMZ
12216,track,11953,spotify,spotify:track:2fRoKHW3lzNUKIUTade8nL
12217,track,11954,spotify,spotify:track:1cjRGRxMNA8bdpFMbupG0w
12218,track,11956,spotify,spotify:track:4C397XtpxJdRNCEmVav0gX
12219,track,11958,spotify,spotify:track:2CbSv9Dw5IY03avuaWJbeL
12220,track,11959,spotify,spotify:track:6fUDNcmsnnUVyOtEnA9xdC
12221,track,11960,spotify,spotify:track:5RLzsVW6UNiV2YrOlKwzNN
12222,track,11961,spotify,spotify:track:0PJMHv4glk31FYeGq8Hg13
12223,track,11963,spotify,spotify:track:2oguIvpSHyP21nnU0UKUtn
12224,track,11964,spotify,spotify:track:0jEzevn8nsUrlkeuBAgS1B
12225,track,11965,spotify,spotify:track:7pWM2BexAFbq9C342miNVt
12226,track,11966,spotify,spotify:track:336aFLXsJPNTl2EIPUBMsQ
12227,track,11967,spotify,spotify:track:0SdxAcV6Ef4xu8CklaiQLW
12228,track,11969,spotify,spotify:track:0TUK4LKkHVHdsLwscQckX6
12229,track,11970,spotify,spotify:track:3uJ0spXcRqOO8PCGAnjSeQ
12230,track,11971,spotify,spotify:track:2BXnffJuGQ7Hx5RQToqfbS
12231,track,11972,spotify,spotify:track:4juikPZkI1cDRbSfrNL6pB
12232,track,11973,spotify,spotify:track:40pwSWsizZ5xUSVJMqoYOA
12233,track,11974,spotify,spotify:track:1OZzVfSFwxjx3hvmTVZexb
12234,track,11975,spotify,spotify:track:2ZZbZZmUVqgdKLJdiOXmwp
12235,track,11976,spotify,spotify:track:2q0NohCeNd3PIh3ibC6dLT
12236,track,11977,spotify,spotify:track:083HuPvgqYBLUiv82bVxwE
12237,track,11978,spotify,spotify:track:45XPxBYJm63KoMAXIwOwIn
12238,track,11979,spotify,spotify:track:2a8r7VkEiYCQkE8aoL6ZnT
12239,track,11980,spotify,spotify:track:1QOA7crNg85MR4t0ctQc68
12240,track,11981,spotify,spotify:track:4QVS7dlOCQde84utqhwOyY
12241,track,11982,spotify,spotify:track:0LiKzKhfuDctZr0LqyRDU0
12242,track,11983,spotify,spotify:track:10b4DrseyFKe0mEyObUzZU
12243,track,11986,spotify,spotify:track:4LCzEYKPFcd2FCOmZdVDnM
12244,track,11987,spotify,spotify:track:41aJHJak4UVlJGCL37CoN5
12245,track,11988,spotify,spotify:track:6xrjmQMIIYgLgjCOeq2dee
12246,track,11991,spotify,spotify:track:4XmcwGiMSrUcfCOsh9vw4B
12247,track,11992,spotify,spotify:track:1smPPJgatNk2lkqpOVfcSm
12248,track,11993,spotify,spotify:track:2TwZ8oCFYuxh3grpfSaDcO
12249,track,11994,spotify,spotify:track:629DixmZGHc7ILtEntuiWE
12250,track,11995,spotify,spotify:track:5KXNgbRYbqwEFIFM0AMakg
12251,track,11996,spotify,spotify:track:5crkOzXbUZ5SOSkSat7g4T
12252,track,11997,spotify,spotify:track:5M1PT6Tg55yXkcZnfEqsjE
12253,track,11998,spotify,spotify:track:4nPeNi0XkuoYcuIshqcYVn
12254,track,12000,spotify,spotify:track:4dVpf9jZjcORqGTLUaeYj9
12255,track,12001,spotify,spotify:track:76T8y91xMLWJgfsEsmWGxW
12256,track,12002,spotify,spotify:track:4w2GLmK2wnioVnb5CPQeex
12257,track,12003,spotify,spotify:track:0CySZwyRJ0vyUqtSjM9i2k
12258,track,12004,spotify,spotify:track:7CvtBcThQ4piVKkfUXieig
12259,track,12005,spotify,spotify:track:3MVFHHeksQCnVuKOjPN01M
12260,track,12006,spotify,spotify:track:7jN5Abri3a1crehbnlWa1F
12261,track,12007,spotify,spotify:track:77JeMQGOagAhWcMd99RYCO
12262,track,12008,spotify,spotify:track:1jhdCONafFj1hzJsPvZx27
12263,track,12009,spotify,spotify:track:0mTWyEt0taYEFpUfAyjqmf
12264,track,12010,spotify,spotify:track:51AP51OFGujGTmBoS7Pf14
12265,track,12011,spotify,spotify:track:1yfymqHHUZeDisKm7L2X2d
12266,track,12012,spotify,spotify:track:5Z3mR4zAX4K3krt4JAOpmx
12267,track,12013,spotify,spotify:track:62HtcRFFjVch2X1B42K662
12268,track,12014,spotify,spotify:track:5lE3SPNr6F0iLUwVWnryAA
12269,track,12015,spotify,spotify:track:6rvcCG85l39CbaI6v5wlWa
12270,track,12016,spotify,spotify:track:1JHKRUy261mWgDVGJfkNgT
12271,track,12017,spotify,spotify:track:1L8NADNWd56cZRnaxcxPPI
12272,track,12018,spotify,spotify:track:5KQa1dgDpub3IGfOVG1Xcg
12273,track,12019,spotify,spotify:track:5psl7bZImUdYdKfajE2r2v
12274,track,12020,spotify,spotify:track:4j25WxLITRGhkYNmdezE8s
12275,track,12021,spotify,spotify:track:37etCHGKSycDXh5YlTfTFY
12276,track,12023,spotify,spotify:track:7pQi9lwATNWDfNwtyMXUtm
12277,track,12024,spotify,spotify:track:567PObzOlQ0LokahwcNnWU
12278,track,12025,spotify,spotify:track:23JWyjMJe6snyIqlORwLyH
12279,track,12026,spotify,spotify:track:1L5iqYFGMpKnmNjMgtiq0k
12280,track,12027,spotify,spotify:track:4dtMOa6k8NX6ug6JIC8lmR
12281,track,12028,spotify,spotify:track:266P255t7BjWCpcayohQIB
12282,track,12029,spotify,spotify:track:3b7hVV4oRD0E6Ne0eFnatQ
12283,track,12030,spotify,spotify:track:3WkGKlc44NV8twHafZRTt4
12284,track,12031,spotify,spotify:track:6JDB9o5uUvLZOECEE2PZf2
12285,track,12032,spotify,spotify:track:4i5qkffFt5n6ZuoYPkpr1Q
12286,track,12033,spotify,spotify:track:2etzbHkMBHLgaDHC7kkkEl
12287,track,12034,spotify,spotify:track:0VZku9cdp98TTU7ElqWdfy
12288,track,12035,spotify,spotify:track:5QUDJyAPkeLMmwQcaqEBMa
12289,track,12036,spotify,spotify:track:5BDJogaxEDeDZMdoDX5Zto
12290,track,12037,spotify,spotify:track:6kVSkqjEwFaRl4BgK2Vrjv
12291,track,12038,spotify,spotify:track:0iceTPcpouVJvFzRwDPiDl
12292,track,12039,spotify,spotify:track:5HyTW0c0Op3NspGNNYmSO3
12293,track,12040,spotify,spotify:track:7uzPF5zdhfYhmykVt1isQb
12294,track,12041,spotify,spotify:track:5WOZGBZKmej0t3RSGi9SSF
12295,track,12042,spotify,spotify:track:3P11Zc8gw6mdZ6uDyeuZac
12296,track,12043,spotify,spotify:track:5TidpShGz6Jxsbx8fzKDlC
12297,track,12044,spotify,spotify:track:6w8Q0SRDEk7dtucfFbpzoq
12298,track,12045,spotify,spotify:track:1q4VecBuua58g3EZfdPMSN
12299,track,12046,spotify,spotify:track:0kPP4qqlYVIOGtGEv4j7li
12300,track,12047,spotify,spotify:track:4KWeGKChLKcnZsj3sIOSkW
12301,track,12048,spotify,spotify:track:1v7L65Lzy0j0vdpRjJewt1
12302,track,12049,spotify,spotify:track:56JJPu17vw3E0U7oBuUDRh
12303,track,12050,spotify,spotify:track:2YahVwcGv5eaHwAf72Y5vk
12304,track,12051,spotify,spotify:track:1HoyBOU4jgZkB9F0atzgsm
12305,track,12052,spotify,spotify:track:37cZwm4ZiEvWi0f5U0CyVO
12306,track,12054,spotify,spotify:track:3Tr4G2UOXlKkSq6NI3OJaz
12307,track,12055,spotify,spotify:track:3wbUFGVXCZf35UHpUoQV6K
12308,track,12056,spotify,spotify:track:3ZD5nqsJPq4jBKeg4Hikog
12309,track,12057,spotify,spotify:track:4FvrixPJ255MRCwjM4qOcA
12310,track,12058,spotify,spotify:track:0IXXzX0EOyBDJGSBhRYhYl
12311,track,12059,spotify,spotify:track:18VGS4AMqyFJgb24zvInXM
12312,track,12060,spotify,spotify:track:1163itTFxLQc6UCZW5dYuD
12313,track,12061,spotify,spotify:track:4b8ocoUTmyiyjMylMk3nJZ
12314,track,12062,spotify,spotify:track:59vT7CccuOkdDY3sxNZXJ4
12315,track,12063,spotify,spotify:track:6TAyUBWqz8XYzi6MiRqRra
12316,track,12064,spotify,spotify:track:3ZrC7cqcOZAe87uD30gCAu
12317,track,12065,spotify,spotify:track:27nYhDKmTYtUmt9uOqVzpz
12318,track,12066,spotify,spotify:track:1wj5WjZy9x5VK2vH3rzP2R
12319,track,12067,spotify,spotify:track:7uJYtxlcjVvXnHtbTUamys
12320,track,12068,spotify,spotify:track:55u5QIlEuzCipJBtZPdJio
12321,track,12069,spotify,spotify:track:7CFvLWcbqNUlHto2sOuJgE
12322,track,12070,spotify,spotify:track:0hmivjaK9FcCCUJbaHOFkw
12323,track,12071,spotify,spotify:track:6DoenX36UcAKSp6wR9UKxM
12324,track,12072,spotify,spotify:track:3CpoeW0cZSDzIRv5z34F87
12325,track,12073,spotify,spotify:track:6CN3e26iQSj1N5lomh0mfO
12326,track,12074,spotify,spotify:track:5aVrh0V1bpJ4YEGXfCD3Yz
12327,track,12075,spotify,spotify:track:6PJiaxg1lFSJFdMJrW7avo
12328,track,12076,spotify,spotify:track:23wfXwnsPZYe5A1xXRHb3J
12329,track,12077,spotify,spotify:track:0erTM8A9ro5kzcNc962jHd
12330,track,12078,spotify,spotify:track:4QB28IqGl9W8sDcIK7eBIW
12331,track,12079,spotify,spotify:track:6TCfbxgcjQwxCzM4Vmi6kf
12332,track,12080,spotify,spotify:track:3mqYXWPAteuKuhZmsuQWqV
12333,track,12081,spotify,spotify:track:0X0ClM8jVHU7N0ptHRqi7r
12334,track,12082,spotify,spotify:track:59VFQQgqTmL8Rmm7zWECfx
12335,track,12083,spotify,spotify:track:6MrCccPAByfUy41kvJlUUu
12336,track,12084,spotify,spotify:track:6YxWzMtFrGETbAcvqbUiww
12337,track,12085,spotify,spotify:track:7sKZWN4xVOSb4miTL1vRXx
12338,track,12087,spotify,spotify:track:7qiCLJzwFyyyjckrYHVkOh
12339,track,12088,spotify,spotify:track:09H9NP2iQtdS9opcX0xgtv
12340,track,11863,spotify,spotify:track:1ZQUnabJGU18pgQyYQE5Ea
12341,track,12089,spotify,spotify:track:3Tj1luJyKPQt7WbrqpJ2Az
12342,track,12090,spotify,spotify:track:66h8hB4In6t725WtAPL23J
12343,track,12091,spotify,spotify:track:2vDNkLviUQSxSxulGBFSqJ
12344,track,12092,spotify,spotify:track:7996f9NZeypc4jqfc6hJUa
12345,track,12093,spotify,spotify:track:3xVtc7PB4V3AqAfq4Iahli
12346,track,12094,spotify,spotify:track:0DaZU7iKgXMelfXCkCOgBK
12347,track,12095,spotify,spotify:track:20oenBXlmwIfK0F3fQIjhM
12348,track,12096,spotify,spotify:track:3X4Oz9LjhhtgyOhVNlfoYa
12349,track,12097,spotify,spotify:track:4HsaoezrUA96qMzDK3ZWnq
12350,track,12098,spotify,spotify:track:7tEoJKbYdIHBfn7tTIyjHW
12351,track,12099,spotify,spotify:track:6HLZaECJKDjNE0jiGBeqxz
12352,track,12100,spotify,spotify:track:7kNlRLC9PEH8nXMVawssMx
12353,track,12101,spotify,spotify:track:1ne7JVHEPnoncXzQunQVKW
12354,track,12102,spotify,spotify:track:0ZqWBTU1EkdVPAMwQgfKiv
12355,track,12103,spotify,spotify:track:7I3RalBqE7ZE0RSxgGlGlm
12356,track,12104,spotify,spotify:track:59151GHN7yr5g9B3bqlGdR
12357,track,12105,spotify,spotify:track:77pfjsq0gSZwO8bYVTVROo
12358,track,12106,spotify,spotify:track:21LCotDEwR7R8qOnqPVzi9
12359,track,12107,spotify,spotify:track:7y8n4wbMzsLMzTI6Qan02f
12360,track,12108,spotify,spotify:track:50No7LiVffAJCWIChZodmU
12361,track,12109,spotify,spotify:track:0DIcssPpatAMqFXLZCxZMN
12362,track,12110,spotify,spotify:track:5In8B6Om5OKrhwBMB4tXSi
12363,track,12111,spotify,spotify:track:0bBnrokPXtfwXQarqCu1Gz
12364,track,12113,spotify,spotify:track:0pzXfsibHoO6eWDV262G1U
12365,track,12114,spotify,spotify:track:2SvgBb7Wxa9ZfeamgGIGZl
12366,track,12115,spotify,spotify:track:5VqSAZujDWDJkQ11Laf9W1
12367,track,12116,spotify,spotify:track:39KKZBAPkgKa4nqZBfkHJ5
12368,track,12117,spotify,spotify:track:1Rt10mmWpCNEsA4MRpO7o0
12369,track,12118,spotify,spotify:track:3Vh7tuvp5J5jpLrCqAcosU
12370,track,12119,spotify,spotify:track:3qVQZmK9iIXUYZknHG4EYQ
12371,track,12120,spotify,spotify:track:3Dwvke1oKZn5z83RMuIB0F
12372,track,12121,spotify,spotify:track:7Djpvy4lZJNI8rTOVLf1H7
12373,track,12123,spotify,spotify:track:5d88Vpyco7yN3iriQqFtMc
12374,track,12124,spotify,spotify:track:0DA0XciaII4g0HpSdI4KYH
12375,track,12127,spotify,spotify:track:5THzUZCaAVhUEb0at3ldUy
12376,track,12128,spotify,spotify:track:5EEncGup18tZrkuCIMHoc2
12377,track,12129,spotify,spotify:track:689jX0Jm6VUwsoZlgEjwFQ
12378,track,12130,spotify,spotify:track:5zzcStevEtH2sUZuBzqLGO
12379,track,12131,spotify,spotify:track:5HNLJM7pCmUJGphXyrfk8Y
12380,track,12132,spotify,spotify:track:4vdDAdLtmTqFR1J4AO4cBf
12381,track,12133,spotify,spotify:track:2OjJ5v66ksCRo6uTaR57Y5
12382,track,12134,spotify,spotify:track:3y4J1NqqwJhxo0xhaBFMCN
12383,track,12135,spotify,spotify:track:6GkAi85HSZGqJwzYC2qXyI
12384,track,12136,spotify,spotify:track:7ALN74pwJ4TJUmwLyAGZEu
12385,track,12137,spotify,spotify:track:1xfFPJdRjgDAaMcDgbXwyh
12386,track,12138,spotify,spotify:track:1H3GqbebLfBjqY8rW9oVyq
12387,track,12139,spotify,spotify:track:3Xvu5uFWbyHd0qixrvIxxE
12388,track,12140,spotify,spotify:track:5GR2ZJL0bRGvDHD5GfUVdE
12389,track,12141,spotify,spotify:track:4m2lVqfPeSTD3azgBJHowK
12390,track,12142,spotify,spotify:track:0oLQRGhq7ltPDF6ThfqQdc
12391,track,12143,spotify,spotify:track:5Jp0avXwxgYt75sjxQJxWw
12392,track,12144,spotify,spotify:track:6ntPF24RtHotzc3FhcFMH7
12393,track,12145,spotify,spotify:track:0yvxop3XdQyWStwvuYP4dw
12394,track,12146,spotify,spotify:track:4x3gJSZ2CeyGW9I8X7DtAs
12395,track,12147,spotify,spotify:track:6MTA4AwgmjVASTXpBEwvn8
12396,track,12148,spotify,spotify:track:5Kkmnf0Xi1pv6CaT3e7czy
12397,track,12149,spotify,spotify:track:2WVsyRWVM6xyKkZadKu32E
12398,track,12150,spotify,spotify:track:6bMLXWNukxfiUqH1D0ud1Z
12399,track,12151,spotify,spotify:track:7ujucw8kFBPIy9mz7DlmAq
12400,track,12152,spotify,spotify:track:3zAjkGy22FCXrCqSosQYkk
12401,track,12153,spotify,spotify:track:7sJ7zlySCbRw6OjlLhVQMt
12402,track,12154,spotify,spotify:track:4zbb4mISfck5isCpFsjsr3
12403,track,12155,spotify,spotify:track:6C1wn08cac9wcvJvGtuHi1
12404,track,12156,spotify,spotify:track:15WopqVRo66RckFfxJB93X
12405,track,12157,spotify,spotify:track:7tI8c0zPTCulElXIw9aSbg
12406,track,12158,spotify,spotify:track:20SWnAlDGcswjHSKIrwDb8
12407,track,12159,spotify,spotify:track:0q788echtkCMpQoQes4P6b
12408,track,12160,spotify,spotify:track:557JEBNqSn0RU4H5RtY286
12409,track,12161,spotify,spotify:track:01oc1NWevpGhtCkiX5flPH
12410,track,12163,spotify,spotify:track:3rBEvidEbQPf5Z5RDZMGsS
12411,track,12165,spotify,spotify:track:3DaXXVRXK7sWRNEugMe7s6
12412,track,12166,spotify,spotify:track:7oSBeq8I9lwJVx2vQJIW1C
12413,track,12168,spotify,spotify:track:5viCJ7GSQxVWUAPBVoV7IL
12414,track,12169,spotify,spotify:track:67T0J1IDGgRwNMp3vWYaVb
12415,track,12170,spotify,spotify:track:6bcnokzOVQxpn0quzHj6vc
12416,track,12171,spotify,spotify:track:7Ad2hDtyYxLJqhiEUAtrNl
12417,track,12172,spotify,spotify:track:3vDSn3BLIJKMHGrGC0zAib
12418,track,12173,spotify,spotify:track:5HwYQgUgUsHC3RqfSFMPxq
12419,track,12174,spotify,spotify:track:40riOy7x9W7GXjyGp4pjAv
12420,track,12175,spotify,spotify:track:7uWFUpGuEfmxYeymkV95jn
12421,track,12176,spotify,spotify:track:19vVghIuHm3IAfN4xpRF3q
12422,track,12177,spotify,spotify:track:52yEkn1b6BiOZad3x7x6PP
12423,track,12179,spotify,spotify:track:4rrrn8OLrttq7r9RgNXalU
12424,track,12180,spotify,spotify:track:253y3nl2iT4vWs2jHP4G3q
12425,track,12181,spotify,spotify:track:7w5AOd6HrDIHewHfpABEss
12426,track,12182,spotify,spotify:track:70MJj7zBmquKRFSUXJ5y8b
12427,track,12183,spotify,spotify:track:1cuYCAodLWgzhwE2KFZ8rC
12428,track,12184,spotify,spotify:track:4xR3MAscflQ262kMeiKshQ
12429,track,12185,spotify,spotify:track:2qtoRFCOEL1gRn5q9DJC7F
12430,track,12186,spotify,spotify:track:17yrCsl1Ai6CZLBmGj6d6p
12431,track,12187,spotify,spotify:track:73D5hBkiVZkopZrmBZTBWf
12432,track,12188,spotify,spotify:track:1VZLEW5ZfcAbKZ94XQiSZF
12433,track,12189,spotify,spotify:track:05tFLPSXJ1BbqIXy4Jeqfh
12434,track,12190,spotify,spotify:track:57L5EYzCfHS7Jd58rV33lW
12435,track,12191,spotify,spotify:track:1OAb3BhCFLohozKSJ2I34R
12436,track,12192,spotify,spotify:track:0mD1a7haZKdX9I0oPywrMb
12437,track,12193,spotify,spotify:track:5nkN5oQs0qDQ0vRFZlH1dS
12438,track,12194,spotify,spotify:track:2kfeWxnFx8aur6rCMiEt8P
12439,track,12195,spotify,spotify:track:2aQzY0nN19VCBVxMLHkKKv
12440,track,12196,spotify,spotify:track:1d5LAp0PajJqgx15HTbmL1
12441,track,12197,spotify,spotify:track:2f7TQdkEPquwvmVh3d0ipw
12442,track,12198,spotify,spotify:track:3u5mc9EDUNn1hjtmbc4F2d
12443,track,12199,spotify,spotify:track:1d1FNmfO3dFlH8873yNFX3
12444,track,12200,spotify,spotify:track:6DV5mwk2kZw6GiDR2XUsjP
12445,track,12201,spotify,spotify:track:1ThKqYwGxzcxIrYsjfVr85
12446,track,12202,spotify,spotify:track:0rFdP3ZfwsUajBLUuex0Kb
12447,track,12203,spotify,spotify:track:2ZrF3UfwS50CKE8jQQVjWj
12448,track,12204,spotify,spotify:track:1eDy2A3euqy3axIdoKgQd5
12449,track,12205,spotify,spotify:track:4qg7uptMkSHq8uatbgcP37
12450,track,12206,spotify,spotify:track:56i4MBbcPhYBvn4yc76m20
12451,track,12207,spotify,spotify:track:5nFCdayR5pAEVvQw7ZAIuQ
12452,track,12208,spotify,spotify:track:3JdD9wqvohYMjK6BmEHtTP
12453,track,12209,spotify,spotify:track:6t8fkaoVmcsBbVPBaEwpz6
12454,track,12210,spotify,spotify:track:1OjUSKLPmiYfMZVq0swhkN
12455,track,12211,spotify,spotify:track:16OWr7l8ifV69Hb1FL6UZL
12456,track,12212,spotify,spotify:track:5ArqWTC9YPUZLBxgNXgEFn
12457,track,12213,spotify,spotify:track:5P5LGCJrCByuqgj9djXqa4
12458,track,12214,spotify,spotify:track:4S8PxReB1UiDR2F5x1lyIR
12459,track,12215,spotify,spotify:track:3t2cCAri8L6w5pH4OlhqQf
12460,track,12216,spotify,spotify:track:0hLYU06I6ppGIhqiJ4uZom
12461,track,12217,spotify,spotify:track:5grLxdzdEocGbwXhYLohqy
12462,track,12218,spotify,spotify:track:3mTBcwM1BTiF6HR7D0SIcH
12463,track,12219,spotify,spotify:track:5LuOzhwp7P8iyPiq18XfYa
12464,track,12220,spotify,spotify:track:6M9wAzojVMP36hUrjIuYy8
12465,track,12221,spotify,spotify:track:37BFOLZt3Ju8tQ4s6ijjAH
12466,track,12222,spotify,spotify:track:0sZuV38i8pdMYCvWBgFuJC
12467,track,12223,spotify,spotify:track:1X6xLtOzeuQz4bbBGEcXR4
12468,track,12224,spotify,spotify:track:0UNC2gm37R2rYmxNYvhTGO
12469,track,12225,spotify,spotify:track:2BpDwT8ZSnuCAyF7BQDUsO
12470,track,12226,spotify,spotify:track:0zfsHae5pzUPpEuXjtEqbC
12471,track,12227,spotify,spotify:track:7laFiF6XyOWQ3yeK4ZWG5H
12472,track,12228,spotify,spotify:track:4bZZNn5H57KZ9elLJ2nSjy
12473,track,12229,spotify,spotify:track:6kK3m2FiYERYrUF269y0Es
12474,track,12231,spotify,spotify:track:5RlDYfphEpQaft5JDQfQko
12475,track,12232,spotify,spotify:track:6HSXNV0b4M4cLJ7ljgVVeh
12476,track,12233,spotify,spotify:track:2Lmpxi7j95HOvsR6zj1Fl3
12477,track,12234,spotify,spotify:track:37Bkd2OPVmuvxrj7q7l0ne
12478,track,12235,spotify,spotify:track:71rgyPxQt2eaIvxvfsZ3B4
12479,track,12236,spotify,spotify:track:5VRVvhMA1szwwiv7Z7Jfrk
12480,track,12237,spotify,spotify:track:10GskRX0TRVmUzkDZKazDD
12481,track,12238,spotify,spotify:track:4tU1vbxn9rvUv9VuAUXERx
12482,track,12240,spotify,spotify:track:0xdYzkbBBfTevSyOJqWUSX
12483,track,12241,spotify,spotify:track:51HuSQ3lAnMuZiPu9YBJqN
12484,track,12242,spotify,spotify:track:7H4oL5K14z3Vtyto8hrYPH
12485,track,12243,spotify,spotify:track:3VJ8igvVANy82fdtJtpGWJ
12486,track,12244,spotify,spotify:track:55liByWjb2T7j0vohSel10
12487,track,12245,spotify,spotify:track:0Bo44khrQnk5W8I0ASqzH1
12488,track,12246,spotify,spotify:track:0sPJELXHyWpFgkxlzvvRFI
12489,track,12247,spotify,spotify:track:65oJxdSMB3kmi5sVv3YeAa
12490,track,12248,spotify,spotify:track:3SfSJR5nj6cZc3dvSO0R0b
12491,track,12249,spotify,spotify:track:4zZLyeTfceI28xI7ylbU84
12492,track,12250,spotify,spotify:track:0qD85VFyI5OT83I9wJQHCU
12493,track,12251,spotify,spotify:track:5gJsGMeMTgPivcxYkVBhGc
12494,track,12252,spotify,spotify:track:1uHeKix70mVbGE0BbZZ4ao
12495,track,12253,spotify,spotify:track:2dPOrt9l0To3qI3pb0T31w
12496,track,12254,spotify,spotify:track:7vE5BCq8NB9aOrCo8IVhw6
12497,track,12255,spotify,spotify:track:4lEdRVen5OLyQ87ThmGPo2
12498,track,12256,spotify,spotify:track:7ovsrGkfcZhLuXPtN4Z2qC
12499,track,12257,spotify,spotify:track:6ppxi8Vcc4oes3a3tKGojS
12500,track,12258,spotify,spotify:track:3IG01eSz6snsxbTZw9Zr5e
12501,track,12259,spotify,spotify:track:25BcBVAoG8bZ2m63bYiAAZ
12502,track,12260,spotify,spotify:track:74iAhjBEJ9PqlXxMSV73Ry
12503,track,12261,spotify,spotify:track:41tBQExRZer0h3Gb4hAhSn
12504,track,12262,spotify,spotify:track:6e6lDhigjHGm6zQM3C1ezN
12505,track,12263,spotify,spotify:track:5Ak2lR9I1OqS0fseVKSkS9
12506,track,12388,spotify,spotify:track:4pTB18dbtjTTCLkybdylX6
12507,track,12264,spotify,spotify:track:2FP7JttwbYPXcXxIihEvop
12508,track,12265,spotify,spotify:track:2SZVGupkjNHEqsCDXbzko2
12509,track,12266,spotify,spotify:track:5xVCInk9nvMqWvOXvkrJIv
12510,track,12267,spotify,spotify:track:5qZWuG3v7I1sUorQJQZarQ
12511,track,12268,spotify,spotify:track:70IUsfru9aYc6EwSGBH5Oe
12512,track,12269,spotify,spotify:track:06sDDrEwEG9ewXmV5fkETR
12513,track,12270,spotify,spotify:track:7pLC3L3hscXCEA5iCKY4EN
12514,track,12271,spotify,spotify:track:4Q0jOA2ws1aLFVDcwPKFD0
12515,track,12272,spotify,spotify:track:3k0xdA91ZpDOBARDk1GV9l
12516,track,12273,spotify,spotify:track:2FX1OQU8vilNzIhcaHs5vz
12517,track,12274,spotify,spotify:track:6yJWLGvhydE9b9Lpk68HYN
12518,track,12275,spotify,spotify:track:6uPNithB97r7CUyQzzyHsV
12519,track,12276,spotify,spotify:track:1KLYrHfUQysHHcEEdA36Zp
12520,track,12277,spotify,spotify:track:6OwavBgVS1N4lAXZ2zKUfc
12521,track,12279,spotify,spotify:track:1HAW56e0zz05phUnzuHF9E
12522,track,12280,spotify,spotify:track:11RIJRbBfyLlJut96itSFd
12523,track,12281,spotify,spotify:track:5kzHkRmphRbt6ZwEmgd7RQ
12524,track,12283,spotify,spotify:track:1BHquBolJN628btHI6X0vq
12525,track,12284,spotify,spotify:track:64I9byMYBlS1ARsC3vtpgW
12526,track,12285,spotify,spotify:track:399olOwTieMU3hqelRsfpH
12527,track,12286,spotify,spotify:track:32sBVB5HmrwJ6e9g0S2BRL
12528,track,12287,spotify,spotify:track:6n3gJBvi9jZB9kkzHqmZ8P
12529,track,12288,spotify,spotify:track:1t2YGrS7RAznI7zFR0aIIP
12530,track,12289,spotify,spotify:track:3jSv1ZrTlGhFojQa7vbubm
12531,track,12290,spotify,spotify:track:1E8ZZzvgrMwm8qUi5IjOHt
12532,track,12291,spotify,spotify:track:1lbjDy6IIerHFGZWKG0hno
12533,track,12292,spotify,spotify:track:3t5jf0Qgk9oJU6kOOHU7cZ
12534,track,12297,spotify,spotify:track:4hWAIH8ZIjcA2cEhGjr7jc
12535,track,12298,spotify,spotify:track:6YjiNeQLT9MZDTA236qRYt
12536,track,12299,spotify,spotify:track:6dEe0H4vjEyy2ukczkB25o
12537,track,12300,spotify,spotify:track:4pjcxC0qgXWZWmcBjzn1az
12538,track,12301,spotify,spotify:track:0FhEsw0tLzYcittOixmHPL
12539,track,12302,spotify,spotify:track:4x2PnUoTIoP8DeJwFlW1wv
12540,track,12303,spotify,spotify:track:5rYTMjVkGioNF4MpSQISlg
12541,track,12304,spotify,spotify:track:19yMYXxG3gtIbKxOpQo9vL
12542,track,12305,spotify,spotify:track:7z8mamHXaezlYVODfFOypw
12543,track,12306,spotify,spotify:track:7gEmszLwQpsMXDXGPFk8sB
12544,track,12307,spotify,spotify:track:5dvpipXxOIH96gcGEKR1Iu
12545,track,12308,spotify,spotify:track:4mkIH8ixbQ7cpOvhzEL7jc
12546,track,12309,spotify,spotify:track:3KowaUqsejPa79bwoujPMB
12547,track,12310,spotify,spotify:track:2Yk44lQXJDw9jySBTOB0Ag
12548,track,12311,spotify,spotify:track:5Jwh9paNfKbgeVxVv5cCQp
12549,track,12312,spotify,spotify:track:7CLzqUggnD6KW5q8GG95ja
12550,track,12313,spotify,spotify:track:0gSLaX91J2Cs9cWXqsRc4X
12551,track,12314,spotify,spotify:track:7vRQeQcvAuf35fgKMou99k
12552,track,12315,spotify,spotify:track:3xUbmStWnQjHAfot43uLbl
12553,track,12316,spotify,spotify:track:04fnzAJxtQZFVbn8N3XrQm
12554,track,12317,spotify,spotify:track:38PFECJBX4yGhiHFH9XgYX
12555,track,12318,spotify,spotify:track:2dk1fsLg7YEsKJdVm4P5cu
12556,track,12319,spotify,spotify:track:6z8DOqs0yHWQkXRezHEx63
12557,track,12322,spotify,spotify:track:0ETXSJz2b6qSxRSqV0zWto
12558,track,12323,spotify,spotify:track:5WzfCu5fhgm7jv896EN1Md
12559,track,12324,spotify,spotify:track:3YBfHJTZPHn5DqgMnD6g5g
12560,track,12325,spotify,spotify:track:1c5CllrZr45UBhWpIqM332
12561,track,12326,spotify,spotify:track:3hxIUxnT27p5WcmjGUXNwx
12562,track,12327,spotify,spotify:track:4riDfclV7kPDT9D58FpmHd
12563,album,2968,spotify,spotify:album:5KGIf82I9zVXvZSUMXnw5c
12564,album,48,spotify,spotify:album:7ycBtnsMtyVbbwTfJwRjSP
12565,album,49,spotify,spotify:album:3XADnbi4uhYXb7RuSJ7bre
12566,album,50,spotify,spotify:album:3C3RvTGChyw9k6A2uaa2B3
12567,album,51,spotify,spotify:album:4N6sTUH8VjSMJrMLseaNWz
12568,album,52,spotify,spotify:album:7g0PJ7VbsOkYTECUFkyNPN
12569,album,53,spotify,spotify:album:0KtFP56RU7bd32pcvdeWOU
12570,album,54,spotify,spotify:album:748dZDqSZy6aPXKcI9H80u
12571,album,55,spotify,spotify:album:1HftQWyKWoGsrmG5lRkJDE
12572,album,56,spotify,spotify:album:1bkN9nIkkCnXeG4yitVS1J
12573,album,57,spotify,spotify:album:3FsCGJY0JqSxvgezoMWYzF
12574,album,2969,spotify,spotify:album:5GINN9RJLZeF1GFReoIwcj
12575,album,106,spotify,spotify:album:5MEImpWt30V3Huwd5n1XM8
12576,album,107,spotify,spotify:album:1Z25ZLzDEMlPc0m6eXz0Lr
12577,album,2970,spotify,spotify:album:2cbCiRC3GOD0TJqfFDmFtf
12578,album,108,spotify,spotify:album:11wsRyg0EtBSfAVSrw8jvw
12579,album,109,spotify,spotify:album:71QyofYesSsRMwFOTafnhB
12580,album,110,spotify,spotify:album:3mH6qwIy9crq0I9YQbOuDf
12581,album,111,spotify,spotify:album:4Csoz10NhNJOrCTUoPBdUD
12582,album,112,spotify,spotify:album:5ryBqWw69xLn1nLaPCGOev
12583,album,113,spotify,spotify:album:5gK2l2LgWY0BA4p9uy27z6
12584,album,114,spotify,spotify:album:50DTDq2ew6xOmjQtkIS5gU
12585,album,115,spotify,spotify:album:42fyKPanos0Q3woi848ktg
12586,album,2971,spotify,spotify:album:3iUOGXjvqpVWuqChCUtJ80
12587,album,167,spotify,spotify:album:3rWJsuu7ukoZZhp7YYkjNZ
12588,album,168,spotify,spotify:album:4Mqt4zRLIwFtZyzh7tAUQE
12589,album,169,spotify,spotify:album:6eDx949ONWDCN0O22wFZf7
12590,album,170,spotify,spotify:album:621OhgnZJ7Pz8iUazct1In
12591,album,171,spotify,spotify:album:6HzHon4QSFPGPFIjjlZN0n
12592,album,2972,spotify,spotify:album:1WiKAuQmbYIxDv2UzMwrBq
12593,album,172,spotify,spotify:album:5pgSLDET4rMkAok3X4k0wP
12594,album,2973,spotify,spotify:album:2gBoDoKdOGMv3OephKw2B0
12595,album,223,spotify,spotify:album:5ykOQlHaE5ZRxMibfI75YW
12596,album,224,spotify,spotify:album:7F58zK8t8whSFjX5X09d28
12597,album,225,spotify,spotify:album:69CmkikTHkGKdkrUZTtyWl
12598,album,226,spotify,spotify:album:2ZieYINaA8usZhjfwpFnlH
12599,album,227,spotify,spotify:album:1UcS2nqUhxrZjrBZ3tHk2N
12600,album,228,spotify,spotify:album:0Y7qkJVZ06tS2GUCDptzyW
12601,album,229,spotify,spotify:album:27kBaFri0HzGkn9QlDuaS7
12602,album,230,spotify,spotify:album:19bQiwEKhXUBJWY6oV3KZk
12603,album,231,spotify,spotify:album:2oJo7cB45gMVuRsaWNwDq2
12604,track,12360,spotify,spotify:track:5bBUDJUfGcG7eFy3Bf4fXv
12605,track,91,spotify,spotify:track:0wJw5QXDKXTYn8IVyh3wqz
12606,track,12361,spotify,spotify:track:4K1Pg0FLno1ltzX3jeqT83
12607,track,92,spotify,spotify:track:0nj9Bq5sHDiTxSHunhgkFb
12608,track,93,spotify,spotify:track:13unqv6c3ZC5Qz4J0yT2kF
12609,track,94,spotify,spotify:track:2uuJs2nltcYFh9pkKP7bW4
12610,track,95,spotify,spotify:track:4oFtLSgHyZPNYDCcANhTnO
12611,track,96,spotify,spotify:track:40WxFAbt8UEK7jKLmIxRNY
12612,track,97,spotify,spotify:track:2LRYaXXxkMrvSFyaSZHMPs
12613,track,98,spotify,spotify:track:0zNHMc1cGKe4MO5rtGtKRh
12614,track,99,spotify,spotify:track:1NpHJ96ljWvqdbjlyc9GtT
12615,track,100,spotify,spotify:track:5PXpiAqtsLRlTUlAoeZeYP
12616,track,101,spotify,spotify:track:1JvQhXD5FxkK2GjHCyFmZa
12617,track,12362,spotify,spotify:track:5eW508Gq23QlXHowyzW39m
12618,track,102,spotify,spotify:track:0LFif0hMIAZiBn5yI0D6yq
12619,track,103,spotify,spotify:track:3VX1rOvR1X0stVBMnlmSWV
12620,track,104,spotify,spotify:track:3oxh3fJki9lZ7jTSsGWyyk
12621,track,105,spotify,spotify:track:5YgPKsl4pwHGk4jnfETB1n
12622,track,106,spotify,spotify:track:2QHdwnmY4fEEjpyJxjQwWN
12623,track,12363,spotify,spotify:track:3ODXRUPL44f04cCacwiCLC
12624,track,200,spotify,spotify:track:5Mtt6tZSZA9cXTHGSGpyh0
12625,track,201,spotify,spotify:track:4tQcyj5488alHT1ZgFduzn
12626,track,202,spotify,spotify:track:6mcu7D7QuABVwUGDwovOEh
12627,track,12364,spotify,spotify:track:1SGt65i9AnXYdDQt1AtDRH
12628,track,203,spotify,spotify:track:4BP0An7SXctTY4kF41JxIQ
12629,track,204,spotify,spotify:track:4rXLjWdF2ZZpXCVTfWcshS
12630,track,205,spotify,spotify:track:2rjv9fXzpZDbB6lEeIoB3l
12631,track,206,spotify,spotify:track:48rsYvIQXUAtxcmIoStOaM
12632,track,207,spotify,spotify:track:5XpwulllkqoHEk0jpwvRlJ
12633,track,208,spotify,spotify:track:1h0rVgfuKa6V9DkVSLAc4Q
12634,track,12365,spotify,spotify:track:1VjaZbooaWkntfBLoH6Tb8
12635,track,209,spotify,spotify:track:0itUnscU8XdO1gQGtPRmoS
12636,track,210,spotify,spotify:track:4Y35pKllR1S3hYJv0CNxx7
12637,track,211,spotify,spotify:track:09wQdd0JQbkp9yKfRfwhjG
12638,track,212,spotify,spotify:track:42qK1JWm8fDy3qHZbIZNuQ
12639,track,213,spotify,spotify:track:3qRPc4QpHGNwKFAzCdqwxA
12640,track,12366,spotify,spotify:track:1oNIa5k8FQrFXEx7uXtfK7
12641,track,214,spotify,spotify:track:0NHvTrD8Igke3fawcp3njY
12642,track,215,spotify,spotify:track:5fEB6ZmVkg63GZg9qO86jh
12643,track,216,spotify,spotify:track:5MtMp3OeL7oOeF0WWY4TFT
12644,track,12367,spotify,spotify:track:5geeTRRcsIg0MS5TvtBtHU
12645,track,217,spotify,spotify:track:7DLjbSc4ewgaXVBgcgXdvO
12646,track,218,spotify,spotify:track:0v9Wz8o0BT8DU38R4ddjeH
12647,track,219,spotify,spotify:track:6oLHyWvmk6bKrA91EIYZBp
12648,track,220,spotify,spotify:track:3pClK8h6x7vPSV3q0wqkwI
12649,track,221,spotify,spotify:track:225WLJ4RlbSMSAZnjMYEt7
12650,artist,1314,spotify,spotify:artist:01QTIT5P1pFP3QnnFSdsJf
12651,artist,61,spotify,spotify:artist:20qISvAhX20dpIbOOzGK3q
12652,track,12375,spotify,1ckxFDBKrcepE6pDmayXzP
12653,track,12376,spotify,1ZyudLFv35SRvY5SvTZqJx
12654,track,7843,spotify,20rZiHL20MTJjfhLQZQsm4
12655,artist,1316,spotify,1RXEL1MwAvaMsn7KAHe0g5
12656,artist,1317,spotify,3XVpDdKav6C6zwlDXPhMEO
12657,track,12377,spotify,4ezAjoV01phDz1SqO6SzEU
12658,artist,739,spotify,6zWpKBpfxA7WLufoySS14G
12659,artist,1319,spotify,54QA4zjZDOyaLN8bVthBjP
12660,artist,1320,spotify,2l2o6ibYa7h1w4HwaS1uZV
12661,track,8172,spotify,4vFWITHOCiWoM9PnMXAbgY
12662,artist,1324,spotify,4qQ0W1Z8cxepU1IeaxDXPg
12663,artist,1075,spotify,5iHaEaeT1t9bKaVONfW3SC
12664,artist,1325,spotify,1SNUcHNKWy6p2Hu5YTQGMA
12665,artist,1326,spotify,44Sk3Su8y0RdUSPJcZReS4
12666,artist,1327,spotify,1xOwHKcbLyOSOm14pc4nWx
12667,artist,1328,spotify,4Maf38TSoYT83qXqsO20JI
12668,artist,1329,spotify,6WtTLIl6HLw0JI15Z3Ia8q
12669,album,2978,spotify,4VqdntbxmB7r1At6sPKRnb
12670,track,7844,spotify,45J6YuQXlM60FNPXGKbOBw
12671,track,12381,spotify,1mQvz26F9aw3493qoH7Jas
12672,track,12382,spotify,3UYEIe5Tua73ouOCh852Ce
12673,track,12383,spotify,4yXLpRav9adWxNnpzUsrhe
12674,album,2976,spotify,3EqODYPkWXDfEZnXKwqf8P
12675,track,12385,spotify,7gPHxxAq4YjK7GoLT3Vch3
12676,track,12386,spotify,08gK74JshLhl6a9fiKPTLt
12677,artist,1318,spotify,0399oiMcmbOzzsYQDNYqxn
12678,track,12387,spotify,1k5S91yqOdzGl0ruRWQHSu
12681,artist,1332,spotify,0yq6uHIfFks9yOURUuCITV
12682,artist,1333,spotify,3IEa9UWiDvsMdy72qICD6x
12685,artist,1334,spotify,085pc2PYOi8bGKj0PNjekA
12689,artist,1335,spotify,7xtNzLtPreVYzkTGvIZj1r
12692,artist,1336,spotify,0c173mlxpT3dSFRgMO8XPh
12693,artist,1337,spotify,0hCNtLu0JehylgoiP8L4Gh
12695,artist,1338,spotify,0nnBZ8FXWjG9wZgM2cpfeb
12696,artist,1339,spotify,4yBK75WVCQXej1p04GWqxH
12699,artist,629,spotify,6XpXnnKHIhCOUbOLOJGe6o
12702,artist,1340,spotify,2HgTDskbBf8ZV91hyvxm8d
12703,artist,1341,spotify,5uKgAkca8pn0slfSHZsbK3
12704,artist,1342,spotify,6TlLdicGl92pqnySP64n2g
12706,album,2979,spotify,5IYvKd22yQkJRfoIStesbX
12707,album,1546,spotify,4IwODpNZKFYkHWXSeWMGmP
12708,album,2959,spotify,5PHSTHZQzYZXqMfs02zZje
12712,track,12389,spotify,2sRlrHbSysnbx5K88W9Pzd
12713,track,12390,spotify,1VzouYOMui2fChUR6sXefT
12717,track,8527,spotify,6G419SSygE1grrueRL5p7a
12718,track,8526,spotify,4g22YOTcDEYFvElBtLso0B
12719,track,12391,spotify,0ZNrc4kNeQYD9koZ3KvCsy
12725,track,12392,spotify,1dB3DlHctdxDr7DG53NuLw
12735,track,12393,spotify,7iyd8bXForMqB8rMxXAUzo