track_id,album_id,track_number,disc_number
12360,1,,1
1,1,,1
2,1,,1
3,1,,1
4,1,,1
5,1,,1
6,1,,1
7,2968,,1
91,2,,1
8,293,,1
9,3,,1
10,48,,1
12,5,,1
13,5,,1
12361,5,,1
14,5,,1
15,5,,1
92,5,,1
16,5,,1
93,6,,1
17,8,,1
94,9,,1
18,48,,1
95,48,,1
19,48,,1
20,48,,1
96,11,,1
22,12,,1
23,49,,1
24,13,,1
25,14,,1
26,15,,1
97,16,,1
27,17,,1
28,13,,1
98,18,,1
29,20,,1
30,22,,1
31,23,,1
32,50,,1
33,10,,1
34,10,,1
35,24,,1
99,25,,1
37,26,,1
38,13,,1
100,2649,,1
39,27,,1
12362,28,,1
40,6,,1
41,6,,1
42,6,,1
43,14,,1
44,6,,1
45,29,,1
46,20,,1
47,30,,1
48,6,,1
49,6,,1
50,6,,1
51,6,,1
52,51,,1
53,51,,1
54,51,,1
55,51,,1
56,2910,,1
60,31,,1
61,31,,1
62,31,,1
63,124,,1
64,124,,1
65,124,,1
70,33,,1
72,26,,1
78,1744,,1
79,1744,,1
80,1744,,1
81,1744,,1
82,1744,,1
83,34,,1
84,26,,1
85,26,,1
86,26,,1
87,26,,1
88,26,,1
89,26,,1
90,10,,1
107,51,,1
108,51,,1
109,51,,1
110,52,,1
111,52,,1
12363,48,,1
114,48,,1
200,48,,1
201,48,,1
115,48,,1
116,48,,1
117,48,,1
118,36,,1
119,53,,1
120,56,,1
121,56,,1
122,39,,1
123,56,,1
124,56,,1
125,40,,1
126,129,,1
127,41,,1
128,57,,1
129,36,,1
130,42,,1
131,30,,1
132,43,,1
133,2907,,1
202,43,,1
134,44,,1
135,45,,1
12364,46,,1
136,46,,1
137,13,,1
203,13,,1
138,13,,1
140,13,,1
141,47,,1
205,47,,1
206,47,,1
207,47,,1
142,47,,1
143,47,,1
208,47,,1
144,14,,1
145,14,,1
146,14,,1
147,14,,1
148,58,,1
149,59,,1
150,59,,1
151,1,,1
152,1,,1
153,1,,1
154,1,,1
155,1,,1
156,1529,,1
157,1529,,1
158,14,,1
12365,14,,1
159,14,,1
160,2969,,1
161,2969,,1
162,61,,1
209,2967,,1
210,2967,,1
211,2967,,1
212,62,,1
213,63,,1
163,63,,1
164,183,,1
165,183,,1
21,10,,1
204,47,,1
113,35,,1
112,35,,1
101,4,,1
36,4,,1
11,4,,1
166,183,,1
167,64,,1
168,64,,1
169,64,,1
170,64,,1
171,106,,1
172,106,,1
173,106,,1
174,106,,1
175,65,,1
12366,66,,1
176,67,,1
177,68,,1
178,1507,,1
179,69,,1
180,69,,1
214,69,,1
181,107,,1
182,70,,1
183,107,,1
184,107,,1
215,69,,1
216,69,,1
12367,2970,,1
217,108,,1
218,109,,1
219,71,,1
220,72,,1
221,73,,1
185,74,,1
186,75,,1
187,75,,1
188,75,,1
189,75,,1
190,110,,1
191,110,,1
192,110,,1
193,110,,1
194,110,,1
195,110,,1
196,111,,1
197,111,,1
198,111,,1
199,111,,1
222,76,,1
223,77,,1
224,78,,1
225,79,,1
226,80,,1
227,81,,1
228,81,,1
229,112,,1
230,82,,1
231,110,,1
232,83,,1
233,83,,1
234,84,,1
235,75,,1
236,75,,1
237,75,,1
238,75,,1
239,75,,1
240,75,,1
241,2974,,1
242,2974,,1
243,71,,1
244,71,,1
245,1507,,1
246,1507,,1
247,1507,,1
248,113,,1
249,113,,1
250,113,,1
251,113,,1
252,113,,1
253,113,,1
254,113,,1
255,113,,1
256,113,,1
257,113,,1
258,113,,1
259,113,,1
260,113,,1
261,85,,1
262,85,,1
263,85,,1
264,86,,1
265,86,,1
266,86,,1
267,71,,1
268,71,,1
269,71,,1
270,87,,1
271,87,,1
272,2974,,1
273,394,,1
274,394,,1
275,394,,1
276,394,,1
277,89,,1
278,89,,1
279,90,,1
280,256,,1
281,256,,1
282,91,,1
283,92,,1
284,92,,1
285,83,,1
286,83,,1
287,83,,1
288,93,,1
289,93,,1
290,93,,1
291,93,,1
292,93,,1
293,93,,1
294,94,,1
295,94,,1
296,94,,1
297,94,,1
298,94,,1
299,94,,1
300,94,,1
301,94,,1
302,94,,1
303,94,,1
304,94,,1
305,95,,1
306,95,,1
307,95,,1
308,95,,1
309,95,,1
310,95,,1
311,95,,1
312,96,,1
313,96,,1
314,96,,1
315,97,,1
316,51,,1
317,51,,1
318,51,,1
319,51,,1
320,51,,1
321,51,,1
322,51,,1
323,51,,1
324,51,,1
325,51,,1
327,98,,1
328,98,,1
329,98,,1
330,98,,1
331,98,,1
332,98,,1
333,599,,1
334,93,,1
335,93,,1
336,93,,1
337,93,,1
338,93,,1
339,93,,1
340,99,,1
341,99,,1
342,99,,1
343,99,,1
344,99,,1
345,99,,1
346,99,,1
347,99,,1
348,99,,1
349,99,,1
350,99,,1
351,99,,1
352,99,,1
353,99,,1
354,99,,1
355,99,,1
356,99,,1
357,99,,1
358,100,,1
359,100,,1
360,101,,1
361,101,,1
362,101,,1
363,102,,1
364,102,,1
365,102,,1
366,102,,1
367,102,,1
368,1,,1
369,1,,1
370,1,,1
371,1,,1
372,1,,1
373,1,,1
374,1,,1
375,103,,1
376,103,,1
377,115,,1
378,115,,1
379,115,,1
380,115,,1
381,115,,1
382,115,,1
383,115,,1
384,115,,1
385,104,,1
386,104,,1
387,104,,1
388,104,,1
389,104,,1
390,104,,1
391,71,,1
392,71,,1
393,71,,1
394,71,,1
395,71,,1
396,71,,1
397,71,,1
398,71,,1
399,71,,1
400,105,,1
401,105,,1
402,105,,1
403,105,,1
404,105,,1
405,105,,1
406,105,,1
407,105,,1
408,105,,1
409,105,,1
410,105,,1
411,116,,1
412,116,,1
413,116,,1
414,116,,1
415,116,,1
416,116,,1
417,116,,1
418,116,,1
419,116,,1
420,116,,1
421,116,,1
422,116,,1
423,116,,1
424,116,,1
425,116,,1
426,116,,1
427,116,,1
428,116,,1
429,116,,1
430,117,,1
431,117,,1
432,117,,1
433,117,,1
434,117,,1
435,2971,,1
436,2971,,1
437,2971,,1
438,2971,,1
439,2971,,1
440,2971,,1
441,2971,,1
442,2971,,1
443,2971,,1
444,2971,,1
445,118,,1
446,118,,1
447,118,,1
448,118,,1
449,119,,1
450,120,,1
451,69,,1
452,69,,1
453,69,,1
454,69,,1
455,63,,1
456,61,,1
457,61,,1
458,61,,1
459,61,,1
460,61,,1
461,61,,1
462,121,,1
463,121,,1
464,167,,1
465,122,,1
466,123,,1
467,123,,1
468,123,,1
469,123,,1
470,168,,1
471,168,,1
472,168,,1
473,168,,1
474,168,,1
475,168,,1
476,168,,1
477,168,,1
478,125,,1
479,125,,1
480,125,,1
481,125,,1
482,125,,1
483,126,,1
484,126,,1
485,46,,1
486,46,,1
487,46,,1
488,46,,1
489,46,,1
490,19,,1
491,19,,1
492,19,,1
493,127,,1
494,48,,1
495,48,,1
496,48,,1
497,48,,1
498,48,,1
499,48,,1
500,19,,1
501,19,,1
502,19,,1
503,19,,1
504,128,,1
505,128,,1
506,128,,1
507,128,,1
508,128,,1
509,128,,1
510,128,,1
511,128,,1
512,128,,1
513,128,,1
514,128,,1
515,128,,1
516,128,,1
517,128,,1
518,128,,1
519,128,,1
520,128,,1
521,128,,1
522,86,,1
523,86,,1
524,86,,1
525,86,,1
526,86,,1
527,86,,1
528,86,,1
529,129,,1
530,129,,1
531,129,,1
532,129,,1
533,129,,1
534,169,,1
535,169,,1
536,169,,1
537,130,,1
538,131,,1
539,132,,1
540,133,,1
541,134,,1
542,134,,1
543,134,,1
544,134,,1
545,105,,1
546,105,,1
547,105,,1
548,105,,1
549,105,,1
550,105,,1
551,105,,1
552,105,,1
553,135,,1
554,135,,1
555,135,,1
556,135,,1
557,135,,1
558,135,,1
559,135,,1
560,135,,1
561,135,,1
562,135,,1
563,135,,1
564,135,,1
565,135,,1
566,135,,1
567,135,,1
568,136,,1
569,83,,1
570,137,,1
571,137,,1
572,138,,1
573,138,,1
574,126,,1
575,126,,1
576,92,,1
577,92,,1
578,92,,1
579,92,,1
580,139,,1
581,139,,1
582,139,,1
583,139,,1
584,114,,1
585,114,,1
586,114,,1
587,114,,1
588,140,,1
589,180,,1
590,180,,1
591,180,,1
592,180,,1
593,180,,1
594,180,,1
595,180,,1
596,180,,1
597,126,,1
598,126,,1
599,141,,1
600,236,,1
601,142,,1
602,142,,1
603,142,,1
604,142,,1
605,142,,1
606,142,,1
607,142,,1
608,142,,1
609,142,,1
610,142,,1
611,142,,1
612,142,,1
613,46,,1
614,46,,1
615,46,,1
616,46,,1
617,46,,1
618,46,,1
619,84,,1
620,143,,1
621,143,,1
622,143,,1
623,143,,1
624,143,,1
625,120,,1
626,120,,1
627,120,,1
628,120,,1
629,1211,,1
630,1211,,1
631,1211,,1
632,170,,1
633,170,,1
634,170,,1
635,170,,1
636,170,,1
637,139,,1
638,139,,1
639,144,,1
640,144,,1
641,144,,1
642,144,,1
643,144,,1
644,91,,1
645,91,,1
646,87,,1
647,87,,1
648,87,,1
649,87,,1
650,87,,1
651,87,,1
655,97,,1
656,97,,1
657,145,,1
658,145,,1
659,145,,1
660,100,,1
661,2967,,1
662,127,,1
663,127,,1
664,127,,1
665,146,,1
666,147,,1
667,148,,1
668,148,,1
669,148,,1
670,148,,1
671,148,,1
672,148,,1
673,148,,1
674,148,,1
675,148,,1
676,149,,1
677,149,,1
678,149,,1
679,149,,1
680,77,,1
681,77,,1
682,77,,1
683,77,,1
684,77,,1
685,77,,1
686,77,,1
687,1211,,1
688,150,,1
689,150,,1
690,150,,1
691,150,,1
692,104,,1
693,2972,,1
694,86,,1
695,86,,1
696,86,,1
697,86,,1
698,86,,1
699,151,,1
700,91,,1
701,91,,1
702,126,,1
703,126,,1
704,126,,1
705,126,,1
708,83,,1
709,83,,1
710,152,,1
711,153,,1
712,1507,,1
713,1507,,1
717,151,,1
718,155,,1
719,155,,1
720,155,,1
721,104,,1
722,696,,1
723,91,,1
724,156,,1
725,156,,1
726,157,,1
727,173,,1
728,173,,1
729,87,,1
730,158,,1
731,158,,1
732,158,,1
733,158,,1
734,158,,1
735,158,,1
736,97,,1
737,147,,1
738,147,,1
739,56,,1
741,1011,,1
742,159,,1
743,159,,1
744,159,,1
745,1507,,1
746,160,,1
747,160,,1
748,97,,1
749,161,,1
750,161,,1
751,147,,1
752,162,,1
753,162,,1
754,162,,1
756,162,,1
757,97,,1
758,147,,1
759,147,,1
760,147,,1
761,147,,1
762,147,,1
763,147,,1
764,147,,1
765,147,,1
766,147,,1
767,147,,1
768,147,,1
769,147,,1
770,163,,1
771,163,,1
772,163,,1
773,163,,1
774,163,,1
775,163,,1
776,163,,1
777,163,,1
778,163,,1
779,163,,1
780,163,,1
781,163,,1
782,163,,1
783,164,,1
784,165,,1
785,172,,1
786,174,,1
787,174,,1
788,174,,1
789,174,,1
790,174,,1
791,174,,1
792,174,,1
793,174,,1
794,174,,1
795,174,,1
796,159,,1
797,159,,1
798,2973,,1
799,2973,,1
800,2973,,1
801,175,,1
802,175,,1
803,84,,1
804,159,,1
805,159,,1
806,159,,1
807,159,,1
808,159,,1
809,176,,1
810,176,,1
811,176,,1
812,176,,1
813,177,,1
814,177,,1
815,178,,1
816,178,,1
817,178,,1
818,178,,1
819,178,,1
820,178,,1
821,178,,1
822,178,,1
823,178,,1
824,178,,1
825,178,,1
826,178,,1
827,178,,1
828,176,,1
829,176,,1
830,1507,,1
831,19,,1
832,19,,1
833,19,,1
834,179,,1
835,179,,1
836,179,,1
837,1507,,1
838,36,,1
839,36,,1
840,36,,1
841,180,,1
842,180,,1
843,180,,1
844,180,,1
845,180,,1
846,180,,1
847,180,,1
848,180,,1
849,180,,1
850,180,,1
851,8,,1
852,70,,1
853,70,,1
854,70,,1
855,118,,1
856,118,,1
857,180,,1
858,1443,,1
859,1443,,1
860,1443,,1
861,134,,1
862,118,,1
863,1507,,1
864,1211,,1
865,77,,1
866,77,,1
867,77,,1
868,77,,1
869,181,,1
870,181,,1
871,181,,1
872,181,,1
873,181,,1
874,118,,1
875,118,,1
876,118,,1
877,118,,1
878,118,,1
879,118,,1
880,118,,1
881,182,,1
882,1211,,1
883,1211,,1
884,1211,,1
888,163,,1
889,1211,,1
890,1211,,1
891,1211,,1
895,183,,1
896,183,,1
897,183,,1
898,178,,1
899,178,,1
900,1443,,1
901,1443,,1
903,184,,1
904,150,,1
905,150,,1
906,150,,1
907,184,,1
908,184,,1
909,175,,1
910,180,,1
911,180,,1
912,180,,1
913,180,,1
914,180,,1
915,175,,1
916,175,,1
917,185,,1
918,185,,1
919,185,,1
920,134,,1
921,134,,1
922,155,,1
923,155,,1
924,155,,1
925,155,,1
926,155,,1
927,155,,1
928,155,,1
929,134,,1
930,134,,1
931,134,,1
932,134,,1
933,134,,1
934,134,,1
935,150,,1
936,150,,1
937,150,,1
938,150,,1
939,150,,1
940,150,,1
941,150,,1
942,150,,1
943,2378,,1
944,139,,1
945,139,,1
946,139,,1
947,139,,1
948,139,,1
949,139,,1
950,139,,1
951,139,,1
952,139,,1
953,139,,1
954,186,,1
955,186,,1
956,85,,1
957,223,,1
958,223,,1
959,8,,1
960,8,,1
961,8,,1
962,51,,1
963,1141,,1
964,1141,,1
965,143,,1
966,143,,1
967,143,,1
968,143,,1
969,143,,1
970,143,,1
971,143,,1
972,143,,1
973,143,,1
974,143,,1
975,143,,1
976,143,,1
977,173,,1
978,223,,1
979,223,,1
980,187,,1
981,51,,1
982,188,,1
983,188,,1
984,188,,1
985,224,,1
986,224,,1
987,224,,1
988,224,,1
989,1443,,1
990,1443,,1
991,1443,,1
992,1443,,1
993,1443,,1
994,1443,,1
995,1443,,1
996,1443,,1
997,1443,,1
998,1443,,1
999,1443,,1
1000,1443,,1
1001,1443,,1
1002,224,,1
1003,36,,1
1004,36,,1
1005,36,,1
1006,36,,1
1007,36,,1
1008,36,,1
1009,36,,1
1010,36,,1
1011,36,,1
1012,223,,1
1013,188,,1
1014,188,,1
1015,188,,1
1016,188,,1
1017,188,,1
1018,188,,1
1019,188,,1
1020,188,,1
1021,188,,1
1022,188,,1
1023,188,,1
1024,188,,1
1025,146,,1
1026,146,,1
1027,146,,1
1028,225,,1
1029,225,,1
1030,225,,1
1031,225,,1
1032,224,,1
1033,124,,1
1034,226,,1
1035,226,,1
1036,87,,1
1037,189,,1
1038,190,,1
1039,190,,1
1040,190,,1
1041,191,,1
1042,191,,1
1043,191,,1
1044,192,,1
1045,191,,1
1046,1405,,1
1047,1405,,1
1048,1405,,1
1049,1405,,1
1050,224,,1
1051,224,,1
1052,190,,1
1053,190,,1
1054,190,,1
1055,190,,1
1056,224,,1
1057,190,,1
1058,2378,,1
1059,227,,1
1060,227,,1
1061,48,,1
1062,190,,1
1063,190,,1
1064,190,,1
1065,190,,1
1066,111,,1
1067,111,,1
1068,111,,1
1069,111,,1
1070,228,,1
1071,111,,1
1072,111,,1
1073,111,,1
1074,111,,1
1075,111,,1
1076,229,,1
1077,229,,1
1078,120,,1
1079,120,,1
1080,146,,1
1081,146,,1
1082,193,,1
1083,193,,1
1084,193,,1
1085,193,,1
1086,143,,1
1087,111,,1
1088,111,,1
1089,111,,1
1090,111,,1
1096,223,,1
1097,19,,1
1098,19,,1
1099,194,,1
1100,41,,1
1101,41,,1
1102,41,,1
1103,41,,1
1104,41,,1
1105,41,,1
1106,41,,1
1107,193,,1
1108,193,,1
1109,193,,1
1110,193,,1
1111,193,,1
1112,193,,1
1113,195,,1
1114,84,,1
1115,173,,1
1116,1141,,1
1117,1141,,1
1118,1141,,1
1119,51,,1
1120,51,,1
1121,51,,1
1122,145,,1
1123,145,,1
1124,145,,1
1125,145,,1
1126,145,,1
1127,145,,1
1128,145,,1
1129,1405,,1
1130,13,,1
1131,13,,1
1132,196,,1
1133,196,,1
1134,8,,1
902,2378,,1
1135,2378,,1
1136,95,,1
1137,95,,1
1148,46,,1
1149,177,,1
1150,177,,1
1151,177,,1
1152,177,,1
1153,177,,1
1154,177,,1
1155,230,,1
1156,230,,1
1157,230,,1
1158,230,,1
1159,230,,1
1160,230,,1
1161,230,,1
1162,230,,1
1163,230,,1
1164,230,,1
1165,230,,1
1166,230,,1
1167,230,,1
1168,230,,1
1169,230,,1
1170,230,,1
1171,104,,1
1172,197,,1
1173,231,,1
1174,198,,1
1175,199,,1
1176,201,,1
1177,202,,1
1178,203,,1
1179,204,,1
1180,205,,1
1181,206,,1
1182,179,,1
1183,179,,1
1184,179,,1
1185,179,,1
1186,207,,1
1187,207,,1
1188,207,,1
1189,179,,1
1190,208,,1
1191,208,,1
1192,43,,1
1193,43,,1
1194,209,,1
1195,155,,1
1196,210,,1
1197,203,,1
1198,203,,1
1199,203,,1
1200,203,,1
1201,203,,1
1202,203,,1
1203,203,,1
1204,203,,1
1205,203,,1
1206,203,,1
1207,203,,1
1208,211,,1
1209,212,,1
1210,213,,1
1211,214,,1
1212,215,,1
1213,217,,1
1214,218,,1
1215,1300,,1
1216,219,,1
1217,192,,1
1218,197,,1
1219,197,,1
1220,51,,1
1222,220,,1
1223,210,,1
1224,221,,1
1225,222,,1
1226,37,,1
1227,51,,1
1228,232,,1
1229,175,,1
1230,127,,1
1231,232,,1
1232,232,,1
1233,210,,1
1234,210,,1
1235,129,,1
1236,233,,1
1237,234,,1
1238,235,,1
1239,236,,1
1240,237,,1
1241,236,,1
1242,189,,1
1243,189,,1
1244,238,,1
1245,238,,1
1246,189,,1
1247,210,,1
1248,210,,1
1249,239,,1
1250,240,,1
1251,241,,1
1252,13,,1
1253,13,,1
1254,232,,1
1255,232,,1
1256,77,,1
1257,77,,1
1258,77,,1
1259,232,,1
1260,242,,1
1261,243,,1
1262,244,,1
1263,244,,1
1264,244,,1
1265,244,,1
1266,84,,1
1267,84,,1
1268,84,,1
1269,84,,1
1270,84,,1
1271,84,,1
1272,84,,1
1273,84,,1
1274,84,,1
1275,169,,1
1276,245,,1
1277,246,,1
1278,192,,1
1279,223,,1
1280,247,,1
1282,136,,1
1283,136,,1
1284,136,,1
1285,136,,1
1286,136,,1
1287,32,,1
1288,32,,1
1289,32,,1
1290,32,,1
1291,32,,1
1292,32,,1
1293,696,,1
1294,696,,1
1295,232,,1
1296,232,,1
1297,232,,1
1298,232,,1
1299,232,,1
1300,197,,1
1302,248,,1
1303,249,,1
1304,250,,1
1305,251,,1
1306,51,,1
1307,51,,1
1308,51,,1
1309,51,,1
1310,252,,1
1311,220,,1
1312,220,,1
1313,220,,1
1314,2479,,1
1315,8,,1
1316,8,,1
1317,8,,1
1318,253,,1
1319,253,,1
1320,220,,1
1321,220,,1
1322,220,,1
1323,220,,1
1324,220,,1
1325,220,,1
1326,186,,1
1327,254,,1
1330,51,,1
1331,51,,1
1332,51,,1
1333,51,,1
1334,51,,1
1335,51,,1
1336,195,,1
1337,32,,1
1338,177,,1
1339,104,,1
1340,496,,1
1342,255,,1
1343,51,,1
1344,51,,1
1345,51,,1
1346,223,,1
1347,223,,1
1348,51,,1
1349,51,,1
1350,51,,1
1351,92,,1
1352,51,,1
1353,51,,1
1355,162,,1
1356,173,,1
1358,173,,1
1359,92,,1
1360,92,,1
1361,92,,1
1362,92,,1
1363,197,,1
1364,197,,1
1365,197,,1
1366,197,,1
1367,197,,1
1368,197,,1
1369,197,,1
1370,197,,1
1371,197,,1
1373,102,,1
1374,257,,1
1375,257,,1
1376,257,,1
1384,173,,1
1386,125,,1
1387,125,,1
1388,2378,,1
1389,258,,1
1390,258,,1
1391,258,,1
1406,91,,1
1407,91,,1
1408,259,,1
1413,83,,1
1414,83,,1
1415,83,,1
1416,83,,1
1417,83,,1
1418,83,,1
1419,83,,1
1420,83,,1
1421,83,,1
1422,83,,1
1423,83,,1
1424,135,,1
1425,260,,1
1426,135,,1
1427,135,,1
1428,261,,1
1429,135,,1
1430,135,,1
1436,91,,1
1437,91,,1
1438,183,,1
1439,262,,1
1440,263,,1
1441,1771,,1
1442,228,,1
1443,249,,1
1444,228,,1
1445,43,,1
1446,1771,,1
1447,191,,1
1448,56,,1
1449,496,,1
1450,264,,1
1451,36,,1
1452,225,,1
1453,91,,1
1457,266,,1
1458,264,,1
1459,91,,1
1460,91,,1
1461,190,,1
1462,179,,1
1463,179,,1
1464,103,,1
1465,250,,1
1466,77,,1
1467,267,,1
1468,167,,1
1469,268,,1
1470,269,,1
1471,270,,1
1472,271,,1
1473,56,,1
1474,267,,1
1475,267,,1
1476,207,,1
1477,696,,1
1478,696,,1
1479,696,,1
1480,272,,1
1481,272,,1
1482,272,,1
1483,322,,1
1484,1771,,1
1485,1771,,1
1486,127,,1
1487,273,,1
1488,274,,1
1489,171,,1
1491,64,,1
1492,191,,1
1493,88,,1
1496,136,,1
1497,136,,1
1498,104,,1
1499,104,,1
1500,104,,1
1501,136,,1
1502,136,,1
1503,136,,1
1504,136,,1
1505,275,,1
1510,41,,1
1511,271,,1
1512,177,,1
1513,276,,1
1514,146,,1
1515,62,,1
1516,146,,1
1517,146,,1
1518,146,,1
1519,146,,1
1520,146,,1
1521,146,,1
1522,146,,1
1523,277,,1
1524,278,,1
1525,257,,1
1526,207,,1
1527,127,,1
1532,279,,1
1533,149,,1
1534,41,,1
1535,56,,1
1536,280,,1
1537,394,,1
1538,394,,1
1539,394,,1
1540,394,,1
1541,394,,1
1542,394,,1
1543,196,,1
1544,196,,1
1545,196,,1
1546,196,,1
1547,139,,1
1548,281,,1
1549,281,,1
1550,281,,1
1551,281,,1
1552,281,,1
1553,281,,1
1554,281,,1
1555,136,,1
1556,136,,1
1557,273,,1
1558,273,,1
1559,273,,1
1560,273,,1
1561,266,,1
1562,266,,1
1563,266,,1
1564,266,,1
1566,250,,1
1567,250,,1
1568,250,,1
1569,250,,1
1570,250,,1
1571,250,,1
1572,1405,,1
1573,282,,1
1574,276,,1
1575,283,,1
1577,1771,,1
1578,196,,1
1579,146,,1
1580,284,,1
1581,285,,1
1582,32,,1
1583,276,,1
1584,196,,1
1585,196,,1
1586,196,,1
1587,196,,1
1588,196,,1
1589,146,,1
1590,196,,1
1591,196,,1
1592,271,,1
1593,32,,1
1594,286,,1
1595,287,,1
1596,288,,1
1597,289,,1
1598,289,,1
1599,289,,1
1600,289,,1
1601,289,,1
1602,289,,1
1603,289,,1
1604,289,,1
1605,289,,1
1606,289,,1
1607,289,,1
1608,289,,1
1609,252,,1
1610,252,,1
1611,252,,1
1612,290,,1
1613,290,,1
1614,288,,1
1615,250,,1
1616,196,,1
1617,196,,1
1618,127,,1
1619,223,,1
1620,223,,1
1621,291,,1
1622,177,,1
1623,3,,1
1624,3,,1
1625,288,,1
1626,193,,1
1627,127,,1
1628,292,,1
1629,354,,1
1630,127,,1
1631,127,,1
1632,127,,1
1633,127,,1
1634,127,,1
1635,127,,1
1636,293,,1
1637,284,,1
1638,195,,1
1639,294,,1
1640,295,,1
1641,296,,1
1642,248,,1
1643,2378,,1
1644,298,,1
1645,175,,1
1646,252,,1
1647,252,,1
1648,223,,1
1649,223,,1
1650,223,,1
1651,223,,1
1652,299,,1
1653,299,,1
1654,299,,1
1655,300,,1
1656,414,,1
1657,301,,1
1658,302,,1
1659,302,,1
1660,302,,1
1661,302,,1
1662,302,,1
1663,302,,1
1664,302,,1
1665,302,,1
1666,302,,1
1667,253,,1
1668,253,,1
1669,303,,1
1670,64,,1
1671,64,,1
1672,304,,1
1673,304,,1
1674,304,,1
1675,304,,1
1676,304,,1
1677,304,,1
1678,304,,1
1679,304,,1
1680,806,,1
1681,224,,1
1682,224,,1
1683,224,,1
1684,224,,1
1685,224,,1
1686,224,,1
1687,224,,1
1688,224,,1
1689,224,,1
1690,224,,1
1691,806,,1
1692,806,,1
1693,253,,1
1694,253,,1
1695,1771,,1
1696,304,,1
1697,304,,1
1698,394,,1
1699,41,,1
1700,305,,1
1701,128,,1
1702,250,,1
1703,1537,,1
1704,302,,1
1705,64,,1
1706,64,,1
1707,306,,1
1708,307,,1
1709,88,,1
1710,308,,1
1711,253,,1
1712,304,,1
1713,304,,1
1714,309,,1
1715,309,,1
1716,309,,1
1717,309,,1
1718,309,,1
1719,309,,1
1720,80,,1
1721,80,,1
1722,80,,1
1723,80,,1
1724,80,,1
1725,80,,1
1726,80,,1
1727,80,,1
1728,310,,1
1729,2378,,1
1730,2378,,1
1731,2378,,1
1732,2378,,1
1733,2378,,1
1734,2378,,1
1735,56,,1
1736,265,,1
1737,265,,1
1738,265,,1
1739,312,,1
1740,313,,1
1741,314,,1
1742,314,,1
1743,2378,,1
1744,71,,1
1745,315,,1
1746,1521,,1
1747,316,,1
1748,1300,,1
1749,317,,1
1750,317,,1
1751,317,,1
1752,317,,1
1753,318,,1
1755,61,,1
1756,61,,1
1757,320,,1
1758,321,,1
1759,321,,1
1760,321,,1
1761,145,,1
1762,145,,1
1763,181,,1
1764,181,,1
1765,181,,1
1766,181,,1
1767,317,,1
1768,317,,1
1769,48,,1
1770,207,,1
1771,207,,1
1772,71,,1
1773,71,,1
1774,322,,1
1775,266,,1
1776,323,,1
1777,323,,1
1778,324,,1
1779,325,,1
1780,326,,1
1781,326,,1
1782,278,,1
1783,278,,1
1784,327,,1
1785,327,,1
1786,328,,1
1788,43,,1
1789,257,,1
1790,181,,1
1791,414,,1
1792,414,,1
1793,329,,1
1794,329,,1
1795,329,,1
1796,144,,1
1797,144,,1
1798,144,,1
1799,144,,1
1800,144,,1
1801,144,,1
1802,144,,1
1803,175,,1
1804,175,,1
1805,175,,1
1806,175,,1
1807,330,,1
1808,41,,1
1809,36,,1
1810,41,,1
1811,41,,1
1812,41,,1
1813,41,,1
1814,1771,,1
1815,1771,,1
1816,1771,,1
1817,1771,,1
1818,1771,,1
1819,284,,1
1820,284,,1
1821,228,,1
1822,186,,1
1823,85,,1
1824,85,,1
1825,228,,1
1826,331,,1
1827,332,,1
1828,228,,1
1837,228,,1
1838,228,,1
1839,228,,1
1840,228,,1
1841,228,,1
1842,228,,1
1843,228,,1
1844,228,,1
1845,228,,1
1846,228,,1
1847,228,,1
1848,228,,1
1849,228,,1
1850,228,,1
1851,228,,1
1852,228,,1
1853,228,,1
1854,228,,1
1855,117,,1
1856,117,,1
1857,117,,1
1858,117,,1
1859,117,,1
1860,117,,1
1861,117,,1
1862,599,,1
1863,599,,1
1864,599,,1
1865,129,,1
1866,129,,1
1867,129,,1
1868,129,,1
1869,129,,1
1870,129,,1
1871,129,,1
1872,129,,1
1873,129,,1
1874,129,,1
1875,129,,1
1876,129,,1
1877,129,,1
1878,129,,1
1879,129,,1
1880,129,,1
1881,333,,1
1882,333,,1
1883,333,,1
1884,333,,1
1885,303,,1
1886,334,,1
1887,335,,1
1888,335,,1
1889,335,,1
1890,335,,1
1891,335,,1
1892,335,,1
1893,335,,1
1894,267,,1
1895,267,,1
1896,336,,1
1897,336,,1
1898,336,,1
1899,336,,1
1900,336,,1
1902,334,,1
1903,1523,,1
1904,128,,1
1905,338,,1
1906,339,,1
1907,151,,1
1908,340,,1
1909,326,,1
1910,341,,1
1911,341,,1
1912,341,,1
1913,341,,1
1914,341,,1
1917,343,,1
1918,230,,1
1919,230,,1
1920,344,,1
1921,344,,1
1922,344,,1
1923,344,,1
1924,118,,1
1925,345,,1
1926,346,,1
1927,341,,1
1928,341,,1
1929,341,,1
1930,341,,1
1931,341,,1
1932,341,,1
1933,332,,1
1934,332,,1
1935,332,,1
1936,332,,1
1937,332,,1
1938,332,,1
1939,332,,1
1940,332,,1
1941,332,,1
1942,332,,1
1943,332,,1
1944,332,,1
1945,347,,1
1946,347,,1
1947,347,,1
1948,347,,1
1949,347,,1
1950,230,,1
1951,348,,1
1952,349,,1
1953,350,,1
1954,351,,1
1955,351,,1
1956,351,,1
1957,351,,1
1958,351,,1
1959,301,,1
1960,301,,1
1961,353,,1
1962,353,,1
1963,353,,1
1964,353,,1
1965,353,,1
1966,335,,1
1967,335,,1
1968,335,,1
1969,335,,1
1970,153,,1
1971,293,,1
1972,293,,1
1973,293,,1
1974,125,,1
1975,125,,1
1976,125,,1
1978,139,,1
1979,139,,1
1981,329,,1
1982,329,,1
1983,256,,1
1984,256,,1
1985,256,,1
1986,119,,1
1987,119,,1
1988,119,,1
1989,119,,1
1990,119,,1
1991,119,,1
1992,119,,1
1993,119,,1
1994,119,,1
1995,119,,1
1996,119,,1
1997,119,,1
1998,355,,1
2001,322,,1
2002,322,,1
2003,322,,1
2004,322,,1
2005,322,,1
2006,329,,1
2007,329,,1
2008,329,,1
2009,329,,1
2010,356,,1
2011,3,,1
2012,1771,,1
2013,358,,1
2014,359,,1
2015,360,,1
2016,361,,1
2017,2847,,1
2018,362,,1
2019,363,,1
2020,2805,,1
2021,2805,,1
2022,364,,1
2023,364,,1
2024,2971,,1
2025,365,,1
2026,365,,1
2027,191,,1
2028,123,,1
2029,2967,,1
2030,2967,,1
2031,2967,,1
2032,2967,,1
2033,2967,,1
2034,2967,,1
2035,2967,,1
2036,544,,1
2037,180,,1
2038,366,,1
2039,367,,1
2040,368,,1
2041,369,,1
2042,370,,1
2043,370,,1
2044,370,,1
2045,370,,1
2046,370,,1
2047,370,,1
2048,370,,1
2049,370,,1
2050,370,,1
2051,370,,1
2052,370,,1
2053,371,,1
2054,372,,1
2055,373,,1
2056,171,,1
2057,171,,1
2058,171,,1
2059,171,,1
2060,175,,1
2061,175,,1
2062,2971,,1
2063,2971,,1
2064,2971,,1
2065,13,,1
2066,13,,1
2067,374,,1
2068,374,,1
2069,374,,1
2070,374,,1
2071,374,,1
2072,374,,1
2073,374,,1
2074,374,,1
2075,374,,1
2076,374,,1
2077,374,,1
2085,375,,1
2086,375,,1
2087,2499,,1
2088,376,,1
2089,376,,1
2090,376,,1
2091,156,,1
2092,156,,1
2093,156,,1
2094,156,,1
2095,156,,1
2096,156,,1
2097,1443,,1
2098,168,,1
2099,2974,,1
2100,2974,,1
2101,377,,1
2102,377,,1
2103,377,,1
2104,377,,1
2105,377,,1
2106,377,,1
2107,168,,1
2108,168,,1
2109,168,,1
2110,168,,1
2111,168,,1
2112,168,,1
2113,168,,1
2114,378,,1
2115,378,,1
2116,378,,1
2117,378,,1
2118,378,,1
2119,378,,1
2120,378,,1
2121,378,,1
2122,379,,1
2123,380,,1
2124,380,,1
2125,145,,1
2126,8,,1
2127,8,,1
2128,1652,,1
2130,381,,1
2131,381,,1
2132,382,,1
2133,382,,1
2134,12,,1
2135,12,,1
2136,12,,1
2137,12,,1
2138,383,,1
2139,384,,1
2140,296,,1
2141,153,,1
2142,153,,1
2143,153,,1
2144,153,,1
2145,153,,1
2151,56,,1
2152,383,,1
2153,384,,1
2154,169,,1
2155,385,,1
2156,386,,1
2157,387,,1
2158,386,,1
2159,388,,1
2160,389,,1
2161,383,,1
2162,390,,1
2163,367,,1
2164,1771,,1
2165,392,,1
2166,393,,1
2167,195,,1
2168,56,,1
2169,56,,1
2170,54,,1
2171,71,,1
2172,363,,1
2173,249,,1
2174,249,,1
2175,249,,1
2176,12,,1
2177,327,,1
2178,284,,1
2179,284,,1
2180,395,,1
2181,301,,1
2182,296,,1
2183,296,,1
2184,396,,1
2185,296,,1
2186,296,,1
2187,396,,1
2188,306,,1
2189,306,,1
2190,306,,1
2191,306,,1
2192,306,,1
2193,306,,1
2194,306,,1
2195,111,,1
2196,397,,1
2197,397,,1
2198,397,,1
2199,397,,1
2200,397,,1
2201,397,,1
2202,397,,1
2203,397,,1
2204,348,,1
2205,348,,1
2206,348,,1
2207,348,,1
2208,348,,1
2209,2378,,1
2210,2378,,1
2211,266,,1
2212,266,,1
2213,286,,1
2214,264,,1
2215,264,,1
2216,264,,1
2217,264,,1
2218,264,,1
2219,264,,1
2220,264,,1
2221,264,,1
2222,398,,1
2223,399,,1
2224,400,,1
2225,401,,1
2226,401,,1
2227,401,,1
2228,401,,1
2229,353,,1
2230,353,,1
2231,353,,1
2232,353,,1
2233,353,,1
2234,353,,1
2235,353,,1
2236,353,,1
2237,284,,1
2238,128,,1
2239,128,,1
2240,117,,1
2241,117,,1
2242,166,,1
2245,873,,1
2247,303,,1
2248,303,,1
2249,303,,1
2250,402,,1
2251,403,,1
2252,404,,1
2253,404,,1
2254,404,,1
2255,404,,1
2256,404,,1
2257,404,,1
2258,404,,1
2259,404,,1
2260,404,,1
2261,404,,1
2262,404,,1
2263,113,,1
2264,5,,1
2265,394,,1
2266,405,,1
2267,117,,1
2268,117,,1
2269,117,,1
2270,117,,1
2271,117,,1
2272,497,,1
2273,406,,1
2274,339,,1
2275,339,,1
2276,349,,1
2277,349,,1
2278,349,,1
2279,301,,1
2280,301,,1
2281,407,,1
2282,230,,1
2283,230,,1
2284,195,,1
2285,195,,1
2286,195,,1
2287,195,,1
2288,195,,1
2289,195,,1
2290,195,,1
2291,195,,1
2292,293,,1
2293,696,,1
2294,138,,1
2295,138,,1
2296,138,,1
2297,408,,1
2298,301,,1
2299,301,,1
2300,301,,1
2301,301,,1
2302,301,,1
2303,301,,1
2304,301,,1
2305,301,,1
2306,301,,1
2307,12,,1
2308,409,,1
2309,410,,1
2310,411,,1
2311,382,,1
2312,349,,1
2313,349,,1
2314,349,,1
2315,349,,1
2316,349,,1
2317,413,,1
2318,413,,1
2319,413,,1
2320,413,,1
2321,413,,1
2322,413,,1
2323,413,,1
2324,128,,1
2325,128,,1
2326,128,,1
2327,128,,1
2328,380,,1
2329,414,,1
2330,367,,1
2331,367,,1
2332,367,,1
2333,367,,1
2334,151,,1
2335,151,,1
2336,151,,1
2337,151,,1
2338,151,,1
2339,151,,1
2340,151,,1
2341,151,,1
2342,367,,1
2343,367,,1
2344,351,,1
2345,257,,1
2346,257,,1
2347,257,,1
2348,257,,1
2349,257,,1
2350,257,,1
2351,257,,1
2352,257,,1
2353,257,,1
2354,415,,1
2355,416,,1
2356,418,,1
2357,419,,1
2358,420,,1
2359,242,,1
2360,56,,1
2361,56,,1
2362,367,,1
2363,195,,1
2364,421,,1
2365,421,,1
2366,421,,1
2367,421,,1
2368,421,,1
2369,421,,1
2370,421,,1
2371,421,,1
2372,421,,1
2373,421,,1
2374,421,,1
2375,362,,1
2376,381,,1
2377,381,,1
2378,381,,1
2379,381,,1
2380,381,,1
2381,381,,1
2382,381,,1
2383,381,,1
2384,381,,1
2385,224,,1
2386,188,,1
2387,188,,1
2388,188,,1
2389,195,,1
2390,422,,1
2391,422,,1
2392,422,,1
2393,422,,1
2394,422,,1
2395,422,,1
2396,638,,1
2397,638,,1
2398,423,,1
2399,424,,1
2402,424,,1
2403,424,,1
2404,424,,1
2405,424,,1
2406,338,,1
2407,425,,1
2408,426,,1
2409,912,,1
2410,427,,1
2411,394,,1
2412,394,,1
2413,425,,1
2414,425,,1
2415,425,,1
2416,428,,1
2417,429,,1
2418,429,,1
2419,430,,1
2420,430,,1
2421,175,,1
2422,175,,1
2423,367,,1
2424,367,,1
2425,367,,1
2426,431,,1
2427,432,,1
2428,432,,1
2429,432,,1
2430,432,,1
2431,432,,1
2432,433,,1
2433,433,,1
2434,399,,1
2435,399,,1
2436,399,,1
2437,434,,1
2438,435,,1
2439,435,,1
2440,435,,1
2441,435,,1
2442,435,,1
2443,433,,1
2444,2972,,1
2445,436,,1
2446,145,,1
2447,1141,,1
2448,438,,1
2449,77,,1
2450,439,,1
2451,175,,1
2452,175,,1
2453,440,,1
2454,250,,1
2455,207,,1
2456,207,,1
2457,207,,1
2458,207,,1
2459,207,,1
2460,207,,1
2461,441,,1
2462,442,,1
2463,443,,1
2464,444,,1
2465,445,,1
2466,446,,1
2468,447,,1
2470,448,,1
2471,448,,1
2472,448,,1
2473,449,,1
2474,449,,1
2475,450,,1
2476,451,,1
2477,254,,1
2478,254,,1
2479,254,,1
2480,254,,1
2481,414,,1
2482,681,,1
2483,681,,1
2484,452,,1
2485,452,,1
2486,452,,1
2487,452,,1
2488,452,,1
2489,452,,1
2490,452,,1
2491,452,,1
2492,453,,1
2493,227,,1
2494,339,,1
2495,339,,1
2496,339,,1
2497,439,,1
2498,439,,1
2499,439,,1
2500,439,,1
2501,176,,1
2502,176,,1
2503,176,,1
2504,256,,1
2505,449,,1
2506,449,,1
2507,449,,1
2508,449,,1
2509,454,,1
2510,454,,1
2511,454,,1
2512,454,,1
2513,454,,1
2514,454,,1
2515,455,,1
2516,455,,1
2517,455,,1
2518,455,,1
2519,453,,1
2520,194,,1
2521,194,,1
2522,321,,1
2523,321,,1
2524,321,,1
2525,321,,1
2526,321,,1
2527,439,,1
2528,439,,1
2529,439,,1
2530,439,,1
2531,439,,1
2532,439,,1
2533,439,,1
2534,439,,1
2535,439,,1
2536,439,,1
2537,439,,1
2538,439,,1
2539,439,,1
2540,439,,1
2541,439,,1
2542,439,,1
2543,439,,1
2544,439,,1
2545,439,,1
2546,439,,1
2547,456,,1
2548,456,,1
2549,338,,1
2550,338,,1
2551,338,,1
2552,338,,1
2553,338,,1
2554,338,,1
2555,338,,1
2556,338,,1
2557,338,,1
2558,457,,1
2559,457,,1
2560,458,,1
2561,122,,1
2562,85,,1
2563,254,,1
2564,924,,1
2565,924,,1
2566,924,,1
2567,254,,1
2569,102,,1
2570,102,,1
2571,102,,1
2572,599,,1
2573,122,,1
2574,459,,1
2575,460,,1
2576,2132,,1
2577,462,,1
2578,463,,1
2579,464,,1
2580,224,,1
2581,224,,1
2582,224,,1
2583,177,,1
2584,177,,1
2585,48,,1
2586,111,,1
2587,111,,1
2588,281,,1
2589,36,,1
2590,36,,1
2591,122,,1
2592,122,,1
2593,122,,1
2594,465,,1
2595,466,,1
2596,151,,1
2597,279,,1
2598,467,,1
2599,467,,1
2600,468,,1
2601,469,,1
2603,470,,1
2604,61,,1
2605,61,,1
2606,8,,1
2607,8,,1
2608,8,,1
2609,8,,1
2610,8,,1
2611,8,,1
2612,471,,1
2613,472,,1
2614,473,,1
2615,456,,1
2616,456,,1
2617,474,,1
2618,475,,1
2619,476,,1
2620,477,,1
2621,477,,1
2622,477,,1
2623,250,,1
2624,431,,1
2625,431,,1
2626,431,,1
2627,431,,1
2628,478,,1
2629,478,,1
2630,153,,1
2631,153,,1
2632,153,,1
2633,153,,1
2634,153,,1
2635,153,,1
2636,189,,1
2637,189,,1
2638,189,,1
2639,189,,1
2640,479,,1
2641,322,,1
2642,322,,1
2643,322,,1
2644,480,,1
2645,183,,1
2646,481,,1
2647,481,,1
2648,481,,1
2649,481,,1
2650,481,,1
2651,481,,1
2652,482,,1
2653,924,,1
2654,924,,1
2655,924,,1
2656,483,,1
2657,484,,1
2658,484,,1
2659,484,,1
2660,484,,1
2661,484,,1
2662,484,,1
2663,484,,1
2664,484,,1
2665,924,,1
2666,924,,1
2667,157,,1
2668,924,,1
2669,924,,1
2670,924,,1
2671,924,,1
2672,177,,1
2673,276,,1
2674,925,,1
2675,56,,1
2676,56,,1
2677,56,,1
2678,287,,1
2680,177,,1
2681,36,,1
2682,125,,1
2683,125,,1
2684,125,,1
2685,485,,1
2686,485,,1
2687,485,,1
2688,485,,1
2689,485,,1
2690,486,,1
2693,873,,1
2694,873,,1
2695,873,,1
2696,873,,1
2697,448,,1
2698,448,,1
2699,448,,1
2700,448,,1
2701,448,,1
2702,107,,1
2703,350,,1
2704,350,,1
2705,350,,1
2706,350,,1
2707,487,,1
2708,157,,1
2709,157,,1
2710,157,,1
2711,157,,1
2712,293,,1
2713,293,,1
2714,2974,,1
2715,2974,,1
2716,2974,,1
2717,293,,1
2718,293,,1
2719,488,,1
2720,489,,1
2721,489,,1
2722,489,,1
2723,489,,1
2724,489,,1
2725,170,,1
2726,1141,,1
2727,1141,,1
2728,320,,1
2729,320,,1
2730,320,,1
2731,487,,1
2732,145,,1
2733,145,,1
2734,145,,1
2735,145,,1
2736,145,,1
2737,284,,1
2738,284,,1
2739,284,,1
2740,320,,1
2741,490,,1
2742,405,,1
2743,405,,1
2744,278,,1
2745,153,,1
2746,153,,1
2747,107,,1
2748,431,,1
2749,350,,1
2750,350,,1
2751,350,,1
2752,350,,1
2753,350,,1
2754,350,,1
2755,350,,1
2756,170,,1
2758,70,,1
2759,2974,,1
2760,491,,1
2761,170,,1
2762,170,,1
2763,492,,1
2764,493,,1
2765,128,,1
2766,494,,1
2767,170,,1
2768,170,,1
2769,170,,1
2770,170,,1
2771,256,,1
2772,256,,1
2773,495,,1
2774,496,,1
2775,496,,1
2776,497,,1
2777,497,,1
2778,497,,1
2779,497,,1
2780,497,,1
2781,497,,1
2782,497,,1
2783,497,,1
2784,497,,1
2785,497,,1
2786,497,,1
2787,497,,1
2788,497,,1
2789,497,,1
2790,497,,1
2791,497,,1
2792,497,,1
2793,497,,1
2794,497,,1
2796,498,,1
2797,499,,1
2798,326,,1
2799,500,,1
2800,128,,1
2801,128,,1
2802,128,,1
2803,128,,1
2804,501,,1
2805,244,,1
2806,502,,1
2807,1395,,1
2808,275,,1
2809,1395,,1
2810,1395,,1
2811,503,,1
2812,2467,,1
2813,504,,1
2814,889,,1
2815,227,,1
2816,361,,1
2817,361,,1
2818,1145,,1
2819,433,,1
2820,433,,1
2821,506,,1
2822,507,,1
2823,38,,1
2824,38,,1
2825,38,,1
2826,38,,1
2827,38,,1
2828,38,,1
2829,38,,1
2830,38,,1
2831,38,,1
2832,351,,1
2833,351,,1
2834,351,,1
2835,351,,1
2836,351,,1
2837,508,,1
2838,509,,1
2840,510,,1
2841,227,,1
2842,227,,1
2843,227,,1
2844,227,,1
2845,227,,1
2846,227,,1
2847,227,,1
2848,227,,1
2849,227,,1
2850,227,,1
2851,227,,1
2852,227,,1
2853,227,,1
2854,227,,1
2855,227,,1
2856,227,,1
2858,295,,1
2859,295,,1
2860,295,,1
2861,295,,1
2862,295,,1
2863,295,,1
2864,295,,1
2865,295,,1
2866,295,,1
2867,295,,1
2868,194,,1
2869,194,,1
2870,194,,1
2871,194,,1
2872,194,,1
2873,194,,1
2874,194,,1
2875,194,,1
2876,194,,1
2877,421,,1
2879,507,,1
2880,511,,1
2881,511,,1
2882,511,,1
2883,511,,1
2884,511,,1
2885,511,,1
2886,511,,1
2887,511,,1
2888,511,,1
2889,511,,1
2890,543,,1
2891,512,,1
2892,2523,,1
2893,306,,1
2894,306,,1
2895,306,,1
2896,306,,1
2897,507,,1
2898,507,,1
2899,507,,1
2900,507,,1
2901,507,,1
2902,507,,1
2903,507,,1
2904,513,,1
2905,513,,1
2906,513,,1
2907,513,,1
2908,513,,1
2909,513,,1
2910,513,,1
2911,513,,1
2912,513,,1
2913,514,,1
2915,380,,1
2916,158,,1
2917,515,,1
2918,507,,1
2919,507,,1
2920,516,,1
2921,516,,1
2922,517,,1
2934,518,,1
2935,518,,1
2936,518,,1
2937,518,,1
2938,518,,1
2939,518,,1
2940,149,,1
2941,264,,1
2943,519,,1
2944,520,,1
2946,350,,1
2947,350,,1
2948,473,,1
2949,472,,1
2951,521,,1
2952,473,,1
2953,264,,1
2954,361,,1
2955,361,,1
2956,361,,1
2957,522,,1
2958,523,,1
2959,524,,1
2960,149,,1
2961,149,,1
2962,149,,1
2963,149,,1
2964,149,,1
2965,149,,1
2966,149,,1
2967,456,,1
2968,456,,1
2969,456,,1
2970,456,,1
2971,456,,1
2972,456,,1
2973,456,,1
2981,306,,1
2982,306,,1
2983,306,,1
2984,1707,,1
2985,518,,1
2986,37,,1
2998,525,,1
2999,526,,1
3000,527,,1
3001,528,,1
3002,529,,1
3003,530,,1
3004,531,,1
3005,532,,1
3006,533,,1
3007,263,,1
3008,534,,1
3009,77,,1
3010,534,,1
3011,535,,1
3012,103,,1
3013,361,,1
3014,361,,1
3015,361,,1
3016,536,,1
3017,536,,1
3018,536,,1
3019,536,,1
3020,536,,1
3021,537,,1
3023,361,,1
3024,361,,1
3025,361,,1
3026,538,,1
3027,538,,1
3028,538,,1
3029,43,,1
3030,43,,1
3031,264,,1
3032,194,,1
3033,421,,1
3034,421,,1
3041,273,,1
3043,539,,1
3047,540,,1
3048,250,,1
3049,250,,1
3050,250,,1
3051,250,,1
3052,266,,1
3055,434,,1
3056,541,,1
3057,542,,1
3058,542,,1
3059,542,,1
3060,282,,1
3061,282,,1
3062,282,,1
3063,282,,1
3064,297,,1
3065,297,,1
3066,297,,1
3067,297,,1
3068,380,,1
3069,107,,1
3070,324,,1
3071,324,,1
3072,70,,1
3073,70,,1
3074,70,,1
3075,70,,1
3076,544,,1
3077,545,,1
3078,546,,1
3079,255,,1
3080,547,,1
3081,548,,1
3082,548,,1
3083,548,,1
3084,548,,1
3085,548,,1
3086,548,,1
3087,266,,1
3088,264,,1
3089,549,,1
3090,550,,1
3091,551,,1
3092,552,,1
3093,553,,1
3094,554,,1
3095,555,,1
3096,556,,1
3097,107,,1
3098,557,,1
3099,558,,1
3100,361,,1
3101,559,,1
3102,560,,1
3103,557,,1
3104,557,,1
3105,557,,1
3106,557,,1
3107,557,,1
3108,266,,1
3109,561,,1
3110,589,,1
3111,562,,1
3112,548,,1
3113,548,,1
3114,266,,1
3115,73,,1
3116,563,,1
3117,564,,1
3118,564,,1
3119,564,,1
3120,564,,1
3121,564,,1
3122,564,,1
3123,564,,1
3124,564,,1
3125,564,,1
3126,547,,1
3127,547,,1
3128,194,,1
3129,194,,1
3130,565,,1
3131,291,,1
3132,291,,1
3133,291,,1
3134,291,,1
3135,291,,1
3136,543,,1
3137,543,,1
3138,543,,1
3139,543,,1
3140,543,,1
3141,566,,1
3142,209,,1
3143,307,,1
3144,567,,1
3145,162,,1
3146,569,,1
3147,277,,1
3148,277,,1
3149,351,,1
3150,107,,1
3151,107,,1
3152,107,,1
3153,570,,1
3154,570,,1
3155,570,,1
3156,570,,1
3157,413,,1
3158,413,,1
3159,413,,1
3160,413,,1
3161,571,,1
3162,572,,1
3163,572,,1
3165,573,,1
3166,536,,1
3167,558,,1
3168,70,,1
3169,70,,1
3170,574,,1
3171,575,,1
3172,577,,1
3173,548,,1
3176,578,,1
3177,282,,1
3178,282,,1
3179,282,,1
3180,282,,1
3181,282,,1
3182,282,,1
3183,282,,1
3184,282,,1
3185,282,,1
3186,282,,1
3187,282,,1
3188,282,,1
3189,282,,1
3190,158,,1
3191,158,,1
3192,158,,1
3193,158,,1
3194,158,,1
3195,158,,1
3196,380,,1
3197,579,,1
3198,580,,1
3199,581,,1
3200,582,,1
3201,582,,1
3202,193,,1
3203,193,,1
3204,193,,1
3205,193,,1
3206,193,,1
3207,579,,1
3208,579,,1
3209,583,,1
3210,583,,1
3211,584,,1
3212,584,,1
3213,584,,1
3214,263,,1
3215,263,,1
3216,263,,1
3217,263,,1
3218,263,,1
3219,263,,1
3220,263,,1
3221,263,,1
3222,548,,1
3224,434,,1
3225,599,,1
3226,297,,1
3227,567,,1
3228,265,,1
3229,265,,1
3230,123,,1
3231,123,,1
3232,123,,1
3233,123,,1
3234,123,,1
3235,123,,1
3236,123,,1
3237,123,,1
3238,123,,1
3239,583,,1
3240,583,,1
3241,583,,1
3242,583,,1
3243,583,,1
3244,583,,1
3245,583,,1
3246,583,,1
3247,585,,1
3248,586,,1
3249,586,,1
3250,586,,1
3251,586,,1
3252,586,,1
3253,586,,1
3254,102,,1
3255,500,,1
3256,266,,1
3257,587,,1
3258,376,,1
3259,588,,1
3260,589,,1
3261,266,,1
3262,266,,1
3263,266,,1
3264,266,,1
3265,266,,1
3266,266,,1
3267,266,,1
3268,266,,1
3269,177,,1
3270,590,,1
3271,590,,1
3272,1652,,1
3273,256,,1
3274,256,,1
3275,256,,1
3276,256,,1
3277,256,,1
3278,256,,1
3279,599,,1
3280,599,,1
3281,599,,1
3282,599,,1
3283,599,,1
3284,229,,1
3285,591,,1
3286,380,,1
3287,591,,1
3288,591,,1
3290,573,,1
3291,592,,1
3292,496,,1
3293,573,,1
3294,573,,1
3295,593,,1
3296,594,,1
3297,793,,1
3298,595,,1
3299,477,,1
3300,596,,1
3301,597,,1
3302,598,,1
3303,599,,1
3304,599,,1
3305,599,,1
3306,599,,1
3307,599,,1
3308,599,,1
3309,266,,1
3310,266,,1
3311,600,,1
3312,945,,1
3313,945,,1
3314,119,,1
3315,601,,1
3316,602,,1
3317,603,,1
3318,188,,1
3319,422,,1
3320,77,,1
3321,77,,1
3322,604,,1
3323,604,,1
3324,605,,1
3325,605,,1
3326,606,,1
3327,607,,1
3328,607,,1
3329,607,,1
3331,550,,1
3332,1142,,1
3333,590,,1
3334,608,,1
3335,609,,1
3336,610,,1
3340,612,,1
3341,225,,1
3342,225,,1
3343,185,,1
3344,99,,1
3345,614,,1
3351,615,,1
3352,615,,1
3353,615,,1
3354,615,,1
3355,615,,1
3356,615,,1
3357,615,,1
3358,615,,1
3359,615,,1
3360,615,,1
3361,615,,1
3362,616,,1
3363,617,,1
3364,618,,1
3365,619,,1
3366,620,,1
3367,621,,1
3368,622,,1
3369,624,,1
3370,623,,1
3371,624,,1
3372,625,,1
3373,506,,1
3374,506,,1
3375,626,,1
3376,912,,1
3377,421,,1
3378,150,,1
3379,627,,1
3380,628,,1
3381,629,,1
3382,630,,1
3383,631,,1
3384,632,,1
3385,633,,1
3390,77,,1
3391,77,,1
3392,77,,1
3393,77,,1
3394,77,,1
3395,229,,1
3396,281,,1
3397,635,,1
3398,208,,1
3399,1300,,1
3400,1300,,1
3401,1300,,1
3402,1300,,1
3403,208,,1
3404,281,,1
3405,281,,1
3407,792,,1
3408,599,,1
3409,593,,1
3410,945,,1
3411,945,,1
3412,945,,1
3413,945,,1
3414,124,,1
3415,32,,1
3416,32,,1
3417,2810,,1
3418,2810,,1
3419,636,,1
3420,636,,1
3421,637,,1
3422,637,,1
3423,273,,1
3424,638,,1
3425,593,,1
3426,593,,1
3427,593,,1
3428,588,,1
3429,588,,1
3430,560,,1
3431,560,,1
3432,560,,1
3433,560,,1
3434,560,,1
3435,560,,1
3436,194,,1
3437,194,,1
3438,639,,1
3439,330,,1
3440,330,,1
3441,330,,1
3442,330,,1
3443,330,,1
3444,330,,1
3445,330,,1
3446,330,,1
3447,330,,1
3448,414,,1
3449,414,,1
3450,414,,1
3451,414,,1
3452,414,,1
3453,414,,1
3454,414,,1
3455,414,,1
3456,414,,1
3457,325,,1
3458,640,,1
3459,640,,1
3460,544,,1
3461,641,,1
3462,589,,1
3463,589,,1
3464,227,,1
3465,227,,1
3466,607,,1
3467,642,,1
3468,1300,,1
3469,1300,,1
3470,144,,1
3471,644,,1
3472,645,,1
3473,589,,1
3474,589,,1
3475,646,,1
3476,647,,1
3477,341,,1
3487,494,,1
3488,494,,1
3489,334,,1
3490,334,,1
3491,334,,1
3492,334,,1
3493,430,,1
3494,430,,1
3495,430,,1
3496,430,,1
3497,208,,1
3498,1300,,1
3499,1300,,1
3500,1300,,1
3501,334,,1
3502,334,,1
3503,334,,1
3504,334,,1
3506,282,,1
3507,573,,1
3508,573,,1
3509,573,,1
3510,573,,1
3511,648,,1
3512,649,,1
3513,648,,1
3514,648,,1
3515,649,,1
3516,150,,1
3517,650,,1
3518,650,,1
3519,650,,1
3520,650,,1
3521,650,,1
3522,650,,1
3523,651,,1
3524,652,,1
3525,653,,1
3526,54,,1
3527,654,,1
3528,496,,1
3529,103,,1
3530,655,,1
3531,424,,1
3532,405,,1
3533,405,,1
3534,405,,1
3535,429,,1
3536,656,,1
3537,657,,1
3538,550,,1
3539,550,,1
3542,658,,1
3543,273,,1
3544,103,,1
3545,37,,1
3546,171,,1
3547,435,,1
3548,550,,1
3549,550,,1
3550,550,,1
3551,550,,1
3552,550,,1
3553,550,,1
3554,550,,1
3555,550,,1
3556,550,,1
3557,455,,1
3558,397,,1
3559,394,,1
3560,394,,1
3561,1035,,1
3562,277,,1
3563,277,,1
3564,277,,1
3565,277,,1
3566,277,,1
3567,277,,1
3568,277,,1
3569,277,,1
3570,277,,1
3571,45,,1
3572,45,,1
3573,659,,1
3574,659,,1
3575,659,,1
3576,659,,1
3577,659,,1
3578,659,,1
3579,659,,1
3580,659,,1
3581,659,,1
3582,659,,1
3583,659,,1
3584,659,,1
3585,2974,,1
3586,661,,1
3587,496,,1
3588,496,,1
3589,496,,1
3591,172,,1
3592,662,,1
3594,663,,1
3596,167,,1
3597,664,,1
3598,242,,1
3599,281,,1
3601,1300,,1
3602,273,,1
3603,273,,1
3604,273,,1
3605,273,,1
3606,273,,1
3607,273,,1
3608,273,,1
3609,273,,1
3610,273,,1
3611,273,,1
3612,273,,1
3613,273,,1
3614,273,,1
3618,573,,1
3619,381,,1
3620,2969,,1
3621,423,,1
3622,256,,1
3623,256,,1
3624,256,,1
3626,41,,1
3627,41,,1
3628,498,,1
3629,498,,1
3630,225,,1
3631,225,,1
3632,225,,1
3633,225,,1
3634,225,,1
3635,696,,1
3636,62,,1
3637,2969,,1
3638,2969,,1
3639,2969,,1
3640,2969,,1
3641,665,,1
3642,77,,1
3649,274,,1
3650,274,,1
3651,274,,1
3652,274,,1
3653,666,,1
3654,667,,1
3658,429,,1
3659,496,,1
3660,496,,1
3661,496,,1
3662,496,,1
3663,496,,1
3664,496,,1
3665,496,,1
3666,496,,1
3667,496,,1
3672,541,,1
3673,242,,1
3674,183,,1
3675,669,,1
3676,669,,1
3677,669,,1
3678,43,,1
3679,670,,1
3680,242,,1
3681,242,,1
3682,242,,1
3683,172,,1
3684,671,,1
3685,496,,1
3686,675,,1
3687,568,,1
3688,676,,1
3689,429,,1
3690,429,,1
3691,677,,1
3692,678,,1
3693,678,,1
3694,678,,1
3695,679,,1
3696,37,,1
3697,278,,1
3698,278,,1
3699,681,,1
3700,681,,1
3701,681,,1
3702,681,,1
3703,681,,1
3704,681,,1
3705,681,,1
3706,681,,1
3707,681,,1
3708,641,,1
3709,682,,1
3710,37,,1
3711,37,,1
3712,37,,1
3713,37,,1
3714,37,,1
3715,37,,1
3716,121,,1
3717,121,,1
3718,2969,,1
3719,2969,,1
3720,2969,,1
3721,2969,,1
3722,2969,,1
3723,2969,,1
3724,2969,,1
3725,2969,,1
3726,2969,,1
3727,2969,,1
3728,624,,1
3729,624,,1
3730,278,,1
3731,278,,1
3732,278,,1
3733,278,,1
3734,278,,1
3735,278,,1
3736,624,,1
3751,683,,1
3752,684,,1
3754,685,,1
3755,37,,1
3756,682,,1
3757,37,,1
3758,650,,1
3759,650,,1
3760,37,,1
3761,452,,1
3762,687,,1
3763,254,,1
3764,924,,1
3765,688,,1
3766,925,,1
3767,689,,1
3768,690,,1
3769,698,,1
3770,691,,1
3771,692,,1
3772,326,,1
3773,500,,1
3774,500,,1
3775,500,,1
3776,500,,1
3777,500,,1
3778,37,,1
3779,37,,1
3780,37,,1
3781,37,,1
3782,605,,1
3783,605,,1
3784,605,,1
3785,693,,1
3786,694,,1
3787,679,,1
3788,5,,1
3789,696,,1
3790,696,,1
3791,696,,1
3792,699,,1
3793,697,,1
3794,698,,1
3795,565,,1
3796,229,,1
3797,573,,1
3798,573,,1
3799,353,,1
3800,162,,1
3801,518,,1
3802,144,,1
3803,322,,1
3804,638,,1
3805,638,,1
3806,638,,1
3807,638,,1
3808,638,,1
3812,63,,1
3813,667,,1
3814,701,,1
3815,702,,1
3816,453,,1
3818,37,,1
3819,405,,1
3820,405,,1
3821,405,,1
3822,405,,1
3823,405,,1
3824,405,,1
3825,405,,1
3826,405,,1
3827,405,,1
3828,405,,1
3829,162,,1
3830,703,,1
3831,703,,1
3832,62,,1
3833,62,,1
3834,62,,1
3835,62,,1
3836,430,,1
3837,430,,1
3838,430,,1
3839,430,,1
3840,430,,1
3841,498,,1
3842,498,,1
3843,498,,1
3844,434,,1
3845,434,,1
3846,704,,1
3847,255,,1
3848,255,,1
3849,255,,1
3850,255,,1
3851,255,,1
3852,255,,1
3853,255,,1
3860,183,,1
3861,183,,1
3862,183,,1
3863,62,,1
3864,62,,1
3865,62,,1
3866,277,,1
3867,277,,1
3868,277,,1
3869,545,,1
3870,743,,1
3871,656,,1
3872,656,,1
3873,265,,1
3874,705,,1
3875,185,,1
3876,185,,1
3877,893,,1
3878,45,,1
3879,77,,1
3880,545,,1
3881,8,,1
3882,8,,1
3883,541,,1
3884,707,,1
3885,541,,1
3886,541,,1
3887,343,,1
3888,343,,1
3889,343,,1
3890,708,,1
3891,709,,1
3894,710,,1
3895,57,,1
3897,8,,1
3898,8,,1
3899,8,,1
3900,711,,1
3901,712,,1
3902,77,,1
3903,77,,1
3904,77,,1
3905,693,,1
3906,693,,1
3907,713,,1
3908,693,,1
3909,8,,1
3910,8,,1
3911,8,,1
3912,714,,1
3913,714,,1
3914,414,,1
3915,8,,1
3918,715,,1
3919,715,,1
3920,271,,1
3921,271,,1
3922,271,,1
3923,271,,1
3924,321,,1
3925,321,,1
3926,716,,1
3927,716,,1
3928,544,,1
3929,129,,1
3930,717,,1
3931,717,,1
3933,718,,1
3934,719,,1
3935,720,,1
3936,720,,1
3937,720,,1
3938,720,,1
3939,458,,1
3940,458,,1
3941,721,,1
3942,162,,1
3943,183,,1
3944,183,,1
3945,183,,1
3946,722,,1
3947,723,,1
3948,2685,,1
3949,2685,,1
3950,724,,1
3951,725,,1
3952,726,,1
3953,726,,1
3954,726,,1
3955,726,,1
3956,726,,1
3957,726,,1
3958,726,,1
3959,381,,1
3960,276,,1
3961,276,,1
3962,276,,1
3963,276,,1
3964,276,,1
3965,276,,1
3966,276,,1
3967,276,,1
3968,276,,1
3969,276,,1
3970,276,,1
3971,276,,1
3972,276,,1
3973,276,,1
3974,276,,1
3975,276,,1
3976,727,,1
3977,727,,1
3978,727,,1
3979,485,,1
3980,209,,1
3981,230,,1
3982,681,,1
3983,681,,1
3984,681,,1
3985,343,,1
3986,343,,1
3987,343,,1
3988,449,,1
3989,343,,1
3990,343,,1
3991,129,,1
3992,116,,1
3993,728,,1
3994,728,,1
3995,157,,1
3996,157,,1
3997,477,,1
3998,134,,1
4000,185,,1
4001,185,,1
4002,185,,1
4003,185,,1
4004,185,,1
4006,729,,1
4012,730,,1
4018,562,,1
4019,562,,1
4020,562,,1
4021,562,,1
4022,565,,1
4023,565,,1
4024,565,,1
4025,565,,1
4026,565,,1
4027,494,,1
4028,494,,1
4029,494,,1
4030,421,,1
4031,421,,1
4032,421,,1
4033,421,,1
4034,421,,1
4035,421,,1
4036,185,,1
4037,663,,1
4038,663,,1
4039,663,,1
4040,663,,1
4041,663,,1
4042,663,,1
4043,663,,1
4044,663,,1
4045,663,,1
4046,655,,1
4049,148,,1
4050,43,,1
4053,731,,1
4054,731,,1
4055,172,,1
4061,151,,1
4062,151,,1
4063,151,,1
4074,732,,1
4076,733,,1
4079,148,,1
4080,148,,1
4081,148,,1
4082,148,,1
4083,148,,1
4088,494,,1
4089,494,,1
4090,494,,1
4091,494,,1
4092,494,,1
4093,734,,1
4094,1083,,1
4095,735,,1
4096,736,,1
4097,737,,1
4098,738,,1
4099,738,,1
4100,739,,1
4101,738,,1
4102,740,,1
4103,741,,1
4104,742,,1
4105,421,,1
4106,421,,1
4107,421,,1
4108,421,,1
4109,157,,1
4110,62,,1
4111,62,,1
4112,743,,1
4113,744,,1
4114,156,,1
4115,745,,1
4116,746,,1
4117,679,,1
4118,747,,1
4119,747,,1
4120,704,,1
4121,704,,1
4122,85,,1
4123,376,,1
4124,256,,1
4125,256,,1
4126,256,,1
4127,256,,1
4128,498,,1
4129,209,,1
4130,209,,1
4131,704,,1
4132,704,,1
4133,704,,1
4134,704,,1
4135,704,,1
4136,624,,1
4137,624,,1
4138,624,,1
4139,624,,1
4140,624,,1
4141,748,,1
4142,248,,1
4143,594,,1
4144,749,,1
4145,334,,1
4146,452,,1
4147,750,,1
4148,751,,1
4149,750,,1
4150,751,,1
4151,750,,1
4152,752,,1
4153,753,,1
4154,754,,1
4155,448,,1
4156,448,,1
4157,448,,1
4158,448,,1
4159,448,,1
4160,448,,1
4161,568,,1
4162,568,,1
4163,568,,1
4164,568,,1
4165,568,,1
4166,568,,1
4167,568,,1
4168,568,,1
4169,568,,1
4170,568,,1
4171,755,,1
4172,756,,1
4173,757,,1
4174,757,,1
4175,758,,1
4176,544,,1
4177,324,,1
4178,324,,1
4179,324,,1
4180,324,,1
4181,324,,1
4182,324,,1
4183,324,,1
4184,324,,1
4185,324,,1
4186,759,,1
4187,759,,1
4188,759,,1
4189,759,,1
4190,760,,1
4191,322,,1
4192,322,,1
4193,761,,1
4194,761,,1
4195,762,,1
4196,477,,1
4197,477,,1
4198,764,,1
4199,477,,1
4200,477,,1
4201,765,,1
4202,56,,1
4203,54,,1
4204,767,,1
4205,769,,1
4206,2469,,1
4207,770,,1
4208,771,,1
4209,772,,1
4210,773,,1
4211,774,,1
4212,714,,1
4213,761,,1
4214,648,,1
4215,594,,1
4216,129,,1
4217,129,,1
4218,129,,1
4219,129,,1
4220,129,,1
4221,129,,1
4222,129,,1
4223,129,,1
4224,129,,1
4225,129,,1
4226,129,,1
4227,129,,1
4228,129,,1
4229,129,,1
4230,778,,1
4231,778,,1
4232,624,,1
4233,624,,1
4234,624,,1
4235,758,,1
4236,638,,1
4237,638,,1
4238,638,,1
4239,638,,1
4240,638,,1
4241,638,,1
4242,492,,1
4243,779,,1
4244,1015,,1
4245,780,,1
4246,781,,1
4247,781,,1
4248,782,,1
4249,782,,1
4250,782,,1
4251,336,,1
4252,783,,1
4253,119,,1
4254,784,,1
4255,785,,1
4256,786,,1
4257,787,,1
4258,1329,,1
4259,788,,1
4260,789,,1
4261,508,,1
4262,714,,1
4263,790,,1
4264,790,,1
4265,371,,1
4266,791,,1
4267,624,,1
4268,792,,1
4269,371,,1
4270,793,,1
4272,793,,1
4273,329,,1
4274,624,,1
4275,156,,1
4276,376,,1
4277,376,,1
4278,376,,1
4279,376,,1
4280,376,,1
4281,376,,1
4282,376,,1
4283,376,,1
4284,376,,1
4285,376,,1
4286,376,,1
4287,376,,1
4288,376,,1
4289,376,,1
4290,376,,1
4291,376,,1
4292,376,,1
4293,376,,1
4294,779,,1
4295,779,,1
4296,779,,1
4297,779,,1
4298,779,,1
4299,779,,1
4300,779,,1
4301,779,,1
4302,779,,1
4303,779,,1
4304,779,,1
4305,779,,1
4306,54,,1
4307,54,,1
4308,494,,1
4309,779,,1
4310,779,,1
4311,297,,1
4312,297,,1
4313,796,,1
4314,116,,1
4315,116,,1
4316,116,,1
4317,297,,1
4318,297,,1
4319,297,,1
4320,43,,1
4321,779,,1
4322,779,,1
4323,135,,1
4324,135,,1
4325,333,,1
4326,485,,1
4327,485,,1
4328,485,,1
4329,485,,1
4330,485,,1
4331,485,,1
4332,333,,1
4333,333,,1
4334,797,,1
4335,604,,1
4336,798,,1
4337,798,,1
4338,798,,1
4339,798,,1
4340,798,,1
4341,798,,1
4342,798,,1
4343,637,,1
4344,799,,1
4345,799,,1
4346,394,,1
4347,599,,1
4350,800,,1
4353,582,,1
4354,582,,1
4355,582,,1
4356,582,,1
4357,582,,1
4358,580,,1
4359,801,,1
4360,802,,1
4361,333,,1
4362,333,,1
4363,803,,1
4366,804,,1
4368,162,,1
4369,162,,1
4371,805,,1
4372,805,,1
4373,805,,1
4374,805,,1
4375,806,,1
4376,806,,1
4377,430,,1
4378,430,,1
4379,806,,1
4380,806,,1
4381,806,,1
4382,806,,1
4383,124,,1
4384,124,,1
4385,162,,1
4386,162,,1
4387,124,,1
4388,124,,1
4389,124,,1
4390,95,,1
4391,574,,1
4392,414,,1
4393,376,,1
4394,2523,,1
4395,808,,1
4397,485,,1
4398,670,,1
4399,670,,1
4400,670,,1
4401,670,,1
4402,670,,1
4403,670,,1
4404,670,,1
4405,670,,1
4406,670,,1
4407,670,,1
4408,670,,1
4409,670,,1
4410,670,,1
4411,670,,1
4412,326,,1
4413,326,,1
4414,809,,1
4415,810,,1
4416,810,,1
4417,925,,1
4418,458,,1
4419,811,,1
4420,811,,1
4421,811,,1
4422,811,,1
4423,811,,1
4424,811,,1
4425,811,,1
4426,811,,1
4427,326,,1
4428,326,,1
4429,326,,1
4430,779,,1
4431,812,,1
4432,813,,1
4433,812,,1
4434,812,,1
4435,812,,1
4436,275,,1
4437,275,,1
4438,275,,1
4439,275,,1
4440,275,,1
4441,329,,1
4442,329,,1
4443,329,,1
4444,743,,1
4445,743,,1
4446,743,,1
4447,105,,1
4448,105,,1
4449,105,,1
4450,229,,1
4451,98,,1
4452,98,,1
4453,814,,1
4454,815,,1
4455,816,,1
4456,817,,1
4457,818,,1
4458,819,,1
4459,105,,1
4460,105,,1
4461,105,,1
4462,105,,1
4463,105,,1
4464,105,,1
4465,105,,1
4466,105,,1
4467,669,,1
4468,669,,1
4469,669,,1
4470,669,,1
4471,669,,1
4472,669,,1
4473,669,,1
4474,43,,1
4475,123,,1
4476,123,,1
4477,123,,1
4478,123,,1
4479,123,,1
4480,810,,1
4481,810,,1
4482,810,,1
4483,810,,1
4484,810,,1
4485,810,,1
4486,810,,1
4487,820,,1
4488,809,,1
4489,821,,1
4490,822,,1
4492,823,,1
4493,824,,1
4494,448,,1
4495,448,,1
4496,454,,1
4497,376,,1
4498,807,,1
4499,279,,1
4500,706,,1
4501,706,,1
4502,706,,1
4503,209,,1
4504,209,,1
4505,209,,1
4506,615,,1
4507,615,,1
4508,615,,1
4509,706,,1
4510,706,,1
4511,825,,1
4512,924,,1
4513,826,,1
4522,95,,1
4523,726,,1
4524,726,,1
4525,726,,1
4526,726,,1
4527,726,,1
4528,726,,1
4529,726,,1
4530,726,,1
4531,726,,1
4532,726,,1
4533,726,,1
4534,726,,1
4535,726,,1
4536,726,,1
4537,726,,1
4538,726,,1
4539,726,,1
4540,726,,1
4541,726,,1
4542,827,,1
4543,63,,1
4544,63,,1
4545,63,,1
4546,63,,1
4547,63,,1
4548,63,,1
4549,63,,1
4550,63,,1
4551,828,,1
4552,828,,1
4553,181,,1
4554,829,,1
4555,829,,1
4556,829,,1
4557,830,,1
4558,518,,1
4559,831,,1
4560,832,,1
4561,98,,1
4562,98,,1
4563,102,,1
4565,73,,1
4566,477,,1
4567,477,,1
4568,477,,1
4569,477,,1
4570,477,,1
4571,477,,1
4572,477,,1
4573,477,,1
4574,330,,1
4575,330,,1
4576,833,,1
4577,834,,1
4578,98,,1
4579,98,,1
4580,98,,1
4581,98,,1
4582,98,,1
4583,98,,1
4584,98,,1
4585,98,,1
4586,98,,1
4587,98,,1
4588,98,,1
4589,98,,1
4590,778,,1
4591,778,,1
4592,778,,1
4593,778,,1
4594,510,,1
4595,510,,1
4596,510,,1
4597,510,,1
4598,510,,1
4599,510,,1
4600,510,,1
4601,423,,1
4602,423,,1
4603,423,,1
4604,423,,1
4605,423,,1
4606,517,,1
4607,517,,1
4608,835,,1
4609,517,,1
4610,281,,1
4611,648,,1
4612,648,,1
4613,648,,1
4614,648,,1
4615,321,,1
4616,321,,1
4617,321,,1
4618,321,,1
4619,708,,1
4620,708,,1
4621,599,,1
4622,599,,1
4623,694,,1
4624,248,,1
4625,599,,1
4626,836,,1
4627,836,,1
4628,836,,1
4629,836,,1
4630,836,,1
4631,836,,1
4632,135,,1
4633,135,,1
4634,135,,1
4635,135,,1
4636,135,,1
4637,135,,1
4638,135,,1
4639,135,,1
4640,135,,1
4641,135,,1
4642,836,,1
4643,498,,1
4644,498,,1
4645,650,,1
4646,650,,1
4647,650,,1
4648,498,,1
4649,498,,1
4650,498,,1
4651,498,,1
4652,498,,1
4653,498,,1
4655,837,,1
4656,837,,1
4657,837,,1
4658,837,,1
4659,837,,1
4660,837,,1
4663,838,,1
4664,839,,1
4666,840,,1
4668,718,,1
4672,492,,1
4673,683,,1
4674,683,,1
4675,683,,1
4676,683,,1
4677,683,,1
4678,683,,1
4679,226,,1
4680,226,,1
4681,226,,1
4682,226,,1
4683,226,,1
4684,226,,1
4685,226,,1
4686,226,,1
4687,841,,1
4688,824,,1
4689,841,,1
4690,842,,1
4691,843,,1
4692,591,,1
4693,591,,1
4694,591,,1
4695,591,,1
4696,591,,1
4697,591,,1
4698,591,,1
4699,591,,1
4700,591,,1
4701,591,,1
4702,591,,1
4703,591,,1
4704,591,,1
4705,591,,1
4706,591,,1
4707,144,,1
4708,144,,1
4709,144,,1
4710,226,,1
4711,226,,1
4712,226,,1
4713,226,,1
4714,226,,1
4715,226,,1
4716,226,,1
4717,226,,1
4718,226,,1
4719,321,,1
4720,321,,1
4721,353,,1
4722,353,,1
4723,330,,1
4724,330,,1
4725,330,,1
4726,330,,1
4727,330,,1
4728,600,,1
4729,600,,1
4730,600,,1
4731,181,,1
4732,181,,1
4733,181,,1
4734,181,,1
4735,181,,1
4736,488,,1
4737,488,,1
4738,488,,1
4739,488,,1
4740,488,,1
4741,488,,1
4742,488,,1
4743,341,,1
4744,88,,1
4745,88,,1
4746,123,,1
4747,844,,1
4748,844,,1
4749,844,,1
4750,844,,1
4751,2973,,1
4752,845,,1
4753,123,,1
4754,2973,,1
4755,2973,,1
4756,2973,,1
4757,325,,1
4769,88,,1
4770,88,,1
4771,88,,1
4772,88,,1
4773,88,,1
4774,846,,1
4775,846,,1
4776,846,,1
4777,846,,1
4778,846,,1
4779,846,,1
4780,846,,1
4781,846,,1
4782,846,,1
4783,846,,1
4784,846,,1
4785,103,,1
4786,103,,1
4787,103,,1
4788,103,,1
4789,103,,1
4790,847,,1
4791,811,,1
4792,340,,1
4794,424,,1
4795,424,,1
4796,424,,1
4797,424,,1
4798,424,,1
4799,424,,1
4800,848,,1
4801,43,,1
4804,454,,1
4805,454,,1
4806,248,,1
4807,248,,1
4808,517,,1
4809,517,,1
4810,517,,1
4811,517,,1
4812,2206,,1
4813,2206,,1
4814,2206,,1
4815,2206,,1
4816,2206,,1
4817,2206,,1
4818,2206,,1
4819,2206,,1
4820,2206,,1
4821,2206,,1
4822,425,,1
4823,717,,1
4824,717,,1
4825,849,,1
4826,850,,1
4827,851,,1
4828,43,,1
4829,63,,1
4830,63,,1
4831,492,,1
4832,852,,1
4833,852,,1
4834,852,,1
4835,638,,1
4836,852,,1
4837,852,,1
4838,852,,1
4839,852,,1
4840,442,,1
4841,853,,1
4842,156,,1
4843,498,,1
4844,731,,1
4845,254,,1
4846,262,,1
4847,422,,1
4848,422,,1
4849,422,,1
4850,854,,1
4851,731,,1
4852,731,,1
4853,731,,1
4854,731,,1
4855,731,,1
4856,449,,1
4857,156,,1
4858,624,,1
4859,300,,1
4860,300,,1
4861,404,,1
4862,404,,1
4863,279,,1
4875,852,,1
4876,780,,1
4877,780,,1
4878,780,,1
4879,780,,1
4880,780,,1
4881,665,,1
4882,307,,1
4883,423,,1
4884,452,,1
4885,855,,1
4886,855,,1
4887,518,,1
4888,624,,1
4889,624,,1
4890,624,,1
4891,624,,1
4892,414,,1
4893,665,,1
4894,856,,1
4895,857,,1
4896,858,,1
4897,296,,1
4898,296,,1
4899,296,,1
4902,859,,1
4903,830,,1
4904,830,,1
4905,830,,1
4906,830,,1
4907,830,,1
4908,830,,1
4909,830,,1
4910,183,,1
4911,137,,1
4912,860,,1
4913,860,,1
4914,279,,1
4915,279,,1
4916,279,,1
4917,322,,1
4918,830,,1
4919,861,,1
4920,32,,1
4921,32,,1
4922,837,,1
4923,32,,1
4924,32,,1
4925,32,,1
4926,271,,1
4927,32,,1
4928,32,,1
4930,862,,1
4931,257,,1
4932,257,,1
4933,279,,1
4934,279,,1
4935,863,,1
4936,863,,1
4937,863,,1
4938,863,,1
4939,863,,1
4940,863,,1
4941,863,,1
4942,863,,1
4943,863,,1
4944,864,,1
4945,568,,1
4946,172,,1
4947,490,,1
4948,578,,1
4949,578,,1
4950,578,,1
4951,578,,1
4952,578,,1
4953,862,,1
4954,866,,1
4955,866,,1
4956,866,,1
4957,866,,1
4958,866,,1
4959,866,,1
4960,32,,1
4961,32,,1
4962,32,,1
4963,32,,1
4964,32,,1
4965,32,,1
4966,32,,1
4967,32,,1
4968,32,,1
4969,867,,1
4970,867,,1
4971,867,,1
4972,867,,1
4973,867,,1
4974,867,,1
4975,425,,1
4976,300,,1
4977,255,,1
4978,255,,1
4979,646,,1
4980,329,,1
4981,329,,1
4982,458,,1
4983,57,,1
4984,868,,1
4985,517,,1
4986,696,,1
4987,565,,1
4988,565,,1
4989,324,,1
4990,43,,1
4991,43,,1
4992,324,,1
4993,57,,1
4994,869,,1
4995,869,,1
4996,869,,1
4997,869,,1
4998,376,,1
4999,32,,1
5000,32,,1
5001,517,,1
5002,517,,1
5003,137,,1
5004,43,,1
5005,852,,1
5006,852,,1
5007,271,,1
5008,85,,1
5009,257,,1
5010,257,,1
5011,45,,1
5012,43,,1
5013,692,,1
5014,692,,1
5015,43,,1
5016,43,,1
5017,321,,1
5018,271,,1
5019,271,,1
5020,271,,1
5021,945,,1
5022,670,,1
5023,670,,1
5024,670,,1
5025,271,,1
5026,271,,1
5027,271,,1
5028,85,,1
5029,85,,1
5030,85,,1
5031,85,,1
5032,85,,1
5033,85,,1
5034,191,,1
5035,191,,1
5036,191,,1
5037,191,,1
5038,191,,1
5039,191,,1
5040,191,,1
5041,500,,1
5042,500,,1
5043,2967,,1
5044,2967,,1
5045,2967,,1
5046,43,,1
5047,424,,1
5048,424,,1
5049,424,,1
5050,424,,1
5051,57,,1
5052,57,,1
5053,57,,1
5054,57,,1
5055,57,,1
5056,709,,1
5057,467,,1
5058,681,,1
5059,681,,1
5060,681,,1
5061,648,,1
5062,648,,1
5063,780,,1
5064,871,,1
5065,871,,1
5066,254,,1
5067,254,,1
5068,254,,1
5069,254,,1
5070,448,,1
5071,872,,1
5072,872,,1
5073,872,,1
5074,872,,1
5075,872,,1
5076,872,,1
5077,872,,1
5078,872,,1
5079,872,,1
5080,305,,1
5081,872,,1
5082,638,,1
5083,638,,1
5084,712,,1
5085,712,,1
5086,712,,1
5087,712,,1
5088,712,,1
5089,712,,1
5090,712,,1
5091,712,,1
5092,712,,1
5093,271,,1
5094,271,,1
5095,271,,1
5096,271,,1
5097,364,,1
5098,364,,1
5099,364,,1
5100,364,,1
5101,43,,1
5102,116,,1
5103,116,,1
5104,116,,1
5105,542,,1
5106,85,,1
5107,85,,1
5108,85,,1
5109,85,,1
5110,85,,1
5111,85,,1
5112,85,,1
5113,452,,1
5114,191,,1
5115,191,,1
5116,191,,1
5117,257,,1
5118,85,,1
5119,85,,1
5120,873,,1
5121,180,,1
5122,180,,1
5123,364,,1
5124,837,,1
5125,837,,1
5126,837,,1
5127,837,,1
5128,837,,1
5129,837,,1
5130,837,,1
5131,837,,1
5132,837,,1
5133,837,,1
5134,874,,1
5139,624,,1
5140,624,,1
5141,624,,1
5142,624,,1
5143,355,,1
5144,124,,1
5145,124,,1
5146,124,,1
5147,124,,1
5148,124,,1
5149,124,,1
5150,124,,1
5151,422,,1
5152,875,,1
5153,869,,1
5154,869,,1
5155,876,,1
5156,704,,1
5157,704,,1
5158,704,,1
5159,326,,1
5160,326,,1
5161,326,,1
5162,326,,1
5164,326,,1
5165,877,,1
5166,877,,1
5167,877,,1
5168,877,,1
5169,877,,1
5170,295,,1
5171,183,,1
5172,183,,1
5173,183,,1
5174,878,,1
5175,878,,1
5176,878,,1
5177,878,,1
5178,879,,1
5179,879,,1
5180,879,,1
5181,439,,1
5182,423,,1
5183,103,,1
5184,454,,1
5185,454,,1
5186,880,,1
5187,880,,1
5188,880,,1
5189,880,,1
5190,880,,1
5191,880,,1
5192,880,,1
5193,880,,1
5194,880,,1
5195,880,,1
5196,880,,1
5197,880,,1
5198,880,,1
5199,880,,1
5200,880,,1
5201,374,,1
5202,374,,1
5203,881,,1
5204,881,,1
5205,881,,1
5206,881,,1
5207,881,,1
5208,881,,1
5209,881,,1
5210,881,,1
5211,881,,1
5212,881,,1
5213,881,,1
5214,881,,1
5215,881,,1
5216,881,,1
5217,881,,1
5218,881,,1
5219,881,,1
5220,326,,1
5221,326,,1
5222,326,,1
5223,326,,1
5224,326,,1
5225,326,,1
5226,326,,1
5227,326,,1
5228,584,,1
5229,779,,1
5230,584,,1
5231,458,,1
5232,458,,1
5233,458,,1
5234,458,,1
5235,541,,1
5236,517,,1
5237,517,,1
5238,307,,1
5239,307,,1
5240,89,,1
5241,565,,1
5242,565,,1
5243,565,,1
5244,565,,1
5245,430,,1
5246,156,,1
5247,156,,1
5248,156,,1
5249,156,,1
5250,156,,1
5251,156,,1
5252,156,,1
5253,882,,1
5254,883,,1
5255,883,,1
5256,883,,1
5257,883,,1
5258,883,,1
5259,883,,1
5260,883,,1
5261,884,,1
5262,884,,1
5263,885,,1
5264,886,,1
5265,251,,1
5266,251,,1
5267,251,,1
5268,251,,1
5269,251,,1
5270,251,,1
5271,251,,1
5272,251,,1
5273,251,,1
5274,262,,1
5275,296,,1
5276,1011,,1
5277,85,,1
5279,85,,1
5280,85,,1
5281,887,,1
5282,887,,1
5283,889,,1
5284,889,,1
5285,889,,1
5286,889,,1
5287,889,,1
5288,889,,1
5289,888,,1
5290,888,,1
5291,888,,1
5292,888,,1
5293,542,,1
5294,542,,1
5295,542,,1
5296,542,,1
5297,542,,1
5298,542,,1
5299,542,,1
5300,542,,1
5301,542,,1
5302,542,,1
5303,517,,1
5304,517,,1
5305,271,,1
5306,745,,1
5307,745,,1
5308,745,,1
5309,745,,1
5310,745,,1
5311,745,,1
5312,745,,1
5313,265,,1
5316,93,,1
5317,93,,1
5318,857,,1
5319,857,,1
5320,262,,1
5321,262,,1
5322,262,,1
5323,889,,1
5324,277,,1
5325,277,,1
5326,890,,1
5327,890,,1
5328,425,,1
5329,425,,1
5330,425,,1
5331,714,,1
5332,262,,1
5333,262,,1
5335,57,,1
5336,57,,1
5337,57,,1
5338,57,,1
5339,57,,1
5340,277,,1
5344,430,,1
5345,430,,1
5346,467,,1
5347,518,,1
5348,891,,1
5349,891,,1
5350,578,,1
5351,578,,1
5352,156,,1
5353,422,,1
5354,422,,1
5355,422,,1
5356,90,,1
5357,518,,1
5358,256,,1
5359,892,,1
5360,864,,1
5361,699,,1
5362,699,,1
5363,699,,1
5364,699,,1
5365,699,,1
5366,265,,1
5367,544,,1
5368,743,,1
5369,375,,1
5370,389,,1
5371,836,,1
5372,62,,1
5373,894,,1
5374,895,,1
5375,129,,1
5376,896,,1
5377,371,,1
5378,371,,1
5379,129,,1
5380,129,,1
5381,57,,1
5382,256,,1
5383,191,,1
5384,191,,1
5385,191,,1
5386,191,,1
5387,191,,1
5388,191,,1
5389,191,,1
5390,191,,1
5391,897,,1
5392,897,,1
5393,897,,1
5394,638,,1
5395,458,,1
5397,517,,1
5398,36,,1
5399,36,,1
5400,506,,1
5401,506,,1
5402,506,,1
5403,506,,1
5404,884,,1
5405,884,,1
5406,884,,1
5407,884,,1
5408,884,,1
5409,156,,1
5410,156,,1
5411,156,,1
5412,156,,1
5413,156,,1
5414,156,,1
5416,156,,1
5417,156,,1
5418,156,,1
5420,864,,1
5421,864,,1
5422,864,,1
5423,156,,1
5424,156,,1
5425,156,,1
5426,156,,1
5427,156,,1
5428,156,,1
5429,156,,1
5430,898,,1
5431,898,,1
5432,124,,1
5433,899,,1
5444,467,,1
5445,467,,1
5446,321,,1
5447,321,,1
5448,321,,1
5449,321,,1
5450,321,,1
5451,321,,1
5452,113,,1
5453,641,,1
5454,277,,1
5455,890,,1
5456,230,,1
5457,414,,1
5458,414,,1
5459,414,,1
5460,414,,1
5461,414,,1
5462,584,,1
5463,584,,1
5464,584,,1
5465,584,,1
5466,584,,1
5467,439,,1
5468,439,,1
5469,439,,1
5470,900,,1
5471,681,,1
5472,901,,1
5473,321,,1
5474,664,,1
5475,664,,1
5476,664,,1
5477,664,,1
5478,664,,1
5479,664,,1
5480,664,,1
5481,664,,1
5482,902,,1
5483,903,,1
5484,694,,1
5485,747,,1
5486,477,,1
5487,904,,1
5488,477,,1
5489,435,,1
5490,905,,1
5491,884,,1
5492,321,,1
5493,321,,1
5494,321,,1
5495,489,,1
5496,296,,1
5497,296,,1
5498,906,,1
5499,906,,1
5503,500,,1
5504,500,,1
5505,500,,1
5506,624,,1
5507,624,,1
5508,908,,1
5509,908,,1
5510,703,,1
5511,908,,1
5512,908,,1
5513,909,,1
5514,262,,1
5515,256,,1
5516,910,,1
5517,910,,1
5518,911,,1
5519,911,,1
5520,911,,1
5521,911,,1
5522,715,,1
5523,715,,1
5524,256,,1
5525,901,,1
5526,124,,1
5527,907,,1
5528,907,,1
5529,781,,1
5530,781,,1
5531,781,,1
5532,781,,1
5533,781,,1
5534,781,,1
5535,699,,1
5539,832,,1
5540,832,,1
5541,832,,1
5542,832,,1
5543,832,,1
5544,743,,1
5545,322,,1
5546,912,,1
5547,912,,1
5548,913,,1
5549,913,,1
5550,914,,1
5551,731,,1
5552,731,,1
5553,731,,1
5554,376,,1
5555,376,,1
5556,376,,1
5557,376,,1
5561,915,,1
5562,916,,1
5563,479,,1
5564,479,,1
5565,479,,1
5566,479,,1
5567,479,,1
5568,329,,1
5569,329,,1
5570,329,,1
5571,329,,1
5572,832,,1
5573,832,,1
5574,832,,1
5575,832,,1
5576,832,,1
5577,832,,1
5578,832,,1
5579,832,,1
5580,832,,1
5581,832,,1
5582,832,,1
5583,832,,1
5584,832,,1
5585,832,,1
5586,832,,1
5587,897,,1
5588,897,,1
5589,897,,1
5590,256,,1
5591,256,,1
5592,256,,1
5593,256,,1
5594,256,,1
5595,256,,1
5596,256,,1
5597,256,,1
5598,256,,1
5599,256,,1
5600,376,,1
5601,376,,1
5602,336,,1
5603,254,,1
5604,254,,1
5605,918,,1
5606,918,,1
5607,919,,1
5608,329,,1
5609,329,,1
5610,329,,1
5611,329,,1
5612,329,,1
5613,329,,1
5614,329,,1
5615,329,,1
5616,921,,1
5617,921,,1
5618,922,,1
5619,923,,1
5620,753,,1
5621,404,,1
5622,832,,1
5623,277,,1
5624,277,,1
5625,690,,1
5626,690,,1
5627,404,,1
5278,435,,1
5628,637,,1
5629,926,,1
5630,637,,1
5631,637,,1
5632,927,,1
5634,928,,1
5635,896,,1
5636,928,,1
5637,929,,1
5639,928,,1
5640,930,,1
5641,928,,1
5642,2342,,1
5643,931,,1
5644,928,,1
5645,183,,1
5646,183,,1
5647,183,,1
5648,183,,1
5649,277,,1
5650,255,,1
5651,467,,1
5652,467,,1
5653,467,,1
5654,467,,1
5655,467,,1
5657,932,,1
5658,932,,1
5659,932,,1
5660,932,,1
5661,932,,1
5662,932,,1
5663,932,,1
5664,933,,1
5665,61,,1
5666,333,,1
5667,333,,1
5668,333,,1
5669,333,,1
5670,333,,1
5671,325,,1
5672,429,,1
5673,265,,1
5674,265,,1
5675,265,,1
5676,265,,1
5677,265,,1
5678,265,,1
5679,265,,1
5680,265,,1
5681,265,,1
5682,265,,1
5683,488,,1
5684,488,,1
5685,488,,1
5686,488,,1
5687,429,,1
5688,429,,1
5689,429,,1
5690,429,,1
5691,429,,1
5692,429,,1
5693,325,,1
5694,934,,1
5695,935,,1
5696,467,,1
5697,935,,1
5698,156,,1
5699,936,,1
5700,936,,1
5701,936,,1
5702,936,,1
5703,936,,1
5704,936,,1
5705,936,,1
5706,936,,1
5707,936,,1
5708,936,,1
5709,936,,1
5710,936,,1
5711,936,,1
5712,936,,1
5713,936,,1
5714,936,,1
5715,936,,1
5716,936,,1
5717,936,,1
5718,936,,1
5719,936,,1
5720,936,,1
5721,936,,1
5722,936,,1
5723,936,,1
5724,936,,1
5725,936,,1
5726,936,,1
5727,936,,1
5728,936,,1
5729,936,,1
5730,936,,1
5731,936,,1
5737,229,,1
5738,229,,1
5739,229,,1
5740,229,,1
5741,229,,1
5742,229,,1
5743,229,,1
5744,429,,1
5745,429,,1
5746,884,,1
5747,884,,1
5748,884,,1
5749,884,,1
5750,884,,1
5751,884,,1
5752,919,,1
5753,919,,1
5754,919,,1
5755,919,,1
5756,919,,1
5757,492,,1
5758,492,,1
5759,492,,1
5760,492,,1
5761,492,,1
5762,492,,1
5763,492,,1
5764,492,,1
5765,492,,1
5766,492,,1
5767,492,,1
5768,492,,1
5769,1015,,1
5770,1015,,1
5771,1015,,1
5772,1015,,1
5773,1015,,1
5774,919,,1
5775,919,,1
5776,209,,1
5777,209,,1
5778,209,,1
5779,209,,1
5780,421,,1
5781,421,,1
5782,421,,1
5783,421,,1
5784,421,,1
5785,421,,1
5786,421,,1
5787,113,,1
5788,113,,1
5789,113,,1
5790,113,,1
5791,743,,1
5792,743,,1
5793,779,,1
5794,939,,1
5795,939,,1
5796,939,,1
5797,939,,1
5798,939,,1
5799,939,,1
5800,939,,1
5803,500,,1
5804,500,,1
5805,500,,1
5806,500,,1
5807,500,,1
5808,500,,1
5809,124,,1
5810,229,,1
5811,229,,1
5812,229,,1
5813,229,,1
5814,229,,1
5815,229,,1
5816,229,,1
5817,229,,1
5818,919,,1
5819,940,,1
5820,855,,1
5821,855,,1
5822,156,,1
5823,757,,1
5824,757,,1
5825,757,,1
5826,757,,1
5827,757,,1
5828,757,,1
5829,757,,1
5830,884,,1
5831,884,,1
5832,884,,1
5833,884,,1
5834,743,,1
5835,743,,1
5836,743,,1
5837,743,,1
5838,699,,1
5839,489,,1
5841,156,,1
5842,156,,1
5844,156,,1
5845,156,,1
5846,779,,1
5847,779,,1
5848,779,,1
5849,779,,1
5850,779,,1
5851,942,,1
5852,325,,1
5853,325,,1
5854,943,,1
5855,944,,1
5856,944,,1
5857,944,,1
5858,944,,1
5859,944,,1
5860,944,,1
5861,944,,1
5862,944,,1
5863,32,,1
5864,32,,1
5865,935,,1
5866,935,,1
5867,935,,1
5868,935,,1
5869,944,,1
5870,578,,1
5873,458,,1
5874,458,,1
5875,458,,1
5876,458,,1
5877,93,,1
5879,1015,,1
5880,690,,1
5881,781,,1
5882,781,,1
5883,424,,1
5884,945,,1
5885,945,,1
5886,945,,1
5887,945,,1
5888,945,,1
5889,945,,1
5890,541,,1
5891,743,,1
5892,743,,1
5893,690,,1
5894,690,,1
5895,690,,1
5896,690,,1
5897,690,,1
5898,690,,1
5899,690,,1
5900,946,,1
5901,113,,1
5902,333,,1
5903,333,,1
5904,333,,1
5905,333,,1
5906,333,,1
5907,322,,1
5908,322,,1
5909,541,,1
5910,541,,1
5911,541,,1
5912,541,,1
5913,541,,1
5914,541,,1
5915,541,,1
5916,947,,1
5917,947,,1
5918,744,,1
5919,746,,1
5920,746,,1
5921,919,,1
5922,919,,1
5923,919,,1
5924,919,,1
5925,919,,1
5926,919,,1
5927,255,,1
5928,255,,1
5929,255,,1
5930,423,,1
5931,423,,1
5932,423,,1
5933,948,,1
5934,948,,1
5935,948,,1
5936,948,,1
5937,948,,1
5938,948,,1
5939,948,,1
5940,948,,1
5941,723,,1
5942,723,,1
5943,723,,1
5944,947,,1
5945,947,,1
5946,947,,1
5947,947,,1
5948,947,,1
5949,947,,1
5950,947,,1
5951,947,,1
5952,949,,1
5953,950,,1
5954,951,,1
5955,952,,1
5956,949,,1
5957,925,,1
5958,953,,1
5959,954,,1
5960,954,,1
5961,780,,1
5962,780,,1
5963,780,,1
5964,925,,1
5965,853,,1
5966,955,,1
5967,956,,1
5968,371,,1
5969,371,,1
5970,156,,1
5971,156,,1
5972,745,,1
5973,745,,1
5974,616,,1
5975,616,,1
5976,616,,1
5977,616,,1
5978,616,,1
5979,616,,1
5980,616,,1
5981,958,,1
5982,958,,1
5983,959,,1
5984,722,,1
5985,722,,1
5986,960,,1
5987,960,,1
5988,960,,1
5989,961,,1
5990,962,,1
5991,506,,1
5992,855,,1
5993,963,,1
5994,855,,1
5995,829,,1
5996,829,,1
5997,895,,1
5998,895,,1
5999,488,,1
6000,911,,1
6001,911,,1
6002,911,,1
6003,911,,1
6004,911,,1
6005,911,,1
6006,911,,1
6007,911,,1
6008,743,,1
6009,743,,1
6010,743,,1
6011,908,,1
6012,908,,1
6013,964,,1
6014,964,,1
6015,964,,1
6016,964,,1
6017,964,,1
6018,964,,1
6019,965,,1
6020,965,,1
6021,965,,1
6022,965,,1
6023,965,,1
6024,965,,1
6025,782,,1
6026,782,,1
6027,782,,1
6028,782,,1
6029,782,,1
6030,782,,1
6031,782,,1
6032,782,,1
6033,782,,1
6034,782,,1
6035,782,,1
6036,908,,1
6037,908,,1
6038,966,,1
6039,967,,1
6040,467,,1
6042,800,,1
6044,743,,1
6045,743,,1
6046,743,,1
6047,891,,1
6048,891,,1
6049,424,,1
6050,325,,1
6051,325,,1
6052,325,,1
6053,325,,1
6054,325,,1
6055,2973,,1
6056,2973,,1
6057,2973,,1
6058,2973,,1
6059,2973,,1
6060,743,,1
6061,800,,1
6062,263,,1
6063,263,,1
6064,263,,1
6065,263,,1
6066,263,,1
6067,949,,1
6068,949,,1
6069,949,,1
6070,949,,1
6071,949,,1
6080,36,,1
6082,36,,1
6083,968,,1
6084,969,,1
6085,970,,1
6086,971,,1
6087,972,,1
6089,586,,1
6090,973,,1
6091,973,,1
6092,974,,1
6094,975,,1
6095,895,,1
6096,949,,1
6097,976,,1
6098,977,,1
6099,978,,1
6100,979,,1
6101,980,,1
6102,981,,1
6103,982,,1
6104,983,,1
6105,984,,1
6106,618,,1
6107,745,,1
6108,985,,1
6109,625,,1
6110,986,,1
6112,987,,1
6113,800,,1
6114,800,,1
6116,800,,1
6117,800,,1
6119,255,,1
6120,255,,1
6121,255,,1
6122,255,,1
6123,255,,1
6124,255,,1
6125,988,,1
6126,156,,1
6127,156,,1
6128,989,,1
6129,988,,1
6130,990,,1
6131,991,,1
6132,991,,1
6133,992,,1
6134,371,,1
6135,967,,1
6136,967,,1
6137,993,,1
6138,925,,1
6139,836,,1
6140,836,,1
6141,722,,1
6144,994,,1
6145,994,,1
6146,967,,1
6147,995,,1
6148,995,,1
6149,996,,1
6150,983,,1
6151,997,,1
6152,997,,1
6153,993,,1
6154,993,,1
6155,790,,1
6156,790,,1
6157,625,,1
6158,635,,1
6159,635,,1
6160,635,,1
6161,635,,1
6162,635,,1
6163,2969,,1
6164,981,,1
6165,998,,1
6166,425,,1
6167,96,,1
6168,96,,1
6169,96,,1
6170,96,,1
6171,96,,1
6172,96,,1
6173,907,,1
6174,683,,1
6175,683,,1
6176,683,,1
6177,683,,1
6178,683,,1
6179,683,,1
6180,404,,1
6181,517,,1
6182,761,,1
6183,743,,1
6184,542,,1
6185,542,,1
6186,690,,1
6187,690,,1
6188,690,,1
6189,690,,1
6190,183,,1
6191,458,,1
6192,458,,1
6193,999,,1
6194,779,,1
6195,779,,1
6196,779,,1
6197,779,,1
6198,57,,1
6199,57,,1
6200,57,,1
6201,57,,1
6202,891,,1
6203,891,,1
6204,477,,1
6205,690,,1
6206,488,,1
6207,1000,,1
6208,1001,,1
6209,263,,1
6210,263,,1
6211,263,,1
6212,781,,1
6213,3,,1
6214,1002,,1
6220,1885,,1
6221,1885,,1
6222,1885,,1
6223,1885,,1
6224,1885,,1
6225,1885,,1
6226,578,,1
6227,578,,1
6228,578,,1
6229,722,,1
6230,616,,1
6231,616,,1
6232,156,,1
6233,517,,1
6234,1004,,1
6235,1005,,1
6236,1006,,1
6237,1007,,1
6238,387,,1
6239,1008,,1
6240,745,,1
6241,1009,,1
6243,1010,,1
6244,1010,,1
6245,897,,1
6246,897,,1
6247,897,,1
6248,897,,1
6249,897,,1
6250,897,,1
6251,897,,1
6252,405,,1
6253,901,,1
6254,901,,1
6255,954,,1
6256,954,,1
6257,954,,1
6258,3,,1
6259,448,,1
6260,578,,1
6261,3,,1
6262,325,,1
6263,285,,1
6264,285,,1
6265,285,,1
6266,670,,1
6267,898,,1
6268,898,,1
6269,898,,1
6270,898,,1
6271,898,,1
6272,898,,1
6273,898,,1
6274,898,,1
6275,898,,1
6276,898,,1
6277,898,,1
6278,898,,1
6279,898,,1
6280,898,,1
6281,898,,1
6282,898,,1
6283,898,,1
6284,898,,1
6285,935,,1
6286,723,,1
6287,723,,1
6288,723,,1
6289,435,,1
6290,435,,1
6291,435,,1
6292,435,,1
6293,435,,1
6294,435,,1
6295,890,,1
6296,511,,1
6297,511,,1
6298,1011,,1
6299,878,,1
6300,285,,1
6301,285,,1
6302,285,,1
6303,285,,1
6304,285,,1
6305,285,,1
6306,285,,1
6307,285,,1
6308,285,,1
6309,285,,1
6310,285,,1
6311,90,,1
6312,1012,,1
6313,1012,,1
6314,714,,1
6315,1013,,1
6316,889,,1
6317,889,,1
6318,1014,,1
6319,1014,,1
6320,137,,1
6321,639,,1
6322,639,,1
6323,639,,1
6324,858,,1
6325,98,,1
6326,444,,1
6327,939,,1
6329,103,,1
6330,444,,1
6331,444,,1
6332,444,,1
6333,444,,1
6334,444,,1
6335,444,,1
6336,444,,1
6337,444,,1
6338,2971,,1
6339,2971,,1
6340,2971,,1
6341,2971,,1
6342,1885,,1
6343,1885,,1
6344,975,,1
6345,975,,1
6346,975,,1
6347,975,,1
6348,898,,1
6349,90,,1
6350,90,,1
6351,948,,1
6352,948,,1
6353,948,,1
6354,948,,1
6355,948,,1
6356,948,,1
6357,948,,1
6358,948,,1
6359,948,,1
6360,948,,1
6361,1002,,1
6362,890,,1
6363,890,,1
6364,890,,1
6365,890,,1
6366,90,,1
6367,945,,1
6368,664,,1
6369,1016,,1
6370,1016,,1
6371,1016,,1
6372,1016,,1
6373,1016,,1
6374,1016,,1
6375,1016,,1
6376,1016,,1
6377,1660,,1
6379,1017,,1
6380,715,,1
6381,121,,1
6382,96,,1
6383,1018,,1
6384,1018,,1
6385,1018,,1
6386,1018,,1
6387,1018,,1
6388,1018,,1
6389,726,,1
6390,726,,1
6391,726,,1
6392,780,,1
6393,780,,1
6394,780,,1
6395,780,,1
6396,780,,1
6397,932,,1
6398,421,,1
6399,421,,1
6400,57,,1
6401,57,,1
6407,57,,1
6408,1017,,1
6409,1017,,1
6410,1017,,1
6411,1017,,1
6412,1017,,1
6413,1017,,1
6414,1017,,1
6415,1017,,1
6416,1017,,1
6417,1017,,1
6418,1017,,1
6419,1017,,1
6420,1017,,1
6421,1017,,1
6422,1017,,1
6423,1017,,1
6424,761,,1
6425,263,,1
6426,263,,1
6427,263,,1
6428,1019,,1
6429,421,,1
6430,421,,1
6431,421,,1
6432,421,,1
6433,421,,1
6434,421,,1
6435,57,,1
6436,890,,1
6437,361,,1
6438,361,,1
6449,1020,,1
6450,1021,,1
6451,871,,1
6452,1023,,1
6453,334,,1
6454,334,,1
6455,1024,,1
6456,954,,1
6457,954,,1
6458,1025,,1
6459,1025,,1
6460,1025,,1
6461,1025,,1
6462,1025,,1
6463,1025,,1
6464,1025,,1
6465,810,,1
6466,334,,1
6467,334,,1
6468,334,,1
6469,334,,1
6470,334,,1
6471,334,,1
6472,1026,,1
6473,1026,,1
6474,1026,,1
6475,1026,,1
6476,1026,,1
6477,477,,1
6478,477,,1
6479,1027,,1
6481,1029,,1
6482,1030,,1
6483,1028,,1
6484,477,,1
6485,477,,1
6487,1031,,1
6488,1033,,1
6489,421,,1
6490,334,,1
6491,334,,1
6492,1034,,1
6493,1034,,1
6494,890,,1
6495,890,,1
6497,1035,,1
6498,121,,1
6499,731,,1
6501,715,,1
6502,371,,1
6503,1035,,1
6504,1036,,1
6505,1036,,1
6506,1036,,1
6507,1037,,1
6508,1037,,1
6509,1038,,1
6510,1038,,1
6511,321,,1
6512,321,,1
6513,371,,1
6514,488,,1
6515,829,,1
6516,829,,1
6517,829,,1
6518,829,,1
6519,829,,1
6520,829,,1
6521,829,,1
6522,322,,1
6523,322,,1
6524,322,,1
6546,1038,,1
6547,1038,,1
6548,371,,1
6549,371,,1
6550,371,,1
6551,371,,1
6552,371,,1
6553,32,,1
6439,32,,1
6554,32,,1
6555,32,,1
6556,32,,1
6557,750,,1
6558,750,,1
6559,750,,1
6560,750,,1
6561,1038,,1
6562,1038,,1
6563,1038,,1
6564,497,,1
6565,497,,1
6568,371,,1
6569,1022,,1
6570,1022,,1
6571,1040,,1
6572,1038,,1
6573,1038,,1
6574,1038,,1
6575,1038,,1
6576,1038,,1
6577,1038,,1
6578,1042,,1
6579,1042,,1
6580,1042,,1
6581,1043,,1
6582,1043,,1
6583,868,,1
6584,868,,1
6585,868,,1
6586,868,,1
6587,1681,,1
6588,1044,,1
6589,1044,,1
6590,1045,,1
6591,1045,,1
6592,191,,1
6594,1046,,1
6595,1049,,1
6596,1050,,1
6597,1050,,1
6598,1050,,1
6599,1050,,1
6600,1051,,1
6601,1052,,1
6603,658,,1
6604,489,,1
6605,489,,1
6606,489,,1
6607,489,,1
6608,489,,1
6609,489,,1
6610,489,,1
6611,489,,1
6612,489,,1
6613,889,,1
6614,889,,1
6615,889,,1
6616,251,,1
6617,1053,,1
6618,2967,,1
6619,1015,,1
6620,1015,,1
6621,1015,,1
6622,1015,,1
6623,715,,1
6624,715,,1
6625,715,,1
6626,715,,1
6627,832,,1
6628,322,,1
6630,172,,1
6631,949,,1
6632,949,,1
6633,949,,1
6635,1054,,1
6637,1055,,1
6638,1055,,1
6639,1055,,1
6640,1055,,1
6641,1055,,1
6642,1055,,1
6643,1055,,1
6644,1056,,1
6645,1056,,1
6646,1057,,1
6647,1058,,1
6651,1059,,1
6652,1059,,1
6653,1060,,1
6654,1060,,1
6655,1060,,1
6656,1061,,1
6657,1061,,1
6658,1061,,1
6659,1061,,1
6660,1061,,1
6661,1061,,1
6662,1061,,1
6663,1061,,1
6664,3,,1
6667,32,,1
6668,945,,1
6669,945,,1
6670,945,,1
6671,1015,,1
6672,638,,1
6674,371,,1
6675,371,,1
6676,664,,1
6677,664,,1
6678,664,,1
6679,664,,1
6680,664,,1
6681,664,,1
6682,664,,1
6683,664,,1
6684,1062,,1
6685,1062,,1
6686,1062,,1
6687,1062,,1
6688,1062,,1
6689,1063,,1
6690,1063,,1
6691,1034,,1
6692,1034,,1
6693,1034,,1
6694,1034,,1
6696,281,,1
6697,281,,1
6698,1064,,1
6699,641,,1
6700,1065,,1
6701,1015,,1
6702,1066,,1
6703,1066,,1
6704,715,,1
6705,578,,1
6706,975,,1
6707,1067,,1
6708,1067,,1
6709,1067,,1
6710,1067,,1
6711,1067,,1
6712,135,,1
6713,1068,,1
6714,394,,1
6715,1022,,1
6716,1069,,1
6717,1070,,1
6718,1071,,1
6719,1071,,1
6720,1071,,1
6724,448,,1
6725,448,,1
6726,448,,1
6727,448,,1
6728,448,,1
6729,448,,1
6730,1072,,1
6731,330,,1
6732,1073,,1
6733,1073,,1
6734,1073,,1
6735,1073,,1
6736,1073,,1
6737,1074,,1
6738,1074,,1
6739,1075,,1
6740,869,,1
6741,869,,1
6742,869,,1
6743,869,,1
6744,869,,1
6745,1076,,1
6746,1076,,1
6748,1077,,1
6749,714,,1
6750,714,,1
6751,714,,1
6752,714,,1
6753,714,,1
6754,714,,1
6755,714,,1
6756,714,,1
6757,714,,1
6758,924,,1
6759,924,,1
6760,924,,1
6761,924,,1
6762,924,,1
6763,924,,1
6764,924,,1
6765,924,,1
6766,924,,1
6767,924,,1
6768,924,,1
6769,496,,1
6770,496,,1
6771,496,,1
6772,496,,1
6773,1078,,1
6774,1079,,1
6775,98,,1
6776,98,,1
6777,98,,1
6779,1022,,1
6780,1022,,1
6781,1022,,1
6782,1022,,1
6783,1022,,1
6784,254,,1
6785,254,,1
6786,254,,1
6787,1080,,1
6788,93,,1
6789,496,,1
6790,496,,1
6791,1081,,1
6792,404,,1
6793,329,,1
6794,371,,1
6795,1082,,1
6796,1082,,1
6797,1082,,1
6798,1082,,1
6803,731,,1
6804,1083,,1
6805,1083,,1
6809,255,,1
6810,1026,,1
6811,1085,,1
6812,1,,1
6813,18,,1
6814,18,,1
6815,18,,1
6816,18,,1
6817,18,,1
6818,18,,1
6819,18,,1
6820,18,,1
6821,18,,1
6822,18,,1
6824,10,,1
6826,10,,1
6827,27,,1
6829,1086,,1
6830,1086,,1
6831,1086,,1
6832,1086,,1
6833,1086,,1
6834,1086,,1
6835,1086,,1
6836,1086,,1
6837,1086,,1
6838,52,,1
6839,52,,1
6840,52,,1
6841,52,,1
6842,52,,1
6843,52,,1
6844,52,,1
6845,52,,1
6846,52,,1
6849,18,,1
6850,20,,1
6851,1087,,1
6852,1088,,1
6853,1089,,1
6854,1089,,1
6855,1089,,1
6856,1090,,1
6857,1091,,1
6859,1092,,1
6860,1093,,1
6861,1089,,1
6862,1089,,1
6863,1157,,1
6864,1157,,1
6865,1157,,1
6866,1094,,1
6867,1094,,1
6868,1095,,1
6869,1096,,1
6870,2649,,1
6872,1094,,1
6873,1094,,1
6874,1094,,1
6875,1094,,1
6876,2649,,1
6877,2634,,1
6878,1097,,1
6879,53,,1
6881,1098,,1
6882,1099,,1
6847,52,,1
6825,10,,1
6848,52,,1
6858,52,,1
6828,4,,1
6871,4,,1
6883,1100,,1
6884,1101,,1
6895,1102,,1
6896,1102,,1
6897,461,,1
6898,1102,,1
6900,1103,,1
6901,1103,,1
6902,1103,,1
6903,1104,,1
6904,1105,,1
6905,1106,,1
6906,1106,,1
6907,1107,,1
6908,1106,,1
6909,1107,,1
6910,1108,,1
6911,1109,,1
6912,678,,1
6913,678,,1
6914,678,,1
6915,1110,,1
6917,586,,1
6920,424,,1
6921,424,,1
6922,424,,1
6923,424,,1
6924,424,,1
6925,1111,,1
6926,1111,,1
6927,1111,,1
6928,1111,,1
6929,1111,,1
6930,1111,,1
6931,330,,1
6932,330,,1
6933,1112,,1
6934,1112,,1
6935,1112,,1
6936,1112,,1
6937,1112,,1
6938,1112,,1
6939,1112,,1
6940,1112,,1
6941,1112,,1
6942,1112,,1
6943,1112,,1
6944,424,,1
6945,424,,1
6946,2973,,1
6947,1113,,1
6948,811,,1
6949,1114,,1
6950,1115,,1
6951,1116,,1
6952,1117,,1
6953,1050,,1
6954,1050,,1
6955,1112,,1
6956,1112,,1
6957,1118,,1
6958,91,,1
6959,1119,,1
6960,1119,,1
6961,492,,1
6962,1111,,1
6963,1120,,1
6964,147,,1
6965,1121,,1
6966,1122,,1
6968,1123,,1
6970,1124,,1
6971,1125,,1
6972,1126,,1
6973,1127,,1
6974,1128,,1
6975,1129,,1
6976,1129,,1
6977,1130,,1
6978,1131,,1
6979,1132,,1
6980,1133,,1
6981,1134,,1
6982,1135,,1
6983,1136,,1
6984,1137,,1
6985,1138,,1
6986,139,,1
6987,139,,1
6988,1136,,1
6989,1136,,1
6990,1136,,1
6991,1136,,1
6992,1136,,1
6993,1136,,1
6994,1136,,1
6995,1136,,1
6996,1136,,1
6997,1136,,1
6998,1136,,1
6999,1136,,1
7000,1136,,1
7001,1136,,1
7002,1136,,1
7003,1136,,1
7004,1136,,1
7005,1136,,1
7006,139,,1
7007,139,,1
7008,139,,1
7009,139,,1
7010,1136,,1
7011,1136,,1
7012,139,,1
7013,139,,1
7014,139,,1
7015,139,,1
7016,1139,,1
7017,1140,,1
7018,1141,,1
7019,1141,,1
7020,75,,1
7021,75,,1
7022,1142,,1
7023,960,,1
7024,680,,1
7025,1143,,1
7026,1144,,1
7027,1145,,1
7028,973,,1
7029,1146,,1
7030,1147,,1
7031,1147,,1
7032,1147,,1
7033,1147,,1
7034,1148,,1
7035,1147,,1
7036,1147,,1
7037,1147,,1
7038,1147,,1
7039,1149,,1
7040,1149,,1
7041,1149,,1
7042,1149,,1
7043,1149,,1
7044,1150,,1
7045,1150,,1
7046,1151,,1
7047,1152,,1
7048,1153,,1
7049,1136,,1
7050,1147,,1
7051,1147,,1
7052,1147,,1
7053,1147,,1
7054,1147,,1
7055,1147,,1
7056,1154,,1
7057,1154,,1
7058,1154,,1
7059,1155,,1
7060,1155,,1
7061,1154,,1
7062,1154,,1
7063,1144,,1
7064,1144,,1
7065,1144,,1
7066,1144,,1
7067,1144,,1
7068,1144,,1
7069,1144,,1
7070,1156,,1
7071,139,,1
7072,139,,1
7073,139,,1
7074,1157,,1
7075,1158,,1
7076,624,,1
7077,1136,,1
7078,1136,,1
7079,1136,,1
7080,1136,,1
7081,1159,,1
7082,1160,,1
7083,215,,1
7084,1161,,1
7085,1138,,1
7086,1162,,1
7087,215,,1
7088,1163,,1
7089,1163,,1
7090,1163,,1
7091,1163,,1
7092,1164,,1
7093,1165,,1
7094,1164,,1
7095,1166,,1
7096,1164,,1
7097,1168,,1
7098,1169,,1
7099,1170,,1
7100,1170,,1
7101,1170,,1
7102,1171,,1
7103,1170,,1
7106,1172,,1
7107,156,,1
7108,95,,1
7109,95,,1
7110,95,,1
7111,95,,1
7112,95,,1
7113,95,,1
7114,95,,1
7115,1155,,1
7116,1155,,1
7117,1155,,1
7118,1141,,1
7119,1141,,1
7120,1141,,1
7121,1141,,1
7122,1220,,1
7123,75,,1
7124,1173,,1
7125,1174,,1
7126,1164,,1
7127,1138,,1
7128,1175,,1
7129,1176,,1
7130,1176,,1
7131,1176,,1
7132,1177,,1
7133,1178,,1
7134,1179,,1
7135,1180,,1
7136,1181,,1
7137,1182,,1
7138,1183,,1
7139,2648,,1
7140,1184,,1
7141,1185,,1
7142,1186,,1
7143,1179,,1
7144,1187,,1
7145,1187,,1
7146,1138,,1
7147,1188,,1
7148,1138,,1
7149,1138,,1
7150,1138,,1
7151,1138,,1
7152,1138,,1
7153,1138,,1
7154,1138,,1
7155,1138,,1
7156,1189,,1
7157,1164,,1
7158,1164,,1
7159,1137,,1
7160,1137,,1
7161,1137,,1
7162,1137,,1
7163,1137,,1
7164,1190,,1
7165,1138,,1
7166,1138,,1
7167,1138,,1
7168,1191,,1
7169,1192,,1
7170,1192,,1
7171,1193,,1
7172,1193,,1
7173,1193,,1
7174,1193,,1
7175,1193,,1
7176,1193,,1
7177,1194,,1
7178,1194,,1
7179,1194,,1
7180,1194,,1
7181,1194,,1
7182,1194,,1
7183,1194,,1
7184,1194,,1
7185,1138,,1
7186,1173,,1
7187,1173,,1
7188,1173,,1
7189,1173,,1
7190,1173,,1
7191,1173,,1
7192,1137,,1
7193,1141,,1
7194,1141,,1
7195,1141,,1
7196,1141,,1
7197,1195,,1
7198,1196,,1
7199,1196,,1
7200,1196,,1
7201,394,,1
7202,1196,,1
7203,40,,1
7204,1197,,1
7207,1198,,1
7208,1199,,1
7209,1200,,1
7210,1200,,1
7211,1200,,1
7213,1201,,1
7214,199,,1
7215,1173,,1
7216,1202,,1
7217,1203,,1
7218,1204,,1
7219,1205,,1
7220,1206,,1
7221,1164,,1
7222,1173,,1
7223,1207,,1
7224,1208,,1
7225,1208,,1
7226,1209,,1
7227,1210,,1
7228,1210,,1
7229,1173,,1
7230,1210,,1
7231,1210,,1
7232,1210,,1
7233,1210,,1
7234,1210,,1
7235,1210,,1
7236,1210,,1
7237,1211,,1
7238,1211,,1
7239,1211,,1
7240,1211,,1
7241,1211,,1
7242,1211,,1
7243,1211,,1
7244,1211,,1
7245,1211,,1
7246,1211,,1
7247,1211,,1
7248,1211,,1
7249,1211,,1
7250,1211,,1
7251,1211,,1
7252,1211,,1
7253,1212,,1
7254,1212,,1
7255,1213,,1
7256,1214,,1
7257,1215,,1
7258,1216,,1
7259,1212,,1
7260,82,,1
7261,82,,1
7262,82,,1
7263,82,,1
7264,82,,1
7265,82,,1
7266,82,,1
7267,82,,1
7268,82,,1
7269,82,,1
7270,1217,,1
7271,1217,,1
7272,1217,,1
7273,1217,,1
7274,1217,,1
7275,1218,,1
7276,1218,,1
7277,1221,,1
7278,1222,,1
7279,1218,,1
7280,1223,,1
7281,1223,,1
7282,1224,,1
7283,1225,,1
7284,1225,,1
7285,1225,,1
7286,1225,,1
7287,1225,,1
7288,1218,,1
7289,1226,,1
7290,1226,,1
7291,1227,,1
7292,1206,,1
7293,1228,,1
7294,1229,,1
7295,1225,,1
7296,1225,,1
7297,1225,,1
7298,1225,,1
7299,1225,,1
7300,2648,,1
7301,1230,,1
7302,1231,,1
7303,1232,,1
7304,344,,1
7305,330,,1
7306,1233,,1
7307,1234,,1
7308,7,,1
7309,8,,1
7310,8,,1
7311,8,,1
7312,8,,1
7313,477,,1
7314,477,,1
7315,7,,1
7316,8,,1
7317,1236,,1
7318,1237,,1
7320,1238,,1
7321,954,,1
7322,175,,1
7323,160,,1
7324,160,,1
7325,175,,1
7326,175,,1
7327,73,,1
7328,255,,1
7339,1239,,1
7340,1240,,1
7341,1020,,1
7342,1241,,1
7343,1241,,1
7344,1241,,1
7345,1242,,1
7346,1243,,1
7347,1244,,1
7348,1245,,1
7350,946,,1
7351,1244,,1
7352,1246,,1
7353,255,,1
7354,255,,1
7355,255,,1
7356,1247,,1
7357,1399,,1
7358,1399,,1
7359,125,,1
7360,125,,1
7361,125,,1
7362,125,,1
7363,496,,1
7364,496,,1
7365,496,,1
7366,496,,1
7367,496,,1
7368,128,,1
7369,128,,1
7370,128,,1
7371,1248,,1
7372,175,,1
7373,14,,1
7374,14,,1
7375,14,,1
7376,1249,,1
7377,1250,,1
7378,128,,1
7379,1141,,1
7380,9,,1
7381,1251,,1
7382,1252,,1
7383,1253,,1
7384,1254,,1
7385,1255,,1
7386,1256,,1
7387,1257,,1
7388,1258,,1
7389,477,,1
7390,1259,,1
7391,55,,1
7392,1260,,1
7393,1261,,1
7394,225,,1
7395,225,,1
7405,1262,,1
7406,1263,,1
7407,1264,,1
7408,1265,,1
7409,1264,,1
7410,490,,1
7411,1266,,1
7413,1264,,1
7414,490,,1
7415,490,,1
7416,1264,,1
7417,490,,1
7418,1267,,1
7419,1268,,1
7420,1269,,1
7421,1270,,1
7422,1271,,1
7423,1272,,1
7424,1273,,1
7425,1274,,1
7426,1272,,1
7427,1275,,1
7428,1276,,1
7429,1277,,1
7430,1080,,1
7431,1278,,1
7432,1279,,1
7433,1280,,1
7434,1276,,1
7435,1281,,1
7436,1282,,1
7437,1276,,1
7438,110,,1
7439,1283,,1
7440,1155,,1
7441,1155,,1
7442,1155,,1
7443,110,,1
7444,1284,,1
7445,1285,,1
7446,1286,,1
7449,110,,1
7450,1287,,1
7451,232,,1
7452,1288,,1
7453,1289,,1
7454,1290,,1
7455,1226,,1
7456,1291,,1
7457,1292,,1
7458,1293,,1
7459,1294,,1
7460,1295,,1
7461,1155,,1
7462,1155,,1
7463,1155,,1
7464,1155,,1
7465,1155,,1
7466,1155,,1
7467,1155,,1
7468,1155,,1
7469,1155,,1
7470,1155,,1
7471,1155,,1
7472,1155,,1
7473,1155,,1
7474,1155,,1
7475,1155,,1
7476,1155,,1
7477,1144,,1
7478,1144,,1
7479,1144,,1
7480,1296,,1
7481,1297,,1
7482,1298,,1
7483,1299,,1
7484,1300,,1
7485,104,,1
7486,1301,,1
7488,1302,,1
7489,452,,1
7490,1303,,1
7491,1304,,1
7492,1275,,1
7493,1306,,1
7494,1307,,1
7495,1309,,1
7496,2966,,1
7497,806,,1
7498,1310,,1
7499,1310,,1
7500,1310,,1
7501,1310,,1
7502,1310,,1
7503,1310,,1
7504,1310,,1
7505,1310,,1
7506,1310,,1
7507,1310,,1
7508,1310,,1
7509,1311,,1
7510,1312,,1
7511,1313,,1
7512,1314,,1
7513,1315,,1
7514,1316,,1
7515,1316,,1
7516,1316,,1
7517,1316,,1
7518,1317,,1
7519,1318,,1
7520,1317,,1
7521,1319,,1
7522,1320,,1
7523,1321,,1
7524,1322,,1
7525,1323,,1
7526,1324,,1
7527,1325,,1
7529,1326,,1
7532,1327,,1
7533,1328,,1
7536,1329,,1
7537,1330,,1
7541,1331,,1
7542,1332,,1
7543,1333,,1
7546,1334,,1
7548,1335,,1
7550,1336,,1
7551,1337,,1
7552,1333,,1
7554,1328,,1
7555,1338,,1
7556,1339,,1
7557,1340,,1
7560,1341,,1
7561,1342,,1
7562,1343,,1
7563,1344,,1
7564,1345,,1
7565,1346,,1
7566,1347,,1
7567,1348,,1
7568,1349,,1
7569,1350,,1
7571,1351,,1
7573,1352,,1
7574,1353,,1
7575,1354,,1
7576,1355,,1
7579,1328,,1
7583,1356,,1
7584,1357,,1
7586,1358,,1
7587,1359,,1
7588,1360,,1
7589,1361,,1
7590,1362,,1
7591,1363,,1
7592,1364,,1
7593,1364,,1
7594,1364,,1
7595,1365,,1
7596,1365,,1
7597,1365,,1
7598,1366,,1
7599,1367,,1
7600,1368,,1
7601,1370,,1
7602,1365,,1
7603,1365,,1
7604,1155,,1
7605,1371,,1
7606,806,,1
7607,1372,,1
7608,1373,,1
7609,1374,,1
7610,1375,,1
7611,1376,,1
7612,1377,,1
7614,1038,,1
7615,1378,,1
7616,1379,,1
7617,1380,,1
7618,1381,,1
7619,824,,1
7620,159,,1
7621,1382,,1
7622,1157,,1
7623,278,,1
7624,1383,,1
7626,1384,,1
7629,1385,,1
7630,659,,1
7632,1386,,1
7633,1388,,1
7634,1389,,1
7635,1390,,1
7636,858,,1
7637,1391,,1
7638,1392,,1
7639,1393,,1
7640,1394,,1
7641,1395,,1
7642,1395,,1
7648,794,,1
7649,794,,1
7650,794,,1
7651,794,,1
7652,794,,1
7653,794,,1
7654,794,,1
7655,1303,,1
7656,1396,,1
7657,1397,,1
7658,548,,1
7659,1398,,1
7660,762,,1
7661,1399,,1
7662,1247,,1
7663,1400,,1
7664,1401,,1
7665,278,,1
7666,278,,1
7667,1402,,1
7668,1403,,1
7669,1404,,1
7670,448,,1
7671,1405,,1
7672,1406,,1
7673,1407,,1
7674,1408,,1
7675,1241,,1
7676,1409,,1
7677,394,,1
7678,1410,,1
7679,1410,,1
7680,1410,,1
7681,1410,,1
7682,1410,,1
7683,1411,,1
7684,1196,,1
7685,1309,,1
7686,1412,,1
7687,1196,,1
7688,496,,1
7689,1413,,1
7690,1413,,1
7691,1414,,1
7692,1415,,1
7693,1416,,1
7694,1414,,1
7696,1417,,1
7697,1417,,1
7698,1417,,1
7699,1417,,1
7700,48,,1
7701,48,,1
7702,1309,,1
7703,1418,,1
7704,1419,,1
7705,1018,,1
7706,692,,1
7707,1196,,1
7708,435,,1
7709,149,,1
7710,1309,,1
7711,1420,,1
7712,1421,,1
7713,1422,,1
7714,1423,,1
7715,1420,,1
7716,1420,,1
7717,1424,,1
7718,1425,,1
7719,1426,,1
7720,1426,,1
7721,1426,,1
7722,1426,,1
7723,1427,,1
7724,1428,,1
7725,1429,,1
7726,1429,,1
7727,1429,,1
7728,599,,1
7729,282,,1
7730,194,,1
7731,194,,1
7732,1430,,1
7733,1431,,1
7734,1431,,1
7735,1431,,1
7736,1431,,1
7737,599,,1
7738,599,,1
7741,1432,,1
7742,1432,,1
7743,1432,,1
7744,1432,,1
7746,1432,,1
7747,1432,,1
7748,1432,,1
7749,1432,,1
7750,1433,,1
7751,414,,1
7752,1432,,1
7754,229,,1
7755,229,,1
7756,229,,1
7757,1432,,1
7758,1432,,1
7759,2973,,1
7760,1435,,1
7761,1436,,1
7762,1437,,1
7763,1438,,1
7764,1439,,1
7765,1440,,1
7766,1266,,1
7767,1266,,1
7768,1266,,1
7769,1266,,1
7770,1266,,1
7771,490,,1
7772,1442,,1
7773,1444,,1
7774,1443,,1
7775,1445,,1
7776,1445,,1
7777,1445,,1
12375,1445,,1
7843,1445,,1
7778,1446,,1
7779,140,,1
7780,1447,,1
7781,1447,,1
7782,1447,,1
7783,1144,,1
7784,1144,,1
7791,46,,1
7792,194,,1
7793,1038,,1
7794,194,,1
7795,194,,1
7796,194,,1
7797,194,,1
7798,1448,,1
7799,1449,,1
7800,1448,,1
7801,1448,,1
7802,1144,,1
7803,1144,,1
7804,1144,,1
7805,1154,,1
7806,1154,,1
7807,1410,,1
7808,1410,,1
7809,1450,,1
7810,41,,1
7811,498,,1
7812,591,,1
7813,745,,1
7814,248,,1
7815,156,,1
7816,1451,,1
7817,1452,,1
7818,1452,,1
7819,1452,,1
7820,1453,,1
7821,1453,,1
7822,1454,,1
7823,1454,,1
7824,1454,,1
7825,1455,,1
7826,1291,,1
7827,1291,,1
7828,1291,,1
7829,1291,,1
7830,1291,,1
7831,1291,,1
7832,1291,,1
7833,1291,,1
7834,1291,,1
7835,1291,,1
7836,1291,,1
7837,1456,,1
7838,1291,,1
7839,1291,,1
7840,1291,,1
7841,1291,,1
7842,1457,,1
7745,1251,,1
7845,1251,,1
7846,1251,,1
7847,1251,,1
7848,1251,,1
7849,1251,,1
7850,1251,,1
7851,1251,,1
7852,1251,,1
7853,1251,,1
7867,1458,,1
7868,1459,,1
7869,1460,,1
7871,1461,,1
7872,1462,,1
7873,1463,,1
7874,1463,,1
7875,1463,,1
7876,1463,,1
7877,1464,,1
7878,1465,,1
7879,1466,,1
7880,77,,1
7882,1467,,1
7883,1467,,1
7884,1467,,1
7885,1467,,1
7886,1467,,1
7887,1467,,1
7888,1467,,1
7889,1467,,1
7890,1206,,1
7891,1468,,1
7892,1226,,1
7893,1170,,1
7894,1469,,1
7895,1226,,1
7896,1470,,1
7897,1206,,1
7898,1471,,1
7899,1471,,1
7900,1471,,1
7901,1471,,1
7902,1471,,1
7903,1471,,1
7904,1471,,1
7905,1471,,1
7906,1471,,1
7907,1471,,1
7908,1089,,1
7909,1089,,1
7910,1472,,1
7911,1473,,1
7912,1473,,1
7913,104,,1
7914,104,,1
7915,104,,1
7916,1474,,1
7917,1475,,1
7918,1222,,1
7919,1476,,1
7920,1477,,1
7921,1477,,1
7922,1477,,1
7923,1477,,1
7924,1477,,1
7925,1477,,1
7926,1477,,1
7927,1477,,1
7928,1477,,1
7929,1476,,1
7930,1478,,1
7931,1479,,1
7932,1479,,1
7933,1480,,1
7934,1480,,1
7935,1480,,1
7936,1481,,1
7937,1481,,1
7938,1481,,1
7939,1482,,1
7940,1482,,1
7941,1482,,1
7942,1482,,1
7943,1482,,1
7944,1482,,1
7945,1482,,1
7946,1482,,1
7947,1482,,1
7948,1482,,1
7949,1482,,1
7950,1482,,1
7951,1482,,1
7952,1482,,1
7953,1482,,1
7954,1482,,1
7955,1483,,1
7956,1484,,1
7957,1485,,1
7958,1486,,1
7959,1487,,1
7960,1488,,1
7961,1489,,1
7962,1490,,1
7963,1491,,1
7964,241,,1
7965,241,,1
7966,1492,,1
7967,33,,1
7968,1493,,1
7969,1485,,1
7970,1494,,1
7971,1309,,1
7972,1495,,1
7973,1496,,1
7974,1448,,1
7975,33,,1
7976,1497,,1
7977,1498,,1
7978,1486,,1
7979,1448,,1
7980,1499,,1
7981,1500,,1
7982,1501,,1
7983,1486,,1
7984,1502,,1
7985,1503,,1
7986,1504,,1
7987,1485,,1
7988,1505,,1
7989,1258,,1
7990,1506,,1
7991,1486,,1
7992,1486,,1
7993,1507,,1
7994,1507,,1
7995,1300,,1
7996,1508,,1
7997,1508,,1
7998,1508,,1
7999,1509,,1
8000,1509,,1
8001,1510,,1
8002,1511,,1
8003,1511,,1
8004,1511,,1
8005,1511,,1
8006,1511,,1
8007,223,,1
8008,1512,,1
8009,1513,,1
8010,1507,,1
8011,1507,,1
8012,1507,,1
8013,1507,,1
8014,1507,,1
8015,1507,,1
8016,1507,,1
8017,69,,1
8018,1514,,1
8019,1515,,1
8020,245,,1
8021,1516,,1
8022,664,,1
8023,664,,1
8024,1517,,1
8025,1517,,1
8026,1507,,1
8027,1518,,1
8028,1518,,1
8029,1518,,1
8030,1518,,1
8031,1518,,1
8032,1518,,1
8033,1518,,1
8034,1519,,1
8035,1418,,1
8036,1309,,1
8037,1520,,1
8038,14,,1
8039,1260,,1
8040,1260,,1
8041,1260,,1
8042,1260,,1
8043,1260,,1
8044,1260,,1
8045,71,,1
8046,71,,1
8047,1521,,1
8048,2974,,1
8049,2974,,1
8050,1522,,1
8051,1513,,1
8052,1513,,1
8053,103,,1
8054,103,,1
8055,103,,1
8056,103,,1
8057,103,,1
8058,103,,1
8059,170,,1
8060,2974,,1
8061,1418,,1
8062,1524,,1
8063,1310,,1
8064,1525,,1
8065,1526,,1
8066,1527,,1
8067,1122,,1
8068,1528,,1
8069,1486,,1
8070,1486,,1
8071,1410,,1
8072,1410,,1
8073,1486,,1
8074,1486,,1
8075,1486,,1
8076,1529,,1
8077,1529,,1
8078,1529,,1
8079,1529,,1
8080,1530,,1
8081,1486,,1
8082,1489,,1
8083,1489,,1
8084,1489,,1
8085,1489,,1
8086,1266,,1
8087,1266,,1
8088,1169,,1
8089,1531,,1
8090,1532,,1
8091,1532,,1
8092,1507,,1
8093,46,,1
8094,46,,1
8095,1486,,1
8096,1220,,1
8097,1417,,1
8098,1486,,1
8099,1486,,1
8100,1533,,1
8101,1534,,1
8102,1534,,1
8103,1534,,1
8104,1534,,1
8105,1534,,1
8106,1534,,1
8107,1534,,1
8108,1534,,1
8109,1534,,1
8110,1445,,1
8111,1535,,1
8112,1445,,1
8113,1445,,1
8114,1445,,1
8115,1536,,1
8116,1538,,1
8117,1539,,1
8118,1540,,1
8119,1225,,1
8120,1225,,1
8121,1225,,1
8122,1225,,1
8123,1225,,1
8124,1225,,1
8125,1225,,1
8126,1225,,1
8127,1225,,1
8128,1225,,1
8129,1225,,1
8130,1225,,1
8131,1225,,1
8132,1225,,1
8133,1541,,1
8134,1542,,1
8135,1543,,1
8136,1541,,1
8137,1544,,1
8138,249,,1
8139,1544,,1
8140,1029,,1
8141,1545,,1
8142,1621,,1
8144,1547,,1
8145,1548,,1
8146,2975,,1
8147,1549,,1
8148,1550,,1
8149,1551,,1
8150,1431,,1
8152,1299,,1
8153,1552,,1
8154,707,,1
8155,122,,1
8156,1553,,1
8157,1554,,1
8158,1554,,1
8159,1554,,1
8160,1554,,1
8161,1554,,1
8162,1555,,1
8163,1556,,1
8164,1558,,1
8165,1559,,1
8166,1560,,1
8167,1561,,1
8178,1534,,1
8179,122,,1
8180,122,,1
8181,122,,1
8182,1447,,1
8183,1447,,1
8184,1447,,1
8185,1447,,1
8186,1447,,1
8187,1447,,1
8188,1562,,1
8189,1562,,1
8190,1560,,1
8191,1541,,1
8192,1541,,1
8195,1563,,1
8196,1541,,1
8197,423,,1
8198,423,,1
8199,20,,1
8200,1545,,1
8201,1564,,1
8202,1545,,1
8203,1545,,1
8204,1545,,1
8205,1545,,1
8206,1545,,1
8207,1565,,1
8208,1517,,1
8209,1517,,1
8210,1517,,1
8211,1410,,1
8212,1410,,1
8213,1410,,1
8214,1410,,1
8215,1566,,1
8216,1567,,1
8217,1568,,1
8218,1569,,1
8219,1570,,1
8220,1525,,1
8221,370,,1
8222,370,,1
8223,370,,1
8224,370,,1
8225,370,,1
8226,370,,1
8227,370,,1
8228,1410,,1
8229,1410,,1
8230,1410,,1
8231,1572,,1
8232,116,,1
8233,1573,,1
8234,322,,1
8235,322,,1
8236,1574,,1
8237,36,,1
8238,36,,1
8239,699,,1
8241,116,,1
8242,1574,,1
8243,1575,,1
8244,144,,1
8245,1386,,1
8246,1576,,1
8248,1577,,1
8249,1399,,1
8250,1550,,1
8251,1550,,1
8252,1550,,1
8253,1550,,1
8254,1550,,1
8255,1550,,1
8256,1550,,1
8257,1461,,1
8258,1578,,1
8259,1579,,1
8260,1580,,1
8261,53,,1
8262,1581,,1
8263,53,,1
8264,1463,,1
8265,1580,,1
8266,1580,,1
8267,1580,,1
8268,1580,,1
8269,1580,,1
8270,1580,,1
8271,1580,,1
8272,1580,,1
8273,1580,,1
8274,1196,,1
8275,1196,,1
8276,1196,,1
8277,1196,,1
8278,1196,,1
8279,1196,,1
8168,1196,,1
8280,1582,,1
8281,1272,,1
8282,1583,,1
8283,1584,,1
8284,1585,,1
8285,1586,,1
8286,1580,,1
8287,1580,,1
8288,9,,1
8289,9,,1
8290,9,,1
8291,9,,1
8292,9,,1
8293,9,,1
8294,9,,1
8295,9,,1
8296,1587,,1
8297,1588,,1
8298,9,,1
8299,9,,1
8300,9,,1
8301,1589,,1
8302,1590,,1
8303,1590,,1
8304,1590,,1
8305,1590,,1
8306,1590,,1
8307,1590,,1
8308,1590,,1
8309,1591,,1
8310,1591,,1
8311,1591,,1
8312,1591,,1
8313,1591,,1
8314,1591,,1
8315,1591,,1
8316,1592,,1
8317,1593,,1
8318,1594,,1
8319,332,,1
8320,1595,,1
8321,1596,,1
8322,1597,,1
8323,1598,,1
8324,1599,,1
8325,1590,,1
8326,1591,,1
8327,1591,,1
8328,1591,,1
8329,1591,,1
8330,1591,,1
8331,1591,,1
8332,1529,,1
8333,1600,,1
8334,1520,,1
8335,1601,,1
8336,53,,1
8338,1602,,1
8339,1581,,1
8340,1463,,1
8341,1603,,1
8342,1604,,1
8343,1605,,1
8344,494,,1
8345,1606,,1
8346,1283,,1
8347,1607,,1
8348,1608,,1
8349,1609,,1
8350,1610,,1
8351,1611,,1
8352,1486,,1
8353,1275,,1
8354,1275,,1
8355,1612,,1
8356,1612,,1
8357,1275,,1
8358,1275,,1
8359,1275,,1
8360,1275,,1
8361,1275,,1
8362,1275,,1
8363,1613,,1
8364,1513,,1
8365,1615,,1
8366,1486,,1
8367,1486,,1
8368,1565,,1
8369,1529,,1
8370,1590,,1
8371,1590,,1
8372,1590,,1
8373,1616,,1
8374,1617,,1
8375,1618,,1
8376,1619,,1
8377,1620,,1
8378,1029,,1
8379,1590,,1
8380,1622,,1
8381,1485,,1
8382,667,,1
8383,1623,,1
8384,1624,,1
8385,1624,,1
8386,1623,,1
8387,1623,,1
8388,1623,,1
8389,1623,,1
8390,1623,,1
8391,1266,,1
8392,1625,,1
8393,1626,,1
8394,1198,,1
8395,1310,,1
8396,1200,,1
8397,1200,,1
8398,1627,,1
8399,107,,1
8400,1629,,1
8401,107,,1
8402,1410,,1
8403,1631,,1
8404,1380,,1
8405,1632,,1
8406,1633,,1
8407,1624,,1
8408,1634,,1
8409,1635,,1
8410,1636,,1
8411,1636,,1
8412,1636,,1
8413,1636,,1
8414,1636,,1
8415,1636,,1
8416,1636,,1
8417,1636,,1
8418,1636,,1
8419,1636,,1
8420,1636,,1
8421,1636,,1
8422,1636,,1
8423,1636,,1
8424,1637,,1
8425,1300,,1
8426,1638,,1
8427,492,,1
8428,1639,,1
8429,1495,,1
8430,1565,,1
8431,1565,,1
8432,1565,,1
8433,1565,,1
8434,1565,,1
8435,1565,,1
8436,1565,,1
8437,1565,,1
8438,1565,,1
8439,1565,,1
8440,1565,,1
8441,1565,,1
8442,1565,,1
8443,1640,,1
8444,1640,,1
8445,1640,,1
8446,1640,,1
8447,1640,,1
8448,1640,,1
8449,1640,,1
8450,1640,,1
8451,1640,,1
8452,1640,,1
8453,1640,,1
8454,1640,,1
8455,1641,,1
8456,1641,,1
8457,1642,,1
8458,1642,,1
8459,1643,,1
8460,1533,,1
8461,1533,,1
8462,1624,,1
8463,1624,,1
8464,1624,,1
8465,1644,,1
8466,1645,,1
8467,1276,,1
8468,1624,,1
8469,1646,,1
8470,1647,,1
8471,1529,,1
8472,1529,,1
8473,1529,,1
8474,1529,,1
8475,1529,,1
8476,1529,,1
8477,1648,,1
8478,1649,,1
8479,1650,,1
8480,1533,,1
8481,1651,,1
8482,1652,,1
8484,1653,,1
8485,1654,,1
8486,716,,1
8487,1655,,1
8488,1656,,1
8489,1657,,1
8490,1657,,1
8491,1657,,1
8492,1657,,1
8493,1657,,1
8494,1657,,1
8495,1657,,1
8496,1657,,1
8497,1657,,1
8499,1657,,1
8500,1657,,1
8501,1657,,1
8502,1657,,1
8503,1658,,1
8504,1659,,1
8505,1660,,1
8506,1660,,1
8507,1661,,1
8508,1521,,1
8509,1662,,1
8510,1663,,1
8511,1664,,1
8512,1665,,1
8513,1533,,1
8514,1533,,1
8515,1533,,1
8516,1533,,1
8517,1533,,1
8518,1666,,1
8519,1667,,1
8520,1668,,1
8525,91,,1
8530,173,,1
8531,87,,1
8532,87,,1
8533,87,,1
8534,87,,1
8535,87,,1
8536,87,,1
8537,87,,1
8538,1157,,1
8539,1157,,1
8540,1669,,1
8541,588,,1
8542,1157,,1
8543,1157,,1
8545,1670,,1
8547,1671,,1
8564,1672,,1
8574,1667,,1
8575,1667,,1
8576,1667,,1
8577,1673,,1
8578,1673,,1
8579,1674,,1
8580,1667,,1
8581,1220,,1
8582,1658,,1
8583,1667,,1
8584,1309,,1
8585,1533,,1
8586,1675,,1
8587,1675,,1
8588,1676,,1
8589,1677,,1
8590,1543,,1
8591,1565,,1
8592,1678,,1
8593,1679,,1
8594,1533,,1
8595,1680,,1
8596,1680,,1
8597,1680,,1
8598,1680,,1
8599,1681,,1
8600,1682,,1
8601,955,,1
8602,1683,,1
8603,1684,,1
8604,506,,1
8605,1199,,1
8606,1626,,1
8607,1627,,1
8608,1626,,1
8609,1685,,1
8610,1198,,1
8611,1686,,1
8612,1199,,1
8613,1198,,1
8614,1200,,1
8615,1686,,1
8498,1626,,1
8616,1198,,1
8617,1687,,1
8618,1688,,1
8619,1686,,1
8620,1689,,1
8621,1690,,1
8622,1505,,1
8623,1691,,1
8625,1692,,1
8626,1693,,1
8627,1525,,1
8628,1694,,1
8629,1696,,1
8630,1697,,1
8631,1380,,1
8632,1698,,1
8633,1699,,1
8634,1700,,1
8635,1701,,1
8636,1702,,1
8637,1703,,1
8638,1704,,1
8639,722,,1
8640,1705,,1
8641,1673,,1
8642,1673,,1
8643,1667,,1
8644,1532,,1
8645,1706,,1
8646,1708,,1
8647,1709,,1
8648,1710,,1
8649,1707,,1
8650,1708,,1
8653,43,,1
8654,1711,,1
8658,1505,,1
8659,1712,,1
8660,1668,,1
8661,1714,,1
8662,605,,1
8663,1715,,1
8664,77,,1
8665,77,,1
8666,77,,1
8667,77,,1
8668,77,,1
8669,1689,,1
8670,1716,,1
8672,1149,,1
8673,1717,,1
8674,1718,,1
8675,1719,,1
8676,1720,,1
8677,256,,1
8678,43,,1
8679,1525,,1
8680,1227,,1
8681,1638,,1
8682,1638,,1
8683,1721,,1
8684,1722,,1
8685,1723,,1
8686,1724,,1
8688,1725,,1
8689,955,,1
8690,955,,1
8691,955,,1
8696,1726,,1
8697,326,,1
8698,326,,1
8699,1727,,1
8700,1728,,1
8701,1729,,1
8702,1730,,1
8703,1731,,1
8704,1732,,1
8705,1733,,1
8706,1734,,1
8707,1735,,1
8708,1736,,1
8710,1737,,1
8711,1738,,1
8712,1739,,1
8713,1740,,1
8714,600,,1
8715,1145,,1
8716,1730,,1
8717,1741,,1
8718,1741,,1
8719,1741,,1
8720,1741,,1
8721,955,,1
8722,129,,1
8723,129,,1
8725,1742,,1
8726,1743,,1
8727,1744,,1
8728,1744,,1
8729,1744,,1
8731,1744,,1
8732,1744,,1
8733,1745,,1
8734,1744,,1
8735,1744,,1
8736,1744,,1
8737,1744,,1
8738,1251,,1
8739,1251,,1
8740,1251,,1
8741,1251,,1
8742,1251,,1
8743,1247,,1
8744,1247,,1
8745,1247,,1
8746,1746,,1
8747,1746,,1
8748,1746,,1
8749,1747,,1
8750,1748,,1
8751,1251,,1
8752,1749,,1
8753,1750,,1
8754,1750,,1
8755,1750,,1
8756,1751,,1
8758,1752,,1
8759,1751,,1
8760,1753,,1
8761,1751,,1
8762,1751,,1
8763,1750,,1
8764,1648,,1
8765,1754,,1
8767,1755,,1
8768,1147,,1
8769,1756,,1
8770,1757,,1
8771,1758,,1
8772,1759,,1
8773,1760,,1
8774,1761,,1
8775,1744,,1
8776,1767,,1
8777,1762,,1
8778,1763,,1
8779,1764,,1
8780,1765,,1
8781,1766,,1
8782,1767,,1
8783,1767,,1
8784,1767,,1
8785,1767,,1
8786,1767,,1
8787,1673,,1
8788,1673,,1
8789,1673,,1
8790,1768,,1
8791,1768,,1
8792,1768,,1
8793,1768,,1
8794,1769,,1
8795,1769,,1
8796,1770,,1
8797,1771,,1
8798,1771,,1
8799,1771,,1
8800,1771,,1
8801,1771,,1
8802,1771,,1
8803,1771,,1
8804,1771,,1
8805,1771,,1
8806,1771,,1
8807,1771,,1
8808,1771,,1
8809,1658,,1
8810,1658,,1
8811,1659,,1
8812,1705,,1
8813,1772,,1
8814,1533,,1
8815,1773,,1
8816,1773,,1
8817,1774,,1
8818,1774,,1
8819,1775,,1
8820,1776,,1
8821,1777,,1
8822,1778,,1
8823,1779,,1
8824,1657,,1
8825,1448,,1
8826,1448,,1
8827,1448,,1
8828,1780,,1
8829,1780,,1
8830,1780,,1
8831,1781,,1
8832,1781,,1
8833,1781,,1
8834,1781,,1
8835,1781,,1
8836,1781,,1
8837,1781,,1
8838,1781,,1
8839,1780,,1
8840,1781,,1
8841,1781,,1
8842,1781,,1
8843,1781,,1
8845,1399,,1
8846,1399,,1
8847,1399,,1
8848,1779,,1
8849,1399,,1
8850,1399,,1
8851,1399,,1
8852,1782,,1
8853,1782,,1
8854,1782,,1
8855,1782,,1
8856,1782,,1
8857,1782,,1
8858,1782,,1
8859,1782,,1
8860,1782,,1
8861,1782,,1
8862,1640,,1
8863,1673,,1
8864,1667,,1
8865,1667,,1
8866,1667,,1
8867,1667,,1
8868,1667,,1
8869,1783,,1
8870,1783,,1
8871,1783,,1
8872,1783,,1
8873,1784,,1
8874,250,,1
8875,201,,1
8876,201,,1
8877,201,,1
8878,201,,1
8879,201,,1
8880,1667,,1
8881,1533,,1
8882,1533,,1
8883,1533,,1
8884,201,,1
8885,201,,1
8886,1785,,1
8887,1786,,1
8888,1435,,1
8889,201,,1
8890,201,,1
8891,201,,1
8892,1787,,1
8893,1780,,1
8894,1780,,1
8895,1788,,1
8896,1788,,1
8897,1788,,1
8898,1781,,1
8899,1202,,1
8900,1202,,1
8901,1789,,1
8902,1533,,1
8903,1673,,1
8904,1181,,1
8905,1181,,1
8906,1517,,1
8907,1790,,1
8908,1791,,1
8909,1543,,1
8910,1543,,1
8911,1543,,1
8912,1432,,1
8913,1202,,1
8914,1202,,1
8915,1792,,1
8916,1668,,1
8917,1668,,1
8918,1668,,1
8919,1793,,1
8920,1794,,1
8921,1794,,1
8922,1794,,1
8923,1794,,1
8924,1794,,1
8925,1794,,1
8926,1794,,1
8927,1794,,1
8928,1795,,1
8929,1796,,1
8930,1797,,1
8931,1202,,1
8932,1798,,1
8933,1799,,1
8934,1202,,1
8935,1792,,1
8936,1792,,1
8937,1202,,1
8938,1202,,1
8939,1399,,1
8940,1399,,1
8941,1399,,1
8942,33,,1
8943,1800,,1
8944,1800,,1
8945,1800,,1
8946,1800,,1
8947,1267,,1
8948,1759,,1
8949,1208,,1
8950,297,,1
8951,297,,1
8952,297,,1
8953,297,,1
8954,297,,1
8955,297,,1
8956,297,,1
8957,297,,1
8958,297,,1
8959,123,,1
8960,809,,1
8961,248,,1
8962,1801,,1
8963,1801,,1
8964,1801,,1
8965,1801,,1
8966,1801,,1
8967,1801,,1
8968,1801,,1
8969,1801,,1
8970,1801,,1
8971,1801,,1
8972,1801,,1
8973,1801,,1
8974,1801,,1
8975,1801,,1
8976,1801,,1
8977,1801,,1
8978,1801,,1
8979,1801,,1
8980,456,,1
8981,1802,,1
8982,1801,,1
8983,1804,,1
8984,1805,,1
8985,1806,,1
8986,1807,,1
8987,1808,,1
8988,1809,,1
8989,1810,,1
8990,1811,,1
8991,1812,,1
8992,1813,,1
8993,1814,,1
8994,1814,,1
8995,1815,,1
8996,1816,,1
8997,1817,,1
8998,1818,,1
8999,1819,,1
9000,1820,,1
9001,1821,,1
9002,1822,,1
9003,1823,,1
9004,1824,,1
9005,1825,,1
9006,1826,,1
9007,1815,,1
9008,1827,,1
9009,1828,,1
9010,1829,,1
9011,1830,,1
9012,1831,,1
9013,1410,,1
9014,1832,,1
9015,681,,1
9016,1170,,1
9017,1833,,1
9018,1834,,1
9019,1835,,1
9020,1495,,1
9021,1495,,1
9022,1495,,1
9023,1495,,1
9024,1495,,1
9026,1480,,1
9027,1181,,1
9028,1836,,1
9029,1521,,1
9030,1837,,1
9031,1838,,1
9032,1546,,1
9033,1839,,1
9034,1840,,1
9035,1841,,1
9036,1689,,1
9037,1410,,1
9038,1744,,1
9039,1744,,1
9040,1842,,1
9041,1843,,1
9042,1844,,1
9043,1608,,1
9044,1843,,1
9045,1845,,1
9046,1755,,1
9047,1755,,1
9048,1846,,1
9049,1845,,1
9050,856,,1
9051,856,,1
9052,856,,1
9053,856,,1
9054,856,,1
9055,856,,1
9056,856,,1
9057,856,,1
9058,856,,1
9059,856,,1
9060,856,,1
9061,856,,1
9062,856,,1
9063,1847,,1
9064,1850,,1
9065,1848,,1
9066,1849,,1
9067,251,,1
9068,251,,1
9069,251,,1
9070,251,,1
9071,251,,1
9072,251,,1
9073,251,,1
9074,251,,1
9075,251,,1
9076,251,,1
9077,1851,,1
9078,1164,,1
9079,1164,,1
9080,1164,,1
9081,1164,,1
9082,172,,1
9083,1852,,1
9086,1853,,1
9087,1854,,1
9088,1855,,1
9089,1856,,1
9090,1856,,1
9091,1856,,1
9092,1856,,1
9093,1857,,1
9094,1554,,1
9095,1554,,1
9096,1554,,1
9097,1554,,1
9098,1858,,1
9099,1858,,1
9100,1858,,1
9101,1858,,1
9102,1859,,1
9103,1859,,1
9104,1859,,1
9105,1859,,1
9106,1859,,1
9107,1859,,1
9108,1859,,1
9109,1859,,1
9110,1859,,1
9111,1859,,1
9112,1859,,1
9113,1859,,1
9114,1859,,1
9115,83,,1
9116,83,,1
9117,135,,1
9118,135,,1
9120,1660,,1
9121,1660,,1
9122,1660,,1
9123,1660,,1
9124,135,,1
9125,1859,,1
9126,1860,,1
9127,1861,,1
9128,1862,,1
9129,1863,,1
9130,1864,,1
9131,1865,,1
9132,1866,,1
9133,1867,,1
9134,1868,,1
9135,1869,,1
9136,1869,,1
9137,1870,,1
9138,1871,,1
9139,1872,,1
9140,1873,,1
9141,2188,,1
9142,1874,,1
9143,1875,,1
9144,1876,,1
9145,1877,,1
9146,1878,,1
9147,2396,,1
9148,1144,,1
9149,1144,,1
9150,1879,,1
9151,1880,,1
9152,1881,,1
9153,1778,,1
9154,1882,,1
9155,47,,1
9156,47,,1
9157,47,,1
9158,47,,1
9159,47,,1
9160,47,,1
9161,47,,1
9162,1780,,1
9163,1513,,1
9164,1513,,1
9165,1513,,1
9166,1513,,1
9167,1884,,1
9168,1885,,1
9169,1885,,1
9170,1885,,1
9171,1886,,1
9172,1887,,1
9173,1887,,1
9174,1887,,1
9175,1887,,1
9176,1887,,1
9177,1887,,1
9178,1888,,1
9179,1212,,1
9180,1212,,1
9181,1889,,1
9182,1891,,1
9183,1892,,1
9184,1893,,1
9185,1894,,1
9186,1895,,1
9187,1896,,1
9188,1897,,1
9189,1898,,1
9190,1899,,1
9191,1155,,1
9192,1900,,1
9193,1899,,1
9194,1899,,1
9195,1899,,1
9196,1899,,1
9197,1899,,1
9198,1899,,1
9199,1208,,1
9200,1208,,1
9201,1208,,1
9202,1658,,1
9203,1447,,1
9204,1212,,1
9205,1447,,1
9206,1447,,1
9207,1447,,1
9208,834,,1
9209,834,,1
9210,1447,,1
9211,1901,,1
9212,1902,,1
9214,60,,1
9215,1903,,1
9216,1904,,1
9217,1905,,1
9218,688,,1
9219,697,,1
9220,1238,,1
9221,1906,,1
9222,1907,,1
9223,1908,,1
9224,1908,,1
9225,1908,,1
9226,1908,,1
9227,1908,,1
9228,1908,,1
9229,1908,,1
9230,1908,,1
9231,1908,,1
9232,1908,,1
9233,1908,,1
9234,1908,,1
9235,1908,,1
9236,1908,,1
9237,1909,,1
9238,1910,,1
9239,1911,,1
9240,1912,,1
9241,1913,,1
9242,1859,,1
9243,1859,,1
9244,1859,,1
9245,1914,,1
9246,1915,,1
9247,1916,,1
9248,1916,,1
9249,1916,,1
9250,1916,,1
9251,1916,,1
9252,1916,,1
9253,1916,,1
9254,1916,,1
9255,1916,,1
9256,1916,,1
9257,1916,,1
9258,1780,,1
9259,1780,,1
9260,1780,,1
9261,1916,,1
9262,1917,,1
9263,1918,,1
9264,1919,,1
9265,1920,,1
9266,1921,,1
9267,1922,,1
9268,1923,,1
9269,1924,,1
9270,1925,,1
9271,1926,,1
9272,1927,,1
9273,1928,,1
9274,1780,,1
9275,1929,,1
9276,1930,,1
9277,1874,,1
9278,1931,,1
9279,1447,,1
9280,1447,,1
9281,1447,,1
9282,1447,,1
9283,1447,,1
9284,1447,,1
9285,1932,,1
9286,1242,,1
9287,1933,,1
9288,1934,,1
9289,1272,,1
9290,1935,,1
9291,1894,,1
9292,1936,,1
9293,1936,,1
9294,1936,,1
9295,1936,,1
9296,1936,,1
9297,1937,,1
9298,1938,,1
9299,1938,,1
9300,1938,,1
9301,1938,,1
9302,1939,,1
9303,1939,,1
9304,1940,,1
9305,1941,,1
9306,1524,,1
9307,1942,,1
9308,82,,1
9309,20,,1
9310,1520,,1
9311,1901,,1
9312,1943,,1
9313,1944,,1
9314,1945,,1
9315,1946,,1
9316,1944,,1
9317,1134,,1
9318,1947,,1
9319,1948,,1
9320,1916,,1
9321,1938,,1
9322,1463,,1
9323,1463,,1
9324,1463,,1
9325,1657,,1
9326,1949,,1
9327,1744,,1
9328,1744,,1
9330,1950,,1
9331,1950,,1
9332,1951,,1
9333,1843,,1
9334,1908,,1
9335,1908,,1
9336,1164,,1
9337,1164,,1
9338,1164,,1
9339,1164,,1
9340,1952,,1
9341,322,,1
9342,1953,,1
9343,322,,1
9344,1954,,1
9345,422,,1
9346,422,,1
9347,1955,,1
9348,1955,,1
9349,1955,,1
9350,1955,,1
9351,1955,,1
9352,277,,1
9353,1956,,1
9355,256,,1
9356,256,,1
9357,256,,1
9358,121,,1
9359,121,,1
9360,121,,1
9361,121,,1
9362,121,,1
9363,121,,1
9364,448,,1
9365,116,,1
9366,116,,1
9367,116,,1
9368,116,,1
9369,116,,1
9370,116,,1
9371,116,,1
9372,116,,1
9373,116,,1
9374,116,,1
9375,116,,1
9376,116,,1
9383,1957,,1
9384,1958,,1
9385,303,,1
9386,1959,,1
9387,806,,1
9388,1723,,1
9389,1723,,1
9390,692,,1
9391,117,,1
9392,1960,,1
9393,1961,,1
9394,1961,,1
9395,1962,,1
9397,1963,,1
9398,1964,,1
9399,344,,1
9400,344,,1
9401,1965,,1
9402,1965,,1
9403,1965,,1
9404,1965,,1
9405,1965,,1
9406,1965,,1
9407,1965,,1
9408,1965,,1
9409,1965,,1
9410,1965,,1
9411,1965,,1
9412,1965,,1
9413,1965,,1
9414,1965,,1
9415,1965,,1
9416,1965,,1
9417,1965,,1
9418,1966,,1
9419,1967,,1
9420,1968,,1
9421,1969,,1
9422,1970,,1
9423,1971,,1
9424,1972,,1
9425,1973,,1
9426,18,,1
9427,1974,,1
9428,1476,,1
9429,1476,,1
9430,1975,,1
9431,1711,,1
9432,1476,,1
9433,1976,,1
9434,1977,,1
9436,1978,,1
9437,1979,,1
9438,1979,,1
9439,41,,1
9440,1980,,1
9441,1981,,1
9442,1982,,1
9443,1983,,1
9444,1985,,1
9445,1985,,1
9446,1985,,1
9447,1985,,1
9448,1984,,1
9449,1985,,1
9450,1985,,1
9451,1986,,1
9452,1987,,1
9453,1988,,1
9454,1985,,1
9455,1985,,1
9456,1989,,1
9457,1990,,1
9458,1992,,1
9459,1993,,1
9460,1994,,1
9461,1995,,1
9462,1996,,1
9463,1965,,1
9464,1965,,1
9465,1965,,1
9466,1624,,1
9467,1965,,1
9468,1965,,1
9469,1965,,1
9470,1965,,1
9471,1965,,1
9472,1965,,1
9473,1997,,1
9474,1998,,1
9475,1999,,1
9476,2000,,1
9477,2001,,1
9478,2002,,1
9479,2003,,1
9480,2003,,1
9481,2003,,1
9482,2003,,1
9483,2003,,1
9484,1965,,1
9485,1513,,1
9486,1513,,1
9487,1513,,1
9488,1513,,1
9489,2005,,1
9490,2006,,1
9491,2007,,1
9492,2008,,1
9493,2009,,1
9494,2010,,1
9495,2011,,1
9496,2012,,1
9497,2013,,1
9498,2014,,1
9499,2015,,1
9500,2016,,1
9501,2017,,1
9502,2018,,1
9503,2019,,1
9504,2020,,1
9505,2021,,1
9506,2022,,1
9507,2023,,1
9508,2024,,1
9509,2025,,1
9510,2026,,1
9511,2027,,1
9512,2028,,1
9513,2029,,1
9514,2030,,1
9515,2031,,1
9516,2032,,1
9518,2033,,1
9519,2034,,1
9520,2027,,1
9522,2035,,1
9523,2036,,1
9524,2037,,1
9525,2038,,1
9526,2039,,1
9527,2040,,1
9528,2041,,1
9529,2042,,1
9530,2043,,1
9531,2044,,1
9532,2045,,1
9533,2046,,1
9534,2047,,1
9535,2019,,1
9536,2048,,1
9537,2049,,1
9538,2050,,1
9539,2051,,1
9540,2052,,1
9541,2044,,1
9542,2053,,1
9543,2040,,1
9544,2041,,1
9545,2054,,1
9546,2055,,1
9547,2056,,1
9548,2057,,1
9549,2058,,1
9550,2059,,1
9551,2060,,1
9552,2061,,1
9553,2061,,1
9554,2061,,1
9555,2061,,1
9556,2061,,1
9557,2061,,1
9558,2061,,1
9559,2061,,1
9560,2061,,1
9561,2061,,1
9562,2061,,1
9563,2061,,1
9564,2061,,1
9565,2061,,1
9566,2061,,1
9567,2061,,1
9568,2062,,1
9569,2061,,1
9570,2061,,1
9571,1874,,1
9572,1874,,1
9573,1874,,1
9574,1136,,1
9575,1136,,1
9576,2063,,1
9577,1901,,1
9578,1945,,1
9579,2064,,1
9580,2065,,1
9581,2066,,1
9582,2067,,1
9583,2068,,1
9584,2069,,1
9585,1947,,1
9586,1447,,1
9587,1972,,1
9588,1933,,1
9589,2070,,1
9590,2071,,1
9591,2072,,1
9592,2073,,1
9593,2074,,1
9594,2075,,1
9595,2076,,1
9596,2077,,1
9597,2078,,1
9598,2078,,1
9599,2079,,1
9600,2080,,1
9601,2081,,1
9602,2079,,1
9603,2082,,1
9604,2083,,1
9606,2078,,1
9607,1170,,1
9608,2084,,1
9610,2078,,1
9611,2085,,1
9612,2078,,1
9614,2086,,1
9615,2078,,1
9616,1170,,1
9617,2083,,1
9618,2087,,1
9619,2088,,1
9620,2090,,1
9621,2091,,1
9622,1530,,1
9623,1530,,1
9624,1179,,1
9625,1179,,1
9626,2092,,1
9627,2061,,1
9628,2093,,1
9629,2094,,1
9630,2095,,1
9631,2096,,1
9632,2097,,1
9633,2098,,1
9634,2099,,1
9635,2100,,1
9636,2101,,1
9637,2096,,1
9638,2102,,1
9639,2095,,1
9640,2096,,1
9641,2103,,1
9642,2103,,1
9643,2104,,1
9644,2104,,1
9645,2104,,1
9646,2104,,1
9647,2104,,1
9648,2104,,1
9649,2105,,1
9650,2096,,1
9651,2106,,1
9652,2107,,1
9653,1136,,1
9654,1136,,1
9655,2090,,1
9656,2090,,1
9657,2108,,1
9658,2109,,1
9659,2110,,1
9660,2111,,1
9661,2701,,1
9662,2112,,1
9663,2114,,1
9664,2115,,1
9665,2116,,1
9666,2117,,1
9667,2117,,1
9668,2118,,1
9669,2119,,1
9670,2120,,1
9673,2121,,1
9674,2122,,1
9675,2123,,1
9676,2124,,1
9677,2124,,1
9678,2125,,1
9679,2126,,1
9680,2127,,1
9681,2128,,1
9682,2127,,1
9683,2129,,1
9684,2130,,1
9685,2131,,1
9686,2132,,1
9687,2132,,1
9688,2132,,1
9689,2132,,1
9690,2132,,1
9691,2132,,1
9692,2132,,1
9693,2132,,1
9694,2133,,1
9695,2134,,1
9696,2135,,1
9697,2136,,1
9698,2137,,1
9699,2138,,1
9700,2139,,1
9701,2140,,1
9702,2141,,1
9703,2142,,1
9704,2143,,1
9705,2144,,1
9706,2140,,1
9707,2145,,1
9708,2146,,1
9709,2147,,1
9710,2148,,1
9711,2149,,1
9712,2150,,1
9713,2151,,1
9714,2152,,1
9715,2153,,1
9716,2154,,1
9717,2155,,1
9718,2156,,1
9719,2149,,1
9720,2157,,1
9721,2157,,1
9722,2157,,1
9723,2157,,1
9724,2157,,1
9725,2157,,1
9726,2157,,1
9727,2157,,1
9728,2157,,1
9729,2157,,1
9730,2157,,1
9731,2158,,1
9732,2159,,1
9733,2160,,1
9734,2104,,1
9735,2161,,1
9736,2106,,1
9737,1352,,1
9738,2162,,1
9739,2163,,1
9740,2140,,1
9741,2140,,1
9742,2164,,1
9743,2188,,1
9744,2165,,1
9745,2188,,1
9746,2166,,1
9747,2188,,1
9748,2188,,1
9749,2188,,1
9750,2188,,1
9751,2188,,1
9752,2167,,1
9753,2168,,1
9754,2169,,1
9755,2170,,1
9757,2171,,1
9758,2172,,1
9759,2173,,1
9760,2174,,1
9761,2174,,1
9762,2174,,1
9763,1136,,1
9764,1136,,1
9765,1136,,1
9766,2175,,1
9767,2176,,1
9768,2176,,1
9769,2176,,1
9770,2176,,1
9771,2176,,1
9772,2176,,1
9773,2176,,1
9774,2176,,1
9775,2176,,1
9776,2177,,1
9777,2178,,1
9778,2179,,1
9779,2180,,1
9780,2181,,1
9781,2182,,1
9782,2176,,1
9783,2183,,1
9784,2183,,1
9785,2183,,1
9786,2183,,1
9787,2184,,1
9788,2185,,1
9789,1144,,1
9790,1181,,1
9791,1181,,1
9792,1181,,1
9793,1147,,1
9794,2176,,1
9795,2176,,1
9796,2186,,1
9797,2186,,1
9798,2186,,1
9799,2186,,1
9800,2186,,1
9801,2186,,1
9802,2186,,1
9803,2186,,1
9804,2186,,1
9805,1147,,1
9806,1147,,1
9807,1147,,1
9808,1147,,1
9809,1147,,1
9810,1147,,1
9811,1147,,1
9812,1147,,1
9813,1147,,1
9814,1147,,1
9815,1147,,1
9816,1147,,1
9817,1874,,1
9818,1530,,1
9819,1874,,1
9820,1874,,1
9821,1874,,1
9822,1874,,1
9823,1874,,1
9824,1874,,1
9825,1874,,1
9826,1874,,1
9827,1874,,1
9828,1874,,1
9829,2187,,1
9830,2187,,1
9831,2187,,1
9832,2187,,1
9833,2187,,1
9834,1874,,1
9835,2188,,1
9836,2188,,1
9837,2189,,1
9838,2190,,1
9839,2191,,1
9840,2191,,1
9841,2191,,1
9842,2191,,1
9843,2191,,1
9844,2192,,1
9845,2192,,1
9846,2192,,1
9847,2192,,1
9848,1874,,1
9849,1874,,1
9850,2186,,1
9851,2186,,1
9852,2193,,1
9853,2193,,1
9854,2193,,1
9855,2194,,1
9856,2193,,1
9857,2176,,1
9858,2192,,1
9859,2195,,1
9860,2195,,1
9861,2195,,1
9862,2129,,1
9863,2192,,1
9864,2192,,1
9865,2192,,1
9866,2192,,1
9867,2192,,1
9868,2195,,1
9869,2196,,1
9870,2196,,1
9871,2197,,1
9872,2198,,1
9873,2199,,1
9874,2199,,1
9875,1680,,1
9876,2195,,1
9877,2187,,1
9878,2200,,1
9879,1365,,1
9880,1365,,1
9881,2191,,1
9882,2191,,1
9883,2191,,1
9884,2191,,1
9885,2191,,1
9886,2191,,1
9887,2191,,1
9888,2191,,1
9889,2191,,1
9890,2191,,1
9891,2191,,1
9892,2191,,1
9893,2191,,1
9894,2191,,1
9895,2191,,1
9896,1530,,1
9897,1530,,1
9898,1187,,1
9899,1187,,1
9900,1187,,1
9901,1187,,1
9902,2201,,1
9903,2202,,1
9904,1176,,1
9905,1176,,1
9906,2203,,1
9907,2203,,1
9908,2203,,1
9909,2203,,1
9910,2203,,1
9911,2204,,1
9913,2204,,1
9914,2205,,1
9915,2204,,1
9916,2206,,1
9917,2206,,1
9918,2206,,1
9919,2206,,1
9920,2207,,1
9921,1271,,1
9922,2208,,1
9923,2209,,1
9924,2210,,1
9925,2211,,1
9926,1894,,1
9927,1582,,1
9928,1778,,1
9929,2065,,1
9930,2212,,1
9931,2213,,1
9932,2214,,1
9933,2175,,1
9934,2215,,1
9935,2090,,1
9936,1778,,1
9937,2216,,1
9938,2218,,1
9939,1778,,1
9940,2090,,1
9941,2219,,1
9942,1153,,1
9943,1421,,1
9944,1935,,1
9945,2220,,1
9946,2221,,1
9947,2222,,1
9948,2222,,1
9949,2222,,1
9950,2222,,1
9951,2223,,1
9952,2223,,1
9953,2223,,1
9954,2223,,1
9955,2223,,1
9956,2224,,1
9957,1944,,1
9958,2160,,1
9959,2225,,1
9960,2226,,1
9961,1968,,1
9962,2160,,1
9963,2227,,1
9964,2228,,1
9965,2229,,1
9966,2229,,1
9967,2229,,1
9968,2230,,1
9969,2231,,1
9970,2232,,1
9971,2233,,1
9972,2234,,1
9973,2235,,1
9974,1311,,1
9975,2236,,1
9976,2236,,1
9977,2236,,1
9978,2236,,1
9979,2236,,1
9980,2236,,1
9981,2236,,1
9982,2236,,1
9983,2237,,1
9984,2237,,1
9985,2237,,1
9986,2237,,1
9987,2237,,1
9988,2237,,1
9989,2237,,1
9990,1311,,1
9991,2237,,1
9992,2238,,1
9993,2238,,1
9994,2238,,1
9995,2239,,1
9996,2236,,1
9997,2236,,1
9999,2236,,1
10000,2240,,1
10001,2241,,1
10002,1311,,1
10003,2236,,1
10004,2236,,1
10005,2187,,1
10006,1311,,1
10007,1311,,1
10008,1311,,1
10009,2242,,1
10010,2243,,1
10011,2244,,1
10012,2244,,1
10013,2245,,1
10014,2245,,1
10015,2245,,1
10016,1657,,1
10017,1657,,1
10018,2246,,1
10019,2246,,1
10020,2246,,1
10021,2246,,1
10022,2246,,1
10023,2246,,1
10024,2246,,1
10025,2246,,1
10026,2246,,1
10027,2246,,1
10029,2223,,1
10030,2247,,1
10031,1175,,1
10032,2246,,1
10033,2246,,1
10034,2248,,1
10035,2248,,1
10036,1431,,1
10045,2206,,1
10046,2206,,1
10047,2206,,1
10048,2206,,1
10049,2206,,1
10050,2206,,1
10051,2248,,1
10052,2248,,1
10053,2248,,1
10054,2249,,1
10055,2249,,1
10056,2249,,1
10057,2249,,1
10058,2249,,1
10059,2249,,1
10060,2249,,1
10061,2249,,1
10062,2249,,1
10063,2249,,1
10064,2249,,1
10065,1667,,1
10066,1667,,1
10067,2249,,1
10068,2249,,1
10069,2249,,1
10070,2249,,1
10071,2249,,1
10072,2250,,1
10073,1181,,1
10074,2251,,1
10075,2251,,1
10076,2251,,1
10077,2251,,1
10078,2251,,1
10079,2251,,1
10080,2251,,1
10081,2251,,1
10082,2251,,1
10083,2251,,1
10084,2251,,1
10085,2251,,1
10086,2241,,1
10087,1843,,1
10088,2252,,1
10089,2253,,1
10090,1962,,1
10091,2249,,1
10092,2767,,1
10093,2254,,1
10094,2241,,1
10095,2241,,1
10096,38,,1
10100,2255,,1
10101,2256,,1
10102,2257,,1
10103,2258,,1
10104,2259,,1
10105,2260,,1
10106,2261,,1
10107,2252,,1
10108,2252,,1
10109,2252,,1
10121,2252,,1
10122,2252,,1
10123,2262,,1
10124,82,,1
10125,2264,,1
10127,82,,1
10128,2262,,1
10129,2262,,1
10130,2262,,1
10131,2262,,1
10132,2262,,1
10133,2262,,1
10134,2262,,1
10135,2265,,1
10136,2265,,1
10137,2265,,1
9756,2265,,1
10138,2265,,1
10139,2265,,1
10140,2265,,1
10141,2265,,1
10142,2265,,1
10143,2265,,1
10144,2265,,1
10145,2265,,1
10146,2265,,1
10147,2265,,1
10148,2265,,1
10149,2265,,1
10150,2262,,1
10151,2264,,1
10152,2266,,1
10153,2262,,1
10154,2267,,1
10155,2268,,1
10156,2267,,1
10157,2267,,1
10158,2217,,1
10159,2262,,1
10160,2262,,1
10161,2262,,1
10162,2262,,1
10163,2262,,1
10164,2269,,1
10165,2270,,1
10166,2271,,1
10167,2272,,1
10168,2273,,1
10169,2270,,1
10170,2252,,1
10171,2274,,1
10172,2275,,1
10173,2252,,1
10174,2276,,1
10175,588,,1
10176,588,,1
10177,2277,,1
10178,2278,,1
10179,2269,,1
10180,2279,,1
10181,2280,,1
10182,2280,,1
10183,2281,,1
10184,2282,,1
10185,2283,,1
10186,2284,,1
10187,2285,,1
10188,1956,,1
10189,1956,,1
10190,1956,,1
10191,1956,,1
10192,1956,,1
10193,1956,,1
10194,1399,,1
10195,2286,,1
10196,2265,,1
10197,2265,,1
10198,2287,,1
10200,1908,,1
10201,20,,1
10202,1399,,1
10203,2288,,1
10204,2288,,1
10205,2288,,1
10206,2288,,1
10207,2288,,1
10208,2288,,1
10209,2288,,1
10210,2288,,1
10211,2288,,1
10212,1399,,1
10213,1399,,1
10214,2289,,1
10216,2290,,1
10217,2291,,1
10218,2289,,1
10219,2289,,1
10220,2289,,1
10221,2289,,1
10222,2289,,1
10223,2289,,1
10224,2289,,1
10225,2289,,1
10226,2289,,1
10227,2289,,1
10228,2289,,1
10229,2292,,1
10230,2293,,1
10231,2265,,1
10232,2294,,1
10233,2294,,1
10234,1521,,1
10235,1521,,1
10236,1266,,1
10237,1963,,1
10238,225,,1
10239,1300,,1
10240,1431,,1
10241,1431,,1
10242,1431,,1
10243,2295,,1
10244,2296,,1
10245,183,,1
10246,2297,,1
10248,2298,,1
10249,2300,,1
10253,497,,1
10254,183,,1
10255,699,,1
10256,1908,,1
10257,2301,,1
10258,2223,,1
10259,2302,,1
10260,2303,,1
10261,2304,,1
10262,2305,,1
10263,2305,,1
10264,2305,,1
10265,2305,,1
10266,2306,,1
10267,2307,,1
10268,878,,1
10269,878,,1
10270,1157,,1
10271,2308,,1
10272,257,,1
10273,257,,1
10274,85,,1
10275,2308,,1
10276,2307,,1
10278,1522,,1
10279,2309,,1
10280,2310,,1
10281,2311,,1
10282,2312,,1
10285,2313,,1
10286,955,,1
10287,1384,,1
10288,2314,,1
10289,2314,,1
10290,2314,,1
10291,2314,,1
10292,62,,1
10293,2315,,1
10294,2257,,1
10295,2316,,1
10296,2317,,1
10297,2318,,1
10298,1476,,1
10299,2318,,1
10300,2318,,1
10301,2318,,1
10302,2318,,1
10303,2318,,1
10304,2318,,1
10305,2318,,1
10306,2318,,1
10307,2318,,1
10308,2318,,1
10309,638,,1
10310,638,,1
10311,638,,1
10312,638,,1
10313,2319,,1
10314,2319,,1
10315,2318,,1
10316,2318,,1
10317,111,,1
10318,111,,1
10319,111,,1
10320,111,,1
10321,111,,1
10322,2320,,1
10323,2320,,1
10324,2320,,1
10325,2320,,1
10326,2320,,1
10327,111,,1
10328,2321,,1
10329,1955,,1
10330,2322,,1
10331,2323,,1
10332,2324,,1
10333,2326,,1
10334,2327,,1
10335,2328,,1
10336,2329,,1
10337,2330,,1
10339,2332,,1
10340,2333,,1
10341,2334,,1
10342,1856,,1
10343,2335,,1
10344,2336,,1
10345,2337,,1
10346,2338,,1
10347,2339,,1
10348,2337,,1
10349,2340,,1
10350,2341,,1
10351,731,,1
10352,731,,1
10353,2343,,1
10354,2344,,1
10355,344,,1
10356,2346,,1
10357,2337,,1
10358,1856,,1
10359,2347,,1
10360,2348,,1
10361,2349,,1
10362,2350,,1
10363,2351,,1
10364,125,,1
10365,2352,,1
10366,2352,,1
10367,2353,,1
10368,2353,,1
10369,1646,,1
10370,1646,,1
10371,1646,,1
10372,1646,,1
10373,1646,,1
10374,1646,,1
10375,1646,,1
10376,1646,,1
10377,1646,,1
10378,1646,,1
10379,1646,,1
10380,1646,,1
10381,1646,,1
10382,1646,,1
10383,1646,,1
10384,2354,,1
10385,2355,,1
10386,2003,,1
10387,2357,,1
10388,2358,,1
10389,2359,,1
10390,2357,,1
10391,2357,,1
10392,160,,1
10393,160,,1
10394,160,,1
10395,160,,1
10396,160,,1
10397,160,,1
10398,160,,1
10399,160,,1
10400,160,,1
10401,160,,1
10402,2360,,1
10403,2361,,1
10404,2361,,1
10405,2362,,1
10407,2363,,1
10408,2364,,1
10409,160,,1
10410,2357,,1
10411,2365,,1
10412,2366,,1
10413,633,,1
10414,2367,,1
10415,2368,,1
10416,633,,1
10417,160,,1
10418,2369,,1
10419,2305,,1
10420,2305,,1
10421,2305,,1
10422,2305,,1
10423,731,,1
10424,854,,1
10425,854,,1
10426,854,,1
10427,854,,1
10428,1040,,1
10429,2370,,1
10430,2371,,1
10431,2372,,1
10432,2373,,1
10433,425,,1
10434,2374,,1
10435,1711,,1
10436,1975,,1
10437,2375,,1
10438,955,,1
10439,1476,,1
10440,1476,,1
10441,955,,1
10442,955,,1
10443,955,,1
10444,955,,1
10445,955,,1
10446,955,,1
10447,955,,1
10448,955,,1
10449,2376,,1
10450,2376,,1
10451,2376,,1
10452,835,,1
10453,835,,1
10455,1476,,1
10456,1476,,1
10457,1476,,1
10458,1476,,1
10459,1476,,1
10460,1476,,1
10461,1476,,1
10462,835,,1
10463,835,,1
10464,835,,1
10465,835,,1
10466,2372,,1
10467,2372,,1
10468,2372,,1
10469,2372,,1
10470,2372,,1
10471,2372,,1
10472,2372,,1
10473,2372,,1
10474,2372,,1
10475,955,,1
10476,955,,1
10477,955,,1
10478,955,,1
10479,955,,1
10480,955,,1
10481,1395,,1
10482,2262,,1
10484,2378,,1
10485,2378,,1
10486,2378,,1
10487,2378,,1
10488,2378,,1
10489,2378,,1
10490,2378,,1
10491,2378,,1
10492,2378,,1
10493,2378,,1
10494,2378,,1
10495,2378,,1
10496,2378,,1
10497,1199,,1
10498,1199,,1
10499,1199,,1
10500,1199,,1
10501,1199,,1
10502,1199,,1
10503,1199,,1
10504,1199,,1
10505,1199,,1
10506,1200,,1
10507,1200,,1
10508,1200,,1
10509,1200,,1
10510,1200,,1
10511,1200,,1
10512,1200,,1
10513,1200,,1
10514,1200,,1
10515,1200,,1
10516,2379,,1
10517,1198,,1
10518,2376,,1
10519,1198,,1
10520,1198,,1
10521,1198,,1
10522,1459,,1
10523,115,,1
10524,1459,,1
10525,115,,1
10526,115,,1
10527,115,,1
10528,2369,,1
10529,2380,,1
10530,2382,,1
10531,2383,,1
10532,2384,,1
10533,972,,1
10534,2385,,1
10535,2386,,1
10536,2386,,1
10537,2387,,1
10538,2388,,1
10539,1199,,1
10540,110,,1
10541,110,,1
10542,110,,1
10543,110,,1
10544,110,,1
10545,180,,1
10546,2389,,1
10547,2390,,1
10548,2396,,1
10549,2391,,1
10550,2392,,1
10551,2393,,1
10552,2394,,1
10553,2395,,1
10554,2396,,1
10555,2397,,1
10556,2398,,1
10557,2399,,1
10558,2405,,1
10559,2400,,1
10560,2401,,1
10561,2402,,1
10562,2403,,1
10563,2404,,1
10564,2405,,1
10565,1136,,1
10566,1136,,1
10567,2406,,1
10568,2407,,1
10569,2408,,1
10570,2409,,1
10571,2410,,1
10572,2411,,1
10573,1467,,1
10574,1467,,1
10575,1467,,1
10576,2412,,1
10577,2413,,1
10578,2414,,1
10579,2414,,1
10580,2414,,1
10581,2415,,1
10582,2310,,1
10583,2416,,1
10584,2417,,1
10585,2418,,1
10586,2419,,1
10587,2420,,1
10588,2421,,1
10589,2422,,1
10590,1479,,1
10591,1479,,1
10592,1479,,1
10593,1479,,1
10594,497,,1
10595,2268,,1
10596,2423,,1
10597,2424,,1
10598,2417,,1
10599,2425,,1
10600,2426,,1
10601,2427,,1
10602,349,,1
10603,435,,1
10604,435,,1
10605,435,,1
10606,435,,1
10607,2428,,1
10608,2429,,1
10609,2430,,1
10610,2431,,1
10611,2432,,1
10612,2433,,1
10613,2434,,1
10614,2434,,1
10615,2434,,1
10616,2434,,1
10617,2434,,1
10618,1136,,1
10619,1136,,1
10620,2435,,1
10621,2435,,1
10622,1944,,1
10623,2436,,1
10624,2437,,1
10625,1944,,1
10626,2435,,1
10627,2435,,1
10628,2435,,1
10629,1136,,1
10630,1880,,1
10631,1880,,1
10632,2438,,1
10633,2439,,1
10634,2440,,1
10635,1652,,1
10636,1652,,1
10637,2441,,1
10638,2442,,1
10639,2443,,1
10640,2442,,1
10641,2442,,1
10642,2442,,1
10643,2442,,1
10644,2444,,1
10645,2445,,1
10646,2310,,1
10647,1735,,1
10648,2441,,1
10649,2441,,1
10650,2441,,1
10651,2446,,1
10652,2441,,1
10653,2443,,1
10654,2447,,1
10655,2448,,1
10656,2443,,1
10657,2441,,1
10658,2443,,1
10659,2449,,1
10660,2450,,1
10661,2451,,1
10662,2452,,1
10663,2453,,1
10664,2454,,1
10665,2455,,1
10666,2451,,1
10667,2456,,1
10668,2457,,1
10669,2458,,1
10670,1080,,1
10671,2459,,1
10672,2460,,1
10673,2461,,1
10674,2462,,1
10675,19,,1
10676,19,,1
10677,19,,1
10678,855,,1
10680,159,,1
10681,1113,,1
10682,1113,,1
10683,103,,1
10684,109,,1
10685,103,,1
10686,103,,1
10687,200,,1
10688,103,,1
10689,1267,,1
10690,2443,,1
10691,2443,,1
10692,33,,1
10693,2464,,1
10694,2465,,1
10695,2466,,1
10696,2466,,1
10697,2466,,1
10698,245,,1
10699,2466,,1
10700,2467,,1
10701,109,,1
10702,2302,,1
10703,2468,,1
10704,138,,1
10705,168,,1
10706,168,,1
10707,109,,1
10708,1543,,1
10709,1543,,1
10710,1543,,1
10711,1543,,1
10712,1543,,1
10713,1543,,1
10714,2466,,1
10715,2466,,1
10716,2466,,1
10717,2470,,1
10718,2471,,1
10719,2472,,1
10720,1485,,1
10721,2473,,1
10722,2474,,1
10723,2475,,1
10724,2476,,1
10725,24,,1
10726,24,,1
10727,24,,1
10728,24,,1
10729,24,,1
10730,24,,1
10731,24,,1
10732,24,,1
10733,24,,1
10734,24,,1
10735,24,,1
10736,24,,1
10737,2477,,1
10738,2477,,1
10739,2477,,1
10740,2477,,1
10741,2477,,1
10742,2478,,1
10743,683,,1
10744,683,,1
10745,2477,,1
10746,2477,,1
10747,24,,1
10748,24,,1
10749,24,,1
10750,24,,1
10751,2480,,1
10752,2265,,1
10753,2477,,1
10754,2466,,1
10755,2466,,1
10756,2466,,1
10757,2466,,1
10758,2466,,1
10759,186,,1
10760,186,,1
10761,186,,1
10762,2477,,1
10763,2477,,1
10764,2477,,1
10765,186,,1
10766,186,,1
10767,186,,1
10768,186,,1
10769,186,,1
10770,186,,1
10771,186,,1
10772,186,,1
10773,244,,1
10774,244,,1
10776,1181,,1
10777,1070,,1
10778,2481,,1
10779,2481,,1
10780,2481,,1
10781,32,,1
10782,32,,1
10783,32,,1
10784,32,,1
10785,32,,1
10786,32,,1
10787,32,,1
10788,32,,1
10789,32,,1
10790,32,,1
10791,32,,1
10792,32,,1
10793,32,,1
10794,32,,1
10795,2482,,1
10796,32,,1
10797,2483,,1
10798,2484,,1
10799,2485,,1
10800,2486,,1
10801,2488,,1
10802,1658,,1
10803,1759,,1
10804,1191,,1
10805,2489,,1
10806,2490,,1
10807,2492,,1
10808,1181,,1
10809,138,,1
10810,251,,1
10811,137,,1
10812,137,,1
10813,750,,1
10814,750,,1
10815,824,,1
10816,402,,1
10817,402,,1
10818,402,,1
10819,402,,1
10820,2494,,1
10821,1957,,1
10822,89,,1
10823,89,,1
10824,855,,1
10825,2495,,1
10826,2497,,1
10827,1181,,1
10828,1181,,1
10829,1181,,1
10830,2468,,1
10831,2468,,1
10832,75,,1
10833,2252,,1
10834,2252,,1
10835,2498,,1
10836,1521,,1
10837,1521,,1
10838,1521,,1
10839,2500,,1
10840,2501,,1
10841,2500,,1
10842,2500,,1
10843,2501,,1
10844,2500,,1
10845,2502,,1
10846,2500,,1
10847,2502,,1
10848,2501,,1
10849,2503,,1
10850,2503,,1
10851,2504,,1
10852,1874,,1
10853,1874,,1
10854,2472,,1
10855,2472,,1
10856,2472,,1
10857,2472,,1
10858,2472,,1
10859,2472,,1
10860,2472,,1
10861,2472,,1
10862,2472,,1
10863,2472,,1
10864,2472,,1
10865,2472,,1
10866,1950,,1
10867,2505,,1
10868,2505,,1
10869,1781,,1
10870,1781,,1
10871,1781,,1
10872,184,,1
10873,184,,1
10874,184,,1
10875,184,,1
10876,184,,1
10877,184,,1
10878,184,,1
10879,184,,1
10880,184,,1
10881,184,,1
10882,184,,1
10885,2506,,1
10886,2506,,1
10887,255,,1
10892,2507,,1
10893,2507,,1
10894,2507,,1
10895,2507,,1
10896,2507,,1
10897,2507,,1
10898,2507,,1
10899,2507,,1
10900,2507,,1
10901,2507,,1
10902,2507,,1
10903,2508,,1
10904,1785,,1
10905,2508,,1
10907,2508,,1
10908,2509,,1
10909,2510,,1
10910,2511,,1
10912,599,,1
10913,599,,1
10914,599,,1
10915,599,,1
10916,599,,1
10917,2512,,1
10918,2512,,1
10919,2512,,1
10920,2512,,1
10921,2512,,1
10922,2512,,1
10923,2512,,1
10924,2512,,1
10925,2512,,1
10926,2512,,1
10927,2512,,1
10928,599,,1
10929,2513,,1
10930,2512,,1
10931,2512,,1
10932,2512,,1
10933,599,,1
10934,1708,,1
10935,2514,,1
10936,1624,,1
10937,1624,,1
10938,1624,,1
10939,1624,,1
10940,1624,,1
10941,1624,,1
10942,1624,,1
10943,2515,,1
10944,2515,,1
10945,2515,,1
10946,307,,1
10947,2516,,1
10948,2516,,1
10949,2517,,1
10950,430,,1
10951,2518,,1
10952,2519,,1
10953,2520,,1
10954,341,,1
10955,1783,,1
10956,1783,,1
10957,1783,,1
10958,1783,,1
10959,1783,,1
10960,1783,,1
10961,1783,,1
10962,1783,,1
10963,1783,,1
10964,2521,,1
10965,2522,,1
10966,333,,1
10967,333,,1
10968,333,,1
10969,333,,1
10970,333,,1
10971,333,,1
10972,333,,1
10973,333,,1
10974,333,,1
10975,333,,1
10976,333,,1
10977,333,,1
10978,302,,1
10979,302,,1
10980,302,,1
10981,349,,1
10982,349,,1
10983,349,,1
10984,349,,1
10985,349,,1
10986,921,,1
10987,921,,1
10988,2524,,1
10989,2525,,1
10990,2524,,1
10991,1276,,1
10992,1276,,1
10993,2526,,1
10994,670,,1
10995,670,,1
10996,670,,1
10997,670,,1
10998,1094,,1
10999,1094,,1
11000,1094,,1
11001,1094,,1
11002,1094,,1
11003,1094,,1
11004,1094,,1
11005,2527,,1
11006,2527,,1
11007,2527,,1
11008,2527,,1
11009,2527,,1
11010,2527,,1
11011,2527,,1
11012,2528,,1
11013,2529,,1
11014,2529,,1
11015,2529,,1
11016,2528,,1
11017,2529,,1
11018,2529,,1
11019,2529,,1
11020,2529,,1
11021,1405,,1
11022,1405,,1
11023,1405,,1
11024,1405,,1
11025,1405,,1
11026,1405,,1
11027,1405,,1
11028,1405,,1
11029,2530,,1
11030,2531,,1
11031,1264,,1
11032,1264,,1
11033,1264,,1
11034,1264,,1
11035,1264,,1
11036,1264,,1
11037,743,,1
11038,2532,,1
11039,1448,,1
11040,1448,,1
11041,1448,,1
11042,1448,,1
11043,1448,,1
11044,2521,,1
11045,2521,,1
11046,1448,,1
11047,1448,,1
11048,2532,,1
11049,2532,,1
11050,2532,,1
11051,2533,,1
11052,2533,,1
11053,2533,,1
11054,2533,,1
11055,2533,,1
11056,2533,,1
11057,2533,,1
11058,2533,,1
11059,2533,,1
11060,2533,,1
11061,2533,,1
11062,2533,,1
11063,2533,,1
11064,2521,,1
11065,5,,1
11066,5,,1
11067,5,,1
11068,5,,1
11069,5,,1
11070,2534,,1
11071,2535,,1
11072,2536,,1
11073,2537,,1
11074,2538,,1
11075,1207,,1
11076,1210,,1
11077,185,,1
11078,185,,1
11079,185,,1
11080,188,,1
11081,188,,1
11082,188,,1
11083,188,,1
11084,2539,,1
11085,2540,,1
11086,2541,,1
11087,2542,,1
11088,2543,,1
11089,2539,,1
11090,2544,,1
11091,2543,,1
11092,2545,,1
11093,2546,,1
11094,2547,,1
11095,2547,,1
11096,2548,,1
11097,2548,,1
11098,2548,,1
11099,2548,,1
11100,2548,,1
11101,185,,1
11102,185,,1
11103,2549,,1
11105,707,,1
11106,707,,1
11107,707,,1
11108,2550,,1
11109,2550,,1
11112,758,,1
11113,2551,,1
11114,2302,,1
11115,2302,,1
11116,2302,,1
11117,2302,,1
11118,2302,,1
11119,2302,,1
11120,2552,,1
11121,2535,,1
11122,2535,,1
11123,2535,,1
11124,1544,,1
11125,2553,,1
11126,2554,,1
11127,2555,,1
11128,2556,,1
11129,2557,,1
11130,2558,,1
11131,2559,,1
11132,2560,,1
11133,2561,,1
11134,2562,,1
11135,1765,,1
11136,2563,,1
11137,2564,,1
11138,2076,,1
11139,2565,,1
11140,2566,,1
11141,2567,,1
11142,2568,,1
11143,2180,,1
11144,2569,,1
11146,2570,,1
11147,2571,,1
11148,2572,,1
11149,2573,,1
11150,2574,,1
11151,2575,,1
11152,2576,,1
11153,2577,,1
11154,2578,,1
11155,2347,,1
11156,2579,,1
11157,2580,,1
11158,2581,,1
11159,2582,,1
11160,2583,,1
11161,197,,1
11162,51,,1
11163,2584,,1
11164,2264,,1
11165,2264,,1
11166,2264,,1
11167,2264,,1
11168,5,,1
11169,2584,,1
11170,2584,,1
11171,2584,,1
11172,2264,,1
11173,2264,,1
11174,2264,,1
11175,2585,,1
11176,2586,,1
11177,149,,1
11178,2587,,1
11179,2588,,1
11180,2589,,1
11181,197,,1
11182,2590,,1
11183,2591,,1
11184,2592,,1
11185,2593,,1
11186,2594,,1
11187,2552,,1
11188,2595,,1
11189,2596,,1
11190,2597,,1
11191,2598,,1
11192,2599,,1
11193,1644,,1
11194,2934,,1
11195,1644,,1
11196,2600,,1
11197,1644,,1
11198,2264,,1
11199,2264,,1
11200,2264,,1
11201,2264,,1
11202,2264,,1
11203,2264,,1
11204,2264,,1
11205,2596,,1
11206,2596,,1
11207,2596,,1
11208,2601,,1
11209,2601,,1
11210,2601,,1
11211,2601,,1
11212,2601,,1
11213,2601,,1
11214,2601,,1
11215,2601,,1
11216,2601,,1
11217,2602,,1
11218,2604,,1
11219,2604,,1
11220,2604,,1
11221,2605,,1
11222,2095,,1
11223,2606,,1
11224,2606,,1
11225,2606,,1
11226,2606,,1
11227,2606,,1
11228,824,,1
11229,2973,,1
11230,824,,1
11231,2606,,1
11232,2606,,1
11233,2973,,1
11234,159,,1
11235,1113,,1
11236,1113,,1
11237,1113,,1
11238,1113,,1
11239,1113,,1
11240,1113,,1
11241,2607,,1
11242,2608,,1
11243,2601,,1
11244,2609,,1
11245,2610,,1
11246,2611,,1
11247,2612,,1
11248,2585,,1
11249,2535,,1
11250,2535,,1
11251,2535,,1
11252,2535,,1
11253,2613,,1
11254,2613,,1
11255,2613,,1
11256,2614,,1
11257,2615,,1
11258,2585,,1
11259,2585,,1
11260,2585,,1
11261,2585,,1
11262,2585,,1
11263,2585,,1
11264,2585,,1
11265,2585,,1
11269,2616,,1
11270,2617,,1
11271,2618,,1
11272,2618,,1
11273,2619,,1
11274,2620,,1
11275,2622,,1
11276,696,,1
11277,2002,,1
11278,2623,,1
11279,2624,,1
11280,1466,,1
11281,2624,,1
11282,2624,,1
11283,2624,,1
11284,2624,,1
11285,2624,,1
11286,2,,1
11287,2,,1
11288,2,,1
11289,2,,1
11290,2,,1
11291,2,,1
11292,2,,1
11293,2625,,1
11294,2625,,1
11295,2625,,1
11296,2625,,1
11297,2625,,1
11298,2625,,1
11299,2625,,1
11300,2625,,1
11301,2625,,1
11302,2625,,1
11303,2625,,1
11304,2625,,1
11305,1551,,1
11306,1551,,1
11307,1551,,1
11308,2626,,1
11309,2627,,1
11310,2626,,1
11311,2626,,1
11312,2626,,1
11313,2626,,1
11314,2626,,1
11315,2626,,1
11316,2626,,1
11317,2625,,1
11318,2625,,1
11319,2625,,1
11320,2625,,1
11321,2625,,1
11322,1551,,1
11323,2628,,1
11324,2629,,1
11325,2630,,1
11326,2332,,1
11327,2631,,1
11328,188,,1
11330,2632,,1
11332,2633,,1
11333,2376,,1
11334,2628,,1
11335,2376,,1
11336,2355,,1
11337,2355,,1
11338,2376,,1
11339,2634,,1
11340,2635,,1
11341,2636,,1
11342,2376,,1
11343,2628,,1
11344,2376,,1
11345,2628,,1
11346,1914,,1
11347,2306,,1
11348,1551,,1
11349,1551,,1
11350,1551,,1
11351,1551,,1
11352,1699,,1
11353,1601,,1
11354,2003,,1
11355,1472,,1
11356,2637,,1
11357,2379,,1
11358,2638,,1
11359,2638,,1
11360,2638,,1
11361,2638,,1
11362,1514,,1
11363,2639,,1
11364,2640,,1
11365,2641,,1
11366,2642,,1
11367,2004,,1
11368,2643,,1
11369,2644,,1
11370,2003,,1
11371,2003,,1
11372,224,,1
11373,2645,,1
11374,2645,,1
11375,2645,,1
11376,2645,,1
11377,2645,,1
11378,2645,,1
11379,2645,,1
11380,2645,,1
11381,2645,,1
11382,2645,,1
11383,2645,,1
11384,2645,,1
11385,2645,,1
11386,2645,,1
11387,2645,,1
11388,2645,,1
11389,2645,,1
11390,2645,,1
11391,2568,,1
11392,2645,,1
11393,2645,,1
11394,2645,,1
11395,2645,,1
11396,2646,,1
11397,1644,,1
11398,2647,,1
11399,2647,,1
11400,2645,,1
11401,2648,,1
11402,2645,,1
11403,2649,,1
11404,2650,,1
11405,2648,,1
11406,2648,,1
11407,2651,,1
11408,1070,,1
11409,1070,,1
11410,1070,,1
11411,1070,,1
11412,1070,,1
11413,2652,,1
11414,2653,,1
11415,2601,,1
11416,2653,,1
11417,2648,,1
11418,2648,,1
11419,2651,,1
11420,2651,,1
11421,2649,,1
11422,2654,,1
11423,1367,,1
11424,2651,,1
11425,2651,,1
11426,2655,,1
11427,2655,,1
11428,20,,1
11429,2484,,1
11431,2657,,1
11432,2870,,1
11433,2658,,1
11434,2659,,1
11435,2660,,1
11436,2661,,1
11437,2634,,1
11438,2302,,1
11439,1267,,1
11441,2418,,1
11442,2662,,1
11443,2653,,1
11444,2663,,1
11445,1267,,1
11446,2252,,1
11447,2664,,1
11448,490,,1
11449,2662,,1
11450,1637,,1
11451,490,,1
11452,490,,1
11453,2381,,1
11455,2415,,1
11456,2653,,1
11457,2662,,1
11458,1514,,1
11459,1514,,1
11460,2665,,1
11461,1689,,1
11462,2599,,1
11463,2599,,1
11464,1367,,1
11465,2599,,1
11466,2634,,1
11467,2666,,1
11468,18,,1
11469,2652,,1
11470,2662,,1
11471,1908,,1
11472,2974,,1
11473,2974,,1
11474,2974,,1
11475,2974,,1
11476,2974,,1
11477,2667,,1
11478,2668,,1
11479,2667,,1
11480,2669,,1
11481,2532,,1
11482,2653,,1
11483,2653,,1
11484,2653,,1
11485,2653,,1
11486,1735,,1
11487,2670,,1
11488,2671,,1
11489,2672,,1
11490,2673,,1
11491,2674,,1
11492,684,,1
11493,2675,,1
11494,2676,,1
11495,2677,,1
11496,2678,,1
11497,2679,,1
11498,2680,,1
11499,2681,,1
11500,2682,,1
11501,2683,,1
11502,2674,,1
11503,2684,,1
11504,2686,,1
11505,2687,,1
11506,2688,,1
11507,2689,,1
11508,2690,,1
11509,2691,,1
11511,2685,,1
11512,2692,,1
11513,2692,,1
11514,2692,,1
11515,2692,,1
11516,2692,,1
11517,2692,,1
11518,2692,,1
11519,1241,,1
11520,1908,,1
11521,2693,,1
11522,2694,,1
11523,2695,,1
11524,2696,,1
11525,2697,,1
11526,2698,,1
11527,2699,,1
11528,2129,,1
11529,2098,,1
11530,2700,,1
11531,2699,,1
11532,2701,,1
11533,2699,,1
11534,2702,,1
11535,2323,,1
11536,2698,,1
11537,2703,,1
11538,2704,,1
11539,2705,,1
11540,1747,,1
11541,1747,,1
11542,2706,,1
11543,1747,,1
11544,2707,,1
11545,2708,,1
11546,2709,,1
11547,2710,,1
11548,2711,,1
11549,2711,,1
11550,2712,,1
11551,1747,,1
11552,1747,,1
11553,1747,,1
11554,1746,,1
11555,1746,,1
11556,1746,,1
11557,1746,,1
11558,1746,,1
11559,2713,,1
11560,2714,,1
11561,2715,,1
11562,2716,,1
11563,2717,,1
11564,2718,,1
11565,2719,,1
11566,2720,,1
11567,2721,,1
11568,2717,,1
11569,2717,,1
11570,2722,,1
11571,2717,,1
11572,2723,,1
11573,2718,,1
11574,2718,,1
11575,2718,,1
11576,2718,,1
11577,2718,,1
11578,2718,,1
11579,2718,,1
11580,2718,,1
11581,2718,,1
11582,2718,,1
11583,2718,,1
11584,2724,,1
11585,2725,,1
11586,2726,,1
11587,2727,,1
11588,2728,,1
11589,2727,,1
11590,2729,,1
11591,2728,,1
11592,2727,,1
11593,2727,,1
11594,2727,,1
11595,2727,,1
11596,2727,,1
11597,1747,,1
11598,1746,,1
11599,1746,,1
11600,1746,,1
11601,2511,,1
11602,2511,,1
11603,2511,,1
11604,408,,1
11605,2511,,1
11606,2730,,1
11607,138,,1
11608,149,,1
11609,149,,1
11610,149,,1
11611,2511,,1
11612,2511,,1
11613,2511,,1
11614,2511,,1
11615,2511,,1
11616,2511,,1
11617,2511,,1
11618,2511,,1
11619,2511,,1
11620,2511,,1
11621,2511,,1
11622,2511,,1
11623,2511,,1
11624,2731,,1
11625,1181,,1
11626,1181,,1
11627,1181,,1
11628,1521,,1
11629,1521,,1
11630,20,,1
11631,1689,,1
11632,1689,,1
11633,2732,,1
11634,2662,,1
11635,2662,,1
11636,2662,,1
11637,2662,,1
11638,2733,,1
11639,1680,,1
11640,1680,,1
11641,1680,,1
11642,1908,,1
11643,1689,,1
11644,2734,,1
11645,1884,,1
11646,2735,,1
11647,29,,1
11650,52,,1
11651,52,,1
11652,52,,1
11653,16,,1
11654,1487,,1
11655,1487,,1
11656,1487,,1
11657,1487,,1
11658,1487,,1
11659,1487,,1
11660,29,,1
11661,1631,,1
11662,2736,,1
11663,2737,,1
11664,2738,,1
11665,410,,1
11666,410,,1
11667,2739,,1
11668,2739,,1
11669,1942,,1
11670,1942,,1
11671,2740,,1
11672,1802,,1
11673,2741,,1
11674,2742,,1
11675,667,,1
11676,16,,1
11677,667,,1
11678,667,,1
11679,1493,,1
11680,1493,,1
11681,2743,,1
11682,15,,1
11683,2744,,1
11684,11,,1
11685,15,,1
11648,52,,1
11686,2745,,1
11687,1446,,1
11688,1446,,1
11689,1521,,1
11690,1521,,1
11691,1521,,1
11692,2746,,1
11693,1640,,1
11694,1640,,1
11695,1640,,1
11696,2747,,1
11697,1505,,1
11698,2748,,1
11699,2749,,1
11700,2750,,1
11701,2751,,1
11702,1505,,1
11703,2747,,1
11704,2752,,1
11706,2753,,1
11707,1782,,1
11708,1782,,1
11709,1782,,1
11710,1782,,1
11711,1782,,1
11712,1782,,1
11713,1782,,1
11714,1782,,1
11715,1782,,1
11716,1782,,1
11717,2754,,1
11718,2755,,1
11719,2756,,1
11720,2490,,1
11721,2757,,1
11722,2758,,1
11723,1570,,1
11724,1521,,1
11725,2759,,1
11726,2760,,1
11727,2761,,1
11728,1521,,1
11729,2647,,1
11730,2647,,1
11731,2647,,1
11732,2762,,1
11733,2763,,1
11734,1487,,1
11735,50,,1
11736,1554,,1
11737,2764,,1
11738,2765,,1
11739,2766,,1
11740,2767,,1
11741,2766,,1
11742,2766,,1
11743,2766,,1
11744,2766,,1
11745,2766,,1
11746,2766,,1
11747,2766,,1
11748,2766,,1
11749,2766,,1
11750,2766,,1
11751,2766,,1
11752,2766,,1
11753,2766,,1
11754,2766,,1
11755,2766,,1
11756,2766,,1
11757,2766,,1
11758,2766,,1
11759,2766,,1
11760,2766,,1
11761,2766,,1
11762,2768,,1
11767,2769,,1
11768,2769,,1
11769,2769,,1
11770,2769,,1
11771,2769,,1
11772,2769,,1
11773,2769,,1
11774,2769,,1
11775,2769,,1
11776,2769,,1
11777,2769,,1
11778,2728,,1
11779,2728,,1
11780,2728,,1
11781,2728,,1
11782,2770,,1
11783,2727,,1
11784,2727,,1
11785,2727,,1
11786,2727,,1
11787,2727,,1
11788,2729,,1
11789,2729,,1
11790,2729,,1
11791,2729,,1
11792,2729,,1
11793,2729,,1
11794,2729,,1
11795,2729,,1
11796,2729,,1
11797,2729,,1
11798,2729,,1
11800,2771,,1
11801,2763,,1
11802,2291,,1
11803,2772,,1
11804,2773,,1
11805,2774,,1
11806,2641,,1
11807,2775,,1
11808,2638,,1
11809,2638,,1
11810,2638,,1
11811,2641,,1
11812,2641,,1
11813,2641,,1
11814,2641,,1
11815,2776,,1
11816,2496,,1
11820,2777,,1
11821,835,,1
11822,835,,1
11823,835,,1
11824,835,,1
11825,2778,,1
11826,2779,,1
11827,2779,,1
11828,2779,,1
11829,2779,,1
11830,2779,,1
11831,2779,,1
11832,2779,,1
11833,2779,,1
11834,2779,,1
11835,2779,,1
11836,2779,,1
11837,2779,,1
11838,2779,,1
11839,2779,,1
11840,891,,1
11841,2780,,1
11842,2781,,1
11843,88,,1
11844,303,,1
11845,2782,,1
11846,2783,,1
11847,2407,,1
11848,2784,,1
11849,2104,,1
11850,2104,,1
11851,2104,,1
11852,2104,,1
11853,2785,,1
11854,2066,,1
11855,2786,,1
11856,2787,,1
11857,2788,,1
11858,2170,,1
11859,2789,,1
11860,2790,,1
11861,2791,,1
11862,2792,,1
11864,2793,,1
11865,2794,,1
11866,2795,,1
11867,2796,,1
11868,2797,,1
11869,485,,1
11870,2798,,1
11871,2799,,1
11765,2769,,1
11764,2769,,1
11763,2769,,1
11872,565,,1
11873,889,,1
11874,2800,,1
11875,1492,,1
11876,1492,,1
11877,1492,,1
11878,1492,,1
11879,1492,,1
11880,1492,,1
11881,1492,,1
11882,1492,,1
11883,2801,,1
11884,2802,,1
11885,2802,,1
11886,2802,,1
11887,2802,,1
11888,2802,,1
11889,1488,,1
11890,1942,,1
11891,2803,,1
11892,889,,1
11893,2804,,1
11894,761,,1
11895,189,,1
11896,189,,1
11897,189,,1
11898,2806,,1
11899,96,,1
11900,570,,1
11901,570,,1
11902,2807,,1
11903,2808,,1
11904,2809,,1
11906,1100,,1
11907,2810,,1
11908,2810,,1
11909,2811,,1
11910,2812,,1
11911,2813,,1
11912,2813,,1
11913,2814,,1
11914,2815,,1
11915,2816,,1
11916,2817,,1
11917,2818,,1
11918,293,,1
11919,1529,,1
11920,1780,,1
11921,2302,,1
11922,2302,,1
11923,2302,,1
11924,2302,,1
11925,2302,,1
11926,2302,,1
11927,2302,,1
11928,2302,,1
11929,2302,,1
11930,2302,,1
11931,2302,,1
11932,2302,,1
11933,2820,,1
11934,2821,,1
11935,2822,,1
11936,2823,,1
11937,2824,,1
11938,2825,,1
11939,2826,,1
11940,2827,,1
11941,2828,,1
11942,2829,,1
11943,2830,,1
11944,2831,,1
11945,2832,,1
11947,799,,1
11948,799,,1
11949,716,,1
11950,2833,,1
11951,2834,,1
11952,2835,,1
11953,2836,,1
11954,2837,,1
11955,2838,,1
11956,2839,,1
11957,2840,,1
11958,2841,,1
11959,2842,,1
11960,2843,,1
11961,2843,,1
11962,2844,,1
11963,1655,,1
11965,2845,,1
11966,590,,1
11967,2846,,1
11968,361,,1
11969,2848,,1
11970,2849,,1
11971,2377,,1
11972,2850,,1
11973,2851,,1
11974,2852,,1
11975,1884,,1
11976,2853,,1
11977,2853,,1
11978,2854,,1
11979,2854,,1
11980,2854,,1
11981,2855,,1
11982,2856,,1
11983,2857,,1
11984,2858,,1
11985,2859,,1
11986,2860,,1
11987,2765,,1
11988,2861,,1
11989,2862,,1
11990,2863,,1
11991,1997,,1
11992,2864,,1
11993,1665,,1
11994,2865,,1
11995,2866,,1
11996,2867,,1
11997,29,,1
11998,29,,1
11999,29,,1
12000,1522,,1
12001,1522,,1
12002,2924,,1
12003,2187,,1
12004,2187,,1
12005,2868,,1
12006,2869,,1
12007,2870,,1
12008,2521,,1
12009,1087,,1
12010,1087,,1
12011,1087,,1
12012,1087,,1
12013,1087,,1
12014,1087,,1
12015,1087,,1
12016,1087,,1
12017,1087,,1
12018,1087,,1
12019,1087,,1
12020,1087,,1
12021,1087,,1
12022,1087,,1
12023,1087,,1
12024,1087,,1
12025,1087,,1
12026,2871,,1
12027,2871,,1
12028,2871,,1
12029,2871,,1
12030,2871,,1
12031,2871,,1
12032,2871,,1
12033,2871,,1
12034,2871,,1
12035,2871,,1
12036,2871,,1
12037,2871,,1
12038,599,,1
12040,27,,1
12041,27,,1
12042,27,,1
12043,27,,1
12044,1870,,1
12045,27,,1
12051,4,,1
12052,27,,1
12053,27,,1
12054,27,,1
12055,27,,1
12056,27,,1
12049,4,,1
12048,4,,1
12047,4,,1
12046,4,,1
12039,4,,1
12057,1956,,1
12058,1956,,1
12059,1956,,1
12060,1956,,1
12061,1956,,1
12062,1956,,1
12063,1956,,1
12065,31,,1
12066,31,,1
12067,31,,1
12068,31,,1
12069,31,,1
12070,31,,1
12071,31,,1
12072,31,,1
12073,31,,1
12074,1258,,1
12075,1258,,1
12076,2872,,1
12077,55,,1
12078,2873,,1
12079,31,,1
12080,2874,,1
12081,2875,,1
12082,2876,,1
12083,2877,,1
12084,2878,,1
12085,2879,,1
12086,2880,,1
12087,2881,,1
12088,2882,,1
11863,2882,,1
12089,2882,,1
12090,2882,,1
12091,2882,,1
12092,2882,,1
12093,2882,,1
12094,1096,,1
12095,1096,,1
12096,2883,,1
12097,2882,,1
12098,2884,,1
12099,2885,,1
12100,2886,,1
12101,2887,,1
12102,2882,,1
12103,2882,,1
12104,2888,,1
12105,2889,,1
12106,2889,,1
12107,2889,,1
12108,2889,,1
12109,2889,,1
12110,2889,,1
12111,2890,,1
12112,121,,1
12113,2891,,1
12114,2891,,1
12115,2891,,1
12116,2891,,1
12117,2892,,1
12118,2893,,1
12119,2894,,1
12120,2895,,1
12121,1036,,1
12122,1862,,1
12123,1859,,1
12124,1859,,1
12125,1874,,1
12126,1874,,1
12127,1874,,1
12128,1874,,1
12129,1874,,1
12130,1874,,1
12131,1874,,1
12132,1874,,1
12133,1874,,1
12134,1874,,1
12135,1874,,1
12136,1086,,1
12137,1086,,1
12138,1086,,1
12139,1086,,1
12140,2896,,1
12141,2897,,1
12142,2897,,1
12143,2898,,1
12144,2899,,1
12145,2900,,1
12146,1086,,1
12147,1086,,1
12155,35,,1
12156,35,,1
12161,2901,,1
12162,2902,,1
12163,2903,,1
12164,1778,,1
12165,2904,,1
12166,2905,,1
12167,1484,,1
12168,882,,1
12169,2907,,1
12170,2908,,1
12171,2909,,1
12172,1452,,1
12173,18,,1
12175,2910,,1
12176,2910,,1
12178,2634,,1
12180,1699,,1
12181,2911,,1
12182,1551,,1
12183,1551,,1
12184,2912,,1
12185,2889,,1
12186,2889,,1
12187,2889,,1
12188,2889,,1
12189,2889,,1
12190,2889,,1
12191,2889,,1
12192,2889,,1
12193,2332,,1
12194,2913,,1
12195,1096,,1
12196,2914,,1
12197,20,,1
12198,1515,,1
12199,1096,,1
12200,2915,,1
12201,2916,,1
12202,2917,,1
12203,2918,,1
12205,103,,1
12207,55,,1
12208,2919,,1
12212,1856,,1
12213,1856,,1
12214,1856,,1
12215,1856,,1
12216,1856,,1
12217,1856,,1
12218,1856,,1
12219,1856,,1
12220,1856,,1
12221,1856,,1
12222,1794,,1
12223,20,,1
12224,2291,,1
12230,2920,,1
12231,2921,,1
12232,492,,1
12233,492,,1
12234,2922,,1
12235,2923,,1
12236,2924,,1
12237,2925,,1
12238,2599,,1
12239,2926,,1
12240,2931,,1
12177,1097,,1
12160,35,,1
12159,35,,1
12158,35,,1
12157,35,,1
12154,35,,1
12153,35,,1
12151,35,,1
12211,35,,1
12150,35,,1
12149,35,,1
12064,4,,1
12148,35,,1
12241,2934,,1
12242,2931,,1
12243,2936,,1
12244,2935,,1
12245,2938,,1
12246,2937,,1
12247,1097,,1
12248,1097,,1
12249,1097,,1
12250,1097,,1
12251,1097,,1
12252,55,,1
12253,2921,,1
12254,2939,,1
12255,2940,,1
12256,2930,,1
12257,2935,,1
12258,2937,,1
12259,2941,,1
12260,2942,,1
12261,2943,,1
12262,2945,,1
12263,2944,,1
12264,2946,,1
12265,2947,,1
12266,2948,,1
12267,2949,,1
12268,2927,,1
12269,2950,,1
12270,2302,,1
12271,2629,,1
12272,2629,,1
12273,1797,,1
12274,2952,,1
12275,2953,,1
12276,1794,,1
12277,2954,,1
12278,2955,,1
12279,2956,,1
12281,2939,,1
12282,2939,,1
12283,2939,,1
12284,2939,,1
12285,2939,,1
12286,1856,,1
12287,2939,,1
12288,1856,,1
12289,2939,,1
12290,1856,,1
12291,2939,,1
12292,2958,,1
12293,2921,,1
12294,2921,,1
12295,142,,1
12296,2957,,1
12297,2957,,1
12298,2957,,1
12299,2950,,1
12300,2950,,1
12301,2950,,1
12302,2950,,1
12303,2950,,1
12304,2950,,1
12305,2950,,1
12306,2950,,1
12307,2957,,1
12308,2950,,1
12309,2957,,1
12310,2950,,1
12311,2957,,1
12312,2957,,1
12313,2957,,1
12316,2963,,1
12319,2966,,1
11766,2769,,1
12317,2964,,1
12388,2977,1,1
12344,2975,,
326,13,,1
139,13,,1
12345,197,,
12346,197,,
6823,10,,1
6378,889,,1
12318,2965,,1
12315,2960,,1
12347,1097,,
12204,1097,,1
6081,36,,1
12348,142,,
11946,2961,,
12280,2957,,1
2621,2957,,
11649,52,,1
11104,52,,1
12349,35,,
12350,35,,
12152,35,,1
12050,4,,1
12225,2950,,
12226,2950,,
12227,2950,,
12228,2950,,
12229,2950,,
12230,2950,,
12231,2957,,
12351,2957,,
12233,2957,,
12234,2957,,
12235,2957,,
12352,2957,,
12353,1039,,
12354,1219,,
12355,1557,,
12356,2921,,
12359,2625,,
12368,1890,,
12369,2625,,
12370,2662,,
12372,2900,,
12373,2113,,
12374,2974,,
12376,2974,7,1
12378,2975,8,1
12382,2978,2,1
12385,1220,6,1
12386,2976,16,1
12389,173,8,1
12390,173,7,1
1357,173,6,1
8529,173,5,1
8528,173,4,1
8527,173,3,1
8526,173,2,1
12391,2979,7,1
8143,1546,21,1
12314,2959,1,1
7789,171,7,1
8176,2975,11,1
8177,2975,10,1
12377,2975,9,1
12383,2975,8,1
12392,2716,12,1
8171,2975,17,1
12384,2975,16,1
8173,2975,15,1
8170,2975,14,1
8169,2975,13,1
8172,2975,12,1
8175,2975,7,1
8174,2975,6,1
12379,2975,5,1
12380,2975,4,1
7844,2975,3,1
12381,2975,2,1
12387,173,12,1
12393,173,14,1
12394,2980,,