track_id,artist_id
12360,1315
1,1315
2,1315
3,1315
4,1315
5,1315
6,1315
7,1222
91,1314
8,2
9,1
10,1315
12,1315
13,1315
12361,1315
14,1315
15,1315
92,1315
16,1315
93,63
17,4
94,4
18,1315
95,1315
19,1315
20,1315
96,6
22,7
23,8
24,63
25,7
26,6
97,8
27,9
28,63
98,63
29,1331
30,63
31,10
32,9
33,63
34,63
35,9
99,11
37,12
38,63
100,13
39,10
12362,63
40,63
41,63
42,63
43,7
44,63
45,12
46,1331
47,64
48,63
49,63
50,63
51,63
52,63
53,63
54,63
55,63
56,14
57,12
58,12
59,12
60,3
61,3
62,3
63,16
64,16
65,16
66,12
67,12
68,12
102,12
69,12
70,17
71,12
72,12
73,12
74,12
75,12
76,12
103,12
104,12
105,12
106,12
77,12
78,5
79,5
80,5
81,5
82,5
83,17
84,12
85,12
86,12
87,12
88,12
89,12
90,63
107,63
108,63
109,63
110,12
111,12
12363,1315
114,1315
200,1315
201,1315
115,1315
116,1315
117,1315
118,20
119,22
120,1315
121,1315
122,24
123,1315
124,1315
125,64
126,25
127,24
128,26
129,20
130,27
131,64
132,24
133,28
202,24
134,24
135,24
12364,10
136,10
137,63
203,63
138,63
140,63
141,12
205,12
206,12
207,12
142,12
143,12
208,12
144,7
145,7
146,7
147,7
148,29
149,240
150,240
151,1315
152,1315
153,1315
154,1315
155,1315
156,63
157,10
158,7
12365,7
159,7
160,61
161,61
162,61
209,61
210,61
211,61
212,61
213,61
163,61
164,61
165,61
166,61
167,31
168,31
169,31
170,31
171,32
172,32
173,32
174,32
175,32
12366,33
176,32
177,32
178,20
179,34
180,34
214,34
181,35
182,35
183,35
184,35
215,34
216,34
12367,2
217,36
218,37
219,1331
220,38
221,38
185,1315
186,62
187,62
188,62
189,62
190,39
191,39
192,39
193,39
194,39
195,39
196,40
21,63
204,12
113,12
112,12
101,3
36,3
11,3
197,40
198,40
199,40
222,41
223,31
224,42
225,43
226,44
227,44
228,44
229,2
230,45
231,39
232,46
233,46
234,62
235,62
236,62
237,62
238,62
239,62
240,62
241,1331
242,1331
243,1331
244,1331
245,20
246,20
247,20
248,47
249,47
250,47
251,47
252,47
253,47
254,47
255,47
256,47
257,47
258,47
259,47
260,47
261,48
262,48
263,48
264,120
265,120
266,120
267,1331
268,1331
269,1331
270,25
271,25
272,1331
273,1315
274,1315
275,1315
276,1315
277,50
278,50
279,51
280,53
281,53
282,65
283,65
284,65
285,46
286,46
287,46
288,54
289,54
290,54
291,54
292,54
293,54
294,55
295,55
296,55
297,55
298,55
299,55
300,55
301,55
302,55
303,55
304,55
305,56
306,56
307,56
308,56
309,56
310,56
311,56
312,26
313,26
314,26
315,57
316,63
317,63
318,63
319,63
320,63
321,63
322,63
323,63
324,63
325,63
327,58
328,58
329,58
330,58
331,58
332,58
333,59
334,54
335,54
336,54
337,54
338,54
339,54
340,20
341,20
342,20
343,20
344,20
345,20
346,20
347,20
348,20
349,20
350,20
351,20
352,20
353,20
354,20
355,20
356,20
357,20
358,60
359,60
360,704
361,704
362,704
363,704
364,704
365,704
366,704
367,704
368,1315
369,1315
370,1315
371,1315
372,1315
373,1315
374,1315
375,37
376,37
377,13
378,13
379,13
380,13
381,13
382,13
383,13
384,13
385,1331
386,1331
387,1331
388,1331
389,1331
390,1331
391,1331
392,1331
393,1331
394,1331
395,1331
396,1331
397,1331
398,1331
399,1331
400,66
401,66
402,66
403,66
404,66
405,66
406,66
407,66
408,66
409,66
410,66
411,67
412,67
413,67
414,67
415,67
416,67
417,67
418,67
419,67
420,67
421,67
422,67
423,67
424,67
425,67
426,67
427,67
428,67
429,67
430,68
431,68
432,68
433,68
434,68
435,69
436,69
437,69
438,69
439,69
440,69
441,69
442,69
443,69
444,69
445,70
446,70
447,70
448,70
449,71
450,72
451,34
452,34
453,34
454,34
455,61
456,61
457,61
458,61
459,61
460,61
461,61
462,73
463,73
464,73
465,20
466,74
467,74
468,74
469,74
470,9
471,9
472,9
473,9
474,9
475,9
476,9
477,9
478,75
479,75
480,75
481,75
482,75
483,76
484,76
485,10
486,10
487,10
488,10
489,10
490,10
491,10
492,10
493,77
494,1315
495,1315
496,1315
497,1315
498,1315
499,1315
500,10
501,10
502,10
503,10
504,78
505,78
506,78
507,78
508,78
509,78
510,78
511,78
512,78
513,78
514,78
515,78
516,78
517,78
518,78
519,78
520,78
521,78
522,120
523,120
524,120
525,120
526,120
527,120
528,120
529,25
530,25
531,25
532,25
533,25
534,79
535,79
536,79
537,80
538,81
539,328
540,82
541,20
542,20
543,20
544,20
545,66
546,66
547,66
548,66
549,66
550,66
551,66
552,66
553,46
554,46
555,46
556,46
557,46
558,46
559,46
560,46
561,46
562,46
563,46
564,46
565,46
566,46
567,46
568,46
569,46
570,83
571,83
572,9
573,9
574,76
575,76
576,65
577,65
578,65
579,65
580,70
581,70
582,70
583,70
584,52
585,52
586,52
587,52
588,9
589,39
590,39
591,39
592,39
593,39
594,39
595,39
596,39
597,76
598,76
599,85
600,86
601,87
602,87
603,87
604,87
605,87
606,87
607,87
608,87
609,87
610,87
611,87
612,87
613,10
614,10
615,10
616,10
617,10
618,10
619,62
620,72
621,72
622,72
623,72
624,72
625,72
626,72
627,72
628,72
629,88
630,88
631,88
632,617
633,617
634,617
635,617
636,617
637,70
638,70
639,89
640,89
641,89
642,89
643,89
644,65
645,65
646,25
647,25
648,25
649,25
650,25
651,25
652,15
653,15
654,15
655,57
656,57
657,4
658,4
659,4
660,60
661,61
662,77
663,77
664,77
665,1314
666,90
667,91
668,91
669,91
670,91
671,91
672,91
673,91
674,91
675,91
676,92
677,92
678,92
679,92
680,31
681,31
682,31
683,31
684,31
685,31
686,31
687,88
688,93
689,93
690,93
691,93
692,1331
693,94
694,120
695,120
696,120
697,120
698,120
699,95
700,65
701,65
702,76
703,76
704,76
705,76
706,30
707,30
708,46
709,46
710,96
711,97
712,20
713,20
714,65
715,65
716,65
717,95
718,5
719,5
720,5
721,1331
722,65
723,65
724,98
725,98
726,53
727,65
728,65
729,25
730,99
731,99
732,99
733,99
734,99
735,99
736,57
737,90
738,90
739,1315
740,100
741,101
742,102
743,102
744,102
745,20
746,103
747,103
748,57
749,104
750,104
751,90
752,188
753,188
754,188
755,105
756,188
757,57
758,90
759,90
760,90
761,90
762,90
763,90
764,90
765,90
766,90
767,90
768,90
769,90
770,45
771,45
772,45
773,45
774,45
775,45
776,45
777,45
778,45
779,45
780,45
781,45
782,45
783,75
784,106
785,107
786,108
787,108
788,108
789,108
790,108
791,108
792,108
793,108
794,108
795,108
796,102
797,102
798,102
799,102
800,102
801,103
802,103
803,62
804,102
805,102
806,102
807,102
808,102
809,109
810,109
811,109
812,109
813,110
814,110
815,110
816,110
817,110
818,110
819,110
820,110
821,110
822,110
823,110
824,110
825,110
826,110
827,110
828,109
829,109
830,20
831,10
832,10
833,10
834,20
835,20
836,20
837,20
838,20
839,20
840,20
841,39
842,39
843,39
844,39
845,39
846,39
847,39
848,39
849,39
850,39
851,4
852,35
853,35
854,35
855,70
856,70
857,39
858,9
859,9
860,9
861,20
862,70
863,20
864,88
865,31
866,31
867,31
868,31
869,112
870,112
871,112
872,112
873,112
874,70
875,70
876,70
877,70
878,70
879,70
880,70
881,90
882,88
883,88
884,88
885,10
886,10
887,10
888,45
889,88
890,88
891,88
892,10
893,10
894,10
895,61
896,61
897,61
898,110
899,110
900,9
901,9
903,9
904,93
905,93
906,93
907,9
908,9
909,103
910,39
911,39
912,39
913,39
914,39
915,103
916,103
917,100
918,100
919,100
920,20
921,20
922,5
923,5
924,5
925,5
926,5
927,5
928,5
929,20
930,20
931,20
932,20
933,20
934,20
935,93
936,93
937,93
938,93
939,93
940,93
941,93
942,93
943,13
944,70
945,70
946,70
947,70
948,70
949,70
950,70
951,70
952,70
953,70
954,113
955,113
956,48
957,20
958,20
959,4
960,4
961,4
962,63
963,62
964,62
965,72
966,72
967,72
968,72
969,72
970,72
971,72
972,72
973,72
974,72
975,72
976,72
977,65
978,20
979,20
980,85
981,63
982,1314
983,1314
984,1314
985,1314
986,1314
987,1314
988,1314
989,9
990,9
991,9
992,9
993,9
994,9
995,9
996,9
997,9
998,9
999,9
1000,9
1001,9
1002,1314
1003,20
1004,20
1005,20
1006,20
1007,20
1008,20
1009,20
1010,20
1011,20
1012,20
1013,1314
1014,1314
1015,1314
1016,1314
1017,1314
1018,1314
1019,1314
1020,1314
1021,1314
1022,1314
1023,1314
1024,1314
1025,1314
1026,1314
1027,1314
1028,73
1029,73
1030,73
1031,73
1032,1314
1033,16
1034,114
1035,114
1036,25
1037,115
1038,73
1039,73
1040,73
1041,61
1042,61
1043,61
1044,116
1045,61
1046,117
1047,117
1048,117
1049,117
1050,1314
1051,1314
1052,73
1053,73
1054,73
1055,73
1056,1314
1057,73
1058,13
1059,111
1060,111
1061,1315
1062,73
1063,73
1064,73
1065,73
1066,40
1067,40
1068,40
1069,40
1070,118
1071,40
1072,40
1073,40
1074,40
1075,40
1076,58
1077,58
1078,72
1079,72
1080,1314
1081,1314
1082,119
1083,119
1084,119
1085,119
1086,72
1087,40
1088,40
1089,40
1090,40
1091,120
1092,120
1093,120
1094,120
1095,120
1096,20
1097,10
1098,10
1099,111
1100,24
1101,24
1102,24
1103,24
1104,24
1105,24
1106,24
1107,119
1108,119
1109,119
1110,119
1111,119
1112,119
1113,121
1114,62
1115,65
1116,62
1117,62
1118,62
1119,63
1120,63
1121,63
1122,4
1123,4
1124,4
1125,4
1126,4
1127,4
1128,4
1129,117
1130,63
1131,63
1132,110
1133,110
1134,4
902,13
1135,13
1136,56
1137,56
1138,65
1139,65
1140,65
1141,65
1142,65
1143,65
1144,65
1145,65
1146,65
1147,65
1148,10
1149,110
1150,110
1151,110
1152,110
1153,110
1154,110
1155,123
1156,123
1157,123
1158,123
1159,123
1160,123
1161,123
1162,123
1163,123
1164,123
1165,123
1166,123
1167,123
1168,123
1169,123
1170,123
1171,1331
1172,63
1173,124
1174,125
1175,125
1176,127
1177,128
1178,90
1179,84
1180,129
1181,130
1182,20
1183,20
1184,20
1185,20
1186,100
1187,100
1188,100
1189,20
1190,20
1191,20
1192,24
1193,24
1194,131
1195,5
1196,132
1197,90
1198,90
1199,90
1200,90
1201,90
1202,90
1203,90
1204,90
1205,90
1206,90
1207,90
1208,133
1209,134
1210,109
1211,109
1212,109
1213,135
1214,136
1215,73
1216,84
1217,116
1218,63
1219,63
1220,63
1221,120
1222,120
1223,132
1224,115
1225,137
1226,21
1227,63
1228,138
1229,103
1230,77
1231,138
1232,138
1233,132
1234,132
1235,25
1236,86
1237,139
1238,86
1239,86
1240,86
1241,86
1242,115
1243,115
1244,115
1245,115
1246,115
1247,132
1248,132
1249,140
1250,141
1251,142
1252,63
1253,63
1254,138
1255,138
1256,31
1257,31
1258,31
1259,138
1260,143
1261,120
1262,115
1263,115
1264,115
1265,115
1266,62
1267,62
1268,62
1269,62
1270,62
1271,62
1272,62
1273,62
1274,62
1275,79
1276,144
1277,68
1278,116
1279,20
1280,70
1281,91
1282,46
1283,46
1284,46
1285,46
1286,46
1287,15
1288,15
1289,15
1290,15
1291,15
1292,15
1293,65
1294,65
1295,138
1296,138
1297,138
1298,138
1299,138
1300,63
1301,65
1302,145
1303,113
1304,146
1305,147
1306,63
1307,63
1308,63
1309,63
1310,148
1311,120
1312,120
1313,120
1314,149
1315,4
1316,4
1317,4
1318,150
1319,150
1320,120
1321,120
1322,120
1323,120
1324,120
1325,120
1326,113
1327,53
1328,65
1329,65
1330,63
1331,63
1332,63
1333,63
1334,63
1335,63
1336,121
1337,15
1338,110
1339,1331
1340,78
1341,10
1342,38
1343,63
1344,63
1345,63
1346,20
1347,20
1348,63
1349,63
1350,63
1351,65
1352,63
1353,63
1354,50
1355,188
1356,65
1357,65
1358,65
1359,65
1360,65
1361,65
1362,65
1363,63
1364,63
1365,63
1366,63
1367,63
1368,63
1369,63
1370,63
1371,63
1372,120
1373,704
1374,48
1375,48
1376,48
1377,65
1378,120
1379,120
1380,120
1381,120
1382,120
1383,120
1384,65
1385,65
1386,75
1387,75
1388,13
1389,70
1390,151
1391,152
1392,84
1393,65
1394,65
1395,65
1396,65
1397,65
1398,65
1399,65
1400,65
1401,65
1402,65
1403,65
1404,65
1405,153
1406,65
1407,65
1408,90
1409,171
1410,154
1411,2
1412,2
1413,46
1414,46
1415,46
1416,46
1417,46
1418,46
1419,46
1420,46
1421,46
1422,46
1423,46
1424,46
1425,155
1426,46
1427,46
1428,156
1429,46
1430,46
1431,157
1432,158
1433,429
1434,159
1435,159
1436,65
1437,65
1438,61
1439,38
1440,160
1441,13
1442,118
1443,113
1444,118
1445,24
1446,13
1447,61
1448,1315
1449,78
1450,161
1451,20
1452,73
1453,65
1454,163
1455,164
1456,165
1457,146
1458,161
1459,65
1460,65
1461,73
1462,20
1463,20
1464,37
1465,146
1466,31
1467,94
1468,73
1469,166
1470,167
1471,84
1472,168
1473,1315
1474,94
1475,94
1476,100
1477,65
1478,65
1479,65
1480,77
1481,77
1482,77
1483,67
1484,13
1485,13
1486,77
1487,169
1488,73
1489,1322
1490,10
1491,31
1492,61
1493,49
1494,91
1495,91
1496,46
1497,46
1498,1331
1499,1331
1500,1331
1501,46
1502,46
1503,46
1504,46
1505,170
1506,171
1507,171
1508,171
1509,171
1510,24
1511,168
1512,110
1513,172
1514,1314
1515,61
1516,1314
1517,1314
1518,1314
1519,1314
1520,1314
1521,1314
1522,1314
1523,173
1524,61
1525,48
1526,100
1527,77
1528,65
1529,65
1530,65
1531,65
1532,174
1533,92
1534,24
1535,1315
1536,175
1537,1315
1538,1315
1539,1315
1540,1315
1541,1315
1542,1315
1543,110
1544,110
1545,110
1546,110
1547,70
1548,20
1549,20
1550,20
1551,20
1552,20
1553,20
1554,20
1555,46
1556,46
1557,169
1558,169
1559,169
1560,169
1561,146
1562,146
1563,146
1564,146
1565,38
1566,146
1567,146
1568,146
1569,146
1570,146
1571,146
1572,117
1573,176
1574,172
1575,161
1576,38
1577,13
1578,110
1579,1314
1580,177
1581,178
1582,15
1583,172
1584,110
1585,110
1586,110
1587,110
1588,110
1589,1314
1590,110
1591,110
1592,168
1593,15
1594,127
1595,110
1596,77
1597,179
1598,179
1599,179
1600,179
1601,179
1602,179
1603,179
1604,179
1605,179
1606,179
1607,179
1608,179
1609,148
1610,148
1611,148
1612,1314
1613,1314
1614,77
1615,146
1616,110
1617,110
1618,77
1619,20
1620,20
1621,180
1622,110
1623,1
1624,1
1625,77
1626,119
1627,77
1628,181
1629,825
1630,77
1631,77
1632,77
1633,77
1634,77
1635,77
1636,2
1637,177
1638,121
1639,161
1640,182
1641,183
1642,145
1643,13
1644,185
1645,103
1646,148
1647,148
1648,20
1649,20
1650,20
1651,20
1652,73
1653,73
1654,73
1655,186
1656,233
1657,187
1658,188
1659,188
1660,188
1661,188
1662,188
1663,188
1664,188
1665,188
1666,188
1667,150
1668,150
1669,104
1670,31
1671,31
1672,189
1673,189
1674,189
1675,189
1676,189
1677,189
1678,189
1679,189
1680,1330
1681,1314
1682,1314
1683,1314
1684,1314
1685,1314
1686,1314
1687,1314
1688,1314
1689,1314
1690,1314
1691,1330
1692,1330
1693,150
1694,150
1695,13
1696,189
1697,189
1698,1315
1699,24
1700,24
1701,78
1702,10
1703,10
1704,188
1705,31
1706,31
1707,1331
1708,50
1709,49
1710,66
1711,150
1712,189
1713,189
1714,9
1715,9
1716,9
1717,9
1718,9
1719,9
1720,44
1721,44
1722,44
1723,44
1724,44
1725,44
1726,44
1727,44
1728,190
1729,13
1730,13
1731,13
1732,13
1733,13
1734,13
1735,1315
1736,162
1737,162
1738,162
1739,77
1740,191
1741,177
1742,177
1743,13
1744,1331
1745,1331
1746,1331
1747,1331
1748,73
1749,192
1750,192
1751,192
1752,192
1753,110
1754,110
1755,61
1756,61
1757,2
1758,193
1759,193
1760,193
1761,4
1762,4
1763,112
1764,112
1765,112
1766,112
1767,192
1768,192
1769,1315
1770,100
1771,100
1772,1331
1773,1331
1774,67
1775,146
1776,194
1777,194
1778,95
1779,102
1780,195
1781,195
1782,61
1783,61
1784,7
1785,7
1786,1
1787,110
1788,24
1789,48
1790,112
1791,233
1792,233
1793,53
1794,53
1795,53
1796,89
1797,89
1798,89
1799,89
1800,89
1801,89
1802,89
1803,103
1804,103
1805,103
1806,103
1807,196
1808,24
1809,20
1810,24
1811,24
1812,24
1813,24
1814,13
1815,13
1816,13
1817,13
1818,13
1819,177
1820,177
1821,118
1822,113
1823,48
1824,48
1825,118
1826,197
1827,198
1828,118
1829,118
1830,118
1831,118
1832,118
1833,118
1834,118
1835,118
1836,118
1837,118
1838,118
1839,118
1840,118
1841,118
1842,118
1843,118
1844,118
1845,118
1846,118
1847,118
1848,118
1849,118
1850,118
1851,118
1852,118
1853,118
1854,118
1855,68
1856,68
1857,68
1858,68
1859,68
1860,68
1861,68
1862,59
1863,59
1864,59
1865,25
1866,25
1867,25
1868,25
1869,25
1870,25
1871,25
1872,25
1873,25
1874,25
1875,25
1876,25
1877,25
1878,25
1879,25
1880,25
1881,199
1882,199
1883,199
1884,199
1885,104
1886,4
1887,183
1888,183
1889,183
1890,183
1891,183
1892,183
1893,183
1894,94
1895,94
1896,201
1897,201
1898,201
1899,201
1900,201
1901,10
1902,4
1903,69
1904,78
1905,20
1906,172
1907,95
1908,202
1909,195
1910,203
1911,203
1912,203
1913,203
1914,203
1915,30
1916,30
1917,61
1918,123
1919,123
1920,204
1921,204
1922,204
1923,204
1924,70
1925,65
1926,25
1927,203
1928,203
1929,203
1930,203
1931,203
1932,203
1933,198
1934,198
1935,198
1936,198
1937,198
1938,198
1939,198
1940,198
1941,198
1942,198
1943,198
1944,198
1945,1314
1946,1314
1947,1314
1948,1314
1949,1314
1950,123
1951,92
1952,205
1953,206
1954,207
1955,207
1956,207
1957,207
1958,207
1959,187
1960,187
1961,183
1962,183
1963,183
1964,183
1965,183
1966,183
1967,183
1968,183
1969,183
1970,97
1971,2
1972,2
1973,2
1974,75
1975,75
1976,75
1977,10
1978,70
1979,70
1980,20
1981,53
1982,53
1983,53
1984,53
1985,53
1986,71
1987,71
1988,71
1989,71
1990,71
1991,71
1992,71
1993,71
1994,71
1995,71
1996,71
1997,71
1998,209
1999,30
2000,30
2001,67
2002,67
2003,67
2004,67
2005,67
2006,53
2007,53
2008,53
2009,53
2010,70
2011,1
2012,13
2013,210
2014,210
2015,212
2016,97
2017,97
2018,213
2019,214
2020,760
2021,760
2022,215
2023,215
2024,69
2025,216
2026,216
2027,61
2028,74
2029,61
2030,61
2031,61
2032,61
2033,61
2034,61
2035,61
2036,217
2037,39
2038,218
2039,162
2040,219
2041,219
2042,220
2043,220
2044,220
2045,220
2046,220
2047,220
2048,220
2049,220
2050,220
2051,220
2052,220
2053,221
2054,75
2055,75
2056,1322
2057,1322
2058,1322
2059,1322
2060,103
2061,103
2062,69
2063,69
2064,69
2065,63
2066,63
2067,222
2068,222
2069,222
2070,222
2071,222
2072,222
2073,222
2074,222
2075,222
2076,222
2077,222
2078,30
2079,30
2080,30
2081,30
2082,30
2083,30
2084,30
2085,25
2086,25
2087,113
2088,53
2089,53
2090,53
2091,98
2092,98
2093,98
2094,98
2095,98
2096,98
2097,9
2098,9
12376,1331
2099,1331
2100,1331
2101,9
2102,9
2103,9
2104,9
2105,9
2106,9
2107,9
2108,9
2109,9
2110,9
2111,9
2112,9
2113,9
2114,9
2115,9
2116,9
2117,9
2118,9
2119,9
2120,9
2121,9
2122,223
2123,40
2124,40
2125,4
2126,4
2127,4
2128,107
2129,107
2130,224
2131,224
2132,7
2133,7
2134,7
2135,7
2136,7
2137,7
2138,225
2139,225
2140,183
2141,97
2142,97
2143,97
2144,97
2145,97
2146,30
2147,30
2148,30
2149,30
2150,30
2151,1315
2152,225
2153,225
2154,79
2155,226
2156,227
2157,227
2158,227
2159,227
2160,104
2161,225
2162,225
2163,162
2164,13
2165,113
2166,113
2167,121
2168,1315
2169,1315
2170,1315
2171,1331
2172,214
2173,113
2174,113
2175,113
2176,7
2177,7
2178,177
2179,177
2180,31
2181,187
2182,183
2183,183
2184,183
2185,183
2186,183
2187,183
2188,1331
2189,1331
2190,1331
2191,1331
2192,1331
2193,1331
2194,1331
2195,40
2196,228
2197,228
2198,228
2199,228
2200,228
2201,228
2202,228
2203,228
2204,92
2205,92
2206,92
2207,92
2208,92
2209,13
2210,13
2211,146
2212,146
2213,127
2214,161
2215,161
2216,161
2217,161
2218,161
2219,161
2220,161
2221,161
2222,226
2223,229
2224,69
2225,230
2226,230
2227,230
2228,230
2229,183
2230,183
2231,183
2232,183
2233,183
2234,183
2235,183
2236,183
2237,177
2238,78
2239,78
2240,68
2241,68
2242,216
2243,53
2244,108
2245,47
2246,10
2247,104
2248,104
2249,104
2250,102
2251,231
2252,102
2253,102
2254,102
2255,102
2256,228
2257,102
2258,102
2259,102
2260,102
2261,102
2262,102
2263,47
2264,1315
2265,1315
2266,47
2267,232
2268,232
2269,232
2270,232
2271,232
2272,221
2273,56
2274,172
2275,172
2276,205
2277,205
2278,205
2279,187
2280,187
2281,191
2282,123
2283,123
2284,121
2285,121
2286,121
2287,121
2288,121
2289,121
2290,121
2291,121
2292,2
2293,65
2294,9
2295,9
2296,9
2297,52
2298,187
2299,187
2300,187
2301,187
2302,187
2303,187
2304,187
2305,187
2306,187
2307,7
2308,7
2309,7
2310,7
2311,7
2312,205
2313,205
2314,205
2315,205
2316,205
2317,187
2318,187
2319,187
2320,187
2321,187
2322,187
2323,187
2324,78
2325,78
2326,78
2327,78
2328,40
2329,233
2330,162
2331,162
2332,162
2333,162
2334,95
2335,95
2336,95
2337,95
2338,95
2339,95
2340,95
2341,95
2342,162
2343,162
2344,207
2345,48
2346,48
2347,48
2348,48
2349,48
2350,48
2351,48
2352,48
2353,48
2354,10
2355,234
2356,235
2357,236
2358,237
2359,143
2360,1315
2361,1315
2362,162
2363,121
2364,111
2365,111
2366,111
2367,111
2368,111
2369,111
2370,111
2371,111
2372,111
2373,111
2374,111
2375,213
2376,224
2377,224
2378,224
2379,224
2380,224
2381,224
2382,224
2383,224
2384,224
2385,1314
2386,1314
2387,1314
2388,1314
2389,121
2390,61
2391,61
2392,61
2393,61
2394,61
2395,61
2396,238
2397,238
2398,139
2399,102
2400,102
2401,102
2402,102
2403,102
2404,102
2405,102
2406,86
2407,139
2408,240
2409,240
2410,241
2411,1315
2412,1315
2413,139
2414,139
2415,139
2416,242
2417,243
2418,243
2419,195
2420,195
2421,103
2422,103
2423,162
2424,162
2425,162
2426,234
2427,244
2428,244
2429,244
2430,244
2431,244
2432,245
2433,245
2434,229
2435,229
2436,229
2437,239
2438,246
2439,246
2440,246
2441,246
2442,246
2443,245
2444,94
2445,247
2446,4
2447,62
2448,103
2449,31
2450,111
2451,103
2452,103
2453,248
2454,146
2455,100
2456,100
2457,100
2458,100
2459,100
2460,100
2461,249
2462,250
2463,98
2464,251
2465,53
2466,252
2467,46
2468,253
2469,61
2470,201
2471,201
2472,201
2473,174
2474,174
2475,254
2476,255
2477,53
2478,53
2479,53
2480,53
2481,233
2482,127
2483,127
2484,256
2485,256
2486,256
2487,256
2488,256
2489,256
2490,256
2491,256
2492,204
2493,111
2494,172
2495,172
2496,172
2497,111
2498,111
2499,111
2500,111
2501,109
2502,109
2503,109
2504,53
2505,174
2506,174
2507,174
2508,174
2509,257
2510,257
2511,257
2512,257
2513,257
2514,257
2515,258
2516,258
2517,258
2518,258
2519,204
2520,111
2521,111
2522,193
2523,193
2524,193
2525,193
2526,193
2527,111
2528,111
2529,111
2530,111
2531,111
2532,111
2533,111
2534,111
2535,111
2536,111
2537,111
2538,111
2539,111
2540,111
2541,111
2542,111
2543,111
2544,111
2545,111
2546,111
2547,259
2548,259
2549,89
2550,20
2551,20
2552,20
2553,20
2554,86
2555,110
2556,260
2557,20
2558,111
2559,111
2560,195
2561,20
2562,48
2563,53
2564,53
2565,53
2566,53
2567,53
2568,261
2569,704
2570,704
2571,704
2572,59
2573,20
2574,262
2575,263
2576,264
2577,265
2578,266
2579,20
2580,1314
2581,1314
2582,1314
2583,110
2584,110
2585,1315
2586,40
2587,40
2588,20
2589,20
2590,20
2591,20
2592,20
2593,20
2594,267
2595,268
2596,95
2597,174
2598,163
2599,163
2600,269
2601,270
2602,271
2603,272
2604,61
2605,61
2606,4
2607,4
2608,4
2609,4
2610,4
2611,4
2612,273
2613,259
2614,259
2615,259
2616,259
2617,274
2618,275
2619,276
2620,4
2622,4
2623,146
2624,234
2625,234
2626,234
2627,234
2628,97
2629,97
2630,97
2631,97
2632,97
2633,97
2634,97
2635,97
2636,115
2637,115
2638,115
2639,115
2640,277
2641,67
2642,67
2643,67
2644,259
2645,61
2646,61
2647,61
2648,61
2649,61
2650,61
2651,61
2652,278
2653,53
2654,53
2655,53
2656,90
2657,279
2658,279
2659,279
2660,279
2661,279
2662,279
2663,279
2664,279
2665,53
2666,53
2667,53
2668,53
2669,53
2670,53
2671,53
2672,110
2673,172
2674,280
2675,1315
2676,1315
2677,1315
2678,110
2679,110
2680,110
2681,20
2682,75
2683,75
2684,75
2685,281
2686,281
2687,281
2688,281
2689,281
2690,66
2691,282
2692,282
2693,280
2694,283
2695,284
2696,221
2697,201
2698,201
2699,201
2700,201
2701,201
2702,35
2703,206
2704,206
2705,206
2706,206
2707,2
2708,53
2709,53
2710,53
2711,53
2712,2
2713,2
2714,1331
2715,1331
2716,1331
2717,2
2718,2
2719,285
2720,285
2721,285
2722,285
2723,285
2724,285
2725,617
2726,62
2727,62
2728,2
2729,2
2730,2
2731,2
2732,4
2733,4
2734,4
2735,4
2736,4
2737,177
2738,177
2739,177
2740,2
2741,100
2742,47
2743,47
2744,61
2745,97
2746,97
2747,35
2748,234
2749,206
2750,206
2751,206
2752,206
2753,206
2754,206
2755,206
2756,617
2757,387
2758,35
2759,1331
2760,286
2761,617
2762,617
2763,139
2764,107
2765,78
2766,188
2767,617
2768,617
2769,617
2770,617
2771,53
2772,53
2773,20
2774,78
2775,78
2776,221
2777,221
2778,221
2779,221
2780,221
2781,221
2782,221
2783,221
2784,221
2785,221
2786,221
2787,221
2788,221
2789,221
2790,221
2791,221
2792,221
2793,221
2794,221
2795,30
2796,249
2797,249
2798,195
2799,287
2800,78
2801,78
2802,78
2803,78
2804,115
2805,115
2806,170
2807,170
2808,170
2809,170
2810,170
2811,75
2812,63
2813,53
2814,50
2815,111
2816,97
2817,97
2818,288
2819,245
2820,245
2821,289
2822,290
2823,23
2824,23
2825,23
2826,23
2827,23
2828,23
2829,23
2830,23
2831,23
2832,207
2833,207
2834,207
2835,207
2836,207
2837,106
2838,291
2839,20
2840,168
2841,111
2842,111
2843,111
2844,111
2845,111
2846,111
2847,111
2848,111
2849,111
2850,111
2851,111
2852,111
2853,111
2854,111
2855,111
2856,111
2857,292
2858,182
2859,182
2860,182
2861,182
2862,182
2863,182
2864,182
2865,182
2866,182
2867,182
2868,111
2869,111
2870,111
2871,111
2872,111
2873,111
2874,111
2875,111
2876,111
2877,111
2878,293
2879,290
2880,294
2881,294
2882,294
2883,294
2884,294
2885,294
2886,294
2887,294
2888,294
2889,294
2890,207
2891,295
2892,296
2893,1331
2894,1331
2895,1331
2896,1331
2897,290
2898,290
2899,290
2900,290
2901,290
2902,290
2903,290
2904,290
2905,290
2906,290
2907,290
2908,290
2909,290
2910,290
2911,290
2912,290
2913,297
2914,259
2915,40
2916,99
2917,206
2918,290
2919,290
2920,290
2921,290
2922,298
2923,38
2924,38
2925,38
2926,38
2927,38
2928,38
2929,38
2930,38
2931,38
2932,38
2933,38
2934,146
2935,146
2936,146
2937,146
2938,146
2939,146
2940,92
2941,161
2942,161
2943,299
2944,299
2945,20
2946,206
2947,206
2948,259
2949,259
2950,259
2951,300
2952,259
2953,161
2954,97
2955,97
2956,97
2957,73
2958,73
2959,73
2960,92
2961,92
2962,92
2963,92
2964,92
2965,92
2966,92
2967,259
2968,259
2969,259
2970,259
2971,259
2972,259
2973,259
2974,53
2975,53
2976,53
2977,53
2978,53
2979,53
2980,53
2981,1331
2982,1331
2983,1331
2984,704
2985,146
2986,21
2987,259
2988,259
2989,259
2990,259
2991,259
2992,259
2993,259
2994,259
2995,259
2996,259
2997,259
2998,24
2999,301
3000,302
3001,172
3002,92
3003,303
3004,304
3005,305
3006,306
3007,160
3008,97
3009,31
3010,97
3011,104
3012,37
3013,97
3014,97
3015,97
3016,207
3017,207
3018,207
3019,207
3020,207
3021,221
3022,307
3023,97
3024,97
3025,97
3026,308
3027,308
3028,308
3029,24
3030,24
3031,161
3032,111
3033,111
3034,111
3035,146
3036,146
3037,146
3038,146
3039,146
3040,146
3041,169
3042,104
3043,309
3044,92
3045,92
3046,1321
3047,207
3048,146
3049,146
3050,146
3051,146
3052,146
3053,92
3054,92
3055,239
3056,310
3057,111
3058,111
3059,111
3060,176
3061,176
3062,176
3063,176
3064,184
3065,184
3066,184
3067,184
3068,40
3069,35
3070,95
3071,95
3072,35
3073,35
3074,35
3075,35
3076,217
3077,173
3078,38
3079,38
3080,38
3081,239
3082,239
3083,239
3084,239
3085,239
3086,239
3087,146
3088,161
3089,40
3090,311
3091,149
3092,312
3093,313
3094,314
3095,315
3096,106
3097,35
3098,146
3099,207
3100,97
3101,97
3102,316
3103,146
3104,146
3105,146
3106,146
3107,146
3108,146
3109,317
3110,318
3111,307
3112,239
3113,239
3114,146
3115,38
3116,38
3117,38
3118,38
3119,38
3120,38
3121,38
3122,38
3123,38
3124,38
3125,38
3126,38
3127,38
3128,111
3129,111
3130,50
3131,180
3132,180
3133,180
3134,180
3135,180
3136,207
3137,207
3138,207
3139,207
3140,207
3141,319
3142,131
3143,50
3144,233
3145,188
3146,188
3147,173
3148,173
3149,207
3150,35
3151,35
3152,35
3153,320
3154,320
3155,320
3156,320
3157,187
3158,187
3159,187
3160,187
3161,321
3162,548
3163,548
3164,307
3165,180
3166,207
3167,207
3168,35
3169,35
3170,322
3171,323
3172,207
3173,239
3174,20
3175,149
3176,217
3177,176
3178,176
3179,176
3180,176
3181,176
3182,176
3183,176
3184,176
3185,176
3186,176
3187,176
3188,176
3189,176
3190,99
3191,99
3192,99
3193,99
3194,99
3195,99
3196,40
3197,176
3198,324
3199,324
3200,324
3201,324
3202,119
3203,119
3204,119
3205,119
3206,119
3207,176
3208,176
3209,239
3210,239
3211,111
3212,111
3213,111
3214,160
3215,160
3216,160
3217,160
3218,160
3219,160
3220,160
3221,160
3222,239
3223,239
3224,239
3225,59
3226,184
3227,233
3228,162
3229,162
3230,74
3231,74
3232,74
3233,74
3234,74
3235,74
3236,74
3237,74
3238,74
3239,239
3240,239
3241,239
3242,239
3243,239
3244,239
3245,239
3246,239
3247,187
3248,204
3249,204
3250,204
3251,204
3252,204
3253,204
3254,704
3255,287
3256,146
3257,23
3258,53
3259,325
3260,318
3261,146
3262,146
3263,146
3264,146
3265,146
3266,146
3267,146
3268,146
3269,110
3270,224
3271,224
3272,107
3273,53
3274,53
3275,53
3276,53
3277,53
3278,53
3279,59
3280,59
3281,59
3282,59
3283,59
3284,58
3285,326
3286,40
3287,326
3288,326
3289,65
3290,180
3291,247
3292,78
3293,180
3294,180
3295,243
3296,327
3297,89
3298,39
3299,4
3300,328
3301,23
3302,23
3303,59
3304,59
3305,59
3306,59
3307,59
3308,59
3309,146
3310,146
3311,329
3312,617
3313,617
3314,71
3315,330
3316,331
3317,332
3318,1314
3319,61
3320,31
3321,31
3322,74
3323,74
3324,31
3325,31
3326,316
3327,316
3328,316
3329,316
3330,333
3331,311
3332,258
3333,74
3334,61
3335,257
3336,334
3337,282
3338,282
3339,282
3340,335
3341,73
3342,73
3343,100
3344,20
3345,336
3346,49
3347,49
3348,49
3349,49
3350,49
3351,201
3352,201
3353,201
3354,201
3355,201
3356,201
3357,201
3358,201
3359,201
3360,201
3361,201
3362,98
3363,337
3364,338
3365,257
3366,337
3367,339
3368,340
3369,98
3370,341
3371,98
3372,337
3373,289
3374,289
3375,342
3376,278
3377,111
3378,93
3379,343
3380,106
3381,344
3382,345
3383,344
3384,346
3385,347
3386,196
3387,196
3388,196
3389,196
3390,31
3391,31
3392,31
3393,31
3394,31
3395,58
3396,20
3397,334
3398,20
3399,20
3400,20
3401,20
3402,20
3403,20
3404,20
3405,20
3406,221
3407,216
3408,59
3409,243
3410,617
3411,617
3412,617
3413,617
3414,16
3415,15
3416,15
3417,348
3418,348
3419,348
3420,348
3421,349
3422,349
3423,169
3424,350
3425,243
3426,243
3427,243
3428,325
3429,325
3430,316
3431,316
3432,316
3433,316
3434,316
3435,316
3436,111
3437,111
3438,351
3439,196
3440,196
3441,196
3442,196
3443,196
3444,196
3445,196
3446,196
3447,196
3448,233
3449,233
3450,233
3451,233
3452,233
3453,233
3454,233
3455,233
3456,233
3457,102
3458,352
3459,352
3460,217
3461,288
3462,318
3463,318
3464,111
3465,111
3466,316
3467,316
3468,73
3469,73
3470,89
3471,353
3472,354
3473,318
3474,318
3475,118
3476,355
3477,203
3478,146
3479,146
3480,146
3481,146
3482,146
3483,146
3484,146
3485,146
3486,146
3487,188
3488,188
3489,4
3490,4
3491,4
3492,4
3493,195
3494,195
3495,195
3496,195
3497,20
3498,20
3499,20
3500,20
3501,4
3502,4
3503,4
3504,4
3505,221
3506,176
3507,180
3508,180
3509,180
3510,180
3511,356
3512,356
3513,356
3514,356
3515,356
3516,93
3517,208
3518,208
3519,208
3520,208
3521,208
3522,208
3523,357
3524,358
3525,359
3526,1315
3527,360
3528,78
3529,37
3530,100
3531,102
3532,47
3533,47
3534,47
3535,243
3536,47
3537,361
3538,311
3539,311
3540,65
3541,65
3542,147
3543,169
3544,37
3545,21
3546,1322
3547,246
3548,311
3549,311
3550,311
3551,311
3552,311
3553,311
3554,311
3555,311
3556,311
3557,258
3558,228
3559,1315
3560,1315
3561,362
3562,173
3563,173
3564,173
3565,173
3566,173
3567,173
3568,173
3569,173
3570,173
3571,24
3572,24
3573,282
3574,282
3575,282
3576,282
3577,282
3578,282
3579,282
3580,282
3581,282
3582,282
3583,282
3584,282
3585,1331
3586,1331
3587,78
3588,78
3589,78
3590,107
3591,107
3592,107
3593,221
3594,119
3595,282
3596,73
3597,144
3598,143
3599,20
3600,20
3601,20
3602,169
3603,169
3604,169
3605,169
3606,169
3607,169
3608,169
3609,169
3610,169
3611,169
3612,169
3613,169
3614,169
3615,307
3616,307
3617,307
3618,180
3619,224
3620,61
3621,139
3622,53
3623,53
3624,53
3625,307
3626,24
3627,24
3628,249
3629,249
3630,73
3631,73
3632,73
3633,73
3634,73
3635,65
3636,61
3637,61
3638,61
3639,61
3640,61
3641,147
3642,31
3643,101
3644,171
3645,895
3646,920
3647,456
3648,371
3649,73
3650,73
3651,73
3652,73
3653,208
3654,6
3655,282
3656,282
3657,282
3658,243
3659,78
3660,78
3661,78
3662,78
3663,78
3664,78
3665,78
3666,78
3667,78
3668,161
3669,217
3670,183
3671,704
3672,310
3673,143
3674,61
3675,67
3676,67
3677,67
3678,24
3679,172
3680,143
3681,143
3682,143
3683,107
3684,20
3685,78
3686,363
3687,310
3688,364
3689,243
3690,243
3691,246
3692,365
3693,365
3694,365
3695,366
3696,21
3697,61
3698,61
3699,222
3700,222
3701,222
3702,222
3703,222
3704,222
3705,222
3706,222
3707,222
3708,288
3709,21
3710,21
3711,21
3712,21
3713,21
3714,21
3715,21
3716,73
3717,73
3718,61
3719,61
3720,61
3721,61
3722,61
3723,61
3724,61
3725,61
3726,61
3727,61
3728,98
3729,98
3730,61
3731,61
3732,61
3733,61
3734,61
3735,61
3736,98
3737,30
3738,30
3739,30
3740,30
3741,30
3742,30
3743,30
3744,30
3745,30
3746,30
3747,30
3748,30
3749,30
3750,30
3751,350
3752,364
3753,24
3754,298
3755,21
3756,21
3757,21
3758,208
3759,208
3760,21
3761,256
3762,21
3763,53
3764,367
3765,21
3766,280
3767,387
3768,287
3769,50
3770,256
3771,95
3772,195
3773,287
3774,287
3775,287
3776,287
3777,287
3778,21
3779,21
3780,21
3781,21
3782,31
3783,31
3784,31
3785,368
3786,366
3787,366
3788,1315
3789,65
3790,65
3791,65
3792,67
3793,21
3794,50
3795,50
3796,58
3797,180
3798,180
3799,183
3800,188
3801,146
3802,89
3803,67
3804,350
3805,350
3806,350
3807,350
3808,350
3809,221
3810,221
3811,221
3812,61
3813,6
3814,111
3815,201
3816,204
3817,102
3818,21
3819,47
3820,47
3821,47
3822,47
3823,47
3824,47
3825,47
3826,47
3827,47
3828,47
3829,188
3830,16
3831,16
3832,61
3833,61
3834,61
3835,61
3836,195
3837,195
3838,195
3839,195
3840,195
3841,249
3842,249
3843,249
3844,239
3845,239
3846,369
3847,38
3848,38
3849,38
3850,38
3851,38
3852,38
3853,38
3854,171
3855,171
3856,171
3857,171
3858,171
3859,171
3860,61
3861,61
3862,61
3863,61
3864,61
3865,61
3866,173
3867,173
3868,173
3869,173
3870,203
3871,47
3872,47
3873,162
3874,1
3875,100
3876,100
3877,370
3878,24
3879,31
3880,173
3881,4
3882,4
3883,310
3884,76
3885,310
3886,310
3887,61
3888,61
3889,61
3890,371
3891,371
3892,102
3893,102
3894,372
3895,26
3896,282
3897,4
3898,4
3899,4
3900,20
3901,373
3902,31
3903,31
3904,31
3905,368
3906,368
3907,38
3908,368
3909,4
3910,4
3911,4
3912,95
3913,95
3914,233
3915,4
3916,169
3917,169
3918,216
3919,216
3920,168
3921,168
3922,168
3923,168
3924,193
3925,193
3926,374
3927,374
3928,217
3929,25
3930,25
3931,25
3932,371
3933,375
3934,172
3935,169
3936,169
3937,169
3938,169
3939,195
3940,195
3941,377
3942,188
3943,61
3944,61
3945,61
3946,182
3947,378
3948,279
3949,279
3950,379
3951,193
3952,380
3953,380
3954,380
3955,380
3956,380
3957,380
3958,380
3959,224
3960,172
3961,172
3962,172
3963,172
3964,172
3965,172
3966,172
3967,172
3968,172
3969,172
3970,172
3971,172
3972,172
3973,172
3974,172
3975,172
3976,280
3977,280
3978,280
3979,281
3980,131
3981,123
3982,222
3983,222
3984,222
3985,61
3986,61
3987,61
3988,174
3989,61
3990,61
3991,25
3992,67
3993,381
3994,198
3995,53
3996,53
3997,4
3998,20
3999,100
4000,100
4001,100
4002,100
4003,100
4004,100
4005,100
4006,382
4007,53
4008,383
4009,108
4010,1
4011,143
4012,384
4013,385
4014,386
4015,387
4016,388
4017,169
4018,307
4019,307
4020,307
4021,307
4022,50
4023,50
4024,50
4025,50
4026,50
4027,188
4028,188
4029,188
4030,111
4031,111
4032,111
4033,111
4034,111
4035,111
4036,100
4037,119
4038,119
4039,119
4040,119
4041,119
4042,119
4043,119
4044,119
4045,119
4046,100
4047,169
4048,169
4049,91
4050,24
4051,91
4052,91
4053,139
4054,139
4055,107
4056,91
4057,91
4058,91
4059,91
4060,91
4061,95
4062,95
4063,95
4064,91
4065,91
4066,91
4067,91
4068,91
4069,67
4070,15
4071,216
4072,67
4073,389
4074,381
4075,1
4076,390
4077,53
4078,211
4079,91
4080,91
4081,91
4082,91
4083,91
4084,391
4085,391
4086,391
4087,391
4088,188
4089,188
4090,188
4091,188
4092,188
4093,392
4094,1330
4095,109
4096,393
4097,153
4098,394
4099,394
4100,395
4101,394
4102,396
4103,397
4104,398
4105,111
4106,111
4107,111
4108,111
4109,53
4110,61
4111,61
4112,203
4113,399
4114,98
4115,98
4116,222
4117,366
4118,366
4119,366
4120,369
4121,369
4122,48
4123,53
4124,53
4125,53
4126,53
4127,53
4128,249
4129,131
4130,131
4131,369
4132,369
4133,369
4134,369
4135,369
4136,98
4137,98
4138,98
4139,98
4140,98
4141,400
4142,145
4143,327
4144,837
4145,4
4146,256
4147,251
4148,251
4149,251
4150,251
4151,251
4152,169
4153,401
4154,201
4155,201
4156,201
4157,201
4158,201
4159,201
4160,201
4161,310
4162,310
4163,310
4164,310
4165,310
4166,310
4167,310
4168,310
4169,310
4170,310
4171,183
4172,402
4173,403
4174,403
4175,376
4176,217
4177,95
4178,95
4179,95
4180,95
4181,95
4182,95
4183,95
4184,95
4185,95
4186,106
4187,106
4188,106
4189,106
4190,404
4191,67
4192,67
4193,405
4194,405
4195,405
4196,4
4197,4
4198,4
4199,4
4200,4
4201,4
4202,1315
4203,1315
4204,96
4205,249
4206,760
4207,185
4208,326
4209,408
4210,409
4211,249
4212,95
4213,405
4214,356
4215,327
4216,25
4217,25
4218,25
4219,25
4220,25
4221,25
4222,25
4223,25
4224,25
4225,25
4226,25
4227,25
4228,25
4229,25
4230,67
4231,67
4232,98
4233,98
4234,98
4235,376
4236,350
4237,350
4238,350
4239,350
4240,350
4241,350
4242,139
4243,195
4244,95
4245,405
4246,108
4247,108
4248,410
4249,410
4250,410
4251,201
4252,182
4253,71
4254,26
4255,411
4256,412
4257,413
4258,414
4259,415
4260,416
4261,106
4262,95
4263,61
4264,61
4265,221
4266,412
4267,98
4268,417
4269,221
4270,418
4271,53
4272,419
4273,53
4274,98
4275,98
4276,53
4277,53
4278,53
4279,53
4280,53
4281,53
4282,53
4283,53
4284,53
4285,53
4286,53
4287,53
4288,53
4289,53
4290,53
4291,53
4292,53
4293,53
4294,195
4295,195
4296,195
4297,195
4298,195
4299,195
4300,195
4301,195
4302,195
4303,195
4304,195
4305,195
4306,1315
4307,1315
4308,188
4309,195
4310,195
4311,184
4312,184
4313,79
4314,67
4315,67
4316,67
4317,184
4318,184
4319,184
4320,24
4321,195
4322,195
4323,46
4324,46
4325,199
4326,281
4327,281
4328,281
4329,281
4330,281
4331,281
4332,199
4333,199
4334,420
4335,74
4336,308
4337,308
4338,308
4339,308
4340,308
4341,308
4342,308
4343,349
4344,119
4345,119
4346,1315
4347,59
4348,184
4349,184
4350,421
4351,421
4352,184
4353,324
4354,324
4355,324
4356,324
4357,324
4358,324
4359,309
4360,422
4361,199
4362,199
4363,423
4364,627
4365,107
4366,74
4367,224
4368,188
4369,188
4370,424
4371,298
4372,298
4373,298
4374,298
4375,1330
4376,1330
4377,195
4378,195
4379,1330
4380,1330
4381,1330
4382,1330
4383,16
4384,16
4385,188
4386,188
4387,16
4388,16
4389,16
4390,56
4391,322
4392,233
4393,53
4394,188
4395,425
4396,53
4397,281
4398,172
4399,172
4400,172
4401,172
4402,172
4403,172
4404,172
4405,172
4406,172
4407,172
4408,172
4409,172
4410,172
4411,172
4412,195
4413,195
4414,74
4415,37
4416,37
4417,280
4418,195
4419,102
4420,102
4421,102
4422,102
4423,102
4424,102
4425,102
4426,102
4427,195
4428,195
4429,195
4430,195
4431,426
4432,426
4433,426
4434,426
4435,426
4436,170
4437,170
4438,170
4439,170
4440,170
4441,53
4442,53
4443,53
4444,203
4445,203
4446,203
4447,66
4448,66
4449,66
4450,58
4451,58
4452,58
4453,427
4454,427
4455,427
4456,427
4457,427
4458,427
4459,66
4460,66
4461,66
4462,66
4463,66
4464,66
4465,66
4466,66
4467,67
4468,67
4469,67
4470,67
4471,67
4472,67
4473,67
4474,24
4475,74
4476,74
4477,74
4478,74
4479,74
4480,37
4481,37
4482,37
4483,37
4484,37
4485,37
4486,37
4487,54
4488,74
4489,249
4490,428
4491,429
4492,284
4493,102
4494,201
4495,201
4496,257
4497,53
4498,53
4499,174
4500,67
4501,67
4502,67
4503,131
4504,131
4505,131
4506,201
4507,201
4508,201
4509,67
4510,67
4511,53
4512,53
4513,53
4514,425
4515,425
4516,425
4517,425
4518,425
4519,425
4520,425
4521,188
4522,548
4523,380
4524,380
4525,380
4526,380
4527,380
4528,380
4529,380
4530,380
4531,380
4532,380
4533,380
4534,380
4535,380
4536,380
4537,380
4538,380
4539,380
4540,380
4541,380
4542,67
4543,61
4544,61
4545,61
4546,61
4547,61
4548,61
4549,61
4550,61
4551,430
4552,430
4553,112
4554,406
4555,406
4556,406
4557,26
4558,146
4559,431
4560,67
4561,58
4562,58
4563,704
4564,111
4565,38
4566,4
4567,4
4568,4
4569,4
4570,4
4571,4
4572,4
4573,4
4574,196
4575,196
4576,246
4577,246
4578,58
4579,58
4580,58
4581,58
4582,58
4583,58
4584,58
4585,58
4586,58
4587,58
4588,58
4589,58
4590,67
4591,67
4592,67
4593,67
4594,168
4595,168
4596,168
4597,168
4598,168
4599,168
4600,168
4601,139
4602,139
4603,139
4604,139
4605,139
4606,298
4607,298
4608,362
4609,298
4610,20
4611,356
4612,356
4613,356
4614,356
4615,193
4616,193
4617,193
4618,193
4619,371
4620,371
4621,59
4622,59
4623,366
4624,145
4625,59
4626,46
4627,46
4628,46
4629,46
4630,46
4631,46
4632,46
4633,46
4634,46
4635,46
4636,46
4637,46
4638,46
4639,46
4640,46
4641,46
4642,46
4643,249
4644,249
4645,208
4646,208
4647,208
4648,249
4649,249
4650,249
4651,249
4652,249
4653,249
4654,391
4655,47
4656,47
4657,47
4658,47
4659,47
4660,47
4661,601
4662,346
4663,432
4664,433
4665,4
4666,434
4667,371
4668,375
4669,435
4670,436
4671,173
4672,139
4673,350
4674,350
4675,350
4676,350
4677,350
4678,350
4679,114
4680,114
4681,114
4682,114
4683,114
4684,114
4685,114
4686,114
4687,102
4688,102
4689,102
4690,67
4691,437
4692,326
4693,326
4694,326
4695,326
4696,326
4697,326
4698,326
4699,326
4700,326
4701,326
4702,326
4703,326
4704,326
4705,326
4706,326
4707,89
4708,89
4709,89
4710,114
4711,114
4712,114
4713,114
4714,114
4715,114
4716,114
4717,114
4718,114
4719,193
4720,193
4721,183
4722,183
4723,196
4724,196
4725,196
4726,196
4727,196
4728,329
4729,329
4730,329
4731,112
4732,112
4733,112
4734,112
4735,112
4736,285
4737,285
4738,285
4739,285
4740,285
4741,285
4742,285
4743,203
4744,49
4745,49
4746,74
4747,704
4748,704
4749,704
4750,704
4751,102
4752,438
4753,74
4754,102
4755,102
4756,102
4757,102
4758,196
4759,196
4760,196
4761,196
4762,196
4763,196
4764,196
4765,196
4766,196
4767,196
4768,196
4769,49
4770,49
4771,49
4772,49
4773,49
4774,196
4775,196
4776,196
4777,196
4778,196
4779,196
4780,196
4781,196
4782,196
4783,196
4784,196
4785,37
4786,37
4787,37
4788,37
4789,37
4790,217
4791,102
4792,202
4793,282
4794,102
4795,102
4796,102
4797,102
4798,102
4799,102
4800,439
4801,24
4802,111
4803,111
4804,257
4805,257
4806,145
4807,145
4808,298
4809,298
4810,298
4811,298
4812,54
4813,54
4814,54
4815,54
4816,54
4817,54
4818,54
4819,54
4820,54
4821,54
4822,139
4823,25
4824,25
4825,334
4826,73
4827,440
4828,24
4829,61
4830,61
4831,139
4832,54
4833,54
4834,54
4835,350
4836,54
4837,54
4838,54
4839,54
4840,250
4841,280
4842,98
4843,249
4844,139
4845,53
4846,38
4847,61
4848,61
4849,61
4850,139
4851,139
4852,139
4853,139
4854,139
4855,139
4856,174
4857,98
4858,98
4859,186
4860,186
4861,102
4862,102
4863,174
4864,196
4865,196
4866,196
4867,196
4868,196
4869,196
4870,196
4871,196
4872,196
4873,196
4874,196
4875,54
4876,405
4877,405
4878,405
4879,405
4880,405
4881,147
4882,50
4883,139
4884,256
4885,185
4886,185
4887,146
4888,98
4889,98
4890,98
4891,98
4892,233
4893,147
4894,147
4895,418
4896,169
4897,183
4898,183
4899,183
4900,102
4901,102
4902,441
4903,26
4904,26
4905,26
4906,26
4907,26
4908,26
4909,26
4910,61
4911,83
4912,442
4913,442
4914,174
4915,174
4916,174
4917,67
4918,26
4919,405
4920,15
4921,15
4922,47
4923,15
4924,15
4925,15
4926,168
4927,15
4928,15
4929,443
4930,444
4931,48
4932,48
4933,174
4934,174
4935,139
4936,139
4937,139
4938,139
4939,139
4940,139
4941,139
4942,139
4943,139
4944,48
4945,310
4946,107
4947,100
4948,217
4949,217
4950,217
4951,217
4952,217
4953,444
4954,445
4955,445
4956,445
4957,445
4958,445
4959,445
4960,15
4961,15
4962,15
4963,15
4964,15
4965,15
4966,15
4967,15
4968,15
4969,201
4970,201
4971,201
4972,201
4973,201
4974,201
4975,139
4976,186
4977,38
4978,38
4979,118
4980,53
4981,53
4982,195
4983,26
4984,61
4985,298
4986,65
4987,50
4988,50
4989,95
4990,24
4991,24
4992,95
4993,26
4994,446
4995,446
4996,446
4997,446
4998,53
4999,15
5000,15
5001,298
5002,298
5003,83
5004,24
5005,54
5006,54
5007,168
5008,48
5009,48
5010,48
5011,24
5012,24
5013,95
5014,95
5015,24
5016,24
5017,193
5018,168
5019,168
5020,168
5021,617
5022,172
5023,172
5024,172
5025,168
5026,168
5027,168
5028,48
5029,48
5030,48
5031,48
5032,48
5033,48
5034,61
5035,61
5036,61
5037,61
5038,61
5039,61
5040,61
5041,287
5042,287
5043,61
5044,61
5045,61
5046,24
5047,102
5048,102
5049,102
5050,102
5051,26
5052,26
5053,26
5054,26
5055,26
5056,371
5057,163
5058,222
5059,222
5060,222
5061,356
5062,356
5063,405
5064,405
5065,405
5066,53
5067,53
5068,53
5069,53
5070,201
5071,447
5072,447
5073,447
5074,447
5075,447
5076,447
5077,447
5078,447
5079,447
5080,24
5081,447
5082,350
5083,350
5084,373
5085,373
5086,373
5087,373
5088,373
5089,373
5090,373
5091,373
5092,373
5093,168
5094,168
5095,168
5096,168
5097,215
5098,215
5099,215
5100,215
5101,24
5102,67
5103,67
5104,67
5105,111
5106,48
5107,48
5108,48
5109,48
5110,48
5111,48
5112,48
5113,256
5114,61
5115,61
5116,61
5117,48
5118,48
5119,48
5120,448
5121,39
5122,39
5123,215
5124,47
5125,47
5126,47
5127,47
5128,47
5129,47
5130,47
5131,47
5132,47
5133,47
5134,449
5135,450
5136,108
5137,451
5138,101
5139,98
5140,98
5141,98
5142,98
5143,209
5144,16
5145,16
5146,16
5147,16
5148,16
5149,16
5150,16
5151,61
5152,452
5153,446
5154,446
5155,453
5156,369
5157,369
5158,369
5159,195
5160,195
5161,195
5162,195
5163,454
5164,195
5165,356
5166,356
5167,356
5168,356
5169,356
5170,182
5171,61
5172,61
5173,61
5174,61
5175,61
5176,61
5177,61
5178,111
5179,111
5180,111
5181,111
5182,139
5183,37
5184,257
5185,257
5186,174
5187,174
5188,174
5189,174
5190,174
5191,174
5192,174
5193,174
5194,174
5195,174
5196,174
5197,174
5198,174
5199,174
5200,174
5201,222
5202,222
5203,418
5204,418
5205,418
5206,418
5207,418
5208,418
5209,418
5210,418
5211,418
5212,418
5213,418
5214,418
5215,418
5216,418
5217,418
5218,418
5219,418
5220,195
5221,195
5222,195
5223,195
5224,195
5225,195
5226,195
5227,195
5228,111
5229,195
5230,111
5231,195
5232,195
5233,195
5234,195
5235,310
5236,298
5237,298
5238,50
5239,50
5240,50
5241,50
5242,50
5243,50
5244,50
5245,195
5246,98
5247,98
5248,98
5249,98
5250,98
5251,98
5252,98
5253,257
5254,30
5255,30
5256,30
5257,30
5258,30
5259,30
5260,30
5261,455
5262,455
5263,195
5264,195
5265,147
5266,147
5267,147
5268,147
5269,147
5270,147
5271,147
5272,147
5273,147
5274,38
5275,183
5276,101
5277,48
5279,48
5280,48
5281,50
5282,50
5283,50
5284,50
5285,50
5286,50
5287,50
5288,50
5289,47
5290,47
5291,47
5292,47
5293,111
5294,111
5295,111
5296,111
5297,111
5298,111
5299,111
5300,111
5301,111
5302,111
5303,298
5304,298
5305,168
5306,98
5307,98
5308,98
5309,98
5310,98
5311,98
5312,98
5313,162
5314,182
5315,171
5316,54
5317,54
5318,418
5319,418
5320,38
5321,38
5322,38
5323,50
5324,173
5325,173
5326,123
5327,123
5328,139
5329,139
5330,139
5331,95
5332,38
5333,38
5334,101
5335,26
5336,26
5337,26
5338,26
5339,26
5340,173
5341,38
5342,38
5343,38
5344,195
5345,195
5346,163
5347,146
5348,371
5349,371
5350,217
5351,217
5352,98
5353,61
5354,61
5355,61
5356,51
5357,146
5358,53
5359,457
5360,48
5361,67
5362,67
5363,67
5364,67
5365,67
5366,162
5367,217
5368,203
5369,25
5370,104
5371,46
5372,61
5373,222
5374,100
5375,25
5376,371
5377,221
5378,221
5379,25
5380,25
5381,26
5382,53
5383,61
5384,61
5385,61
5386,61
5387,61
5388,61
5389,61
5390,61
5391,458
5392,458
5393,458
5394,350
5395,195
5396,65
5397,298
5398,20
5399,20
5400,289
5401,289
5402,289
5403,289
5404,455
5405,455
5406,455
5407,455
5408,455
5409,98
5410,98
5411,98
5412,98
5413,98
5414,98
5415,459
5416,98
5417,98
5418,98
5419,460
5420,48
5421,48
5422,48
5423,98
5424,98
5425,98
5426,98
5427,98
5428,98
5429,98
5430,123
5431,123
5432,16
5433,111
5434,111
5435,111
5436,111
5437,111
5438,111
5439,111
5440,111
5441,111
5442,111
5443,111
5444,163
5445,163
5446,111
5447,193
5448,193
5449,193
5450,193
5451,193
5452,47
5453,288
5454,173
5455,123
5456,123
5457,233
5458,233
5459,233
5460,233
5461,233
5462,111
5463,111
5464,111
5465,111
5466,111
5467,111
5468,111
5469,111
5470,461
5471,222
5472,412
5473,193
5474,144
5475,144
5476,144
5477,144
5478,144
5479,144
5480,144
5481,144
5482,366
5483,366
5484,366
5485,366
5486,4
5487,101
5488,4
5489,246
5490,439
5491,455
5492,193
5493,193
5494,193
5495,285
5496,183
5497,183
5498,245
5499,245
5500,102
5501,102
5502,102
5503,287
5504,287
5505,287
5506,98
5507,98
5508,462
5509,462
5510,16
5511,462
5512,462
5513,463
5514,38
5515,53
5516,67
5517,67
5518,419
5519,419
5520,419
5521,419
5522,216
5523,216
5524,53
5525,412
5526,16
5527,221
5528,221
5529,108
5530,108
5531,108
5532,108
5533,108
5534,108
5535,67
5536,204
5537,204
5538,204
5539,67
5540,67
5541,67
5542,67
5543,67
5544,203
5545,67
5546,240
5547,278
5548,342
5549,342
5550,221
5551,139
5552,139
5553,139
5554,53
5555,53
5556,53
5557,53
5558,102
5559,102
5560,102
5561,464
5562,67
5563,277
5564,277
5565,277
5566,277
5567,277
5568,53
5569,53
5570,53
5571,53
5572,67
5573,67
5574,67
5575,67
5576,67
5577,67
5578,67
5579,67
5580,67
5581,67
5582,67
5583,67
5584,67
5585,67
5586,67
5587,458
5588,458
5589,458
5590,53
5591,53
5592,53
5593,53
5594,53
5595,53
5596,53
5597,53
5598,53
5599,53
5600,53
5601,53
5602,201
5603,53
5604,53
5605,53
5606,53
5607,222
5608,53
5609,53
5610,53
5611,53
5612,53
5613,53
5614,53
5615,53
5616,53
5617,53
5618,201
5619,325
5620,401
5621,102
5622,67
5623,173
5624,173
5625,287
5626,287
5627,102
5278,246
5628,349
5629,349
5630,349
5631,349
5632,468
5633,182
5634,47
5635,371
5636,47
5637,465
5638,243
5639,47
5640,466
5641,47
5642,467
5643,139
5644,47
5645,61
5646,61
5647,61
5648,61
5649,173
5650,38
5651,163
5652,163
5653,163
5654,163
5655,163
5656,468
5657,468
5658,468
5659,468
5660,468
5661,468
5662,468
5663,468
5664,423
5665,61
5666,199
5667,199
5668,199
5669,199
5670,199
5671,102
5672,243
5673,162
5674,162
5675,162
5676,162
5677,162
5678,162
5679,162
5680,162
5681,162
5682,162
5683,285
5684,285
5685,285
5686,285
5687,243
5688,243
5689,243
5690,243
5691,243
5692,243
5693,102
5694,469
5695,163
5696,163
5697,163
5698,98
5699,470
5700,470
5701,470
5702,470
5703,470
5704,470
5705,470
5706,470
5707,470
5708,470
5709,470
5710,470
5711,470
5712,470
5713,470
5714,470
5715,470
5716,470
5717,470
5718,470
5719,470
5720,470
5721,470
5722,470
5723,470
5724,470
5725,470
5726,470
5727,470
5728,470
5729,470
5730,470
5731,470
5732,111
5733,111
5734,111
5735,111
5736,111
5737,58
5738,58
5739,58
5740,58
5741,58
5742,58
5743,58
5744,243
5745,243
5746,455
5747,455
5748,455
5749,455
5750,455
5751,455
5752,222
5753,222
5754,222
5755,222
5756,222
5757,139
5758,139
5759,139
5760,139
5761,139
5762,139
5763,139
5764,139
5765,139
5766,139
5767,139
5768,139
5769,95
5770,95
5771,95
5772,95
5773,95
5774,222
5775,222
5776,131
5777,131
5778,131
5779,131
5780,111
5781,111
5782,111
5783,111
5784,111
5785,111
5786,111
5787,47
5788,47
5789,47
5790,47
5791,203
5792,203
5793,195
5794,147
5795,147
5796,147
5797,147
5798,147
5799,147
5800,147
5801,200
5802,67
5803,287
5804,287
5805,287
5806,287
5807,287
5808,287
5809,16
5810,58
5811,58
5812,58
5813,58
5814,58
5815,58
5816,58
5817,58
5818,222
5819,185
5820,185
5821,185
5822,98
5823,403
5824,403
5825,403
5826,403
5827,403
5828,403
5829,403
5830,455
5831,455
5832,455
5833,455
5834,203
5835,203
5836,203
5837,203
5838,67
5839,285
5840,471
5841,98
5842,98
5843,472
5844,98
5845,98
5846,195
5847,195
5848,195
5849,195
5850,195
5851,195
5852,102
5853,102
5854,473
5855,474
5856,474
5857,474
5858,474
5859,474
5860,474
5861,474
5862,474
5863,15
5864,15
5865,163
5866,163
5867,163
5868,163
5869,474
5870,217
5871,61
5872,61
5873,195
5874,195
5875,195
5876,195
5877,54
5878,196
5879,95
5880,287
5881,108
5882,108
5883,102
5884,617
5885,617
5886,617
5887,617
5888,617
5889,617
5890,310
5891,203
5892,203
5893,287
5894,287
5895,287
5896,287
5897,287
5898,287
5899,287
5900,16
5901,47
5902,199
5903,199
5904,199
5905,199
5906,199
5907,67
5908,67
5909,310
5910,310
5911,310
5912,310
5913,310
5914,310
5915,310
5916,475
5917,475
5918,399
5919,222
5920,222
5921,222
5922,222
5923,222
5924,222
5925,222
5926,222
5927,38
5928,38
5929,38
5930,139
5931,139
5932,139
5933,407
5934,407
5935,407
5936,407
5937,407
5938,407
5939,407
5940,407
5941,378
5942,378
5943,378
5944,475
5945,475
5946,475
5947,475
5948,475
5949,475
5950,475
5951,475
5952,476
5953,477
5954,476
5955,476
5956,476
5957,280
5958,476
5959,376
5960,376
5961,405
5962,405
5963,405
5964,280
5965,280
5966,362
5967,476
5968,221
5969,221
5970,98
5971,98
5972,98
5973,98
5974,98
5975,98
5976,98
5977,98
5978,98
5979,98
5980,98
5981,478
5982,478
5983,478
5984,182
5985,182
5986,479
5987,479
5988,479
5989,256
5990,457
5991,289
5992,185
5993,30
5994,185
5995,406
5996,406
5997,100
5998,100
5999,285
6000,419
6001,419
6002,419
6003,419
6004,419
6005,419
6006,419
6007,419
6008,203
6009,203
6010,203
6011,462
6012,462
6013,410
6014,410
6015,410
6016,410
6017,410
6018,410
6019,410
6020,410
6021,410
6022,410
6023,410
6024,410
6025,410
6026,410
6027,410
6028,410
6029,410
6030,410
6031,410
6032,410
6033,410
6034,410
6035,410
6036,462
6037,462
6038,185
6039,480
6040,163
6041,421
6042,421
6043,421
6044,203
6045,203
6046,203
6047,371
6048,371
6049,102
6050,102
6051,102
6052,102
6053,102
6054,102
6055,102
6056,102
6057,102
6058,102
6059,102
6060,203
6061,421
6062,160
6063,160
6064,160
6065,160
6066,160
6067,476
6068,476
6069,476
6070,476
6071,476
6072,49
6073,49
6074,49
6075,49
6076,49
6077,49
6078,49
6079,49
6080,20
6082,20
6083,481
6084,482
6085,482
6086,483
6087,481
6088,204
6089,204
6090,204
6091,204
6092,365
6093,365
6094,495
6095,100
6096,476
6097,476
6098,476
6099,476
6100,476
6101,476
6102,476
6103,476
6104,104
6105,484
6106,338
6107,98
6108,485
6109,337
6110,449
6111,222
6112,486
6113,421
6114,421
6115,421
6116,421
6117,421
6118,421
6119,38
6120,38
6121,38
6122,38
6123,38
6124,38
6125,280
6126,98
6127,98
6128,339
6129,280
6130,487
6131,488
6132,488
6133,489
6134,221
6135,480
6136,480
6137,280
6138,280
6139,46
6140,46
6141,182
6142,38
6143,38
6144,281
6145,281
6146,480
6147,490
6148,490
6149,491
6150,104
6151,280
6152,280
6153,280
6154,280
6155,61
6156,61
6157,337
6158,334
6159,334
6160,334
6161,334
6162,334
6163,61
6164,476
6165,492
6166,139
6167,26
6168,26
6169,26
6170,26
6171,26
6172,26
6173,221
6174,350
6175,350
6176,350
6177,350
6178,350
6179,350
6180,102
6181,298
6182,405
6183,203
6184,111
6185,111
6186,287
6187,287
6188,287
6189,287
6190,61
6191,195
6192,195
6193,465
6194,195
6195,195
6196,195
6197,195
6198,26
6199,26
6200,26
6201,26
6202,371
6203,371
6204,4
6205,287
6206,285
6207,493
6208,222
6209,160
6210,160
6211,160
6212,108
6213,1
6214,1138
6215,216
6216,311
6217,494
6218,407
6219,356
6220,495
6221,495
6222,495
6223,495
6224,495
6225,495
6226,217
6227,217
6228,217
6229,182
6230,98
6231,98
6232,98
6233,298
6234,419
6235,461
6236,496
6237,461
6238,227
6239,497
6240,98
6241,459
6242,47
6243,208
6244,208
6245,458
6246,458
6247,458
6248,458
6249,458
6250,458
6251,458
6252,47
6253,412
6254,412
6255,376
6256,376
6257,376
6258,1
6259,201
6260,217
6261,1
6262,102
6263,178
6264,178
6265,178
6266,172
6267,123
6268,123
6269,123
6270,123
6271,123
6272,123
6273,123
6274,123
6275,123
6276,123
6277,123
6278,123
6279,123
6280,123
6281,123
6282,123
6283,123
6284,123
6285,163
6286,378
6287,378
6288,378
6289,246
6290,246
6291,246
6292,246
6293,246
6294,246
6295,123
6296,294
6297,294
6298,101
6299,61
6300,178
6301,178
6302,178
6303,178
6304,178
6305,178
6306,178
6307,178
6308,178
6309,178
6310,178
6311,51
6312,498
6313,498
6314,95
6315,95
6316,50
6317,50
6318,481
6319,481
6320,83
6321,351
6322,351
6323,351
6324,169
6325,58
6326,251
6327,108
6328,499
6329,37
6330,251
6331,251
6332,251
6333,251
6334,251
6335,251
6336,251
6337,251
6338,69
6339,69
6340,69
6341,69
6342,495
6343,495
6344,495
6345,495
6346,495
6347,495
6348,123
6349,51
6350,51
6351,407
6352,407
6353,407
6354,407
6355,407
6356,407
6357,407
6358,407
6359,407
6360,407
6361,1138
6362,123
6363,123
6364,123
6365,123
6366,51
6367,617
6368,144
6369,500
6370,500
6371,500
6372,500
6373,500
6374,500
6375,500
6376,500
6377,78
6379,501
6380,216
6381,73
6382,26
6383,502
6384,502
6385,502
6386,502
6387,502
6388,502
6389,380
6390,380
6391,380
6392,405
6393,405
6394,405
6395,405
6396,405
6397,468
6398,111
6399,111
6400,26
6401,26
6402,111
6403,111
6404,111
6405,111
6406,111
6407,26
6408,501
6409,501
6410,501
6411,501
6412,501
6413,501
6414,501
6415,501
6416,501
6417,501
6418,501
6419,501
6420,501
6421,501
6422,501
6423,501
6424,405
6425,160
6426,160
6427,160
6428,405
6429,111
6430,111
6431,111
6432,111
6433,111
6434,111
6435,26
6436,123
6437,97
6438,97
6440,111
6441,111
6442,111
6443,111
6444,111
6445,111
6446,111
6447,111
6448,111
6449,503
6450,504
6451,405
6452,97
6453,4
6454,4
6455,97
6456,376
6457,376
6458,193
6459,193
6460,193
6461,193
6462,193
6463,193
6464,193
6465,37
6466,4
6467,4
6468,4
6469,4
6470,4
6471,4
6472,505
6473,505
6474,505
6475,505
6476,505
6477,4
6478,4
6479,26
6480,26
6481,76
6482,216
6483,216
6484,4
6485,4
6486,111
6487,506
6488,495
6489,111
6490,4
6491,4
6492,507
6493,507
6494,123
6495,123
6496,196
6497,362
6498,73
6499,139
6500,508
6501,216
6502,221
6503,362
6504,46
6505,46
6506,46
6507,259
6508,259
6509,509
6510,509
6511,193
6512,193
6513,221
6514,285
6515,406
6516,406
6517,406
6518,406
6519,406
6520,406
6521,406
6522,67
6523,67
6524,67
6525,282
6526,282
6527,282
6528,282
6529,282
6530,282
6531,282
6532,282
6533,282
6534,282
6535,282
6536,282
6537,282
6538,282
6539,282
6540,282
6541,282
6542,510
6543,511
6544,58
6545,282
6546,509
6547,509
6548,221
6549,221
6550,221
6551,221
6552,221
6553,15
6439,15
6554,15
6555,15
6556,15
6557,251
6558,251
6559,251
6560,251
6561,509
6562,509
6563,509
6564,221
6565,221
6566,282
6567,282
6568,221
6569,279
6570,279
6571,139
6572,509
6573,509
6574,509
6575,509
6576,509
6577,509
6578,61
6579,61
6580,61
6581,61
6582,61
6583,61
6584,61
6585,61
6586,61
6587,61
6588,61
6589,61
6590,61
6591,61
6592,61
6593,61
6594,61
6595,61
6596,512
6597,512
6598,512
6599,512
6600,61
6601,61
6602,100
6603,147
6604,285
6605,285
6606,285
6607,285
6608,285
6609,285
6610,285
6611,285
6612,285
6613,50
6614,50
6615,50
6616,147
6617,513
6618,61
6619,95
6620,95
6621,95
6622,95
6623,216
6624,216
6625,216
6626,216
6627,67
6628,67
6629,514
6630,107
6631,476
6632,476
6633,476
6634,111
6635,515
6636,516
6637,495
6638,495
6639,495
6640,495
6641,495
6642,495
6643,495
6644,196
6645,196
6646,362
6647,362
6648,196
6649,196
6650,196
6651,517
6652,517
6653,518
6654,518
6655,518
6656,111
6657,111
6658,111
6659,111
6660,111
6661,111
6662,111
6663,111
6664,1
6665,196
6666,111
6667,15
6668,617
6669,617
6670,617
6671,95
6672,350
6673,118
6674,221
6675,221
6676,144
6677,144
6678,144
6679,144
6680,144
6681,144
6682,144
6683,144
6684,15
6685,15
6686,15
6687,15
6688,15
6689,519
6690,519
6691,507
6692,507
6693,507
6694,507
6695,111
6696,20
6697,20
6698,111
6699,288
6700,520
6701,95
6702,371
6703,371
6704,216
6705,217
6706,521
6707,238
6708,238
6709,238
6710,238
6711,238
6712,46
6713,522
6714,1315
6715,279
6716,386
6717,70
6718,523
6719,523
6720,523
6721,520
6722,16
6723,58
6724,201
6725,201
6726,201
6727,201
6728,201
6729,201
6730,196
6731,196
6732,279
6733,279
6734,279
6735,279
6736,279
6737,524
6738,524
6739,446
6740,446
6741,446
6742,446
6743,446
6744,446
6745,525
6746,525
6747,198
6748,526
6749,95
6750,95
6751,95
6752,95
6753,95
6754,95
6755,95
6756,95
6757,95
6758,53
6759,53
6760,53
6761,53
6762,53
6763,53
6764,53
6765,53
6766,53
6767,53
6768,53
6769,78
6770,78
6771,78
6772,78
6773,416
6774,416
6775,58
6776,58
6777,58
6778,279
6779,279
6780,279
6781,279
6782,279
6783,279
6784,53
6785,53
6786,53
6787,617
6788,54
6789,78
6790,78
6791,527
6792,102
6793,53
6794,221
6795,523
6796,523
6797,523
6798,523
6799,204
6800,204
6801,204
6802,204
6803,139
6804,1330
6805,1330
6806,46
6807,46
6808,46
6809,38
6810,505
6811,505
6812,1315
6813,63
6814,63
6815,63
6816,63
6817,63
6818,63
6819,63
6820,63
6821,63
6822,63
6824,63
6826,63
6827,10
6829,528
6830,528
6831,528
6832,528
6833,528
6834,528
6835,528
6836,528
6837,528
6838,12
6839,12
6840,12
6841,12
6842,12
6843,12
6844,12
6845,12
6846,12
6849,63
6850,1331
6851,529
6852,530
6853,531
6854,531
6855,531
6856,9
6857,7
6859,532
6860,533
6861,531
6862,531
6863,21
6864,21
6865,21
6866,16
6867,16
6868,534
6869,1
6870,13
6872,16
6873,16
6874,16
6875,16
6876,13
6877,62
6878,16
6879,22
6880,528
6881,535
6882,536
6883,537
6884,538
6885,107
6886,539
6887,540
6888,539
6889,539
6890,224
6891,539
6892,539
6893,107
6894,539
6895,541
6896,541
6897,541
6898,541
6899,542
6900,543
6901,543
6902,543
6903,544
6904,545
6905,546
6906,546
6907,546
6908,546
6909,546
6910,204
6911,547
6912,365
6913,365
6914,365
6915,365
6916,365
6917,204
6918,204
6919,204
6920,102
6921,102
6922,102
6923,102
6924,102
6925,196
6926,196
6927,196
6928,196
6929,196
6930,196
6931,196
6932,196
6933,196
6934,196
6935,196
6936,196
6937,196
6938,196
6939,196
6940,196
6941,196
6942,196
6943,196
6944,102
6945,102
6946,102
6947,102
6948,102
6949,224
6950,548
6951,548
6952,549
6953,512
6954,512
6955,196
6956,196
6957,196
6958,65
6959,65
6960,65
6961,139
6962,196
6963,550
6964,90
6965,551
6966,29
6967,552
6968,552
6969,552
6970,552
6971,553
6972,554
6973,552
6974,555
6975,555
6976,555
6977,556
6978,556
6979,556
6980,556
6981,556
6982,556
6983,556
6984,70
6985,70
6986,70
6987,70
6988,556
6989,556
6990,556
6991,556
6992,556
6993,556
6994,556
6995,556
6996,556
6997,556
6847,12
6825,63
6848,12
6858,12
6828,3
6871,3
6998,556
6999,556
7000,556
7001,556
7002,556
7003,556
7004,556
7005,556
7006,70
7007,70
7008,70
7009,70
7010,556
7011,556
7012,70
7013,70
7014,70
7015,70
7016,557
7017,558
7018,62
7019,62
7020,62
7021,62
7022,258
7023,479
7024,366
7025,559
7026,556
7027,288
7028,204
7029,19
7030,556
7031,556
7032,556
7033,556
7034,560
7035,556
7036,556
7037,556
7038,556
7039,556
7040,556
7041,556
7042,556
7043,556
7044,19
7045,19
7046,561
7047,562
7048,563
7049,556
7050,556
7051,556
7052,556
7053,556
7054,556
7055,556
7056,564
7057,564
7058,564
7059,564
7060,564
7061,564
7062,564
7063,556
7064,556
7065,556
7066,556
7067,556
7068,556
7069,556
7070,555
7071,70
7072,70
7073,70
7074,21
7075,327
7076,98
7077,556
7078,556
7079,556
7080,556
7081,565
7082,566
7083,109
7084,567
7085,70
7086,567
7087,109
7088,568
7089,568
7090,568
7091,568
7092,70
7093,569
7094,70
7095,70
7096,70
7097,527
7098,569
7099,570
7100,570
7101,570
7102,570
7103,570
7104,570
7105,570
7106,182
7107,98
7108,56
7109,56
7110,56
7111,56
7112,56
7113,56
7114,56
7115,564
7116,564
7117,564
7118,62
7119,62
7120,62
7121,62
7122,62
7123,62
7124,70
7125,70
7126,70
7127,70
7128,9
7129,571
7130,571
7131,571
7132,572
7133,572
7134,573
7135,574
7136,9
7137,575
7138,576
7139,70
7140,567
7141,577
7142,573
7143,573
7144,578
7145,578
7146,70
7147,579
7148,70
7149,70
7150,70
7151,70
7152,70
7153,70
7154,70
7155,70
7156,580
7157,70
7158,70
7159,70
7160,70
7161,70
7162,70
7163,70
7164,557
7165,70
7166,70
7167,70
7168,581
7169,582
7170,582
7171,582
7172,582
7173,582
7174,582
7175,582
7176,582
7177,582
7178,582
7179,582
7180,582
7181,582
7182,582
7183,582
7184,582
7185,70
7186,70
7187,70
7188,70
7189,70
7190,70
7191,70
7192,70
7193,62
7194,62
7195,62
7196,62
7197,55
7198,1315
7199,1315
7200,1315
7201,1315
7202,1315
7203,64
7204,583
7206,1322
7207,584
7208,584
7209,584
7210,584
7211,584
7212,585
7213,585
7214,125
7215,70
7216,586
7217,587
7218,588
7219,570
7220,528
7221,70
7222,70
7223,589
7224,589
7225,589
7226,589
7227,590
7228,590
7229,70
7230,590
7231,590
7232,590
7233,590
7234,590
7235,590
7236,590
7237,591
7238,591
7239,591
7240,591
7241,591
7242,591
7243,591
7244,591
7245,591
7246,591
7247,591
7248,591
7249,591
7250,591
7251,591
7252,591
7253,592
7254,592
7255,19
7256,593
7257,593
7258,594
7259,592
7260,45
7261,45
7262,45
7263,45
7264,45
7265,45
7266,45
7267,45
7268,45
7269,45
7270,555
7271,555
7272,555
7273,555
7274,555
7275,595
7276,595
7277,596
7278,595
7279,595
7280,595
7281,595
7282,597
7283,556
7284,556
7285,556
7286,556
7287,556
7288,595
7289,598
7290,598
7291,528
7292,528
7293,599
7294,600
7295,556
7296,556
7297,556
7298,556
7299,556
7300,70
7301,601
7302,602
7303,6
7304,204
7305,196
7306,603
7307,604
7308,4
7309,4
7310,4
7311,4
7312,4
7313,4
7314,4
7315,4
7316,4
7317,104
7318,221
7319,169
7320,605
7321,376
7322,103
7323,103
7324,103
7325,103
7326,103
7327,38
7328,38
7329,38
7330,38
7331,38
7332,38
7333,38
7334,38
7335,38
7336,38
7337,38
7338,38
7339,15
7340,606
7341,503
7342,19
7343,19
7344,19
7345,607
7346,347
7347,58
7348,535
7349,214
7350,16
7351,58
7352,38
7353,38
7354,38
7355,38
7356,61
7357,61
7358,61
7359,75
7360,75
7361,75
7362,75
7363,78
7364,78
7365,78
7366,78
7367,78
7368,78
7369,78
7370,78
7371,608
7372,103
7373,7
7374,7
7375,7
7376,609
7377,610
7378,78
7379,62
7380,4
7381,61
7382,214
7383,611
7384,16
7385,612
7386,613
7387,558
7388,27
7389,4
7390,196
7391,3
7392,1
7393,20
7394,73
7395,73
7396,100
7397,100
7398,100
7399,100
7400,100
7401,100
7402,100
7403,100
7404,100
7405,100
7406,610
7407,100
7408,100
7409,100
7410,100
7411,100
7412,100
7413,100
7414,100
7415,100
7416,100
7417,100
7418,614
7419,109
7420,181
7421,178
7422,615
7423,564
7424,616
7425,564
7426,564
7427,617
7428,617
7429,617
7430,617
7431,618
7432,39
7433,39
7434,617
7435,39
7436,39
7437,617
7438,39
7439,78
7440,564
7441,564
7442,564
7443,39
7444,39
7445,39
7446,39
7447,100
7448,100
7449,39
7450,619
7451,138
7452,620
7453,620
7454,620
7455,598
7456,528
7457,595
7458,621
7459,622
7460,591
7461,564
7462,564
7463,564
7464,564
7465,564
7466,564
7467,564
7468,564
7469,564
7470,564
7471,564
7472,564
7473,564
7474,564
7475,564
7476,564
7477,556
7478,556
7479,556
7480,1330
7481,623
7482,623
7483,25
7484,73
7485,1331
7486,624
7487,362
7488,625
7489,256
7490,626
7491,1315
7492,617
7493,627
7494,371
7495,628
7496,629
7497,1330
7498,628
7499,628
7500,628
7501,628
7502,628
7503,628
7504,628
7505,628
7506,628
7507,628
7508,628
7509,630
7510,631
7511,632
7512,633
7513,633
7514,633
7515,633
7516,633
7517,633
7518,633
7519,633
7520,633
7521,633
7522,74
7523,617
7524,634
7525,240
7526,635
7527,636
7528,637
7529,638
7530,639
7531,640
7532,641
7533,642
7534,643
7535,644
7536,645
7537,646
7538,647
7539,648
7540,643
7541,649
7542,650
7543,651
7544,652
7545,653
7546,654
7547,655
7548,656
7549,657
7550,152
7551,658
7552,651
7553,659
7554,642
7555,453
7556,660
7557,661
7558,659
7559,652
7560,649
7561,650
7562,662
7563,663
7564,664
7565,665
7566,666
7567,667
7568,668
7569,669
7570,670
7571,671
7572,672
7573,673
7574,674
7575,675
7576,676
7577,677
7578,647
7579,642
7580,659
7581,653
7582,644
7583,673
7584,645
7585,640
7586,678
7587,649
7588,679
7589,646
7590,633
7591,556
7592,680
7593,680
7594,680
7595,556
7596,556
7597,556
7598,578
7599,1315
7600,681
7601,572
7602,556
7603,556
7604,564
7605,681
7606,1330
7607,1330
7608,626
7609,170
7610,682
7611,73
7612,104
7613,169
7614,509
7615,376
7616,1086
7617,683
7618,411
7619,102
7620,102
7621,684
7622,21
7623,61
7624,685
7625,282
7626,686
7627,282
7628,282
7629,282
7630,282
7631,282
7632,282
7633,95
7634,687
7635,687
7636,169
7637,408
7638,73
7639,688
7640,502
7641,170
7642,170
7643,221
7644,221
7645,221
7646,221
7647,221
7648,221
7649,221
7650,221
7651,221
7652,221
7653,221
7654,221
7655,626
7656,689
7657,690
7658,239
7659,104
7660,405
7661,61
7662,61
7663,61
7664,691
7665,61
7666,61
7667,692
7668,182
7669,693
7670,201
7671,16
7672,220
7673,24
7674,694
7675,19
7676,28
7677,1315
7678,1315
7679,1315
7680,1315
7681,1315
7682,1315
7683,628
7684,1315
7685,628
7686,9
7687,1315
7688,78
7689,695
7690,695
7691,695
7692,695
7693,695
7694,695
7695,204
7696,70
7697,70
7698,70
7699,70
7700,1315
7701,1315
7702,628
7703,628
7704,1315
7705,502
7706,95
7707,1315
7708,246
7709,92
7710,628
7711,696
7712,19
7713,562
7714,697
7715,696
7716,696
7717,698
7718,699
7719,700
7720,699
7721,699
7722,699
7723,701
7724,702
7725,578
7726,578
7727,578
7728,59
7729,176
7730,111
7731,111
7732,703
7733,73
7734,73
7735,73
7736,73
7737,59
7738,59
7739,704
7740,704
7741,705
7742,705
7743,705
7744,705
7746,705
7747,705
7748,705
7749,705
7750,705
7751,233
7752,705
7753,704
7754,58
7755,58
7756,58
7757,705
7758,705
7759,102
7760,68
7761,246
7762,354
7763,706
7764,707
7765,708
7766,100
7767,100
7768,100
7769,100
7770,100
7771,100
7772,628
7773,86
7774,9
7778,63
7779,9
7780,556
7781,556
7782,556
7783,556
7784,556
12381,1322
7785,1322
7786,1322
7787,1322
7788,1322
7790,1322
7791,10
7792,111
7793,509
7794,111
7795,111
7796,111
7797,111
7798,709
7799,709
7800,709
7801,709
7802,556
7803,556
7804,556
7805,564
7806,564
7807,1315
7808,1315
7809,24
7810,24
7811,249
7812,326
7813,98
7814,145
7815,98
7816,573
7817,19
7818,19
7819,19
7820,710
7821,710
7822,711
7823,711
7824,711
7825,712
7826,528
7827,528
7828,528
7829,528
7830,528
7831,528
7832,528
7833,528
7834,528
7835,528
7836,528
7837,713
7838,528
7839,528
7840,528
7841,528
7842,78
7745,61
7845,61
7846,61
7847,61
7848,61
7849,61
7850,61
7851,61
7852,61
7853,61
7854,13
7855,13
7856,13
7857,13
7858,13
7859,13
7860,13
7861,13
7862,13
7863,13
7864,13
7865,13
7866,13
7867,13
7868,13
7869,13
7870,13
7871,714
7872,714
7873,22
7874,22
7875,22
7876,22
7877,715
7878,716
7879,41
7880,31
7881,717
7882,718
7883,718
7884,718
7885,718
7886,718
7887,718
7888,718
7889,718
7890,528
7891,719
7892,598
7893,570
7894,598
7895,598
7896,528
7897,528
7898,720
7899,720
7844,1322
7843,63
12375,63
7777,63
7775,63
7776,63
7900,17
7901,720
7902,17
7903,720
7904,720
7905,720
7906,720
7907,720
7908,531
7909,531
7910,178
7911,721
7912,721
7913,1331
7914,1331
7915,1331
7916,378
7917,598
7918,595
7919,362
7920,110
7921,110
7922,110
7923,110
7924,110
7925,110
7926,110
7927,110
7928,110
7929,362
7930,104
7931,58
7932,58
7933,569
7934,569
7935,569
7936,569
7937,569
7938,569
7939,722
7940,722
7941,722
7942,722
7943,722
7944,722
7945,722
7946,722
7947,722
7948,722
7949,722
7950,722
7951,722
7952,722
7953,722
7954,722
7955,10
7956,20
7957,722
7958,10
7959,723
7960,724
7961,722
7962,725
7963,726
7964,142
7965,142
7966,727
7967,17
7968,6
7969,722
7970,728
7971,628
7972,729
7973,730
7974,709
7975,17
7976,29
7977,731
7978,10
7979,709
7980,587
7981,29
7982,732
7983,10
7984,587
7985,733
7986,734
7987,722
7988,11
7989,27
7990,735
7991,10
7992,10
7993,20
7994,20
7995,73
7996,736
7997,736
7998,736
7999,710
8000,710
8001,562
8002,737
8003,737
8004,737
8005,737
8006,737
8007,20
8008,738
8009,100
8010,20
8011,20
8012,20
8013,20
8014,20
8015,20
8016,20
8017,34
8018,100
8019,61
8020,144
8021,144
8022,144
8023,144
8024,9
8025,9
8026,20
8027,20
8028,20
8029,20
8030,20
8031,20
8032,20
8033,20
8034,740
8035,628
8036,628
8037,7
8038,7
8039,1
8040,1
8041,1
8042,1
8043,1
8044,1
8045,1331
8046,1331
8047,1331
8048,1331
8049,1331
8050,741
8051,100
8052,100
8053,37
8054,37
8055,37
8056,37
8057,37
8058,37
8059,617
8060,1331
8061,628
8062,558
8063,628
8064,683
8065,4
8066,29
8067,29
8068,742
8069,10
8070,10
8071,1315
8072,1315
8073,10
8074,10
8075,10
8076,10
8077,10
8078,10
8079,10
8080,556
8081,10
8082,722
8083,722
8084,722
8085,722
8086,100
8087,100
8088,569
8089,743
8090,722
8091,722
8092,20
8093,10
8094,10
8095,10
8096,62
8097,70
8098,10
8099,10
8100,1331
8101,52
8102,52
8103,52
8104,52
8105,52
8106,52
8107,52
8108,52
8109,52
8110,63
8111,63
8114,63
8115,10
8116,10
8117,63
8118,63
8119,556
8120,556
8121,556
8122,556
8123,556
8124,556
8125,556
8112,63
8126,556
8127,556
8128,556
8129,556
8130,556
8131,556
8132,556
8133,52
8134,10
8135,1331
8136,52
8137,52
8138,113
8139,52
8140,76
8141,52
12380,1322
12379,1322
8175,1322
12378,1322
12377,1322
8177,1322
8142,6
8143,744
8144,745
8145,745
8146,1322
8147,746
8148,22
8149,747
8150,73
8174,1322
8151,1322
8152,25
8153,76
8154,76
8172,1322
8155,20
8156,1330
8157,1330
8158,1330
8159,1330
8160,1330
8161,1330
8162,60
8163,1321
8169,1322
8170,1322
8173,1322
12384,1322
8164,259
8171,1322
8165,52
8166,52
8167,52
8178,52
8179,20
8180,20
8181,20
8182,556
8183,556
8184,556
8185,556
8186,556
8187,556
8188,52
8189,52
8190,52
8191,52
8192,52
8193,58
8194,58
8195,748
8196,52
8197,139
8198,139
8199,1331
8200,52
8201,749
8202,52
8203,52
8204,52
8205,52
8206,52
8207,5
8208,9
8209,9
8210,9
8211,1315
8212,1315
8213,1315
8214,1315
8215,715
8216,750
8217,598
8218,751
8219,1331
8220,683
8221,220
8222,220
8223,220
8224,220
8225,220
8226,220
8227,220
8228,1315
8229,1315
8230,1315
8231,20
8232,67
8233,67
8234,67
8235,67
8236,67
8237,20
8238,20
8239,67
8240,67
8241,67
8242,67
8243,67
8244,89
8245,282
8246,752
8247,221
8248,753
8249,61
8250,22
8251,22
8252,22
8253,22
8254,22
8255,22
8256,22
8257,714
8258,714
8259,714
8260,22
8261,22
8262,22
8263,22
8264,22
8265,22
8266,22
8267,22
8268,22
8269,22
8270,22
8271,22
8272,22
8273,22
8274,1315
8275,1315
8276,1315
8277,1315
8278,1315
8279,1315
8168,1315
8280,562
8281,564
8282,699
8283,754
8284,755
8285,578
8286,22
8287,22
8288,4
8289,4
8290,4
8291,4
8292,4
8293,4
8294,4
8295,4
8296,756
8297,757
8298,4
8299,4
8300,4
8301,576
8302,715
8303,715
8304,715
8305,715
8306,715
8307,715
8308,715
8309,758
8310,758
8311,758
8312,758
8313,758
8314,758
8315,758
8316,142
8317,581
8318,4
8319,198
8320,759
8321,760
8322,761
8323,762
8324,763
8325,715
8326,758
8327,758
8328,758
8329,758
8330,758
8331,758
8332,10
8333,764
8334,7
8335,22
8336,22
8337,220
8338,22
8339,22
8340,22
8341,22
8342,22
8343,78
8344,765
8345,1322
8346,78
8347,63
8348,766
8349,20
8350,767
8351,63
8352,10
8353,617
8354,617
8355,768
8356,768
8357,617
8358,617
8359,617
8360,617
8361,617
8362,617
8363,769
8364,100
8365,100
8366,10
8367,10
8368,5
8369,10
8370,715
8371,715
8372,715
8373,770
8374,771
8375,772
8376,773
8377,774
8378,76
8379,715
8380,722
8381,722
8382,6
8383,617
8384,617
8385,617
8386,617
8387,617
8388,617
8389,617
8390,617
8391,100
8392,775
8393,584
8394,584
8395,628
8396,584
8397,584
8398,584
8399,35
8400,776
8401,35
8402,1315
8403,55
8404,683
8405,777
8406,778
8407,617
8408,617
8409,136
8410,614
8411,614
8412,614
8413,614
8414,614
8415,614
8416,614
8417,614
8418,614
8419,614
8420,614
8421,614
8422,614
8423,614
8424,20
8425,73
8426,139
8427,139
8428,586
8429,729
8430,5
8431,5
8432,5
8433,5
8434,5
8435,5
8436,5
8437,5
8438,5
8439,5
8440,5
8441,5
8442,5
8443,11
8444,11
8445,11
8446,11
8447,11
8448,11
8449,11
8450,11
8451,11
8452,11
8453,11
8454,11
8455,779
8456,779
8457,780
8458,780
8459,755
8460,1331
8461,1331
8462,617
8463,617
8464,617
8465,781
8466,4
8467,617
8468,617
8469,40
8470,614
8471,10
8472,10
8473,10
8474,10
8475,10
8476,10
8477,10
8478,21
8479,782
8480,1331
8481,110
8482,107
8483,107
8484,783
8485,784
8486,374
8487,224
8488,785
8489,5
8490,5
8491,5
8492,5
8493,5
8494,5
8495,5
8496,5
8497,5
8499,5
8500,5
8501,5
8502,5
8503,1331
8504,13
8505,78
8506,78
8507,78
8508,1331
8509,786
8510,787
8511,788
8512,618
8513,1331
8514,1331
8515,1331
8516,1331
8517,1331
8518,789
8519,720
8520,720
8521,65
8522,65
8523,65
8524,65
8525,65
8526,65
8527,65
8528,65
8529,65
8530,65
8531,25
8532,25
8533,25
8534,25
8535,25
8536,25
8537,434
8538,21
8539,21
8540,79
8541,325
8542,21
8543,21
8544,790
8545,431
8546,790
8547,71
8548,21
8549,21
8550,21
8551,21
8552,21
8553,21
8554,21
8555,21
8556,21
8557,21
8558,21
8559,21
8560,21
8561,21
8562,21
8563,21
8564,1331
8565,279
8566,279
8567,279
8568,279
8569,279
8570,279
8571,279
8572,279
8573,279
8574,720
8575,720
8576,720
8577,720
8578,720
8579,1331
8580,720
8581,62
8582,1331
8583,720
8584,628
8585,1331
8586,70
8587,70
8588,791
8589,766
8590,1331
8591,5
8592,792
8593,793
8594,720
8595,794
8596,794
8597,794
8598,794
8599,61
8600,136
8601,362
8602,439
8603,243
8604,289
8605,584
8606,584
8607,584
8608,584
8609,584
8610,584
8611,584
8612,584
8613,584
8614,584
8615,584
8498,584
8616,584
8617,584
8618,584
8619,584
8620,1331
8621,11
8622,11
8623,795
8624,65
8625,796
8626,683
8627,683
8628,683
8629,683
8630,797
8631,683
8632,683
8633,798
8634,683
8635,282
8636,799
8637,282
8638,282
8639,182
8640,720
8641,720
8642,720
8643,720
8644,722
8645,628
8646,704
8647,54
8648,445
8649,704
8650,704
8651,704
8652,704
8653,24
8654,362
8655,120
8656,120
8657,120
8658,11
8659,800
8660,720
8661,801
8662,31
8663,802
8664,31
8665,31
8666,31
8667,31
8668,31
8669,1331
8670,360
8671,220
8672,556
8673,803
8674,626
8675,30
8676,30
8677,53
8678,24
8679,683
8680,528
8681,139
8682,139
8683,31
8684,718
8685,95
8686,804
8687,279
8688,805
8689,362
8690,362
8691,362
8692,279
8693,279
8694,279
8695,279
8696,806
8697,195
8698,195
8699,807
8700,808
8701,805
8702,493
8703,809
8704,810
8705,811
8706,812
8707,31
8708,50
8709,813
8710,802
8711,814
8712,31
8713,815
8714,329
8715,288
8716,493
8717,803
8718,803
8719,803
8720,803
8721,362
8722,25
8723,816
8724,146
8725,817
8726,785
8727,5
8728,5
8729,5
8730,17
8731,5
8732,5
8733,818
8734,5
8735,5
8736,5
8737,5
8738,61
8739,61
8740,61
8741,61
8742,61
8743,61
8744,61
8745,61
8746,602
8747,602
8748,602
8749,602
8750,819
8751,61
8752,820
8753,32
8754,32
8755,32
8756,32
8757,32
8758,32
8759,32
8760,32
8761,32
8762,32
8763,32
8764,10
8765,821
8766,822
8767,823
8768,556
8769,556
8770,707
8771,699
8772,792
8773,792
8774,792
8775,5
8776,11
8777,824
8778,825
8779,826
8780,827
8781,828
8782,829
8783,830
8784,831
8785,832
8786,833
8787,720
8788,720
8789,720
8790,744
8791,744
8792,744
8793,744
8794,73
8795,73
8796,628
8797,13
8798,13
8799,13
8800,13
8801,13
8802,13
8803,13
8804,13
8805,13
8806,13
8807,13
8808,13
8809,1331
8810,1331
8811,13
8812,720
8813,834
8814,1331
8815,835
8816,836
8817,615
8818,561
8819,615
8820,615
8821,561
8822,699
8823,1314
8824,5
8825,709
8826,709
8827,709
8828,63
8829,63
8830,63
8831,63
8832,63
8833,63
8834,63
8835,63
8836,63
8837,63
8838,63
8839,63
8840,63
8841,63
8842,63
8843,63
8844,279
8845,61
8846,61
8847,61
8848,1314
8849,61
8850,61
8851,61
8852,11
8853,11
8854,11
8855,11
8856,11
8857,11
8858,11
8859,11
8860,11
8861,11
8862,11
8863,720
8864,720
8865,720
8866,720
8867,720
8868,720
8869,837
8870,837
8871,837
8872,837
8873,127
8874,146
8875,127
8876,127
8877,127
8878,127
8879,127
8880,720
8881,1331
8882,1331
8883,1331
8884,127
8885,127
8886,55
8887,127
8888,68
8889,127
8890,127
8891,127
8892,126
8893,63
8894,63
8895,838
8896,838
8897,838
8898,63
8899,586
8900,586
8901,586
8902,1331
8903,720
8904,9
8905,9
8906,9
8907,839
8908,834
8909,1331
8910,1331
8911,1331
8912,705
8913,586
8914,586
8915,586
8916,720
8917,720
8918,720
8919,565
8920,61
8921,61
8922,61
8923,61
8924,61
8925,61
8926,61
8927,61
8928,840
8929,10
8930,586
8931,586
8932,586
8933,586
8934,586
8935,586
8936,586
8937,586
8938,586
8939,61
8940,61
8941,61
8942,17
8943,827
8944,827
8945,827
8946,827
8947,614
8948,792
8949,589
8950,184
8951,184
8952,184
8953,184
8954,184
8955,184
8956,184
8957,184
8958,184
8959,74
8960,74
8961,145
8962,10
8963,10
8964,10
8965,10
8966,10
8967,10
8968,10
8969,10
8970,10
8971,10
8972,10
8973,10
8974,10
8975,10
8976,10
8977,10
8978,10
8979,10
8980,259
8981,841
8982,10
8983,842
8984,843
8985,824
8986,750
8987,844
8988,845
8989,846
8990,847
8991,848
8992,849
8993,850
8994,850
8995,851
8996,852
8997,853
8998,854
8999,855
9000,856
9001,851
9002,422
9003,857
9004,858
9005,859
9006,860
9007,851
9008,861
9009,862
9010,863
9011,864
9012,865
9013,1315
9014,866
9015,222
9016,570
9017,570
9018,867
9019,868
9020,10
9021,729
9022,11
9023,729
9024,729
9025,570
9026,569
9027,9
9028,9
9029,1331
9030,90
9031,744
9032,744
9033,744
9034,744
9035,744
9036,1331
9037,1315
9038,5
9039,5
9040,869
9041,870
9042,871
9043,766
9044,870
9045,823
9046,823
9047,823
9048,823
9049,823
9050,147
9051,147
9052,147
9053,147
9054,147
9055,147
9056,147
9057,147
9058,147
9059,147
9060,147
9061,147
9062,147
9063,872
9064,147
9065,872
9066,360
9067,147
9068,147
9069,147
9070,147
9071,147
9072,147
9073,147
9074,147
9075,147
9076,147
9077,570
9078,70
9079,70
9080,70
9081,70
9082,107
9083,107
9084,873
9085,119
9086,629
9087,143
9088,874
9089,31
9090,31
9091,31
9092,31
9093,9
9094,1330
9095,1330
9096,1330
9097,1330
9098,29
9099,29
9100,29
9101,29
9102,46
9103,46
9104,46
9105,46
9106,46
9107,46
9108,46
9109,46
9110,46
9111,46
9112,46
9113,46
9114,46
9115,46
9116,46
9117,46
9118,46
9119,46
9120,78
9121,78
9122,78
9123,78
9124,46
9125,46
9126,46
9127,46
9128,46
9129,875
9130,876
9131,1331
9132,78
9133,78
9134,877
9135,878
9136,878
9137,879
9138,835
9139,835
9140,572
9141,880
9142,556
9143,881
9144,882
9145,879
9146,880
9147,572
9148,556
9149,556
9150,19
9151,556
9152,556
9153,699
9154,570
9155,12
9156,12
9157,12
9158,12
9159,12
9160,12
9161,12
9162,63
9163,100
9164,100
9165,100
9166,100
9167,883
9168,495
9169,495
9170,495
9171,884
9172,884
9173,884
9174,884
9175,884
9176,884
9177,884
9178,453
9179,592
9180,592
9181,885
9182,886
9183,887
9184,887
9185,888
9186,615
9187,889
9188,890
9189,835
9190,891
9191,564
9192,892
9193,891
9194,891
9195,891
9196,891
9197,891
9198,891
9199,589
9200,589
9201,589
9202,1331
9203,556
9204,592
9205,556
9206,556
9207,556
9208,246
9209,246
9210,556
9211,556
9212,556
9213,30
9214,30
9215,893
9216,894
9217,895
9218,21
9219,21
9220,605
9221,98
9222,21
9223,1331
9224,1331
9225,1331
9226,1331
9227,1331
9228,1331
9229,1331
9230,1331
9231,1331
9232,1331
9233,1331
9234,1331
9235,1331
9236,1331
9237,567
9238,614
9239,896
9240,897
9241,898
9242,46
9243,46
9244,46
9245,1314
9246,869
9247,22
9248,22
9249,22
9250,22
9251,22
9252,22
9253,22
9254,22
9255,22
9256,22
9257,22
9258,63
9259,63
9260,63
9261,22
9262,899
9263,900
9264,901
9265,902
9266,903
9267,904
9268,905
9269,906
9270,907
9271,908
9272,909
9273,910
9274,63
9275,63
9276,869
9277,556
9278,696
9279,556
9280,556
9281,556
9282,556
9283,556
9284,556
9285,911
9286,607
9287,556
9288,912
9289,564
9290,913
9291,888
9292,564
9293,564
9294,564
9295,564
9296,914
9297,915
9298,556
9299,556
9300,556
9301,556
9302,699
9303,699
9304,869
9305,869
9306,558
9307,7
9308,45
9309,1331
9310,7
9311,556
9312,556
9313,556
9314,556
9315,556
9316,556
9317,556
9318,556
9319,556
9320,22
9321,556
9322,22
9323,22
9324,22
9325,5
9326,556
9327,5
9328,5
9329,17
9330,870
9331,870
9332,870
9333,870
9334,1331
9335,1331
9336,70
9337,70
9338,70
9339,70
9340,70
9341,67
9342,916
9343,67
9344,917
9345,61
9346,61
9347,61
9348,61
9349,61
9350,61
9351,61
9352,173
9353,61
9354,717
9355,53
9356,53
9357,53
9358,73
9359,73
9360,73
9361,73
9362,73
9363,73
9364,201
9365,67
9366,67
9367,67
9368,67
9369,67
9370,67
9371,67
9372,67
9373,67
9374,67
9375,67
9376,67
9377,717
9378,717
9379,717
9380,717
9381,717
9382,717
9383,50
9384,67
9385,104
9386,318
9387,1330
9388,95
9389,95
9390,95
9391,68
9392,918
9393,85
9394,85
9395,919
9396,67
9397,220
9398,920
9399,204
9400,204
9401,1331
9402,1331
9403,1331
9404,1331
9405,1331
9406,1331
9407,1331
9408,1331
9409,1331
9410,1331
9411,1331
9412,1331
9413,1331
9414,1331
9415,1331
9416,1331
9417,1331
9418,835
9419,835
9420,556
9421,645
9422,921
9423,657
9424,556
9425,922
9426,63
9427,923
9428,362
9429,362
9430,362
9431,362
9432,362
9433,24
9434,1322
9435,1322
9436,567
9437,924
9438,924
9439,24
9440,24
9441,24
9442,24
9443,361
9444,707
9445,578
9446,615
9447,556
9448,925
9449,925
9450,710
9451,926
9452,582
9453,927
9454,925
9455,925
9456,928
9457,929
9458,696
9459,930
9460,576
9461,794
9462,931
9463,1331
9464,1331
9465,1331
9466,617
9467,1331
9468,1331
9469,1331
9470,1331
9471,1331
9472,1331
9473,932
9474,933
9475,934
9476,935
9477,810
9478,597
9479,93
9480,93
9481,93
9482,93
9483,93
9484,1331
9485,100
9486,100
9487,100
9488,100
9489,936
9490,937
9491,938
9492,939
9493,940
9494,941
9495,942
9496,943
9497,944
9498,945
9499,946
9500,947
9501,948
9502,949
9503,950
9504,951
9505,952
9506,953
9507,954
9508,955
9509,956
9510,957
9511,958
9512,959
9513,960
9514,961
9515,962
9516,963
9517,964
9518,965
9519,966
9520,958
9521,967
9522,950
9523,968
9524,969
9525,970
9526,971
9527,972
9528,973
9529,974
9530,975
9531,976
9532,977
9533,978
9534,979
9535,950
9536,980
9537,556
9538,981
9539,982
9540,983
9541,976
9542,984
9543,972
9544,973
9545,985
9546,953
9547,986
9548,965
9549,987
9550,969
9551,940
9552,561
9553,707
9554,556
9555,561
9556,556
9557,19
9558,835
9559,561
9560,708
9561,835
9562,556
9563,19
9564,707
9565,556
9566,572
9567,707
9568,615
9569,556
9570,925
9571,556
9572,556
9573,556
9574,556
9575,556
9576,556
9577,556
9578,556
9579,556
9580,556
9581,556
9582,556
9583,556
9584,556
9585,556
9586,556
9587,556
9588,556
9589,707
9590,988
9591,989
9592,560
9593,835
9594,561
9595,827
9596,990
9597,570
9598,570
9599,570
9600,570
9601,570
9602,570
9603,570
9604,527
9605,570
9606,570
9607,570
9608,991
9609,570
9610,570
9611,570
9612,570
9613,570
9614,992
9615,570
9616,570
9617,527
9618,993
9619,994
9620,707
9621,19
9622,556
9623,556
9624,573
9625,925
9626,835
9627,835
9628,582
9629,995
9630,996
9631,997
9632,637
9633,152
9634,998
9635,999
9636,152
9637,997
9638,1000
9639,996
9640,997
9641,152
9642,152
9643,572
9644,572
9645,572
9646,572
9647,572
9648,572
9649,1001
9650,997
9651,637
9652,1002
9653,556
9654,556
9655,707
9656,707
9657,879
9658,1003
9659,1003
9660,1003
9661,152
9662,1004
9663,1005
9664,1003
9665,1003
9666,1006
9667,1006
9668,1007
9669,1008
9670,1009
9671,152
9672,646
9673,1010
9674,1011
9675,1011
9676,1011
9677,1011
9678,1012
9679,1013
9680,1014
9681,1015
9682,1014
9683,152
9684,1016
9685,1017
9686,1018
9687,1018
9688,1018
9689,1018
9690,1018
9691,1018
9692,1018
9693,1018
9694,1018
9695,1003
9696,1019
9697,1003
9698,1020
9699,1021
9700,1003
9701,1022
9702,1023
9703,1024
9704,1022
9705,1025
9706,1022
9707,1026
9708,453
9709,1024
9710,1027
9711,1028
9712,1019
9713,1029
9714,1030
9715,1031
9716,1032
9717,1032
9718,1033
9719,1028
9720,925
9721,925
9722,572
9723,578
9724,556
9725,925
9726,578
9727,582
9728,578
9729,755
9730,582
9731,755
9732,755
9733,835
9734,572
9735,997
9736,637
9737,673
9738,673
9739,1022
9740,1022
9741,1022
9742,737
9743,737
9744,696
9745,615
9746,582
9747,1034
9748,710
9749,699
9750,988
9751,711
9752,710
9753,696
9754,711
9755,925
9757,1035
9758,1035
9759,556
9760,1036
9761,1036
9762,1036
9763,556
9764,556
9765,556
9766,564
9767,720
9768,720
9769,720
9770,720
9771,720
9772,720
9773,720
9774,720
9775,720
9776,1037
9777,1038
9778,1039
9779,1040
9780,824
9781,1041
9782,720
9783,19
9784,19
9785,19
9786,19
9787,1042
9788,696
9789,556
9790,9
9791,9
9792,9
9793,556
9794,720
9795,720
9796,110
9797,110
9798,110
9799,110
9800,110
9801,110
9802,110
9803,110
9804,110
9805,556
9806,556
9807,556
9808,556
9809,556
9810,556
9811,556
9812,556
9813,556
9814,556
9815,556
9816,556
9817,556
9818,556
9819,556
9820,556
9821,556
9822,556
9823,556
9824,556
9825,556
9826,556
9827,556
9828,556
9829,556
9830,556
9831,556
9832,556
9833,556
9834,556
9835,696
9836,925
9837,1043
9838,673
9839,556
9840,556
9841,556
9842,556
9843,556
9844,72
9845,72
9846,72
9847,72
9848,556
9849,556
9850,110
9851,110
9852,19
9853,19
9854,19
9855,19
9856,19
9857,720
9858,72
9859,72
9860,72
9861,72
9862,152
9863,72
9864,72
9865,72
9866,72
9867,72
9868,72
9869,19
9870,19
9871,794
9872,1044
9873,794
9874,794
9875,794
9876,72
9877,556
9878,556
9879,556
9880,556
9881,556
9882,556
9883,556
9884,556
9885,556
9886,556
9887,556
9888,556
9889,556
9890,556
9891,556
9892,556
9893,556
9894,556
9895,556
9896,556
9897,556
9898,578
9899,578
9900,578
9901,578
9902,556
9903,564
9904,571
9905,571
9906,20
9907,20
9908,20
9909,20
9910,20
9911,556
9912,19
9913,556
9914,578
9915,556
9916,54
9917,54
9918,54
9919,54
9920,1045
9921,615
9922,711
9923,19
9924,1046
9925,755
9926,888
9927,562
9928,699
9929,556
9930,913
9931,915
9932,888
9933,564
9934,710
9935,707
9936,699
9937,1047
9938,1048
9939,699
9940,707
9941,1049
9942,563
9943,19
9944,913
9945,615
9946,556
9947,556
9948,556
9949,556
9950,556
9951,922
9952,922
9953,922
9954,922
9955,922
9956,1050
9957,556
9958,835
9959,1050
9960,572
9961,556
9962,835
9963,1051
9964,1052
9965,543
9966,644
9967,644
9968,1053
9969,1054
9970,1055
9971,1055
9972,1055
9973,630
9974,630
9975,582
9976,582
9977,582
9978,582
9979,582
9980,582
9981,582
9982,582
9983,582
9984,582
9985,582
9986,582
9987,582
9988,582
9989,582
9990,630
9991,582
9992,582
9993,582
9994,582
9995,618
9996,582
9997,582
9998,19
9999,582
10000,925
10001,710
10002,630
10003,582
10004,582
10005,556
10006,630
10007,630
10008,630
10009,1056
10010,930
10011,582
10012,582
10013,582
10014,582
10015,582
10016,5
10017,5
10018,543
10019,543
10020,543
10021,543
10022,543
10023,543
10024,543
10025,543
10026,543
10027,543
10028,1057
10029,922
10030,782
10031,9
10032,543
10033,543
10034,543
10035,543
10036,73
10037,1057
10038,1057
10039,1057
10040,1057
10041,1057
10042,1057
10043,1057
10044,1057
10045,54
10046,54
10047,54
10048,54
10049,54
10050,54
10051,543
10052,543
10053,543
10054,9
10055,9
10056,9
10057,9
10058,9
10059,9
10060,9
10061,9
10062,9
10063,9
10064,9
10065,720
10066,720
10067,9
10068,9
10069,9
10070,9
10071,9
10072,9
10073,9
10074,84
10075,84
10076,84
10077,84
10078,84
10079,84
10080,84
10081,84
10082,84
10083,84
10084,84
10085,84
10086,710
10087,870
10088,100
10089,919
10090,919
10091,9
10092,1330
10093,1058
10094,710
10095,710
10096,23
10097,31
10098,31
10099,31
10100,809
10101,1059
10102,1059
10103,173
10104,45
10105,591
10106,756
10107,100
10108,100
10109,100
10110,31
10111,31
10112,31
10113,31
10114,31
10115,31
10116,31
10117,31
10118,31
10119,31
10120,31
10121,100
10122,100
10123,1060
10124,45
10125,45
10126,45
10127,45
10128,1060
10129,1060
10130,1060
10131,1060
10132,1060
10133,1060
10134,1060
10135,9
10136,9
10137,9
9756,9
10138,9
10139,9
10140,9
10141,9
10142,9
10143,9
10144,9
10145,9
10146,9
10147,9
10148,9
10149,9
10150,1060
10151,45
10152,1061
10153,1060
10154,1060
10155,1060
10156,1060
10157,1060
10158,1060
10159,1060
10160,1060
10161,1060
10162,1060
10163,1060
10164,1062
10165,1063
10166,810
10167,1064
10168,1065
10169,1063
10170,100
10171,1066
10172,1067
10173,100
10174,1068
10175,325
10176,325
10177,1069
10178,1062
10179,1062
10180,399
10181,34
10182,34
10183,34
10184,34
10185,34
10186,1070
10187,220
10188,61
10189,61
10190,61
10191,61
10192,61
10193,61
10194,61
10195,61
10196,9
10197,9
10198,1331
10199,1071
10200,1331
10201,1331
10202,61
10203,827
10204,827
10205,827
10206,827
10207,827
10208,827
10209,827
10210,827
10211,827
10212,61
10213,61
10214,1072
10215,1072
10216,1072
10217,32
10218,1072
10219,1072
10220,1072
10221,1072
10222,1072
10223,1072
10224,1072
10225,1072
10226,1072
10227,1072
10228,1072
10229,1073
10230,1074
10231,9
10232,34
10233,34
10234,1331
10235,1331
10236,100
10237,220
10238,73
10239,73
10240,73
10241,73
10242,73
10243,1315
10244,1076
10245,61
10246,1077
10247,1057
10248,1331
10249,282
10250,282
10251,282
10252,282
10253,221
10254,61
10255,89
10256,1331
10257,1078
10258,922
10259,17
10260,1079
10261,19
10262,556
10263,556
10264,556
10265,556
10266,798
10267,1080
10268,61
10269,61
10270,21
10271,48
10272,48
10273,48
10274,48
10275,48
10276,1080
10277,100
10278,741
10279,1081
10280,40
10281,53
10282,53
10283,1082
10284,279
10285,287
10286,362
10287,686
10288,1083
10289,1083
10290,1083
10291,1083
10292,61
10293,915
10294,1059
10295,356
10296,220
10297,40
10298,362
10299,40
10300,40
10301,40
10302,40
10303,40
10304,40
10305,40
10306,40
10307,40
10308,40
10309,350
10310,350
10311,350
10312,350
10313,350
10314,350
10315,40
10316,40
10317,40
10318,40
10319,40
10320,40
10321,40
10322,40
10323,40
10324,40
10325,40
10326,40
10327,40
10328,53
10329,61
10330,651
10331,152
10332,1084
10333,1084
10334,1085
10335,1086
10336,1087
10337,1088
10338,31
10339,212
10340,1089
10341,1090
10342,31
10343,1091
10344,1092
10345,220
10346,13
10347,53
10348,220
10349,1093
10350,139
10351,139
10352,139
10353,693
10354,288
10355,204
10356,139
10357,220
10358,31
10359,1081
10360,1094
10361,1095
10362,1096
10363,1089
10364,75
10365,75
10366,75
10367,97
10368,97
10369,40
10370,40
10371,40
10372,40
10373,40
10374,40
10375,40
10376,40
10377,40
10378,40
10379,40
10380,40
10381,40
10382,40
10383,40
10384,220
10385,756
10386,93
10387,103
10388,1097
10389,1098
10390,103
10391,103
10392,103
10393,103
10394,103
10395,103
10396,103
10397,103
10398,103
10399,103
10400,103
10401,103
10402,1099
10403,139
10404,139
10405,1100
10406,4
10407,1101
10408,103
10409,103
10410,103
10411,362
10412,362
10413,347
10414,1102
10415,4
10416,347
10417,103
10418,347
10419,556
10420,556
10421,556
10422,556
10423,139
10424,139
10425,139
10426,139
10427,139
10428,139
10429,103
10430,1103
10431,362
10432,253
10433,139
10434,1104
10435,362
10436,362
10437,362
10438,362
10439,362
10440,362
10441,362
10442,362
10443,362
10444,362
10445,362
10446,362
10447,362
10448,362
10449,139
10450,139
10451,139
10452,362
10453,362
10454,1105
10455,362
10456,362
10457,362
10458,362
10459,362
10460,362
10461,362
10462,362
10463,362
10464,362
10465,362
10466,362
10467,362
10468,362
10469,362
10470,362
10471,362
10472,362
10473,362
10474,362
10475,362
10476,362
10477,362
10478,362
10479,362
10480,362
10481,170
10482,1060
10483,362
10484,13
10485,13
10486,13
10487,13
10488,13
10489,13
10490,13
10491,13
10492,13
10493,13
10494,13
10495,13
10496,13
10497,584
10498,584
10499,584
10500,584
10501,584
10502,584
10503,584
10504,584
10505,584
10506,584
10507,584
10508,584
10509,584
10510,584
10511,584
10512,584
10513,584
10514,584
10515,584
10516,93
10517,584
10518,139
10519,584
10520,584
10521,584
10522,13
10523,13
10524,13
10525,13
10526,13
10527,13
10528,347
10529,13
10530,13
10531,1106
10532,1107
10533,481
10534,1108
10535,19
10536,19
10537,1109
10538,252
10539,584
10540,39
10541,39
10542,39
10543,39
10544,39
10545,39
10546,78
10547,578
10548,582
10549,1110
10550,582
10551,1111
10552,1112
10553,1113
10554,1114
10555,1115
10556,1116
10557,1117
10558,560
10559,1115
10560,1118
10561,1119
10562,1120
10563,582
10564,879
10565,556
10566,556
10567,556
10568,1121
10569,696
10570,1315
10571,1122
10572,1123
10573,718
10574,718
10575,718
10576,1124
10577,1124
10578,1124
10579,1124
10580,1124
10581,798
10582,40
10583,1125
10584,1080
10585,16
10586,718
10587,1126
10588,718
10589,718
10590,58
10591,58
10592,58
10593,58
10594,221
10595,1060
10596,1080
10597,1127
10598,1080
10599,1128
10600,1129
10601,205
10602,205
10603,246
10604,246
10605,246
10606,246
10607,1130
10608,1131
10609,1132
10610,1133
10611,1134
10612,778
10613,495
10614,495
10615,495
10616,495
10617,1135
10618,556
10619,556
10620,556
10621,556
10622,556
10623,556
10624,556
10625,556
10626,556
10627,556
10628,556
10629,556
10630,556
10631,556
10632,556
10633,1136
10634,107
10635,107
10636,107
10637,814
10638,814
10639,814
10640,814
10641,814
10642,814
10643,814
10644,1137
10645,1138
10646,40
10647,31
10648,814
10649,814
10650,814
10651,1139
10652,814
10653,814
10654,1140
10655,1139
10656,814
10657,814
10658,814
10659,1141
10660,1142
10661,1138
10662,1143
10663,1138
10664,1138
10665,1138
10666,1138
10667,709
10668,805
10669,1144
10670,617
10671,712
10672,1145
10673,1146
10674,712
10675,10
10676,10
10677,10
10678,185
10679,813
10680,102
10681,102
10682,102
10683,37
10684,37
10685,37
10686,37
10687,126
10688,37
10689,614
10690,814
10691,814
10692,17
10693,238
10694,760
10695,760
10696,760
10697,760
10698,144
10699,760
10700,63
10701,37
10702,17
10703,9
10704,9
10705,9
10706,9
10707,37
10708,9
10709,1331
10710,1331
10711,1331
10712,1331
10713,1331
10714,760
10715,760
10716,760
10717,78
10718,919
10719,54
10720,722
10721,1147
10722,1148
10723,13
10724,9
10725,9
10726,9
10727,9
10728,9
10729,9
10730,9
10731,9
10732,9
10733,9
10734,9
10735,9
10736,9
10737,238
10738,238
10739,238
10740,238
10741,238
10742,238
10743,350
10744,350
10745,238
10746,238
10747,9
10748,9
10749,9
10750,9
10751,581
10752,9
10753,238
10754,760
10755,760
10756,760
10757,760
10758,760
10759,113
10760,113
10761,113
10762,238
10763,238
10764,238
10765,113
10766,113
10767,113
10768,113
10769,113
10770,113
10771,113
10772,113
10773,115
10774,115
10775,70
10776,9
10777,70
10778,1149
10779,1149
10780,1149
10781,15
10782,15
10783,15
10784,15
10785,15
10786,15
10787,15
10788,15
10789,15
10790,15
10791,15
10792,15
10793,15
10794,15
10795,1150
10796,15
10797,576
10798,1331
10799,1315
10800,1330
10801,1152
10802,1331
10803,792
10804,581
10805,27
10806,723
10807,1152
10808,9
10809,9
10810,147
10811,83
10812,83
10813,251
10814,251
10815,102
10816,102
10817,102
10818,102
10819,102
10820,1139
10821,50
10822,50
10823,50
10824,185
10825,250
10826,209
10827,9
10828,9
10829,9
10830,9
10831,9
10832,62
10833,100
10834,100
10835,75
10836,1331
10837,1331
10838,1331
10839,1154
10840,1154
10841,1154
10842,1154
10843,1154
10844,1154
10845,1154
10846,1154
10847,1154
10848,1154
10849,1154
10850,1154
10851,1154
10852,556
10853,556
10854,54
10855,54
10856,54
10857,54
10858,54
10859,54
10860,54
10861,54
10862,54
10863,54
10864,54
10865,54
10866,870
10867,63
10868,63
10869,63
10870,63
10871,63
10872,9
10873,9
10874,9
10875,9
10876,9
10877,9
10878,9
10879,9
10880,9
10881,9
10882,9
10883,38
10884,38
10885,38
10886,38
10887,38
10888,38
10889,38
10890,38
10891,38
10892,1155
10893,1155
10894,1155
10895,1155
10896,1155
10897,1155
10898,1155
10899,1155
10900,1155
10901,1155
10902,1155
10903,58
10904,55
10905,58
10906,214
10907,58
10908,673
10909,673
10910,9
10911,704
10912,59
10913,59
10914,59
10915,59
10916,59
10917,617
10918,617
10919,617
10920,617
10921,617
10922,617
10923,617
10924,617
10925,617
10926,617
10927,617
10928,59
10929,245
10930,617
10931,617
10932,617
10933,59
10934,704
10935,1156
10936,617
10937,617
10938,617
10939,617
10940,617
10941,617
10942,617
10943,22
10944,22
10945,22
10946,50
10947,195
10948,195
10949,1070
10950,195
10951,1157
10952,195
10953,1158
10954,203
10955,837
10956,837
10957,837
10958,837
10959,837
10960,837
10961,837
10962,837
10963,837
10964,203
10965,188
10966,199
10967,199
10968,199
10969,199
10970,199
10971,199
10972,199
10973,199
10974,199
10975,199
10976,199
10977,199
10978,188
10979,188
10980,188
10981,188
10982,188
10983,188
10984,188
10985,188
10986,188
10987,188
10988,162
10989,162
10990,162
10991,617
10992,617
10993,1159
10994,172
10995,172
10996,172
10997,172
10998,16
10999,16
11000,16
11001,16
11002,16
11003,16
11004,16
11005,75
11006,75
11007,75
11008,75
11009,75
11010,75
11011,75
11012,188
11013,1160
11014,1160
11015,1160
11016,188
11017,1160
11018,1160
11019,1160
11020,1160
11021,16
11022,16
11023,16
11024,16
11025,16
11026,16
11027,16
11028,16
11029,709
11030,1161
11031,100
11032,100
11033,100
11034,100
11035,100
11036,100
11037,203
11038,709
11039,709
11040,709
11041,709
11042,709
11043,709
11044,203
11045,203
11046,709
11047,709
11048,709
11049,709
11050,709
11051,100
11052,100
11053,100
11054,100
11055,100
11056,100
11057,100
11058,100
11059,100
11060,100
11061,100
11062,100
11063,100
11064,203
11065,1315
11066,1315
11067,1315
11068,1315
11069,1315
11070,934
11071,1123
11072,589
11073,589
11074,589
11075,589
11076,590
11077,100
11078,100
11079,100
11080,1314
11081,1314
11082,1314
11083,1314
11084,1162
11085,1163
11086,1164
11087,1163
11088,1165
11089,1162
11090,1166
11091,1165
11092,1167
11093,1168
11094,614
11095,614
11096,614
11097,614
11098,614
11099,614
11100,614
11101,100
11102,100
11103,17
11105,76
11106,76
11107,76
11108,104
11109,104
11110,362
11111,362
11112,376
11113,1169
11114,17
11115,17
11116,17
11117,17
11118,17
11119,17
11120,1170
11121,1123
11122,1123
11123,1123
11124,52
11125,1171
11126,1172
11127,1173
11128,1174
11129,1175
11130,1176
11131,1177
11132,1178
11133,1179
11134,1180
11135,827
11136,1181
11137,273
11138,827
11139,84
11140,1182
11141,1183
11142,1183
11143,1040
11144,1184
11145,1185
11146,1186
11147,1187
11148,1188
11149,1009
11150,1189
11151,1190
11152,1190
11153,135
11154,1191
11155,1081
11156,1192
11157,1193
11158,26
11159,741
11160,9
11161,63
11162,63
11163,614
11164,45
11165,45
11166,45
11167,45
11168,1315
11169,614
11170,614
11171,614
11172,45
11173,45
11174,45
11175,45
11176,1194
11177,92
11178,1195
11179,27
11180,100
11181,63
11182,26
11183,12
11184,1196
11185,1197
11186,1139
11187,1170
11188,188
11189,1198
11190,781
11191,1199
11192,781
11193,781
11194,781
11195,781
11196,781
11197,781
11198,45
11199,45
11200,45
11201,45
11202,45
11203,45
11204,45
11205,1198
11206,1198
11207,1198
11208,1200
11209,1200
11210,1200
11211,1200
11212,1200
11213,1200
11214,1200
11215,1200
11216,1200
11217,1201
11218,41
11219,41
11220,41
11221,998
11222,996
11223,102
11224,102
11225,102
11226,102
11227,102
11228,102
11229,102
11230,102
11231,102
11232,102
11233,102
11234,102
11235,102
11236,102
11237,102
11238,102
11239,102
11240,102
11241,238
11242,798
11243,1200
11244,31
11245,1060
11246,41
11247,1197
11248,45
11249,1123
11250,1123
11251,1123
11252,1123
11253,1123
11254,1123
11255,1123
11256,1123
11257,1123
11258,45
11259,45
11260,45
11261,45
11262,45
11263,45
11264,45
11265,45
11266,65
11267,65
11268,65
11269,1202
11270,1202
11271,716
11272,716
11273,1125
11274,573
11275,178
11276,25
11277,597
11278,1093
11279,1203
11280,41
11281,1203
11282,1203
11283,1203
11284,1203
11285,1203
11286,1314
11287,1314
11288,1314
11289,1314
11290,1314
11291,1314
11292,1314
11293,747
11294,747
11295,747
11296,747
11297,747
11298,747
11299,747
11300,747
11301,747
11302,747
11303,747
11304,747
11305,747
11306,747
11307,747
11308,798
11309,1204
11310,798
11311,798
11312,798
11313,798
11314,798
11315,798
11316,798
11317,747
11318,747
11319,747
11320,747
11321,747
11322,747
11323,597
11324,212
11325,747
11326,212
11327,212
11328,1314
11329,212
11330,1139
11331,212
11332,756
11333,139
11334,597
11335,139
11336,756
11337,756
11338,139
11339,62
11340,756
11341,22
11342,139
11343,597
11344,139
11345,597
11346,1314
11347,798
11348,747
11349,747
11350,747
11351,747
11352,798
11353,22
11354,93
11355,178
11356,93
11357,93
11358,591
11359,591
11360,591
11361,591
11362,100
11363,1205
11364,100
11365,1206
11366,1207
11367,93
11368,1208
11369,10
11370,93
11371,93
11372,1314
11373,70
11374,70
11375,70
11376,70
11377,70
11378,70
11379,70
11380,70
11381,70
11382,70
11383,70
11384,70
11385,70
11386,70
11387,70
11388,70
11389,70
11390,70
11391,1183
11392,70
11393,70
11394,70
11395,70
11396,756
11397,781
11398,1209
11399,1209
11400,70
11401,70
11402,70
11403,13
11404,1210
11405,70
11406,70
11407,70
11408,70
11409,70
11410,70
11411,70
11412,70
11413,333
11414,781
11415,1200
11416,781
11417,70
11418,70
11419,70
11420,70
11421,13
11422,31
11423,1315
11424,70
11425,70
11426,188
11427,188
11428,1331
11429,1331
11430,1331
11431,840
11432,34
11433,1087
11434,1211
11435,1212
11436,1213
11437,62
11438,17
11439,614
11440,100
11441,16
11442,22
11443,781
11444,333
11445,614
11446,100
11447,1155
11448,100
11449,22
11450,20
11451,100
11452,100
11453,1331
11454,100
11455,798
11456,781
11457,22
11458,1214
11459,610
11460,824
11461,1331
11462,781
11463,781
11464,1315
11465,781
11466,62
11467,798
11468,63
11469,333
11470,22
11471,1331
11472,1331
11473,1331
11474,1331
11475,1331
11476,1331
11477,1215
11478,1215
11479,1215
11480,1215
11481,709
11482,781
11483,781
11484,781
11485,781
11486,31
11487,804
11488,1216
11489,1217
11490,1218
11491,1219
11492,364
11493,1220
11494,1221
11495,520
11496,1222
11497,1216
11498,1223
11499,104
11500,751
11501,1224
11502,1219
11503,1225
11504,1226
11505,1227
11506,1228
11507,1229
11508,535
11509,1230
11510,204
11511,279
11512,1231
11513,1231
11514,1231
11515,1231
11516,1231
11517,1231
11518,1231
11519,19
11520,1331
11521,1232
11522,152
11523,152
11524,152
11525,1233
11526,152
11527,152
11528,152
11529,152
11530,1234
11531,152
11532,152
11533,152
11534,152
11535,152
11536,152
11537,152
11538,152
11539,602
11540,602
11541,602
11542,362
11543,602
11544,1235
11545,1235
11546,1236
11547,1236
11548,1236
11549,1236
11550,1236
11551,602
11552,602
11553,602
11554,602
11555,602
11556,602
11557,602
11558,602
11559,1237
11560,1237
11561,1238
11562,629
11563,1169
11564,1169
11565,1169
11566,1169
11567,1169
11568,1169
11569,1169
11570,1169
11571,1169
11572,1169
11573,1169
11574,1169
11575,1169
11576,1169
11577,1169
11578,1169
11579,1169
11580,1169
11581,1169
11582,1169
11583,1169
11584,178
11585,178
11586,178
11587,178
11588,178
11589,178
11590,178
11591,178
11592,178
11593,178
11594,178
11595,178
11596,178
11597,602
11598,602
11599,602
11600,602
11601,9
11602,9
11603,9
11604,52
11605,9
11606,1239
11607,9
11608,92
11609,92
11610,92
11611,9
11612,9
11613,9
11614,9
11615,9
11616,9
11617,9
11618,9
11619,9
11620,9
11621,9
11622,9
11623,9
11624,1240
11625,9
11626,9
11627,9
11628,1331
11629,1331
11630,1331
11631,1331
11632,1331
11633,794
11634,22
11635,22
11636,22
11637,22
11638,1239
11639,794
11640,794
11641,794
11642,1331
11643,1331
11644,12
11645,883
11646,12
11647,12
11650,12
11651,12
11652,12
11653,8
11654,723
11655,723
11656,723
11657,723
11658,12
11659,723
11660,12
11661,1315
11662,1193
11663,27
11664,725
11665,7
11666,7
11667,52
11668,52
11669,7
11670,7
11671,75
11672,841
11673,10
11674,1241
11675,6
11676,8
11677,6
11678,6
11679,6
11680,6
11681,1059
11682,6
11683,1242
11684,6
11685,6
11686,6
11687,63
11688,63
11689,1331
11690,1331
11691,1331
11692,1243
11693,11
11694,11
11695,11
11696,11
11697,11
11698,1057
11699,1242
11700,1244
11701,11
11702,11
11703,11
11704,1059
11705,1193
11706,723
11707,11
11708,11
11709,11
11710,11
11711,11
11712,11
11713,11
11714,11
11715,11
11716,11
11717,1245
11718,11
11719,820
11720,723
11721,820
11722,820
11723,1331
11724,1331
11725,820
11726,820
11727,820
11728,1331
11729,1209
11730,1209
11731,1209
11732,12
11733,723
11734,723
11735,9
11736,1330
11648,12
11737,1246
11738,1331
11739,1330
11740,1330
11741,1330
11742,1330
11743,1330
11744,1330
11745,1330
11746,1330
11747,1330
11748,1330
11749,1330
11750,1330
11751,1330
11752,1330
11753,1330
11754,1330
11755,1330
11756,1330
11757,1330
11758,1330
11759,1330
11760,1330
11761,1330
11762,1247
11767,718
11768,718
11769,718
11770,718
11771,718
11772,718
11773,718
11774,718
11775,718
11776,718
11777,718
11778,178
11779,178
11780,178
11781,178
11782,1040
11783,178
11784,178
11785,178
11786,178
11787,178
11788,178
11789,178
11790,178
11791,178
11792,178
11793,178
11794,178
11795,178
11796,178
11797,178
11798,178
11799,1193
11800,824
11801,723
11802,32
11803,1248
11804,1249
11805,1250
11806,1206
11807,591
11808,591
11809,591
11810,591
11811,1206
11812,1206
11813,1206
11814,1206
11815,1251
11816,1252
11817,1322
11818,1322
11819,1322
11820,1331
11821,362
11822,362
11823,362
11824,362
11825,591
11826,591
11827,591
11828,591
11829,591
11830,591
11831,591
11832,591
11833,591
11834,591
11835,591
11836,591
11837,591
11838,591
11839,591
11840,371
11841,488
11842,1253
11843,49
11844,104
11845,559
11846,22
11847,1121
11848,915
11849,572
11850,572
11851,572
11852,572
11853,556
11854,556
11855,556
11856,562
11857,835
11858,925
11859,1254
11860,711
11861,879
11862,1255
11864,582
11865,573
11866,988
11867,696
11868,1256
11869,281
11870,1257
11871,111
11872,50
11873,50
11874,1258
11875,727
11876,727
11877,727
11878,727
11879,727
11880,727
11881,727
11882,727
11883,1259
11884,1260
11885,1260
11886,1260
11887,1260
11888,1260
11889,724
11890,7
11891,1261
11892,50
11893,50
11894,405
11895,115
11896,115
11897,115
11898,895
11899,26
11900,548
11901,548
11902,184
11903,1262
11904,224
11905,423
11906,537
11907,348
11908,348
11909,1263
11910,1262
11911,119
11912,119
11913,1264
11914,1264
11915,132
11916,1265
11917,1193
11918,2
11919,10
11920,63
11921,17
11922,17
11923,17
11924,17
11925,17
11926,17
11927,17
11928,17
11929,17
11930,17
11931,17
11932,17
11933,1266
11934,573
11935,582
11936,556
11937,879
11938,988
11939,19
11940,582
11941,556
11942,1119
11943,563
11944,560
11945,630
11947,119
11948,119
11949,374
11950,374
11951,1268
11952,1269
11953,1270
11954,1271
11955,97
11956,1272
11957,528
11958,17
11959,1273
11960,224
11961,224
11962,224
11963,224
11765,718
11764,718
11763,718
11946,1267
11964,1274
11965,1275
11966,224
11967,1276
11968,97
11969,1277
11970,576
11971,362
11972,792
11973,1278
11974,722
11975,883
11976,727
11977,727
11978,1279
11979,1279
11980,1279
11981,1314
11982,991
11983,1280
11984,1281
11985,1282
11986,1283
11987,1331
11988,715
11989,41
11990,1284
11991,932
11992,795
11993,618
11994,115
11995,67
11996,12
11997,12
11998,12
11999,12
12000,741
12001,741
12002,100
12003,556
12004,556
12005,1285
12006,1190
12007,1331
12008,203
12009,529
12010,529
12011,529
12012,529
12013,529
12014,529
12015,529
12016,529
12017,529
12018,529
12019,529
12020,529
12021,529
12022,529
12023,529
12024,529
12025,529
12026,529
12027,529
12028,529
12029,529
12030,529
12031,529
12032,529
12033,529
12034,529
12035,529
12036,529
12037,529
12038,59
12040,10
12041,11
12042,10
12043,729
12044,879
12045,10
12051,3
12052,10
12053,1286
12054,11
12055,10
12056,742
12057,61
12058,61
12059,61
12060,61
12061,61
12062,61
12063,61
12065,3
12066,3
12067,3
12068,3
12069,3
12070,3
12071,1287
12072,3
12073,3
12074,27
12075,27
12076,10
12077,3
12078,16
12079,3
12080,1077
12081,1288
12082,1288
12083,1289
12084,1290
12085,1291
12086,1292
12087,1293
12088,617
11863,617
12089,617
12090,617
12091,617
12092,617
12093,617
12094,1
12095,1
12096,325
12097,617
12098,1294
12099,107
12100,732
12101,792
12102,617
12103,617
12104,1295
12105,16
12106,16
12107,16
12108,16
12109,16
12110,16
12111,1296
12112,73
12113,5
12114,5
12115,5
12116,5
12117,17
12118,46
12119,432
12120,1297
12121,46
12122,46
12123,46
12124,46
12125,556
12126,556
12127,556
12128,556
12129,556
12130,556
12131,556
12132,556
12133,556
12134,556
12135,556
12136,528
12137,528
12138,528
12139,528
12140,375
12141,1298
12142,1298
12143,1144
12144,48
12145,123
12146,528
12147,528
12155,12
12156,12
12161,556
12162,915
12163,573
12164,699
12165,1299
12166,794
12167,20
12168,257
12169,28
12170,1300
12171,711
12172,19
12173,63
12174,12
12175,14
12176,14
12178,62
12179,528
12180,798
12181,1301
12182,747
12183,747
12184,535
12185,16
12186,16
12187,16
12188,16
12160,12
12159,12
12158,12
12157,12
12154,12
12153,12
12152,12
12151,12
12149,12
12050,3
12148,12
12049,3
12048,3
12047,3
12046,3
12064,3
12189,16
12190,16
12191,16
12192,16
12193,212
12194,3
12195,1
12196,1
12197,1331
12198,61
12199,1
12200,355
12201,22
12202,6
12203,1331
12205,37
12206,381
12207,3
12208,868
12209,1302
12210,1303
12212,31
12213,31
12214,31
12215,31
12216,31
12217,31
12218,31
12219,31
12220,31
12221,31
12222,61
12223,1331
12224,32
12232,4
12236,4
12238,4
12239,4
12240,16
12241,781
12242,1323
12243,1323
12244,1305
12245,1323
12246,1306
12247,16
12248,16
12249,16
12250,16
12251,16
12252,3
12253,93
12254,16
12255,1307
12256,1305
12257,1305
12258,1306
12259,1305
12260,1323
12261,1306
12262,1323
12263,1323
12388,1323
12264,1308
12265,1309
12266,1310
12267,1323
12268,1323
12269,17
12270,17
12271,212
12272,212
12273,586
12274,586
12275,586
12276,61
12277,204
12278,243
12279,824
12281,16
12282,16
12283,16
12284,16
12285,16
12286,31
12287,16
12288,31
12289,16
12290,31
12291,16
12292,3
12293,4
12294,4
12295,87
12296,4
12297,4
12298,4
12299,17
12300,17
12301,17
12302,17
12303,17
12304,17
12305,17
12306,17
12307,4
12308,17
12309,4
12310,17
12311,4
12312,4
12313,4
12316,31
12319,1313
12320,279
12321,279
12322,279
12323,279
12324,279
12325,279
12326,279
12327,279
12328,279
12329,279
11766,718
12330,279
12331,279
12332,279
12333,279
12334,279
12335,279
12336,279
12337,279
12338,279
12339,279
12340,279
12341,279
12342,279
12343,279
12317,1311
8176,1322
12314,1322
7789,1322
7205,1322
12344,1322
8113,63
326,63
139,63
12345,63
12346,63
6823,63
6378,50
12318,1312
12315,228
12237,4
12347,16
12177,16
12204,16
6081,20
12348,87
12353,802
12354,1123
12355,718
12280,4
2621,4
11649,12
11104,12
12349,12
12350,12
12211,12
12150,12
12039,3
12225,17
12226,17
12227,17
12228,17
12229,17
12356,93
12230,17
12231,4
12351,4
12233,4
12234,4
12235,4
12352,4
12357,781
12358,106
12359,747
12368,528
12369,747
12370,22
12371,781
12372,123
12373,718
12374,1331
12376,1315
12380,1316
12383,1322
8177,1316
12377,1331
12377,1317
12378,1330
8169,739
8172,1319
8172,1320
8173,64
12384,1324
8174,1075
8174,1325
8174,1326
8174,1327
12381,1324
12381,1328
12381,1329
12382,1322
12383,1330
12385,62
12385,1321
12385,1322
12386,1322
12387,65
12387,1318
12387,1321
12387,1322
12389,65
12389,472
12389,1332
12390,65
12390,1333
1357,1330
8529,61
8529,1334
8528,55
8528,62
8527,120
8527,1335
8526,120
12391,1322
12391,768
12391,1336
12391,1337
8143,1322
12314,1338
7789,1339
7789,247
12392,629
12393,65
12393,1321
12393,1320
12393,1328
12393,1340
12393,1319
12393,1341
12393,1342
12394,65