deleted_track_id,play_count,first_play,last_play
598,199,2015-03-05 16:49:48,2016-04-20 05:01:36
597,163,2015-03-05 16:55:06,2016-04-20 05:06:54
9229,147,2023-02-04 12:09:56,2025-06-28 16:37:38
734,142,2015-08-31 00:55:46,2025-08-15 22:08:12
801,134,2015-01-31 19:01:50,2016-03-18 21:11:38
802,130,2015-01-31 18:57:33,2016-03-18 21:07:23
804,128,2015-01-31 18:51:19,2016-03-18 21:01:18
732,120,2015-08-31 14:50:55,2016-03-23 14:19:42
798,114,2015-01-31 19:57:37,2016-03-18 21:24:16
731,113,2015-08-31 14:56:02,2025-08-20 23:18:16
1431,112,2015-01-31 21:35:11,2015-11-18 09:30:53
9914,101,2023-04-17 12:21:21,2025-08-18 21:33:39
2594,99,2013-09-14 22:49:01,2015-08-07 19:07:51
2501,96,2015-05-26 21:40:17,2015-08-12 17:43:14
989,95,2014-08-17 18:11:08,2024-08-22 11:00:40
2403,94,2015-08-15 18:33:31,2025-06-29 08:40:18
972,93,2015-03-05 17:03:59,2016-02-29 22:51:39
2279,92,2013-10-19 23:24:26,2015-08-24 22:04:29
799,91,2015-01-31 19:53:23,2016-03-18 21:20:28
1430,80,2015-01-31 21:39:06,2015-11-18 09:34:32
9178,78,2023-01-30 14:47:27,2024-05-04 10:34:49
1982,78,2013-09-02 11:59:54,2024-08-17 12:46:50
639,75,2014-10-13 17:49:54,2016-04-12 21:37:16
333,74,2013-09-20 13:51:46,2025-05-30 16:02:14
1093,72,2015-07-21 16:22:40,2016-01-11 22:10:47
9059,71,2023-01-18 23:05:15,2024-10-12 13:56:18
1044,71,2013-10-08 22:14:25,2016-01-26 22:37:04
1429,69,2015-01-31 20:25:01,2015-11-18 09:38:27
1045,69,2013-10-08 22:10:09,2016-01-26 22:32:48
733,68,2015-08-31 14:37:21,2025-08-16 11:47:15
2591,67,2013-09-12 12:56:37,2025-06-05 07:45:17
9060,66,2023-01-18 23:08:26,2024-09-18 16:51:46
9058,66,2023-01-18 23:00:50,2024-10-19 12:34:10
2988,66,2013-09-02 11:56:36,2024-08-17 12:42:38
4409,65,2013-09-20 18:05:42,2015-02-08 00:11:43
9912,63,2023-04-17 12:16:33,2025-04-17 11:02:27
2297,63,2014-01-10 16:49:31,2015-08-24 00:58:35
3029,62,2013-10-24 22:08:36,2015-06-23 23:14:36
706,62,2013-12-04 22:41:04,2016-04-01 22:37:01
12396,61,2024-09-11 10:29:39,2025-07-02 11:50:28
2173,61,2015-06-09 11:17:42,2015-09-05 13:37:30
10223,60,2023-06-02 09:27:12,2025-08-17 15:38:02
543,60,2013-10-03 20:10:21,2016-05-05 02:48:50
12346,58,2024-08-23 08:13:43,2025-08-14 16:43:48
1009,58,2015-01-31 21:25:06,2016-02-15 12:25:16
11642,57,2024-03-22 10:23:38,2025-06-16 11:51:08
4156,56,2013-09-06 19:04:42,2024-06-05 15:01:27
4047,56,2013-09-20 18:07:22,2015-04-01 11:37:43
4045,56,2013-11-12 18:59:56,2015-04-01 11:42:03
9070,55,2023-01-19 00:21:02,2024-09-10 17:12:45
1465,55,2013-09-12 21:49:59,2015-11-12 08:46:11
2562,54,2015-06-02 20:49:24,2015-08-08 19:03:21
1959,54,2015-07-25 01:14:45,2025-03-28 21:20:32
6547,53,2014-01-09 21:49:01,2014-04-29 22:37:09
4723,53,2014-01-20 01:27:48,2015-01-08 19:56:23
4272,53,2013-11-10 20:29:12,2015-02-24 15:45:37
4046,53,2013-11-12 18:56:59,2015-04-01 11:39:06
730,53,2015-08-31 15:01:24,2016-03-23 14:35:17
781,52,2015-09-17 21:07:12,2016-03-19 00:16:40
10220,51,2023-06-02 07:51:10,2025-08-17 15:23:50
6070,51,2014-01-11 02:50:56,2014-08-07 11:01:27
3995,51,2014-08-06 17:19:30,2015-04-11 19:34:44
1463,51,2013-09-12 21:57:43,2015-11-12 08:54:00
542,51,2013-10-03 20:14:37,2016-05-05 02:52:33
6202,50,2013-11-30 22:47:41,2024-11-21 09:04:45
1008,50,2015-01-31 21:27:56,2016-02-17 02:46:37
509,50,2014-11-28 03:07:08,2016-05-06 21:44:14
4088,49,2013-10-08 14:05:23,2015-03-16 03:21:03
3090,49,2015-05-10 19:41:00,2015-06-14 22:28:34
12422,47,2024-09-20 15:28:32,2025-06-21 17:04:16
9084,47,2023-01-21 01:22:54,2025-08-14 11:32:15
1301,47,2013-08-27 16:43:46,2015-12-14 17:55:34
1112,47,2013-08-27 16:40:24,2016-01-05 14:22:46
9401,46,2023-02-18 19:03:27,2025-04-23 09:55:53
5139,46,2014-02-13 14:17:22,2014-12-04 19:38:44
4537,46,2013-11-21 16:45:25,2015-01-26 21:17:18
4417,46,2013-11-12 19:03:38,2015-02-07 23:42:33
3650,46,2013-09-15 20:11:49,2023-01-28 22:09:41
474,46,2013-08-25 14:22:02,2016-05-07 22:49:28
5071,45,2014-03-20 18:09:42,2025-08-08 17:40:29
3994,45,2014-08-06 17:23:28,2015-04-11 19:38:41
507,45,2014-11-28 03:15:42,2016-05-06 21:51:23
10465,44,2023-07-26 11:27:10,2025-07-07 09:41:54
8223,44,2022-10-21 08:23:16,2025-08-11 08:52:40
4442,44,2013-10-24 16:52:20,2024-10-23 12:18:51
3753,44,2015-04-23 19:05:59,2023-07-20 21:31:56
3649,44,2013-09-15 20:15:08,2024-06-24 18:17:11
2873,44,2013-11-11 18:07:40,2015-07-07 15:49:26
1464,44,2013-09-12 21:54:25,2015-11-12 08:50:40
1272,44,2015-07-14 15:53:52,2015-12-18 08:10:07
842,44,2015-11-17 21:19:15,2016-03-13 22:17:11
8414,43,2022-11-07 16:57:40,2025-01-13 10:26:09
4724,43,2013-12-16 21:17:50,2015-01-08 19:52:28
4267,43,2013-11-10 20:44:28,2015-02-24 16:11:09
1656,43,2015-01-31 21:47:53,2015-10-26 08:20:25
1111,43,2013-08-27 16:47:05,2016-01-05 14:25:48
508,43,2014-11-28 03:10:43,2016-05-06 21:47:48
12075,42,2024-07-10 12:22:54,2025-06-29 10:19:36
9062,42,2023-01-18 23:18:28,2024-09-10 15:48:46
9061,42,2023-01-18 23:15:01,2024-09-18 17:00:34
5138,42,2013-12-16 21:12:48,2014-12-04 19:45:11
4253,42,2014-03-25 23:23:09,2025-08-21 23:00:04
2175,42,2015-08-07 22:57:31,2015-09-05 12:23:43
1007,42,2015-01-31 21:31:32,2016-02-17 02:49:08
9479,41,2023-03-04 10:16:46,2025-08-15 21:58:22
8417,41,2022-11-07 17:09:21,2025-07-02 19:06:27
8416,41,2022-11-07 17:03:27,2025-05-25 08:38:44
8415,41,2022-11-07 17:00:44,2025-01-11 22:13:46
5936,41,2014-03-20 18:15:30,2025-08-08 17:46:43
3146,41,2015-05-05 17:57:52,2015-06-08 17:09:42
1460,41,2013-09-13 12:59:19,2015-11-12 09:02:34
9692,40,2023-03-23 21:55:21,2025-05-03 15:46:42
8418,40,2022-11-07 17:14:27,2025-01-08 13:15:24
6543,40,2014-01-09 22:07:01,2014-04-29 22:50:18
2806,40,2015-07-15 07:46:56,2024-07-16 12:29:28
1839,40,2015-06-09 20:57:07,2015-10-06 07:50:52
1774,40,2014-10-09 17:24:30,2015-10-13 15:06:59
11936,39,2024-05-30 11:53:01,2025-01-24 22:25:21
10153,39,2023-05-20 18:14:14,2024-06-05 15:22:11
4085,39,2013-10-08 14:18:39,2015-03-16 03:52:21
4004,39,2014-05-30 23:27:33,2015-04-11 00:20:03
1462,39,2013-09-12 18:00:50,2015-11-12 08:57:24
6598,38,2013-09-03 17:56:13,2014-04-20 19:48:18
2277,38,2013-10-08 16:52:09,2015-08-24 22:11:49
841,38,2015-11-24 23:26:56,2016-03-13 22:21:49
536,38,2013-11-18 17:17:52,2016-05-05 03:19:38
6596,37,2013-09-03 17:53:31,2014-04-20 20:50:11
4415,37,2013-11-12 19:08:06,2015-02-07 23:47:18
4089,37,2013-10-08 13:58:25,2015-03-16 03:14:07
4087,37,2013-10-08 14:09:11,2015-03-16 03:24:51
2145,37,2014-07-15 22:28:08,2015-09-08 14:22:00
650,37,2014-08-11 20:58:36,2016-04-11 22:15:33
540,37,2013-10-08 00:07:52,2016-05-05 02:57:11
504,37,2014-11-30 02:06:26,2016-05-06 22:04:20
9402,36,2023-02-18 19:21:50,2025-03-28 12:17:43
5072,36,2014-03-20 18:04:15,2025-07-31 13:17:55
3248,36,2013-11-12 18:19:59,2015-05-31 12:44:05
601,36,2015-03-16 17:39:43,2016-04-14 22:23:55
9063,35,2023-01-18 23:21:20,2024-09-17 10:48:35
8128,35,2022-10-16 22:54:00,2024-06-21 10:12:00
6595,35,2012-12-06 16:02:13,2025-07-02 19:25:55
4962,35,2014-02-13 15:56:09,2014-12-24 05:13:59
3912,35,2013-09-13 12:48:02,2015-04-16 02:54:05
2416,35,2015-08-16 19:59:54,2025-05-01 13:10:58
1490,35,2013-08-27 16:54:52,2015-11-10 08:06:04
537,35,2013-11-18 17:13:49,2016-05-05 03:14:41
10221,34,2023-06-02 07:53:53,2025-08-17 15:27:56
8413,34,2022-11-07 16:54:01,2025-01-13 12:27:28
8149,34,2022-10-17 20:03:25,2025-07-08 10:04:16
5339,34,2013-10-11 22:55:30,2014-11-17 18:49:44
705,34,2013-12-04 22:44:18,2016-04-01 22:41:36
10984,33,2023-11-24 13:28:02,2025-07-31 05:56:53
8150,33,2022-10-17 20:09:15,2025-07-08 10:10:07
8127,33,2022-10-16 22:47:11,2022-12-29 22:48:40
6613,33,2012-12-06 18:15:47,2025-06-03 07:42:51
6605,33,2013-09-03 18:38:40,2014-04-20 19:08:59
6304,33,2013-09-20 14:00:38,2025-05-30 16:10:20
6212,33,2013-09-01 20:53:50,2014-07-14 00:53:23
5432,33,2013-11-15 20:44:33,2014-11-04 20:56:55
4635,33,2014-08-10 23:53:48,2015-01-15 10:30:29
3346,33,2014-10-28 20:21:54,2015-05-23 12:57:49
3276,33,2013-11-12 19:59:44,2015-05-30 13:28:15
3136,33,2013-09-20 17:58:05,2015-06-09 13:22:26
2891,33,2013-11-12 19:54:27,2015-07-06 11:54:17
2844,33,2014-04-23 15:14:22,2015-07-10 12:22:37
2265,33,2015-06-09 20:59:55,2015-08-26 12:56:06
503,33,2015-03-05 22:23:56,2016-05-06 22:08:20
502,33,2015-03-05 22:29:06,2016-05-06 22:13:30
501,33,2015-03-05 22:32:48,2016-05-06 22:23:42
12397,32,2024-09-11 10:31:08,2025-06-16 12:08:14
9358,32,2023-02-17 08:57:25,2025-07-24 19:18:39
6210,32,2014-04-01 16:02:55,2014-07-14 01:07:47
6175,32,2014-04-02 16:32:56,2014-07-23 14:41:20
6036,32,2013-11-21 16:48:54,2014-08-12 17:58:42
4408,32,2013-12-20 17:10:05,2015-02-08 01:13:55
446,32,2013-08-31 00:07:19,2025-08-21 20:37:09
10464,31,2023-07-26 11:23:05,2025-07-01 10:53:39
6550,31,2014-02-20 23:30:00,2014-04-29 22:23:38
6546,31,2014-01-09 21:52:43,2014-04-29 22:40:53
6545,31,2014-01-09 21:56:28,2014-04-29 22:44:38
6211,31,2013-09-01 20:57:48,2014-07-14 00:57:19
3137,31,2013-09-20 17:55:32,2015-06-09 13:19:23
2266,31,2015-06-09 20:54:24,2015-08-26 12:49:18
2198,31,2014-09-03 14:23:33,2015-09-01 23:16:50
1074,31,2015-11-17 21:24:51,2016-01-14 22:53:39
656,31,2015-03-05 22:36:32,2016-04-10 01:23:20
655,31,2015-03-05 22:40:18,2016-04-10 01:27:05
654,31,2015-03-05 22:45:38,2016-04-10 01:32:26
12581,30,2024-10-20 15:33:27,2025-03-31 10:52:54
11986,30,2024-06-10 15:18:16,2024-12-07 08:42:52
9066,30,2023-01-18 23:30:22,2024-09-10 16:03:52
8498,30,2022-11-19 11:16:18,2024-08-25 17:12:36
6549,30,2014-01-14 08:24:51,2014-04-29 22:27:42
6532,30,2014-01-28 13:43:26,2024-07-09 14:44:21
6401,30,2014-05-30 22:53:32,2024-06-05 14:57:40
6312,30,2013-09-11 21:09:40,2023-01-28 22:19:21
4870,30,2014-12-25 11:29:21,2024-07-17 15:58:51
4086,30,2013-11-11 16:11:12,2015-03-16 03:31:07
3911,30,2013-09-13 12:49:58,2015-04-16 02:58:23
3275,30,2013-11-12 20:01:12,2015-05-30 13:30:07
3040,30,2015-03-13 21:19:39,2025-06-09 11:12:38
3004,30,2013-09-09 16:22:49,2015-06-25 23:02:41
2846,30,2013-08-28 21:15:27,2015-07-09 13:42:32
2561,30,2015-06-02 20:52:34,2015-08-08 19:06:32
2405,30,2015-03-13 20:02:27,2025-03-13 10:25:27
1612,30,2013-08-27 12:51:50,2015-10-29 23:02:44
1360,30,2015-03-13 19:30:34,2015-11-28 00:31:32
988,30,2014-08-17 18:12:24,2016-02-28 11:45:44
664,30,2014-11-13 18:17:09,2016-04-08 13:57:34
658,30,2014-12-01 11:45:09,2016-04-10 00:35:36
13073,29,2025-01-14 16:19:19,2025-02-12 12:07:48
12357,29,2024-08-23 11:46:53,2025-08-14 16:28:13
10466,29,2023-07-26 11:27:12,2025-06-25 20:26:33
10224,29,2023-06-02 09:30:51,2025-08-17 15:41:41
10222,29,2023-06-02 09:21:52,2025-08-17 15:31:21
9172,29,2023-01-30 12:36:22,2025-07-04 10:33:06
9077,29,2023-01-21 00:24:11,2025-08-15 20:28:18
8361,29,2022-11-01 22:45:19,2025-05-27 17:56:10
7415,29,2013-09-20 13:29:09,2013-11-28 10:14:47
6604,29,2013-09-03 21:02:01,2014-04-20 19:11:54
6336,29,2014-02-13 14:53:18,2014-06-24 12:07:59
4416,29,2013-11-12 19:06:24,2015-02-07 23:44:15
4414,29,2013-11-12 19:11:09,2015-02-07 23:50:48
4412,29,2013-11-12 19:16:43,2015-02-07 23:54:54
3277,29,2013-11-12 19:57:01,2015-05-30 13:26:47
3117,29,2014-11-19 16:51:00,2015-06-12 22:49:24
2613,29,2015-07-18 10:28:58,2015-08-07 11:49:48
2276,29,2013-10-11 10:42:02,2015-08-24 22:15:37
659,29,2016-04-08 15:14:20,2016-04-10 00:32:22
657,29,2016-04-08 15:21:05,2016-04-10 00:39:06
9068,28,2023-01-19 00:12:18,2024-09-18 20:03:36
8926,28,2023-01-06 15:50:29,2025-04-16 18:17:52
6544,28,2014-01-09 21:59:55,2014-04-29 22:48:04
6251,28,2014-04-02 16:53:27,2014-07-02 21:34:53
5433,28,2013-11-15 20:39:58,2014-11-04 20:52:34
3560,28,2013-10-11 21:43:51,2015-05-05 20:11:32
3270,28,2013-10-11 21:41:25,2015-05-30 14:07:36
2592,28,2014-12-19 07:57:33,2023-04-04 20:13:53
2414,28,2015-08-16 20:07:04,2025-04-09 10:35:49
2407,28,2015-03-13 19:54:22,2025-03-13 08:57:05
2141,28,2014-07-14 16:25:30,2015-09-08 14:33:11
1825,28,2013-12-05 13:09:29,2015-10-07 13:11:52
1576,28,2015-10-13 17:52:18,2015-10-30 15:03:57
840,28,2015-11-24 23:32:01,2016-03-13 22:25:07
12815,27,2024-11-22 22:00:06,2025-02-15 12:24:09
12349,27,2024-08-23 10:40:42,2025-08-14 16:37:13
9242,27,2023-02-04 19:00:13,2023-10-25 23:28:06
6609,27,2013-10-11 09:37:57,2014-04-19 21:00:51
6603,27,2013-09-03 21:05:21,2014-04-20 19:15:14
6600,27,2013-09-03 21:20:15,2014-04-20 19:26:52
6299,27,2013-10-14 19:02:42,2025-06-02 19:10:52
5934,27,2014-03-20 18:38:01,2024-08-07 10:48:06
4254,27,2013-09-26 23:23:57,2025-07-02 18:49:18
4093,27,2013-11-11 16:20:39,2015-03-16 02:53:32
3274,27,2013-10-11 18:49:15,2015-05-30 13:33:23
3171,27,2013-08-26 21:00:19,2023-09-16 08:49:15
2847,27,2014-01-10 16:09:03,2015-07-09 10:50:31
2611,27,2015-07-18 10:38:09,2015-08-07 11:56:15
2481,27,2015-08-01 00:52:12,2015-08-14 12:36:49
1860,27,2014-07-29 23:16:25,2015-10-04 17:10:11
893,27,2014-11-29 03:30:12,2016-03-08 09:53:46
604,27,2015-03-16 18:39:41,2016-04-14 21:52:00
602,27,2015-03-16 18:57:39,2016-04-14 22:09:59
12352,26,2024-08-23 11:04:22,2025-08-14 18:19:56
6722,26,2014-02-13 15:59:42,2014-04-12 16:39:59
6612,26,2013-09-26 23:01:06,2025-06-03 07:44:38
6602,26,2013-09-03 21:07:49,2014-04-20 19:17:42
6601,26,2013-09-03 21:12:37,2014-04-20 19:22:30
6492,26,2013-09-06 19:00:20,2014-05-18 23:17:59
6313,26,2013-09-11 21:03:57,2014-06-26 21:01:22
6291,26,2013-09-21 16:15:09,2025-07-03 18:15:26
6123,26,2013-09-03 21:23:56,2014-08-02 10:26:59
5591,26,2014-08-03 18:34:04,2014-10-22 17:40:01
4869,26,2014-07-13 22:04:14,2025-05-30 18:45:22
3162,26,2014-08-10 23:58:06,2015-06-06 10:30:34
2859,26,2013-09-19 16:05:54,2015-07-08 15:36:54
2760,26,2013-08-25 15:23:26,2025-05-30 19:04:09
1953,26,2013-09-03 21:26:51,2015-09-27 17:19:59
1397,26,2013-10-20 23:37:20,2015-11-22 18:06:19
1073,26,2015-11-24 23:44:40,2016-01-14 22:57:48
9078,25,2023-01-21 00:40:51,2025-08-15 21:58:25
9072,25,2023-01-19 00:26:34,2024-10-17 07:08:30
6534,25,2013-12-20 02:53:31,2024-10-08 22:36:47
6033,25,2013-09-15 20:45:58,2023-11-20 00:08:50
4526,25,2014-12-28 13:30:19,2024-07-17 16:02:16
4439,25,2014-02-04 17:26:18,2015-02-07 16:58:51
4092,25,2013-10-08 14:32:33,2015-03-16 03:00:53
4091,25,2013-11-11 16:33:54,2015-03-16 03:04:42
4002,25,2014-05-30 23:12:25,2015-04-11 00:27:01
1560,25,2015-10-13 17:57:03,2015-10-31 12:22:45
1512,25,2015-07-14 15:47:44,2015-11-06 17:01:57
9101,24,2023-01-23 20:50:15,2025-08-14 11:42:43
8912,24,2023-01-01 19:56:05,2024-08-17 12:17:02
8276,24,2022-10-22 20:07:06,2023-11-27 21:24:50
8147,24,2022-10-17 19:43:28,2025-07-08 09:54:54
7551,24,2013-09-01 21:10:46,2013-11-08 18:00:32
6668,24,2013-10-02 22:13:35,2014-04-16 01:13:32
6529,24,2014-01-10 22:48:25,2014-05-11 20:49:49
5263,24,2013-10-21 16:52:49,2014-11-25 16:50:46
4411,24,2013-11-12 19:18:46,2015-02-07 23:58:35
3807,24,2015-04-14 17:45:59,2024-08-03 17:01:38
2813,24,2014-12-01 05:44:57,2015-07-14 15:33:29
2303,24,2013-10-08 16:46:14,2015-08-23 23:51:56
2301,24,2013-10-11 10:44:18,2015-08-24 00:36:51
1793,24,2014-07-29 13:25:30,2015-10-11 18:31:16
1657,24,2015-09-02 01:03:21,2015-10-25 17:46:33
1513,24,2013-09-13 13:07:13,2015-11-06 16:57:53
1406,24,2014-07-14 16:29:12,2015-11-21 12:59:22
12348,23,2024-08-23 10:40:38,2025-08-14 10:33:11
10980,23,2023-11-24 12:36:43,2024-11-20 12:31:50
9064,23,2023-01-18 23:24:14,2024-09-10 15:54:32
8991,23,2023-01-12 23:27:53,2025-07-15 10:53:17
8367,23,2022-11-01 23:18:51,2025-08-16 15:21:02
6759,23,2014-01-19 01:19:18,2014-04-09 10:33:41
6555,23,2014-01-14 11:45:47,2014-04-29 21:56:53
4857,23,2014-12-28 12:02:25,2024-07-17 16:10:45
4278,23,2013-10-20 16:42:15,2015-02-23 18:51:13
4000,23,2014-05-30 23:20:03,2015-04-11 00:31:45
3273,23,2013-10-11 18:52:32,2015-05-30 13:36:28
2648,23,2015-07-18 10:32:10,2015-08-05 18:27:18
1624,23,2013-12-21 18:24:37,2015-10-28 23:10:55
894,23,2014-11-29 16:21:17,2016-03-08 09:44:42
663,23,2014-11-14 02:40:15,2016-04-08 14:01:01
603,23,2015-03-16 18:44:41,2016-04-14 21:57:01
326,23,2014-03-20 14:18:09,2016-05-26 23:49:28
12350,22,2024-08-23 10:47:54,2025-08-14 16:40:19
12141,22,2024-07-19 10:42:35,2025-08-11 09:06:57
10906,22,2023-11-11 18:43:31,2023-12-10 15:31:10
9684,22,2023-03-23 19:57:15,2025-05-03 10:11:20
9405,22,2023-02-18 22:15:52,2025-03-13 08:49:36
9071,22,2023-01-19 00:24:05,2024-09-10 16:16:44
6967,22,2013-11-30 22:56:35,2014-03-05 22:54:43
6669,22,2013-10-02 22:11:13,2014-04-16 01:11:10
6255,22,2013-11-11 01:05:21,2014-07-02 20:46:54
6030,22,2013-09-15 20:19:25,2014-08-15 12:58:30
5539,22,2013-08-26 21:59:37,2014-10-29 16:50:42
5435,22,2013-11-18 15:05:36,2014-11-04 20:44:26
4868,22,2014-12-28 12:28:53,2024-07-17 16:21:21
4429,22,2014-05-30 23:24:04,2015-02-07 18:00:06
3651,22,2013-09-15 20:07:57,2015-05-01 22:58:51
3614,22,2013-08-27 16:05:50,2015-05-02 12:15:02
2627,22,2015-06-09 21:01:37,2015-08-06 22:46:42
2593,22,2013-09-21 15:12:47,2023-04-04 20:01:02
1170,22,2014-08-04 17:26:15,2015-12-29 09:31:36
1157,22,2014-02-21 22:31:56,2025-08-21 22:26:42
413,22,2015-11-02 18:19:14,2016-05-19 23:31:20
9237,21,2023-02-04 16:17:13,2024-08-19 18:27:07
9067,21,2023-01-18 23:40:54,2024-09-10 16:07:06
8485,21,2022-11-15 18:35:34,2024-04-20 11:56:10
6719,21,2013-09-01 17:30:58,2014-04-13 15:19:49
6391,21,2013-09-19 22:15:56,2014-06-02 00:24:47
6266,21,2014-01-16 19:06:48,2014-06-30 19:33:45
6208,21,2013-12-05 01:21:16,2014-07-14 17:40:29
6185,21,2013-09-19 22:20:02,2014-07-21 01:01:03
5581,21,2014-08-27 23:14:03,2014-10-24 19:48:45
5266,21,2013-08-27 15:40:50,2014-11-25 16:36:45
5134,21,2013-08-31 13:37:10,2014-12-05 05:47:20
5114,21,2013-11-29 22:58:25,2014-12-07 18:04:56
4379,21,2013-10-05 12:52:42,2015-02-14 19:02:23
3892,21,2015-03-11 17:00:59,2015-04-18 15:24:19
3272,21,2013-10-11 21:24:28,2015-05-30 13:40:49
2993,21,2013-08-27 17:04:45,2015-06-26 12:18:02
2221,21,2014-08-04 21:45:09,2015-08-31 18:39:26
1906,21,2015-07-15 08:59:47,2015-10-02 13:00:40
1623,21,2012-12-14 14:27:46,2025-02-08 14:35:41
1108,21,2015-03-09 16:16:47,2016-01-05 14:32:28
1030,21,2015-09-06 13:38:28,2016-01-27 21:24:51
14148,20,2025-08-23 21:27:45,2025-08-23 23:01:48
12603,20,2024-10-23 16:38:52,2025-02-27 12:14:07
12354,20,2024-08-23 11:22:40,2025-08-14 10:37:25
10219,20,2023-06-02 07:46:54,2025-08-17 15:19:22
9001,20,2023-01-13 13:10:17,2025-07-15 10:43:46
8160,20,2022-10-18 06:37:51,2025-08-11 10:57:41
6831,20,2013-09-06 13:16:29,2014-03-22 16:52:08
6720,20,2014-02-13 15:06:29,2014-04-12 21:38:38
6599,20,2013-09-04 19:35:10,2014-04-20 19:36:43
6491,20,2013-09-19 22:14:17,2014-05-18 23:26:11
6335,20,2014-02-13 15:11:55,2014-06-24 12:12:58
5932,20,2014-03-20 19:24:45,2025-08-08 17:46:43
5590,20,2014-07-31 22:42:09,2014-10-22 17:42:53
5434,20,2013-11-18 15:09:35,2014-11-04 20:48:00
4496,20,2013-09-10 21:03:34,2015-01-31 21:05:12
3896,20,2013-09-05 19:06:48,2025-05-11 17:24:25
3763,20,2014-12-18 23:55:26,2025-07-15 13:41:12
3578,20,2014-04-05 13:21:37,2015-05-05 13:37:25
3086,20,2013-09-04 16:44:22,2015-06-15 17:28:05
3050,20,2014-08-01 14:31:54,2015-06-23 12:17:44
2991,20,2013-08-27 17:11:57,2015-06-26 12:26:42
2967,20,2015-03-16 17:44:06,2015-06-30 23:38:10
2652,20,2015-07-18 10:41:19,2015-08-05 18:05:38
2651,20,2015-07-18 10:44:28,2015-08-05 18:08:47
2056,20,2015-06-24 19:37:56,2015-09-13 19:49:47
1675,20,2015-07-18 13:46:11,2015-10-22 09:22:01
1615,20,2013-09-03 22:34:03,2015-10-29 22:53:49
605,20,2015-03-16 18:31:15,2016-04-14 21:43:35
412,20,2015-11-02 18:22:16,2016-05-19 23:34:22
13185,19,2025-02-04 19:50:25,2025-02-25 11:38:48
12830,19,2024-11-29 16:17:54,2025-08-01 10:40:43
12623,19,2024-10-27 13:19:51,2025-07-15 10:49:36
12398,19,2024-09-11 10:48:02,2025-05-09 13:34:42
9065,19,2023-01-18 23:27:02,2024-09-10 15:57:19
8607,19,2022-12-09 10:00:03,2025-07-07 10:40:57
8519,19,2022-11-25 09:53:25,2024-09-17 14:34:20
8277,19,2022-10-22 20:07:21,2025-08-16 12:03:28
7468,19,2013-09-21 16:04:52,2013-11-22 16:12:28
6330,19,2013-09-15 20:31:40,2023-11-20 00:06:31
5887,19,2014-03-31 17:36:40,2014-09-04 15:20:52
5765,19,2013-09-13 13:13:46,2014-09-19 17:03:22
5509,19,2012-12-12 18:02:43,2014-10-29 21:04:16
5120,19,2014-05-31 00:13:59,2014-12-05 19:51:15
4633,19,2014-09-01 22:26:44,2015-01-15 10:50:08
3708,19,2013-11-12 22:03:22,2015-04-25 14:58:09
3705,19,2015-04-24 19:09:58,2015-04-26 02:34:23
3271,19,2013-10-11 21:28:49,2015-05-30 13:43:28
2486,19,2015-07-14 15:44:03,2015-08-13 13:48:18
2053,19,2015-07-15 09:03:01,2015-09-13 20:18:28
1948,19,2015-07-21 16:43:55,2015-09-27 18:59:01
1947,19,2015-07-21 16:53:31,2015-09-27 19:08:37
1794,19,2013-09-13 13:30:33,2015-10-11 18:26:52
1613,19,2013-08-27 20:44:34,2015-10-29 22:59:38
1006,19,2015-09-20 14:08:58,2016-02-17 10:11:59
13416,18,2025-03-31 10:39:01,2025-04-23 10:04:02
12356,18,2024-08-23 11:24:17,2025-08-14 10:46:03
12046,18,2024-06-27 12:11:30,2024-07-16 15:35:02
11997,18,2024-06-13 08:26:28,2024-10-08 22:48:08
11711,18,2024-04-11 23:12:31,2025-01-22 18:24:32
10938,18,2023-11-17 15:25:41,2024-07-16 09:20:07
9503,18,2023-03-06 08:30:04,2025-06-29 11:43:43
9486,18,2023-03-04 19:34:49,2024-09-29 15:55:10
9069,18,2023-01-19 00:16:19,2024-09-10 16:11:55
8954,18,2023-01-07 18:17:56,2025-08-16 15:30:37
8952,18,2023-01-07 17:52:57,2025-08-16 15:17:23
8565,18,2022-11-26 19:56:36,2024-06-29 09:57:37
7710,18,2013-09-21 13:28:19,2013-10-19 20:08:43
6364,18,2013-10-11 23:02:27,2014-06-09 11:55:54
6254,18,2014-04-02 16:37:44,2014-07-02 21:19:12
5586,18,2014-07-31 22:46:39,2014-10-23 14:50:06
5360,18,2013-08-25 15:03:31,2014-11-13 16:53:08
5073,18,2014-03-20 18:03:27,2025-08-11 17:01:32
4451,18,2013-12-21 18:16:39,2015-02-06 22:18:37
4438,18,2014-02-04 17:36:01,2015-02-07 17:02:16
4228,18,2013-12-21 20:34:14,2015-03-03 13:29:01
4015,18,2014-10-09 17:28:24,2015-04-09 17:39:08
3960,18,2014-01-06 12:29:28,2015-04-14 18:02:11
3459,18,2013-11-22 12:19:29,2015-05-14 08:27:56
3099,18,2015-06-09 21:05:16,2015-06-14 00:33:00
3006,18,2013-09-09 16:14:51,2015-06-25 22:54:59
2992,18,2013-08-27 17:07:40,2015-06-26 12:22:21
2763,18,2013-08-29 21:36:19,2025-05-30 19:25:57
2692,18,2015-04-14 14:38:14,2015-08-01 19:12:04
2366,18,2014-09-12 15:59:14,2015-08-18 10:54:14
2054,18,2015-07-10 12:51:55,2015-09-13 20:00:43
983,18,2014-08-13 00:19:35,2016-02-28 12:01:00
861,18,2013-11-21 14:14:14,2016-03-10 00:16:48
470,18,2016-03-04 08:14:29,2016-05-09 09:21:00
349,18,2015-07-21 22:13:33,2016-05-26 21:16:00
12816,17,2024-11-22 22:18:59,2025-02-25 17:47:22
12604,17,2024-10-23 16:43:17,2025-02-27 12:21:58
12142,17,2024-07-19 10:50:35,2024-10-11 17:45:58
11651,17,2024-03-27 20:00:37,2025-05-03 18:26:12
10939,17,2023-11-17 15:29:09,2025-03-16 19:21:43
10463,17,2023-07-26 11:14:05,2025-06-25 19:56:27
9085,17,2023-01-21 14:52:30,2024-08-19 17:59:57
9000,17,2023-01-13 12:45:54,2025-07-15 10:56:56
8914,17,2023-01-01 20:31:08,2024-08-19 15:30:24
8600,17,2022-12-05 11:54:14,2025-05-11 20:26:02
8478,17,2022-11-15 10:07:02,2025-06-04 12:00:35
8374,17,2022-11-01 23:50:18,2025-05-27 13:41:27
8174,17,2022-10-18 18:24:52,2025-08-08 16:22:31
7467,17,2013-09-21 16:08:06,2013-11-22 16:15:37
7412,17,2013-09-22 23:58:04,2013-11-28 10:23:06
6745,17,2014-02-03 12:03:23,2025-05-11 17:36:21
6569,17,2013-12-30 15:17:56,2014-04-24 12:53:06
6334,17,2014-02-13 15:15:27,2014-06-24 12:16:36
6327,17,2013-09-15 20:43:07,2024-06-13 14:34:51
6311,17,2013-09-05 17:19:19,2025-03-18 15:30:20
5968,17,2013-12-21 18:07:18,2014-08-21 00:57:38
5538,17,2013-08-26 00:05:23,2014-10-29 16:56:16
5380,17,2014-08-28 21:00:22,2014-11-10 18:53:29
5365,17,2013-09-03 22:36:15,2014-11-13 16:31:02
5135,17,2013-08-31 13:34:43,2014-12-05 05:44:53
5119,17,2014-07-11 20:33:00,2014-12-05 20:04:33
4830,17,2013-11-09 22:24:49,2014-12-29 17:41:39
4634,17,2014-09-01 22:22:33,2015-01-15 10:38:52
4410,17,2013-12-31 16:08:04,2015-02-08 00:05:28
3823,17,2012-12-04 17:17:54,2015-04-20 17:48:01
3652,17,2013-09-15 20:03:20,2015-05-01 22:54:16
2823,17,2014-07-28 19:10:31,2015-07-13 17:24:49
2707,17,2013-11-21 18:19:03,2015-07-29 13:52:15
2404,17,2015-03-13 20:08:15,2025-03-13 09:40:06
2055,17,2015-06-24 19:40:59,2015-09-13 19:52:49
1816,17,2015-09-22 15:52:56,2024-10-27 12:42:18
1647,17,2015-05-07 20:57:27,2015-10-27 14:24:41
1078,17,2015-11-24 23:37:26,2016-01-14 22:19:37
469,17,2016-03-04 08:24:01,2016-05-09 09:23:34
352,17,2015-10-13 17:40:09,2016-05-25 21:18:08
12653,16,2024-10-29 10:51:24,2025-07-21 12:44:20
12351,16,2024-08-23 11:00:00,2025-08-14 11:00:34
12044,16,2024-06-26 12:56:32,2024-07-10 07:51:23
10988,16,2023-11-24 17:15:11,2024-11-20 12:34:57
9686,16,2023-03-23 20:05:47,2025-05-03 15:36:00
8955,16,2023-01-07 18:22:48,2025-08-16 15:35:30
8507,16,2022-11-24 13:39:08,2024-09-17 18:18:12
6671,16,2013-09-26 23:17:51,2025-06-03 07:50:03
6618,16,2013-09-05 17:43:26,2025-08-21 21:34:25
6615,16,2014-03-27 04:44:19,2023-01-18 16:33:58
6611,16,2013-09-26 23:10:26,2023-01-18 12:26:59
6328,16,2013-09-15 20:39:09,2023-11-20 00:06:33
6290,16,2013-10-14 18:38:24,2025-06-02 14:36:01
6257,16,2014-01-10 22:33:59,2014-07-02 20:39:10
5809,16,2014-01-07 16:34:29,2014-09-13 13:49:20
5766,16,2013-09-13 13:11:16,2014-09-19 17:00:31
5510,16,2013-08-30 15:06:31,2022-12-03 12:59:21
5337,16,2013-12-07 23:49:03,2014-11-17 18:57:11
4966,16,2014-06-05 16:17:48,2014-12-21 13:17:43
4695,16,2013-09-05 17:50:03,2015-01-11 16:50:52
4599,16,2013-09-09 16:27:07,2015-01-15 23:10:52
4542,16,2013-12-21 18:31:24,2015-01-25 00:11:41
4477,16,2015-01-28 01:17:27,2015-02-04 01:55:25
3478,16,2013-12-05 21:09:29,2015-05-11 14:51:47
3098,16,2015-06-09 21:08:36,2015-06-14 00:35:48
2990,16,2013-08-27 17:16:15,2015-06-26 12:30:18
2758,16,2013-09-21 15:21:21,2023-12-11 17:13:59
2367,16,2014-09-12 15:56:29,2015-08-18 10:52:12
2140,16,2014-07-15 22:45:43,2015-09-08 14:39:36
1728,16,2015-04-20 00:31:00,2015-10-17 21:18:12
1510,16,2015-11-02 19:21:28,2015-11-06 21:48:01
1433,16,2015-02-19 16:51:28,2015-11-17 22:36:47
1400,16,2015-07-14 22:58:32,2015-11-22 16:02:04
825,16,2014-08-21 19:24:38,2016-03-14 13:16:47
709,16,2013-10-14 13:09:00,2016-04-01 22:21:54
12817,15,2024-11-22 22:28:30,2025-03-07 15:07:26
10792,15,2023-10-13 12:21:44,2024-08-20 09:45:06
10228,15,2023-06-02 09:34:32,2025-08-18 11:37:12
9031,15,2023-01-14 21:20:29,2023-07-17 09:18:27
8566,15,2022-11-26 20:02:17,2023-03-16 17:26:15
8531,15,2022-11-25 15:53:14,2025-02-12 12:29:25
8523,15,2022-11-25 15:35:28,2024-10-26 10:26:28
7599,15,2013-09-13 13:18:05,2013-11-06 17:50:04
7591,15,2013-09-01 21:56:26,2013-11-06 22:41:12
7471,15,2013-09-20 13:31:44,2013-11-22 15:58:59
7413,15,2013-09-23 00:03:04,2013-11-28 10:20:51
6923,15,2013-09-01 21:25:18,2014-03-10 18:27:02
6774,15,2013-12-16 21:22:00,2014-04-05 17:09:02
6614,15,2013-09-26 22:50:03,2023-01-16 19:09:05
6610,15,2013-09-26 23:13:02,2023-01-18 12:27:00
6356,15,2013-11-09 22:15:59,2014-06-15 21:35:04
5742,15,2014-02-05 16:39:48,2014-09-29 12:39:24
5429,15,2013-11-18 15:29:46,2014-11-04 21:08:24
5363,15,2013-08-27 20:47:42,2014-11-13 16:41:01
5285,15,2013-09-09 16:31:29,2014-11-23 20:37:02
4569,15,2014-09-05 14:45:37,2015-01-22 21:08:52
4511,15,2013-10-13 00:05:25,2015-01-29 14:29:36
4430,15,2014-05-30 23:18:57,2015-02-07 17:53:22
4195,15,2015-03-03 03:32:51,2015-03-06 16:00:44
3948,15,2013-09-08 16:15:17,2015-04-14 19:44:04
3881,15,2015-01-30 19:49:32,2015-04-19 22:23:24
3601,15,2015-02-14 16:30:15,2015-05-04 18:58:57
3243,15,2013-11-12 18:16:29,2015-05-31 13:00:26
1946,15,2015-07-21 19:51:26,2015-09-27 19:11:38
1674,15,2015-07-18 13:51:40,2015-10-22 09:27:30
1662,15,2014-08-03 01:41:57,2015-10-24 16:50:15
1634,15,2014-01-26 02:05:24,2015-10-28 22:01:31
1583,15,2015-10-13 22:30:52,2015-10-30 14:36:26
409,15,2015-11-03 14:28:03,2016-05-19 23:44:20
12719,14,2024-11-05 23:04:48,2024-11-09 16:47:15
12481,14,2024-10-02 19:15:45,2025-08-18 15:24:47
10775,14,2023-10-07 09:03:55,2025-03-10 10:37:38
10421,14,2023-07-16 21:32:54,2025-06-29 11:47:21
10291,14,2023-06-21 12:31:22,2024-10-08 21:14:24
10225,14,2023-06-02 09:31:16,2025-08-17 15:45:25
9744,14,2023-03-28 20:02:38,2025-05-27 17:59:18
9666,14,2023-03-22 19:11:16,2023-04-12 18:38:36
9502,14,2023-03-05 11:40:18,2023-03-25 17:54:28
9235,14,2023-02-04 12:30:05,2025-08-11 23:29:25
9147,14,2023-01-28 19:18:04,2024-08-19 18:15:06
8844,14,2022-12-31 20:34:18,2025-07-02 19:32:57
8518,14,2022-11-25 09:49:36,2024-09-17 18:24:25
8517,14,2022-11-25 09:43:55,2024-09-17 18:15:30
8161,14,2022-10-18 06:42:33,2023-03-18 14:38:29
6822,14,2013-11-21 17:06:12,2014-03-27 00:41:45
6670,14,2013-09-26 23:22:47,2025-06-03 07:50:04
6619,14,2013-09-05 17:36:09,2025-03-18 16:25:21
6608,14,2013-10-13 19:57:25,2014-04-19 21:04:22
6107,14,2013-12-05 21:25:32,2014-08-05 22:22:54
6029,14,2013-09-15 20:24:41,2014-08-15 13:03:30
5843,14,2014-01-16 22:40:07,2014-09-09 01:33:41
5733,14,2013-10-10 00:12:17,2014-10-02 13:49:12
5732,14,2013-10-10 00:16:45,2014-10-02 13:53:26
5362,14,2013-08-27 20:51:06,2014-11-13 16:44:55
4991,14,2014-10-29 18:44:26,2025-02-14 10:43:04
4921,14,2013-09-01 21:21:23,2014-12-24 13:12:23
4795,14,2014-04-05 13:29:30,2015-01-03 22:32:13
4383,14,2014-11-29 03:23:47,2015-02-14 15:19:47
4116,14,2013-12-05 14:57:49,2015-03-13 19:17:52
3477,14,2013-12-05 21:12:22,2015-05-11 14:54:57
3167,14,2014-01-28 22:39:38,2015-06-05 20:21:08
3159,14,2014-01-10 15:25:13,2015-06-06 11:37:05
3074,14,2013-11-16 19:43:27,2015-06-16 11:44:59
2650,14,2015-07-27 20:44:49,2015-08-05 18:14:23
2143,14,2014-07-15 22:35:47,2015-09-08 14:29:40
1840,14,2015-06-09 20:28:16,2015-10-06 07:46:23
1781,14,2015-06-09 20:23:47,2015-10-12 16:33:54
1627,14,2015-07-18 13:57:44,2015-10-28 22:55:59
1402,14,2015-11-07 00:45:00,2015-11-22 15:20:53
890,14,2014-11-29 16:52:38,2016-03-08 10:04:47
468,14,2016-03-04 08:25:33,2016-05-09 09:25:23
11998,13,2024-06-13 08:28:07,2024-07-18 12:50:58
11497,13,2024-02-13 10:56:19,2024-03-20 18:20:18
10467,13,2023-07-26 11:38:40,2025-06-25 20:29:23
10214,13,2023-05-30 11:47:51,2023-07-07 22:14:16
9342,13,2023-02-14 10:52:28,2025-07-02 19:34:52
9281,13,2023-02-08 09:29:36,2024-07-17 16:25:25
9241,13,2023-02-04 18:55:46,2023-10-25 23:52:36
9161,13,2023-01-30 11:20:35,2025-08-08 15:35:38
9107,13,2023-01-24 09:04:42,2025-06-04 17:18:33
9073,13,2023-01-19 00:29:28,2024-04-06 11:50:13
9057,13,2023-01-18 22:57:41,2025-07-02 11:19:20
7664,13,2013-10-28 13:53:46,2025-07-07 11:57:33
7414,13,2013-09-20 13:34:27,2013-11-28 10:19:17
6746,13,2014-03-20 19:31:30,2025-08-08 17:50:17
6717,13,2013-09-20 19:09:05,2025-05-30 16:27:13
6552,13,2014-04-06 21:59:23,2014-04-29 22:10:47
6333,13,2013-09-15 20:25:52,2023-11-20 00:06:31
6298,13,2013-10-14 19:05:11,2025-06-02 15:25:57
6289,13,2013-10-14 18:41:09,2025-06-02 14:39:27
6253,13,2014-04-02 16:41:38,2014-07-02 21:23:05
6032,13,2013-09-15 20:48:44,2023-01-23 23:12:22
6021,13,2013-11-29 22:22:19,2023-05-24 19:23:20
5278,13,2013-08-25 15:08:24,2014-11-23 21:05:32
5274,13,2013-08-27 15:44:59,2014-11-24 17:00:24
5265,13,2013-08-27 15:42:37,2014-11-25 16:38:34
4722,13,2013-12-16 21:36:30,2015-01-08 19:57:59
3933,13,2013-10-11 21:50:34,2015-04-15 00:07:56
3886,13,2013-08-31 22:14:08,2023-07-24 20:28:31
3863,13,2013-10-10 20:12:02,2015-04-20 02:23:25
3857,13,2014-07-22 20:21:50,2015-04-20 02:57:42
3840,13,2013-11-26 15:52:09,2015-04-20 15:33:40
3661,13,2013-12-07 21:40:21,2025-03-04 11:58:16
3476,13,2013-12-05 21:15:37,2015-05-11 14:57:57
3392,13,2015-05-21 00:01:26,2025-03-13 08:53:32
3250,13,2013-11-28 23:49:28,2015-05-31 12:35:41
3238,13,2014-07-29 15:34:40,2015-05-31 13:26:26
2824,13,2015-01-09 17:56:12,2015-07-12 23:28:39
2649,13,2015-07-27 20:47:48,2015-08-05 18:17:22
2626,13,2015-07-14 15:58:10,2015-08-06 23:06:20
2563,13,2015-04-14 12:06:00,2023-05-20 11:59:28
2394,13,2013-11-12 21:55:05,2015-08-17 15:23:17
2321,13,2014-08-09 23:22:45,2015-08-22 16:40:05
1842,13,2015-07-14 15:41:11,2015-10-06 07:27:13
1067,13,2015-01-14 16:30:13,2016-01-15 15:40:19
779,13,2015-09-17 20:45:29,2016-03-19 00:23:23
339,13,2013-12-20 17:17:27,2016-05-26 22:57:04
13670,12,2025-05-30 17:29:48,2025-07-02 19:09:29
13198,12,2025-02-07 18:08:19,2025-08-09 08:48:47
12860,12,2024-12-09 09:15:38,2025-04-14 08:27:44
12704,12,2024-11-05 21:59:40,2025-02-14 10:47:06
12624,12,2024-10-27 13:30:25,2025-07-15 11:00:11
11926,12,2024-05-28 18:43:03,2025-07-02 19:29:40
10295,12,2023-06-21 12:46:00,2024-10-04 18:55:38
9080,12,2023-01-21 00:41:12,2025-08-15 21:07:14
9027,12,2023-01-14 20:32:12,2025-07-02 09:08:04
8973,12,2023-01-11 09:54:01,2024-10-12 11:49:09
8961,12,2023-01-07 20:12:52,2025-08-16 15:49:44
8858,12,2022-12-31 23:07:04,2023-11-18 20:31:07
8532,12,2022-11-25 15:56:42,2024-10-26 12:12:16
8499,12,2022-11-19 11:37:57,2024-08-17 12:39:19
8382,12,2022-11-02 13:18:28,2025-02-26 15:25:34
8359,12,2022-11-01 20:05:03,2023-11-28 08:41:37
7469,12,2013-09-21 16:03:01,2013-11-22 16:05:05
6821,12,2013-11-21 17:08:36,2014-03-27 00:45:53
6620,12,2013-09-05 18:10:29,2025-03-18 19:10:36
6469,12,2013-10-21 14:36:52,2014-05-20 09:01:18
6310,12,2013-09-05 17:30:07,2014-06-26 23:27:31
6307,12,2013-10-11 16:49:29,2014-06-27 12:12:08
6288,12,2013-10-14 18:44:34,2025-06-02 14:42:02
6106,12,2013-12-05 21:28:13,2014-08-05 22:26:14
5885,12,2014-03-31 17:43:43,2014-09-04 15:39:01
5784,12,2013-12-07 23:53:31,2014-09-16 15:06:42
5682,12,2013-10-10 13:16:53,2014-10-07 15:30:54
5678,12,2014-01-10 17:17:01,2014-10-09 20:01:20
5593,12,2014-08-03 18:39:48,2014-10-22 17:22:16
5537,12,2013-08-25 23:04:57,2014-10-29 16:59:36
5354,12,2014-11-11 01:21:36,2014-11-13 17:18:18
5283,12,2013-09-09 16:41:42,2014-11-23 20:44:35
5280,12,2013-08-29 22:15:27,2014-11-23 20:57:19
5093,12,2013-12-19 21:26:53,2014-12-10 02:16:21
5077,12,2013-10-13 00:08:25,2014-12-11 19:09:27
4866,12,2014-07-13 22:15:54,2024-07-17 16:26:16
4864,12,2014-07-14 21:36:50,2024-07-17 16:35:20
4840,12,2014-12-28 12:41:14,2024-07-17 16:32:39
4465,12,2014-01-10 15:54:31,2015-02-06 16:04:00
4424,12,2014-08-05 15:01:27,2024-08-17 11:44:30
4183,12,2015-02-02 23:29:17,2015-03-09 14:05:55
3945,12,2013-09-15 17:17:24,2015-04-14 19:57:29
3923,12,2014-08-06 22:34:23,2015-04-15 06:02:06
3898,12,2013-08-31 22:17:20,2024-09-09 15:37:43
3897,12,2013-09-05 19:03:21,2024-09-06 21:16:16
3880,12,2015-01-30 19:53:47,2015-04-19 22:27:39
3800,12,2013-10-10 20:07:42,2015-04-21 20:16:26
3500,12,2014-03-27 13:42:01,2015-05-09 15:33:44
3229,12,2013-09-08 11:56:37,2015-05-31 22:53:14
3089,12,2015-05-10 19:45:33,2015-06-14 22:33:07
3052,12,2015-01-09 15:07:23,2015-06-23 11:36:18
2966,12,2015-04-26 03:29:46,2015-07-01 14:18:09
2895,12,2014-02-21 18:52:10,2015-07-06 11:37:20
2831,12,2014-11-10 16:39:56,2015-07-12 19:44:49
2762,12,2013-08-29 21:41:29,2023-04-04 19:37:23
2700,12,2013-11-21 14:24:40,2024-10-07 13:01:35
2685,12,2014-08-02 23:05:28,2015-08-01 23:36:03
2663,12,2015-06-02 21:03:53,2015-08-05 15:06:09
2567,12,2014-07-28 17:22:18,2015-08-08 00:04:52
2566,12,2014-08-03 22:18:31,2015-08-08 00:29:28
2152,12,2014-10-29 18:14:05,2015-09-07 21:53:31
2138,12,2014-07-15 22:52:24,2015-09-08 14:46:17
1700,12,2013-08-28 21:11:48,2015-10-19 20:16:28
1616,12,2013-08-25 20:54:47,2015-10-29 22:50:02
1224,12,2015-07-06 13:08:02,2015-12-23 21:25:21
995,12,2015-05-03 17:09:45,2016-02-23 14:36:24
891,12,2014-11-29 04:20:51,2016-03-08 10:00:45
747,12,2015-09-20 14:00:21,2016-03-22 00:38:32
600,12,2015-09-17 21:02:31,2016-04-14 22:25:10
471,12,2016-03-04 08:04:28,2016-05-09 09:16:42
13191,11,2025-02-05 10:56:34,2025-02-13 12:02:57
12482,11,2024-10-02 19:15:53,2025-08-18 15:24:51
12469,11,2024-09-30 08:21:23,2025-08-06 12:50:10
12047,11,2024-06-27 12:16:28,2024-08-13 15:34:29
11821,11,2024-04-25 07:31:34,2024-06-10 11:57:01
10965,11,2023-11-21 00:33:45,2025-06-04 13:53:08
10701,11,2023-09-18 15:25:50,2024-06-15 08:13:45
10420,11,2023-07-16 21:25:26,2025-07-05 18:14:50
9772,11,2023-03-31 09:36:42,2023-04-01 16:13:31
9483,11,2023-03-04 19:19:17,2023-03-25 17:04:06
9441,11,2023-02-23 23:27:58,2025-06-24 21:24:58
9440,11,2023-02-23 23:26:33,2025-07-05 18:10:33
9106,11,2023-01-24 09:03:12,2025-06-04 17:18:29
9096,11,2023-01-21 22:21:02,2025-05-27 13:21:21
8514,11,2022-11-24 13:47:26,2024-08-17 11:09:20
8512,11,2022-11-24 13:47:19,2024-08-17 11:20:38
8511,11,2022-11-24 13:45:38,2024-08-17 11:13:27
8486,11,2022-11-15 18:45:45,2024-04-19 15:29:04
8368,11,2022-11-01 23:21:49,2024-10-12 19:25:58
8221,11,2022-10-20 12:45:57,2023-02-15 22:07:20
8218,11,2022-10-20 12:15:11,2025-07-08 10:16:05
7881,11,2013-08-27 14:50:32,2024-10-14 17:37:17
7791,11,2013-09-05 19:11:19,2024-06-20 14:34:28
7789,11,2013-09-05 19:19:57,2023-08-09 19:56:46
7595,11,2013-09-01 21:35:38,2013-11-06 22:21:12
7465,11,2013-09-23 00:37:38,2013-11-22 16:23:48
7388,11,2013-10-11 17:23:12,2013-12-04 14:27:31
6773,11,2013-12-16 21:39:43,2014-04-05 17:17:49
6607,11,2013-10-17 20:05:18,2014-04-19 21:09:25
6463,11,2013-09-13 15:47:16,2014-05-20 10:16:17
6428,11,2013-09-13 16:14:29,2014-05-24 23:05:18
6287,11,2013-10-14 18:47:09,2025-06-02 14:45:58
6105,11,2013-12-05 21:31:32,2014-08-05 22:26:46
6104,11,2013-12-05 21:32:05,2014-08-05 22:31:20
5764,11,2014-05-15 18:17:48,2014-09-19 18:54:54
5746,11,2013-10-11 11:05:21,2014-09-27 14:51:22
5731,11,2013-10-10 00:20:06,2014-10-02 13:56:47
5679,11,2014-01-10 17:13:51,2014-10-09 20:00:19
5622,11,2013-08-30 15:33:50,2014-10-17 18:01:59
5284,11,2013-09-09 16:34:50,2014-11-23 20:40:53
5264,11,2014-04-05 02:44:07,2014-11-25 16:43:47
5182,11,2013-11-01 01:06:59,2014-12-01 13:54:48
5131,11,2013-08-31 13:50:05,2014-12-05 05:57:33
5075,11,2014-12-10 18:16:50,2024-04-19 18:01:50
4700,11,2014-09-01 22:28:44,2015-01-11 16:13:13
4699,11,2014-09-01 22:32:47,2015-01-11 16:15:13
4637,11,2013-11-24 23:23:14,2015-01-14 20:07:57
4437,11,2014-02-05 16:44:04,2015-02-07 17:05:57
4382,11,2014-10-03 16:17:27,2015-02-14 15:55:16
4111,11,2015-02-16 16:23:07,2015-03-14 22:07:19
3885,11,2013-09-05 19:23:53,2025-05-11 20:10:54
3864,11,2013-10-10 20:09:49,2015-04-20 02:21:12
3861,11,2013-10-10 20:26:12,2015-04-20 02:35:24
3860,11,2013-10-10 20:29:00,2015-04-20 02:38:12
3856,11,2014-07-22 21:51:50,2015-04-20 03:37:56
3750,11,2014-08-06 22:40:10,2015-04-23 19:18:02
3674,11,2014-01-10 15:32:37,2015-04-28 03:24:01
3345,11,2015-05-07 21:00:37,2015-05-23 13:17:57
3252,11,2013-11-19 10:35:11,2015-05-31 12:29:13
3196,11,2015-06-02 21:36:43,2015-06-04 00:19:47
3104,11,2015-06-09 21:11:31,2015-06-13 14:36:09
3084,11,2013-12-07 22:19:59,2015-06-15 17:36:24
3073,11,2013-11-16 19:46:40,2025-06-02 19:22:07
3057,11,2014-10-30 00:48:51,2015-06-21 20:13:06
2936,11,2014-04-23 15:06:55,2015-07-04 20:48:36
2843,11,2015-04-03 09:17:27,2015-07-10 12:54:09
2793,11,2013-09-13 19:21:40,2015-07-19 21:22:05
2761,11,2013-08-29 21:45:02,2023-01-07 20:41:28
2137,11,2014-07-15 22:53:25,2015-09-08 14:47:19
2057,11,2015-06-09 20:35:04,2015-09-12 15:51:57
1945,11,2015-07-22 10:09:15,2015-09-27 19:15:05
1783,11,2013-09-23 22:52:40,2015-10-12 07:25:33
1684,11,2014-09-09 02:17:18,2015-10-20 21:05:08
1399,11,2015-11-07 00:49:19,2015-11-22 16:23:14
1391,11,2015-11-07 00:14:49,2015-11-23 07:03:08
1254,11,2015-05-16 22:39:34,2015-12-19 12:58:49
954,11,2015-04-21 01:45:30,2016-03-02 12:42:10
866,11,2014-10-28 19:50:48,2016-03-09 23:36:47
728,11,2015-07-14 17:07:28,2016-03-31 10:44:53
726,11,2015-08-11 19:47:29,2016-03-31 10:51:01
704,11,2013-12-04 22:48:31,2016-04-01 22:45:35
582,11,2015-08-17 17:36:10,2016-04-30 19:46:36
467,11,2016-03-06 00:29:13,2016-05-09 09:31:01
13968,10,2025-07-22 16:44:58,2025-08-11 08:45:32
12705,10,2024-11-05 22:13:40,2025-02-14 10:47:20
12178,10,2024-07-24 13:43:29,2024-10-01 16:34:18
12037,10,2024-06-26 12:21:14,2025-04-26 19:42:24
10468,10,2023-07-26 11:42:25,2025-06-21 18:14:26
10132,10,2023-05-17 19:08:56,2025-01-01 03:15:18
9970,10,2023-04-21 12:18:58,2023-07-04 19:01:42
9693,10,2023-03-24 12:23:32,2025-01-16 16:36:06
9629,10,2023-03-20 19:56:13,2024-11-18 17:12:23
9625,10,2023-03-19 20:32:52,2024-05-09 18:15:34
9439,10,2023-02-23 23:26:24,2025-06-20 13:01:19
9404,10,2023-02-18 22:12:18,2025-03-13 08:45:51
9246,10,2023-02-04 19:05:20,2023-09-24 22:35:54
9205,10,2023-02-02 23:47:44,2025-01-07 13:19:13
8962,10,2023-01-07 20:14:55,2025-08-16 15:53:45
8957,10,2023-01-07 18:27:16,2025-08-16 15:44:15
8956,10,2023-01-07 18:27:10,2025-08-16 15:39:51
8953,10,2023-01-07 18:01:29,2025-08-16 15:25:54
8913,10,2023-01-01 20:10:35,2024-08-21 18:07:49
8824,10,2022-12-29 20:27:14,2025-08-08 16:26:04
8649,10,2022-12-16 19:09:32,2022-12-21 09:22:49
8602,10,2022-12-07 11:32:54,2022-12-10 14:40:30
8525,10,2022-11-25 15:41:51,2024-10-26 10:31:46
8524,10,2022-11-25 15:38:20,2024-10-26 10:29:20
8520,10,2022-11-25 13:56:04,2024-10-25 18:01:25
8501,10,2022-11-19 12:01:55,2024-06-15 08:18:13
8365,10,2022-11-01 23:08:10,2025-08-16 15:03:22
7945,10,2023-04-04 20:22:09,2025-08-19 21:31:13
7596,10,2013-09-13 13:28:17,2013-11-06 18:00:21
7470,10,2013-09-21 16:01:35,2013-11-22 16:03:12
7466,10,2013-09-21 16:11:10,2013-11-22 16:19:58
7133,10,2014-02-05 11:08:25,2024-08-21 19:37:42
7062,10,2013-12-05 01:10:18,2014-02-18 19:46:00
6825,10,2013-09-10 17:10:01,2014-03-24 20:54:00
6567,10,2013-12-30 15:29:20,2014-04-24 13:04:30
6560,10,2014-02-25 00:29:15,2025-03-05 16:11:58
6533,10,2013-09-06 19:29:36,2014-05-07 02:54:20
6426,10,2013-10-21 17:04:06,2014-05-24 23:12:36
6411,10,2013-10-19 23:10:19,2014-05-27 20:55:01
6381,10,2013-10-19 23:04:42,2014-06-04 23:21:43
6332,10,2013-09-15 20:26:54,2014-06-25 22:45:53
6306,10,2013-10-11 17:18:53,2014-06-27 12:16:27
6227,10,2013-12-20 00:58:49,2014-07-10 15:21:56
6162,10,2014-02-08 11:11:06,2024-10-25 17:37:09
6020,10,2013-11-29 22:25:55,2014-08-16 20:58:15
6019,10,2013-11-22 10:00:32,2014-08-16 21:02:11
6018,10,2013-11-29 22:33:08,2014-08-16 21:08:26
5757,10,2014-08-27 23:02:37,2014-09-24 14:29:41
5728,10,2013-10-10 00:28:23,2014-10-02 14:06:30
5689,10,2013-10-10 00:33:33,2014-10-07 12:48:06
5620,10,2013-12-17 23:23:11,2014-10-18 00:21:25
5304,10,2013-08-27 15:47:28,2014-11-23 16:55:10
5279,10,2013-09-09 17:07:11,2014-11-23 21:00:09
4927,10,2014-02-25 00:05:45,2024-05-24 11:40:48
4639,10,2013-11-24 23:09:58,2015-01-14 19:55:20
4317,10,2014-08-21 18:53:44,2015-02-22 16:18:37
4205,10,2014-08-05 23:14:07,2015-03-06 01:51:04
4203,10,2014-03-27 15:44:18,2015-03-06 01:57:39
4027,10,2013-10-10 20:38:22,2015-04-07 12:47:45
3879,10,2015-01-30 20:06:57,2015-04-19 22:40:50
3414,10,2014-12-24 12:37:50,2015-05-19 17:12:42
3245,10,2013-11-12 18:31:09,2015-05-31 12:52:45
2808,10,2015-02-01 10:54:05,2015-07-16 09:46:18
2752,10,2013-08-31 22:22:53,2023-07-24 20:36:30
2684,10,2014-08-02 23:09:41,2015-08-01 23:40:16
2662,10,2015-06-02 21:23:36,2015-08-05 15:25:54
2625,10,2015-07-14 15:50:42,2015-08-06 23:18:21
2576,10,2014-11-09 23:21:35,2025-01-05 18:05:58
2491,10,2015-07-28 22:39:29,2015-08-13 10:00:12
2234,10,2015-05-05 15:40:47,2015-08-29 20:54:31
2212,10,2014-08-04 21:27:54,2015-08-31 19:16:16
2136,10,2014-07-15 22:55:53,2015-09-08 14:49:47
2135,10,2014-07-15 22:57:25,2015-09-08 14:51:19
1836,10,2015-09-17 20:49:45,2015-10-06 22:08:59
1720,10,2014-09-16 15:48:03,2015-10-18 09:49:23
1681,10,2015-06-09 22:04:22,2015-10-21 23:00:20
1590,10,2012-12-14 14:34:31,2023-05-20 15:10:56
1525,10,2015-11-02 19:16:03,2015-11-04 23:04:11
1475,10,2014-10-27 21:29:35,2015-11-11 15:57:43
1474,10,2015-10-13 22:12:01,2015-11-11 22:20:20
1382,10,2015-04-18 20:48:22,2015-11-24 19:57:50
1072,10,2015-11-24 23:47:39,2016-01-14 23:00:55
708,10,2013-12-04 23:10:23,2016-04-01 22:24:53
579,10,2015-08-17 17:12:06,2016-04-30 19:53:11
414,10,2015-11-02 18:15:34,2016-05-19 23:27:40
14009,9,2025-08-08 09:05:06,2025-08-13 16:33:34
13596,9,2025-05-16 11:29:47,2025-06-18 11:41:14
13354,9,2025-03-22 13:33:54,2025-04-08 12:35:42
11959,9,2024-06-02 18:07:25,2025-03-14 12:07:28
10910,9,2023-11-12 14:11:47,2023-11-20 15:14:22
10552,9,2023-08-06 17:16:17,2025-06-16 11:51:15
10157,9,2023-05-20 23:17:16,2024-04-24 20:47:41
9838,9,2023-04-07 18:34:54,2024-07-16 11:14:46
9435,9,2023-02-23 22:44:08,2025-03-18 16:45:50
9074,9,2023-01-19 00:51:03,2024-09-10 16:54:16
8964,9,2023-01-08 16:51:25,2025-08-16 15:12:54
8959,9,2023-01-07 18:29:58,2023-04-02 19:05:09
8951,9,2023-01-07 17:47:59,2025-08-16 15:07:53
8893,9,2023-01-01 16:01:47,2024-08-25 17:32:00
7882,9,2013-08-27 14:46:37,2013-09-10 22:57:47
7157,9,2013-11-26 08:45:24,2025-06-13 15:00:17
6859,9,2013-09-06 19:24:24,2014-03-17 20:15:24
6819,9,2014-01-23 21:13:11,2014-03-27 01:01:29
6462,9,2013-10-21 17:00:53,2014-05-20 10:35:07
6363,9,2013-10-11 23:06:54,2014-06-09 12:00:04
6272,9,2013-10-21 20:06:13,2014-06-29 01:04:32
6225,9,2014-01-28 11:10:45,2014-07-10 22:36:30
6161,9,2014-02-08 11:13:13,2024-10-23 16:35:15
6109,9,2013-12-05 21:19:15,2014-08-05 22:17:31
6022,9,2013-11-29 22:18:02,2014-08-16 20:51:22
5882,9,2013-12-05 21:18:37,2014-09-04 18:05:01
5730,9,2013-10-10 00:23:30,2014-10-02 14:00:27
5729,9,2013-10-10 00:25:28,2014-10-02 14:02:11
5600,9,2014-04-23 15:04:25,2014-10-21 16:05:50
5592,9,2014-08-03 18:42:53,2014-10-22 17:25:22
5480,9,2013-10-13 20:22:13,2014-11-01 15:41:09
5303,9,2013-08-27 15:49:47,2014-11-23 16:57:32
5282,9,2013-09-09 16:45:00,2014-11-23 20:49:15
5220,9,2014-11-25 01:27:00,2014-11-28 01:14:42
5191,9,2014-01-06 22:09:45,2014-12-01 03:58:40
5181,9,2013-11-01 01:09:12,2014-12-01 13:58:12
5057,9,2014-12-12 15:18:11,2025-05-12 09:15:57
4877,9,2013-11-07 20:43:13,2014-12-28 11:13:09
4519,9,2014-08-04 15:41:41,2015-01-27 22:49:34
4518,9,2014-08-04 15:46:03,2015-01-27 22:53:55
4499,9,2015-01-30 20:19:54,2015-01-31 18:19:06
4495,9,2015-01-28 01:23:24,2015-02-01 11:19:59
4275,9,2015-02-21 02:35:51,2015-02-23 22:01:05
3955,9,2014-09-02 06:23:04,2024-08-03 17:34:14
3932,9,2013-10-11 21:52:10,2015-04-15 00:09:11
3890,9,2014-07-30 14:36:06,2015-04-18 17:45:51
3859,9,2013-10-10 20:34:28,2015-04-20 02:43:28
3748,9,2015-02-14 16:39:07,2015-04-23 20:12:10
3743,9,2015-01-21 21:54:29,2015-04-23 22:53:55
3240,9,2013-11-19 15:12:04,2015-05-31 13:09:54
3239,9,2013-11-19 15:14:43,2015-05-31 13:14:23
3054,9,2014-08-01 15:08:32,2015-06-22 18:51:28
2972,9,2014-11-10 19:58:37,2023-03-27 18:04:22
2759,9,2013-09-21 15:17:47,2023-01-12 13:36:10
2622,9,2015-07-14 16:11:58,2015-08-06 23:39:37
2568,9,2014-08-06 17:50:22,2015-08-07 23:59:39
2499,9,2015-06-09 20:46:40,2015-08-13 00:00:07
2483,9,2015-07-18 13:54:32,2015-08-13 23:05:34
2176,9,2015-06-02 21:19:21,2015-09-05 12:11:12
2126,9,2015-09-05 23:32:32,2015-09-09 17:15:44
1951,9,2015-09-11 18:04:18,2015-09-27 17:25:13
1944,9,2015-07-22 10:13:06,2015-09-27 19:18:55
1889,9,2014-12-13 16:55:58,2015-10-02 19:24:51
1835,9,2015-09-17 20:52:57,2015-10-06 22:12:12
1521,9,2015-11-02 19:28:21,2015-11-06 08:59:37
1509,9,2015-11-02 19:24:55,2015-11-06 21:51:29
1359,9,2014-07-30 14:18:44,2015-11-28 00:34:33
1251,9,2015-10-28 12:20:57,2015-12-19 13:20:47
780,9,2015-09-17 20:41:42,2016-03-19 00:19:36
574,9,2015-08-17 17:28:35,2016-04-30 20:09:40
410,9,2015-11-03 14:24:57,2016-05-19 23:41:15
13213,8,2025-02-10 22:32:48,2025-08-08 22:21:02
13193,8,2025-02-05 13:08:40,2025-08-09 08:37:01
13192,8,2025-02-05 11:02:00,2025-02-13 12:08:22
13189,8,2025-02-05 10:36:21,2025-08-09 09:16:49
12759,8,2024-11-09 17:29:47,2024-11-12 16:09:08
11930,8,2024-05-28 19:09:27,2024-10-15 11:58:26
11895,8,2024-05-16 10:21:08,2025-08-08 16:18:36
10602,8,2023-08-16 20:45:14,2023-08-22 18:33:22
10131,8,2023-05-17 19:04:38,2025-01-07 08:58:02
9620,8,2023-03-19 19:56:28,2023-11-11 18:58:32
9611,8,2023-03-19 15:57:33,2024-05-17 15:08:46
9533,8,2023-03-12 13:55:59,2025-07-24 19:09:40
9359,8,2023-02-17 09:02:20,2025-08-11 23:36:34
9341,8,2023-02-14 10:19:01,2025-08-11 23:35:12
9340,8,2023-02-14 10:08:50,2025-08-11 23:35:11
9337,8,2023-02-14 10:05:45,2025-08-11 23:36:46
9129,8,2023-01-28 16:33:20,2025-08-16 12:09:57
9002,8,2023-01-13 13:14:09,2024-10-27 13:06:39
8866,8,2022-12-31 23:35:09,2024-08-13 13:25:08
8710,8,2022-12-21 11:34:45,2025-03-05 12:34:44
8536,8,2022-11-25 16:56:30,2025-07-31 14:22:05
8527,8,2022-11-25 15:45:26,2024-10-26 10:33:50
8526,8,2022-11-25 15:43:24,2024-10-26 10:31:48
8515,8,2022-11-24 13:47:30,2024-08-15 12:29:10
8510,8,2022-11-24 13:41:31,2024-08-13 15:22:43
8490,8,2022-11-18 17:42:07,2023-07-19 17:45:40
8254,8,2022-10-21 22:39:19,2023-12-28 12:59:05
8169,8,2022-10-18 07:26:14,2025-05-30 17:50:44
8162,8,2022-10-18 06:42:43,2022-11-29 10:52:47
7747,8,2013-09-23 22:55:19,2013-10-09 14:22:35
7598,8,2013-09-13 13:22:39,2013-11-06 17:54:39
7597,8,2013-09-13 13:25:35,2013-11-06 17:57:37
7593,8,2013-09-01 21:43:52,2013-11-06 22:29:25
7045,8,2012-12-06 15:52:11,2014-02-21 23:06:00
6849,8,2013-12-20 17:12:36,2014-03-18 22:40:59
6815,8,2013-09-19 17:57:49,2014-03-27 14:10:07
6566,8,2013-12-30 15:48:44,2014-04-24 13:06:50
6527,8,2013-12-17 23:14:48,2014-05-12 12:01:29
6490,8,2013-09-23 14:05:13,2014-05-18 23:36:19
6468,8,2013-10-21 14:42:14,2014-05-20 09:07:10
6410,8,2013-11-01 15:01:28,2014-05-27 21:00:05
6409,8,2013-11-01 15:05:45,2014-05-27 21:04:23
6408,8,2013-11-01 15:09:26,2014-05-27 21:08:03
6362,8,2013-10-11 23:16:16,2014-06-09 12:08:31
6331,8,2013-09-15 20:28:23,2014-06-25 22:46:42
6256,8,2014-04-02 19:03:27,2014-07-02 20:43:27
6252,8,2014-04-02 16:45:49,2014-07-02 21:27:16
6108,8,2013-12-05 21:22:50,2014-08-05 22:20:14
6103,8,2013-12-05 21:36:39,2014-08-05 22:34:20
5844,8,2014-04-23 15:10:12,2014-09-09 01:15:09
5817,8,2013-12-17 23:19:15,2014-09-12 17:03:19
5727,8,2013-10-10 00:32:03,2014-10-02 14:10:11
5715,8,2013-08-27 21:00:39,2014-10-05 18:59:05
5706,8,2014-07-02 20:26:36,2025-08-08 17:19:57
5688,8,2014-09-04 18:45:35,2014-10-07 13:01:11
5619,8,2013-12-17 23:27:00,2014-10-18 00:25:28
5385,8,2014-08-28 21:12:25,2014-11-10 18:26:12
5305,8,2014-08-16 14:05:18,2014-11-21 17:42:19
5178,8,2013-11-01 01:19:05,2014-12-01 14:09:30
5063,8,2014-08-05 13:14:41,2014-12-12 09:41:32
5048,8,2014-12-12 15:03:49,2025-05-12 09:13:41
5010,8,2014-04-24 01:43:39,2025-06-25 20:37:04
4987,8,2014-08-07 00:28:08,2014-12-20 12:00:52
4865,8,2014-12-28 12:37:18,2024-07-17 16:28:57
4863,8,2014-12-28 12:50:08,2024-07-17 16:37:48
4737,8,2013-09-25 16:55:26,2023-11-17 00:01:58
4525,8,2014-07-14 01:16:07,2015-01-27 12:11:21
4428,8,2014-05-30 23:31:56,2015-02-07 18:10:51
4030,8,2014-11-09 23:34:39,2015-04-05 08:19:09
3839,8,2013-09-08 17:06:44,2015-04-20 17:01:35
3838,8,2013-09-08 17:07:49,2015-04-20 17:02:38
3505,8,2013-10-23 22:27:06,2015-05-08 17:09:52
3487,8,2014-12-15 20:05:56,2015-05-11 00:46:55
3242,8,2013-11-19 15:05:13,2015-05-31 13:02:34
3241,8,2013-11-19 15:07:22,2015-05-31 13:03:37
3150,8,2015-05-10 19:48:21,2015-06-08 16:57:36
3147,8,2015-05-10 19:57:24,2015-06-08 17:06:38
3145,8,2015-05-10 20:05:44,2015-06-08 17:14:58
3144,8,2015-05-10 20:08:55,2015-06-08 17:18:08
3036,8,2015-03-02 17:01:36,2015-06-23 22:19:18
2941,8,2015-06-25 23:50:02,2015-07-03 22:56:28
2151,8,2014-10-29 18:30:15,2015-09-07 21:56:28
1943,8,2015-07-22 10:16:49,2015-09-27 19:22:38
1823,8,2015-05-05 14:41:20,2015-10-07 14:30:11
1722,8,2015-10-05 21:03:10,2015-10-18 09:17:07
1679,8,2015-03-21 20:12:15,2015-10-21 23:19:20
1586,8,2015-10-13 21:59:54,2015-10-30 14:21:24
1531,8,2014-11-29 04:25:10,2015-11-03 13:45:53
1526,8,2015-11-02 19:12:23,2015-11-04 23:00:14
1524,8,2015-11-02 19:08:16,2015-11-05 16:07:02
1287,8,2015-11-07 00:37:38,2015-12-17 10:52:33
1250,8,2015-10-28 12:24:35,2015-12-19 13:24:26
1020,8,2015-08-26 00:21:00,2016-02-02 19:40:58
844,8,2015-02-16 12:11:22,2016-03-13 21:27:58
703,8,2013-12-04 22:53:02,2016-04-01 22:49:07
581,8,2015-08-21 01:51:22,2016-04-30 19:47:58
466,8,2016-03-06 00:32:40,2016-05-09 09:34:29
408,8,2015-11-03 14:31:51,2016-05-19 23:48:09
14150,7,2025-08-23 21:57:09,2025-08-23 22:36:52
13210,7,2025-02-10 12:10:23,2025-03-17 11:06:22
12819,7,2024-11-22 22:33:17,2025-02-15 10:17:05
12721,7,2024-11-06 19:28:58,2024-11-08 18:34:46
12652,7,2024-10-29 10:39:40,2025-08-11 10:04:29
12628,7,2024-10-27 14:08:16,2025-07-09 12:15:13
12625,7,2024-10-27 13:33:44,2025-07-15 11:15:14
12107,7,2024-07-16 20:32:25,2024-07-18 16:18:51
10907,7,2023-11-11 18:43:36,2023-11-17 00:01:57
10605,7,2023-08-16 23:25:53,2023-08-19 07:08:19
10422,7,2023-07-16 21:36:27,2025-06-29 11:50:53
10370,7,2023-07-05 12:48:36,2024-10-11 11:43:12
10037,7,2023-04-30 16:50:58,2024-05-09 18:12:07
9971,7,2023-04-21 12:23:47,2023-07-04 18:38:11
9886,7,2023-04-16 18:41:12,2025-06-20 13:31:18
9770,7,2023-03-31 08:03:18,2025-06-20 13:05:05
9622,7,2023-03-19 20:13:26,2023-11-18 20:59:33
9583,7,2023-03-18 13:26:10,2025-05-23 10:08:51
9380,7,2023-02-17 22:07:12,2023-04-02 18:27:32
9244,7,2023-02-04 19:00:48,2023-11-01 13:25:20
9141,7,2023-01-28 18:21:10,2025-08-16 18:50:23
9098,7,2023-01-21 22:25:02,2025-06-24 07:38:16
9082,7,2023-01-21 00:41:31,2025-08-15 21:26:00
9079,7,2023-01-21 00:40:57,2025-08-15 20:57:59
8965,7,2023-01-08 17:40:41,2025-08-17 11:15:49
8857,7,2022-12-31 22:48:53,2025-04-21 13:49:33
8713,7,2022-12-21 11:50:54,2025-07-08 16:51:26
8695,7,2022-12-21 10:11:55,2023-05-09 11:09:27
8528,7,2022-11-25 15:46:38,2024-10-26 10:35:02
8489,7,2022-11-16 12:45:04,2024-04-18 21:35:43
7879,7,2013-08-30 00:30:55,2024-09-24 07:56:55
7811,7,2013-08-29 20:38:36,2013-09-22 23:08:24
7668,7,2013-10-25 13:17:34,2023-08-22 18:40:54
7631,7,2013-10-28 13:39:15,2024-11-17 13:29:31
7565,7,2013-09-09 17:35:21,2013-11-07 17:42:37
7389,7,2013-10-11 17:42:12,2013-12-04 14:19:52
7363,7,2013-10-03 18:10:09,2013-12-09 00:00:13
7274,7,2013-12-30 15:05:20,2013-12-30 20:57:40
7189,7,2013-09-09 16:38:41,2014-01-21 14:53:48
7005,7,2013-12-01 17:48:28,2014-02-26 13:19:27
6882,7,2014-01-29 12:34:46,2025-08-21 23:40:53
6858,7,2013-09-09 18:12:37,2014-03-17 20:28:00
6857,7,2013-09-09 18:23:18,2014-03-17 20:33:51
6832,7,2013-09-06 13:40:26,2014-03-22 16:40:31
6580,7,2013-09-02 11:47:05,2014-04-21 23:18:22
6526,7,2013-12-17 23:31:03,2014-05-12 12:15:42
6483,7,2013-09-25 16:59:41,2023-11-17 00:02:02
6464,7,2013-09-13 16:04:02,2014-05-20 10:14:16
6296,7,2013-10-15 23:42:03,2025-06-02 15:30:17
6261,7,2014-04-02 16:28:13,2014-06-30 20:08:59
6129,7,2014-07-28 17:25:47,2014-08-01 13:34:39
5822,7,2013-10-11 10:23:11,2014-09-12 16:28:29
5535,7,2014-03-27 15:49:26,2014-10-29 19:11:57
5458,7,2014-10-03 16:11:39,2014-11-02 23:19:37
5427,7,2013-12-10 22:56:20,2014-11-04 21:16:33
5355,7,2014-11-11 01:14:24,2014-11-13 17:11:06
5327,7,2013-09-05 18:59:19,2024-04-24 18:32:28
5302,7,2013-08-27 15:52:56,2014-11-23 17:00:44
5194,7,2013-11-12 22:19:07,2014-11-30 19:17:39
5118,7,2014-08-07 00:31:59,2014-12-05 20:45:14
5021,7,2014-01-11 20:16:18,2014-12-18 23:41:32
4792,7,2014-05-26 22:46:25,2015-01-03 22:43:38
4790,7,2014-05-26 22:52:28,2015-01-03 22:49:47
4727,7,2014-02-06 12:38:29,2015-01-08 19:43:02
4698,7,2014-09-01 22:36:50,2015-01-11 16:19:16
4684,7,2013-12-05 14:41:57,2015-01-12 01:05:58
4679,7,2014-05-12 15:36:40,2015-01-12 02:18:45
4488,7,2014-05-19 16:56:18,2015-02-01 15:49:55
4405,7,2015-02-09 01:34:51,2023-05-20 17:58:26
4394,7,2013-11-04 21:36:17,2015-02-12 18:45:12
4312,7,2014-08-21 19:32:49,2015-02-22 16:49:16
4113,7,2015-03-13 20:10:46,2025-03-13 09:40:05
4041,7,2015-02-06 00:41:32,2015-04-01 18:38:32
3749,7,2015-02-14 16:34:29,2015-04-23 20:07:33
3721,7,2015-03-09 17:58:00,2015-04-24 23:01:09
3704,7,2015-04-24 19:59:07,2015-04-26 02:37:01
3367,7,2015-04-20 00:50:02,2015-05-21 21:28:42
3319,7,2015-05-05 12:42:58,2015-05-25 09:17:04
3148,7,2015-05-10 19:54:22,2015-06-08 17:03:36
2730,7,2014-04-16 15:54:05,2023-11-11 17:57:38
2623,7,2015-07-14 16:05:45,2015-08-06 23:33:24
2531,7,2015-07-22 10:20:21,2015-08-10 23:28:20
2449,7,2014-07-28 18:35:28,2015-08-14 22:43:37
2406,7,2015-08-16 21:03:14,2025-03-13 09:01:46
2320,7,2014-08-09 23:26:53,2015-08-22 17:18:51
2239,7,2015-05-03 21:34:34,2015-08-29 20:33:25
2219,7,2014-08-04 22:14:00,2015-08-31 18:47:05
2218,7,2014-08-04 22:18:54,2015-08-31 18:51:58
2146,7,2015-01-11 05:02:27,2015-09-08 14:04:07
2112,7,2015-02-07 20:10:25,2015-09-09 20:07:35
2052,7,2015-07-20 21:40:17,2015-09-13 20:25:58
1813,7,2015-07-31 21:58:26,2015-10-10 17:21:37
1669,7,2014-10-09 23:28:36,2015-10-24 14:31:27
1610,7,2013-08-29 20:50:28,2015-10-29 23:09:31
1585,7,2015-10-13 22:05:47,2015-10-30 14:24:55
1456,7,2015-10-15 19:21:55,2015-11-12 09:25:05
1203,7,2015-06-09 22:40:47,2015-12-28 11:20:59
1202,7,2015-09-27 21:50:25,2015-12-28 11:23:01
1177,7,2014-08-04 16:42:40,2015-12-29 07:18:21
1139,7,2015-02-25 19:14:59,2015-12-29 13:56:37
848,7,2015-01-18 21:13:39,2016-03-13 12:50:21
786,7,2014-06-14 13:41:36,2016-03-18 22:15:53
768,7,2015-10-13 17:31:55,2016-03-21 22:25:31
13,7,2013-10-11 16:45:41,2025-08-19 20:15:39
13449,6,2025-04-08 10:04:32,2025-06-29 12:29:50
13252,6,2025-02-27 14:23:23,2025-03-11 11:16:46
13190,6,2025-02-05 10:51:20,2025-08-09 06:16:24
12861,6,2024-12-16 08:42:26,2025-08-01 10:40:35
12697,6,2024-11-05 17:05:57,2025-07-08 19:53:25
12649,6,2024-10-28 17:23:59,2025-07-11 16:39:20
12627,6,2024-10-27 14:02:00,2025-07-09 12:11:45
12488,6,2024-10-02 19:49:46,2025-08-18 15:20:38
12483,6,2024-10-02 19:23:39,2025-08-18 15:29:11
12353,6,2024-08-23 11:13:11,2025-08-14 10:54:19
12255,6,2024-08-12 14:42:05,2025-06-22 09:06:39
12115,6,2024-07-17 11:34:12,2025-05-27 18:14:54
11999,6,2024-06-13 08:36:34,2024-08-17 13:32:03
11951,6,2024-05-31 18:52:47,2024-09-21 08:52:15
11946,6,2024-05-31 18:40:47,2024-07-06 06:44:24
11783,6,2024-04-19 10:44:21,2024-05-09 17:08:32
11684,6,2024-04-10 20:41:33,2025-03-16 19:00:07
10940,6,2023-11-17 15:42:10,2024-07-16 09:25:18
10920,6,2023-11-16 20:47:25,2024-10-08 22:30:14
10469,6,2023-07-26 11:43:26,2025-06-21 18:18:21
10400,6,2023-07-10 15:00:31,2024-05-13 12:47:26
10205,6,2023-05-29 12:42:45,2023-11-18 19:26:29
10092,6,2023-05-08 10:31:50,2024-11-07 12:08:07
10064,6,2023-05-06 09:40:10,2024-10-11 11:18:51
10034,6,2023-04-30 15:57:58,2025-06-04 13:48:08
9621,6,2023-03-19 20:00:39,2024-07-12 17:39:04
9614,6,2023-03-19 16:12:00,2025-07-31 16:42:56
9543,6,2023-03-13 22:24:20,2025-08-11 23:35:13
9243,6,2023-02-04 19:00:46,2023-09-26 09:29:16
9191,6,2023-01-30 19:00:01,2024-10-01 16:29:49
9113,6,2023-01-24 10:32:17,2024-08-19 10:33:58
9081,6,2023-01-21 00:41:17,2025-08-18 21:13:20
9006,6,2023-01-13 13:29:41,2023-05-10 19:43:45
8867,6,2023-01-01 00:14:09,2024-05-25 21:08:32
8823,6,2022-12-29 20:20:31,2024-10-25 18:22:04
8717,6,2022-12-21 12:10:34,2023-01-07 21:14:06
8715,6,2022-12-21 11:57:53,2025-05-14 20:48:46
8706,6,2022-12-21 11:17:03,2025-08-16 14:26:14
8561,6,2022-11-26 18:00:46,2024-10-12 14:21:29
8541,6,2022-11-25 17:43:59,2023-03-17 08:18:32
8530,6,2022-11-25 15:49:32,2024-10-26 10:38:14
8529,6,2022-11-25 15:48:54,2024-10-26 10:38:03
8516,6,2022-11-24 13:50:48,2024-08-15 12:26:39
8298,6,2022-10-24 23:26:06,2023-09-24 22:41:17
8165,6,2022-10-18 06:53:07,2024-11-04 17:59:14
8157,6,2022-10-18 06:22:36,2025-08-13 13:53:40
7600,6,2013-09-13 13:04:12,2013-11-06 17:36:03
7564,6,2013-09-09 17:39:31,2013-11-07 17:46:45
7563,6,2013-09-09 17:42:28,2013-11-07 17:49:40
7562,6,2013-09-09 17:47:01,2013-11-07 17:54:12
7561,6,2013-09-09 17:53:08,2013-11-07 18:00:17
7560,6,2013-09-09 18:18:27,2013-11-07 18:07:09
7504,6,2013-08-29 22:19:50,2013-11-18 00:25:07
7464,6,2013-09-23 00:43:51,2013-11-22 16:31:00
7408,6,2013-10-11 17:27:12,2013-11-29 09:25:14
7404,6,2013-10-11 17:46:49,2013-11-29 09:47:55
7387,6,2013-10-11 17:27:58,2013-12-04 14:56:29
7155,6,2013-12-05 22:45:01,2014-01-29 23:57:36
7137,6,2013-12-18 20:37:13,2014-02-02 22:56:38
7044,6,2013-08-27 21:49:32,2014-02-21 23:09:46
7042,6,2013-08-27 21:56:12,2014-02-21 23:16:27
6956,6,2013-10-13 20:12:48,2014-03-07 01:09:49
6856,6,2013-09-09 18:27:37,2014-03-17 20:38:10
6826,6,2013-09-10 17:52:18,2014-03-24 20:14:50
6624,6,2014-04-02 19:08:36,2014-04-16 16:21:34
6565,6,2014-01-01 17:18:20,2014-04-24 13:08:34
6506,6,2013-09-03 20:07:58,2014-05-14 02:43:37
6466,6,2013-10-21 14:52:38,2014-05-20 09:14:34
6442,6,2014-05-15 18:48:29,2014-05-20 23:42:20
6427,6,2013-10-21 16:48:33,2014-05-24 23:09:55
6358,6,2013-11-18 14:41:28,2014-06-13 23:09:53
6345,6,2013-12-06 20:49:07,2014-06-18 11:56:05
6303,6,2013-10-14 18:35:19,2025-06-02 12:05:31
6294,6,2013-10-15 23:50:09,2025-06-02 15:37:11
6222,6,2014-01-28 11:53:31,2014-07-10 22:51:15
6172,6,2014-07-22 21:55:32,2014-07-23 21:56:57
5788,6,2014-08-04 15:58:22,2014-09-15 15:39:16
5787,6,2014-08-04 16:02:56,2014-09-15 15:43:50
5777,6,2014-08-02 23:36:22,2014-09-17 14:39:59
5774,6,2014-08-04 16:16:39,2014-09-17 14:56:04
5690,6,2013-10-10 13:23:47,2014-10-07 12:35:12
5683,6,2013-10-10 13:28:23,2014-10-07 14:43:19
5566,6,2014-10-26 14:32:19,2014-10-27 14:26:37
5485,6,2014-09-09 01:51:07,2025-05-30 18:08:53
5428,6,2013-12-11 21:51:17,2014-11-04 21:12:37
5301,6,2013-08-27 15:56:09,2014-11-23 17:05:42
5299,6,2013-08-27 16:02:53,2014-11-23 17:12:32
5281,6,2013-09-09 16:49:38,2014-11-23 20:51:52
5143,6,2014-11-29 19:27:19,2014-12-04 16:46:00
5083,6,2014-11-10 17:29:33,2014-12-10 05:41:31
5074,6,2014-12-10 18:42:31,2014-12-12 07:56:05
5064,6,2014-08-05 13:11:54,2014-12-12 09:38:46
5062,6,2014-08-28 13:30:13,2014-12-12 09:46:37
5056,6,2014-12-12 18:45:45,2025-05-11 16:57:06
5051,6,2014-05-30 23:34:25,2014-12-14 18:50:35
5049,6,2014-12-12 15:00:19,2025-05-12 09:08:24
4915,6,2013-09-12 18:48:12,2014-12-24 14:33:18
4685,6,2013-08-25 15:53:54,2015-01-12 01:01:46
4641,6,2013-11-25 16:30:58,2015-01-14 19:43:42
4640,6,2013-11-25 16:34:15,2015-01-14 19:47:40
4622,6,2014-08-25 16:24:45,2015-01-15 17:25:00
4418,6,2014-11-29 16:56:44,2015-02-07 23:12:31
4400,6,2013-10-22 08:24:55,2024-06-08 10:22:27
4384,6,2014-08-05 13:04:33,2015-02-14 12:45:18
4369,6,2013-10-06 23:05:12,2025-01-13 15:19:03
4365,6,2015-02-13 00:48:03,2015-02-16 15:50:30
4322,6,2014-08-21 19:45:41,2015-02-22 16:00:51
4295,6,2014-01-13 01:48:01,2015-02-23 13:39:58
4190,6,2014-08-04 22:51:22,2015-03-07 02:54:16
4189,6,2014-08-04 22:55:25,2015-03-07 02:58:19
4188,6,2014-07-28 18:02:05,2015-03-07 03:02:28
3954,6,2013-09-15 16:47:13,2015-04-14 19:27:56
3894,6,2014-07-30 14:15:46,2015-04-18 03:05:08
3858,6,2013-09-08 12:16:55,2015-04-20 02:52:08
3815,6,2014-02-22 00:51:48,2025-08-21 20:43:18
3703,6,2015-04-24 20:00:02,2015-04-26 02:37:56
3620,6,2014-11-03 17:57:45,2015-05-02 11:50:07
3527,6,2015-05-03 14:53:31,2015-05-07 01:18:52
3518,6,2015-05-07 18:48:23,2015-05-07 19:03:22
3285,6,2013-11-05 16:13:12,2015-05-27 11:02:40
2728,6,2015-07-14 16:09:19,2015-07-26 19:19:30
2702,6,2015-07-14 15:59:54,2015-07-29 22:28:03
2694,6,2015-06-12 12:04:23,2015-07-31 22:18:40
2647,6,2015-04-23 20:38:31,2015-08-06 00:28:41
2624,6,2015-07-14 16:03:02,2015-08-06 23:30:41
2620,6,2015-07-14 16:14:28,2015-08-06 23:44:22
2575,6,2012-12-06 21:02:54,2015-08-07 20:06:08
2542,6,2015-05-07 21:06:01,2015-08-10 18:29:06
2541,6,2015-05-07 21:07:20,2015-08-10 18:30:25
2540,6,2015-05-07 21:08:43,2015-08-10 18:31:48
2490,6,2013-09-02 16:38:21,2015-08-13 10:43:41
2148,6,2015-01-09 18:33:07,2015-09-08 13:10:13
1980,6,2015-04-22 19:27:26,2015-09-22 18:05:04
1902,6,2014-12-13 17:01:14,2015-10-02 15:02:18
1834,6,2015-09-17 20:57:11,2015-10-06 22:16:25
1637,6,2015-05-07 21:04:16,2015-10-28 21:25:05
1584,6,2015-10-13 22:09:01,2015-10-30 14:28:24
1522,6,2015-03-18 00:52:29,2015-11-05 19:44:49
1223,6,2015-11-09 16:36:57,2015-12-23 22:56:25
1201,6,2015-09-27 21:53:50,2015-12-28 11:26:37
1129,6,2015-10-01 20:17:57,2016-01-02 19:27:53
1095,6,2015-08-19 23:27:36,2016-01-10 21:15:52
1051,6,2016-01-18 12:34:43,2016-01-24 16:37:42
1042,6,2015-08-07 22:24:08,2016-01-26 22:44:30
850,6,2015-11-03 12:51:03,2016-03-13 12:42:47
725,6,2015-07-28 16:13:42,2016-03-31 10:54:02
479,6,2016-03-17 23:15:10,2016-05-07 20:40:31
475,6,2016-03-17 23:29:16,2016-05-07 21:04:46
407,6,2015-11-03 14:35:48,2016-05-19 23:52:06
202,6,2017-03-11 14:19:13,2017-04-08 20:41:26
14069,5,2025-08-18 18:22:47,2025-08-18 19:44:13
13906,5,2025-07-13 21:00:56,2025-08-11 07:31:39
13276,5,2025-03-07 15:56:04,2025-06-18 21:34:04
12713,5,2024-11-05 22:27:35,2025-03-06 08:26:46
12629,5,2024-10-27 14:14:43,2025-07-09 12:21:39
12626,5,2024-10-27 13:35:30,2025-07-11 15:29:54
12400,5,2024-09-11 17:02:04,2024-09-25 12:07:28
12183,5,2024-07-29 15:06:19,2024-09-30 19:07:54
12113,5,2024-07-17 09:57:11,2024-07-18 10:59:54
12045,5,2024-06-26 13:10:52,2024-07-10 07:43:35
11954,5,2024-05-31 19:07:43,2024-09-10 07:31:52
11948,5,2024-05-31 18:46:03,2024-08-30 20:25:47
11931,5,2024-05-28 21:37:31,2025-06-13 14:41:26
11909,5,2024-05-22 17:53:53,2024-10-11 11:10:09
11839,5,2024-05-01 19:12:02,2024-05-14 11:02:05
11657,5,2024-03-28 10:53:50,2025-06-16 12:01:23
11602,5,2024-03-06 20:24:38,2024-03-20 15:26:08
11530,5,2024-02-16 13:15:58,2024-02-16 13:27:20
11312,5,2024-01-19 11:58:42,2025-06-21 15:12:35
10941,5,2023-11-17 15:44:47,2024-07-16 09:27:55
10925,5,2023-11-16 21:01:47,2024-10-11 10:36:30
10922,5,2023-11-16 20:56:31,2024-10-08 22:30:20
10905,5,2023-11-11 18:28:06,2024-07-16 09:06:35
10756,5,2023-10-05 21:59:38,2024-11-05 21:00:44
10658,5,2023-08-25 16:28:26,2025-08-06 09:16:34
10604,5,2023-08-16 23:17:05,2023-08-19 07:08:13
10603,5,2023-08-16 20:49:53,2023-08-22 18:44:46
10373,5,2023-07-05 12:56:06,2023-07-13 07:57:55
10150,5,2023-05-20 18:03:00,2024-11-05 20:49:52
10140,5,2023-05-17 19:57:55,2025-01-13 12:18:28
10128,5,2023-05-17 19:04:33,2024-06-10 13:51:30
9731,5,2023-03-27 14:51:46,2025-06-20 13:20:19
9480,5,2023-03-04 10:23:02,2025-08-15 21:25:56
9461,5,2023-03-01 21:32:04,2025-03-18 16:25:19
9456,5,2023-03-01 10:05:29,2025-06-24 21:51:50
9371,5,2023-02-17 12:08:25,2025-08-12 20:30:41
9365,5,2023-02-17 09:24:16,2025-08-11 23:30:00
9360,5,2023-02-17 09:12:43,2024-01-20 19:25:19
9247,5,2023-02-04 19:14:29,2024-04-21 15:47:50
9137,5,2023-01-28 17:18:44,2024-10-11 11:22:27
9135,5,2023-01-28 16:55:46,2023-08-05 13:42:23
9127,5,2023-01-28 16:33:06,2024-04-24 20:42:52
9003,5,2023-01-13 13:21:12,2024-10-25 18:01:52
8939,5,2023-01-07 16:21:18,2025-08-16 14:57:16
8864,5,2022-12-31 23:30:37,2025-05-30 18:50:01
8862,5,2022-12-31 23:20:46,2025-05-30 19:08:54
8626,5,2022-12-09 12:07:26,2025-05-11 20:26:09
8567,5,2022-11-27 03:47:33,2023-04-17 20:04:44
8513,5,2022-11-24 13:47:20,2024-08-13 15:18:29
8509,5,2022-11-24 13:41:29,2024-08-13 15:18:52
8508,5,2022-11-24 13:41:20,2024-08-13 15:18:32
8506,5,2022-11-24 13:36:31,2024-07-09 16:28:25
8476,5,2022-11-14 23:11:34,2025-03-19 14:17:00
8364,5,2022-11-01 23:04:13,2023-04-04 19:26:26
8360,5,2022-11-01 20:11:40,2022-11-28 08:57:48
8222,5,2022-10-20 23:21:26,2023-03-26 16:50:46
7788,5,2013-09-05 19:27:38,2025-07-03 18:18:42
7746,5,2013-09-23 14:55:55,2013-10-10 11:23:38
7503,5,2013-09-09 16:52:28,2013-11-18 01:13:12
7479,5,2013-11-15 10:15:15,2013-11-22 10:04:09
7478,5,2013-11-15 10:19:36,2013-11-22 10:12:32
7463,5,2013-09-21 15:48:56,2013-11-22 16:32:36
7306,5,2013-10-25 15:20:00,2025-06-11 11:43:41
7090,5,2013-10-24 16:41:31,2014-02-16 17:32:45
7043,5,2013-08-27 21:52:41,2014-02-21 23:12:56
6998,5,2014-01-01 17:15:10,2014-03-01 22:56:03
6879,5,2014-02-09 23:10:55,2014-03-13 21:39:44
6561,5,2014-02-25 00:22:50,2024-05-14 08:45:25
6536,5,2013-12-17 23:33:26,2014-05-01 15:33:29
6528,5,2013-10-21 16:43:49,2014-05-11 22:47:42
6470,5,2013-09-13 15:59:48,2014-05-20 08:42:13
6467,5,2013-10-21 14:46:28,2014-05-20 09:11:24
6465,5,2013-10-21 14:55:17,2014-05-20 09:17:12
6457,5,2013-10-11 11:13:45,2014-05-20 15:51:11
6456,5,2013-10-11 11:17:03,2014-05-20 15:55:48
6407,5,2013-11-01 15:18:33,2014-05-27 21:12:41
6406,5,2013-11-01 15:22:31,2014-05-27 21:16:39
6293,5,2013-10-15 23:52:23,2025-06-02 15:40:44
6283,5,2013-10-21 20:11:55,2014-06-29 00:27:08
6197,5,2014-04-16 13:53:33,2023-11-11 17:31:18
6186,5,2014-02-03 11:34:20,2014-07-21 00:56:07
6157,5,2014-05-11 20:29:10,2023-11-12 12:34:07
6127,5,2014-07-28 17:40:56,2014-08-01 13:43:00
6102,5,2013-12-05 21:39:39,2014-08-05 22:35:20
6101,5,2013-12-05 21:40:39,2014-08-05 22:41:58
6027,5,2014-08-07 00:21:42,2014-08-16 19:59:23
6026,5,2014-08-07 00:35:43,2014-08-16 20:15:01
5960,5,2014-08-16 14:01:55,2014-08-24 19:04:18
5900,5,2014-01-27 18:26:27,2024-11-04 17:56:04
5786,5,2014-08-04 16:07:24,2014-09-15 15:47:14
5714,5,2013-08-27 21:03:13,2014-10-05 19:23:36
5711,5,2013-09-23 15:28:04,2014-10-05 19:40:24
5685,5,2013-10-10 13:34:07,2014-10-07 13:33:04
5661,5,2014-05-19 17:02:39,2014-10-10 15:41:21
5534,5,2014-08-16 14:21:07,2014-10-29 19:42:09
5533,5,2014-08-16 14:23:43,2014-10-29 19:43:40
5520,5,2014-09-09 01:45:29,2025-05-30 18:03:08
5519,5,2014-09-09 01:47:52,2025-05-30 18:05:31
5478,5,2013-10-19 20:45:17,2014-11-01 15:48:16
5384,5,2014-08-28 21:16:51,2014-11-10 18:31:49
5383,5,2014-08-28 21:34:55,2014-11-10 18:39:09
5364,5,2014-11-11 01:29:48,2014-11-13 16:34:22
5267,5,2013-09-09 22:37:33,2014-11-25 16:31:19
5253,5,2013-09-08 17:20:06,2014-11-27 16:06:09
5252,5,2013-09-08 17:21:15,2014-11-27 16:07:21
5251,5,2013-09-08 17:24:15,2014-11-27 16:10:21
5192,5,2014-01-06 22:27:06,2014-12-01 03:30:23
5144,5,2014-08-10 00:44:49,2014-12-03 21:56:23
5078,5,2013-11-12 21:50:16,2014-12-11 17:16:57
5065,5,2014-08-05 13:08:19,2014-12-12 09:35:17
5041,5,2014-11-29 04:28:54,2014-12-15 01:38:30
5020,5,2014-01-11 20:23:13,2014-12-18 23:45:02
4875,5,2014-12-24 11:01:30,2014-12-28 11:46:05
4768,5,2014-12-28 10:24:48,2015-01-04 02:26:15
4718,5,2013-11-24 23:56:41,2015-01-09 16:51:41
4677,5,2013-08-25 15:57:42,2015-01-12 02:27:41
4658,5,2015-01-11 20:29:53,2015-01-12 17:44:31
4474,5,2015-01-30 20:48:41,2015-02-05 02:11:13
4455,5,2014-11-10 20:52:31,2024-05-27 12:29:37
4345,5,2014-08-25 16:59:33,2015-02-17 21:28:27
4310,5,2014-08-21 19:40:32,2015-02-22 16:56:58
4285,5,2015-02-23 12:11:49,2023-05-06 09:26:47
4237,5,2015-03-01 17:00:29,2015-03-02 16:31:47
4216,5,2015-03-03 12:49:39,2015-03-05 16:15:09
4184,5,2014-07-28 18:22:45,2015-03-07 03:18:00
3921,5,2014-08-06 22:47:41,2015-04-15 07:12:16
3903,5,2015-04-15 06:14:35,2015-04-17 00:58:17
3755,5,2015-04-22 20:14:33,2025-01-17 10:18:02
3706,5,2015-04-24 20:06:06,2015-04-26 02:28:39
3696,5,2014-11-25 10:54:33,2015-04-27 16:32:25
3695,5,2015-04-27 14:54:24,2015-04-27 16:38:27
3600,5,2014-11-28 04:05:37,2015-05-04 19:20:01
3499,5,2015-05-03 17:23:35,2015-05-09 21:24:21
3283,5,2013-11-05 16:24:12,2015-05-27 11:13:41
3233,5,2015-05-04 19:52:01,2015-05-31 22:31:30
3122,5,2015-06-10 11:31:14,2015-06-12 14:03:58
3121,5,2015-06-10 11:33:52,2015-06-12 14:06:37
3091,5,2015-05-10 19:36:20,2015-06-14 22:23:54
2986,5,2015-06-25 23:54:53,2015-06-26 22:24:38
2767,5,2015-05-19 20:11:08,2015-07-24 13:38:59
2698,5,2015-02-19 16:48:25,2015-07-31 12:01:38
2661,5,2015-06-02 21:29:00,2015-08-05 15:31:18
2621,5,2015-07-18 20:22:53,2015-08-06 23:41:49
2530,5,2015-07-22 10:23:40,2015-08-10 23:31:39
2281,5,2014-10-02 16:32:48,2015-08-24 17:06:49
2129,5,2015-09-05 23:27:27,2015-09-09 17:06:46
1997,5,2015-02-28 22:03:25,2015-09-20 10:48:25
1979,5,2015-06-19 19:12:20,2015-09-22 18:09:13
1884,5,2015-09-29 21:39:20,2015-10-03 19:53:01
1833,5,2015-09-17 21:01:19,2015-10-06 22:20:34
1686,5,2015-01-11 20:40:02,2015-10-20 16:52:26
1676,5,2015-09-17 21:27:27,2015-10-22 09:12:58
1650,5,2015-10-27 11:12:16,2025-01-11 18:48:33
1582,5,2015-10-15 21:02:04,2015-10-30 14:40:42
1581,5,2015-10-15 21:06:42,2015-10-30 14:44:57
1580,5,2015-10-15 21:09:04,2015-10-30 14:48:09
1579,5,2015-10-15 21:14:38,2015-10-30 14:53:02
1578,5,2015-10-15 21:18:29,2015-10-30 14:58:02
1216,5,2015-09-20 16:42:09,2015-12-27 11:07:51
1173,5,2014-08-04 17:13:29,2015-12-29 09:18:55
1168,5,2014-08-04 17:40:37,2015-12-29 09:39:07
1134,5,2014-08-04 17:05:14,2015-12-30 15:49:18
1106,5,2015-09-12 11:43:08,2016-01-07 23:43:10
1077,5,2015-11-24 23:51:07,2016-01-14 22:35:17
1031,5,2015-04-16 17:01:57,2016-01-27 21:21:36
849,5,2015-11-03 13:06:44,2016-03-13 12:46:41
828,5,2015-05-31 14:54:28,2016-03-14 13:02:52
791,5,2014-06-14 13:56:08,2016-03-18 21:51:26
406,5,2015-11-03 14:39:23,2016-05-19 23:55:40
14103,4,2025-08-21 23:11:49,2025-08-21 23:20:42
13989,4,2025-08-06 08:50:44,2025-08-11 09:30:26
13777,4,2025-06-19 07:43:38,2025-07-02 18:12:59
13754,4,2025-06-13 19:50:08,2025-07-05 18:03:38
13711,4,2025-06-04 13:55:04,2025-08-08 22:09:15
13633,4,2025-05-26 17:56:20,2025-05-29 16:19:03
13441,4,2025-04-03 17:55:25,2025-04-18 22:30:05
13364,4,2025-03-23 12:17:54,2025-03-28 21:41:04
13200,4,2025-02-07 20:28:55,2025-02-26 15:40:30
13197,4,2025-02-07 18:02:37,2025-08-09 08:43:04
13129,4,2025-01-19 10:50:30,2025-05-11 17:19:53
12929,4,2024-12-27 14:54:47,2025-08-18 17:22:31
12818,4,2024-11-22 22:30:41,2024-11-23 23:09:50
12785,4,2024-11-13 12:36:02,2024-11-13 19:57:29
12707,4,2024-11-05 22:19:18,2024-11-10 19:01:38
12634,4,2024-10-27 20:11:02,2025-07-11 15:29:55
12602,4,2024-10-23 14:14:18,2024-10-23 16:35:29
12535,4,2024-10-09 17:21:11,2024-11-14 08:11:33
12478,4,2024-10-02 19:05:56,2025-08-18 15:46:28
12435,4,2024-09-22 10:16:31,2024-09-22 11:11:49
12368,4,2024-08-27 23:19:40,2024-09-09 15:34:55
12180,4,2024-07-24 13:47:02,2024-08-12 09:09:50
12138,4,2024-07-19 10:16:05,2024-09-30 15:36:32
12004,4,2024-06-13 14:27:27,2025-06-02 10:29:34
11963,4,2024-06-02 18:47:58,2024-06-04 06:08:32
11953,4,2024-05-31 19:03:50,2024-06-08 21:49:49
11927,4,2024-05-28 18:44:25,2025-06-11 17:04:32
11889,4,2024-05-16 07:42:24,2025-08-08 16:22:36
11846,4,2024-05-07 12:14:29,2024-08-21 19:33:05
11840,4,2024-05-01 19:15:15,2024-07-07 10:53:14
10921,4,2023-11-16 20:52:19,2024-10-08 22:30:16
10909,4,2023-11-11 23:05:00,2023-11-17 00:01:54
10908,4,2023-11-11 18:58:28,2023-11-17 17:57:58
10895,4,2023-11-10 19:15:28,2023-11-11 17:36:12
10894,4,2023-11-10 18:08:56,2023-11-28 09:02:14
10541,4,2023-08-05 14:10:09,2024-01-12 20:04:49
10502,4,2023-07-30 20:48:30,2023-08-13 18:25:22
10378,4,2023-07-05 13:09:53,2025-06-02 11:56:09
10372,4,2023-07-05 12:53:06,2023-07-13 07:15:13
10213,4,2023-05-30 11:30:57,2024-05-08 11:03:37
10207,4,2023-05-29 13:15:59,2023-11-18 20:55:57
10198,4,2023-05-26 07:44:28,2025-03-16 19:08:59
10139,4,2023-05-17 19:39:18,2025-01-07 13:28:57
10138,4,2023-05-17 19:35:42,2025-01-12 16:26:08
10135,4,2023-05-17 19:22:01,2025-01-07 13:14:53
10134,4,2023-05-17 19:17:26,2024-06-17 12:21:57
10112,4,2023-05-10 22:24:23,2023-10-06 13:01:09
10094,4,2023-05-08 10:38:46,2024-11-07 13:34:53
10091,4,2023-05-07 23:11:55,2024-11-07 12:04:42
10068,4,2023-05-06 09:55:41,2023-08-05 13:29:54
9888,4,2023-04-16 18:45:53,2025-06-20 13:40:44
9884,4,2023-04-16 18:37:05,2025-06-20 13:13:26
9833,4,2023-04-07 15:42:26,2025-03-05 12:05:17
9784,4,2023-04-01 20:30:33,2025-04-21 14:10:54
9637,4,2023-03-21 21:02:13,2023-05-23 20:45:06
9582,4,2023-03-18 13:15:49,2025-05-23 10:05:20
9364,4,2023-02-17 09:24:13,2025-04-15 21:11:06
9339,4,2023-02-14 10:05:49,2025-08-11 23:32:09
9338,4,2023-02-14 10:05:46,2025-08-11 23:35:14
9315,4,2023-02-13 23:45:08,2023-10-26 17:06:51
9253,4,2023-02-05 23:37:44,2023-02-06 11:47:03
9189,4,2023-01-30 15:39:42,2024-10-02 18:43:50
9128,4,2023-01-28 16:33:08,2024-04-24 20:59:24
9094,4,2023-01-21 22:11:07,2025-05-27 13:14:34
9056,4,2023-01-18 22:55:26,2023-03-28 20:52:54
9042,4,2023-01-15 22:26:13,2024-10-28 23:14:10
9030,4,2023-01-14 20:40:27,2024-08-19 09:54:44
9028,4,2023-01-14 20:34:52,2024-08-19 09:49:06
9026,4,2023-01-14 20:29:12,2024-08-19 09:43:26
9025,4,2023-01-14 20:27:08,2024-08-19 09:41:22
9009,4,2023-01-13 13:49:36,2023-05-10 19:53:23
9005,4,2023-01-13 13:24:54,2023-05-10 19:40:19
8938,4,2023-01-06 17:01:34,2023-08-26 17:21:42
8870,4,2023-01-01 00:50:47,2025-07-08 16:44:10
8846,4,2022-12-31 20:50:23,2023-11-10 13:57:52
8840,4,2022-12-31 20:17:13,2023-10-05 22:55:19
8832,4,2022-12-31 16:31:12,2024-07-16 08:39:27
8699,4,2022-12-21 10:24:49,2023-06-22 13:27:00
8637,4,2022-12-12 18:35:19,2025-07-31 15:05:47
8628,4,2022-12-09 18:27:59,2022-12-18 11:44:40
8605,4,2022-12-09 09:54:44,2022-12-10 15:06:54
8587,4,2022-12-01 11:58:23,2022-12-03 19:34:19
8571,4,2022-11-27 17:31:50,2025-02-26 11:25:20
8564,4,2022-11-26 19:52:58,2023-08-26 17:01:47
8562,4,2022-11-26 18:00:50,2023-09-15 21:37:16
8557,4,2022-11-26 15:50:27,2024-06-22 10:17:47
8521,4,2022-11-25 14:26:36,2024-10-23 11:45:41
8482,4,2022-11-15 18:17:22,2023-03-26 15:16:19
8226,4,2022-10-21 09:37:48,2024-04-19 17:41:09
8170,4,2022-10-18 07:29:47,2025-06-02 19:18:05
8073,4,2012-12-05 18:38:48,2012-12-12 19:31:35
7826,4,2013-08-25 15:44:36,2013-09-17 17:18:16
7790,4,2013-09-05 19:14:44,2023-07-25 19:54:56
7787,4,2013-09-05 19:31:11,2023-07-25 20:09:37
7762,4,2013-09-02 00:21:43,2013-10-07 17:01:37
7552,4,2013-10-22 07:26:21,2013-11-08 14:04:37
7458,4,2013-11-16 22:13:42,2013-11-24 02:15:48
7406,4,2013-10-11 17:40:21,2013-11-29 09:39:30
7391,4,2013-10-11 17:57:51,2013-12-04 13:16:30
7390,4,2013-10-11 17:35:38,2013-12-04 13:54:08
7320,4,2013-10-04 15:30:24,2013-12-13 08:34:18
7311,4,2013-09-27 08:43:45,2013-12-16 14:25:10
7310,4,2013-09-27 08:48:24,2013-12-16 14:29:45
7309,4,2013-09-27 08:53:04,2013-12-16 14:34:24
7216,4,2013-09-21 23:29:32,2014-01-15 20:10:12
7156,4,2013-11-26 12:00:22,2025-06-11 21:40:05
7146,4,2013-11-01 15:13:50,2014-02-01 00:29:03
7088,4,2013-10-23 22:32:00,2014-02-16 17:59:38
7061,4,2013-12-10 15:31:10,2014-02-18 19:58:44
7041,4,2013-08-27 21:59:18,2014-02-21 23:19:34
7038,4,2013-08-27 22:07:42,2014-02-21 23:27:59
7020,4,2014-02-13 14:37:36,2014-02-23 17:16:14
7003,4,2013-12-01 17:55:57,2014-02-26 13:26:57
7002,4,2013-12-01 18:00:54,2014-02-26 13:31:53
7000,4,2014-01-11 20:32:03,2014-02-26 14:03:30
6999,4,2014-01-11 20:36:51,2014-02-26 14:08:20
6804,4,2013-09-27 07:31:52,2014-03-29 16:25:06
6803,4,2013-09-27 07:35:25,2014-03-29 16:28:39
6737,4,2013-09-10 21:07:07,2014-04-11 23:06:35
6713,4,2013-09-08 12:21:51,2014-04-13 22:55:44
6712,4,2013-09-08 12:26:08,2014-04-13 23:00:01
6711,4,2013-09-08 12:34:25,2014-04-13 23:08:20
6710,4,2013-09-08 12:38:27,2014-04-13 23:12:23
6695,4,2014-04-09 12:22:22,2014-04-14 16:06:19
6592,4,2013-09-08 14:52:37,2014-04-20 22:09:23
6591,4,2013-09-08 14:55:59,2014-04-20 22:12:45
6590,4,2013-09-08 14:58:56,2014-04-20 22:15:42
6589,4,2013-09-08 15:01:56,2014-04-20 22:18:42
6588,4,2013-09-08 15:06:02,2014-04-20 22:22:48
6587,4,2013-09-08 15:10:07,2014-04-20 22:26:54
6586,4,2013-09-08 15:13:08,2014-04-20 22:29:55
6531,4,2014-05-11 19:59:12,2023-11-12 12:12:40
6525,4,2013-09-03 20:13:38,2014-05-12 22:24:58
6487,4,2013-09-25 16:45:41,2014-05-18 23:49:40
6486,4,2013-09-25 16:47:20,2014-05-18 23:51:20
6477,4,2014-01-10 13:56:21,2014-05-19 11:30:44
6474,4,2013-10-21 14:49:29,2014-05-20 08:20:41
6471,4,2013-10-21 16:22:51,2014-05-20 08:37:17
6445,4,2014-05-19 17:22:08,2014-05-20 22:57:46
6405,4,2013-11-04 20:51:03,2014-05-27 21:21:42
6404,4,2013-11-04 20:56:23,2014-05-27 21:27:01
6379,4,2014-01-17 14:40:52,2014-06-05 10:57:47
6308,4,2013-10-08 14:15:28,2014-06-27 10:47:29
6233,4,2013-08-28 21:20:37,2014-07-09 00:55:24
6226,4,2014-01-10 14:00:22,2014-07-10 21:21:45
6199,4,2014-01-10 15:45:21,2014-07-18 22:15:18
6179,4,2014-07-22 23:27:17,2014-07-23 11:07:42
6128,4,2014-07-28 17:34:38,2014-08-01 13:38:57
6110,4,2013-12-05 21:08:06,2014-08-05 22:04:11
6028,4,2014-08-07 00:17:52,2014-08-16 19:55:33
5969,4,2014-01-27 19:48:10,2014-08-21 00:28:20
5872,4,2014-08-09 23:32:39,2014-09-06 22:54:58
5858,4,2013-11-04 21:23:58,2014-09-07 22:38:03
5845,4,2014-01-06 22:22:05,2014-09-08 21:47:39
5820,4,2014-03-11 18:34:54,2014-09-12 16:37:19
5795,4,2014-08-04 16:20:58,2014-09-14 21:36:16
5794,4,2014-08-04 16:24:01,2014-09-14 21:39:19
5649,4,2014-01-11 01:00:52,2014-10-13 10:22:45
5633,4,2014-08-03 18:53:02,2014-10-17 16:53:00
5547,4,2014-03-11 18:48:15,2014-10-28 21:03:42
5476,4,2013-10-19 20:53:58,2014-11-01 15:56:09
5459,4,2014-10-20 13:37:47,2014-11-02 23:16:32
5423,4,2013-12-11 22:09:32,2014-11-04 21:29:53
5361,4,2014-11-11 12:34:49,2014-11-13 16:48:11
5357,4,2013-09-09 20:18:03,2014-11-13 17:04:28
5346,4,2014-10-27 21:40:16,2014-11-14 19:37:10
5294,4,2013-09-09 22:23:43,2014-11-23 17:30:41
5287,4,2014-06-04 20:14:59,2014-11-23 19:48:58
5240,4,2013-11-28 22:35:46,2014-11-27 22:25:31
5238,4,2013-11-28 22:39:55,2014-11-27 22:29:44
5161,4,2014-11-29 19:40:23,2014-12-01 20:24:07
5103,4,2013-11-01 01:32:21,2014-12-10 01:35:09
5100,4,2014-08-25 18:48:52,2014-12-10 01:50:58
5047,4,2014-12-14 19:17:43,2025-05-12 09:18:34
5040,4,2014-11-29 16:44:51,2014-12-15 01:46:09
4999,4,2014-10-29 18:37:21,2014-12-19 08:49:25
4998,4,2014-10-29 18:41:26,2014-12-19 08:53:32
4990,4,2014-12-19 11:32:22,2023-08-24 09:31:11
4971,4,2014-12-18 22:18:47,2014-12-21 11:57:55
4889,4,2013-11-04 21:40:43,2014-12-26 12:39:42
4867,4,2014-07-13 22:11:49,2014-12-28 13:45:58
4858,4,2014-12-28 13:02:44,2023-06-01 18:51:43
4789,4,2014-07-02 15:05:23,2015-01-03 22:53:52
4778,4,2014-05-07 02:49:47,2015-01-04 00:07:05
4733,4,2014-08-25 19:45:55,2015-01-08 17:31:15
4697,4,2014-09-01 22:44:49,2015-01-11 16:23:19
4696,4,2014-09-01 22:52:08,2015-01-11 16:24:39
4663,4,2015-01-11 20:45:26,2015-01-12 14:29:27
4540,4,2014-12-15 02:08:23,2015-01-25 18:33:51
4402,4,2015-01-13 20:44:39,2015-02-09 22:42:18
4392,4,2013-11-04 21:57:41,2015-02-12 18:52:26
4391,4,2013-11-04 21:48:48,2015-02-12 19:04:27
4286,4,2015-02-23 12:04:13,2015-02-23 14:44:40
4187,4,2014-08-04 23:03:32,2015-03-07 03:06:25
4179,4,2015-02-20 01:39:13,2015-03-09 23:08:01
4157,4,2014-05-31 12:49:03,2015-03-11 02:23:20
4127,4,2015-03-01 16:57:22,2015-03-12 15:03:24
4029,4,2014-11-11 13:13:47,2015-04-05 08:24:06
4016,4,2015-02-14 16:56:18,2015-04-09 15:37:06
4008,4,2015-03-11 17:11:54,2015-04-10 21:25:20
3944,4,2013-08-31 12:27:23,2015-04-14 19:59:14
3883,4,2015-01-30 21:41:19,2015-04-19 22:12:56
3882,4,2015-01-30 21:45:39,2015-04-19 22:17:19
3824,4,2013-09-23 15:39:59,2015-04-20 17:46:46
3813,4,2014-02-22 01:03:50,2025-08-21 20:57:02
3744,4,2015-02-14 16:44:24,2015-04-23 20:43:47
3719,4,2015-04-24 20:11:21,2015-04-24 23:22:50
3718,4,2015-04-24 20:12:35,2015-04-24 23:24:03
3717,4,2015-04-24 20:13:47,2015-04-24 23:25:16
3716,4,2015-04-24 20:20:15,2015-04-24 23:31:44
3715,4,2015-04-24 20:27:40,2015-04-24 23:39:08
3714,4,2015-04-24 20:33:09,2015-04-24 23:44:37
3713,4,2015-04-24 20:35:26,2015-04-24 23:46:55
3712,4,2015-04-24 20:39:23,2015-04-24 23:50:51
3711,4,2015-04-24 20:44:30,2015-04-25 01:47:57
3469,4,2015-05-06 00:15:32,2015-05-12 20:15:27
3351,4,2015-05-10 20:12:20,2015-05-22 14:06:46
3315,4,2015-05-22 00:00:38,2015-05-25 10:53:29
3237,4,2015-05-05 19:49:21,2015-05-31 13:57:05
3161,4,2015-06-03 19:31:16,2015-06-06 10:35:49
3060,4,2015-04-21 15:55:30,2015-06-21 08:36:18
3024,4,2014-03-04 16:14:49,2015-06-24 21:30:50
2994,4,2013-08-27 17:24:44,2015-06-26 11:45:00
2829,4,2014-11-10 17:17:38,2015-07-12 19:56:01
2828,4,2014-11-10 17:22:36,2015-07-12 20:00:59
2782,4,2015-06-09 20:21:49,2015-07-22 22:53:29
2756,4,2014-12-29 16:38:59,2015-07-25 19:06:24
2660,4,2015-06-02 21:33:01,2015-08-05 15:35:19
2632,4,2015-08-01 01:00:44,2022-10-18 06:26:40
2217,4,2014-08-04 22:21:33,2015-08-31 18:54:36
2160,4,2015-08-26 19:02:02,2015-09-06 14:59:27
2128,4,2015-09-04 10:59:20,2015-09-09 17:11:06
2125,4,2015-09-05 23:58:29,2015-09-09 17:19:39
2051,4,2014-08-28 00:41:33,2015-09-13 21:20:41
2021,4,2015-06-19 18:56:03,2015-09-16 18:29:48
2014,4,2015-08-13 00:48:06,2015-09-17 19:38:13
2002,4,2015-02-28 21:27:47,2015-09-19 21:04:25
1996,4,2015-04-18 20:56:02,2015-09-20 10:52:20
1908,4,2015-09-29 21:51:25,2015-10-02 12:02:56
1837,4,2015-09-17 20:38:52,2015-10-06 21:58:07
1820,4,2015-10-05 20:57:18,2015-10-08 22:40:15
1733,4,2014-08-12 02:10:18,2015-10-16 23:54:30
1726,4,2015-10-13 22:16:13,2015-10-18 07:50:32
1725,4,2015-10-13 22:18:17,2015-10-18 07:54:28
1724,4,2015-10-13 22:24:03,2015-10-18 07:58:54
1723,4,2015-10-13 22:27:09,2015-10-18 08:02:35
1706,4,2014-09-16 16:25:53,2015-10-18 18:13:02
1575,4,2015-10-30 13:55:16,2015-10-30 15:10:56
1567,4,2015-10-27 10:08:12,2015-10-31 00:48:05
1566,4,2015-10-28 12:27:37,2015-10-31 10:45:32
1565,4,2015-10-28 12:02:13,2015-10-31 10:51:51
1519,4,2015-11-02 19:35:17,2015-11-06 09:06:33
1504,4,2015-03-20 19:25:19,2023-05-19 12:52:40
1459,4,2015-10-15 19:12:01,2015-11-12 09:14:09
1455,4,2015-10-15 19:25:54,2015-11-12 09:27:51
1401,4,2015-10-05 20:56:06,2015-11-22 15:44:16
1252,4,2015-10-28 12:17:54,2015-12-19 13:17:31
1249,4,2015-10-28 12:31:21,2015-12-19 13:26:59
1248,4,2015-07-06 13:20:02,2015-12-20 20:37:28
1231,4,2015-07-06 13:14:25,2015-12-22 19:15:11
1204,4,2015-03-21 00:05:52,2015-12-28 10:58:32
1167,4,2014-08-04 17:45:04,2015-12-29 09:43:11
1137,4,2015-04-16 18:28:36,2015-12-29 14:04:51
1128,4,2015-11-03 12:55:38,2016-01-04 22:12:53
1076,4,2015-11-24 23:54:35,2016-01-14 22:38:47
1056,4,2016-01-18 12:44:07,2016-01-21 15:26:14
1040,4,2015-12-20 21:03:24,2016-01-26 22:55:41
1019,4,2015-08-26 00:25:34,2016-02-02 19:45:19
767,4,2015-10-13 17:45:22,2016-03-21 22:34:54
616,4,2015-08-25 19:46:42,2016-04-12 23:03:33
472,4,2016-03-09 14:35:43,2016-05-09 09:12:36
236,4,2014-01-13 00:42:37,2017-03-11 12:30:31
14151,3,2025-08-23 22:03:46,2025-08-23 22:39:03
14112,3,2025-08-22 19:50:57,2025-08-22 21:01:00
14025,3,2025-08-08 18:46:30,2025-08-08 22:11:12
14003,3,2025-08-06 23:41:01,2025-08-07 13:50:15
14002,3,2025-08-06 23:36:20,2025-08-07 12:28:01
14001,3,2025-08-06 23:32:34,2025-08-07 12:24:15
14000,3,2025-08-06 23:27:30,2025-08-07 12:19:11
13869,3,2025-07-07 11:57:49,2025-07-07 12:10:55
13775,3,2025-06-17 17:36:00,2025-06-19 22:52:01
13682,3,2025-06-02 10:40:40,2025-07-03 18:13:25
13673,3,2025-05-30 17:55:41,2025-06-10 20:18:29
13669,3,2025-05-30 17:26:42,2025-06-02 11:39:51
13586,3,2025-05-14 20:15:10,2025-05-15 12:51:27
13451,3,2025-04-09 11:20:20,2025-04-12 23:41:42
13288,3,2025-03-10 20:33:53,2025-06-08 19:16:26
13216,3,2025-02-11 12:59:37,2025-02-14 15:49:22
13043,3,2025-01-11 18:53:46,2025-02-08 12:39:20
13041,3,2025-01-11 18:31:22,2025-01-13 15:10:09
12935,3,2024-12-29 12:10:27,2025-02-15 10:34:17
12928,3,2024-12-27 14:50:52,2024-12-27 14:56:13
12901,3,2024-12-22 21:31:50,2024-12-22 21:34:39
12823,3,2024-11-28 01:42:30,2025-07-08 07:58:22
12718,3,2024-11-05 23:01:36,2024-11-06 19:19:47
12708,3,2024-11-05 22:22:28,2024-11-10 19:38:03
12685,3,2024-11-03 18:35:29,2025-04-04 10:08:06
12651,3,2024-10-29 10:36:19,2025-05-14 12:32:06
12631,3,2024-10-27 14:18:13,2025-07-09 13:16:42
12630,3,2024-10-27 14:17:51,2025-07-09 12:24:47
12511,3,2024-10-08 22:35:51,2024-10-11 10:57:28
12440,3,2024-09-23 14:34:35,2024-10-07 20:18:32
12295,3,2024-08-17 09:34:59,2025-06-25 07:25:14
12246,3,2024-08-09 09:42:08,2025-08-11 20:30:15
12103,3,2024-07-16 11:10:24,2025-01-18 13:59:54
12048,3,2024-06-27 12:25:59,2024-08-13 16:43:06
12003,3,2024-06-13 14:19:40,2025-06-02 11:08:58
11970,3,2024-06-04 15:16:07,2024-06-09 20:40:36
11952,3,2024-05-31 19:00:36,2024-09-21 09:03:12
11950,3,2024-05-31 18:49:40,2024-08-30 20:30:02
11928,3,2024-05-28 18:47:11,2025-06-13 14:47:52
11920,3,2024-05-27 12:18:25,2024-08-17 11:44:35
11919,3,2024-05-27 12:18:24,2024-08-17 11:44:34
11886,3,2024-05-15 16:08:31,2024-08-21 19:37:42
11809,3,2024-04-21 17:44:53,2024-04-21 17:47:55
11527,3,2024-02-16 12:49:51,2024-02-16 13:15:54
11361,3,2024-01-22 15:19:38,2024-01-22 15:29:49
10964,3,2023-11-21 00:01:56,2024-08-19 09:35:13
10958,3,2023-11-20 00:06:29,2023-11-20 22:03:51
10924,3,2023-11-16 20:56:56,2023-11-19 23:56:41
10923,3,2023-11-16 20:56:50,2023-11-17 12:34:00
10875,3,2023-11-06 22:59:31,2025-05-23 10:19:34
10754,3,2023-10-05 21:57:35,2024-11-05 21:00:50
10647,3,2023-08-23 22:16:09,2023-08-24 09:41:48
10536,3,2023-08-05 13:27:16,2024-04-18 09:38:11
10474,3,2023-07-27 17:43:22,2025-06-17 07:47:28
10473,3,2023-07-27 17:43:09,2025-06-17 07:29:45
10439,3,2023-07-21 22:40:48,2024-08-30 13:14:05
10154,3,2023-05-20 19:35:56,2025-05-30 15:50:51
10144,3,2023-05-19 19:42:58,2025-01-23 08:56:59
10136,3,2023-05-17 19:29:39,2025-01-07 13:19:28
10093,3,2023-05-08 10:35:51,2024-11-07 12:12:07
10065,3,2023-05-06 09:42:12,2024-04-18 09:38:08
10060,3,2023-05-05 20:30:59,2023-05-23 20:25:16
10038,3,2023-04-30 16:55:02,2023-05-05 20:31:01
9968,3,2023-04-21 12:13:01,2023-06-28 12:39:18
9928,3,2023-04-19 08:09:05,2025-06-11 07:28:40
9898,3,2023-04-16 19:50:34,2025-06-21 18:31:09
9887,3,2023-04-16 18:41:41,2025-06-20 13:36:32
9885,3,2023-04-16 18:37:09,2025-06-20 13:23:16
9835,3,2023-04-07 18:02:11,2024-04-29 14:08:09
9640,3,2023-03-21 21:19:20,2023-05-11 19:14:48
9634,3,2023-03-21 20:50:38,2023-11-17 12:17:53
9632,3,2023-03-21 20:38:03,2024-07-12 17:55:51
9628,3,2023-03-19 20:44:53,2023-11-10 14:21:53
9623,3,2023-03-19 20:23:16,2023-11-10 15:54:20
9460,3,2023-03-01 21:32:03,2025-03-18 15:36:14
9442,3,2023-02-23 23:28:15,2025-06-20 13:41:01
9426,3,2023-02-22 10:59:38,2023-03-26 15:39:28
9372,3,2023-02-17 12:17:56,2025-03-10 11:17:59
9368,3,2023-02-17 09:40:12,2025-08-11 23:36:29
9367,3,2023-02-17 09:39:46,2025-08-11 23:36:31
9366,3,2023-02-17 09:37:19,2025-08-11 23:36:33
9363,3,2023-02-17 09:19:42,2025-08-11 23:29:50
9273,3,2023-02-08 00:49:59,2024-08-11 09:47:50
9252,3,2023-02-04 19:21:33,2023-02-21 10:44:13
9248,3,2023-02-04 19:17:27,2023-09-24 22:45:16
9245,3,2023-02-04 19:00:49,2023-09-24 22:31:24
9206,3,2023-02-02 23:50:48,2023-08-25 09:42:46
9114,3,2023-01-25 20:09:44,2025-08-16 14:59:27
9109,3,2023-01-24 10:22:34,2025-05-15 07:25:00
9102,3,2023-01-23 23:16:43,2024-08-19 10:34:06
9029,3,2023-01-14 20:37:55,2024-08-19 09:52:10
9024,3,2023-01-14 20:23:56,2024-08-19 09:38:10
9010,3,2023-01-13 18:38:27,2023-05-10 19:56:52
8946,3,2023-01-07 17:30:38,2023-03-22 08:30:13
8897,3,2023-01-01 16:08:37,2025-06-28 16:46:43
8881,3,2023-01-01 15:17:45,2024-08-28 09:36:06
8869,3,2023-01-01 00:50:42,2023-01-01 13:19:25
8863,3,2022-12-31 23:25:59,2023-05-06 12:48:13
8836,3,2022-12-31 18:18:38,2025-05-12 09:15:59
8834,3,2022-12-31 17:40:49,2023-02-23 22:22:35
8611,3,2022-12-09 10:24:16,2022-12-09 18:28:09
8603,3,2022-12-09 09:40:47,2025-02-28 13:10:55
8595,3,2022-12-03 19:48:17,2023-01-15 23:01:05
8570,3,2022-11-27 15:00:02,2024-08-13 15:18:31
8542,3,2022-11-25 17:44:02,2022-11-26 12:33:31
8505,3,2022-11-23 15:32:38,2024-12-18 08:50:45
8495,3,2022-11-18 18:19:57,2025-01-20 12:51:54
8406,3,2022-11-07 16:27:51,2022-12-29 18:34:38
8300,3,2022-10-25 16:31:19,2022-11-14 13:15:29
8257,3,2022-10-21 22:46:46,2023-12-28 12:49:43
8249,3,2022-10-21 22:31:47,2025-05-23 10:33:59
7880,3,2013-09-07 21:32:57,2013-09-10 23:05:22
7878,3,2013-09-03 20:16:55,2013-09-10 23:57:20
7877,3,2013-09-03 20:19:53,2013-09-11 00:00:18
7867,3,2013-09-11 00:33:09,2013-09-11 20:36:50
7823,3,2013-09-17 18:13:41,2013-09-17 20:09:32
7822,3,2013-09-17 18:16:43,2013-09-17 20:12:35
7813,3,2013-09-02 17:00:13,2013-09-21 15:41:49
7798,3,2013-09-10 17:32:25,2013-09-25 14:00:20
7797,3,2013-09-10 17:40:33,2013-09-25 14:08:28
7786,3,2013-09-05 19:34:35,2023-07-25 20:14:25
7785,3,2013-09-05 19:39:20,2023-07-25 20:17:31
7784,3,2013-09-21 15:47:43,2013-09-29 23:57:51
7778,3,2013-09-10 16:51:54,2013-10-06 21:07:45
7752,3,2013-10-03 18:06:02,2013-10-09 01:45:44
7750,3,2013-10-03 18:15:18,2013-10-09 02:00:43
7749,3,2013-10-03 18:20:36,2013-10-09 02:06:02
7705,3,2013-10-13 20:40:14,2013-10-20 12:17:36
7692,3,2013-09-27 09:01:16,2013-10-24 13:22:31
7520,3,2013-08-29 22:23:42,2013-11-16 20:57:42
7519,3,2013-08-29 22:28:28,2013-11-16 21:02:30
7493,3,2013-11-15 10:24:00,2013-11-19 13:49:23
7492,3,2013-11-15 10:27:25,2013-11-19 13:52:48
7476,3,2013-11-22 14:06:27,2024-10-08 22:36:00
7475,3,2013-09-09 20:37:29,2013-11-22 14:47:54
7459,3,2013-11-16 22:12:15,2013-11-24 02:10:53
7457,3,2013-11-16 22:17:07,2013-11-24 02:19:11
7456,3,2013-11-16 22:19:25,2013-11-24 02:21:30
7447,3,2013-11-16 22:44:04,2013-11-24 02:49:35
7417,3,2013-11-28 00:11:43,2024-12-18 08:47:45
7405,3,2013-10-11 17:45:36,2013-11-29 09:44:08
7403,3,2013-10-11 18:00:13,2013-11-29 09:55:55
7402,3,2013-10-11 18:17:32,2013-11-29 09:59:26
7378,3,2013-12-05 01:39:56,2023-01-28 17:44:04
7336,3,2013-10-10 10:54:42,2013-12-11 11:51:00
7247,3,2013-09-04 16:48:27,2014-01-06 17:21:55
7240,3,2013-09-14 22:53:22,2014-01-10 01:36:38
7239,3,2013-12-20 00:57:32,2014-01-10 13:50:13
7235,3,2013-12-20 00:41:02,2014-01-10 14:28:13
7234,3,2013-12-20 00:48:03,2014-01-10 14:34:35
7233,3,2013-12-20 00:45:07,2014-01-10 14:38:50
7215,3,2013-09-21 23:32:46,2014-01-15 20:13:25
7176,3,2014-01-21 01:59:33,2023-03-11 18:50:22
7174,3,2014-01-21 02:04:05,2023-03-11 18:54:26
7168,3,2013-12-05 01:15:24,2014-01-26 23:29:07
7166,3,2013-12-05 21:44:04,2014-01-27 00:11:23
7154,3,2013-12-17 23:40:24,2014-01-30 22:38:22
7153,3,2013-12-17 23:44:42,2014-01-30 22:42:40
7134,3,2014-02-03 11:43:35,2014-02-04 01:07:36
7089,3,2013-10-24 16:59:30,2014-02-16 17:46:23
7036,3,2013-08-27 22:11:57,2014-02-21 23:32:15
7021,3,2014-01-11 20:27:37,2014-02-23 00:13:32
7001,3,2014-01-11 20:11:42,2014-02-26 13:50:44
6963,3,2013-10-24 20:35:25,2014-03-07 00:27:04
6962,3,2013-10-24 20:39:27,2014-03-07 00:31:06
6946,3,2014-02-17 19:20:23,2023-05-06 09:35:29
6914,3,2013-11-21 16:22:26,2014-03-11 19:26:57
6837,3,2013-09-07 16:26:32,2014-03-22 16:26:10
6836,3,2013-09-07 16:28:19,2014-03-22 16:27:59
6835,3,2013-09-07 16:31:50,2014-03-22 16:31:32
6834,3,2013-09-07 16:35:05,2014-03-22 16:34:01
6814,3,2013-12-16 16:18:13,2014-03-27 15:25:41
6809,3,2013-10-10 13:41:19,2014-03-28 18:14:13
6808,3,2013-10-10 13:44:00,2014-03-28 18:16:54
6801,3,2013-09-27 07:43:49,2014-03-29 16:37:03
6756,3,2014-03-09 20:16:16,2014-04-09 10:44:50
6748,3,2013-11-21 19:50:23,2014-04-09 18:43:14
6736,3,2013-09-10 21:10:27,2014-04-11 23:09:57
6690,3,2014-01-13 17:03:14,2014-04-14 16:50:05
6593,3,2013-09-08 14:51:08,2014-04-20 22:07:55
6579,3,2014-03-10 17:59:53,2014-04-21 23:54:56
6563,3,2013-10-08 14:24:33,2014-04-28 11:50:44
6542,3,2014-04-24 06:06:21,2014-04-30 01:12:18
6503,3,2013-09-06 00:22:42,2014-05-14 02:55:19
6484,3,2013-09-25 16:53:55,2014-05-18 23:57:54
6476,3,2014-01-10 14:03:18,2014-05-19 11:37:40
6475,3,2014-01-10 14:06:39,2014-05-19 11:41:01
6473,3,2013-10-21 16:17:00,2014-05-20 08:31:17
6472,3,2013-10-21 16:20:01,2014-05-20 08:34:23
6461,3,2013-10-21 17:11:56,2014-05-20 10:46:17
6454,3,2013-11-11 19:20:22,2014-05-20 16:04:27
6446,3,2014-05-19 17:13:49,2014-05-20 22:49:28
6443,3,2013-11-12 22:12:25,2014-05-20 23:28:16
6440,3,2014-05-16 12:09:46,2014-05-20 23:49:20
6419,3,2014-04-05 03:16:03,2014-05-25 01:16:47
6390,3,2014-05-07 22:12:19,2014-06-03 16:37:54
6382,3,2014-06-04 23:09:54,2014-06-04 23:18:55
6343,3,2013-11-09 21:03:58,2014-06-19 23:11:40
6264,3,2014-04-02 18:16:52,2014-06-30 19:41:03
6224,3,2014-02-04 10:15:17,2014-07-10 22:43:38
6221,3,2014-01-28 12:06:03,2014-07-10 23:03:46
6218,3,2014-02-03 14:44:17,2014-07-10 23:16:02
6205,3,2013-11-01 22:14:19,2014-07-15 21:42:28
6177,3,2014-07-22 23:29:53,2014-07-23 11:16:03
6174,3,2013-09-05 22:25:22,2014-07-23 15:22:00
6171,3,2013-12-31 15:15:09,2014-07-24 23:55:14
6170,3,2013-12-31 15:19:03,2014-07-24 23:58:47
6158,3,2014-02-08 10:58:14,2024-10-23 13:59:04
6114,3,2013-12-05 22:40:09,2014-08-04 18:06:58
6004,3,2014-08-17 19:53:11,2014-08-17 22:05:17
5959,3,2014-08-16 14:28:33,2014-08-24 19:32:26
5796,3,2014-08-04 15:31:11,2014-09-14 20:46:28
5772,3,2014-08-03 18:59:15,2014-09-17 17:16:16
5713,3,2013-09-05 22:18:30,2014-10-05 19:26:09
5709,3,2013-10-20 21:47:11,2023-08-19 10:04:00
5686,3,2014-07-11 01:37:00,2014-10-07 13:26:34
5655,3,2014-07-31 12:33:14,2014-10-12 20:19:30
5621,3,2014-10-06 20:38:27,2014-10-17 18:29:43
5575,3,2014-07-29 13:54:16,2014-10-26 19:40:26
5574,3,2014-10-26 14:36:13,2014-10-27 13:52:13
5571,3,2014-10-25 11:45:59,2014-10-27 14:04:46
5570,3,2014-10-26 14:46:34,2014-10-27 14:08:23
5544,3,2013-11-07 13:08:06,2024-05-08 10:35:44
5514,3,2014-09-09 02:09:49,2014-10-29 20:47:45
5513,3,2014-09-09 02:13:03,2014-10-29 20:50:59
5475,3,2013-10-19 20:56:56,2014-11-01 16:00:45
5466,3,2014-06-04 20:18:14,2014-11-01 17:49:19
5452,3,2013-11-09 20:53:16,2014-11-03 20:32:43
5402,3,2013-12-10 16:00:47,2014-11-09 21:23:42
5359,3,2014-11-11 12:42:25,2014-11-13 16:57:00
5356,3,2014-11-11 01:11:13,2014-11-13 17:07:56
5343,3,2014-11-14 18:46:25,2014-11-14 21:23:15
5298,3,2013-09-09 22:13:01,2014-11-23 17:15:17
5295,3,2013-09-09 22:20:48,2014-11-23 17:25:02
5293,3,2013-09-09 22:25:18,2014-11-23 17:33:02
5292,3,2013-09-09 22:28:45,2014-11-23 17:36:33
5290,3,2013-09-09 22:33:37,2014-11-23 17:41:30
5239,3,2013-11-28 22:37:49,2014-11-27 22:27:36
5237,3,2013-11-28 22:42:03,2014-11-27 22:31:52
5039,3,2014-11-29 16:48:13,2014-12-15 01:49:31
5031,3,2014-10-29 18:48:10,2014-12-16 00:11:28
4970,3,2014-12-18 23:15:23,2014-12-21 12:01:43
4969,3,2014-12-18 23:18:13,2014-12-21 12:04:34
4928,3,2014-01-17 14:45:28,2014-12-24 08:40:54
4885,3,2013-11-04 22:09:09,2014-12-26 13:06:55
4876,3,2014-12-24 11:04:55,2014-12-28 11:33:30
4815,3,2014-12-23 17:01:54,2014-12-30 17:04:02
4786,3,2014-07-02 15:17:31,2015-01-03 23:06:08
4785,3,2014-07-02 15:20:42,2015-01-03 23:09:23
4777,3,2014-05-12 02:55:20,2015-01-04 00:15:57
4776,3,2014-05-12 02:58:08,2015-01-04 00:21:26
4774,3,2015-01-04 00:34:24,2015-01-04 02:02:55
4767,3,2014-09-01 22:41:00,2015-01-04 17:08:20
4735,3,2014-05-18 23:07:24,2015-01-08 16:39:20
4686,3,2015-01-11 19:04:28,2015-01-11 22:17:56
4678,3,2014-05-29 19:08:31,2015-01-12 02:23:09
4667,3,2015-01-11 20:48:55,2015-01-12 13:52:00
4666,3,2015-01-11 20:34:40,2015-01-12 13:54:23
4664,3,2015-01-12 09:47:37,2015-01-12 14:27:17
4621,3,2014-08-25 16:29:26,2015-01-15 17:29:40
4620,3,2014-08-25 16:31:54,2015-01-15 17:32:08
4557,3,2013-11-28 22:56:54,2015-01-23 02:30:58
4556,3,2013-11-28 22:58:58,2015-01-23 02:32:42
4555,3,2013-11-28 23:01:02,2015-01-23 02:34:40
4554,3,2013-11-28 23:05:25,2015-01-23 02:36:53
4553,3,2013-11-28 23:07:17,2015-01-23 02:38:53
4529,3,2014-08-25 16:10:33,2015-01-27 05:25:39
4506,3,2015-01-28 12:47:49,2015-01-30 13:49:57
4489,3,2014-05-19 16:53:15,2015-02-01 15:47:57
4471,3,2014-11-28 04:10:20,2015-02-05 19:06:51
4373,3,2015-02-16 12:20:08,2025-01-13 15:03:35
4368,3,2015-02-16 12:54:12,2025-01-13 15:19:24
4342,3,2013-10-20 22:44:35,2015-02-18 18:58:50
4330,3,2013-12-13 12:08:55,2015-02-21 12:26:51
4321,3,2014-08-21 19:53:51,2015-02-22 16:09:00
4300,3,2014-09-03 14:39:07,2015-02-23 01:20:49
4294,3,2015-02-23 11:26:06,2015-02-23 13:43:35
4293,3,2015-02-23 11:30:50,2015-02-23 13:48:19
4292,3,2015-02-23 11:35:36,2015-02-23 13:53:04
4287,3,2015-02-23 11:57:43,2015-02-23 14:15:12
4186,3,2014-08-04 23:05:38,2015-03-07 03:08:31
4112,3,2015-03-13 20:14:18,2025-03-12 13:54:22
4066,3,2014-12-31 15:33:54,2015-03-21 02:39:40
4020,3,2015-02-14 16:26:32,2015-04-07 22:35:02
4019,3,2015-02-14 16:48:53,2015-04-07 23:06:37
4018,3,2015-02-14 16:58:56,2015-04-07 23:27:20
4012,3,2015-01-04 22:01:35,2015-04-10 18:22:16
4005,3,2015-04-10 20:54:37,2015-04-10 21:42:51
3972,3,2015-03-25 12:52:26,2015-04-14 02:00:48
3971,3,2015-03-25 12:56:59,2015-04-14 02:05:20
3942,3,2013-09-16 15:45:24,2015-04-14 20:41:39
3830,3,2014-09-12 01:36:34,2015-04-20 17:22:12
3814,3,2014-02-22 00:59:28,2025-08-21 20:52:41
3780,3,2015-04-22 20:18:39,2025-01-17 10:18:04
3727,3,2014-06-04 20:09:14,2015-04-24 12:51:45
3722,3,2015-04-24 20:49:11,2015-04-24 22:56:50
3720,3,2015-04-24 20:54:42,2015-04-24 23:02:21
3643,3,2014-04-28 15:36:24,2015-05-02 00:16:20
3610,3,2015-05-03 18:48:11,2015-05-03 21:06:41
3609,3,2015-05-03 18:52:03,2015-05-03 21:10:33
3596,3,2015-05-03 21:18:38,2015-05-05 00:33:40
3493,3,2015-05-04 10:39:33,2015-05-10 16:02:20
3491,3,2015-05-04 11:37:55,2015-05-10 23:46:19
3463,3,2015-05-11 23:03:03,2015-05-13 22:03:00
3441,3,2014-12-19 05:28:51,2015-05-16 22:05:55
3385,3,2015-02-28 15:27:49,2015-05-21 19:56:56
3358,3,2015-05-07 20:53:56,2015-05-22 10:10:45
3333,3,2014-09-16 20:22:53,2015-05-24 16:23:18
3331,3,2014-09-16 20:28:56,2015-05-24 16:32:51
3330,3,2014-09-16 20:32:17,2015-05-24 16:36:21
3329,3,2014-09-16 20:35:42,2015-05-24 16:39:43
3197,3,2015-06-03 11:01:12,2015-06-03 23:35:24
3139,3,2015-04-14 14:34:15,2015-06-09 11:10:52
3130,3,2015-06-10 21:38:57,2015-06-10 22:55:05
3115,3,2015-04-14 14:57:19,2015-06-12 23:00:56
3112,3,2015-04-14 14:48:51,2015-06-12 23:16:45
2889,3,2015-03-09 23:48:11,2015-07-06 13:51:10
2814,3,2015-07-14 11:15:11,2015-07-14 12:42:56
2775,3,2014-07-12 18:49:26,2015-07-24 13:18:24
2727,3,2014-08-04 17:55:03,2015-07-28 11:03:36
2619,3,2015-07-14 16:17:01,2015-08-06 23:45:53
2603,3,2015-08-07 12:29:28,2015-08-07 16:02:44
2601,3,2015-08-07 12:40:56,2015-08-07 16:14:12
2597,3,2015-08-07 13:00:15,2015-08-07 16:33:31
2539,3,2015-05-23 13:11:01,2015-08-10 18:33:50
2538,3,2015-05-23 13:13:01,2015-08-10 18:35:51
2516,3,2015-06-30 11:48:56,2024-06-02 13:04:31
2325,3,2013-10-28 15:49:23,2015-08-21 10:38:11
2203,3,2015-08-14 14:39:55,2015-09-01 17:57:17
2202,3,2015-08-14 14:59:38,2015-09-01 18:01:45
2155,3,2015-01-04 22:14:17,2015-09-07 11:51:10
2147,3,2015-09-08 09:50:31,2015-09-08 13:13:52
2133,3,2015-09-05 23:24:42,2015-09-09 14:59:53
2023,3,2015-06-28 19:33:21,2015-09-16 18:23:21
2020,3,2015-06-19 19:00:30,2015-09-16 18:34:14
2003,3,2015-07-22 15:04:38,2015-09-19 20:59:03
1907,3,2015-09-29 21:52:59,2015-10-02 12:05:35
1887,3,2015-09-29 21:30:21,2015-10-03 19:44:29
1885,3,2015-09-29 21:36:02,2015-10-03 19:50:22
1882,3,2015-09-29 21:44:43,2015-10-03 20:01:53
1832,3,2015-10-05 20:58:42,2015-10-06 22:39:14
1831,3,2015-10-05 07:37:09,2015-10-06 23:45:06
1829,3,2015-10-06 21:54:09,2015-10-07 10:22:08
1773,3,2015-06-09 22:37:44,2015-10-13 17:09:15
1685,3,2015-01-12 09:29:47,2015-10-20 16:58:07
1629,3,2015-09-09 00:07:47,2015-10-28 22:37:10
1563,3,2015-10-28 12:43:04,2015-10-31 10:59:55
1561,3,2015-10-28 11:58:31,2015-10-31 11:42:46
1554,3,2015-10-28 12:49:46,2015-11-02 11:44:10
1532,3,2014-11-29 16:16:26,2015-11-03 13:25:13
1527,3,2015-11-03 12:10:25,2015-11-03 22:59:03
1501,3,2015-11-08 18:37:17,2015-11-08 19:26:02
1482,3,2015-11-03 14:46:51,2015-11-10 17:40:10
1480,3,2015-11-06 23:59:48,2015-11-10 18:04:46
1476,3,2015-09-02 21:41:25,2015-11-11 08:24:33
1458,3,2015-10-15 19:16:01,2015-11-12 09:17:55
1428,3,2015-11-11 22:49:07,2015-11-18 10:13:55
1279,3,2015-11-03 13:00:43,2015-12-17 23:34:55
1229,3,2015-07-28 15:07:57,2015-12-22 19:22:00
1210,3,2015-07-28 13:33:25,2015-12-28 01:19:21
1075,3,2015-11-24 23:57:18,2016-01-14 22:42:15
787,3,2015-01-11 18:50:18,2016-03-18 22:10:14
773,3,2016-03-08 09:34:37,2016-03-21 17:21:05
203,3,2017-03-11 14:24:06,2017-04-08 20:09:01
14149,2,2025-08-23 21:48:48,2025-08-23 21:51:38
14128,2,2025-08-23 00:46:38,2025-08-23 10:16:18
14124,2,2025-08-23 11:10:57,2025-08-23 11:14:59
14123,2,2025-08-23 13:16:30,2025-08-23 13:19:52
14077,2,2025-08-20 23:24:31,2025-08-20 23:34:06
14062,2,2025-08-17 15:05:17,2025-08-17 15:08:34
14051,2,2025-08-16 13:18:43,2025-08-16 13:57:50
14022,2,2025-08-08 18:27:04,2025-08-08 18:29:40
14006,2,2025-08-07 10:31:02,2025-08-07 11:13:58
14005,2,2025-08-06 23:52:43,2025-08-07 11:08:19
14004,2,2025-08-06 23:46:26,2025-08-07 11:02:02
13998,2,2025-08-06 23:15:32,2025-08-07 12:07:11
13994,2,2025-08-06 09:16:41,2025-08-06 09:20:25
13830,2,2025-06-25 20:51:29,2025-06-25 20:51:37
13827,2,2025-06-25 20:44:58,2025-07-02 14:00:30
13753,2,2025-06-13 10:25:16,2025-06-13 14:34:17
13740,2,2025-06-11 17:03:57,2025-06-13 14:37:47
13713,2,2025-06-04 17:12:00,2025-06-04 17:14:13
13709,2,2025-06-02 19:13:46,2025-06-03 17:15:05
13674,2,2025-05-30 17:57:01,2025-05-30 18:40:52
13587,2,2025-05-14 20:15:13,2025-05-14 20:21:22
13427,2,2025-04-03 07:35:30,2025-04-07 20:35:23
13423,2,2025-04-02 10:50:51,2025-04-02 17:06:48
13231,2,2025-02-15 12:47:14,2025-04-09 10:16:35
13224,2,2025-02-13 14:11:32,2025-02-13 14:23:39
13217,2,2025-02-11 13:06:42,2025-02-13 09:17:34
13208,2,2025-02-08 00:25:44,2025-02-08 00:29:32
13207,2,2025-02-07 21:14:25,2025-02-27 08:34:37
13205,2,2025-02-07 21:02:58,2025-07-08 07:58:28
13201,2,2025-02-07 20:34:46,2025-02-11 19:22:11
13199,2,2025-02-07 20:13:03,2025-05-23 10:29:50
13158,2,2025-01-25 14:50:21,2025-01-25 15:07:35
13042,2,2025-01-11 18:39:49,2025-01-13 15:06:21
13029,2,2025-01-11 17:10:47,2025-01-11 18:27:38
13009,2,2025-01-05 18:19:26,2025-01-05 18:24:10
12927,2,2024-12-27 14:50:31,2025-01-13 12:07:56
12840,2,2024-11-30 04:34:18,2025-01-17 10:21:30
12820,2,2024-11-22 22:57:04,2024-11-23 23:25:20
12677,2,2024-11-02 10:31:02,2024-11-05 07:17:31
12633,2,2024-10-27 16:29:55,2024-10-30 12:11:42
12632,2,2024-10-27 14:18:13,2024-10-30 12:08:54
12563,2,2024-10-16 16:24:36,2024-10-16 18:39:52
12527,2,2024-10-08 22:53:05,2024-10-11 11:37:48
12525,2,2024-10-08 22:51:22,2024-10-08 22:52:16
12480,2,2024-10-02 19:05:59,2024-10-03 09:07:57
12479,2,2024-10-02 19:05:57,2024-10-03 09:00:40
12369,2,2024-08-28 09:30:44,2024-08-28 09:31:13
12361,2,2024-08-26 10:51:44,2025-01-05 17:57:51
12060,2,2024-07-01 15:57:16,2024-08-13 16:39:18
12050,2,2024-06-27 13:55:27,2024-07-09 11:03:18
11947,2,2024-05-31 18:45:59,2024-08-30 20:21:07
11932,2,2024-05-28 21:40:53,2025-06-13 14:36:31
11923,2,2024-05-28 14:50:15,2024-06-07 19:25:06
11912,2,2024-05-24 10:22:05,2024-05-24 10:22:26
11911,2,2024-05-22 18:07:16,2024-10-08 22:37:07
11904,2,2024-05-20 14:59:39,2024-07-07 10:57:45
11901,2,2024-05-20 10:30:19,2024-06-03 11:56:56
11866,2,2024-05-08 11:34:09,2024-12-22 21:52:31
11851,2,2024-05-08 09:41:56,2024-05-30 11:08:32
11847,2,2024-05-07 14:37:52,2024-05-07 14:37:57
11829,2,2024-04-29 14:04:37,2024-05-26 11:48:39
11766,2,2024-04-18 09:38:12,2024-04-18 09:39:17
11709,2,2024-04-11 22:54:02,2024-04-13 13:29:38
11618,2,2024-03-09 08:35:43,2025-08-11 23:27:33
11612,2,2024-03-08 17:05:54,2024-03-28 10:42:09
11528,2,2024-02-16 13:15:51,2024-02-16 13:15:55
11041,2,2023-12-16 12:44:35,2024-10-31 12:59:20
10993,2,2023-11-25 23:49:35,2024-02-11 21:20:19
10968,2,2023-11-21 00:45:01,2024-08-19 10:22:56
10967,2,2023-11-21 00:34:18,2024-08-19 10:19:28
10966,2,2023-11-21 00:33:47,2024-08-19 10:17:44
10948,2,2023-11-18 18:42:11,2023-11-18 20:49:04
10943,2,2023-11-18 18:26:30,2023-11-18 20:18:54
10934,2,2023-11-17 15:13:58,2023-11-20 23:21:18
10930,2,2023-11-16 22:10:55,2024-05-09 18:15:46
10927,2,2023-11-16 21:57:16,2023-11-17 12:17:51
10896,2,2023-11-10 19:41:12,2023-11-11 18:05:31
10887,2,2023-11-10 13:43:19,2023-11-10 14:06:00
10607,2,2023-08-16 23:33:46,2023-11-18 20:07:03
10606,2,2023-08-16 23:29:02,2023-08-17 17:15:53
10538,2,2023-08-05 13:37:24,2024-04-18 09:39:29
10501,2,2023-07-30 20:21:56,2025-08-16 14:29:56
10476,2,2023-07-27 18:29:29,2024-08-28 10:57:47
10475,2,2023-07-27 18:24:57,2024-08-28 10:45:12
10472,2,2023-07-27 17:27:04,2025-06-17 07:27:20
10471,2,2023-07-26 11:57:25,2025-06-13 20:44:42
10413,2,2023-07-16 20:01:31,2023-07-16 20:05:19
10401,2,2023-07-10 15:06:36,2023-09-15 14:00:44
10391,2,2023-07-05 20:31:10,2023-07-07 16:19:55
10379,2,2023-07-05 13:10:15,2025-05-14 20:45:04
10376,2,2023-07-05 13:06:39,2025-05-14 21:10:59
10375,2,2023-07-05 12:59:33,2025-05-14 20:57:31
10374,2,2023-07-05 12:59:28,2025-05-14 20:51:38
10371,2,2023-07-05 12:48:39,2023-07-13 07:10:43
10320,2,2023-06-26 18:36:58,2024-12-17 17:31:18
10212,2,2023-05-30 11:00:37,2023-08-19 11:33:35
10206,2,2023-05-29 13:02:38,2023-05-29 15:23:12
10191,2,2023-05-26 07:13:38,2025-06-11 11:53:21
10184,2,2023-05-26 06:39:05,2023-06-17 11:44:29
10155,2,2023-05-20 23:17:09,2025-08-16 13:27:01
10111,2,2023-05-10 22:20:08,2024-04-25 07:11:42
10102,2,2023-05-10 19:13:46,2023-06-21 16:08:53
10095,2,2023-05-08 10:51:03,2024-11-07 13:34:53
10083,2,2023-05-06 12:59:14,2024-05-08 10:08:10
10082,2,2023-05-06 12:37:50,2024-06-08 11:13:19
10081,2,2023-05-06 12:35:59,2024-06-08 10:22:31
10080,2,2023-05-06 12:35:26,2024-06-08 10:22:30
10066,2,2023-05-06 09:45:59,2024-10-08 22:40:16
9988,2,2023-04-21 15:36:01,2023-06-28 12:34:31
9963,2,2023-04-21 11:48:14,2023-11-20 22:51:31
9956,2,2023-04-19 23:41:59,2023-04-20 21:17:02
9947,2,2023-04-19 21:11:31,2023-05-13 11:24:21
9890,2,2023-04-16 18:51:13,2025-06-20 13:40:59
9875,2,2023-04-13 10:32:18,2023-12-16 14:06:14
9837,2,2023-04-07 18:29:31,2023-04-07 18:37:29
9805,2,2023-04-02 19:29:53,2023-04-02 19:37:58
9781,2,2023-04-01 19:04:58,2023-04-01 19:11:34
9643,2,2023-03-22 08:51:44,2023-08-09 19:46:25
9619,2,2023-03-19 19:44:02,2023-11-11 18:49:18
9526,2,2023-03-11 18:56:17,2023-03-11 19:14:13
9457,2,2023-03-01 10:08:25,2025-06-24 21:51:53
9413,2,2023-02-19 00:15:21,2025-08-22 11:04:29
9394,2,2023-02-18 14:06:06,2023-02-19 20:48:48
9390,2,2023-02-17 23:42:04,2025-06-18 11:50:39
9369,2,2023-02-17 12:00:16,2023-12-08 16:53:48
9354,2,2023-02-16 10:35:12,2025-07-02 09:26:55
9250,2,2023-02-04 19:17:30,2023-02-19 16:59:23
9112,2,2023-01-24 10:29:11,2024-08-19 10:30:53
9111,2,2023-01-24 10:25:55,2025-05-15 07:25:11
9110,2,2023-01-24 10:24:02,2025-05-15 07:25:06
9100,2,2023-01-23 17:22:42,2023-01-29 11:11:06
9049,2,2023-01-16 19:42:12,2024-05-16 07:46:25
9013,2,2023-01-13 18:42:56,2023-01-13 18:47:16
9011,2,2023-01-13 18:38:35,2023-05-10 20:12:12
9004,2,2023-01-13 13:21:32,2023-01-13 18:47:43
8963,2,2023-01-07 21:23:17,2025-08-16 14:34:35
8927,2,2023-01-06 16:12:53,2025-08-21 23:23:36
8920,2,2023-01-05 11:10:11,2023-01-23 23:31:43
8904,2,2023-01-01 16:31:29,2023-01-01 16:32:51
8894,2,2023-01-01 16:04:57,2024-05-22 18:27:43
8889,2,2023-01-01 15:41:51,2024-05-08 11:08:23
8882,2,2023-01-01 15:22:58,2024-07-18 14:18:17
8880,2,2023-01-01 15:07:46,2023-01-01 16:26:02
8847,2,2022-12-31 21:02:35,2024-10-08 22:30:09
8826,2,2022-12-29 20:27:49,2023-07-13 07:06:41
8702,2,2022-12-21 10:51:44,2022-12-21 10:57:31
8696,2,2022-12-21 10:12:21,2023-07-05 12:55:46
8638,2,2022-12-12 18:50:14,2025-07-31 16:54:52
8604,2,2022-12-09 09:50:30,2022-12-09 18:12:47
8576,2,2022-11-28 11:44:56,2022-12-07 09:25:36
8560,2,2022-11-26 17:51:02,2024-06-22 10:03:12
8559,2,2022-11-26 16:33:12,2024-06-22 10:31:45
8558,2,2022-11-26 16:30:15,2024-06-22 10:28:48
8556,2,2022-11-26 15:32:17,2024-06-22 10:12:30
8491,2,2022-11-18 17:42:11,2022-12-01 18:21:38
8479,2,2022-11-15 10:26:51,2025-03-19 14:12:49
8384,2,2022-11-03 00:29:38,2024-09-27 09:13:31
8358,2,2022-11-01 19:54:33,2022-11-22 14:04:53
8307,2,2022-10-27 06:22:44,2024-01-03 19:21:41
8278,2,2022-10-22 20:45:23,2022-11-29 10:57:41
8263,2,2022-10-22 16:42:41,2024-05-22 17:49:40
8261,2,2022-10-22 16:39:33,2023-10-06 10:46:22
8243,2,2022-10-21 20:22:57,2025-05-23 11:23:03
8166,2,2022-10-18 06:57:10,2023-03-11 18:45:52
8102,2,2012-12-16 02:06:53,2012-12-16 23:02:59
8063,2,2012-12-05 16:23:15,2012-12-20 00:04:00
7955,2,2025-08-19 21:55:06,2025-08-20 18:22:50
7941,2,2013-08-25 15:37:27,2013-08-28 20:59:05
7915,2,2013-09-01 21:19:52,2013-09-05 20:51:11
7910,2,2013-08-30 11:56:47,2013-09-07 21:56:09
7876,2,2013-09-03 20:22:47,2013-09-11 00:03:13
7875,2,2013-09-03 20:25:29,2013-09-11 00:05:54
7874,2,2013-09-03 20:29:34,2013-09-11 00:09:59
7873,2,2013-09-03 20:31:47,2013-09-11 00:12:12
7871,2,2013-09-03 20:37:51,2013-09-11 00:18:16
7831,2,2013-09-04 19:54:29,2013-09-17 16:35:40
7828,2,2013-09-04 16:52:50,2013-09-17 17:04:29
7802,2,2013-09-23 20:21:37,2013-09-23 20:25:56
7760,2,2013-09-05 22:56:57,2013-10-07 18:03:47
7753,2,2013-10-03 18:02:08,2013-10-09 01:41:50
7709,2,2013-10-13 20:26:53,2013-10-20 12:04:15
7708,2,2013-10-13 20:28:10,2013-10-20 12:05:32
7707,2,2013-10-13 20:33:05,2013-10-20 12:10:27
7706,2,2013-10-13 20:37:15,2013-10-20 12:14:37
7689,2,2013-10-05 13:29:44,2013-10-24 13:34:23
7688,2,2013-09-27 09:06:25,2013-10-24 13:39:20
7663,2,2013-10-28 13:52:29,2013-10-28 14:19:18
7630,2,2013-10-28 13:44:22,2013-10-28 20:25:26
7629,2,2013-09-07 16:51:21,2013-10-30 10:16:58
7620,2,2013-09-09 20:41:34,2013-11-03 21:39:09
7618,2,2013-09-09 20:49:48,2013-11-03 21:47:24
7609,2,2013-09-12 20:38:55,2013-11-05 15:29:25
7587,2,2013-10-17 22:08:29,2013-11-07 10:00:24
7543,2,2013-10-11 16:27:41,2013-11-11 22:05:23
7538,2,2013-09-01 17:48:57,2013-11-12 16:25:08
7537,2,2013-09-01 18:44:21,2013-11-12 16:42:46
7536,2,2013-11-09 23:22:10,2013-11-12 23:39:17
7529,2,2013-11-04 21:00:24,2013-11-13 23:09:30
7521,2,2013-10-21 20:31:16,2013-11-16 11:52:00
7507,2,2013-09-02 16:25:30,2013-11-16 23:18:15
7497,2,2013-11-15 10:11:52,2013-11-19 08:29:30
7496,2,2013-11-15 10:37:30,2013-11-19 09:15:34
7495,2,2013-11-15 10:42:12,2013-11-19 09:20:14
7490,2,2013-09-23 14:15:26,2013-11-21 12:21:22
7489,2,2013-09-23 14:18:12,2013-11-21 12:31:33
7488,2,2013-09-23 14:21:43,2013-11-21 12:35:07
7487,2,2013-09-23 14:25:15,2013-11-21 12:37:01
7455,2,2013-11-16 22:20:03,2013-11-24 02:22:07
7454,2,2013-11-16 22:23:47,2013-11-24 02:25:52
7453,2,2013-11-16 22:27:08,2013-11-24 02:29:13
7452,2,2013-11-16 22:31:26,2013-11-24 02:33:31
7451,2,2013-11-16 22:34:32,2013-11-24 02:36:37
7450,2,2013-11-16 22:38:28,2013-11-24 02:40:33
7449,2,2013-11-16 22:40:26,2013-11-24 02:42:31
7448,2,2013-11-16 22:41:32,2013-11-24 02:43:37
7439,2,2013-11-22 11:56:30,2013-11-25 22:48:18
7435,2,2013-10-10 20:04:51,2013-11-26 15:05:08
7409,2,2013-10-11 17:11:50,2013-11-29 08:38:16
7337,2,2013-10-08 21:47:29,2013-12-10 23:03:41
7335,2,2013-10-11 09:53:10,2013-12-11 11:51:38
7334,2,2013-10-11 09:57:12,2013-12-11 11:55:40
7319,2,2013-10-04 16:06:45,2013-12-13 08:44:52
7316,2,2013-12-14 13:50:46,2013-12-14 13:57:11
7238,2,2013-12-20 00:38:34,2014-01-10 14:09:08
7200,2,2013-12-09 17:00:09,2014-01-16 22:50:01
7191,2,2013-10-19 21:01:32,2014-01-20 20:14:22
7167,2,2013-12-05 01:16:54,2014-01-26 23:29:54
7165,2,2013-12-05 21:46:58,2014-01-27 00:14:18
7159,2,2013-12-01 18:03:11,2014-01-28 00:11:44
7122,2,2014-02-05 12:49:40,2014-02-06 23:43:07
7113,2,2013-11-20 23:56:00,2014-02-07 16:58:36
7106,2,2013-11-01 22:17:03,2014-02-09 23:38:58
7095,2,2014-01-10 22:27:38,2014-02-11 22:50:45
7087,2,2014-02-16 17:10:53,2014-02-16 18:06:40
7086,2,2014-02-16 17:15:10,2014-02-16 18:10:58
7085,2,2014-01-11 20:42:26,2014-02-17 17:55:46
7084,2,2014-01-11 13:32:06,2014-02-17 18:00:57
7083,2,2014-01-11 13:37:19,2014-02-17 18:06:11
7060,2,2014-02-19 16:26:01,2022-10-18 18:36:40
7033,2,2013-08-27 22:21:28,2014-02-21 23:41:48
7032,2,2013-08-27 22:24:30,2014-02-21 23:44:51
7007,2,2013-12-05 20:57:04,2014-02-25 22:53:02
6957,2,2013-10-24 21:18:07,2014-03-07 00:49:24
6955,2,2014-03-07 16:42:33,2014-03-07 16:47:15
6927,2,2014-02-06 18:10:18,2014-03-09 22:14:26
6915,2,2014-01-08 23:12:57,2014-03-11 19:23:32
6897,2,2014-01-02 23:58:39,2014-03-12 22:49:08
6891,2,2013-12-09 17:59:39,2014-03-13 17:10:22
6885,2,2014-01-29 12:20:54,2014-03-13 17:47:19
6884,2,2014-01-29 12:24:22,2014-03-13 17:51:30
6883,2,2014-01-29 12:27:59,2014-03-13 17:54:57
6881,2,2014-01-29 12:43:20,2014-03-13 18:05:19
6802,2,2013-09-27 07:41:12,2014-03-29 16:34:26
6797,2,2014-03-27 15:19:35,2014-03-29 16:53:19
6760,2,2014-04-02 18:46:14,2014-04-08 14:08:09
6743,2,2013-11-09 18:27:12,2014-04-11 21:23:18
6718,2,2014-03-14 15:59:57,2014-04-13 15:31:37
6709,2,2014-04-13 22:23:08,2014-04-13 23:18:52
6708,2,2014-04-13 22:35:37,2014-04-13 23:27:12
6707,2,2014-04-13 22:39:21,2014-04-13 23:30:56
6694,2,2013-09-01 19:14:14,2014-04-14 16:16:08
6583,2,2014-03-17 21:23:10,2014-04-20 22:41:30
6570,2,2014-04-24 05:41:12,2014-04-24 06:36:09
6520,2,2013-11-18 18:54:02,2014-05-13 14:57:51
6519,2,2013-11-18 18:57:22,2014-05-13 15:01:11
6481,2,2014-05-14 01:54:56,2014-05-19 00:10:01
6478,2,2014-05-14 02:05:10,2014-05-19 00:20:16
6458,2,2014-05-20 13:21:23,2014-05-20 13:43:33
6453,2,2014-03-04 16:09:19,2014-05-20 19:59:15
6452,2,2014-03-04 16:12:23,2014-05-20 20:02:19
6451,2,2013-10-24 17:08:56,2014-05-20 20:09:10
6444,2,2014-05-19 17:26:28,2014-05-20 23:02:07
6424,2,2014-05-20 10:49:59,2014-05-24 23:20:37
6421,2,2013-09-02 16:01:55,2014-05-24 23:29:48
6420,2,2014-04-05 03:11:11,2014-05-25 01:11:55
6418,2,2014-04-05 03:20:21,2014-05-25 01:21:05
6348,2,2013-12-06 21:03:07,2014-06-18 11:43:32
6347,2,2013-12-06 21:08:52,2014-06-18 11:49:17
6346,2,2013-12-06 21:12:01,2014-06-18 11:52:26
6322,2,2013-10-13 00:14:09,2014-06-25 23:27:54
6320,2,2013-10-13 00:19:51,2014-06-25 23:33:36
6319,2,2013-10-13 00:22:18,2014-06-25 23:36:02
6316,2,2013-10-13 00:30:08,2014-06-25 23:43:53
6223,2,2014-02-04 10:19:27,2014-07-10 22:47:36
6220,2,2014-02-04 11:33:02,2014-07-10 23:07:20
6209,2,2014-07-13 22:24:22,2014-07-14 16:18:12
6196,2,2014-05-19 23:18:29,2014-07-20 00:12:44
6190,2,2014-04-05 02:52:43,2014-07-20 00:46:37
6189,2,2014-04-05 02:57:31,2014-07-20 00:51:25
6178,2,2014-07-23 01:13:10,2014-07-23 11:10:30
6173,2,2013-09-23 15:31:53,2014-07-23 15:24:20
6160,2,2014-02-08 11:00:48,2014-07-26 17:22:07
6159,2,2014-02-08 10:54:45,2014-07-26 17:25:40
6149,2,2014-07-28 20:36:10,2014-07-28 21:23:13
6125,2,2014-08-01 13:52:58,2014-08-01 13:56:58
6115,2,2014-08-03 17:41:47,2014-08-04 16:11:49
6088,2,2014-08-05 23:43:33,2014-08-06 15:58:21
6049,2,2014-05-30 23:52:32,2014-08-09 23:07:39
5966,2,2014-08-06 22:30:21,2014-08-22 23:04:34
5930,2,2014-08-07 22:23:58,2014-08-29 12:44:18
5925,2,2014-08-04 23:13:17,2014-08-29 22:21:21
5914,2,2014-08-28 21:39:19,2014-08-31 01:11:06
5913,2,2014-08-28 21:44:04,2014-08-31 01:15:52
5904,2,2014-08-20 01:13:24,2014-08-31 17:43:01
5877,2,2014-09-06 02:48:22,2014-09-06 03:09:08
5871,2,2014-08-04 16:28:23,2014-09-07 00:26:58
5870,2,2014-08-04 16:32:38,2014-09-07 00:31:13
5869,2,2014-08-04 16:36:03,2014-09-07 00:34:38
5868,2,2014-08-04 16:40:44,2014-09-07 00:39:19
5829,2,2014-08-25 16:17:39,2014-09-12 01:57:57
5751,2,2014-09-23 19:06:31,2014-09-27 03:55:16
5739,2,2014-07-30 13:47:50,2014-10-01 21:33:16
5738,2,2014-07-30 13:51:14,2014-10-01 21:36:40
5712,2,2013-09-05 22:21:06,2014-10-05 19:29:53
5705,2,2014-08-07 22:33:01,2014-10-06 18:42:22
5703,2,2014-08-07 22:40:15,2014-10-06 18:49:29
5702,2,2014-08-07 22:43:01,2014-10-06 18:58:05
5691,2,2014-10-07 00:20:56,2014-10-07 00:22:13
5677,2,2014-10-06 20:41:12,2014-10-09 22:52:13
5618,2,2014-10-01 00:45:32,2014-10-18 13:48:40
5617,2,2014-10-01 00:42:57,2014-10-18 14:22:58
5596,2,2014-10-18 19:29:30,2014-10-21 19:15:37
5492,2,2014-02-23 21:19:16,2014-10-30 00:20:05
5486,2,2014-10-29 23:54:31,2014-10-30 16:44:52
5460,2,2014-10-13 18:56:05,2014-11-02 23:14:12
5457,2,2014-10-20 13:44:38,2014-11-02 23:23:22
5456,2,2014-10-20 13:46:06,2014-11-02 23:25:46
5441,2,2014-05-28 23:34:54,2014-11-04 20:12:51
5382,2,2014-08-31 02:05:22,2014-11-10 18:46:02
5358,2,2014-11-11 18:44:11,2014-11-13 17:00:53
5347,2,2014-11-14 18:59:34,2014-11-14 19:13:28
5345,2,2014-10-25 14:34:33,2014-11-14 19:52:31
5344,2,2014-11-14 18:55:55,2014-11-14 20:13:51
5341,2,2014-11-17 18:11:55,2014-11-17 18:29:53
5326,2,2013-09-12 18:25:12,2014-11-18 18:33:47
5310,2,2014-10-01 00:28:50,2014-11-20 15:50:29
5236,2,2013-11-28 22:44:11,2014-11-27 22:33:51
5235,2,2013-11-28 22:46:10,2014-11-27 22:35:59
5234,2,2013-11-28 22:48:19,2014-11-27 22:38:11
5233,2,2013-11-28 22:50:31,2014-11-27 22:40:22
5232,2,2013-11-28 22:52:43,2014-11-27 22:42:30
5231,2,2013-11-28 22:54:51,2014-11-27 22:44:33
5230,2,2013-11-28 23:03:08,2014-11-27 22:53:00
5199,2,2014-11-28 04:12:57,2014-11-28 20:21:21
5099,2,2014-08-25 18:52:48,2014-12-10 01:54:53
5079,2,2014-11-29 04:31:18,2014-12-11 16:52:03
5060,2,2014-09-16 16:19:10,2014-12-12 09:55:15
5058,2,2014-09-16 16:34:38,2014-12-12 10:09:55
5018,2,2014-12-18 23:53:27,2025-06-13 20:08:12
4965,2,2014-09-01 22:48:58,2014-12-23 11:35:27
4963,2,2014-12-16 19:41:15,2014-12-23 17:12:44
4892,2,2013-12-14 13:46:54,2014-12-25 21:08:26
4836,2,2014-12-24 06:37:09,2014-12-29 17:18:11
4831,2,2014-12-24 06:40:15,2014-12-29 17:36:36
4823,2,2014-12-25 09:29:49,2014-12-30 15:31:33
4817,2,2014-12-30 16:21:35,2014-12-30 16:32:46
4816,2,2014-12-30 16:30:43,2014-12-30 16:37:20
4798,2,2014-06-07 14:46:34,2015-01-03 14:01:32
4765,2,2015-01-04 21:56:54,2015-01-05 11:56:35
4762,2,2014-11-26 14:58:33,2015-01-06 13:20:14
4749,2,2014-08-25 20:05:50,2015-01-07 22:41:39
4739,2,2014-05-31 13:30:03,2015-01-08 16:06:26
4717,2,2013-11-25 16:42:21,2015-01-09 16:55:39
4694,2,2014-11-10 22:16:24,2015-01-11 17:08:38
4693,2,2014-11-10 22:18:27,2015-01-11 17:10:41
4692,2,2014-11-10 22:22:01,2015-01-11 17:13:46
4691,2,2014-11-10 22:25:25,2015-01-11 17:16:01
4687,2,2015-01-11 19:09:11,2015-01-11 20:19:06
4682,2,2014-05-27 20:00:59,2015-01-12 01:57:12
4675,2,2015-01-11 20:53:16,2015-01-12 09:09:39
4619,2,2014-08-25 16:35:07,2015-01-15 17:35:20
4617,2,2014-08-25 16:42:39,2015-01-15 17:42:51
4616,2,2014-08-25 16:46:07,2015-01-15 17:46:19
4615,2,2014-08-25 16:50:12,2015-01-15 17:50:24
4614,2,2014-08-25 16:52:32,2015-01-15 17:53:45
4613,2,2014-08-25 16:55:43,2015-01-15 17:57:00
4611,2,2014-08-25 17:05:21,2015-01-15 18:06:36
4610,2,2014-08-25 17:09:58,2015-01-15 18:11:11
4597,2,2015-01-15 20:06:57,2015-01-16 15:19:10
4552,2,2014-11-27 23:04:45,2015-01-23 02:42:35
4551,2,2014-11-27 23:06:51,2015-01-23 02:44:23
4469,2,2015-01-15 18:13:08,2015-02-06 00:07:20
4399,2,2015-02-08 22:27:27,2015-02-11 23:04:18
4388,2,2014-07-20 00:21:59,2015-02-13 02:44:11
4380,2,2015-02-14 17:05:52,2015-02-14 17:05:53
4377,2,2015-02-15 14:50:13,2015-02-15 14:53:05
4374,2,2015-02-09 01:04:43,2015-02-16 11:14:42
4371,2,2015-02-16 12:28:36,2015-02-16 12:41:31
4358,2,2015-02-17 16:25:35,2015-02-17 16:25:36
4350,2,2014-09-12 22:29:02,2015-02-17 19:59:13
4337,2,2015-02-19 15:09:49,2015-02-19 15:43:52
4334,2,2014-11-11 16:25:26,2015-02-20 11:37:13
4333,2,2014-11-11 16:17:09,2015-02-20 11:37:55
4319,2,2014-08-21 21:50:28,2015-02-22 16:14:02
4259,2,2015-01-12 18:12:22,2015-02-25 03:51:50
4244,2,2013-09-07 21:40:43,2015-02-28 22:40:35
4239,2,2015-02-19 16:44:44,2015-03-02 15:44:17
4234,2,2015-02-19 16:41:59,2015-03-02 16:38:44
4227,2,2015-03-02 15:18:38,2015-03-03 15:23:01
4148,2,2015-02-14 16:53:11,2015-03-11 17:56:00
4147,2,2015-03-11 01:53:08,2015-03-11 19:28:22
4146,2,2015-03-11 01:59:58,2015-03-11 19:35:12
4145,2,2015-03-11 02:03:47,2015-03-11 19:37:44
4139,2,2015-03-05 23:51:13,2015-03-11 20:44:40
4138,2,2015-03-05 23:55:06,2015-03-11 20:48:33
4134,2,2015-03-06 00:08:31,2015-03-11 21:01:59
4131,2,2014-09-07 14:46:37,2015-03-11 23:22:14
4083,2,2014-12-02 19:31:16,2015-03-18 23:51:32
4034,2,2014-11-09 23:22:36,2015-04-05 08:08:14
4033,2,2014-11-09 23:24:49,2015-04-05 08:10:27
4032,2,2014-11-09 23:28:14,2015-04-05 08:12:46
4031,2,2014-11-09 23:31:38,2015-04-05 08:16:10
4011,2,2015-01-04 22:07:50,2015-04-10 18:25:39
3999,2,2015-04-10 18:37:47,2015-04-11 11:06:46
3959,2,2014-07-18 02:28:42,2015-04-14 18:13:56
3913,2,2014-04-30 01:28:25,2015-04-15 22:40:11
3895,2,2015-04-10 21:12:43,2015-04-18 03:01:29
3888,2,2015-04-18 21:10:11,2025-08-21 22:51:09
3848,2,2014-12-28 09:27:37,2015-04-20 13:38:19
3835,2,2014-11-28 04:22:49,2015-04-20 17:10:15
3833,2,2014-11-28 04:27:55,2015-04-20 17:18:07
3832,2,2014-11-28 04:28:26,2015-04-20 17:18:41
3817,2,2015-04-14 12:49:53,2015-04-20 19:49:04
3794,2,2014-12-01 15:45:41,2015-04-21 20:54:51
3789,2,2015-04-22 14:42:46,2015-04-22 15:44:28
3782,2,2015-04-22 20:12:14,2024-11-30 03:32:21
3768,2,2013-12-21 22:47:42,2015-04-23 00:42:44
3764,2,2014-12-19 00:08:30,2015-04-23 14:20:05
3761,2,2014-12-19 00:02:40,2015-04-23 14:38:19
3760,2,2015-04-23 14:03:30,2015-04-23 14:44:08
3756,2,2013-11-07 12:18:16,2015-04-23 17:27:05
3662,2,2015-04-25 13:14:10,2015-04-29 14:38:02
3644,2,2014-04-28 15:39:18,2015-05-02 00:09:08
3567,2,2015-05-05 14:44:35,2015-05-05 19:08:59
3440,2,2014-12-19 04:44:44,2015-05-16 22:11:05
3439,2,2014-12-19 04:48:29,2015-05-16 22:14:50
3405,2,2015-05-19 21:16:02,2023-06-09 10:17:35
3386,2,2015-05-21 19:20:18,2015-05-21 19:53:15
3382,2,2015-05-21 19:32:13,2015-05-21 20:05:10
3381,2,2015-05-21 19:34:51,2015-05-21 20:07:48
3380,2,2015-05-21 19:38:16,2015-05-21 20:11:13
3375,2,2015-05-19 21:58:49,2015-05-21 20:25:08
3230,2,2015-05-05 11:09:27,2015-05-31 22:40:01
3218,2,2015-04-20 01:59:12,2015-06-02 14:29:29
3217,2,2014-10-27 21:35:30,2015-06-02 14:43:54
3209,2,2015-01-23 02:14:46,2015-06-02 19:03:48
3194,2,2014-08-25 15:52:17,2015-06-04 12:45:43
3132,2,2015-06-10 21:42:25,2015-06-10 22:20:29
3131,2,2015-06-10 21:47:43,2015-06-10 22:25:47
3119,2,2014-11-19 16:42:56,2015-06-12 22:41:20
3114,2,2015-04-04 19:28:29,2015-06-12 23:06:18
3097,2,2015-01-18 21:20:55,2015-06-14 00:54:17
3096,2,2015-01-18 21:22:52,2015-06-14 00:56:14
3094,2,2015-01-18 22:22:47,2015-06-14 01:03:44
2979,2,2015-06-29 19:58:23,2015-06-29 19:58:25
2946,2,2015-06-30 23:54:35,2015-07-03 21:21:30
2930,2,2015-01-23 03:30:13,2015-07-05 20:01:56
2860,2,2015-04-05 16:13:46,2015-07-08 15:14:30
2826,2,2015-01-21 21:29:24,2015-07-12 20:07:56
2787,2,2015-07-01 09:42:05,2015-07-21 23:56:06
2757,2,2014-12-19 03:44:32,2015-07-25 18:41:23
2740,2,2015-07-25 21:47:07,2024-11-30 03:51:23
2726,2,2014-08-04 17:58:40,2015-07-28 11:07:12
2606,2,2015-08-07 12:33:45,2015-08-07 13:25:51
2605,2,2015-08-07 13:11:58,2015-08-07 14:04:03
2602,2,2015-08-07 13:29:08,2015-08-07 16:10:19
2600,2,2015-08-07 13:37:14,2015-08-07 16:18:25
2599,2,2015-08-07 12:49:46,2015-08-07 16:23:02
2596,2,2015-08-07 13:03:20,2015-08-07 16:36:36
2595,2,2015-08-07 13:08:18,2015-08-07 16:41:34
2547,2,2015-08-09 13:14:23,2015-08-09 13:14:31
2537,2,2015-05-23 13:15:51,2015-08-10 18:39:28
2471,2,2015-08-14 14:44:26,2015-08-14 14:44:27
2469,2,2015-08-14 14:51:59,2015-08-14 14:52:01
2433,2,2015-08-16 13:53:01,2015-08-16 13:53:12
2422,2,2015-08-16 16:36:38,2015-08-16 19:37:57
2419,2,2015-08-15 18:43:49,2015-08-16 19:50:48
2352,2,2015-08-19 12:04:32,2015-08-19 12:04:38
2351,2,2015-08-19 12:05:26,2015-08-19 12:05:32
2350,2,2015-08-19 12:15:33,2015-08-19 12:15:39
2349,2,2015-08-19 12:19:25,2015-08-19 12:19:31
2348,2,2015-08-19 12:22:25,2015-08-19 12:22:31
2307,2,2014-01-06 23:50:17,2015-08-23 21:46:23
2306,2,2015-08-23 07:30:15,2015-08-23 22:09:16
2288,2,2014-10-01 19:50:57,2015-08-24 16:18:05
2283,2,2014-10-01 22:03:39,2015-08-24 16:37:35
2272,2,2015-08-07 22:35:09,2015-08-26 11:52:46
2215,2,2015-08-31 18:09:52,2015-08-31 19:05:16
2172,2,2015-01-04 22:11:26,2015-09-05 14:29:27
2114,2,2014-08-10 01:13:49,2015-09-09 19:08:52
2113,2,2015-04-15 02:06:32,2015-09-09 20:03:11
2093,2,2015-09-09 23:07:59,2015-09-10 00:00:59
2022,2,2015-07-04 21:54:32,2015-09-16 18:27:16
2019,2,2015-06-28 19:37:25,2015-09-16 18:38:35
2017,2,2015-06-19 19:08:37,2015-09-16 18:46:20
2015,2,2015-08-13 00:41:23,2015-09-17 19:35:02
1972,2,2015-09-20 17:33:51,2015-09-23 11:34:24
1965,2,2015-09-25 12:30:22,2015-09-25 12:34:52
1873,2,2015-10-01 18:57:45,2015-10-04 15:58:18
1872,2,2015-10-01 19:05:29,2015-10-04 16:01:56
1729,2,2015-10-17 20:22:00,2015-10-17 20:26:44
1695,2,2015-10-15 19:55:23,2015-10-19 20:42:02
1694,2,2015-10-15 19:58:31,2015-10-19 20:45:10
1664,2,2015-09-06 14:02:18,2015-10-24 16:29:35
1661,2,2015-10-24 17:47:22,2015-10-24 17:49:34
1642,2,2015-10-28 14:27:25,2015-10-28 14:29:34
1604,2,2015-10-29 23:39:23,2023-08-24 10:09:35
1507,2,2015-11-07 01:04:32,2015-11-07 11:45:13
1432,2,2015-11-17 19:24:45,2015-11-18 09:03:11
1412,2,2015-11-20 18:09:35,2015-11-20 18:11:59
1383,2,2015-11-24 19:50:13,2015-11-24 19:52:52
1276,2,2015-09-22 21:26:44,2015-12-17 23:46:02
1200,2,2015-11-18 12:20:04,2015-12-28 11:29:25
1190,2,2015-10-13 17:36:21,2015-12-28 12:48:08
1125,2,2015-12-20 23:21:36,2016-01-04 22:54:50
1039,2,2015-12-21 10:31:02,2016-01-26 22:57:22
938,2,2014-02-23 20:51:07,2016-03-07 20:59:33
871,2,2016-02-18 12:15:02,2016-03-08 21:11:41
835,2,2016-01-04 22:02:43,2016-03-13 23:17:49
691,2,2016-03-13 22:01:57,2016-04-06 14:52:23
685,2,2015-08-06 21:47:01,2016-04-07 13:57:51
297,2,2016-12-13 20:42:40,2016-12-13 20:47:01
215,2,2017-03-11 14:30:54,2017-03-30 22:40:03
214,2,2017-03-11 14:36:44,2017-03-30 22:45:53
14191,1,2025-08-24 12:08:05,2025-08-24 12:08:05
14190,1,2025-08-24 11:58:48,2025-08-24 11:58:48
14189,1,2025-08-24 11:55:03,2025-08-24 11:55:03
14188,1,2025-08-24 11:31:22,2025-08-24 11:31:22
14187,1,2025-08-24 11:46:31,2025-08-24 11:46:31
14186,1,2025-08-24 11:41:58,2025-08-24 11:41:58
14185,1,2025-08-24 11:41:58,2025-08-24 11:41:58
14184,1,2025-08-24 11:31:22,2025-08-24 11:31:22
14183,1,2025-08-24 10:53:00,2025-08-24 10:53:00
14182,1,2025-08-24 11:46:31,2025-08-24 11:46:31
14181,1,2025-08-24 10:50:02,2025-08-24 10:50:02
14180,1,2025-08-24 10:53:00,2025-08-24 10:53:00
14179,1,2025-08-24 00:28:40,2025-08-24 00:28:40
14178,1,2025-08-24 10:57:46,2025-08-24 10:57:46
14177,1,2025-08-24 10:47:27,2025-08-24 10:47:27
14176,1,2025-08-24 11:22:33,2025-08-24 11:22:33
14175,1,2025-08-24 10:59:56,2025-08-24 10:59:56
14174,1,2025-08-24 10:50:02,2025-08-24 10:50:02
14173,1,2025-08-24 10:55:35,2025-08-24 10:55:35
14172,1,2025-08-24 11:37:53,2025-08-24 11:37:53
14171,1,2025-08-24 11:19:05,2025-08-24 11:19:05
14170,1,2025-08-24 10:59:56,2025-08-24 10:59:56
14169,1,2025-08-24 11:37:53,2025-08-24 11:37:53
14168,1,2025-08-24 11:19:05,2025-08-24 11:19:05
14167,1,2025-08-24 10:57:46,2025-08-24 10:57:46
14166,1,2025-08-24 00:28:40,2025-08-24 00:28:40
14165,1,2025-08-24 10:47:27,2025-08-24 10:47:27
14164,1,2025-08-24 10:55:35,2025-08-24 10:55:35
14163,1,2025-08-24 11:22:33,2025-08-24 11:22:33
14162,1,2025-08-24 11:51:25,2025-08-24 11:51:25
14161,1,2025-08-24 00:28:40,2025-08-24 00:28:40
14160,1,2025-08-24 00:01:30,2025-08-24 00:01:30
14159,1,2025-08-23 23:49:18,2025-08-23 23:49:18
14158,1,2025-08-23 23:39:30,2025-08-23 23:39:30
14157,1,2025-08-23 23:32:24,2025-08-23 23:32:24
14156,1,2025-08-23 23:25:07,2025-08-23 23:25:07
14155,1,2025-08-23 23:12:40,2025-08-23 23:12:40
14154,1,2025-08-23 23:07:24,2025-08-23 23:07:24
14153,1,2025-08-23 22:52:22,2025-08-23 22:52:22
14152,1,2025-08-23 22:59:09,2025-08-23 22:59:09
14147,1,2025-08-23 19:34:08,2025-08-23 19:34:08
14146,1,2025-08-23 19:28:58,2025-08-23 19:28:58
14145,1,2025-08-23 19:42:00,2025-08-23 19:42:00
14144,1,2025-08-23 19:12:05,2025-08-23 19:12:05
14143,1,2025-08-23 19:25:13,2025-08-23 19:25:13
14142,1,2025-08-23 16:10:15,2025-08-23 16:10:15
14141,1,2025-08-23 16:17:07,2025-08-23 16:17:07
14140,1,2025-08-23 16:17:54,2025-08-23 16:17:54
14139,1,2025-08-23 16:06:30,2025-08-23 16:06:30
14138,1,2025-08-23 11:49:31,2025-08-23 11:49:31
14137,1,2025-08-23 12:11:13,2025-08-23 12:11:13
14136,1,2025-08-23 12:05:56,2025-08-23 12:05:56
14135,1,2025-08-23 00:46:41,2025-08-23 00:46:41
14134,1,2025-08-23 11:44:52,2025-08-23 11:44:52
14133,1,2025-08-23 12:03:02,2025-08-23 12:03:02
14132,1,2025-08-23 11:49:31,2025-08-23 11:49:31
14131,1,2025-08-23 11:58:17,2025-08-23 11:58:17
14130,1,2025-08-23 11:10:57,2025-08-23 11:10:57
14129,1,2025-08-23 10:16:18,2025-08-23 10:16:18
14127,1,2025-08-23 11:32:12,2025-08-23 11:32:12
14126,1,2025-08-23 10:43:08,2025-08-23 10:43:08
14125,1,2025-08-23 10:47:19,2025-08-23 10:47:19
14120,1,2025-08-22 20:44:27,2025-08-22 20:44:27
14119,1,2025-08-22 20:52:58,2025-08-22 20:52:58
14118,1,2025-08-22 20:56:49,2025-08-22 20:56:49
14116,1,2025-08-22 20:07:33,2025-08-22 20:07:33
14115,1,2025-08-22 20:23:35,2025-08-22 20:23:35
14113,1,2025-08-22 19:50:57,2025-08-22 19:50:57
14099,1,2025-08-21 22:16:37,2025-08-21 22:16:37
14098,1,2025-08-21 22:11:29,2025-08-21 22:11:29
14096,1,2025-08-21 21:52:50,2025-08-21 21:52:50
14095,1,2025-08-21 21:56:19,2025-08-21 21:56:19
14093,1,2025-08-21 21:41:03,2025-08-21 21:41:03
14092,1,2025-08-21 20:02:21,2025-08-21 20:02:21
14081,1,2025-08-21 09:31:55,2025-08-21 09:31:55
14080,1,2025-08-21 09:34:57,2025-08-21 09:34:57
14072,1,2025-08-20 22:40:47,2025-08-20 22:40:47
14070,1,2025-08-18 20:51:07,2025-08-18 20:51:07
14068,1,2025-08-18 17:48:42,2025-08-18 17:48:42
14066,1,2025-08-18 17:14:05,2025-08-18 17:14:05
14064,1,2025-08-18 12:29:29,2025-08-18 12:29:29
14061,1,2025-08-17 14:56:59,2025-08-17 14:56:59
14060,1,2025-08-17 14:50:44,2025-08-17 14:50:44
14058,1,2025-08-17 14:21:45,2025-08-17 14:21:45
14057,1,2025-08-17 14:21:20,2025-08-17 14:21:20
14056,1,2025-08-17 14:21:15,2025-08-17 14:21:15
14055,1,2025-08-17 14:21:12,2025-08-17 14:21:12
14048,1,2025-08-11 23:27:21,2025-08-11 23:27:21
14024,1,2025-08-08 18:40:37,2025-08-08 18:40:37
14023,1,2025-08-08 18:35:19,2025-08-08 18:35:19
14021,1,2025-08-08 18:18:12,2025-08-08 18:18:12
14020,1,2025-08-08 18:16:51,2025-08-08 18:16:51
14019,1,2025-08-08 18:03:12,2025-08-08 18:03:12
14008,1,2025-08-07 12:04:34,2025-08-07 12:04:34
14007,1,2025-08-07 11:19:15,2025-08-07 11:19:15
13982,1,2025-07-26 14:42:47,2025-07-26 14:42:47
13966,1,2025-07-21 13:24:40,2025-07-21 13:24:40
13904,1,2025-07-11 15:30:11,2025-07-11 15:30:11
13866,1,2025-07-05 14:03:53,2025-07-05 14:03:53
13865,1,2025-07-05 00:24:49,2025-07-05 00:24:49
13857,1,2025-07-02 13:53:50,2025-07-02 13:53:50
13853,1,2025-07-02 10:25:04,2025-07-02 10:25:04
13829,1,2025-06-25 20:48:15,2025-06-25 20:48:15
13828,1,2025-06-25 20:46:12,2025-06-25 20:46:12
13826,1,2025-06-25 20:41:50,2025-06-25 20:41:50
13815,1,2025-06-23 21:51:06,2025-06-23 21:51:06
13806,1,2025-06-21 18:34:40,2025-06-21 18:34:40
13768,1,2025-06-17 07:29:45,2025-06-17 07:29:45
13755,1,2025-06-13 19:50:24,2025-06-13 19:50:24
13752,1,2025-06-13 10:25:09,2025-06-13 10:25:09
13751,1,2025-06-12 07:42:10,2025-06-12 07:42:10
13749,1,2025-06-12 07:42:02,2025-06-12 07:42:02
13748,1,2025-06-12 07:35:03,2025-06-12 07:35:03
13743,1,2025-06-12 06:49:18,2025-06-12 06:49:18
13742,1,2025-06-12 06:49:17,2025-06-12 06:49:17
13739,1,2025-06-11 16:52:42,2025-06-11 16:52:42
13738,1,2025-06-11 16:50:39,2025-06-11 16:50:39
13735,1,2025-06-11 11:48:40,2025-06-11 11:48:40
13734,1,2025-06-11 07:41:05,2025-06-11 07:41:05
13707,1,2025-06-02 18:54:00,2025-06-02 18:54:00
13706,1,2025-06-02 18:53:50,2025-06-02 18:53:50
13692,1,2025-06-02 17:07:39,2025-06-02 17:07:39
13680,1,2025-05-30 19:12:52,2025-05-30 19:12:52
13679,1,2025-05-30 18:40:36,2025-05-30 18:40:36
13678,1,2025-05-30 18:31:04,2025-05-30 18:31:04
13677,1,2025-05-30 18:24:14,2025-05-30 18:24:14
13676,1,2025-05-30 18:22:58,2025-05-30 18:22:58
13675,1,2025-05-30 17:59:56,2025-05-30 17:59:56
13610,1,2025-05-23 10:24:15,2025-05-23 10:24:15
13589,1,2025-05-14 20:40:57,2025-05-14 20:40:57
13588,1,2025-05-14 20:35:49,2025-05-14 20:35:49
13585,1,2025-05-14 20:11:13,2025-05-14 20:11:13
13562,1,2025-05-12 09:18:41,2025-05-12 09:18:41
13500,1,2025-04-21 14:18:53,2025-04-21 14:18:53
13486,1,2025-04-18 14:21:32,2025-04-18 14:21:32
13440,1,2025-04-03 17:52:22,2025-04-03 17:52:22
13439,1,2025-04-03 17:37:22,2025-04-03 17:37:22
13438,1,2025-04-03 17:37:16,2025-04-03 17:37:16
13323,1,2025-03-16 20:46:37,2025-03-16 20:46:37
13316,1,2025-03-16 20:13:20,2025-03-16 20:13:20
13301,1,2025-03-16 19:19:31,2025-03-16 19:19:31
13286,1,2025-03-10 20:30:50,2025-03-10 20:30:50
13283,1,2025-03-10 20:30:46,2025-03-10 20:30:46
13282,1,2025-03-10 20:30:45,2025-03-10 20:30:45
13281,1,2025-03-10 20:30:44,2025-03-10 20:30:44
13280,1,2025-03-10 20:30:42,2025-03-10 20:30:42
13279,1,2025-03-10 10:37:35,2025-03-10 10:37:35
13273,1,2025-03-05 17:29:38,2025-03-05 17:29:38
13272,1,2025-03-05 16:40:15,2025-03-05 16:40:15
13271,1,2025-03-05 16:36:03,2025-03-05 16:36:03
13270,1,2025-03-05 16:33:06,2025-03-05 16:33:06
13269,1,2025-03-05 16:28:22,2025-03-05 16:28:22
13255,1,2025-02-28 12:24:45,2025-02-28 12:24:45
13230,1,2025-02-14 11:20:17,2025-02-14 11:20:17
13225,1,2025-02-13 14:16:51,2025-02-13 14:16:51
13221,1,2025-02-12 12:36:01,2025-02-12 12:36:01
13220,1,2025-02-12 12:32:38,2025-02-12 12:32:38
13219,1,2025-02-12 12:32:33,2025-02-12 12:32:33
13211,1,2025-02-10 12:29:36,2025-02-10 12:29:36
13203,1,2025-02-07 20:53:46,2025-02-07 20:53:46
13157,1,2025-01-25 14:40:28,2025-01-25 14:40:28
13150,1,2025-01-23 09:04:50,2025-01-23 09:04:50
13128,1,2025-01-19 10:50:24,2025-01-19 10:50:24
13127,1,2025-01-19 10:46:37,2025-01-19 10:46:37
13057,1,2025-01-13 15:35:36,2025-01-13 15:35:36
13054,1,2025-01-12 16:06:52,2025-01-12 16:06:52
13045,1,2025-01-11 21:23:21,2025-01-11 21:23:21
13044,1,2025-01-11 21:23:20,2025-01-11 21:23:20
13040,1,2025-01-11 18:24:16,2025-01-11 18:24:16
13034,1,2025-01-11 17:26:34,2025-01-11 17:26:34
13031,1,2025-01-11 17:17:07,2025-01-11 17:17:07
13011,1,2025-01-05 18:37:51,2025-01-05 18:37:51
13005,1,2025-01-05 17:35:04,2025-01-05 17:35:04
13003,1,2025-01-05 17:23:27,2025-01-05 17:23:27
12999,1,2025-01-05 17:04:53,2025-01-05 17:04:53
12986,1,2025-01-03 20:22:27,2025-01-03 20:22:27
12983,1,2025-01-03 20:11:19,2025-01-03 20:11:19
12925,1,2024-12-24 15:54:37,2024-12-24 15:54:37
12867,1,2024-12-16 09:02:17,2024-12-16 09:02:17
12866,1,2024-12-16 08:59:32,2024-12-16 08:59:32
12865,1,2024-12-16 08:59:30,2024-12-16 08:59:30
12864,1,2024-12-16 08:58:04,2024-12-16 08:58:04
12863,1,2024-12-16 08:58:00,2024-12-16 08:58:00
12862,1,2024-12-16 08:53:32,2024-12-16 08:53:32
12857,1,2024-12-08 09:14:18,2024-12-08 09:14:18
12856,1,2024-12-08 09:09:45,2024-12-08 09:09:45
12838,1,2024-11-30 04:27:11,2024-11-30 04:27:11
12837,1,2024-11-30 04:22:31,2024-11-30 04:22:31
12835,1,2024-11-30 04:08:36,2024-11-30 04:08:36
12833,1,2024-11-30 03:56:38,2024-11-30 03:56:38
12786,1,2024-11-13 12:45:24,2024-11-13 12:45:24
12777,1,2024-11-11 13:27:28,2024-11-11 13:27:28
12742,1,2024-11-08 11:35:46,2024-11-08 11:35:46
12731,1,2024-11-07 12:01:46,2024-11-07 12:01:46
12727,1,2024-11-07 11:39:37,2024-11-07 11:39:37
12714,1,2024-11-05 22:27:36,2024-11-05 22:27:36
12711,1,2024-11-05 22:27:24,2024-11-05 22:27:24
12687,1,2024-11-04 12:44:26,2024-11-04 12:44:26
12669,1,2024-10-31 14:49:55,2024-10-31 14:49:55
12668,1,2024-10-31 14:36:30,2024-10-31 14:36:30
12663,1,2024-10-31 14:21:08,2024-10-31 14:21:08
12662,1,2024-10-31 14:19:07,2024-10-31 14:19:07
12661,1,2024-10-30 12:19:22,2024-10-30 12:19:22
12660,1,2024-10-30 12:14:13,2024-10-30 12:14:13
12659,1,2024-10-30 12:14:10,2024-10-30 12:14:10
12658,1,2024-10-30 11:45:19,2024-10-30 11:45:19
12657,1,2024-10-30 11:41:31,2024-10-30 11:41:31
12654,1,2024-10-29 19:28:59,2024-10-29 19:28:59
12617,1,2024-10-25 17:35:01,2024-10-25 17:35:01
12592,1,2024-10-20 16:13:00,2024-10-20 16:13:00
12544,1,2024-10-12 11:02:04,2024-10-12 11:02:04
12539,1,2024-10-10 17:30:46,2024-10-10 17:30:46
12538,1,2024-10-10 17:11:52,2024-10-10 17:11:52
12530,1,2024-10-08 23:13:45,2024-10-08 23:13:45
12528,1,2024-10-08 22:53:19,2024-10-08 22:53:19
12515,1,2024-10-08 22:45:55,2024-10-08 22:45:55
12514,1,2024-10-08 22:38:36,2024-10-08 22:38:36
12513,1,2024-10-08 22:38:33,2024-10-08 22:38:33
12512,1,2024-10-08 22:38:31,2024-10-08 22:38:31
12510,1,2024-10-08 22:34:53,2024-10-08 22:34:53
12506,1,2024-10-08 06:45:21,2024-10-08 06:45:21
12504,1,2024-10-07 20:15:01,2024-10-07 20:15:01
12497,1,2024-10-07 13:01:18,2024-10-07 13:01:18
12494,1,2024-10-07 11:09:01,2024-10-07 11:09:01
12486,1,2024-10-02 19:33:30,2024-10-02 19:33:30
12466,1,2024-09-27 09:00:28,2024-09-27 09:00:28
12464,1,2024-09-27 09:00:01,2024-09-27 09:00:01
12433,1,2024-09-21 09:10:38,2024-09-21 09:10:38
12411,1,2024-09-18 07:16:48,2024-09-18 07:16:48
12409,1,2024-09-17 21:33:57,2024-09-17 21:33:57
12403,1,2024-09-11 17:17:44,2024-09-11 17:17:44
12386,1,2024-09-06 20:14:49,2024-09-06 20:14:49
12378,1,2024-08-30 20:34:34,2024-08-30 20:34:34
12373,1,2024-08-29 11:20:14,2024-08-29 11:20:14
12371,1,2024-08-28 10:33:22,2024-08-28 10:33:22
12370,1,2024-08-28 10:29:29,2024-08-28 10:29:29
12365,1,2024-08-27 22:37:59,2024-08-27 22:37:59
12364,1,2024-08-27 22:37:55,2024-08-27 22:37:55
12345,1,2024-08-22 12:21:01,2024-08-22 12:21:01
12338,1,2024-08-21 19:37:49,2024-08-21 19:37:49
12337,1,2024-08-21 19:37:46,2024-08-21 19:37:46
12313,1,2024-08-19 10:38:24,2024-08-19 10:38:24
12312,1,2024-08-19 10:36:45,2024-08-19 10:36:45
12311,1,2024-08-19 10:23:29,2024-08-19 10:23:29
12310,1,2024-08-19 09:57:52,2024-08-19 09:57:52
12299,1,2024-08-17 09:38:47,2024-08-17 09:38:47
12253,1,2024-08-11 09:59:21,2024-08-11 09:59:21
12128,1,2024-07-17 19:59:57,2024-07-17 19:59:57
12101,1,2024-07-16 08:34:14,2024-07-16 08:34:14
12068,1,2024-07-07 11:04:39,2024-07-07 11:04:39
12014,1,2024-06-22 10:34:30,2024-06-22 10:34:30
12005,1,2024-06-13 14:44:18,2024-06-13 14:44:18
12000,1,2024-06-13 08:36:36,2024-06-13 08:36:36
11977,1,2024-06-09 21:33:55,2024-06-09 21:33:55
11972,1,2024-06-08 10:22:35,2024-06-08 10:22:35
11925,1,2024-05-28 18:35:15,2024-05-28 18:35:15
11924,1,2024-05-28 18:35:00,2024-05-28 18:35:00
11894,1,2024-05-16 07:58:14,2024-05-16 07:58:14
11893,1,2024-05-16 07:58:03,2024-05-16 07:58:03
11891,1,2024-05-16 07:55:24,2024-05-16 07:55:24
11887,1,2024-05-16 07:27:38,2024-05-16 07:27:38
11870,1,2024-05-09 18:07:02,2024-05-09 18:07:02
11868,1,2024-05-08 11:39:08,2024-05-08 11:39:08
11867,1,2024-05-08 11:39:00,2024-05-08 11:39:00
11865,1,2024-05-08 11:29:51,2024-05-08 11:29:51
11864,1,2024-05-08 11:29:03,2024-05-08 11:29:03
11863,1,2024-05-08 11:23:39,2024-05-08 11:23:39
11862,1,2024-05-08 11:18:28,2024-05-08 11:18:28
11860,1,2024-05-08 10:59:47,2024-05-08 10:59:47
11859,1,2024-05-08 10:55:08,2024-05-08 10:55:08
11857,1,2024-05-08 10:16:57,2024-05-08 10:16:57
11856,1,2024-05-08 10:12:04,2024-05-08 10:12:04
11855,1,2024-05-08 10:03:34,2024-05-08 10:03:34
11854,1,2024-05-08 10:00:34,2024-05-08 10:00:34
11853,1,2024-05-08 09:56:12,2024-05-08 09:56:12
11852,1,2024-05-08 09:51:18,2024-05-08 09:51:18
11850,1,2024-05-08 09:37:17,2024-05-08 09:37:17
11849,1,2024-05-08 09:33:15,2024-05-08 09:33:15
11833,1,2024-04-29 14:14:53,2024-04-29 14:14:53
11832,1,2024-04-29 14:14:49,2024-04-29 14:14:49
11831,1,2024-04-29 14:13:14,2024-04-29 14:13:14
11822,1,2024-04-26 12:05:20,2024-04-26 12:05:20
11806,1,2024-04-21 16:36:32,2024-04-21 16:36:32
11787,1,2024-04-20 12:13:54,2024-04-20 12:13:54
11774,1,2024-04-18 12:19:17,2024-04-18 12:19:17
11621,1,2024-03-09 08:44:57,2024-03-09 08:44:57
11619,1,2024-03-09 08:38:37,2024-03-09 08:38:37
11533,1,2024-02-16 13:35:17,2024-02-16 13:35:17
11489,1,2024-02-12 08:33:15,2024-02-12 08:33:15
11488,1,2024-02-12 08:33:06,2024-02-12 08:33:06
11486,1,2024-02-12 08:25:05,2024-02-12 08:25:05
11415,1,2024-02-01 12:35:10,2024-02-01 12:35:10
11362,1,2024-01-22 15:40:44,2024-01-22 15:40:44
11269,1,2024-01-16 23:48:22,2024-01-16 23:48:22
11197,1,2024-01-02 14:56:28,2024-01-02 14:56:28
11098,1,2023-12-25 18:17:24,2023-12-25 18:17:24
11080,1,2023-12-25 17:24:24,2023-12-25 17:24:24
11076,1,2023-12-25 17:13:59,2023-12-25 17:13:59
11074,1,2023-12-25 17:09:02,2023-12-25 17:09:02
11073,1,2023-12-25 17:06:28,2023-12-25 17:06:28
11070,1,2023-12-25 16:53:05,2023-12-25 16:53:05
11060,1,2023-12-17 18:39:02,2023-12-17 18:39:02
11034,1,2023-12-10 00:06:00,2023-12-10 00:06:00
11013,1,2023-12-09 16:20:11,2023-12-09 16:20:11
10973,1,2023-11-23 15:59:07,2023-11-23 15:59:07
10970,1,2023-11-21 14:00:10,2023-11-21 14:00:10
10962,1,2023-11-20 22:38:54,2023-11-20 22:38:54
10961,1,2023-11-20 22:35:31,2023-11-20 22:35:31
10949,1,2023-11-18 18:46:23,2023-11-18 18:46:23
10936,1,2023-11-17 15:16:23,2023-11-17 15:16:23
10935,1,2023-11-17 15:15:24,2023-11-17 15:15:24
10933,1,2023-11-17 12:06:12,2023-11-17 12:06:12
10932,1,2023-11-16 22:16:44,2023-11-16 22:16:44
10931,1,2023-11-16 22:14:00,2023-11-16 22:14:00
10929,1,2023-11-16 22:03:27,2023-11-16 22:03:27
10928,1,2023-11-16 22:00:17,2023-11-16 22:00:17
10926,1,2023-11-16 21:02:04,2023-11-16 21:02:04
10919,1,2023-11-16 20:42:54,2023-11-16 20:42:54
10911,1,2023-11-12 14:52:52,2023-11-12 14:52:52
10892,1,2023-11-10 15:54:41,2023-11-10 15:54:41
10890,1,2023-11-10 14:21:51,2023-11-10 14:21:51
10889,1,2023-11-10 13:43:23,2023-11-10 13:43:23
10888,1,2023-11-10 13:43:20,2023-11-10 13:43:20
10871,1,2023-11-06 14:26:33,2023-11-06 14:26:33
10805,1,2023-10-15 14:46:59,2023-10-15 14:46:59
10803,1,2023-10-15 12:41:31,2023-10-15 12:41:31
10762,1,2023-10-06 12:34:35,2023-10-06 12:34:35
10760,1,2023-10-06 10:47:21,2023-10-06 10:47:21
10755,1,2023-10-05 21:57:36,2023-10-05 21:57:36
10749,1,2023-10-04 18:00:12,2023-10-04 18:00:12
10708,1,2023-09-18 15:55:20,2023-09-18 15:55:20
10707,1,2023-09-18 15:55:14,2023-09-18 15:55:14
10706,1,2023-09-18 15:55:09,2023-09-18 15:55:09
10704,1,2023-09-18 15:55:00,2023-09-18 15:55:00
10703,1,2023-09-18 15:54:45,2023-09-18 15:54:45
10702,1,2023-09-18 15:54:34,2023-09-18 15:54:34
10616,1,2023-08-19 10:07:33,2023-08-19 10:07:33
10601,1,2023-08-15 21:06:07,2023-08-15 21:06:07
10593,1,2023-08-15 20:04:36,2023-08-15 20:04:36
10574,1,2023-08-14 21:28:07,2023-08-14 21:28:07
10565,1,2023-08-09 20:35:41,2023-08-09 20:35:41
10540,1,2023-08-05 13:46:10,2023-08-05 13:46:10
10539,1,2023-08-05 13:37:27,2023-08-05 13:37:27
10537,1,2023-08-05 13:33:46,2023-08-05 13:33:46
10412,1,2023-07-16 19:57:15,2023-07-16 19:57:15
10407,1,2023-07-13 07:06:37,2023-07-13 07:06:37
10406,1,2023-07-13 07:06:30,2023-07-13 07:06:30
10398,1,2023-07-10 13:48:28,2023-07-10 13:48:28
10377,1,2023-07-05 13:06:39,2023-07-05 13:06:39
10304,1,2023-06-21 15:59:19,2023-06-21 15:59:19
10283,1,2023-06-19 20:25:54,2023-06-19 20:25:54
10259,1,2023-06-09 10:42:57,2023-06-09 10:42:57
10244,1,2023-06-05 21:01:36,2023-06-05 21:01:36
10216,1,2023-05-30 18:27:28,2023-05-30 18:27:28
10215,1,2023-05-30 18:11:43,2023-05-30 18:11:43
10208,1,2023-05-29 13:19:05,2023-05-29 13:19:05
10196,1,2023-05-26 07:35:41,2023-05-26 07:35:41
10185,1,2023-05-26 06:43:49,2023-05-26 06:43:49
10179,1,2023-05-24 19:23:12,2023-05-24 19:23:12
10158,1,2023-05-20 23:27:50,2023-05-20 23:27:50
10156,1,2023-05-20 23:17:15,2023-05-20 23:17:15
10148,1,2023-05-20 15:03:07,2023-05-20 15:03:07
10147,1,2023-05-19 22:03:33,2023-05-19 22:03:33
10125,1,2023-05-11 19:45:25,2023-05-11 19:45:25
10122,1,2023-05-11 08:24:38,2023-05-11 08:24:38
10120,1,2023-05-11 07:51:45,2023-05-11 07:51:45
10119,1,2023-05-11 07:47:31,2023-05-11 07:47:31
10118,1,2023-05-11 07:44:51,2023-05-11 07:44:51
10117,1,2023-05-11 07:39:22,2023-05-11 07:39:22
10116,1,2023-05-11 07:36:27,2023-05-11 07:36:27
10115,1,2023-05-11 07:31:15,2023-05-11 07:31:15
10110,1,2023-05-10 20:14:17,2023-05-10 20:14:17
10090,1,2023-05-07 22:57:03,2023-05-07 22:57:03
10088,1,2023-05-06 13:13:05,2023-05-06 13:13:05
10073,1,2023-05-06 11:49:02,2023-05-06 11:49:02
10067,1,2023-05-06 09:48:10,2023-05-06 09:48:10
10063,1,2023-05-06 09:35:46,2023-05-06 09:35:46
10062,1,2023-05-06 09:35:38,2023-05-06 09:35:38
10061,1,2023-05-06 09:18:22,2023-05-06 09:18:22
10031,1,2023-04-29 21:16:17,2023-04-29 21:16:17
10030,1,2023-04-29 21:07:56,2023-04-29 21:07:56
10029,1,2023-04-29 21:07:37,2023-04-29 21:07:37
10028,1,2023-04-29 21:03:59,2023-04-29 21:03:59
10027,1,2023-04-29 21:03:39,2023-04-29 21:03:39
10026,1,2023-04-29 20:57:49,2023-04-29 20:57:49
9977,1,2023-04-21 13:15:27,2023-04-21 13:15:27
9964,1,2023-04-21 11:52:00,2023-04-21 11:52:00
9955,1,2023-04-19 21:30:42,2023-04-19 21:30:42
9952,1,2023-04-19 21:21:39,2023-04-19 21:21:39
9902,1,2023-04-16 20:07:35,2023-04-16 20:07:35
9901,1,2023-04-16 20:04:30,2023-04-16 20:04:30
9839,1,2023-04-07 18:35:05,2023-04-07 18:35:05
9810,1,2023-04-04 18:55:51,2023-04-04 18:55:51
9808,1,2023-04-04 09:29:22,2023-04-04 09:29:22
9790,1,2023-04-02 13:07:01,2023-04-02 13:07:01
9786,1,2023-04-02 12:32:45,2023-04-02 12:32:45
9785,1,2023-04-02 12:32:38,2023-04-02 12:32:38
9764,1,2023-03-30 20:18:03,2023-03-30 20:18:03
9734,1,2023-03-27 15:53:03,2023-03-27 15:53:03
9714,1,2023-03-26 14:29:49,2023-03-26 14:29:49
9713,1,2023-03-26 14:28:37,2023-03-26 14:28:37
9639,1,2023-03-21 21:09:46,2023-03-21 21:09:46
9626,1,2023-03-19 20:35:50,2023-03-19 20:35:50
9579,1,2023-03-17 08:45:19,2023-03-17 08:45:19
9576,1,2023-03-17 08:26:44,2023-03-17 08:26:44
9575,1,2023-03-17 08:24:10,2023-03-17 08:24:10
9574,1,2023-03-17 08:20:52,2023-03-17 08:20:52
9573,1,2023-03-17 08:20:32,2023-03-17 08:20:32
9558,1,2023-03-16 08:52:18,2023-03-16 08:52:18
9557,1,2023-03-16 08:51:52,2023-03-16 08:51:52
9556,1,2023-03-16 08:47:45,2023-03-16 08:47:45
9542,1,2023-03-13 10:48:33,2023-03-13 10:48:33
9536,1,2023-03-13 09:26:37,2023-03-13 09:26:37
9463,1,2023-03-02 12:32:49,2023-03-02 12:32:49
9462,1,2023-03-02 12:31:11,2023-03-02 12:31:11
9434,1,2023-02-23 22:33:56,2023-02-23 22:33:56
9420,1,2023-02-19 01:02:41,2023-02-19 01:02:41
9419,1,2023-02-19 00:47:30,2023-02-19 00:47:30
9417,1,2023-02-19 00:45:58,2023-02-19 00:45:58
9416,1,2023-02-19 00:45:08,2023-02-19 00:45:08
9415,1,2023-02-19 00:25:53,2023-02-19 00:25:53
9309,1,2023-02-13 23:14:19,2023-02-13 23:14:19
9261,1,2023-02-06 21:01:22,2023-02-06 21:01:22
9260,1,2023-02-06 21:01:17,2023-02-06 21:01:17
9259,1,2023-02-06 21:01:14,2023-02-06 21:01:14
9251,1,2023-02-04 19:17:31,2023-02-04 19:17:31
9238,1,2023-02-04 18:21:17,2023-02-04 18:21:17
9201,1,2023-02-02 23:46:12,2023-02-02 23:46:12
9133,1,2023-01-28 16:52:48,2023-01-28 16:52:48
9131,1,2023-01-28 16:47:04,2023-01-28 16:47:04
9105,1,2023-01-23 23:35:16,2023-01-23 23:35:16
9104,1,2023-01-23 23:29:43,2023-01-23 23:29:43
9041,1,2023-01-15 22:25:25,2023-01-15 22:25:25
9040,1,2023-01-15 22:24:37,2023-01-15 22:24:37
9014,1,2023-01-13 18:47:26,2023-01-13 18:47:26
9012,1,2023-01-13 18:38:37,2023-01-13 18:38:37
8966,1,2023-01-09 16:30:39,2023-01-09 16:30:39
8941,1,2023-01-07 17:06:15,2023-01-07 17:06:15
8906,1,2023-01-01 16:36:57,2023-01-01 16:36:57
8886,1,2023-01-01 15:37:03,2023-01-01 15:37:03
8883,1,2023-01-01 15:28:05,2023-01-01 15:28:05
8848,1,2022-12-31 21:10:24,2022-12-31 21:10:24
8835,1,2022-12-31 17:53:07,2022-12-31 17:53:07
8827,1,2022-12-29 21:22:55,2022-12-29 21:22:55
8782,1,2022-12-25 16:10:22,2022-12-25 16:10:22
8759,1,2022-12-25 15:13:40,2022-12-25 15:13:40
8757,1,2022-12-25 15:08:07,2022-12-25 15:08:07
8714,1,2022-12-21 11:54:10,2022-12-21 11:54:10
8708,1,2022-12-21 11:28:35,2022-12-21 11:28:35
8597,1,2022-12-03 19:55:32,2022-12-03 19:55:32
8594,1,2022-12-03 19:26:47,2022-12-03 19:26:47
8593,1,2022-12-03 13:06:04,2022-12-03 13:06:04
8592,1,2022-12-03 13:02:36,2022-12-03 13:02:36
8590,1,2022-12-03 12:57:09,2022-12-03 12:57:09
8588,1,2022-12-01 18:25:19,2022-12-01 18:25:19
8563,1,2022-11-26 18:14:20,2022-11-26 18:14:20
8494,1,2022-11-18 17:54:31,2022-11-18 17:54:31
8488,1,2022-11-15 23:12:36,2022-11-15 23:12:36
8472,1,2022-11-14 12:31:55,2022-11-14 12:31:55
8357,1,2022-11-01 19:52:31,2022-11-01 19:52:31
8302,1,2022-10-25 18:43:15,2022-10-25 18:43:15
8284,1,2022-10-23 22:51:03,2022-10-23 22:51:03
8271,1,2022-10-22 17:42:29,2022-10-22 17:42:29
8269,1,2022-10-22 17:32:58,2022-10-22 17:32:58
8267,1,2022-10-22 17:24:10,2022-10-22 17:24:10
8266,1,2022-10-22 16:50:35,2022-10-22 16:50:35
8262,1,2022-10-22 16:39:34,2022-10-22 16:39:34
8258,1,2022-10-21 22:49:27,2022-10-21 22:49:27
8167,1,2022-10-18 07:09:35,2022-10-18 07:09:35
8101,1,2012-12-15 23:45:16,2012-12-15 23:45:16
8096,1,2012-12-12 19:43:35,2012-12-12 19:43:35
8089,1,2012-12-08 19:57:14,2012-12-08 19:57:14
8066,1,2012-12-05 17:52:15,2012-12-05 17:52:15
8054,1,2012-12-04 16:37:41,2012-12-04 16:37:41
7987,1,2025-08-20 18:26:12,2025-08-20 18:26:12
7944,1,2013-08-25 15:49:10,2013-08-25 15:49:10
7936,1,2013-08-30 14:34:11,2013-08-30 14:34:11
7935,1,2013-08-30 14:39:27,2013-08-30 14:39:27
7934,1,2013-08-31 00:17:36,2013-08-31 00:17:36
7933,1,2013-08-31 00:21:57,2013-08-31 00:21:57
7932,1,2013-08-31 00:49:40,2013-08-31 00:49:40
7930,1,2013-08-31 17:49:31,2013-08-31 17:49:31
7929,1,2013-09-01 17:35:40,2013-09-01 17:35:40
7926,1,2013-09-02 16:11:58,2013-09-02 16:11:58
7925,1,2013-09-02 16:15:10,2013-09-02 16:15:10
7922,1,2013-09-02 16:29:14,2013-09-02 16:29:14
7913,1,2013-09-06 14:52:53,2013-09-06 14:52:53
7911,1,2013-09-07 21:36:49,2013-09-07 21:36:49
7909,1,2013-09-08 12:10:08,2013-09-08 12:10:08
7902,1,2013-09-09 13:11:58,2013-09-09 13:11:58
7901,1,2013-09-09 20:21:36,2013-09-09 20:21:36
7900,1,2013-09-09 20:25:51,2013-09-09 20:25:51
7899,1,2013-09-09 20:29:25,2013-09-09 20:29:25
7898,1,2013-09-09 20:33:35,2013-09-09 20:33:35
7897,1,2013-09-09 20:58:40,2013-09-09 20:58:40
7894,1,2013-09-09 21:18:43,2013-09-09 21:18:43
7893,1,2013-09-09 21:22:48,2013-09-09 21:22:48
7892,1,2013-09-09 21:27:31,2013-09-09 21:27:31
7891,1,2013-09-09 21:32:07,2013-09-09 21:32:07
7890,1,2013-09-09 21:36:32,2013-09-09 21:36:32
7889,1,2013-09-09 21:40:55,2013-09-09 21:40:55
7888,1,2013-09-09 21:45:17,2013-09-09 21:45:17
7887,1,2013-09-09 22:40:49,2013-09-09 22:40:49
7870,1,2013-09-11 00:23:22,2013-09-11 00:23:22
7869,1,2013-09-11 00:26:13,2013-09-11 00:26:13
7868,1,2013-09-11 00:29:57,2013-09-11 00:29:57
7866,1,2013-09-12 18:33:39,2013-09-12 18:33:39
7865,1,2013-09-12 18:42:07,2013-09-12 18:42:07
7864,1,2013-09-12 18:52:35,2013-09-12 18:52:35
7863,1,2013-09-12 18:59:49,2013-09-12 18:59:49
7862,1,2013-09-12 19:03:29,2013-09-12 19:03:29
7861,1,2013-09-12 19:08:50,2013-09-12 19:08:50
7860,1,2013-09-12 22:08:22,2013-09-12 22:08:22
7850,1,2013-09-13 21:34:05,2013-09-13 21:34:05
7849,1,2013-09-13 21:43:10,2013-09-13 21:43:10
7840,1,2013-09-15 15:29:47,2013-09-15 15:29:47
7838,1,2013-09-15 15:36:21,2013-09-15 15:36:21
7837,1,2013-09-15 15:41:32,2013-09-15 15:41:32
7836,1,2013-09-15 15:46:44,2013-09-15 15:46:44
7835,1,2013-09-15 15:51:42,2013-09-15 15:51:42
7834,1,2013-09-15 15:56:39,2013-09-15 15:56:39
7830,1,2013-09-17 16:39:10,2013-09-17 16:39:10
7829,1,2013-09-17 16:51:30,2013-09-17 16:51:30
7827,1,2013-09-17 17:15:21,2013-09-17 17:15:21
7825,1,2013-09-17 18:20:05,2013-09-17 18:20:05
7824,1,2013-09-17 18:48:56,2013-09-17 18:48:56
7814,1,2013-09-21 15:28:58,2013-09-21 15:28:58
7804,1,2013-09-23 15:35:37,2013-09-23 15:35:37
7803,1,2013-09-23 20:16:58,2013-09-23 20:16:58
7799,1,2013-09-24 21:45:16,2013-09-24 21:45:16
7796,1,2013-09-25 14:25:08,2013-09-25 14:25:08
7795,1,2013-09-25 14:29:08,2013-09-25 14:29:08
7793,1,2013-09-27 08:09:22,2013-09-27 08:09:22
7792,1,2013-09-27 09:28:56,2013-09-27 09:28:56
7783,1,2013-10-04 15:44:03,2013-10-04 15:44:03
7782,1,2013-10-06 16:39:36,2013-10-06 16:39:36
7781,1,2013-10-06 16:42:34,2013-10-06 16:42:34
7780,1,2013-10-06 16:47:42,2013-10-06 16:47:42
7779,1,2013-10-06 16:51:41,2013-10-06 16:51:41
7775,1,2013-10-06 22:27:40,2013-10-06 22:27:40
7773,1,2013-10-06 22:36:19,2013-10-06 22:36:19
7772,1,2013-10-06 22:39:57,2013-10-06 22:39:57
7771,1,2013-10-06 22:42:03,2013-10-06 22:42:03
7770,1,2013-10-06 23:09:29,2013-10-06 23:09:29
7769,1,2013-10-06 23:14:46,2013-10-06 23:14:46
7768,1,2013-10-06 23:25:25,2013-10-06 23:25:25
7767,1,2013-10-06 23:31:08,2013-10-06 23:31:08
7766,1,2013-10-06 23:34:16,2013-10-06 23:34:16
7765,1,2013-10-06 23:47:52,2013-10-06 23:47:52
7764,1,2013-10-06 23:52:47,2013-10-06 23:52:47
7763,1,2013-10-06 23:55:43,2013-10-06 23:55:43
7759,1,2013-10-07 21:48:05,2013-10-07 21:48:05
7758,1,2013-10-07 23:08:42,2013-10-07 23:08:42
7756,1,2013-10-08 21:55:11,2013-10-08 21:55:11
7755,1,2013-10-08 21:59:46,2013-10-08 21:59:46
7754,1,2013-10-08 22:04:25,2013-10-08 22:04:25
7751,1,2013-10-09 01:53:25,2013-10-09 01:53:25
7748,1,2013-10-09 02:10:17,2013-10-09 02:10:17
7743,1,2013-10-11 17:54:24,2013-10-11 17:54:24
7742,1,2013-10-11 21:53:36,2013-10-11 21:53:36
7740,1,2013-10-11 21:59:47,2013-10-11 21:59:47
7739,1,2013-10-11 22:02:09,2013-10-11 22:02:09
7738,1,2013-10-11 22:05:17,2013-10-11 22:05:17
7736,1,2013-10-11 22:09:51,2013-10-11 22:09:51
7734,1,2013-10-11 22:15:31,2013-10-11 22:15:31
7733,1,2013-10-13 00:11:06,2013-10-13 00:11:06
7729,1,2013-10-13 23:14:20,2013-10-13 23:14:20
7727,1,2013-10-13 23:19:55,2013-10-13 23:19:55
7715,1,2013-10-17 21:11:58,2013-10-17 21:11:58
7700,1,2013-10-20 22:40:26,2013-10-20 22:40:26
7685,1,2013-10-24 22:21:06,2013-10-24 22:21:06
7684,1,2013-10-24 22:27:58,2013-10-24 22:27:58
7683,1,2013-10-25 13:35:33,2013-10-25 13:35:33
7681,1,2013-10-25 14:02:12,2013-10-25 14:02:12
7666,1,2013-10-28 13:45:08,2013-10-28 13:45:08
7665,1,2013-10-28 13:49:22,2013-10-28 13:49:22
7661,1,2013-10-28 15:07:14,2013-10-28 15:07:14
7660,1,2013-10-28 15:11:35,2013-10-28 15:11:35
7659,1,2013-10-28 15:14:38,2013-10-28 15:14:38
7658,1,2013-10-28 15:18:04,2013-10-28 15:18:04
7655,1,2013-10-28 15:32:01,2013-10-28 15:32:01
7654,1,2013-10-28 15:35:17,2013-10-28 15:35:17
7652,1,2013-10-28 15:42:11,2013-10-28 15:42:11
7647,1,2013-10-28 16:05:10,2013-10-28 16:05:10
7645,1,2013-10-28 16:13:29,2013-10-28 16:13:29
7639,1,2013-10-28 16:38:43,2013-10-28 16:38:43
7638,1,2013-10-28 16:41:23,2013-10-28 16:41:23
7636,1,2013-10-28 16:50:13,2013-10-28 16:50:13
7634,1,2013-10-28 17:00:40,2013-10-28 17:00:40
7628,1,2013-10-30 10:49:21,2013-10-30 10:49:21
7615,1,2013-11-03 23:46:36,2013-11-03 23:46:36
7614,1,2013-11-03 23:50:49,2013-11-03 23:50:49
7613,1,2013-11-03 23:54:25,2013-11-03 23:54:25
7601,1,2013-11-06 00:26:18,2013-11-06 00:26:18
7582,1,2013-11-07 13:02:50,2013-11-07 13:02:50
7549,1,2013-11-09 21:01:15,2013-11-09 21:01:15
7531,1,2013-11-13 21:42:52,2013-11-13 21:42:52
7530,1,2013-11-13 21:45:53,2013-11-13 21:45:53
7527,1,2013-11-15 10:46:12,2013-11-15 10:46:12
7526,1,2013-11-15 10:53:09,2013-11-15 10:53:09
7524,1,2013-11-15 14:36:54,2013-11-15 14:36:54
7523,1,2013-11-15 14:40:49,2013-11-15 14:40:49
7518,1,2013-11-16 22:47:26,2013-11-16 22:47:26
7517,1,2013-11-16 22:50:43,2013-11-16 22:50:43
7516,1,2013-11-16 22:53:36,2013-11-16 22:53:36
7515,1,2013-11-16 22:54:24,2013-11-16 22:54:24
7514,1,2013-11-16 22:57:47,2013-11-16 22:57:47
7513,1,2013-11-16 22:58:40,2013-11-16 22:58:40
7512,1,2013-11-16 23:02:30,2013-11-16 23:02:30
7510,1,2013-11-16 23:05:46,2013-11-16 23:05:46
7508,1,2013-11-16 23:13:31,2013-11-16 23:13:31
7494,1,2013-11-19 09:23:06,2013-11-19 09:23:06
7486,1,2013-11-21 12:41:21,2013-11-21 12:41:21
7485,1,2013-11-21 12:43:39,2013-11-21 12:43:39
7484,1,2013-11-21 12:46:53,2013-11-21 12:46:53
7483,1,2013-11-21 13:16:42,2013-11-21 13:16:42
7472,1,2013-11-22 15:08:19,2013-11-22 15:08:19
7444,1,2013-11-25 16:53:45,2013-11-25 16:53:45
7443,1,2013-11-25 16:56:37,2013-11-25 16:56:37
7442,1,2013-11-25 16:58:44,2013-11-25 16:58:44
7411,1,2013-11-28 14:34:52,2013-11-28 14:34:52
7394,1,2013-12-03 22:59:28,2013-12-03 22:59:28
7393,1,2013-12-03 23:01:53,2013-12-03 23:01:53
7392,1,2013-12-03 23:03:56,2013-12-03 23:03:56
7383,1,2013-12-05 00:19:03,2013-12-05 00:19:03
7380,1,2013-12-05 01:08:48,2013-12-05 01:08:48
7377,1,2013-12-05 15:27:49,2013-12-05 15:27:49
7373,1,2013-12-05 18:04:52,2013-12-05 18:04:52
7366,1,2013-12-05 19:08:45,2013-12-05 19:08:45
7364,1,2013-12-06 20:58:44,2013-12-06 20:58:44
7357,1,2013-12-09 17:03:10,2013-12-09 17:03:10
7353,1,2013-12-09 18:20:16,2013-12-09 18:20:16
7343,1,2013-12-10 15:33:51,2013-12-10 15:33:51
7342,1,2013-12-10 15:35:20,2013-12-10 15:35:20
7341,1,2013-12-10 15:38:33,2013-12-10 15:38:33
7340,1,2013-12-10 15:41:14,2013-12-10 15:41:14
7323,1,2013-12-12 17:58:54,2013-12-12 17:58:54
7322,1,2013-12-12 18:04:00,2013-12-12 18:04:00
7318,1,2013-12-13 08:51:53,2013-12-13 08:51:53
7317,1,2013-12-14 13:54:24,2013-12-14 13:54:24
7304,1,2013-12-17 20:15:25,2013-12-17 20:15:25
7302,1,2013-12-18 22:26:18,2013-12-18 22:26:18
7276,1,2013-12-30 20:22:45,2013-12-30 20:22:45
7275,1,2013-12-30 20:26:59,2013-12-30 20:26:59
7248,1,2014-01-03 16:38:11,2014-01-03 16:38:11
7237,1,2014-01-10 14:13:56,2014-01-10 14:13:56
7236,1,2014-01-10 14:18:20,2014-01-10 14:18:20
7232,1,2014-01-10 14:42:37,2014-01-10 14:42:37
7231,1,2014-01-10 14:45:46,2014-01-10 14:45:46
7230,1,2014-01-10 20:24:45,2014-01-10 20:24:45
7229,1,2014-01-10 22:12:21,2014-01-10 22:12:21
7225,1,2014-01-11 02:27:59,2014-01-11 02:27:59
7221,1,2014-01-13 01:12:51,2014-01-13 01:12:51
7214,1,2014-01-15 20:15:21,2014-01-15 20:15:21
7206,1,2014-01-16 20:33:05,2014-01-16 20:33:05
7198,1,2014-01-17 23:23:50,2014-01-17 23:23:50
7188,1,2014-01-24 00:27:40,2014-01-24 00:27:40
7187,1,2014-01-24 00:30:02,2014-01-24 00:30:02
7180,1,2014-01-25 14:25:14,2014-01-25 14:25:14
7178,1,2014-01-25 14:50:31,2014-01-25 14:50:31
7164,1,2014-01-27 17:32:50,2014-01-27 17:32:50
7163,1,2014-01-27 17:40:35,2014-01-27 17:40:35
7162,1,2014-01-27 17:45:24,2014-01-27 17:45:24
7161,1,2014-01-27 17:49:40,2014-01-27 17:49:40
7147,1,2014-01-31 18:02:58,2014-01-31 18:02:58
7139,1,2014-02-01 16:37:06,2014-02-01 16:37:06
7135,1,2014-02-03 12:24:39,2014-02-03 12:24:39
7124,1,2014-02-06 23:07:26,2014-02-06 23:07:26
7117,1,2014-02-07 00:20:09,2014-02-07 00:20:09
7116,1,2014-02-07 00:24:03,2014-02-07 00:24:03
7115,1,2014-02-07 00:27:55,2014-02-07 00:27:55
7111,1,2014-02-08 11:04:18,2014-02-08 11:04:18
7110,1,2014-02-08 11:07:40,2014-02-08 11:07:40
7108,1,2014-02-09 18:10:04,2014-02-09 18:10:04
7091,1,2014-02-16 17:24:45,2014-02-16 17:24:45
7082,1,2014-02-17 18:09:57,2014-02-17 18:09:57
7081,1,2014-02-17 18:14:10,2014-02-17 18:14:10
7080,1,2014-02-17 18:18:28,2014-02-17 18:18:28
7077,1,2014-02-17 19:38:50,2014-02-17 19:38:50
7075,1,2014-02-17 19:45:34,2014-02-17 19:45:34
7070,1,2014-02-17 21:37:31,2014-02-17 21:37:31
7057,1,2014-02-19 16:38:12,2014-02-19 16:38:12
7048,1,2014-02-21 22:04:44,2014-02-21 22:04:44
7008,1,2014-02-25 22:48:18,2014-02-25 22:48:18
6940,1,2014-03-09 21:15:21,2014-03-09 21:15:21
6939,1,2014-03-09 21:17:14,2014-03-09 21:17:14
6938,1,2014-03-09 21:21:06,2014-03-09 21:21:06
6925,1,2014-03-10 16:50:59,2014-03-10 16:50:59
6896,1,2014-03-12 22:53:22,2014-03-12 22:53:22
6895,1,2014-03-12 22:57:52,2014-03-12 22:57:52
6854,1,2014-03-17 21:32:00,2014-03-17 21:32:00
6853,1,2014-03-17 21:36:14,2014-03-17 21:36:14
6851,1,2014-03-17 21:43:23,2014-03-17 21:43:23
6850,1,2014-03-17 21:46:00,2014-03-17 21:46:00
6823,1,2014-03-26 00:50:45,2014-03-26 00:50:45
6818,1,2014-03-27 13:53:49,2014-03-27 13:53:49
6800,1,2014-03-29 16:41:53,2014-03-29 16:41:53
6799,1,2014-03-29 16:46:02,2014-03-29 16:46:02
6798,1,2014-03-29 16:47:12,2014-03-29 16:47:12
6785,1,2014-04-02 18:33:27,2014-04-02 18:33:27
6782,1,2014-04-02 18:49:52,2014-04-02 18:49:52
6780,1,2014-04-05 03:05:20,2014-04-05 03:05:20
6778,1,2014-04-05 03:28:40,2014-04-05 03:28:40
6731,1,2014-04-11 23:30:42,2014-04-11 23:30:42
6730,1,2014-04-12 15:16:03,2014-04-12 15:16:03
6685,1,2014-04-14 17:13:55,2014-04-14 17:13:55
6662,1,2014-04-16 02:23:00,2014-04-16 02:23:00
6661,1,2014-04-16 02:31:36,2014-04-16 02:31:36
6660,1,2014-04-16 02:42:00,2014-04-16 02:42:00
6659,1,2014-04-16 02:45:54,2014-04-16 02:45:54
6617,1,2014-04-17 03:59:17,2014-04-17 03:59:17
6576,1,2014-04-24 05:50:52,2014-04-24 05:50:52
6575,1,2014-04-24 05:54:52,2014-04-24 05:54:52
6574,1,2014-04-24 05:58:57,2014-04-24 05:58:57
6573,1,2014-04-24 06:02:15,2014-04-24 06:02:15
6572,1,2014-04-24 06:11:25,2014-04-24 06:11:25
6524,1,2014-05-13 00:25:03,2014-05-13 00:25:03
6517,1,2014-05-13 15:07:07,2014-05-13 15:07:07
6516,1,2014-05-13 15:09:50,2014-05-13 15:09:50
6515,1,2014-05-13 17:14:53,2014-05-13 17:14:53
6514,1,2014-05-13 17:17:07,2014-05-13 17:17:07
6513,1,2014-05-13 17:19:43,2014-05-13 17:19:43
6512,1,2014-05-13 17:23:14,2014-05-13 17:23:14
6511,1,2014-05-13 23:30:42,2014-05-13 23:30:42
6500,1,2014-05-15 00:45:29,2014-05-15 00:45:29
6496,1,2014-05-16 10:29:56,2014-05-16 10:29:56
6495,1,2014-05-16 10:38:36,2014-05-16 10:38:36
6493,1,2014-05-18 23:02:34,2014-05-18 23:02:34
6460,1,2014-05-20 10:55:42,2014-05-20 10:55:42
6459,1,2014-05-20 11:00:37,2014-05-20 11:00:37
6450,1,2014-05-20 20:13:46,2014-05-20 20:13:46
6449,1,2014-05-20 20:16:24,2014-05-20 20:16:24
6448,1,2014-05-20 20:19:29,2014-05-20 20:19:29
6439,1,2014-05-21 10:10:11,2014-05-21 10:10:11
6432,1,2014-05-21 22:38:34,2014-05-21 22:38:34
6431,1,2014-05-21 22:41:43,2014-05-21 22:41:43
6400,1,2014-05-31 13:23:46,2014-05-31 13:23:46
6383,1,2014-06-04 23:15:11,2014-06-04 23:15:11
6377,1,2014-06-05 15:39:01,2014-06-05 15:39:01
6372,1,2014-06-05 16:00:53,2014-06-05 16:00:53
6371,1,2014-06-05 16:06:24,2014-06-05 16:06:24
6370,1,2014-06-06 21:56:36,2014-06-06 21:56:36
6369,1,2014-06-06 22:02:32,2014-06-06 22:02:32
6367,1,2014-06-07 14:37:21,2014-06-07 14:37:21
6351,1,2014-06-18 11:32:49,2014-06-18 11:32:49
6350,1,2014-06-18 11:36:08,2014-06-18 11:36:08
6349,1,2014-06-18 11:39:18,2014-06-18 11:39:18
6344,1,2014-06-18 12:01:02,2014-06-18 12:01:02
6326,1,2014-06-25 23:13:53,2014-06-25 23:13:53
6325,1,2014-06-25 23:19:10,2014-06-25 23:19:10
6324,1,2014-06-25 23:22:09,2014-06-25 23:22:09
6321,1,2014-06-25 23:30:28,2014-06-25 23:30:28
6317,1,2014-06-25 23:40:23,2014-06-25 23:40:23
6305,1,2014-06-27 12:17:52,2014-06-27 12:17:52
6236,1,2014-07-04 03:15:44,2014-07-04 03:15:44
6234,1,2014-07-06 16:23:30,2014-07-06 16:23:30
6229,1,2014-07-10 07:53:07,2014-07-10 07:53:07
6228,1,2014-07-10 15:12:35,2014-07-10 15:12:35
6217,1,2014-07-12 18:03:17,2014-07-12 18:03:17
6214,1,2014-07-13 22:17:03,2014-07-13 22:17:03
6213,1,2014-07-13 22:27:04,2014-07-13 22:27:04
6206,1,2014-07-15 14:38:17,2014-07-15 14:38:17
6201,1,2014-07-18 02:24:48,2014-07-18 02:24:48
6200,1,2014-07-18 02:34:14,2014-07-18 02:34:14
6198,1,2014-07-19 00:09:59,2014-07-19 00:09:59
6194,1,2014-07-20 00:26:09,2014-07-20 00:26:09
6193,1,2014-07-20 00:29:06,2014-07-20 00:29:06
6192,1,2014-07-20 00:33:39,2014-07-20 00:33:39
6191,1,2014-07-20 00:39:44,2014-07-20 00:39:44
6184,1,2014-07-22 22:07:26,2014-07-22 22:07:26
6182,1,2014-07-23 01:22:12,2014-07-23 01:22:12
6167,1,2014-07-26 16:59:51,2014-07-26 16:59:51
6166,1,2014-07-26 17:00:51,2014-07-26 17:00:51
6165,1,2014-07-26 17:05:04,2014-07-26 17:05:04
6164,1,2014-07-26 17:09:21,2014-07-26 17:09:21
6163,1,2014-07-26 17:13:05,2014-07-26 17:13:05
6151,1,2014-07-28 18:25:45,2014-07-28 18:25:45
6150,1,2014-07-28 21:09:48,2014-07-28 21:09:48
6138,1,2014-07-30 12:10:41,2014-07-30 12:10:41
6132,1,2014-07-31 15:02:41,2014-07-31 15:02:41
6131,1,2014-07-31 23:58:55,2014-07-31 23:58:55
6130,1,2014-08-01 00:01:49,2014-08-01 00:01:49
6126,1,2014-08-01 13:46:57,2014-08-01 13:46:57
6124,1,2014-08-02 00:38:09,2014-08-02 00:38:09
6122,1,2014-08-03 20:20:19,2014-08-03 20:20:19
6118,1,2014-08-03 20:36:19,2014-08-03 20:36:19
6113,1,2014-08-04 18:11:50,2014-08-04 18:11:50
6100,1,2014-08-05 22:59:34,2014-08-05 22:59:34
6099,1,2014-08-05 23:02:58,2014-08-05 23:02:58
6098,1,2014-08-05 23:06:25,2014-08-05 23:06:25
6097,1,2014-08-05 23:09:28,2014-08-05 23:09:28
6094,1,2014-08-05 23:48:48,2014-08-05 23:48:48
6091,1,2014-08-05 23:56:26,2014-08-05 23:56:26
6090,1,2014-08-06 00:15:43,2014-08-06 00:15:43
6087,1,2014-08-06 16:34:08,2014-08-06 16:34:08
6086,1,2014-08-06 16:38:06,2014-08-06 16:38:06
6085,1,2014-08-06 16:45:43,2014-08-06 16:45:43
6082,1,2014-08-06 18:42:50,2014-08-06 18:42:50
6066,1,2014-08-07 21:49:36,2014-08-07 21:49:36
6065,1,2014-08-07 21:55:18,2014-08-07 21:55:18
5997,1,2014-08-18 00:33:50,2014-08-18 00:33:50
5996,1,2014-08-18 00:36:45,2014-08-18 00:36:45
5992,1,2014-08-18 00:49:37,2014-08-18 00:49:37
5986,1,2014-08-18 01:12:52,2014-08-18 01:12:52
5985,1,2014-08-18 01:15:42,2014-08-18 01:15:42
5978,1,2014-08-20 00:52:15,2014-08-20 00:52:15
5977,1,2014-08-20 00:55:12,2014-08-20 00:55:12
5976,1,2014-08-20 00:57:43,2014-08-20 00:57:43
5972,1,2014-08-20 01:29:50,2014-08-20 01:29:50
5955,1,2014-08-25 15:55:01,2014-08-25 15:55:01
5954,1,2014-08-25 16:14:02,2014-08-25 16:14:02
5953,1,2014-08-25 18:56:20,2014-08-25 18:56:20
5952,1,2014-08-25 19:00:42,2014-08-25 19:00:42
5951,1,2014-08-25 19:03:17,2014-08-25 19:03:17
5948,1,2014-08-25 19:14:01,2014-08-25 19:14:01
5947,1,2014-08-25 19:26:22,2014-08-25 19:26:22
5939,1,2014-08-26 15:50:19,2014-08-26 15:50:19
5924,1,2014-08-29 22:25:54,2014-08-29 22:25:54
5923,1,2014-08-29 22:31:02,2014-08-29 22:31:02
5922,1,2014-08-29 22:33:53,2014-08-29 22:33:53
5920,1,2014-08-31 00:26:31,2014-08-31 00:26:31
5918,1,2014-08-31 00:36:22,2014-08-31 00:36:22
5917,1,2014-08-31 00:38:44,2014-08-31 00:38:44
5916,1,2014-08-31 00:44:51,2014-08-31 00:44:51
5915,1,2014-08-31 00:48:35,2014-08-31 00:48:35
5912,1,2014-08-31 01:20:31,2014-08-31 01:20:31
5911,1,2014-08-31 01:26:20,2014-08-31 01:26:20
5910,1,2014-08-31 01:30:48,2014-08-31 01:30:48
5909,1,2014-08-31 01:34:16,2014-08-31 01:34:16
5908,1,2014-08-31 01:36:29,2014-08-31 01:36:29
5906,1,2014-08-31 01:45:12,2014-08-31 01:45:12
5905,1,2014-08-31 01:48:28,2014-08-31 01:48:28
5903,1,2014-09-01 22:55:48,2014-09-01 22:55:48
5902,1,2014-09-02 05:58:15,2014-09-02 05:58:15
5895,1,2014-09-03 14:31:51,2014-09-03 14:31:51
5894,1,2014-09-03 14:36:15,2014-09-03 14:36:15
5878,1,2014-09-06 03:01:46,2014-09-06 03:01:46
5876,1,2014-09-06 03:13:57,2014-09-06 03:13:57
5875,1,2014-09-06 22:23:30,2014-09-06 22:23:30
5874,1,2014-09-06 22:29:11,2014-09-06 22:29:11
5855,1,2014-09-08 16:48:13,2014-09-08 16:48:13
5847,1,2014-09-08 17:24:42,2014-09-08 17:24:42
5828,1,2014-09-12 11:14:20,2014-09-12 11:14:20
5780,1,2014-09-16 23:36:01,2014-09-16 23:36:01
5741,1,2014-10-01 00:48:06,2014-10-01 00:48:06
5737,1,2014-10-01 21:40:39,2014-10-01 21:40:39
5736,1,2014-10-01 21:44:00,2014-10-01 21:44:00
5735,1,2014-10-01 21:47:39,2014-10-01 21:47:39
5734,1,2014-10-01 21:51:40,2014-10-01 21:51:40
5716,1,2014-10-05 17:46:17,2014-10-05 17:46:17
5699,1,2014-10-06 19:09:11,2014-10-06 19:09:11
5657,1,2014-10-10 16:45:28,2014-10-10 16:45:28
5594,1,2014-10-22 15:57:54,2014-10-22 15:57:54
5577,1,2014-10-25 20:19:52,2014-10-25 20:19:52
5576,1,2014-10-25 20:21:51,2014-10-25 20:21:51
5560,1,2014-10-27 21:22:51,2014-10-27 21:22:51
5559,1,2014-10-27 21:30:55,2014-10-27 21:30:55
5553,1,2014-10-28 18:15:14,2014-10-28 18:15:14
5522,1,2014-10-29 20:14:05,2014-10-29 20:14:05
5505,1,2014-10-29 21:13:09,2014-10-29 21:13:09
5495,1,2014-10-30 00:04:33,2014-10-30 00:04:33
5488,1,2014-10-30 01:09:30,2014-10-30 01:09:30
5474,1,2014-11-01 16:23:54,2014-11-01 16:23:54
5461,1,2014-11-01 18:05:25,2014-11-01 18:05:25
5455,1,2014-11-02 23:28:38,2014-11-02 23:28:38
5420,1,2014-11-06 18:14:22,2014-11-06 18:14:22
5398,1,2014-11-10 15:48:51,2014-11-10 15:48:51
5397,1,2014-11-10 15:52:08,2014-11-10 15:52:08
5396,1,2014-11-10 15:54:57,2014-11-10 15:54:57
5395,1,2014-11-10 15:58:55,2014-11-10 15:58:55
5394,1,2014-11-10 16:01:38,2014-11-10 16:01:38
5393,1,2014-11-10 16:05:05,2014-11-10 16:05:05
5391,1,2014-11-10 16:19:23,2014-11-10 16:19:23
5388,1,2014-11-10 16:28:48,2014-11-10 16:28:48
5387,1,2014-11-10 16:32:49,2014-11-10 16:32:49
5386,1,2014-11-10 16:35:03,2014-11-10 16:35:03
5381,1,2014-11-10 18:50:16,2014-11-10 18:50:16
5379,1,2014-11-10 22:19:03,2014-11-10 22:19:03
5371,1,2014-11-11 15:42:14,2014-11-11 15:42:14
5370,1,2014-11-11 16:21:15,2014-11-11 16:21:15
5369,1,2014-11-11 16:29:40,2014-11-11 16:29:40
5353,1,2014-11-13 17:37:34,2014-11-13 17:37:34
5334,1,2014-11-17 20:12:45,2014-11-17 20:12:45
5333,1,2014-11-17 20:14:28,2014-11-17 20:14:28
5332,1,2014-11-17 20:27:24,2014-11-17 20:27:24
5316,1,2014-11-20 14:37:26,2014-11-20 14:37:26
5315,1,2014-11-20 14:41:26,2014-11-20 14:41:26
5314,1,2014-11-20 14:45:02,2014-11-20 14:45:02
5313,1,2014-11-20 15:03:31,2014-11-20 15:03:31
5312,1,2014-11-20 15:45:01,2014-11-20 15:45:01
5311,1,2014-11-20 15:47:56,2014-11-20 15:47:56
5276,1,2014-11-24 15:47:23,2014-11-24 15:47:23
5229,1,2014-11-27 23:00:46,2014-11-27 23:00:46
5228,1,2014-11-27 23:02:43,2014-11-27 23:02:43
5227,1,2014-11-27 23:08:53,2014-11-27 23:08:53
5226,1,2014-11-27 23:10:56,2014-11-27 23:10:56
5225,1,2014-11-27 23:12:53,2014-11-27 23:12:53
5224,1,2014-11-27 23:15:22,2014-11-27 23:15:22
5223,1,2014-11-27 23:17:24,2014-11-27 23:17:24
5222,1,2014-11-27 23:19:25,2014-11-27 23:19:25
5219,1,2014-11-28 01:18:13,2014-11-28 01:18:13
5216,1,2014-11-28 02:05:48,2014-11-28 02:05:48
5211,1,2014-11-28 03:23:41,2014-11-28 03:23:41
5209,1,2014-11-28 03:28:00,2014-11-28 03:28:00
5208,1,2014-11-28 04:07:01,2014-11-28 04:07:01
5207,1,2014-11-28 04:17:39,2014-11-28 04:17:39
5205,1,2014-11-28 04:27:18,2014-11-28 04:27:18
5204,1,2014-11-28 04:31:33,2014-11-28 04:31:33
5200,1,2014-11-28 20:19:23,2014-11-28 20:19:23
5198,1,2014-11-28 20:24:53,2014-11-28 20:24:53
5196,1,2014-11-29 04:33:52,2014-11-29 04:33:52
5195,1,2014-11-29 04:37:03,2014-11-29 04:37:03
5189,1,2014-12-01 05:35:38,2014-12-01 05:35:38
5188,1,2014-12-01 05:39:41,2014-12-01 05:39:41
5183,1,2014-12-01 13:52:42,2014-12-01 13:52:42
5153,1,2014-12-01 20:59:41,2014-12-01 20:59:41
5107,1,2014-12-08 15:25:48,2014-12-08 15:25:48
5106,1,2014-12-08 15:30:10,2014-12-08 15:30:10
5081,1,2014-12-11 15:28:37,2014-12-11 15:28:37
5080,1,2014-12-11 16:49:38,2014-12-11 16:49:38
5076,1,2014-12-11 21:46:18,2014-12-11 21:46:18
5068,1,2014-12-12 09:01:10,2014-12-12 09:01:10
5067,1,2014-12-12 09:04:26,2014-12-12 09:04:26
5045,1,2014-12-14 20:44:01,2014-12-14 20:44:01
5043,1,2014-12-14 20:52:43,2014-12-14 20:52:43
5042,1,2014-12-14 20:56:34,2014-12-14 20:56:34
5038,1,2014-12-15 02:20:55,2014-12-15 02:20:55
5035,1,2014-12-15 20:28:17,2014-12-15 20:28:17
5033,1,2014-12-15 22:14:44,2014-12-15 22:14:44
5029,1,2014-12-17 23:30:48,2014-12-17 23:30:48
5017,1,2014-12-18 23:59:04,2014-12-18 23:59:04
5016,1,2014-12-19 03:55:38,2014-12-19 03:55:38
5015,1,2014-12-19 03:59:14,2014-12-19 03:59:14
5014,1,2014-12-19 04:20:24,2014-12-19 04:20:24
5013,1,2014-12-19 04:33:16,2014-12-19 04:33:16
5012,1,2014-12-19 04:38:22,2014-12-19 04:38:22
5011,1,2014-12-19 04:39:16,2014-12-19 04:39:16
5008,1,2014-12-19 05:32:22,2014-12-19 05:32:22
5007,1,2014-12-19 05:35:25,2014-12-19 05:35:25
5006,1,2014-12-19 05:39:04,2014-12-19 05:39:04
5005,1,2014-12-19 05:42:53,2014-12-19 05:42:53
5004,1,2014-12-19 05:46:21,2014-12-19 05:46:21
5003,1,2014-12-19 05:50:26,2014-12-19 05:50:26
5002,1,2014-12-19 05:52:50,2014-12-19 05:52:50
4989,1,2014-12-19 12:19:48,2014-12-19 12:19:48
4985,1,2014-12-20 14:54:34,2014-12-20 14:54:34
4984,1,2014-12-20 15:20:55,2014-12-20 15:20:55
4950,1,2014-12-24 06:34:28,2014-12-24 06:34:28
4944,1,2014-12-24 07:04:53,2014-12-24 07:04:53
4926,1,2014-12-24 10:46:53,2014-12-24 10:46:53
4923,1,2014-12-24 12:57:19,2014-12-24 12:57:19
4871,1,2014-12-28 13:26:20,2014-12-28 13:26:20
4854,1,2014-12-29 13:17:52,2014-12-29 13:17:52
4853,1,2014-12-29 13:27:26,2014-12-29 13:27:26
4841,1,2014-12-29 14:54:45,2014-12-29 14:54:45
4837,1,2014-12-29 17:05:26,2014-12-29 17:05:26
4818,1,2014-12-30 16:17:51,2014-12-30 16:17:51
4814,1,2014-12-30 17:10:16,2014-12-30 17:10:16
4803,1,2015-01-01 14:04:11,2015-01-01 14:04:11
4797,1,2015-01-03 14:09:25,2015-01-03 14:09:25
4742,1,2015-01-08 15:58:20,2015-01-08 15:58:20
4741,1,2015-01-08 15:59:53,2015-01-08 15:59:53
4736,1,2015-01-08 16:14:37,2015-01-08 16:14:37
4719,1,2015-01-09 15:17:00,2015-01-09 15:17:00
4704,1,2015-01-10 21:01:34,2015-01-10 21:01:34
4690,1,2015-01-11 19:18:12,2015-01-11 19:18:12
4689,1,2015-01-11 19:22:34,2015-01-11 19:22:34
4688,1,2015-01-11 19:26:56,2015-01-11 19:26:56
4674,1,2015-01-12 09:14:11,2015-01-12 09:14:11
4672,1,2015-01-12 09:56:26,2015-01-12 09:56:26
4671,1,2015-01-12 10:00:59,2015-01-12 10:00:59
4662,1,2015-01-12 15:41:17,2015-01-12 15:41:17
4651,1,2015-01-14 15:32:20,2015-01-14 15:32:20
4650,1,2015-01-14 15:35:25,2015-01-14 15:35:25
4649,1,2015-01-14 15:38:54,2015-01-14 15:38:54
4647,1,2015-01-14 15:45:22,2015-01-14 15:45:22
4646,1,2015-01-14 15:48:20,2015-01-14 15:48:20
4645,1,2015-01-14 15:51:36,2015-01-14 15:51:36
4627,1,2015-01-15 12:04:03,2015-01-15 12:04:03
4626,1,2015-01-15 12:06:46,2015-01-15 12:06:46
4625,1,2015-01-15 12:10:01,2015-01-15 12:10:01
4624,1,2015-01-15 12:17:46,2015-01-15 12:17:46
4593,1,2015-01-17 01:33:39,2015-01-17 01:33:39
4588,1,2015-01-18 20:17:20,2015-01-18 20:17:20
4558,1,2015-01-23 01:59:47,2015-01-23 01:59:47
4550,1,2015-01-23 03:25:11,2015-01-23 03:25:11
4524,1,2015-01-27 12:34:36,2015-01-27 12:34:36
4505,1,2015-01-30 13:58:04,2015-01-30 13:58:04
4504,1,2015-01-30 17:43:31,2015-01-30 17:43:31
4419,1,2015-02-07 21:03:26,2015-02-07 21:03:26
4407,1,2015-02-09 00:50:18,2015-02-09 00:50:18
4397,1,2015-02-12 18:30:22,2015-02-12 18:30:22
4389,1,2015-02-13 01:02:23,2015-02-13 01:02:23
4381,1,2015-02-14 17:02:03,2015-02-14 17:02:03
4372,1,2015-02-16 12:25:49,2015-02-16 12:25:49
4367,1,2015-02-16 12:58:19,2015-02-16 12:58:19
4364,1,2015-02-16 16:38:53,2015-02-16 16:38:53
4359,1,2015-02-17 16:22:22,2015-02-17 16:22:22
4326,1,2015-02-21 21:25:34,2015-02-21 21:25:34
4252,1,2015-02-25 22:58:14,2015-02-25 22:58:14
4247,1,2015-02-28 22:24:18,2015-02-28 22:24:18
4246,1,2015-02-28 22:28:58,2015-02-28 22:28:58
4245,1,2015-02-28 22:31:53,2015-02-28 22:31:53
4241,1,2015-03-02 15:13:01,2015-03-02 15:13:01
4224,1,2015-03-05 14:53:22,2015-03-05 14:53:22
4223,1,2015-03-05 14:56:31,2015-03-05 14:56:31
4222,1,2015-03-05 15:00:04,2015-03-05 15:00:04
4221,1,2015-03-05 15:05:04,2015-03-05 15:05:04
4220,1,2015-03-05 15:08:57,2015-03-05 15:08:57
4219,1,2015-03-05 15:10:59,2015-03-05 15:10:59
4218,1,2015-03-05 15:14:42,2015-03-05 15:14:42
4217,1,2015-03-05 15:19:19,2015-03-05 15:19:19
4206,1,2015-03-06 00:35:05,2015-03-06 00:35:05
4193,1,2015-03-06 20:43:07,2015-03-06 20:43:07
4161,1,2015-03-11 02:07:15,2015-03-11 02:07:15
4130,1,2015-03-11 23:25:12,2015-03-11 23:25:12
4129,1,2015-03-11 23:27:33,2015-03-11 23:27:33
4128,1,2015-03-12 02:18:04,2015-03-12 02:18:04
4114,1,2015-03-13 19:57:50,2015-03-13 19:57:50
4081,1,2015-03-19 21:09:31,2015-03-19 21:09:31
4080,1,2015-03-19 21:16:17,2015-03-19 21:16:17
4070,1,2015-03-20 18:29:06,2015-03-20 18:29:06
4068,1,2015-03-21 00:26:40,2015-03-21 00:26:40
4053,1,2015-03-31 10:04:57,2015-03-31 10:04:57
4050,1,2015-03-31 10:17:33,2015-03-31 10:17:33
4036,1,2015-04-04 20:07:55,2015-04-04 20:07:55
4017,1,2015-04-09 15:25:00,2015-04-09 15:25:00
4010,1,2015-04-10 18:29:59,2015-04-10 18:29:59
4009,1,2015-04-10 18:34:23,2015-04-10 18:34:23
4007,1,2015-04-10 21:29:37,2015-04-10 21:29:37
4006,1,2015-04-10 21:34:38,2015-04-10 21:34:38
3998,1,2015-04-11 11:10:37,2015-04-11 11:10:37
3997,1,2015-04-11 11:12:28,2015-04-11 11:12:28
3996,1,2015-04-11 11:15:30,2015-04-11 11:15:30
3993,1,2015-04-12 23:27:20,2015-04-12 23:27:20
3990,1,2015-04-13 00:22:13,2015-04-13 00:22:13
3963,1,2015-04-14 16:25:52,2015-04-14 16:25:52
3922,1,2015-04-15 06:20:11,2015-04-15 06:20:11
3916,1,2015-04-15 22:26:54,2015-04-15 22:26:54
3887,1,2015-04-18 21:16:17,2015-04-18 21:16:17
3872,1,2015-04-20 01:36:04,2015-04-20 01:36:04
3855,1,2015-04-20 03:40:20,2015-04-20 03:40:20
3847,1,2015-04-20 13:41:52,2015-04-20 13:41:52
3834,1,2015-04-20 17:13:42,2015-04-20 17:13:42
3831,1,2015-04-20 17:19:08,2015-04-20 17:19:08
3829,1,2015-04-20 17:25:46,2015-04-20 17:25:46
3828,1,2015-04-20 17:27:29,2015-04-20 17:27:29
3827,1,2015-04-20 17:31:10,2015-04-20 17:31:10
3826,1,2015-04-20 17:31:54,2015-04-20 17:31:54
3825,1,2015-04-20 17:36:09,2015-04-20 17:36:09
3818,1,2015-04-20 19:20:36,2015-04-20 19:20:36
3816,1,2015-04-20 20:09:55,2015-04-20 20:09:55
3798,1,2015-04-21 20:36:44,2015-04-21 20:36:44
3796,1,2015-04-21 20:50:12,2015-04-21 20:50:12
3788,1,2015-04-22 15:47:06,2015-04-22 15:47:06
3781,1,2015-04-22 20:12:56,2015-04-22 20:12:56
3767,1,2015-04-23 00:48:50,2015-04-23 00:48:50
3766,1,2015-04-23 01:05:46,2015-04-23 01:05:46
3765,1,2015-04-23 14:07:11,2015-04-23 14:07:11
3762,1,2015-04-23 14:34:43,2015-04-23 14:34:43
3758,1,2015-04-23 17:13:34,2015-04-23 17:13:34
3700,1,2015-04-27 15:10:01,2015-04-27 15:10:01
3669,1,2015-04-28 03:39:17,2015-04-28 03:39:17
3664,1,2015-04-28 23:32:50,2015-04-28 23:32:50
3663,1,2015-04-28 23:59:35,2015-04-28 23:59:35
3660,1,2015-05-01 22:29:28,2015-05-01 22:29:28
3654,1,2015-05-01 22:48:43,2015-05-01 22:48:43
3641,1,2015-05-02 00:24:42,2015-05-02 00:24:42
3640,1,2015-05-02 00:33:39,2015-05-02 00:33:39
3612,1,2015-05-03 10:13:32,2015-05-03 10:13:32
3606,1,2015-05-04 09:25:34,2015-05-04 09:25:34
3598,1,2015-05-04 23:24:01,2015-05-04 23:24:01
3586,1,2015-05-05 09:12:25,2015-05-05 09:12:25
3583,1,2015-05-05 09:28:07,2015-05-05 09:28:07
3582,1,2015-05-05 11:13:58,2015-05-05 11:13:58
3576,1,2015-05-05 14:37:22,2015-05-05 14:37:22
3566,1,2015-05-05 19:12:46,2015-05-05 19:12:46
3565,1,2015-05-05 19:16:36,2015-05-05 19:16:36
3564,1,2015-05-05 19:20:49,2015-05-05 19:20:49
3563,1,2015-05-05 19:25:05,2015-05-05 19:25:05
3546,1,2015-05-05 23:16:39,2015-05-05 23:16:39
3522,1,2015-05-07 01:48:04,2015-05-07 01:48:04
3517,1,2015-05-07 20:52:46,2015-05-07 20:52:46
3501,1,2015-05-09 02:07:29,2015-05-09 02:07:29
3473,1,2015-05-11 22:44:38,2015-05-11 22:44:38
3461,1,2015-05-13 23:25:10,2015-05-13 23:25:10
3460,1,2015-05-13 23:27:53,2015-05-13 23:27:53
3458,1,2015-05-14 15:54:34,2015-05-14 15:54:34
3446,1,2015-05-15 22:46:44,2015-05-15 22:46:44
3434,1,2015-05-17 10:30:19,2015-05-17 10:30:19
3429,1,2015-05-17 10:53:18,2015-05-17 10:53:18
3421,1,2015-05-19 16:04:42,2015-05-19 16:04:42
3416,1,2015-05-19 16:56:59,2015-05-19 16:56:59
3407,1,2015-05-19 20:59:21,2015-05-19 20:59:21
3390,1,2015-05-21 19:43:34,2015-05-21 19:43:34
3389,1,2015-05-21 19:46:58,2015-05-21 19:46:58
3362,1,2015-05-22 00:29:37,2015-05-22 00:29:37
3350,1,2015-05-22 14:09:28,2015-05-22 14:09:28
3349,1,2015-05-22 14:42:59,2015-05-22 14:42:59
3334,1,2015-05-24 15:55:24,2015-05-24 15:55:24
3280,1,2015-05-28 01:43:59,2015-05-28 01:43:59
3223,1,2015-05-31 23:16:44,2015-05-31 23:16:44
3201,1,2015-06-03 14:33:10,2015-06-03 14:33:10
3198,1,2015-06-03 19:25:05,2015-06-03 19:25:05
3181,1,2015-06-04 16:50:07,2015-06-04 16:50:07
3155,1,2015-06-06 17:29:17,2015-06-06 17:29:17
3152,1,2015-06-08 00:28:15,2015-06-08 00:28:15
3134,1,2015-06-09 22:08:53,2015-06-09 22:08:53
3133,1,2015-06-10 11:51:34,2015-06-10 11:51:34
3129,1,2015-06-11 10:39:12,2015-06-11 10:39:12
3113,1,2015-06-12 23:10:50,2015-06-12 23:10:50
3095,1,2015-06-14 01:00:13,2015-06-14 01:00:13
3076,1,2015-06-16 11:37:29,2015-06-16 11:37:29
3065,1,2015-06-19 19:25:06,2015-06-19 19:25:06
3046,1,2015-06-23 12:28:21,2015-06-23 12:28:21
3034,1,2015-06-23 22:26:26,2015-06-23 22:26:26
3012,1,2015-06-25 16:05:07,2015-06-25 16:05:07
3011,1,2015-06-25 16:57:11,2015-06-25 16:57:11
3010,1,2015-06-25 17:00:33,2015-06-25 17:00:33
3009,1,2015-06-25 17:02:55,2015-06-25 17:02:55
3008,1,2015-06-25 17:06:25,2015-06-25 17:06:25
2961,1,2015-07-03 08:26:46,2015-07-03 08:26:46
2960,1,2015-07-03 08:31:45,2015-07-03 08:31:45
2959,1,2015-07-03 08:37:53,2015-07-03 08:37:53
2958,1,2015-07-03 08:41:29,2015-07-03 08:41:29
2957,1,2015-07-03 08:45:34,2015-07-03 08:45:34
2956,1,2015-07-03 08:49:35,2015-07-03 08:49:35
2955,1,2015-07-03 08:54:21,2015-07-03 08:54:21
2948,1,2015-07-03 21:11:42,2015-07-03 21:11:42
2934,1,2015-07-04 21:47:17,2015-07-04 21:47:17
2931,1,2015-07-05 19:59:12,2015-07-05 19:59:12
2887,1,2015-07-06 13:55:53,2015-07-06 13:55:53
2878,1,2015-07-06 15:34:39,2015-07-06 15:34:39
2812,1,2015-07-14 21:51:05,2015-07-14 21:51:05
2811,1,2015-07-14 21:56:46,2015-07-14 21:56:46
2810,1,2015-07-14 22:20:05,2015-07-14 22:20:05
2804,1,2015-07-17 00:09:42,2015-07-17 00:09:42
2803,1,2015-07-17 19:26:51,2015-07-17 19:26:51
2801,1,2015-07-17 19:34:21,2015-07-17 19:34:21
2783,1,2015-07-22 00:04:53,2015-07-22 00:04:53
2754,1,2015-07-25 20:45:14,2015-07-25 20:45:14
2753,1,2015-07-25 20:45:48,2015-07-25 20:45:48
2737,1,2015-07-25 22:04:11,2015-07-25 22:04:11
2724,1,2015-07-28 13:18:00,2015-07-28 13:18:00
2630,1,2015-08-06 21:55:48,2015-08-06 21:55:48
2629,1,2015-08-06 22:00:15,2015-08-06 22:00:15
2604,1,2015-08-07 14:07:42,2015-08-07 14:07:42
2598,1,2015-08-07 16:27:44,2015-08-07 16:27:44
2570,1,2015-08-07 22:33:29,2015-08-07 22:33:29
2536,1,2015-08-10 18:41:35,2015-08-10 18:41:35
2535,1,2015-08-10 18:44:40,2015-08-10 18:44:40
2523,1,2015-08-11 00:08:06,2015-08-11 00:08:06
2497,1,2015-08-13 00:37:08,2015-08-13 00:37:08
2430,1,2015-08-16 15:37:04,2015-08-16 15:37:04
2371,1,2015-08-17 23:14:33,2015-08-17 23:14:33
2370,1,2015-08-17 23:17:56,2015-08-17 23:17:56
2369,1,2015-08-17 23:24:03,2015-08-17 23:24:03
2362,1,2015-08-18 14:12:00,2015-08-18 14:12:00
2360,1,2015-08-18 16:07:27,2015-08-18 16:07:27
2357,1,2015-08-18 16:17:26,2015-08-18 16:17:26
2347,1,2015-08-19 12:25:11,2015-08-19 12:25:11
2345,1,2015-08-19 12:31:40,2015-08-19 12:31:40
2344,1,2015-08-19 12:35:24,2015-08-19 12:35:24
2343,1,2015-08-19 12:38:13,2015-08-19 12:38:13
2341,1,2015-08-19 12:44:49,2015-08-19 12:44:49
2340,1,2015-08-19 12:48:17,2015-08-19 12:48:17
2336,1,2015-08-19 16:55:41,2015-08-19 16:55:41
2287,1,2015-08-24 16:22:37,2015-08-24 16:22:37
2262,1,2015-08-26 19:26:37,2015-08-26 19:26:37
2252,1,2015-08-28 21:20:42,2015-08-28 21:20:42
2251,1,2015-08-28 21:29:06,2015-08-28 21:29:06
2250,1,2015-08-28 21:34:07,2015-08-28 21:34:07
2249,1,2015-08-28 21:38:24,2015-08-28 21:38:24
2248,1,2015-08-28 21:50:56,2015-08-28 21:50:56
2247,1,2015-08-28 21:52:34,2015-08-28 21:52:34
2246,1,2015-08-28 21:56:02,2015-08-28 21:56:02
2245,1,2015-08-28 22:00:35,2015-08-28 22:00:35
2244,1,2015-08-28 22:04:00,2015-08-28 22:04:00
2243,1,2015-08-28 22:09:55,2015-08-28 22:09:55
2230,1,2015-08-31 16:44:16,2015-08-31 16:44:16
2200,1,2015-09-01 18:08:55,2015-09-01 18:08:55
2170,1,2015-09-06 13:39:28,2015-09-06 13:39:28
2168,1,2015-09-06 13:44:57,2015-09-06 13:44:57
2167,1,2015-09-06 13:48:41,2015-09-06 13:48:41
2166,1,2015-09-06 13:51:16,2015-09-06 13:51:16
2165,1,2015-09-06 13:54:16,2015-09-06 13:54:16
2164,1,2015-09-06 14:03:36,2015-09-06 14:03:36
2163,1,2015-09-06 14:30:04,2015-09-06 14:30:04
2127,1,2015-09-09 17:15:12,2015-09-09 17:15:12
2111,1,2015-09-09 22:34:42,2015-09-09 22:34:42
2110,1,2015-09-09 22:39:46,2015-09-09 22:39:46
2109,1,2015-09-09 22:45:29,2015-09-09 22:45:29
2108,1,2015-09-09 22:50:07,2015-09-09 22:50:07
2107,1,2015-09-09 22:54:34,2015-09-09 22:54:34
2106,1,2015-09-09 22:59:40,2015-09-09 22:59:40
2105,1,2015-09-09 23:03:56,2015-09-09 23:03:56
2104,1,2015-09-09 23:12:54,2015-09-09 23:12:54
2103,1,2015-09-09 23:18:05,2015-09-09 23:18:05
2101,1,2015-09-09 23:27:57,2015-09-09 23:27:57
2100,1,2015-09-09 23:31:40,2015-09-09 23:31:40
2099,1,2015-09-09 23:35:27,2015-09-09 23:35:27
2098,1,2015-09-09 23:39:33,2015-09-09 23:39:33
2097,1,2015-09-09 23:43:28,2015-09-09 23:43:28
2096,1,2015-09-09 23:47:53,2015-09-09 23:47:53
2094,1,2015-09-09 23:56:56,2015-09-09 23:56:56
2092,1,2015-09-10 00:05:51,2015-09-10 00:05:51
2091,1,2015-09-10 00:10:59,2015-09-10 00:10:59
2089,1,2015-09-10 00:21:19,2015-09-10 00:21:19
2088,1,2015-09-10 00:25:06,2015-09-10 00:25:06
2086,1,2015-09-10 00:33:10,2015-09-10 00:33:10
2085,1,2015-09-10 00:37:13,2015-09-10 00:37:13
2084,1,2015-09-10 00:41:06,2015-09-10 00:41:06
2082,1,2015-09-10 00:49:48,2015-09-10 00:49:48
2081,1,2015-09-10 00:55:31,2015-09-10 00:55:31
2080,1,2015-09-10 01:00:08,2015-09-10 01:00:08
2079,1,2015-09-10 01:04:35,2015-09-10 01:04:35
2078,1,2015-09-10 01:09:41,2015-09-10 01:09:41
2076,1,2015-09-10 01:22:54,2015-09-10 01:22:54
1993,1,2015-09-20 17:40:45,2015-09-20 17:40:45
1977,1,2015-09-22 18:20:49,2015-09-22 18:20:49
1970,1,2015-09-23 19:19:35,2015-09-23 19:19:35
1968,1,2015-09-25 12:14:42,2015-09-25 12:14:42
1964,1,2015-09-25 12:40:51,2015-09-25 12:40:51
1963,1,2015-09-25 12:53:49,2015-09-25 12:53:49
1962,1,2015-09-25 12:58:46,2015-09-25 12:58:46
1956,1,2015-09-27 15:27:15,2015-09-27 15:27:15
1937,1,2015-09-27 21:29:37,2015-09-27 21:29:37
1927,1,2015-09-28 22:06:36,2015-09-28 22:06:36
1915,1,2015-10-01 18:54:26,2015-10-01 18:54:26
1911,1,2015-10-01 19:29:05,2015-10-01 19:29:05
1865,1,2015-10-04 16:24:28,2015-10-04 16:24:28
1843,1,2015-10-06 07:23:41,2015-10-06 07:23:41
1827,1,2015-10-07 12:57:05,2015-10-07 12:57:05
1776,1,2015-10-13 07:48:29,2015-10-13 07:48:29
1761,1,2015-10-15 18:28:41,2015-10-15 18:28:41
1692,1,2015-10-19 20:51:54,2015-10-19 20:51:54
1688,1,2015-10-20 15:56:38,2015-10-20 15:56:38
1687,1,2015-10-20 16:27:26,2015-10-20 16:27:26
1672,1,2015-10-23 21:26:03,2015-10-23 21:26:03
1671,1,2015-10-23 21:27:16,2015-10-23 21:27:16
1667,1,2015-10-24 14:55:05,2015-10-24 14:55:05
1644,1,2015-10-28 13:39:37,2015-10-28 13:39:37
1621,1,2015-10-29 22:03:01,2015-10-29 22:03:01
1620,1,2015-10-29 22:06:31,2015-10-29 22:06:31
1619,1,2015-10-29 22:09:59,2015-10-29 22:09:59
1618,1,2015-10-29 22:13:44,2015-10-29 22:13:44
1617,1,2015-10-29 22:27:25,2015-10-29 22:27:25
1608,1,2015-10-29 23:16:40,2015-10-29 23:16:40
1607,1,2015-10-29 23:20:10,2015-10-29 23:20:10
1596,1,2015-10-30 08:02:46,2015-10-30 08:02:46
1594,1,2015-10-30 08:14:10,2015-10-30 08:14:10
1593,1,2015-10-30 08:17:49,2015-10-30 08:17:49
1589,1,2015-10-30 14:00:04,2015-10-30 14:00:04
1568,1,2015-10-31 00:40:12,2015-10-31 00:40:12
1542,1,2015-11-03 12:17:14,2015-11-03 12:17:14
1541,1,2015-11-03 12:21:08,2015-11-03 12:21:08
1536,1,2015-11-03 12:42:58,2015-11-03 12:42:58
1535,1,2015-11-03 12:45:34,2015-11-03 12:45:34
1533,1,2015-11-03 13:19:16,2015-11-03 13:19:16
1529,1,2015-11-03 22:07:50,2015-11-03 22:07:50
1508,1,2015-11-06 23:56:28,2015-11-06 23:56:28
1506,1,2015-11-07 11:48:44,2015-11-07 11:48:44
1454,1,2015-11-12 16:12:19,2015-11-12 16:12:19
1453,1,2015-11-13 00:08:31,2015-11-13 00:08:31
1364,1,2015-11-25 00:00:58,2015-11-25 00:00:58
1228,1,2015-12-22 19:23:54,2015-12-22 19:23:54
1191,1,2015-12-28 12:39:54,2015-12-28 12:39:54
1118,1,2016-01-04 23:25:23,2016-01-04 23:25:23
921,1,2016-03-07 23:00:46,2016-03-07 23:00:46
877,1,2016-03-08 14:14:41,2016-03-08 14:14:41
830,1,2016-03-14 12:45:32,2016-03-14 12:45:32
820,1,2016-03-16 10:23:45,2016-03-16 10:23:45
777,1,2016-03-20 00:51:02,2016-03-20 00:51:02
766,1,2016-03-21 22:38:47,2016-03-21 22:38:47
763,1,2016-03-21 22:49:32,2016-03-21 22:49:32
698,1,2016-04-03 17:49:07,2016-04-03 17:49:07
667,1,2016-04-08 13:36:36,2016-04-08 13:36:36
642,1,2016-04-12 21:28:51,2016-04-12 21:28:51
373,1,2016-05-22 22:39:52,2016-05-22 22:39:52
279,1,2017-01-10 20:19:08,2017-01-10 20:19:08
213,1,2017-03-31 14:45:46,2017-03-31 14:45:46
212,1,2017-03-31 14:50:00,2017-03-31 14:50:00
211,1,2017-03-31 14:53:27,2017-03-31 14:53:27
210,1,2017-03-31 14:55:40,2017-03-31 14:55:40
209,1,2017-03-31 14:59:25,2017-03-31 14:59:25
