track_id,album_id,track_number,disc_number
1,1,,1
2,1,,1
3,1,,1
4,1,,1
5,1,,1
6,1,,1
7,1,,1
8,2,,1
9,3,,1
10,310,,1
11,4,,1
12,5,,1
14,7,,1
15,7,,1
16,7,,1
17,7,,1
18,7,,1
19,7,,1
20,7,,1
21,8,,1
22,10,,1
23,11,,1
24,5,,1
25,5,,1
26,5,,1
27,5,,1
29,13,,1
30,14,,1
31,15,,1
32,16,,1
33,17,,1
34,18,,1
35,19,,1
36,20,,1
37,16,,1
38,21,,1
39,23,,1
40,25,,1
41,26,,1
42,27,,1
43,12,,1
44,12,,1
45,28,,1
47,29,,1
48,30,,1
49,16,,1
50,2840,,1
51,31,,1
53,32,,1
54,8,,1
55,8,,1
56,8,,1
57,17,,1
58,8,,1
59,33,,1
60,23,,1
61,34,,1
62,8,,1
63,8,,1
64,8,,1
65,8,,1
66,35,,1
67,35,,1
68,35,,1
69,35,,1
70,3110,,1
71,36,,1
72,36,,1
73,36,,1
74,37,,1
75,37,,1
76,37,,1
77,131,,1
78,131,,1
79,131,,1
80,36,,1
81,36,,1
82,36,,1
83,36,,1
84,36,,1
85,39,,1
86,36,,1
87,30,,1
88,36,,1
89,36,,1
90,36,,1
91,36,,1
92,36,,1
93,36,,1
94,36,,1
95,36,,1
96,36,,1
97,1911,,1
98,1911,,1
99,1911,,1
100,1911,,1
101,1911,,1
102,40,,1
103,30,,1
104,30,,1
105,30,,1
106,30,,1
107,30,,1
108,30,,1
109,12,,1
110,35,,1
111,35,,1
112,35,,1
113,41,,1
114,41,,1
117,5,,1
118,5,,1
119,5,,1
120,5,,1
121,5,,1
122,5,,1
123,5,,1
124,43,,1
125,45,,1
126,49,,1
127,49,,1
128,50,,1
129,49,,1
130,49,,1
131,51,,1
132,136,,1
133,52,,1
134,53,,1
135,43,,1
136,54,,1
137,34,,1
138,55,,1
139,3107,,1
140,55,,1
141,56,,1
142,57,,1
143,58,,1
144,58,,1
145,16,,1
146,16,,1
147,16,,1
149,16,,1
151,59,,1
152,59,,1
153,59,,1
154,59,,1
155,59,,1
156,59,,1
157,59,,1
158,17,,1
159,17,,1
160,17,,1
161,17,,1
162,60,,1
163,61,,1
164,61,,1
165,1,,1
166,1,,1
167,1,,1
168,1,,1
169,1,,1
170,1691,,1
171,1691,,1
172,17,,1
173,17,,1
174,17,,1
175,63,,1
176,63,,1
177,64,,1
178,3180,,1
179,3180,,1
180,3180,,1
181,65,,1
182,66,,1
183,66,,1
184,193,,1
185,193,,1
28,12,,1
150,59,,1
116,42,,1
115,42,,1
52,6,,1
46,6,,1
13,6,,1
186,193,,1
187,67,,1
188,67,,1
189,67,,1
190,67,,1
191,68,,1
192,68,,1
193,68,,1
194,68,,1
195,69,,1
196,70,,1
197,71,,1
198,72,,1
199,1669,,1
200,73,,1
201,73,,1
202,73,,1
203,74,,1
204,75,,1
205,74,,1
206,74,,1
207,73,,1
208,73,,1
209,76,,1
210,77,,1
211,78,,1
212,79,,1
213,80,,1
214,81,,1
215,82,,1
216,83,,1
217,83,,1
218,83,,1
219,83,,1
220,84,,1
221,84,,1
222,84,,1
223,84,,1
224,84,,1
225,84,,1
226,85,,1
227,85,,1
228,85,,1
229,85,,1
230,86,,1
231,87,,1
232,88,,1
233,89,,1
234,90,,1
235,91,,1
236,91,,1
237,92,,1
238,93,,1
239,84,,1
240,94,,1
241,94,,1
242,95,,1
243,83,,1
244,83,,1
245,83,,1
246,83,,1
247,83,,1
248,83,,1
249,397,,1
250,397,,1
251,79,,1
252,79,,1
253,1669,,1
254,1669,,1
255,1669,,1
256,96,,1
257,96,,1
258,96,,1
259,96,,1
260,96,,1
261,96,,1
262,96,,1
263,96,,1
264,96,,1
265,96,,1
266,96,,1
267,96,,1
268,96,,1
269,97,,1
270,97,,1
271,97,,1
272,98,,1
273,98,,1
274,98,,1
275,79,,1
276,79,,1
277,79,,1
278,99,,1
279,99,,1
280,397,,1
281,416,,1
282,416,,1
283,416,,1
284,416,,1
285,101,,1
286,101,,1
287,102,,1
288,269,,1
289,269,,1
290,104,,1
291,105,,1
292,105,,1
293,94,,1
294,94,,1
295,94,,1
296,106,,1
297,106,,1
298,106,,1
299,106,,1
300,106,,1
301,106,,1
302,107,,1
303,107,,1
304,107,,1
305,107,,1
306,107,,1
307,107,,1
308,107,,1
309,107,,1
310,107,,1
311,107,,1
312,107,,1
313,108,,1
314,108,,1
315,108,,1
316,108,,1
317,108,,1
318,108,,1
319,108,,1
320,109,,1
321,109,,1
322,109,,1
323,110,,1
324,35,,1
325,35,,1
326,35,,1
327,35,,1
328,35,,1
329,35,,1
330,35,,1
331,35,,1
332,35,,1
333,35,,1
335,111,,1
336,111,,1
337,111,,1
338,111,,1
339,111,,1
340,111,,1
341,637,,1
342,106,,1
343,106,,1
344,106,,1
345,106,,1
346,106,,1
347,106,,1
348,112,,1
349,112,,1
350,112,,1
351,112,,1
352,112,,1
353,112,,1
354,112,,1
355,112,,1
356,112,,1
357,112,,1
358,112,,1
359,112,,1
360,112,,1
361,112,,1
362,112,,1
363,112,,1
364,112,,1
365,112,,1
366,113,,1
367,113,,1
368,114,,1
369,114,,1
370,114,,1
371,115,,1
372,115,,1
373,115,,1
374,115,,1
375,115,,1
376,1,,1
377,1,,1
378,1,,1
379,1,,1
380,1,,1
381,1,,1
382,1,,1
383,116,,1
384,116,,1
385,117,,1
386,117,,1
387,117,,1
388,117,,1
389,117,,1
390,117,,1
391,117,,1
392,117,,1
393,118,,1
394,118,,1
395,118,,1
396,118,,1
397,118,,1
398,118,,1
399,79,,1
400,79,,1
401,79,,1
402,79,,1
403,79,,1
404,79,,1
405,79,,1
406,79,,1
407,79,,1
408,119,,1
409,119,,1
410,119,,1
411,119,,1
412,119,,1
413,119,,1
414,119,,1
415,119,,1
416,119,,1
417,119,,1
418,119,,1
419,120,,1
420,120,,1
421,120,,1
422,120,,1
423,120,,1
424,120,,1
425,120,,1
426,120,,1
427,120,,1
428,120,,1
429,120,,1
430,120,,1
431,120,,1
432,120,,1
433,120,,1
434,120,,1
435,120,,1
436,120,,1
437,120,,1
438,121,,1
439,121,,1
440,121,,1
441,121,,1
442,121,,1
443,122,,1
444,122,,1
445,122,,1
446,122,,1
447,122,,1
448,122,,1
449,122,,1
450,122,,1
451,122,,1
452,122,,1
453,123,,1
454,123,,1
455,123,,1
456,123,,1
457,124,,1
458,125,,1
459,73,,1
460,73,,1
461,73,,1
462,73,,1
463,66,,1
464,64,,1
465,64,,1
466,64,,1
467,64,,1
468,64,,1
469,64,,1
470,126,,1
471,126,,1
472,127,,1
473,128,,1
474,129,,1
475,129,,1
476,129,,1
477,129,,1
478,130,,1
479,130,,1
480,130,,1
481,130,,1
482,130,,1
483,130,,1
484,130,,1
485,130,,1
486,132,,1
487,132,,1
488,132,,1
489,132,,1
490,132,,1
491,133,,1
492,133,,1
493,58,,1
494,58,,1
495,58,,1
496,58,,1
497,58,,1
498,22,,1
499,22,,1
500,22,,1
501,134,,1
502,5,,1
503,5,,1
504,5,,1
505,5,,1
506,5,,1
507,5,,1
508,22,,1
509,22,,1
510,22,,1
511,22,,1
512,135,,1
513,135,,1
514,135,,1
515,135,,1
516,135,,1
517,135,,1
518,135,,1
519,135,,1
520,135,,1
521,135,,1
522,135,,1
523,135,,1
524,135,,1
525,135,,1
526,135,,1
527,135,,1
528,135,,1
529,135,,1
530,98,,1
531,98,,1
532,98,,1
533,98,,1
534,98,,1
535,98,,1
536,98,,1
537,136,,1
538,136,,1
539,136,,1
540,136,,1
541,136,,1
542,137,,1
543,137,,1
544,137,,1
545,138,,1
546,139,,1
547,140,,1
548,141,,1
549,142,,1
550,142,,1
551,142,,1
552,142,,1
553,119,,1
554,119,,1
555,119,,1
556,119,,1
557,119,,1
558,119,,1
559,119,,1
560,119,,1
561,143,,1
562,143,,1
563,143,,1
564,143,,1
565,143,,1
566,143,,1
567,143,,1
568,143,,1
569,143,,1
570,143,,1
571,143,,1
572,143,,1
573,143,,1
574,143,,1
575,143,,1
576,144,,1
577,94,,1
578,145,,1
579,145,,1
580,146,,1
581,146,,1
582,133,,1
583,133,,1
584,105,,1
585,105,,1
586,105,,1
587,105,,1
588,147,,1
589,147,,1
590,147,,1
591,147,,1
592,103,,1
593,103,,1
594,103,,1
595,103,,1
596,148,,1
597,189,,1
598,189,,1
599,189,,1
600,189,,1
601,189,,1
602,189,,1
603,189,,1
604,189,,1
605,133,,1
606,133,,1
607,149,,1
608,246,,1
609,150,,1
610,150,,1
611,150,,1
612,150,,1
613,150,,1
614,150,,1
615,150,,1
616,150,,1
617,150,,1
618,150,,1
619,150,,1
620,150,,1
621,58,,1
622,58,,1
623,58,,1
624,58,,1
625,58,,1
626,58,,1
627,95,,1
628,151,,1
629,151,,1
630,151,,1
631,151,,1
632,151,,1
633,125,,1
634,125,,1
635,125,,1
636,125,,1
637,1351,,1
638,1351,,1
639,1351,,1
640,152,,1
641,152,,1
642,152,,1
643,152,,1
644,152,,1
645,147,,1
646,147,,1
647,153,,1
648,153,,1
649,153,,1
650,153,,1
651,153,,1
652,104,,1
653,104,,1
654,99,,1
655,99,,1
656,99,,1
657,99,,1
658,99,,1
659,99,,1
660,154,,1
661,154,,1
662,154,,1
663,110,,1
664,110,,1
665,155,,1
666,155,,1
667,155,,1
668,113,,1
669,3180,,1
670,134,,1
671,134,,1
672,134,,1
673,156,,1
674,158,,1
675,159,,1
676,159,,1
677,159,,1
678,159,,1
679,159,,1
680,159,,1
681,159,,1
682,159,,1
683,159,,1
684,160,,1
685,160,,1
686,160,,1
687,160,,1
688,87,,1
689,87,,1
690,87,,1
691,87,,1
692,87,,1
693,87,,1
694,87,,1
695,1351,,1
696,161,,1
697,161,,1
698,161,,1
699,161,,1
700,118,,1
701,162,,1
702,98,,1
703,98,,1
704,98,,1
705,98,,1
706,98,,1
707,163,,1
708,104,,1
709,104,,1
710,133,,1
711,133,,1
712,133,,1
713,133,,1
714,164,,1
715,164,,1
716,94,,1
717,94,,1
718,165,,1
719,166,,1
720,1669,,1
721,1669,,1
722,259,,1
723,259,,1
724,259,,1
725,163,,1
726,168,,1
727,168,,1
728,168,,1
729,118,,1
730,748,,1
731,104,,1
732,169,,1
733,169,,1
734,170,,1
735,171,,1
736,171,,1
737,99,,1
738,172,,1
739,172,,1
740,172,,1
741,172,,1
742,172,,1
743,172,,1
744,110,,1
745,158,,1
746,158,,1
747,49,,1
748,622,,1
749,1124,,1
750,173,,1
751,173,,1
752,173,,1
753,1669,,1
754,174,,1
755,174,,1
756,110,,1
757,175,,1
758,175,,1
759,158,,1
760,176,,1
761,176,,1
762,176,,1
763,177,,1
764,176,,1
765,110,,1
766,158,,1
767,158,,1
768,158,,1
769,158,,1
770,158,,1
771,158,,1
772,158,,1
773,158,,1
774,158,,1
775,158,,1
776,158,,1
777,158,,1
778,178,,1
779,178,,1
780,178,,1
781,178,,1
782,178,,1
783,178,,1
784,178,,1
785,178,,1
786,178,,1
787,178,,1
788,178,,1
789,178,,1
790,178,,1
791,179,,1
792,180,,1
793,181,,1
794,182,,1
795,182,,1
796,182,,1
797,182,,1
798,182,,1
799,182,,1
800,182,,1
801,182,,1
802,182,,1
803,182,,1
804,173,,1
805,173,,1
806,183,,1
807,183,,1
808,183,,1
809,184,,1
810,184,,1
811,95,,1
812,173,,1
813,173,,1
814,173,,1
815,173,,1
816,173,,1
817,185,,1
818,185,,1
819,185,,1
820,185,,1
821,186,,1
822,186,,1
823,187,,1
824,187,,1
825,187,,1
826,187,,1
827,187,,1
828,187,,1
829,187,,1
830,187,,1
831,187,,1
832,187,,1
833,187,,1
834,187,,1
835,187,,1
836,185,,1
837,185,,1
838,1669,,1
839,22,,1
840,22,,1
841,22,,1
842,188,,1
843,188,,1
844,188,,1
845,1669,,1
846,43,,1
847,43,,1
848,43,,1
849,189,,1
850,189,,1
851,189,,1
852,189,,1
853,189,,1
854,189,,1
855,189,,1
856,189,,1
857,189,,1
858,189,,1
859,10,,1
860,75,,1
861,75,,1
862,75,,1
863,123,,1
864,123,,1
865,189,,1
866,1602,,1
867,1602,,1
868,1602,,1
869,142,,1
870,123,,1
871,1669,,1
872,1351,,1
873,87,,1
874,87,,1
875,87,,1
876,87,,1
877,190,,1
878,190,,1
879,190,,1
880,190,,1
881,190,,1
882,123,,1
883,123,,1
884,123,,1
885,123,,1
886,123,,1
887,123,,1
888,123,,1
889,191,,1
890,1351,,1
891,1351,,1
892,1351,,1
893,192,,1
894,192,,1
895,192,,1
896,178,,1
897,1351,,1
898,1351,,1
899,1351,,1
900,192,,1
901,192,,1
902,192,,1
903,193,,1
904,193,,1
905,193,,1
906,187,,1
907,187,,1
908,1602,,1
909,1602,,1
910,194,,1
911,161,,1
912,161,,1
913,161,,1
914,194,,1
915,194,,1
916,184,,1
917,189,,1
918,189,,1
919,189,,1
920,189,,1
921,189,,1
922,184,,1
923,184,,1
924,195,,1
925,195,,1
926,195,,1
927,142,,1
928,142,,1
929,168,,1
930,168,,1
931,168,,1
932,168,,1
933,168,,1
934,168,,1
935,168,,1
936,142,,1
937,142,,1
938,142,,1
939,142,,1
940,142,,1
941,142,,1
942,161,,1
943,161,,1
944,161,,1
945,161,,1
946,161,,1
947,161,,1
948,161,,1
949,161,,1
950,2565,,1
951,147,,1
952,147,,1
953,147,,1
954,147,,1
955,147,,1
956,147,,1
957,147,,1
958,147,,1
959,147,,1
960,147,,1
961,196,,1
962,196,,1
963,97,,1
964,197,,1
965,197,,1
966,10,,1
967,10,,1
968,10,,1
969,35,,1
970,1277,,1
971,1277,,1
972,151,,1
973,151,,1
974,151,,1
975,151,,1
976,151,,1
977,151,,1
978,151,,1
979,151,,1
980,151,,1
981,151,,1
982,151,,1
983,151,,1
984,171,,1
985,197,,1
986,197,,1
987,198,,1
988,35,,1
989,199,,1
990,199,,1
991,199,,1
992,200,,1
993,200,,1
994,200,,1
995,200,,1
996,1602,,1
997,1602,,1
998,1602,,1
999,1602,,1
1000,1602,,1
1001,1602,,1
1002,1602,,1
1003,1602,,1
1004,1602,,1
1005,1602,,1
1006,1602,,1
1007,1602,,1
1008,1602,,1
1009,200,,1
1010,43,,1
1011,43,,1
1012,43,,1
1013,43,,1
1014,43,,1
1015,43,,1
1016,43,,1
1017,43,,1
1018,43,,1
1019,197,,1
1020,199,,1
1021,199,,1
1022,199,,1
1023,199,,1
1024,199,,1
1025,199,,1
1026,199,,1
1027,199,,1
1028,199,,1
1029,199,,1
1030,199,,1
1031,199,,1
1032,156,,1
1033,156,,1
1034,156,,1
1035,201,,1
1036,201,,1
1037,201,,1
1038,201,,1
1039,200,,1
1040,131,,1
1041,202,,1
1042,202,,1
1043,99,,1
1044,203,,1
1045,204,,1
1046,204,,1
1047,204,,1
1048,205,,1
1049,205,,1
1050,205,,1
1051,206,,1
1052,205,,1
1053,1563,,1
1054,1563,,1
1055,1563,,1
1056,1563,,1
1057,200,,1
1058,200,,1
1059,204,,1
1060,204,,1
1061,204,,1
1062,204,,1
1063,200,,1
1064,204,,1
1065,2565,,1
1066,207,,1
1067,207,,1
1068,5,,1
1069,204,,1
1070,204,,1
1071,204,,1
1072,204,,1
1073,85,,1
1074,85,,1
1075,85,,1
1076,85,,1
1077,208,,1
1078,85,,1
1079,85,,1
1080,85,,1
1081,85,,1
1082,85,,1
1083,209,,1
1084,209,,1
1085,125,,1
1086,125,,1
1087,156,,1
1088,156,,1
1089,210,,1
1090,210,,1
1091,210,,1
1092,210,,1
1093,151,,1
1094,85,,1
1095,85,,1
1096,85,,1
1097,85,,1
1103,197,,1
1104,22,,1
1105,22,,1
1106,211,,1
1107,52,,1
1108,52,,1
1109,52,,1
1110,52,,1
1111,52,,1
1112,52,,1
1113,52,,1
1114,210,,1
1115,210,,1
1116,210,,1
1117,210,,1
1118,210,,1
1119,210,,1
1120,212,,1
1121,95,,1
1122,171,,1
1123,1277,,1
1124,1277,,1
1125,1277,,1
1126,35,,1
1127,35,,1
1128,35,,1
1129,155,,1
1130,155,,1
1131,155,,1
1132,155,,1
1133,155,,1
1134,155,,1
1135,155,,1
1136,1563,,1
1137,16,,1
1138,16,,1
1139,213,,1
1140,213,,1
1141,10,,1
1142,2565,,1
1143,2565,,1
1144,108,,1
1145,108,,1
1146,259,,1
1147,259,,1
1148,259,,1
1149,259,,1
1150,259,,1
1151,259,,1
1152,259,,1
1153,259,,1
1154,259,,1
1155,259,,1
1156,58,,1
1157,186,,1
1158,186,,1
1159,186,,1
1160,186,,1
1161,186,,1
1162,186,,1
1163,214,,1
1164,214,,1
1165,214,,1
1166,214,,1
1167,214,,1
1168,214,,1
1169,214,,1
1170,214,,1
1171,214,,1
1172,214,,1
1173,214,,1
1174,214,,1
1175,214,,1
1176,214,,1
1177,214,,1
1178,214,,1
1179,118,,1
1180,215,,1
1181,216,,1
1182,217,,1
1183,218,,1
1184,220,,1
1185,221,,1
1186,222,,1
1187,223,,1
1188,224,,1
1189,225,,1
1190,188,,1
1191,188,,1
1192,188,,1
1193,188,,1
1194,226,,1
1195,226,,1
1196,226,,1
1197,188,,1
1198,227,,1
1199,227,,1
1200,55,,1
1201,55,,1
1202,228,,1
1203,168,,1
1204,229,,1
1205,222,,1
1206,222,,1
1207,222,,1
1208,222,,1
1209,222,,1
1210,222,,1
1211,222,,1
1212,222,,1
1213,222,,1
1214,222,,1
1215,222,,1
1216,230,,1
1217,231,,1
1218,232,,1
1219,233,,1
1220,234,,1
1221,236,,1
1222,237,,1
1223,1442,,1
1224,238,,1
1225,206,,1
1226,215,,1
1227,215,,1
1228,35,,1
1229,1877,,1
1230,239,,1
1231,229,,1
1232,240,,1
1233,241,,1
1234,44,,1
1235,35,,1
1236,242,,1
1237,184,,1
1238,134,,1
1239,242,,1
1240,242,,1
1241,229,,1
1242,229,,1
1243,136,,1
1244,243,,1
1245,244,,1
1246,245,,1
1247,246,,1
1248,247,,1
1249,246,,1
1250,203,,1
1251,203,,1
1252,248,,1
1253,248,,1
1254,203,,1
1255,229,,1
1256,229,,1
1257,249,,1
1258,250,,1
1259,251,,1
1260,16,,1
1261,16,,1
1262,242,,1
1263,242,,1
1264,87,,1
1265,87,,1
1266,87,,1
1267,242,,1
1268,252,,1
1269,253,,1
1270,254,,1
1271,254,,1
1272,254,,1
1273,254,,1
1274,95,,1
1275,95,,1
1276,95,,1
1277,95,,1
1278,95,,1
1279,95,,1
1280,95,,1
1281,95,,1
1282,95,,1
1283,137,,1
1284,255,,1
1285,256,,1
1286,206,,1
1287,197,,1
1288,257,,1
1289,258,,1
1290,144,,1
1291,144,,1
1292,144,,1
1293,144,,1
1294,144,,1
1295,38,,1
1296,38,,1
1297,38,,1
1298,38,,1
1299,38,,1
1300,38,,1
1301,748,,1
1302,748,,1
1303,242,,1
1304,242,,1
1305,242,,1
1306,242,,1
1307,242,,1
1308,215,,1
1309,259,,1
1310,260,,1
1311,261,,1
1312,262,,1
1313,263,,1
1314,35,,1
1315,35,,1
1316,35,,1
1317,35,,1
1318,264,,1
1319,239,,1
1320,239,,1
1321,239,,1
1322,2665,,1
1323,10,,1
1324,10,,1
1325,10,,1
1326,265,,1
1327,265,,1
1328,239,,1
1329,239,,1
1330,239,,1
1331,239,,1
1332,239,,1
1333,239,,1
1334,196,,1
1335,266,,1
1336,259,,1
1337,259,,1
1338,35,,1
1339,35,,1
1340,35,,1
1341,35,,1
1342,35,,1
1343,35,,1
1344,212,,1
1345,38,,1
1346,186,,1
1347,118,,1
1348,529,,1
1349,192,,1
1350,267,,1
1351,35,,1
1352,35,,1
1353,35,,1
1354,197,,1
1355,197,,1
1356,35,,1
1357,35,,1
1358,35,,1
1359,105,,1
1360,35,,1
1361,35,,1
1362,268,,1
1363,176,,1
1364,171,,1
1365,171,,1
1366,171,,1
1367,105,,1
1368,105,,1
1369,105,,1
1370,105,,1
1371,215,,1
1372,215,,1
1373,215,,1
1374,215,,1
1375,215,,1
1376,215,,1
1377,215,,1
1378,215,,1
1379,215,,1
1381,115,,1
1382,270,,1
1383,270,,1
1384,270,,1
1385,259,,1
1392,171,,1
1393,259,,1
1394,132,,1
1395,132,,1
1396,2565,,1
1397,271,,1
1398,271,,1
1399,271,,1
1400,272,,1
1401,259,,1
1402,259,,1
1403,259,,1
1404,259,,1
1405,259,,1
1406,259,,1
1407,259,,1
1408,259,,1
1409,259,,1
1410,259,,1
1411,259,,1
1412,259,,1
1413,273,,1
1414,104,,1
1415,104,,1
1416,274,,1
1421,94,,1
1422,94,,1
1423,94,,1
1424,94,,1
1425,94,,1
1426,94,,1
1427,94,,1
1428,94,,1
1429,94,,1
1430,94,,1
1431,94,,1
1432,143,,1
1433,275,,1
1434,143,,1
1435,143,,1
1436,276,,1
1437,143,,1
1438,143,,1
1444,104,,1
1445,104,,1
1446,193,,1
1447,277,,1
1448,278,,1
1449,1941,,1
1450,208,,1
1451,261,,1
1452,208,,1
1453,55,,1
1454,1941,,1
1455,205,,1
1456,49,,1
1457,529,,1
1458,279,,1
1459,43,,1
1460,201,,1
1461,104,,1
1465,281,,1
1466,279,,1
1467,104,,1
1468,104,,1
1469,204,,1
1470,188,,1
1471,188,,1
1472,116,,1
1473,262,,1
1474,87,,1
1475,282,,1
1476,127,,1
1477,283,,1
1478,284,,1
1479,285,,1
1480,286,,1
1481,49,,1
1482,282,,1
1483,282,,1
1484,226,,1
1485,748,,1
1486,748,,1
1487,748,,1
1488,287,,1
1489,287,,1
1490,287,,1
1491,340,,1
1492,1941,,1
1493,1941,,1
1494,134,,1
1495,288,,1
1496,289,,1
1497,157,,1
1498,192,,1
1499,67,,1
1500,205,,1
1501,100,,1
1502,258,,1
1503,258,,1
1504,144,,1
1505,144,,1
1506,118,,1
1507,118,,1
1508,118,,1
1509,144,,1
1510,144,,1
1511,144,,1
1512,144,,1
1513,290,,1
1514,291,,1
1515,291,,1
1516,291,,1
1517,291,,1
1518,52,,1
1519,286,,1
1520,186,,1
1521,292,,1
1522,156,,1
1523,65,,1
1524,156,,1
1525,156,,1
1526,156,,1
1527,156,,1
1528,156,,1
1529,156,,1
1530,156,,1
1531,293,,1
1532,294,,1
1533,270,,1
1534,226,,1
1535,134,,1
1536,259,,1
1537,259,,1
1538,259,,1
1539,259,,1
1540,295,,1
1541,160,,1
1542,52,,1
1543,49,,1
1544,296,,1
1545,416,,1
1546,416,,1
1547,416,,1
1548,416,,1
1549,416,,1
1550,416,,1
1551,213,,1
1552,213,,1
1553,213,,1
1554,213,,1
1555,147,,1
1556,297,,1
1557,297,,1
1558,297,,1
1559,297,,1
1560,297,,1
1561,297,,1
1562,297,,1
1563,144,,1
1564,144,,1
1565,288,,1
1566,288,,1
1567,288,,1
1568,288,,1
1569,281,,1
1570,281,,1
1571,281,,1
1572,281,,1
1573,298,,1
1574,262,,1
1575,262,,1
1576,262,,1
1577,262,,1
1578,262,,1
1579,262,,1
1580,1563,,1
1581,299,,1
1582,292,,1
1583,300,,1
1584,298,,1
1585,1941,,1
1586,213,,1
1587,156,,1
1588,301,,1
1589,302,,1
1590,38,,1
1591,292,,1
1592,213,,1
1593,213,,1
1594,213,,1
1595,213,,1
1596,213,,1
1597,156,,1
1598,213,,1
1599,213,,1
1600,286,,1
1601,38,,1
1602,303,,1
1603,304,,1
1604,305,,1
1605,306,,1
1606,306,,1
1607,306,,1
1608,306,,1
1609,306,,1
1610,306,,1
1611,306,,1
1612,306,,1
1613,306,,1
1614,306,,1
1615,306,,1
1616,306,,1
1617,264,,1
1618,264,,1
1619,264,,1
1620,307,,1
1621,307,,1
1622,305,,1
1623,262,,1
1624,213,,1
1625,213,,1
1626,134,,1
1627,197,,1
1628,197,,1
1629,308,,1
1630,186,,1
1631,4,,1
1632,4,,1
1633,305,,1
1634,210,,1
1635,134,,1
1636,309,,1
1637,373,,1
1638,134,,1
1639,134,,1
1640,134,,1
1641,134,,1
1642,134,,1
1643,134,,1
1644,310,,1
1645,301,,1
1646,212,,1
1647,311,,1
1648,312,,1
1649,313,,1
1650,260,,1
1651,2565,,1
1652,315,,1
1653,184,,1
1654,264,,1
1655,264,,1
1656,197,,1
1657,197,,1
1658,197,,1
1659,197,,1
1660,316,,1
1661,316,,1
1662,316,,1
1663,317,,1
1664,440,,1
1665,318,,1
1666,319,,1
1667,319,,1
1668,319,,1
1669,319,,1
1670,319,,1
1671,319,,1
1672,319,,1
1673,319,,1
1674,319,,1
1675,265,,1
1676,265,,1
1677,320,,1
1678,67,,1
1679,67,,1
1680,321,,1
1681,321,,1
1682,321,,1
1683,321,,1
1684,321,,1
1685,321,,1
1686,321,,1
1687,321,,1
1688,882,,1
1689,200,,1
1690,200,,1
1691,200,,1
1692,200,,1
1693,200,,1
1694,200,,1
1695,200,,1
1696,200,,1
1697,200,,1
1698,200,,1
1699,882,,1
1700,882,,1
1701,265,,1
1702,265,,1
1703,1941,,1
1704,321,,1
1705,321,,1
1706,416,,1
1707,52,,1
1708,322,,1
1709,135,,1
1710,262,,1
1711,1699,,1
1712,319,,1
1713,67,,1
1714,67,,1
1715,323,,1
1716,324,,1
1717,100,,1
1718,325,,1
1719,265,,1
1720,321,,1
1721,321,,1
1722,326,,1
1723,326,,1
1724,326,,1
1725,326,,1
1726,326,,1
1727,326,,1
1728,90,,1
1729,90,,1
1730,90,,1
1731,90,,1
1732,90,,1
1733,90,,1
1734,90,,1
1735,90,,1
1736,327,,1
1737,2565,,1
1738,2565,,1
1739,2565,,1
1740,2565,,1
1741,2565,,1
1742,2565,,1
1743,49,,1
1744,280,,1
1745,280,,1
1746,280,,1
1747,329,,1
1748,330,,1
1749,331,,1
1750,331,,1
1751,2565,,1
1752,79,,1
1753,332,,1
1754,1683,,1
1755,333,,1
1756,1442,,1
1757,334,,1
1758,334,,1
1759,334,,1
1760,334,,1
1761,335,,1
1762,337,,1
1763,64,,1
1764,64,,1
1765,338,,1
1766,339,,1
1767,339,,1
1768,339,,1
1769,155,,1
1770,155,,1
1771,190,,1
1772,190,,1
1773,190,,1
1774,190,,1
1775,334,,1
1776,334,,1
1777,5,,1
1778,226,,1
1779,226,,1
1780,79,,1
1781,79,,1
1782,340,,1
1783,281,,1
1784,341,,1
1785,341,,1
1786,342,,1
1787,343,,1
1788,344,,1
1789,344,,1
1790,294,,1
1791,294,,1
1792,345,,1
1793,345,,1
1794,346,,1
1795,337,,1
1796,55,,1
1797,270,,1
1798,190,,1
1799,440,,1
1800,440,,1
1801,347,,1
1802,347,,1
1803,347,,1
1804,153,,1
1805,153,,1
1806,153,,1
1807,153,,1
1808,153,,1
1809,153,,1
1810,153,,1
1811,184,,1
1812,184,,1
1813,184,,1
1814,184,,1
1815,348,,1
1816,52,,1
1817,43,,1
1818,52,,1
1819,52,,1
1820,52,,1
1821,52,,1
1822,1941,,1
1823,1941,,1
1824,1941,,1
1825,1941,,1
1826,1941,,1
1827,301,,1
1828,301,,1
1829,208,,1
1830,196,,1
1831,97,,1
1832,97,,1
1833,208,,1
1834,349,,1
1835,350,,1
1836,208,,1
1837,352,,1
1838,351,,1
1839,352,,1
1840,352,,1
1841,352,,1
1842,351,,1
1843,351,,1
1844,351,,1
1845,208,,1
1846,208,,1
1847,208,,1
1848,208,,1
1849,208,,1
1850,208,,1
1851,208,,1
1852,208,,1
1853,208,,1
1854,208,,1
1855,208,,1
1856,208,,1
1857,208,,1
1858,208,,1
1859,208,,1
1860,208,,1
1861,208,,1
1862,208,,1
1863,121,,1
1864,121,,1
1865,121,,1
1866,121,,1
1867,121,,1
1868,121,,1
1869,121,,1
1870,637,,1
1871,637,,1
1872,637,,1
1873,136,,1
1874,136,,1
1875,136,,1
1876,136,,1
1877,136,,1
1878,136,,1
1879,136,,1
1880,136,,1
1881,136,,1
1882,136,,1
1883,136,,1
1884,136,,1
1885,136,,1
1886,136,,1
1887,136,,1
1888,136,,1
1889,353,,1
1890,353,,1
1891,353,,1
1892,353,,1
1893,320,,1
1894,354,,1
1895,355,,1
1896,355,,1
1897,355,,1
1898,355,,1
1899,355,,1
1900,355,,1
1901,355,,1
1902,282,,1
1903,282,,1
1904,356,,1
1905,356,,1
1906,356,,1
1907,356,,1
1908,356,,1
1909,192,,1
1910,354,,1
1911,1685,,1
1912,135,,1
1913,358,,1
1914,359,,1
1915,163,,1
1916,360,,1
1917,344,,1
1918,361,,1
1919,361,,1
1920,361,,1
1921,361,,1
1922,361,,1
1923,164,,1
1924,164,,1
1925,362,,1
1926,214,,1
1927,214,,1
1928,363,,1
1929,363,,1
1930,363,,1
1931,363,,1
1932,123,,1
1933,364,,1
1934,365,,1
1935,361,,1
1936,361,,1
1937,361,,1
1938,361,,1
1939,361,,1
1940,361,,1
1941,350,,1
1942,350,,1
1943,350,,1
1944,350,,1
1945,350,,1
1946,350,,1
1947,350,,1
1948,350,,1
1949,350,,1
1950,350,,1
1951,350,,1
1952,350,,1
1953,366,,1
1954,366,,1
1955,366,,1
1956,366,,1
1957,366,,1
1958,214,,1
1959,367,,1
1960,368,,1
1961,369,,1
1962,370,,1
1963,370,,1
1964,370,,1
1965,370,,1
1966,370,,1
1967,318,,1
1968,318,,1
1969,372,,1
1970,372,,1
1971,372,,1
1972,372,,1
1973,372,,1
1974,355,,1
1975,355,,1
1976,355,,1
1977,355,,1
1978,166,,1
1979,310,,1
1980,310,,1
1981,310,,1
1982,132,,1
1983,132,,1
1984,132,,1
1985,192,,1
1986,147,,1
1987,147,,1
1988,374,,1
1989,347,,1
1990,347,,1
1991,269,,1
1992,269,,1
1993,269,,1
1994,124,,1
1995,124,,1
1996,124,,1
1997,124,,1
1998,124,,1
1999,124,,1
2000,124,,1
2001,124,,1
2002,124,,1
2003,124,,1
2004,124,,1
2005,124,,1
2006,375,,1
2007,164,,1
2008,164,,1
2009,340,,1
2010,340,,1
2011,340,,1
2012,340,,1
2013,340,,1
2014,347,,1
2015,347,,1
2016,347,,1
2017,347,,1
2018,376,,1
2019,4,,1
2020,1941,,1
2021,378,,1
2022,379,,1
2023,380,,1
2024,381,,1
2025,3047,,1
2026,382,,1
2027,383,,1
2028,3002,,1
2029,3002,,1
2030,384,,1
2031,384,,1
2032,122,,1
2033,385,,1
2034,385,,1
2035,205,,1
2036,129,,1
2037,3180,,1
2038,3180,,1
2039,3180,,1
2040,3180,,1
2041,3180,,1
2042,3180,,1
2043,3180,,1
2044,581,,1
2045,189,,1
2046,386,,1
2047,387,,1
2048,388,,1
2049,389,,1
2050,390,,1
2051,390,,1
2052,390,,1
2053,390,,1
2054,390,,1
2055,390,,1
2056,390,,1
2057,390,,1
2058,390,,1
2059,390,,1
2060,390,,1
2061,391,,1
2062,392,,1
2063,393,,1
2064,157,,1
2065,157,,1
2066,157,,1
2067,157,,1
2068,184,,1
2069,184,,1
2070,122,,1
2071,122,,1
2072,122,,1
2073,16,,1
2074,16,,1
2075,394,,1
2076,394,,1
2077,394,,1
2078,394,,1
2079,394,,1
2080,394,,1
2081,394,,1
2082,394,,1
2083,394,,1
2084,394,,1
2085,394,,1
2086,164,,1
2087,164,,1
2088,164,,1
2089,164,,1
2090,164,,1
2091,164,,1
2092,164,,1
2093,395,,1
2094,395,,1
2095,2685,,1
2096,396,,1
2097,396,,1
2098,396,,1
2099,169,,1
2100,169,,1
2101,169,,1
2102,169,,1
2103,169,,1
2104,169,,1
2105,1602,,1
2106,130,,1
2107,397,,1
2108,397,,1
2109,397,,1
2110,398,,1
2111,398,,1
2112,398,,1
2113,398,,1
2114,398,,1
2115,398,,1
2116,130,,1
2117,130,,1
2118,130,,1
2119,130,,1
2120,130,,1
2121,130,,1
2122,130,,1
2123,399,,1
2124,399,,1
2125,399,,1
2126,399,,1
2127,399,,1
2128,399,,1
2129,399,,1
2130,399,,1
2131,400,,1
2132,401,,1
2133,401,,1
2134,155,,1
2135,10,,1
2136,10,,1
2137,1814,,1
2138,402,,1
2139,403,,1
2140,403,,1
2141,404,,1
2142,404,,1
2143,14,,1
2144,14,,1
2145,14,,1
2146,14,,1
2147,405,,1
2148,406,,1
2149,313,,1
2150,166,,1
2151,166,,1
2152,166,,1
2153,166,,1
2154,166,,1
2155,164,,1
2156,164,,1
2157,164,,1
2158,164,,1
2159,164,,1
2160,49,,1
2161,405,,1
2162,406,,1
2163,137,,1
2164,407,,1
2165,408,,1
2166,409,,1
2167,408,,1
2168,410,,1
2169,411,,1
2170,405,,1
2171,412,,1
2172,387,,1
2173,1941,,1
2174,414,,1
2175,415,,1
2176,212,,1
2177,49,,1
2178,49,,1
2179,47,,1
2180,79,,1
2181,383,,1
2182,261,,1
2183,261,,1
2184,261,,1
2185,14,,1
2186,345,,1
2187,301,,1
2188,301,,1
2189,417,,1
2190,318,,1
2191,313,,1
2192,313,,1
2193,418,,1
2194,313,,1
2195,313,,1
2196,418,,1
2197,323,,1
2198,323,,1
2199,323,,1
2200,323,,1
2201,323,,1
2202,323,,1
2203,323,,1
2204,85,,1
2205,419,,1
2206,419,,1
2207,419,,1
2208,419,,1
2209,419,,1
2210,419,,1
2211,419,,1
2212,419,,1
2213,367,,1
2214,367,,1
2215,367,,1
2216,367,,1
2217,367,,1
2218,2565,,1
2219,2565,,1
2220,281,,1
2221,281,,1
2222,303,,1
2223,279,,1
2224,279,,1
2225,279,,1
2226,279,,1
2227,279,,1
2228,279,,1
2229,279,,1
2230,279,,1
2231,420,,1
2232,421,,1
2233,422,,1
2234,423,,1
2235,423,,1
2236,423,,1
2237,423,,1
2238,372,,1
2239,372,,1
2240,372,,1
2241,372,,1
2242,372,,1
2243,372,,1
2244,372,,1
2245,372,,1
2246,301,,1
2247,135,,1
2248,135,,1
2249,121,,1
2250,121,,1
2251,425,,1
2252,426,,1
2253,427,,1
2254,959,,1
2255,192,,1
2256,320,,1
2257,320,,1
2258,320,,1
2259,428,,1
2260,429,,1
2261,430,,1
2262,430,,1
2263,430,,1
2264,430,,1
2265,430,,1
2266,430,,1
2267,430,,1
2268,430,,1
2269,430,,1
2270,430,,1
2271,430,,1
2272,96,,1
2273,7,,1
2274,416,,1
2275,431,,1
2276,121,,1
2277,121,,1
2278,121,,1
2279,121,,1
2280,121,,1
2281,530,,1
2282,432,,1
2283,359,,1
2284,359,,1
2285,368,,1
2286,368,,1
2287,368,,1
2288,318,,1
2289,318,,1
2290,433,,1
2291,214,,1
2292,214,,1
2293,212,,1
2294,212,,1
2295,212,,1
2296,212,,1
2297,212,,1
2298,212,,1
2299,212,,1
2300,212,,1
2301,310,,1
2302,748,,1
2303,146,,1
2304,146,,1
2305,146,,1
2306,434,,1
2307,318,,1
2308,318,,1
2309,318,,1
2310,318,,1
2311,318,,1
2312,318,,1
2313,318,,1
2314,318,,1
2315,318,,1
2316,14,,1
2317,435,,1
2318,436,,1
2319,437,,1
2320,404,,1
2321,368,,1
2322,368,,1
2323,368,,1
2324,368,,1
2325,368,,1
2326,439,,1
2327,439,,1
2328,439,,1
2329,439,,1
2330,439,,1
2331,439,,1
2332,439,,1
2333,135,,1
2334,135,,1
2335,135,,1
2336,135,,1
2337,401,,1
2338,440,,1
2339,387,,1
2340,387,,1
2341,387,,1
2342,387,,1
2343,163,,1
2344,163,,1
2345,163,,1
2346,163,,1
2347,163,,1
2348,163,,1
2349,163,,1
2350,163,,1
2351,387,,1
2352,387,,1
2353,370,,1
2354,270,,1
2355,270,,1
2356,270,,1
2357,270,,1
2358,270,,1
2359,270,,1
2360,270,,1
2361,270,,1
2362,270,,1
2363,441,,1
2364,442,,1
2365,444,,1
2366,445,,1
2367,446,,1
2368,252,,1
2369,49,,1
2370,49,,1
2371,387,,1
2372,212,,1
2373,447,,1
2374,447,,1
2375,447,,1
2376,447,,1
2377,447,,1
2378,447,,1
2379,447,,1
2380,447,,1
2381,447,,1
2382,447,,1
2383,447,,1
2384,382,,1
2385,403,,1
2386,403,,1
2387,403,,1
2388,403,,1
2389,403,,1
2390,403,,1
2391,403,,1
2392,403,,1
2393,403,,1
2394,200,,1
2395,199,,1
2396,199,,1
2397,199,,1
2398,212,,1
2399,448,,1
2400,448,,1
2401,448,,1
2402,448,,1
2403,448,,1
2404,448,,1
2405,681,,1
2406,681,,1
2407,449,,1
2408,450,,1
2409,451,,1
2410,451,,1
2411,450,,1
2412,450,,1
2413,450,,1
2414,450,,1
2415,358,,1
2416,452,,1
2417,453,,1
2418,1014,,1
2419,454,,1
2420,416,,1
2421,416,,1
2422,452,,1
2423,452,,1
2424,452,,1
2425,455,,1
2426,456,,1
2427,456,,1
2428,457,,1
2429,457,,1
2430,184,,1
2431,184,,1
2432,387,,1
2433,387,,1
2434,387,,1
2435,458,,1
2436,459,,1
2437,459,,1
2438,459,,1
2439,459,,1
2440,459,,1
2441,460,,1
2442,460,,1
2443,421,,1
2444,421,,1
2445,421,,1
2446,461,,1
2447,462,,1
2448,462,,1
2449,462,,1
2450,462,,1
2451,462,,1
2452,460,,1
2453,162,,1
2454,463,,1
2455,155,,1
2456,1277,,1
2457,465,,1
2458,87,,1
2459,466,,1
2460,184,,1
2461,184,,1
2462,467,,1
2463,262,,1
2464,226,,1
2465,226,,1
2466,226,,1
2467,226,,1
2468,226,,1
2469,226,,1
2470,468,,1
2471,469,,1
2472,470,,1
2473,471,,1
2474,472,,1
2475,473,,1
2476,475,,1
2477,476,,1
2478,477,,1
2479,478,,1
2480,478,,1
2481,478,,1
2482,479,,1
2483,479,,1
2484,480,,1
2485,481,,1
2486,266,,1
2487,266,,1
2488,266,,1
2489,266,,1
2490,440,,1
2491,732,,1
2492,732,,1
2493,482,,1
2494,482,,1
2495,482,,1
2496,482,,1
2497,482,,1
2498,482,,1
2499,482,,1
2500,482,,1
2501,483,,1
2502,207,,1
2503,359,,1
2504,359,,1
2505,359,,1
2506,466,,1
2507,466,,1
2508,466,,1
2509,466,,1
2510,185,,1
2511,185,,1
2512,185,,1
2513,269,,1
2514,479,,1
2515,479,,1
2516,479,,1
2517,479,,1
2518,484,,1
2519,484,,1
2520,484,,1
2521,484,,1
2522,484,,1
2523,484,,1
2524,485,,1
2525,485,,1
2526,485,,1
2527,485,,1
2528,483,,1
2529,211,,1
2530,211,,1
2531,339,,1
2532,339,,1
2533,339,,1
2534,339,,1
2535,339,,1
2536,466,,1
2537,466,,1
2538,466,,1
2539,466,,1
2540,466,,1
2541,466,,1
2542,466,,1
2543,466,,1
2544,466,,1
2545,466,,1
2546,466,,1
2547,466,,1
2548,466,,1
2549,466,,1
2550,466,,1
2551,466,,1
2552,466,,1
2553,466,,1
2554,466,,1
2555,466,,1
2556,486,,1
2557,486,,1
2558,358,,1
2559,358,,1
2560,358,,1
2561,358,,1
2562,358,,1
2563,358,,1
2564,358,,1
2565,358,,1
2566,358,,1
2567,487,,1
2568,487,,1
2569,488,,1
2570,128,,1
2571,97,,1
2572,266,,1
2573,1026,,1
2574,1026,,1
2575,1026,,1
2576,266,,1
2577,489,,1
2578,115,,1
2579,115,,1
2580,115,,1
2581,637,,1
2582,128,,1
2583,490,,1
2584,491,,1
2585,2308,,1
2586,492,,1
2587,493,,1
2588,494,,1
2589,200,,1
2590,200,,1
2591,200,,1
2592,186,,1
2593,186,,1
2594,5,,1
2595,85,,1
2596,85,,1
2597,297,,1
2598,43,,1
2599,43,,1
2600,128,,1
2601,128,,1
2602,128,,1
2603,495,,1
2604,496,,1
2605,163,,1
2606,295,,1
2607,497,,1
2608,497,,1
2609,498,,1
2610,499,,1
2611,500,,1
2612,501,,1
2613,64,,1
2614,64,,1
2615,10,,1
2616,10,,1
2617,10,,1
2618,10,,1
2619,10,,1
2620,10,,1
2621,502,,1
2622,503,,1
2623,504,,1
2624,486,,1
2625,486,,1
2626,505,,1
2627,506,,1
2628,507,,1
2629,508,,1
2630,508,,1
2631,508,,1
2632,262,,1
2633,458,,1
2634,458,,1
2635,458,,1
2636,458,,1
2637,509,,1
2638,509,,1
2639,166,,1
2640,166,,1
2641,166,,1
2642,166,,1
2643,166,,1
2644,166,,1
2645,203,,1
2646,203,,1
2647,203,,1
2648,203,,1
2649,510,,1
2650,340,,1
2651,340,,1
2652,340,,1
2653,511,,1
2654,193,,1
2655,512,,1
2656,512,,1
2657,512,,1
2658,512,,1
2659,512,,1
2660,512,,1
2661,513,,1
2662,1026,,1
2663,1026,,1
2664,1026,,1
2665,514,,1
2666,515,,1
2667,515,,1
2668,515,,1
2669,515,,1
2670,515,,1
2671,515,,1
2672,515,,1
2673,515,,1
2674,1026,,1
2675,1026,,1
2676,170,,1
2677,1026,,1
2678,1026,,1
2679,1026,,1
2680,1026,,1
2681,186,,1
2682,292,,1
2683,1027,,1
2684,49,,1
2685,49,,1
2686,49,,1
2687,304,,1
2688,337,,1
2689,186,,1
2690,43,,1
2691,132,,1
2692,132,,1
2693,132,,1
2694,516,,1
2695,516,,1
2696,516,,1
2697,516,,1
2698,516,,1
2699,517,,1
2700,518,,1
2701,519,,1
2702,959,,1
2703,959,,1
2704,959,,1
2705,959,,1
2706,478,,1
2707,478,,1
2708,478,,1
2709,478,,1
2710,478,,1
2711,74,,1
2712,369,,1
2713,369,,1
2714,369,,1
2715,369,,1
2716,520,,1
2717,170,,1
2718,170,,1
2719,170,,1
2720,170,,1
2721,310,,1
2722,310,,1
2723,397,,1
2724,397,,1
2725,397,,1
2726,310,,1
2727,310,,1
2728,521,,1
2729,522,,1
2730,522,,1
2731,522,,1
2732,522,,1
2733,522,,1
2734,152,,1
2735,1277,,1
2736,1277,,1
2737,338,,1
2738,338,,1
2739,338,,1
2740,520,,1
2741,155,,1
2742,155,,1
2743,155,,1
2744,155,,1
2745,155,,1
2746,301,,1
2747,301,,1
2748,301,,1
2749,338,,1
2750,523,,1
2751,431,,1
2752,431,,1
2753,294,,1
2754,166,,1
2755,166,,1
2756,74,,1
2757,458,,1
2758,369,,1
2759,369,,1
2760,369,,1
2761,369,,1
2762,369,,1
2763,369,,1
2764,369,,1
2765,152,,1
2767,75,,1
2768,397,,1
2769,524,,1
2770,152,,1
2771,152,,1
2772,525,,1
2773,526,,1
2774,135,,1
2775,527,,1
2776,152,,1
2777,152,,1
2778,152,,1
2779,152,,1
2780,269,,1
2781,269,,1
2782,528,,1
2783,529,,1
2784,529,,1
2785,530,,1
2786,530,,1
2787,530,,1
2788,530,,1
2789,530,,1
2790,530,,1
2791,530,,1
2792,530,,1
2793,530,,1
2794,530,,1
2795,530,,1
2796,530,,1
2797,530,,1
2798,530,,1
2799,530,,1
2800,530,,1
2801,530,,1
2802,530,,1
2803,530,,1
2804,164,,1
2805,531,,1
2806,532,,1
2807,344,,1
2808,533,,1
2809,135,,1
2810,135,,1
2811,135,,1
2812,135,,1
2813,534,,1
2814,254,,1
2815,535,,1
2816,1553,,1
2817,290,,1
2818,1553,,1
2819,1553,,1
2820,536,,1
2821,2653,,1
2822,537,,1
2823,986,,1
2824,207,,1
2825,381,,1
2826,381,,1
2827,1281,,1
2828,460,,1
2829,460,,1
2830,539,,1
2831,540,,1
2832,46,,1
2833,46,,1
2834,46,,1
2835,46,,1
2836,46,,1
2837,46,,1
2838,46,,1
2839,46,,1
2840,46,,1
2841,370,,1
2842,370,,1
2843,370,,1
2844,370,,1
2845,370,,1
2846,541,,1
2847,542,,1
2848,543,,1
2849,544,,1
2850,207,,1
2851,207,,1
2852,207,,1
2853,207,,1
2854,207,,1
2855,207,,1
2856,207,,1
2857,207,,1
2858,207,,1
2859,207,,1
2860,207,,1
2861,207,,1
2862,207,,1
2863,207,,1
2864,207,,1
2865,207,,1
2867,312,,1
2868,312,,1
2869,312,,1
2870,312,,1
2871,312,,1
2872,312,,1
2873,312,,1
2874,312,,1
2875,312,,1
2876,312,,1
2877,211,,1
2878,211,,1
2879,211,,1
2880,211,,1
2881,211,,1
2882,211,,1
2883,211,,1
2884,211,,1
2885,211,,1
2886,447,,1
2888,540,,1
2889,545,,1
2890,545,,1
2891,545,,1
2892,545,,1
2893,545,,1
2894,545,,1
2895,545,,1
2896,545,,1
2897,545,,1
2898,545,,1
2899,580,,1
2900,546,,1
2901,2711,,1
2902,323,,1
2903,323,,1
2904,323,,1
2905,323,,1
2906,540,,1
2907,540,,1
2908,540,,1
2909,540,,1
2910,540,,1
2911,540,,1
2912,540,,1
2913,547,,1
2914,547,,1
2915,547,,1
2916,547,,1
2917,547,,1
2918,547,,1
2919,547,,1
2920,547,,1
2921,547,,1
2922,548,,1
2923,549,,1
2924,401,,1
2925,172,,1
2926,550,,1
2927,540,,1
2928,540,,1
2929,551,,1
2930,551,,1
2931,552,,1
2932,298,,1
2933,298,,1
2934,298,,1
2935,298,,1
2936,298,,1
2937,298,,1
2938,298,,1
2939,298,,1
2940,298,,1
2941,298,,1
2942,298,,1
2943,553,,1
2944,553,,1
2945,553,,1
2946,553,,1
2947,553,,1
2948,553,,1
2949,160,,1
2950,279,,1
2952,554,,1
2953,555,,1
2955,369,,1
2956,369,,1
2957,504,,1
2958,503,,1
2959,549,,1
2960,556,,1
2961,504,,1
2962,279,,1
2963,381,,1
2964,381,,1
2965,381,,1
2966,557,,1
2967,558,,1
2968,559,,1
2969,160,,1
2970,160,,1
2971,160,,1
2972,160,,1
2973,160,,1
2974,160,,1
2975,160,,1
2976,486,,1
2977,486,,1
2978,486,,1
2979,486,,1
2980,486,,1
2981,486,,1
2982,486,,1
2983,1628,,1
2984,1628,,1
2985,1628,,1
2986,1628,,1
2987,1628,,1
2988,1628,,1
2989,1628,,1
2990,323,,1
2991,323,,1
2992,323,,1
2993,1872,,1
2994,553,,1
2995,44,,1
2996,549,,1
2997,549,,1
2998,549,,1
2999,549,,1
3000,549,,1
3001,549,,1
3002,549,,1
3003,549,,1
3004,549,,1
3005,549,,1
3006,549,,1
3007,560,,1
3008,561,,1
3009,562,,1
3010,563,,1
3011,564,,1
3012,565,,1
3013,566,,1
3014,567,,1
3015,568,,1
3016,278,,1
3017,569,,1
3018,87,,1
3019,569,,1
3020,570,,1
3021,116,,1
3022,381,,1
3023,381,,1
3024,381,,1
3025,571,,1
3026,571,,1
3027,571,,1
3028,571,,1
3029,571,,1
3030,572,,1
3031,573,,1
3032,381,,1
3033,381,,1
3034,381,,1
3035,574,,1
3036,574,,1
3037,574,,1
3038,55,,1
3039,55,,1
3040,279,,1
3041,211,,1
3042,447,,1
3043,447,,1
3044,575,,1
3045,575,,1
3046,575,,1
3047,575,,1
3048,575,,1
3049,575,,1
3050,288,,1
3052,576,,1
3056,577,,1
3057,262,,1
3058,262,,1
3059,262,,1
3060,262,,1
3061,281,,1
3064,461,,1
3065,578,,1
3066,579,,1
3067,579,,1
3068,579,,1
3069,299,,1
3070,299,,1
3071,299,,1
3072,299,,1
3073,314,,1
3074,314,,1
3075,314,,1
3076,314,,1
3077,401,,1
3078,74,,1
3079,342,,1
3080,342,,1
3081,75,,1
3082,75,,1
3083,75,,1
3084,75,,1
3085,581,,1
3086,582,,1
3087,583,,1
3088,267,,1
3089,584,,1
3090,585,,1
3091,585,,1
3092,585,,1
3093,585,,1
3094,585,,1
3095,585,,1
3096,281,,1
3097,279,,1
3098,586,,1
3099,587,,1
3100,588,,1
3101,589,,1
3102,590,,1
3103,591,,1
3104,592,,1
3105,593,,1
3106,74,,1
3107,594,,1
3108,595,,1
3109,381,,1
3110,596,,1
3111,597,,1
3112,594,,1
3113,594,,1
3114,594,,1
3115,594,,1
3116,594,,1
3117,281,,1
3118,598,,1
3119,627,,1
3120,599,,1
3121,585,,1
3122,585,,1
3123,281,,1
3124,81,,1
3125,600,,1
3126,601,,1
3127,601,,1
3128,601,,1
3129,601,,1
3130,601,,1
3131,601,,1
3132,601,,1
3133,601,,1
3134,601,,1
3135,584,,1
3136,584,,1
3137,211,,1
3138,211,,1
3139,602,,1
3140,308,,1
3141,308,,1
3142,308,,1
3143,308,,1
3144,308,,1
3145,580,,1
3146,580,,1
3147,580,,1
3148,580,,1
3149,580,,1
3150,603,,1
3151,228,,1
3152,324,,1
3153,604,,1
3154,176,,1
3155,606,,1
3156,293,,1
3157,293,,1
3158,370,,1
3159,74,,1
3160,74,,1
3161,74,,1
3162,607,,1
3163,607,,1
3164,607,,1
3165,607,,1
3166,439,,1
3167,439,,1
3168,439,,1
3169,439,,1
3170,608,,1
3171,609,,1
3172,609,,1
3173,573,,1
3174,610,,1
3175,571,,1
3176,595,,1
3177,75,,1
3178,75,,1
3179,611,,1
3180,612,,1
3181,614,,1
3182,585,,1
3185,615,,1
3186,299,,1
3187,299,,1
3188,299,,1
3189,299,,1
3190,299,,1
3191,299,,1
3192,299,,1
3193,299,,1
3194,299,,1
3195,299,,1
3196,299,,1
3197,299,,1
3198,299,,1
3199,172,,1
3200,172,,1
3201,172,,1
3202,172,,1
3203,172,,1
3204,172,,1
3205,401,,1
3206,616,,1
3207,617,,1
3208,618,,1
3209,619,,1
3210,619,,1
3211,210,,1
3212,210,,1
3213,210,,1
3214,210,,1
3215,210,,1
3216,616,,1
3217,616,,1
3218,620,,1
3219,620,,1
3220,621,,1
3221,621,,1
3222,621,,1
3223,278,,1
3224,278,,1
3225,278,,1
3226,278,,1
3227,278,,1
3228,278,,1
3229,278,,1
3230,278,,1
3231,585,,1
3233,461,,1
3234,637,,1
3235,314,,1
3236,604,,1
3237,280,,1
3238,280,,1
3239,129,,1
3240,129,,1
3241,129,,1
3242,129,,1
3243,129,,1
3244,129,,1
3245,129,,1
3246,129,,1
3247,129,,1
3248,620,,1
3249,620,,1
3250,620,,1
3251,620,,1
3252,620,,1
3253,620,,1
3254,620,,1
3255,620,,1
3256,623,,1
3257,624,,1
3258,624,,1
3259,624,,1
3260,624,,1
3261,624,,1
3262,624,,1
3263,115,,1
3264,533,,1
3265,281,,1
3266,625,,1
3267,396,,1
3268,626,,1
3269,627,,1
3270,281,,1
3271,281,,1
3272,281,,1
3273,281,,1
3274,281,,1
3275,281,,1
3276,281,,1
3277,281,,1
3278,186,,1
3279,628,,1
3280,628,,1
3281,1814,,1
3282,269,,1
3283,269,,1
3284,269,,1
3285,269,,1
3286,269,,1
3287,269,,1
3288,637,,1
3289,637,,1
3290,637,,1
3291,637,,1
3292,637,,1
3293,209,,1
3294,629,,1
3295,401,,1
3296,629,,1
3297,629,,1
3298,259,,1
3299,610,,1
3300,630,,1
3301,529,,1
3302,610,,1
3303,610,,1
3304,631,,1
3305,632,,1
3306,863,,1
3307,633,,1
3308,508,,1
3309,634,,1
3310,635,,1
3311,636,,1
3312,637,,1
3313,637,,1
3314,637,,1
3315,637,,1
3316,637,,1
3317,637,,1
3318,281,,1
3319,281,,1
3320,638,,1
3321,1056,,1
3322,1056,,1
3323,124,,1
3324,639,,1
3325,640,,1
3326,641,,1
3327,199,,1
3328,448,,1
3329,87,,1
3330,87,,1
3331,642,,1
3332,642,,1
3333,643,,1
3334,643,,1
3335,644,,1
3336,645,,1
3337,645,,1
3338,645,,1
3339,646,,1
3340,587,,1
3341,1278,,1
3342,628,,1
3343,647,,1
3344,648,,1
3345,649,,1
3346,519,,1
3347,519,,1
3348,519,,1
3349,651,,1
3350,201,,1
3351,201,,1
3352,195,,1
3353,112,,1
3354,654,,1
3355,655,,1
3356,655,,1
3357,655,,1
3358,655,,1
3359,655,,1
3360,656,,1
3361,656,,1
3362,656,,1
3363,656,,1
3364,656,,1
3365,656,,1
3366,656,,1
3367,656,,1
3368,656,,1
3369,656,,1
3370,656,,1
3371,657,,1
3372,658,,1
3373,659,,1
3374,660,,1
3375,661,,1
3376,662,,1
3377,663,,1
3378,665,,1
3379,664,,1
3380,665,,1
3381,666,,1
3382,539,,1
3383,539,,1
3384,667,,1
3385,1014,,1
3386,447,,1
3387,161,,1
3388,668,,1
3389,669,,1
3390,670,,1
3391,671,,1
3392,672,,1
3393,673,,1
3394,674,,1
3395,676,,1
3396,676,,1
3397,676,,1
3398,676,,1
3399,87,,1
3400,87,,1
3401,87,,1
3402,87,,1
3403,87,,1
3404,209,,1
3405,297,,1
3406,677,,1
3407,227,,1
3408,1442,,1
3409,1442,,1
3410,1442,,1
3411,1442,,1
3412,227,,1
3413,297,,1
3414,297,,1
3415,678,,1
3416,862,,1
3417,637,,1
3418,631,,1
3419,1056,,1
3420,1056,,1
3421,1056,,1
3422,1056,,1
3423,131,,1
3424,38,,1
3425,38,,1
3426,3008,,1
3427,3008,,1
3428,679,,1
3429,679,,1
3430,680,,1
3431,680,,1
3432,288,,1
3433,681,,1
3434,631,,1
3435,631,,1
3436,631,,1
3437,626,,1
3438,626,,1
3439,597,,1
3440,597,,1
3441,597,,1
3442,597,,1
3443,597,,1
3444,597,,1
3445,211,,1
3446,211,,1
3447,682,,1
3448,348,,1
3449,348,,1
3450,348,,1
3451,348,,1
3452,348,,1
3453,348,,1
3454,348,,1
3455,348,,1
3456,348,,1
3457,440,,1
3458,440,,1
3459,440,,1
3460,440,,1
3461,440,,1
3462,440,,1
3463,440,,1
3464,440,,1
3465,440,,1
3466,343,,1
3467,683,,1
3468,683,,1
3469,581,,1
3470,684,,1
3471,627,,1
3472,627,,1
3473,207,,1
3474,207,,1
3475,645,,1
3476,685,,1
3477,1442,,1
3478,1442,,1
3479,153,,1
3480,687,,1
3481,688,,1
3482,627,,1
3483,627,,1
3484,689,,1
3485,690,,1
3486,361,,1
3487,575,,1
3488,575,,1
3489,575,,1
3490,575,,1
3491,575,,1
3492,575,,1
3493,575,,1
3494,575,,1
3495,575,,1
3496,527,,1
3497,527,,1
3498,354,,1
3499,354,,1
3500,354,,1
3501,354,,1
3502,457,,1
3503,457,,1
3504,457,,1
3505,457,,1
3506,227,,1
3507,1442,,1
3508,1442,,1
3509,1442,,1
3510,354,,1
3511,354,,1
3512,354,,1
3513,354,,1
3514,691,,1
3515,299,,1
3516,610,,1
3517,610,,1
3518,610,,1
3519,610,,1
3520,692,,1
3521,693,,1
3522,692,,1
3523,692,,1
3524,693,,1
3525,161,,1
3526,694,,1
3527,694,,1
3528,694,,1
3529,694,,1
3530,694,,1
3531,694,,1
3532,695,,1
3533,696,,1
3534,697,,1
3535,47,,1
3536,698,,1
3537,529,,1
3538,116,,1
3539,699,,1
3540,450,,1
3541,431,,1
3542,431,,1
3543,431,,1
3544,456,,1
3545,700,,1
3546,701,,1
3547,587,,1
3548,587,,1
3549,259,,1
3550,259,,1
3551,702,,1
3552,288,,1
3553,116,,1
3554,44,,1
3555,157,,1
3556,462,,1
3557,587,,1
3558,587,,1
3559,587,,1
3560,587,,1
3561,587,,1
3562,587,,1
3563,587,,1
3564,587,,1
3565,587,,1
3566,485,,1
3567,419,,1
3568,416,,1
3569,416,,1
3570,1151,,1
3571,293,,1
3572,293,,1
3573,293,,1
3574,293,,1
3575,293,,1
3576,293,,1
3577,293,,1
3578,293,,1
3579,293,,1
3580,57,,1
3581,57,,1
3582,703,,1
3583,703,,1
3584,703,,1
3585,703,,1
3586,703,,1
3587,703,,1
3588,703,,1
3589,703,,1
3590,703,,1
3591,703,,1
3592,703,,1
3593,703,,1
3594,397,,1
3595,705,,1
3596,529,,1
3597,529,,1
3598,529,,1
3599,402,,1
3600,181,,1
3601,706,,1
3602,691,,1
3603,707,,1
3604,519,,1
3605,127,,1
3606,708,,1
3607,252,,1
3608,297,,1
3609,543,,1
3610,1442,,1
3611,288,,1
3612,288,,1
3613,288,,1
3614,288,,1
3615,288,,1
3616,288,,1
3617,288,,1
3618,288,,1
3619,288,,1
3620,288,,1
3621,288,,1
3622,288,,1
3623,288,,1
3624,573,,1
3625,573,,1
3626,573,,1
3627,610,,1
3628,403,,1
3629,63,,1
3630,449,,1
3631,269,,1
3632,269,,1
3633,269,,1
3634,573,,1
3635,52,,1
3636,52,,1
3637,531,,1
3638,531,,1
3639,201,,1
3640,201,,1
3641,201,,1
3642,201,,1
3643,201,,1
3644,748,,1
3645,65,,1
3646,63,,1
3647,63,,1
3648,63,,1
3649,63,,1
3650,709,,1
3651,87,,1
3652,710,,1
3653,711,,1
3654,712,,1
3655,713,,1
3656,714,,1
3657,715,,1
3658,289,,1
3659,289,,1
3660,289,,1
3661,289,,1
3662,716,,1
3663,717,,1
3664,518,,1
3665,518,,1
3666,518,,1
3667,456,,1
3668,529,,1
3669,529,,1
3670,529,,1
3671,529,,1
3672,529,,1
3673,529,,1
3674,529,,1
3675,529,,1
3676,529,,1
3677,719,,1
3681,578,,1
3682,252,,1
3683,193,,1
3684,720,,1
3685,720,,1
3686,720,,1
3687,55,,1
3688,721,,1
3689,252,,1
3690,252,,1
3691,252,,1
3692,181,,1
3693,722,,1
3694,529,,1
3695,726,,1
3696,605,,1
3697,727,,1
3698,456,,1
3699,456,,1
3700,728,,1
3701,729,,1
3702,729,,1
3703,729,,1
3704,730,,1
3705,44,,1
3706,294,,1
3707,294,,1
3708,732,,1
3709,732,,1
3710,732,,1
3711,732,,1
3712,732,,1
3713,732,,1
3714,732,,1
3715,732,,1
3716,732,,1
3717,684,,1
3718,733,,1
3719,44,,1
3720,44,,1
3721,44,,1
3722,44,,1
3723,44,,1
3724,44,,1
3725,126,,1
3726,126,,1
3727,63,,1
3728,63,,1
3729,63,,1
3730,63,,1
3731,63,,1
3732,63,,1
3733,63,,1
3734,63,,1
3735,63,,1
3736,63,,1
3737,665,,1
3738,665,,1
3739,294,,1
3740,294,,1
3741,294,,1
3742,294,,1
3743,294,,1
3744,294,,1
3745,665,,1
3746,164,,1
3747,164,,1
3748,164,,1
3749,164,,1
3750,164,,1
3751,164,,1
3752,164,,1
3753,164,,1
3754,164,,1
3755,164,,1
3756,164,,1
3757,164,,1
3758,164,,1
3759,164,,1
3760,734,,1
3761,735,,1
3762,736,,1
3763,737,,1
3764,44,,1
3765,733,,1
3766,44,,1
3767,694,,1
3768,694,,1
3769,44,,1
3770,482,,1
3771,739,,1
3772,266,,1
3773,1026,,1
3774,740,,1
3775,1027,,1
3776,741,,1
3777,742,,1
3778,750,,1
3779,743,,1
3780,744,,1
3781,344,,1
3782,533,,1
3783,533,,1
3784,533,,1
3785,533,,1
3786,533,,1
3787,44,,1
3788,44,,1
3789,44,,1
3790,44,,1
3791,643,,1
3792,643,,1
3793,643,,1
3794,745,,1
3795,746,,1
3796,730,,1
3797,7,,1
3798,748,,1
3799,748,,1
3800,748,,1
3801,751,,1
3802,749,,1
3803,750,,1
3804,602,,1
3805,209,,1
3806,610,,1
3807,610,,1
3808,372,,1
3809,176,,1
3810,553,,1
3811,153,,1
3812,340,,1
3813,681,,1
3814,681,,1
3815,681,,1
3816,681,,1
3817,681,,1
3818,691,,1
3819,691,,1
3820,691,,1
3821,66,,1
3822,717,,1
3823,753,,1
3824,754,,1
3825,483,,1
3826,451,,1
3827,44,,1
3828,431,,1
3829,431,,1
3830,431,,1
3831,431,,1
3832,431,,1
3833,431,,1
3834,431,,1
3835,431,,1
3836,431,,1
3837,431,,1
3838,176,,1
3839,755,,1
3840,755,,1
3841,65,,1
3842,65,,1
3843,65,,1
3844,65,,1
3845,457,,1
3846,457,,1
3847,457,,1
3848,457,,1
3849,457,,1
3850,531,,1
3851,531,,1
3852,531,,1
3853,461,,1
3854,461,,1
3855,756,,1
3856,267,,1
3857,267,,1
3858,267,,1
3859,267,,1
3860,267,,1
3861,267,,1
3862,267,,1
3863,291,,1
3864,291,,1
3865,291,,1
3866,291,,1
3867,291,,1
3868,291,,1
3869,193,,1
3870,193,,1
3871,193,,1
3872,65,,1
3873,65,,1
3874,65,,1
3875,293,,1
3876,293,,1
3877,293,,1
3878,582,,1
3879,813,,1
3880,700,,1
3881,700,,1
3882,280,,1
3883,757,,1
3884,195,,1
3885,195,,1
3886,991,,1
3887,57,,1
3888,87,,1
3889,582,,1
3890,10,,1
3891,10,,1
3892,578,,1
3893,759,,1
3894,578,,1
3895,578,,1
3896,362,,1
3897,362,,1
3898,362,,1
3899,760,,1
3900,761,,1
3901,451,,1
3902,451,,1
3903,762,,1
3904,53,,1
3905,519,,1
3906,10,,1
3907,10,,1
3908,10,,1
3909,763,,1
3910,764,,1
3911,87,,1
3912,87,,1
3913,87,,1
3914,745,,1
3915,745,,1
3916,765,,1
3917,745,,1
3918,10,,1
3919,10,,1
3920,10,,1
3921,766,,1
3922,766,,1
3923,440,,1
3924,10,,1
3925,767,,1
3926,767,,1
3927,768,,1
3928,768,,1
3929,286,,1
3930,286,,1
3931,286,,1
3932,286,,1
3933,339,,1
3934,339,,1
3935,769,,1
3936,769,,1
3937,581,,1
3938,136,,1
3939,770,,1
3940,770,,1
3941,771,,1
3942,772,,1
3943,773,,1
3944,774,,1
3945,774,,1
3946,774,,1
3947,774,,1
3948,488,,1
3949,488,,1
3950,775,,1
3951,176,,1
3952,193,,1
3953,193,,1
3954,193,,1
3955,776,,1
3956,777,,1
3957,2879,,1
3958,2879,,1
3959,778,,1
3960,779,,1
3961,780,,1
3962,780,,1
3963,780,,1
3964,780,,1
3965,780,,1
3966,780,,1
3967,780,,1
3968,403,,1
3969,292,,1
3970,292,,1
3971,292,,1
3972,292,,1
3973,292,,1
3974,292,,1
3975,292,,1
3976,292,,1
3977,292,,1
3978,292,,1
3979,292,,1
3980,292,,1
3981,292,,1
3982,292,,1
3983,292,,1
3984,292,,1
3985,781,,1
3986,781,,1
3987,781,,1
3988,516,,1
3989,228,,1
3990,214,,1
3991,732,,1
3992,732,,1
3993,732,,1
3994,362,,1
3995,362,,1
3996,362,,1
3997,479,,1
3998,362,,1
3999,362,,1
4000,136,,1
4001,120,,1
4002,782,,1
4003,782,,1
4004,170,,1
4005,170,,1
4006,508,,1
4007,142,,1
4008,622,,1
4009,195,,1
4010,195,,1
4011,195,,1
4012,195,,1
4013,195,,1
4014,783,,1
4015,784,,1
4016,785,,1
4017,786,,1
4018,787,,1
4019,788,,1
4020,789,,1
4021,790,,1
4022,791,,1
4023,792,,1
4024,793,,1
4025,794,,1
4026,767,,1
4027,599,,1
4028,599,,1
4029,599,,1
4030,599,,1
4031,602,,1
4032,602,,1
4033,602,,1
4034,602,,1
4035,602,,1
4036,527,,1
4037,527,,1
4038,527,,1
4039,447,,1
4040,447,,1
4041,447,,1
4042,447,,1
4043,447,,1
4044,447,,1
4045,195,,1
4046,707,,1
4047,707,,1
4048,707,,1
4049,707,,1
4050,707,,1
4051,707,,1
4052,707,,1
4053,707,,1
4054,707,,1
4055,699,,1
4056,767,,1
4057,767,,1
4058,159,,1
4059,55,,1
4060,258,,1
4061,258,,1
4062,795,,1
4063,795,,1
4064,181,,1
4065,258,,1
4066,258,,1
4067,258,,1
4068,258,,1
4069,258,,1
4070,163,,1
4071,163,,1
4072,163,,1
4073,258,,1
4074,258,,1
4075,258,,1
4076,258,,1
4077,258,,1
4078,3128,,1
4079,796,,1
4080,797,,1
4081,798,,1
4082,3128,,1
4083,799,,1
4084,800,,1
4085,801,,1
4086,802,,1
4087,803,,1
4088,159,,1
4089,159,,1
4090,159,,1
4091,159,,1
4092,159,,1
4093,1628,,1
4094,1628,,1
4095,1628,,1
4096,1628,,1
4097,527,,1
4098,527,,1
4099,527,,1
4100,527,,1
4101,527,,1
4102,804,,1
4103,1208,,1
4104,805,,1
4105,806,,1
4106,807,,1
4107,808,,1
4108,808,,1
4109,809,,1
4110,808,,1
4111,810,,1
4112,811,,1
4113,812,,1
4114,447,,1
4115,447,,1
4116,447,,1
4117,447,,1
4118,170,,1
4119,65,,1
4120,65,,1
4121,813,,1
4122,814,,1
4123,169,,1
4124,815,,1
4125,816,,1
4126,730,,1
4127,817,,1
4128,817,,1
4129,756,,1
4130,756,,1
4131,97,,1
4132,396,,1
4133,269,,1
4134,269,,1
4135,269,,1
4136,269,,1
4137,531,,1
4138,228,,1
4139,228,,1
4140,756,,1
4141,756,,1
4142,756,,1
4143,756,,1
4144,756,,1
4145,665,,1
4146,665,,1
4147,665,,1
4148,665,,1
4149,665,,1
4150,818,,1
4151,260,,1
4152,632,,1
4153,819,,1
4154,354,,1
4155,482,,1
4156,820,,1
4157,821,,1
4158,820,,1
4159,821,,1
4160,820,,1
4161,822,,1
4162,823,,1
4163,824,,1
4164,478,,1
4165,478,,1
4166,478,,1
4167,478,,1
4168,478,,1
4169,478,,1
4170,605,,1
4171,605,,1
4172,605,,1
4173,605,,1
4174,605,,1
4175,605,,1
4176,605,,1
4177,605,,1
4178,605,,1
4179,605,,1
4180,825,,1
4181,826,,1
4182,827,,1
4183,827,,1
4184,828,,1
4185,581,,1
4186,342,,1
4187,342,,1
4188,342,,1
4189,342,,1
4190,342,,1
4191,342,,1
4192,342,,1
4193,342,,1
4194,342,,1
4195,829,,1
4196,829,,1
4197,829,,1
4198,829,,1
4199,830,,1
4200,340,,1
4201,340,,1
4202,831,,1
4203,831,,1
4204,832,,1
4205,508,,1
4206,508,,1
4207,834,,1
4208,508,,1
4209,508,,1
4210,835,,1
4211,49,,1
4212,47,,1
4213,837,,1
4214,839,,1
4215,2655,,1
4216,840,,1
4217,841,,1
4218,842,,1
4219,843,,1
4220,844,,1
4221,766,,1
4222,831,,1
4223,692,,1
4224,632,,1
4225,136,,1
4226,136,,1
4227,136,,1
4228,136,,1
4229,136,,1
4230,136,,1
4231,136,,1
4232,136,,1
4233,136,,1
4234,136,,1
4235,136,,1
4236,136,,1
4237,136,,1
4238,136,,1
4239,848,,1
4240,848,,1
4241,665,,1
4242,665,,1
4243,665,,1
4244,828,,1
4245,681,,1
4246,681,,1
4247,681,,1
4248,681,,1
4249,681,,1
4250,681,,1
4251,525,,1
4252,849,,1
4253,1128,,1
4254,850,,1
4255,851,,1
4256,851,,1
4257,852,,1
4258,852,,1
4259,852,,1
4260,356,,1
4261,853,,1
4262,124,,1
4263,854,,1
4264,855,,1
4265,856,,1
4266,857,,1
4267,1476,,1
4268,858,,1
4269,859,,1
4270,541,,1
4271,766,,1
4272,860,,1
4273,860,,1
4274,391,,1
4275,861,,1
4276,665,,1
4277,862,,1
4278,391,,1
4279,863,,1
4280,864,,1
4281,863,,1
4282,347,,1
4283,665,,1
4284,169,,1
4285,396,,1
4286,396,,1
4287,396,,1
4288,396,,1
4289,396,,1
4290,396,,1
4291,396,,1
4292,396,,1
4293,396,,1
4294,396,,1
4295,396,,1
4296,396,,1
4297,396,,1
4298,396,,1
4299,396,,1
4300,396,,1
4301,396,,1
4302,396,,1
4303,849,,1
4304,849,,1
4305,849,,1
4306,849,,1
4307,849,,1
4308,849,,1
4309,849,,1
4310,849,,1
4311,849,,1
4312,849,,1
4313,849,,1
4314,849,,1
4315,47,,1
4316,47,,1
4317,527,,1
4318,849,,1
4319,849,,1
4320,314,,1
4321,314,,1
4322,867,,1
4323,120,,1
4324,120,,1
4325,120,,1
4326,314,,1
4327,314,,1
4328,314,,1
4329,55,,1
4330,849,,1
4331,849,,1
4332,143,,1
4333,143,,1
4334,353,,1
4335,516,,1
4336,516,,1
4337,516,,1
4338,516,,1
4339,516,,1
4340,516,,1
4341,353,,1
4342,353,,1
4343,869,,1
4344,642,,1
4345,870,,1
4346,870,,1
4347,870,,1
4348,870,,1
4349,870,,1
4350,870,,1
4351,870,,1
4352,680,,1
4353,871,,1
4354,871,,1
4355,416,,1
4356,637,,1
4357,868,,1
4358,868,,1
4359,872,,1
4360,873,,1
4361,868,,1
4362,619,,1
4363,619,,1
4364,619,,1
4365,619,,1
4366,619,,1
4367,617,,1
4368,874,,1
4369,875,,1
4370,353,,1
4371,353,,1
4372,876,,1
4373,877,,1
4374,402,,1
4375,878,,1
4376,879,,1
4377,176,,1
4378,176,,1
4379,880,,1
4380,881,,1
4381,881,,1
4382,881,,1
4383,881,,1
4384,882,,1
4385,882,,1
4386,457,,1
4387,457,,1
4388,882,,1
4389,882,,1
4390,882,,1
4391,882,,1
4392,131,,1
4393,131,,1
4394,176,,1
4395,176,,1
4396,131,,1
4397,131,,1
4398,131,,1
4399,108,,1
4400,611,,1
4401,440,,1
4402,396,,1
4403,2711,,1
4404,884,,1
4405,885,,1
4406,516,,1
4407,721,,1
4408,721,,1
4409,721,,1
4410,721,,1
4411,721,,1
4412,721,,1
4413,721,,1
4414,721,,1
4415,721,,1
4416,721,,1
4417,721,,1
4418,721,,1
4419,721,,1
4420,721,,1
4421,344,,1
4422,344,,1
4423,886,,1
4424,887,,1
4425,887,,1
4426,1027,,1
4427,488,,1
4428,888,,1
4429,888,,1
4430,888,,1
4431,888,,1
4432,888,,1
4433,888,,1
4434,888,,1
4435,888,,1
4436,344,,1
4437,344,,1
4438,344,,1
4439,849,,1
4440,889,,1
4441,890,,1
4442,889,,1
4443,889,,1
4444,889,,1
4445,290,,1
4446,290,,1
4447,290,,1
4448,290,,1
4449,290,,1
4450,347,,1
4451,347,,1
4452,347,,1
4453,813,,1
4454,813,,1
4455,813,,1
4456,119,,1
4457,119,,1
4458,119,,1
4459,209,,1
4460,111,,1
4461,111,,1
4462,891,,1
4463,892,,1
4464,893,,1
4465,894,,1
4466,895,,1
4467,896,,1
4468,119,,1
4469,119,,1
4470,119,,1
4471,119,,1
4472,119,,1
4473,119,,1
4474,119,,1
4475,119,,1
4476,720,,1
4477,720,,1
4478,720,,1
4479,720,,1
4480,720,,1
4481,720,,1
4482,720,,1
4483,55,,1
4484,129,,1
4485,129,,1
4486,129,,1
4487,129,,1
4488,129,,1
4489,887,,1
4490,887,,1
4491,887,,1
4492,887,,1
4493,887,,1
4494,887,,1
4495,887,,1
4496,897,,1
4497,886,,1
4498,898,,1
4499,899,,1
4500,900,,1
4501,901,,1
4502,902,,1
4503,478,,1
4504,478,,1
4505,484,,1
4506,396,,1
4507,883,,1
4508,295,,1
4509,758,,1
4510,758,,1
4511,758,,1
4512,228,,1
4513,228,,1
4514,228,,1
4515,656,,1
4516,656,,1
4517,656,,1
4518,758,,1
4519,758,,1
4520,903,,1
4521,1026,,1
4522,904,,1
4523,905,,1
4524,905,,1
4525,905,,1
4526,905,,1
4527,905,,1
4528,905,,1
4529,905,,1
4530,474,,1
4531,108,,1
4532,780,,1
4533,780,,1
4534,780,,1
4535,780,,1
4536,780,,1
4537,780,,1
4538,780,,1
4539,780,,1
4540,780,,1
4541,780,,1
4542,780,,1
4543,780,,1
4544,780,,1
4545,780,,1
4546,780,,1
4547,780,,1
4548,780,,1
4549,780,,1
4550,780,,1
4551,906,,1
4552,66,,1
4553,66,,1
4554,66,,1
4555,66,,1
4556,66,,1
4557,66,,1
4558,66,,1
4559,66,,1
4560,907,,1
4561,907,,1
4562,190,,1
4563,908,,1
4564,908,,1
4565,908,,1
4566,909,,1
4567,553,,1
4568,910,,1
4569,911,,1
4570,111,,1
4571,111,,1
4572,115,,1
4573,912,,1
4574,81,,1
4575,508,,1
4576,508,,1
4577,508,,1
4578,508,,1
4579,508,,1
4580,508,,1
4581,508,,1
4582,508,,1
4583,348,,1
4584,348,,1
4585,913,,1
4586,914,,1
4587,111,,1
4588,111,,1
4589,111,,1
4590,111,,1
4591,111,,1
4592,111,,1
4593,111,,1
4594,111,,1
4595,111,,1
4596,111,,1
4597,111,,1
4598,111,,1
4599,848,,1
4600,848,,1
4601,848,,1
4602,848,,1
4603,544,,1
4604,544,,1
4605,544,,1
4606,544,,1
4607,544,,1
4608,544,,1
4609,544,,1
4610,449,,1
4611,449,,1
4612,449,,1
4613,449,,1
4614,449,,1
4615,552,,1
4616,552,,1
4617,915,,1
4618,552,,1
4619,297,,1
4620,692,,1
4621,692,,1
4622,692,,1
4623,692,,1
4624,339,,1
4625,339,,1
4626,339,,1
4627,339,,1
4628,760,,1
4629,760,,1
4630,637,,1
4631,637,,1
4632,746,,1
4633,260,,1
4634,637,,1
4635,916,,1
4636,916,,1
4637,916,,1
4638,916,,1
4639,916,,1
4640,916,,1
4641,143,,1
4642,143,,1
4643,143,,1
4644,143,,1
4645,143,,1
4646,143,,1
4647,143,,1
4648,143,,1
4649,143,,1
4650,143,,1
4651,916,,1
4652,531,,1
4653,531,,1
4654,694,,1
4655,694,,1
4656,694,,1
4657,531,,1
4658,531,,1
4659,531,,1
4660,531,,1
4661,531,,1
4662,531,,1
4663,1628,,1
4664,917,,1
4665,917,,1
4666,917,,1
4667,917,,1
4668,917,,1
4669,917,,1
4670,918,,1
4671,919,,1
4672,920,,1
4673,921,,1
4674,922,,1
4675,923,,1
4676,771,,1
4677,772,,1
4678,924,,1
4679,925,,1
4680,926,,1
4681,525,,1
4682,734,,1
4683,734,,1
4684,734,,1
4685,734,,1
4686,734,,1
4687,734,,1
4688,202,,1
4689,202,,1
4690,202,,1
4691,202,,1
4692,202,,1
4693,202,,1
4694,202,,1
4695,202,,1
4696,927,,1
4697,902,,1
4698,927,,1
4699,928,,1
4700,929,,1
4701,629,,1
4702,629,,1
4703,629,,1
4704,629,,1
4705,629,,1
4706,629,,1
4707,629,,1
4708,629,,1
4709,629,,1
4710,629,,1
4711,629,,1
4712,629,,1
4713,629,,1
4714,629,,1
4715,629,,1
4716,153,,1
4717,153,,1
4718,153,,1
4719,202,,1
4720,202,,1
4721,202,,1
4722,202,,1
4723,202,,1
4724,202,,1
4725,202,,1
4726,202,,1
4727,202,,1
4728,339,,1
4729,339,,1
4730,372,,1
4731,372,,1
4732,348,,1
4733,348,,1
4734,348,,1
4735,348,,1
4736,348,,1
4737,638,,1
4738,638,,1
4739,638,,1
4740,190,,1
4741,190,,1
4742,190,,1
4743,190,,1
4744,190,,1
4745,521,,1
4746,521,,1
4747,521,,1
4748,521,,1
4749,521,,1
4750,521,,1
4751,521,,1
4752,361,,1
4753,100,,1
4754,100,,1
4755,129,,1
4756,930,,1
4757,930,,1
4758,930,,1
4759,930,,1
4760,183,,1
4761,931,,1
4762,129,,1
4763,183,,1
4764,183,,1
4765,183,,1
4766,343,,1
4767,676,,1
4768,676,,1
4769,676,,1
4770,676,,1
4771,676,,1
4772,676,,1
4773,676,,1
4774,676,,1
4775,676,,1
4776,676,,1
4777,676,,1
4778,100,,1
4779,100,,1
4780,100,,1
4781,100,,1
4782,100,,1
4783,932,,1
4784,932,,1
4785,932,,1
4786,932,,1
4787,932,,1
4788,932,,1
4789,932,,1
4790,932,,1
4791,932,,1
4792,932,,1
4793,932,,1
4794,116,,1
4795,116,,1
4796,116,,1
4797,116,,1
4798,116,,1
4799,933,,1
4800,888,,1
4801,360,,1
4802,518,,1
4803,450,,1
4804,450,,1
4805,450,,1
4806,450,,1
4807,450,,1
4808,450,,1
4809,934,,1
4810,55,,1
4811,999,,1
4812,999,,1
4813,484,,1
4814,484,,1
4815,260,,1
4816,260,,1
4817,552,,1
4818,552,,1
4819,552,,1
4820,552,,1
4821,2383,,1
4822,2383,,1
4823,2383,,1
4824,2383,,1
4825,2383,,1
4826,2383,,1
4827,2383,,1
4828,2383,,1
4829,2383,,1
4830,2383,,1
4831,452,,1
4832,770,,1
4833,770,,1
4834,935,,1
4835,936,,1
4836,937,,1
4837,55,,1
4838,66,,1
4839,66,,1
4840,525,,1
4841,938,,1
4842,938,,1
4843,938,,1
4844,681,,1
4845,938,,1
4846,938,,1
4847,938,,1
4848,938,,1
4849,469,,1
4850,939,,1
4851,169,,1
4852,531,,1
4853,795,,1
4854,266,,1
4855,277,,1
4856,448,,1
4857,448,,1
4858,448,,1
4859,940,,1
4860,795,,1
4861,795,,1
4862,795,,1
4863,795,,1
4864,795,,1
4865,479,,1
4866,169,,1
4867,665,,1
4868,317,,1
4869,317,,1
4870,430,,1
4871,430,,1
4872,295,,1
4873,676,,1
4874,676,,1
4875,676,,1
4876,676,,1
4877,676,,1
4878,676,,1
4879,676,,1
4880,676,,1
4881,676,,1
4882,676,,1
4883,676,,1
4884,938,,1
4885,850,,1
4886,850,,1
4887,850,,1
4888,850,,1
4889,850,,1
4890,709,,1
4891,324,,1
4892,449,,1
4893,482,,1
4894,941,,1
4895,941,,1
4896,553,,1
4897,665,,1
4898,665,,1
4899,665,,1
4900,665,,1
4901,440,,1
4902,709,,1
4903,942,,1
4904,943,,1
4905,944,,1
4906,313,,1
4907,313,,1
4908,313,,1
4909,451,,1
4910,451,,1
4911,945,,1
4912,909,,1
4913,909,,1
4914,909,,1
4915,909,,1
4916,909,,1
4917,909,,1
4918,909,,1
4919,193,,1
4920,145,,1
4921,946,,1
4922,946,,1
4923,295,,1
4924,295,,1
4925,295,,1
4926,340,,1
4927,909,,1
4928,947,,1
4929,38,,1
4930,38,,1
4931,917,,1
4932,38,,1
4933,38,,1
4934,38,,1
4935,286,,1
4936,38,,1
4937,38,,1
4939,948,,1
4940,270,,1
4941,270,,1
4942,295,,1
4943,295,,1
4944,949,,1
4945,949,,1
4946,949,,1
4947,949,,1
4948,949,,1
4949,949,,1
4950,949,,1
4951,949,,1
4952,949,,1
4953,950,,1
4954,605,,1
4955,181,,1
4956,523,,1
4957,615,,1
4958,615,,1
4959,615,,1
4960,615,,1
4961,615,,1
4962,948,,1
4963,952,,1
4964,952,,1
4965,952,,1
4966,952,,1
4967,952,,1
4968,952,,1
4969,38,,1
4970,38,,1
4971,38,,1
4972,38,,1
4973,38,,1
4974,38,,1
4975,38,,1
4976,38,,1
4977,38,,1
4978,953,,1
4979,953,,1
4980,953,,1
4981,953,,1
4982,953,,1
4983,953,,1
4984,452,,1
4985,317,,1
4986,267,,1
4987,267,,1
4988,689,,1
4989,347,,1
4990,347,,1
4991,488,,1
4992,53,,1
4993,954,,1
4994,552,,1
4995,748,,1
4996,602,,1
4997,602,,1
4998,342,,1
4999,55,,1
5000,55,,1
5001,342,,1
5002,53,,1
5003,955,,1
5004,955,,1
5005,955,,1
5006,955,,1
5007,396,,1
5008,38,,1
5009,38,,1
5010,552,,1
5011,552,,1
5012,145,,1
5013,55,,1
5014,938,,1
5015,938,,1
5016,286,,1
5017,97,,1
5018,270,,1
5019,270,,1
5020,57,,1
5021,55,,1
5022,744,,1
5023,744,,1
5024,55,,1
5025,55,,1
5026,339,,1
5027,286,,1
5028,286,,1
5029,286,,1
5030,1056,,1
5031,721,,1
5032,721,,1
5033,721,,1
5034,286,,1
5035,286,,1
5036,286,,1
5037,97,,1
5038,97,,1
5039,97,,1
5040,97,,1
5041,97,,1
5042,97,,1
5043,205,,1
5044,205,,1
5045,205,,1
5046,205,,1
5047,205,,1
5048,205,,1
5049,205,,1
5050,533,,1
5051,533,,1
5052,3180,,1
5053,3180,,1
5054,3180,,1
5055,55,,1
5056,450,,1
5057,450,,1
5058,450,,1
5059,450,,1
5060,53,,1
5061,53,,1
5062,53,,1
5063,53,,1
5064,53,,1
5065,761,,1
5066,497,,1
5067,732,,1
5068,732,,1
5069,732,,1
5070,692,,1
5071,692,,1
5072,850,,1
5073,957,,1
5074,957,,1
5075,266,,1
5076,266,,1
5077,266,,1
5078,266,,1
5079,478,,1
5080,958,,1
5081,958,,1
5082,958,,1
5083,958,,1
5084,958,,1
5085,958,,1
5086,958,,1
5087,958,,1
5088,958,,1
5089,322,,1
5090,958,,1
5091,681,,1
5092,681,,1
5093,764,,1
5094,764,,1
5095,764,,1
5096,764,,1
5097,764,,1
5098,764,,1
5099,764,,1
5100,764,,1
5101,764,,1
5102,286,,1
5103,286,,1
5104,286,,1
5105,286,,1
5106,384,,1
5107,384,,1
5108,384,,1
5109,384,,1
5110,55,,1
5111,120,,1
5112,120,,1
5113,120,,1
5114,579,,1
5115,97,,1
5116,97,,1
5117,97,,1
5118,97,,1
5119,97,,1
5120,97,,1
5121,97,,1
5122,482,,1
5123,205,,1
5124,205,,1
5125,205,,1
5126,270,,1
5127,97,,1
5128,97,,1
5129,959,,1
5130,189,,1
5131,189,,1
5132,384,,1
5133,917,,1
5134,917,,1
5135,917,,1
5136,917,,1
5137,917,,1
5138,917,,1
5139,917,,1
5140,917,,1
5141,917,,1
5142,917,,1
5143,961,,1
5144,962,,1
5145,963,,1
5146,964,,1
5147,965,,1
5148,665,,1
5149,665,,1
5150,665,,1
5151,665,,1
5152,375,,1
5153,131,,1
5154,131,,1
5155,131,,1
5156,131,,1
5157,131,,1
5158,131,,1
5159,131,,1
5160,448,,1
5161,966,,1
5162,955,,1
5163,955,,1
5164,967,,1
5165,756,,1
5166,756,,1
5167,756,,1
5168,344,,1
5169,344,,1
5170,344,,1
5171,344,,1
5172,968,,1
5173,344,,1
5174,969,,1
5175,969,,1
5176,969,,1
5177,969,,1
5178,969,,1
5179,312,,1
5180,193,,1
5181,193,,1
5182,193,,1
5183,970,,1
5184,970,,1
5185,970,,1
5186,970,,1
5187,971,,1
5188,971,,1
5189,971,,1
5190,466,,1
5191,449,,1
5192,116,,1
5193,484,,1
5194,484,,1
5195,972,,1
5196,972,,1
5197,972,,1
5198,972,,1
5199,972,,1
5200,972,,1
5201,972,,1
5202,972,,1
5203,972,,1
5204,972,,1
5205,972,,1
5206,972,,1
5207,972,,1
5208,972,,1
5209,972,,1
5210,394,,1
5211,394,,1
5212,973,,1
5213,973,,1
5214,973,,1
5215,973,,1
5216,973,,1
5217,973,,1
5218,973,,1
5219,973,,1
5220,973,,1
5221,973,,1
5222,973,,1
5223,973,,1
5224,973,,1
5225,973,,1
5226,973,,1
5227,973,,1
5228,973,,1
5229,344,,1
5230,344,,1
5231,344,,1
5232,344,,1
5233,344,,1
5234,344,,1
5235,344,,1
5236,344,,1
5237,621,,1
5238,849,,1
5239,621,,1
5240,488,,1
5241,488,,1
5242,488,,1
5243,488,,1
5244,578,,1
5245,552,,1
5246,552,,1
5247,324,,1
5248,324,,1
5249,101,,1
5250,602,,1
5251,602,,1
5252,602,,1
5253,602,,1
5254,457,,1
5255,169,,1
5256,169,,1
5257,169,,1
5258,169,,1
5259,169,,1
5260,169,,1
5261,169,,1
5262,974,,1
5263,975,,1
5264,975,,1
5265,975,,1
5266,975,,1
5267,975,,1
5268,975,,1
5269,975,,1
5270,976,,1
5271,976,,1
5272,977,,1
5273,978,,1
5274,263,,1
5275,263,,1
5276,263,,1
5277,263,,1
5278,263,,1
5279,263,,1
5280,263,,1
5281,263,,1
5282,263,,1
5283,277,,1
5284,313,,1
5285,1124,,1
5286,97,,1
5287,97,,1
5288,97,,1
5289,979,,1
5290,979,,1
5291,986,,1
5292,986,,1
5293,986,,1
5294,986,,1
5295,986,,1
5296,986,,1
5297,980,,1
5298,980,,1
5299,980,,1
5300,980,,1
5301,579,,1
5302,579,,1
5303,579,,1
5304,579,,1
5305,579,,1
5306,579,,1
5307,579,,1
5308,579,,1
5309,579,,1
5310,579,,1
5311,552,,1
5312,552,,1
5313,286,,1
5314,815,,1
5315,815,,1
5316,815,,1
5317,815,,1
5318,815,,1
5319,815,,1
5320,815,,1
5321,280,,1
5322,982,,1
5323,985,,1
5324,106,,1
5325,106,,1
5326,943,,1
5327,943,,1
5328,277,,1
5329,277,,1
5330,277,,1
5331,986,,1
5332,293,,1
5333,293,,1
5334,987,,1
5335,987,,1
5336,452,,1
5337,452,,1
5338,452,,1
5339,766,,1
5340,277,,1
5341,277,,1
5342,988,,1
5343,53,,1
5344,53,,1
5345,53,,1
5346,53,,1
5347,53,,1
5348,293,,1
5349,298,,1
5350,298,,1
5351,298,,1
5352,457,,1
5353,457,,1
5354,497,,1
5355,553,,1
5356,989,,1
5357,989,,1
5358,615,,1
5359,615,,1
5360,169,,1
5361,448,,1
5362,448,,1
5363,448,,1
5364,102,,1
5365,553,,1
5366,269,,1
5367,990,,1
5368,950,,1
5369,751,,1
5370,751,,1
5371,751,,1
5372,751,,1
5373,751,,1
5374,280,,1
5375,581,,1
5376,813,,1
5377,395,,1
5378,411,,1
5379,916,,1
5380,65,,1
5381,992,,1
5382,993,,1
5383,136,,1
5384,994,,1
5385,391,,1
5386,391,,1
5387,136,,1
5388,136,,1
5389,53,,1
5390,269,,1
5391,205,,1
5392,205,,1
5393,205,,1
5394,205,,1
5395,205,,1
5396,205,,1
5397,205,,1
5398,205,,1
5399,995,,1
5400,995,,1
5401,995,,1
5402,681,,1
5403,488,,1
5404,259,,1
5405,552,,1
5406,43,,1
5407,43,,1
5408,539,,1
5409,539,,1
5410,539,,1
5411,539,,1
5412,976,,1
5413,976,,1
5414,976,,1
5415,976,,1
5416,976,,1
5417,169,,1
5418,169,,1
5419,169,,1
5420,169,,1
5421,169,,1
5422,169,,1
5423,996,,1
5424,169,,1
5425,169,,1
5426,169,,1
5427,997,,1
5428,950,,1
5429,950,,1
5430,950,,1
5431,169,,1
5432,169,,1
5433,169,,1
5434,169,,1
5435,169,,1
5436,169,,1
5437,169,,1
5438,998,,1
5439,998,,1
5440,131,,1
5441,1000,,1
5442,999,,1
5443,999,,1
5444,999,,1
5445,999,,1
5446,999,,1
5447,999,,1
5448,999,,1
5449,999,,1
5450,999,,1
5451,999,,1
5452,497,,1
5453,497,,1
5454,339,,1
5455,339,,1
5456,339,,1
5457,339,,1
5458,339,,1
5459,339,,1
5460,96,,1
5461,684,,1
5462,293,,1
5463,987,,1
5464,214,,1
5465,440,,1
5466,440,,1
5467,440,,1
5468,440,,1
5469,440,,1
5470,621,,1
5471,621,,1
5472,621,,1
5473,621,,1
5474,621,,1
5475,466,,1
5476,466,,1
5477,466,,1
5478,1001,,1
5479,732,,1
5480,1002,,1
5481,339,,1
5482,708,,1
5483,708,,1
5484,708,,1
5485,708,,1
5486,708,,1
5487,708,,1
5488,708,,1
5489,708,,1
5490,1003,,1
5491,1004,,1
5492,746,,1
5493,817,,1
5494,508,,1
5495,1005,,1
5496,508,,1
5497,462,,1
5498,1006,,1
5499,976,,1
5500,339,,1
5501,339,,1
5502,339,,1
5503,522,,1
5504,313,,1
5505,313,,1
5506,1007,,1
5507,1007,,1
5508,451,,1
5509,451,,1
5510,451,,1
5511,533,,1
5512,533,,1
5513,533,,1
5514,665,,1
5515,665,,1
5516,1009,,1
5517,1009,,1
5518,755,,1
5519,1009,,1
5520,1009,,1
5521,1010,,1
5522,277,,1
5523,269,,1
5524,1011,,1
5525,1011,,1
5526,1012,,1
5527,1012,,1
5528,1012,,1
5529,1012,,1
5530,768,,1
5531,768,,1
5532,269,,1
5533,1002,,1
5534,131,,1
5535,1008,,1
5536,1008,,1
5537,851,,1
5538,851,,1
5539,851,,1
5540,851,,1
5541,851,,1
5542,851,,1
5543,751,,1
5544,1013,,1
5545,1013,,1
5546,1013,,1
5547,911,,1
5548,911,,1
5549,911,,1
5550,911,,1
5551,911,,1
5552,813,,1
5553,340,,1
5554,1014,,1
5555,1014,,1
5556,1015,,1
5557,1015,,1
5558,1016,,1
5559,795,,1
5560,795,,1
5561,795,,1
5562,396,,1
5563,396,,1
5564,396,,1
5565,396,,1
5566,451,,1
5567,451,,1
5568,451,,1
5569,1017,,1
5570,1018,,1
5571,510,,1
5572,510,,1
5573,510,,1
5574,510,,1
5575,510,,1
5576,347,,1
5577,347,,1
5578,347,,1
5579,347,,1
5580,911,,1
5581,911,,1
5582,911,,1
5583,911,,1
5584,911,,1
5585,911,,1
5586,911,,1
5587,911,,1
5588,911,,1
5589,911,,1
5590,911,,1
5591,911,,1
5592,911,,1
5593,911,,1
5594,911,,1
5595,995,,1
5596,995,,1
5597,995,,1
5598,269,,1
5599,269,,1
5600,269,,1
5601,269,,1
5602,269,,1
5603,269,,1
5604,269,,1
5605,269,,1
5606,269,,1
5607,269,,1
5608,396,,1
5609,396,,1
5610,356,,1
5611,266,,1
5612,266,,1
5613,1020,,1
5614,1020,,1
5615,1021,,1
5616,347,,1
5617,347,,1
5618,347,,1
5619,347,,1
5620,347,,1
5621,347,,1
5622,347,,1
5623,347,,1
5624,1023,,1
5625,1023,,1
5626,1024,,1
5627,1025,,1
5628,823,,1
5629,430,,1
5630,911,,1
5631,293,,1
5632,293,,1
5633,742,,1
5634,742,,1
5635,430,,1
5636,462,,1
5637,680,,1
5638,1028,,1
5639,680,,1
5640,680,,1
5641,1029,,1
5642,1030,,1
5643,1031,,1
5644,994,,1
5645,1031,,1
5646,1033,,1
5647,1032,,1
5648,1031,,1
5649,1034,,1
5650,1031,,1
5651,2527,,1
5652,1035,,1
5653,1031,,1
5654,193,,1
5655,193,,1
5656,193,,1
5657,193,,1
5658,293,,1
5659,267,,1
5660,497,,1
5661,497,,1
5662,497,,1
5663,497,,1
5664,497,,1
5665,1036,,1
5666,1037,,1
5667,1037,,1
5668,1037,,1
5669,1037,,1
5670,1037,,1
5671,1037,,1
5672,1037,,1
5673,1038,,1
5674,64,,1
5675,353,,1
5676,353,,1
5677,353,,1
5678,353,,1
5679,353,,1
5680,343,,1
5681,456,,1
5682,280,,1
5683,280,,1
5684,280,,1
5685,280,,1
5686,280,,1
5687,280,,1
5688,280,,1
5689,280,,1
5690,280,,1
5691,280,,1
5692,521,,1
5693,521,,1
5694,521,,1
5695,521,,1
5696,456,,1
5697,456,,1
5698,456,,1
5699,456,,1
5700,456,,1
5701,456,,1
5702,343,,1
5703,1039,,1
5704,1040,,1
5705,497,,1
5706,1040,,1
5707,169,,1
5708,1041,,1
5709,1041,,1
5710,1041,,1
5711,1041,,1
5712,1041,,1
5713,1041,,1
5714,1041,,1
5715,1041,,1
5716,1041,,1
5717,1041,,1
5718,1041,,1
5719,1041,,1
5720,1041,,1
5721,1041,,1
5722,1041,,1
5723,1041,,1
5724,1041,,1
5725,1041,,1
5726,1041,,1
5727,1041,,1
5728,1041,,1
5729,1041,,1
5730,1041,,1
5731,1041,,1
5732,1041,,1
5733,1041,,1
5734,1041,,1
5735,1041,,1
5736,1041,,1
5737,1041,,1
5738,1041,,1
5739,1041,,1
5740,1041,,1
5741,999,,1
5742,999,,1
5743,999,,1
5744,999,,1
5745,999,,1
5746,209,,1
5747,209,,1
5748,209,,1
5749,209,,1
5750,209,,1
5751,209,,1
5752,209,,1
5753,456,,1
5754,456,,1
5755,976,,1
5756,976,,1
5757,976,,1
5758,976,,1
5759,976,,1
5760,976,,1
5761,1021,,1
5762,1021,,1
5763,1021,,1
5764,1021,,1
5765,1021,,1
5766,525,,1
5767,525,,1
5768,525,,1
5769,525,,1
5770,525,,1
5771,525,,1
5772,525,,1
5773,525,,1
5774,525,,1
5775,525,,1
5776,525,,1
5777,525,,1
5778,1128,,1
5779,1128,,1
5780,1128,,1
5781,1128,,1
5782,1128,,1
5783,1021,,1
5784,1021,,1
5785,228,,1
5786,228,,1
5787,228,,1
5788,228,,1
5789,447,,1
5790,447,,1
5791,447,,1
5792,447,,1
5793,447,,1
5794,447,,1
5795,447,,1
5796,96,,1
5797,96,,1
5798,96,,1
5799,96,,1
5800,813,,1
5801,813,,1
5802,849,,1
5803,1044,,1
5804,1044,,1
5805,1044,,1
5806,1044,,1
5807,1044,,1
5808,1044,,1
5809,1044,,1
5810,3128,,1
5811,3128,,1
5812,533,,1
5813,533,,1
5814,533,,1
5815,533,,1
5816,533,,1
5817,533,,1
5818,131,,1
5819,209,,1
5820,209,,1
5821,209,,1
5822,209,,1
5823,209,,1
5824,209,,1
5825,209,,1
5826,209,,1
5827,1021,,1
5828,1048,,1
5829,941,,1
5830,941,,1
5831,169,,1
5832,827,,1
5833,827,,1
5834,827,,1
5835,827,,1
5836,827,,1
5837,827,,1
5838,827,,1
5839,976,,1
5840,976,,1
5841,976,,1
5842,976,,1
5843,813,,1
5844,813,,1
5845,813,,1
5846,813,,1
5847,751,,1
5848,522,,1
5849,1050,,1
5850,169,,1
5851,169,,1
5852,1051,,1
5853,169,,1
5854,169,,1
5855,849,,1
5856,849,,1
5857,849,,1
5858,849,,1
5859,849,,1
5860,1052,,1
5861,343,,1
5862,343,,1
5863,1053,,1
5864,1054,,1
5865,1054,,1
5866,1054,,1
5867,1054,,1
5868,1054,,1
5869,1054,,1
5870,1054,,1
5871,1054,,1
5872,38,,1
5873,38,,1
5874,1040,,1
5875,1040,,1
5876,1040,,1
5877,1040,,1
5878,1054,,1
5879,615,,1
5880,1055,,1
5881,1055,,1
5882,488,,1
5883,488,,1
5884,488,,1
5885,488,,1
5886,106,,1
5887,676,,1
5888,1128,,1
5889,742,,1
5890,851,,1
5891,851,,1
5892,450,,1
5893,1056,,1
5894,1056,,1
5895,1056,,1
5896,1056,,1
5897,1056,,1
5898,1056,,1
5899,578,,1
5900,813,,1
5901,813,,1
5902,742,,1
5903,742,,1
5904,742,,1
5905,742,,1
5906,742,,1
5907,742,,1
5908,742,,1
5909,1057,,1
5910,96,,1
5911,353,,1
5912,353,,1
5913,353,,1
5914,353,,1
5915,353,,1
5916,340,,1
5917,340,,1
5918,578,,1
5919,578,,1
5920,578,,1
5921,578,,1
5922,578,,1
5923,578,,1
5924,578,,1
5925,1058,,1
5926,1058,,1
5927,814,,1
5928,816,,1
5929,816,,1
5930,1021,,1
5931,1021,,1
5932,1021,,1
5933,1021,,1
5934,1021,,1
5935,1021,,1
5936,267,,1
5937,267,,1
5938,267,,1
5939,449,,1
5940,449,,1
5941,449,,1
5942,1059,,1
5943,1059,,1
5944,1059,,1
5945,1059,,1
5946,1059,,1
5947,1059,,1
5948,1059,,1
5949,1059,,1
5950,777,,1
5951,777,,1
5952,777,,1
5953,1058,,1
5954,1058,,1
5955,1058,,1
5956,1058,,1
5957,1058,,1
5958,1058,,1
5959,1058,,1
5960,1058,,1
5961,1060,,1
5962,1061,,1
5963,1062,,1
5964,1063,,1
5965,1060,,1
5966,1027,,1
5967,1064,,1
5968,1065,,1
5969,1065,,1
5970,850,,1
5971,850,,1
5972,850,,1
5973,1027,,1
5974,939,,1
5975,1066,,1
5976,1067,,1
5977,391,,1
5978,391,,1
5979,169,,1
5980,169,,1
5981,815,,1
5982,815,,1
5983,657,,1
5984,657,,1
5985,657,,1
5986,657,,1
5987,657,,1
5988,657,,1
5989,657,,1
5990,1069,,1
5991,1069,,1
5992,1070,,1
5993,776,,1
5994,776,,1
5995,1071,,1
5996,1071,,1
5997,1071,,1
5998,1072,,1
5999,1073,,1
6000,539,,1
6001,941,,1
6002,1074,,1
6003,941,,1
6004,908,,1
6005,908,,1
6006,993,,1
6007,993,,1
6008,521,,1
6009,1012,,1
6010,1012,,1
6011,1012,,1
6012,1012,,1
6013,1012,,1
6014,1012,,1
6015,1012,,1
6016,1012,,1
6017,813,,1
6018,813,,1
6019,813,,1
6020,1009,,1
6021,1009,,1
6022,1075,,1
6023,1075,,1
6024,1075,,1
6025,1075,,1
6026,1075,,1
6027,1075,,1
6028,1076,,1
6029,1076,,1
6030,1076,,1
6031,1076,,1
6032,1076,,1
6033,1076,,1
6034,852,,1
6035,852,,1
6036,852,,1
6037,852,,1
6038,852,,1
6039,852,,1
6040,852,,1
6041,852,,1
6042,852,,1
6043,852,,1
6044,852,,1
6045,1009,,1
6046,1009,,1
6047,1077,,1
6048,1078,,1
6049,497,,1
6050,873,,1
6051,872,,1
6052,873,,1
6053,813,,1
6054,813,,1
6055,813,,1
6056,989,,1
6057,989,,1
6058,450,,1
6059,343,,1
6060,343,,1
6061,343,,1
6062,343,,1
6063,343,,1
6064,183,,1
6065,183,,1
6066,183,,1
6067,183,,1
6068,183,,1
6069,813,,1
6070,872,,1
6071,278,,1
6072,278,,1
6073,278,,1
6074,278,,1
6075,278,,1
6076,1060,,1
6077,1060,,1
6078,1060,,1
6079,1060,,1
6080,1060,,1
6081,655,,1
6082,655,,1
6083,655,,1
6084,655,,1
6085,655,,1
6086,655,,1
6087,655,,1
6088,655,,1
6089,43,,1
6091,43,,1
6092,1079,,1
6093,1080,,1
6094,1081,,1
6095,1082,,1
6096,1083,,1
6097,1013,,1
6098,624,,1
6099,1084,,1
6100,1084,,1
6101,1085,,1
6102,1086,,1
6103,1087,,1
6104,993,,1
6105,1060,,1
6106,1088,,1
6107,1089,,1
6108,1090,,1
6109,1091,,1
6110,1092,,1
6111,1093,,1
6112,1094,,1
6113,1095,,1
6114,1096,,1
6115,659,,1
6116,815,,1
6117,1097,,1
6118,666,,1
6119,1098,,1
6120,1116,,1
6121,1099,,1
6122,872,,1
6123,872,,1
6124,873,,1
6125,872,,1
6126,872,,1
6127,873,,1
6128,267,,1
6129,267,,1
6130,267,,1
6131,267,,1
6132,267,,1
6133,267,,1
6134,1100,,1
6135,169,,1
6136,169,,1
6137,1101,,1
6138,1100,,1
6139,1102,,1
6140,1103,,1
6141,1103,,1
6142,1104,,1
6143,391,,1
6144,1078,,1
6145,1078,,1
6146,1105,,1
6147,1027,,1
6148,916,,1
6149,916,,1
6150,776,,1
6151,298,,1
6152,298,,1
6153,1106,,1
6154,1106,,1
6155,1078,,1
6156,1107,,1
6157,1107,,1
6158,1108,,1
6159,1095,,1
6160,1109,,1
6161,1109,,1
6162,1105,,1
6163,1105,,1
6164,860,,1
6165,860,,1
6166,666,,1
6167,677,,1
6168,677,,1
6169,677,,1
6170,677,,1
6171,677,,1
6172,63,,1
6173,1093,,1
6174,1110,,1
6175,452,,1
6176,109,,1
6177,109,,1
6178,109,,1
6179,109,,1
6180,109,,1
6181,109,,1
6182,1008,,1
6183,734,,1
6184,734,,1
6185,734,,1
6186,734,,1
6187,734,,1
6188,734,,1
6189,430,,1
6190,552,,1
6191,831,,1
6192,813,,1
6193,579,,1
6194,579,,1
6195,742,,1
6196,742,,1
6197,742,,1
6198,742,,1
6199,193,,1
6200,488,,1
6201,488,,1
6202,1111,,1
6203,849,,1
6204,849,,1
6205,849,,1
6206,849,,1
6207,53,,1
6208,53,,1
6209,53,,1
6210,53,,1
6211,989,,1
6212,989,,1
6213,508,,1
6214,742,,1
6215,521,,1
6216,1112,,1
6217,1113,,1
6218,278,,1
6219,278,,1
6220,278,,1
6221,851,,1
6222,4,,1
6223,1114,,1
6224,1116,,1
6225,1116,,1
6226,1116,,1
6227,1116,,1
6228,1116,,1
6229,2058,,1
6230,2058,,1
6231,2058,,1
6232,2058,,1
6233,2058,,1
6234,2058,,1
6235,615,,1
6236,615,,1
6237,615,,1
6238,776,,1
6239,657,,1
6240,657,,1
6241,169,,1
6242,552,,1
6243,1117,,1
6244,1118,,1
6245,1119,,1
6246,1120,,1
6247,409,,1
6248,1121,,1
6249,815,,1
6250,1122,,1
6252,1123,,1
6253,1123,,1
6254,995,,1
6255,995,,1
6256,995,,1
6257,995,,1
6258,995,,1
6259,995,,1
6260,995,,1
6261,431,,1
6262,1002,,1
6263,1002,,1
6264,1065,,1
6265,1065,,1
6266,1065,,1
6267,4,,1
6268,478,,1
6269,615,,1
6270,4,,1
6271,343,,1
6272,302,,1
6273,302,,1
6274,302,,1
6275,721,,1
6276,998,,1
6277,998,,1
6278,998,,1
6279,998,,1
6280,998,,1
6281,998,,1
6282,998,,1
6283,998,,1
6284,998,,1
6285,998,,1
6286,998,,1
6287,998,,1
6288,998,,1
6289,998,,1
6290,998,,1
6291,998,,1
6292,998,,1
6293,998,,1
6294,1040,,1
6295,777,,1
6296,777,,1
6297,777,,1
6298,462,,1
6299,462,,1
6300,462,,1
6301,462,,1
6302,462,,1
6303,462,,1
6304,987,,1
6305,545,,1
6306,545,,1
6307,1124,,1
6308,970,,1
6309,302,,1
6310,302,,1
6311,302,,1
6312,302,,1
6313,302,,1
6314,302,,1
6315,302,,1
6316,302,,1
6317,302,,1
6318,302,,1
6319,302,,1
6320,102,,1
6321,1125,,1
6322,1125,,1
6323,766,,1
6324,1126,,1
6325,986,,1
6326,986,,1
6327,1127,,1
6328,1127,,1
6329,145,,1
6330,682,,1
6331,682,,1
6332,682,,1
6333,944,,1
6334,111,,1
6335,471,,1
6336,1044,,1
6337,1129,,1
6338,116,,1
6339,471,,1
6340,471,,1
6341,471,,1
6342,471,,1
6343,471,,1
6344,471,,1
6345,471,,1
6346,471,,1
6347,122,,1
6348,122,,1
6349,122,,1
6350,122,,1
6351,2058,,1
6352,2058,,1
6353,1087,,1
6354,1087,,1
6355,1087,,1
6356,1087,,1
6357,998,,1
6358,102,,1
6359,102,,1
6360,1059,,1
6361,1059,,1
6362,1059,,1
6363,1059,,1
6364,1059,,1
6365,1059,,1
6366,1059,,1
6367,1059,,1
6368,1059,,1
6369,1059,,1
6370,1114,,1
6371,987,,1
6372,987,,1
6373,987,,1
6374,987,,1
6375,102,,1
6376,1056,,1
6377,708,,1
6378,1130,,1
6379,1130,,1
6380,1130,,1
6381,1130,,1
6382,1130,,1
6383,1130,,1
6384,1130,,1
6385,1130,,1
6386,1823,,1
6388,1131,,1
6389,768,,1
6390,126,,1
6391,109,,1
6392,1132,,1
6393,1132,,1
6394,1132,,1
6395,1132,,1
6396,1132,,1
6397,1132,,1
6398,780,,1
6399,780,,1
6400,780,,1
6401,850,,1
6402,850,,1
6403,850,,1
6404,850,,1
6405,850,,1
6406,1037,,1
6407,447,,1
6408,447,,1
6409,53,,1
6410,53,,1
6411,999,,1
6412,999,,1
6413,999,,1
6414,999,,1
6415,999,,1
6416,53,,1
6417,1131,,1
6418,1131,,1
6419,1131,,1
6420,1131,,1
6421,1131,,1
6422,1131,,1
6423,1131,,1
6424,1131,,1
6425,1131,,1
6426,1131,,1
6427,1131,,1
6428,1131,,1
6429,1131,,1
6430,1131,,1
6431,1131,,1
6432,1131,,1
6433,831,,1
6434,278,,1
6435,278,,1
6436,278,,1
6437,1133,,1
6438,447,,1
6439,447,,1
6440,447,,1
6441,447,,1
6442,447,,1
6443,447,,1
6444,53,,1
6445,987,,1
6446,381,,1
6447,381,,1
6448,999,,1
6449,999,,1
6450,999,,1
6451,999,,1
6452,999,,1
6453,999,,1
6454,999,,1
6455,999,,1
6456,999,,1
6457,1134,,1
6458,1135,,1
6459,957,,1
6460,1137,,1
6461,354,,1
6462,354,,1
6463,1138,,1
6464,1065,,1
6465,1065,,1
6466,1139,,1
6467,1139,,1
6468,1139,,1
6469,1139,,1
6470,1139,,1
6471,1139,,1
6472,1139,,1
6473,887,,1
6474,354,,1
6475,354,,1
6476,354,,1
6477,354,,1
6478,354,,1
6479,354,,1
6480,1140,,1
6481,1140,,1
6482,1140,,1
6483,1140,,1
6484,1140,,1
6485,508,,1
6486,508,,1
6487,1141,,1
6488,1142,,1
6489,1144,,1
6490,1145,,1
6491,1143,,1
6492,508,,1
6493,508,,1
6494,999,,1
6495,1147,,1
6496,1149,,1
6497,447,,1
6498,354,,1
6499,354,,1
6500,1150,,1
6501,1150,,1
6502,987,,1
6503,987,,1
6504,676,,1
6505,1151,,1
6506,126,,1
6507,795,,1
6508,1152,,1
6509,768,,1
6510,391,,1
6511,1151,,1
6512,1153,,1
6513,1153,,1
6514,1153,,1
6515,1154,,1
6516,1154,,1
6517,1155,,1
6518,1155,,1
6519,339,,1
6520,339,,1
6521,391,,1
6522,521,,1
6523,908,,1
6524,908,,1
6525,908,,1
6526,908,,1
6527,908,,1
6528,908,,1
6529,908,,1
6530,340,,1
6531,340,,1
6532,340,,1
6533,518,,1
6534,518,,1
6535,518,,1
6536,518,,1
6537,518,,1
6538,518,,1
6539,518,,1
6540,518,,1
6541,518,,1
6542,518,,1
6543,518,,1
6544,518,,1
6545,518,,1
6546,518,,1
6547,518,,1
6548,518,,1
6549,518,,1
6550,1156,,1
6551,1157,,1
6552,1158,,1
6553,518,,1
6554,1155,,1
6555,1155,,1
6556,391,,1
6557,391,,1
6558,391,,1
6559,391,,1
6560,391,,1
6561,38,,1
6562,38,,1
6563,38,,1
6564,38,,1
6565,38,,1
6566,820,,1
6567,820,,1
6568,820,,1
6569,820,,1
6570,1155,,1
6571,1155,,1
6572,1155,,1
6573,530,,1
6574,530,,1
6575,518,,1
6576,518,,1
6577,391,,1
6578,1136,,1
6579,1136,,1
6580,1159,,1
6581,1155,,1
6582,1155,,1
6583,1155,,1
6584,1155,,1
6585,1155,,1
6586,1155,,1
6587,1161,,1
6588,1161,,1
6589,1161,,1
6590,1162,,1
6591,1162,,1
6592,954,,1
6593,954,,1
6594,954,,1
6595,954,,1
6596,1846,,1
6597,1163,,1
6598,1163,,1
6599,1164,,1
6600,1164,,1
6601,205,,1
6602,1165,,1
6603,1166,,1
6604,1169,,1
6605,1170,,1
6606,1170,,1
6607,1170,,1
6608,1170,,1
6609,1171,,1
6610,1172,,1
6611,622,,1
6612,702,,1
6613,522,,1
6614,522,,1
6615,522,,1
6616,522,,1
6617,522,,1
6618,522,,1
6619,522,,1
6620,522,,1
6621,522,,1
6622,986,,1
6623,986,,1
6624,986,,1
6625,263,,1
6626,1173,,1
6627,3180,,1
6628,1128,,1
6629,1128,,1
6630,1128,,1
6631,1128,,1
6632,768,,1
6633,768,,1
6634,768,,1
6635,768,,1
6636,911,,1
6637,340,,1
6638,1174,,1
6639,181,,1
6640,1060,,1
6641,1060,,1
6642,1060,,1
6643,999,,1
6644,1175,,1
6645,1176,,1
6646,1177,,1
6647,1177,,1
6648,1177,,1
6649,1177,,1
6650,1177,,1
6651,1177,,1
6652,1177,,1
6653,1178,,1
6654,1178,,1
6655,1179,,1
6656,1180,,1
6657,676,,1
6658,676,,1
6659,676,,1
6660,1181,,1
6661,1181,,1
6662,1182,,1
6663,1182,,1
6664,1182,,1
6665,1183,,1
6666,1183,,1
6667,1183,,1
6668,1183,,1
6669,1183,,1
6670,1183,,1
6671,1183,,1
6672,1183,,1
6673,4,,1
6674,676,,1
6675,999,,1
6676,38,,1
6677,1056,,1
6678,1056,,1
6679,1056,,1
6680,1128,,1
6681,681,,1
6682,1184,,1
6683,391,,1
6684,391,,1
6685,708,,1
6686,708,,1
6687,708,,1
6688,708,,1
6689,708,,1
6690,708,,1
6691,708,,1
6692,708,,1
6693,1185,,1
6694,1185,,1
6695,1185,,1
6696,1185,,1
6697,1185,,1
6698,1186,,1
6699,1186,,1
6700,1150,,1
6701,1150,,1
6702,1150,,1
6703,1150,,1
6704,999,,1
6705,297,,1
6706,297,,1
6707,1187,,1
6708,684,,1
6709,1188,,1
6710,1128,,1
6711,1189,,1
6712,1189,,1
6713,768,,1
6714,615,,1
6715,1087,,1
6716,1190,,1
6717,1190,,1
6718,1190,,1
6719,1190,,1
6720,1190,,1
6721,143,,1
6722,1191,,1
6723,416,,1
6724,1136,,1
6725,1192,,1
6726,1193,,1
6727,1194,,1
6728,1194,,1
6729,1194,,1
6733,478,,1
6734,478,,1
6735,478,,1
6736,478,,1
6737,478,,1
6738,478,,1
6739,1195,,1
6740,348,,1
6741,1196,,1
6742,1196,,1
6743,1196,,1
6744,1196,,1
6745,1196,,1
6746,1197,,1
6747,1197,,1
6748,1198,,1
6749,955,,1
6750,955,,1
6751,955,,1
6752,955,,1
6753,955,,1
6754,1199,,1
6755,1199,,1
6756,1200,,1
6757,1201,,1
6758,766,,1
6759,766,,1
6760,766,,1
6761,766,,1
6762,766,,1
6763,766,,1
6764,766,,1
6765,766,,1
6766,766,,1
6767,1026,,1
6768,1026,,1
6769,1026,,1
6770,1026,,1
6771,1026,,1
6772,1026,,1
6773,1026,,1
6774,1026,,1
6775,1026,,1
6776,1026,,1
6777,1026,,1
6778,529,,1
6779,529,,1
6780,529,,1
6781,529,,1
6782,1202,,1
6783,1203,,1
6784,111,,1
6785,111,,1
6786,111,,1
6787,1204,,1
6788,1136,,1
6789,1136,,1
6790,1136,,1
6791,1136,,1
6792,1136,,1
6793,266,,1
6794,266,,1
6795,266,,1
6796,1205,,1
6797,106,,1
6798,529,,1
6799,529,,1
6800,1206,,1
6801,430,,1
6802,347,,1
6803,391,,1
6804,1207,,1
6805,1207,,1
6806,1207,,1
6807,1207,,1
6808,1013,,1
6809,1013,,1
6810,1013,,1
6811,1013,,1
6812,795,,1
6813,1208,,1
6814,1208,,1
6815,1210,,1
6816,1210,,1
6817,1210,,1
6818,267,,1
6819,1140,,1
6820,1211,,1
6821,1,,1
6822,21,,1
6823,21,,1
6824,21,,1
6825,21,,1
6826,21,,1
6827,21,,1
6828,21,,1
6829,21,,1
6830,21,,1
6831,21,,1
6833,12,,1
6835,12,,1
6836,31,,1
6838,1212,,1
6839,1212,,1
6840,1212,,1
6841,1212,,1
6842,1212,,1
6843,1212,,1
6844,1212,,1
6845,1212,,1
6846,1212,,1
6847,41,,1
6848,41,,1
6849,41,,1
6850,41,,1
6851,41,,1
6852,41,,1
6853,41,,1
6854,41,,1
6855,41,,1
6858,21,,1
6859,23,,1
6860,1213,,1
6861,1214,,1
6862,1215,,1
6863,1215,,1
6864,1215,,1
6865,1216,,1
6866,1217,,1
6868,1218,,1
6869,1219,,1
6870,1215,,1
6871,1215,,1
6872,1293,,1
6873,1293,,1
6874,1293,,1
6875,1220,,1
6876,1220,,1
6877,1221,,1
6878,1222,,1
6879,2840,,1
6881,1220,,1
6882,1220,,1
6883,1220,,1
6884,1220,,1
6885,2840,,1
6886,2825,,1
6887,1223,,1
6888,45,,1
6889,1224,,1
6890,1225,,1
6891,1226,,1
6856,41,,1
6834,12,,1
6857,41,,1
6867,41,,1
6837,6,,1
6880,6,,1
6892,1227,,1
6893,1228,,1
6894,1229,,1
6895,1230,,1
6896,1231,,1
6897,1230,,1
6898,1230,,1
6899,1232,,1
6900,1230,,1
6901,1230,,1
6902,1233,,1
6903,1230,,1
6904,1234,,1
6905,1234,,1
6906,1235,,1
6907,1234,,1
6908,1236,,1
6909,1237,,1
6910,1237,,1
6911,1237,,1
6912,1238,,1
6913,1239,,1
6914,1240,,1
6915,1240,,1
6916,1241,,1
6917,1240,,1
6918,1241,,1
6919,1242,,1
6920,1243,,1
6921,729,,1
6922,729,,1
6923,729,,1
6924,1244,,1
6925,1086,,1
6926,624,,1
6927,1013,,1
6928,1013,,1
6929,450,,1
6930,450,,1
6931,450,,1
6932,450,,1
6933,450,,1
6934,1245,,1
6935,1245,,1
6936,1245,,1
6937,1245,,1
6938,1245,,1
6939,1245,,1
6940,348,,1
6941,348,,1
6942,1246,,1
6943,1246,,1
6944,1246,,1
6945,1246,,1
6946,1246,,1
6947,1246,,1
6948,1246,,1
6949,1246,,1
6950,1246,,1
6951,1246,,1
6952,1246,,1
6953,450,,1
6954,450,,1
6955,183,,1
6956,1247,,1
6957,888,,1
6958,1248,,1
6959,1249,,1
6960,1250,,1
6961,1251,,1
6962,1170,,1
6963,1170,,1
6964,1246,,1
6965,1246,,1
6966,1252,,1
6967,104,,1
6968,1253,,1
6969,1253,,1
6970,525,,1
6971,1245,,1
6972,1254,,1
6973,158,,1
6974,1255,,1
6975,1256,,1
6976,1257,,1
6977,1258,,1
6978,1259,,1
6979,1260,,1
6980,1261,,1
6981,1262,,1
6982,1263,,1
6983,1264,,1
6984,1265,,1
6985,1265,,1
6986,1266,,1
6987,1267,,1
6988,1268,,1
6989,1269,,1
6990,1270,,1
6991,1271,,1
6992,1272,,1
6993,1273,,1
6994,1274,,1
6995,147,,1
6996,147,,1
6997,1272,,1
6998,1272,,1
6999,1272,,1
7000,1272,,1
7001,1272,,1
7002,1272,,1
7003,1272,,1
7004,1272,,1
7005,1272,,1
7006,1272,,1
7007,1272,,1
7008,1272,,1
7009,1272,,1
7010,1272,,1
7011,1272,,1
7012,1272,,1
7013,1272,,1
7014,1272,,1
7015,147,,1
7016,147,,1
7017,147,,1
7018,147,,1
7019,1272,,1
7020,1272,,1
7021,147,,1
7022,147,,1
7023,147,,1
7024,147,,1
7025,1275,,1
7026,1276,,1
7027,1277,,1
7028,1277,,1
7029,83,,1
7030,83,,1
7031,1278,,1
7032,1071,,1
7033,731,,1
7034,1279,,1
7035,1280,,1
7036,1281,,1
7037,1084,,1
7038,1282,,1
7039,1283,,1
7040,1283,,1
7041,1283,,1
7042,1283,,1
7043,1284,,1
7044,1283,,1
7045,1283,,1
7046,1283,,1
7047,1283,,1
7048,1285,,1
7049,1285,,1
7050,1285,,1
7051,1285,,1
7052,1285,,1
7053,1286,,1
7054,1286,,1
7055,1287,,1
7056,1288,,1
7057,1289,,1
7058,1272,,1
7059,1283,,1
7060,1283,,1
7061,1283,,1
7062,1283,,1
7063,1283,,1
7064,1283,,1
7065,1290,,1
7066,1290,,1
7067,1290,,1
7068,1291,,1
7069,1291,,1
7070,1290,,1
7071,1290,,1
7072,1280,,1
7073,1280,,1
7074,1280,,1
7075,1280,,1
7076,1280,,1
7077,1280,,1
7078,1280,,1
7079,1292,,1
7080,147,,1
7081,147,,1
7082,147,,1
7083,1293,,1
7084,1294,,1
7085,665,,1
7086,1272,,1
7087,1272,,1
7088,1272,,1
7089,1272,,1
7090,1295,,1
7091,1296,,1
7092,234,,1
7093,1297,,1
7094,1274,,1
7095,1298,,1
7096,234,,1
7097,1299,,1
7098,1299,,1
7099,1299,,1
7100,1299,,1
7101,1300,,1
7102,1301,,1
7103,1300,,1
7104,1302,,1
7105,1300,,1
7106,1304,,1
7107,1305,,1
7108,1306,,1
7109,1306,,1
7110,1306,,1
7111,1307,,1
7112,1306,,1
7113,1308,,1
7114,1308,,1
7115,1309,,1
7116,169,,1
7117,108,,1
7118,108,,1
7119,108,,1
7120,108,,1
7121,108,,1
7122,108,,1
7123,108,,1
7124,1291,,1
7125,1291,,1
7126,1291,,1
7127,1277,,1
7128,1277,,1
7129,1277,,1
7130,1277,,1
7131,1310,,1
7132,83,,1
7133,1311,,1
7134,1312,,1
7135,1300,,1
7136,1274,,1
7137,1313,,1
7138,1314,,1
7139,1314,,1
7140,1314,,1
7141,1315,,1
7142,1316,,1
7143,1317,,1
7144,1318,,1
7145,1319,,1
7146,1320,,1
7147,1321,,1
7148,2839,,1
7149,1322,,1
7150,1323,,1
7151,1324,,1
7152,1317,,1
7153,1325,,1
7154,1325,,1
7155,1274,,1
7156,1326,,1
7157,1274,,1
7158,1274,,1
7159,1274,,1
7160,1274,,1
7161,1274,,1
7162,1274,,1
7163,1274,,1
7164,1274,,1
7165,1327,,1
7166,1300,,1
7167,1300,,1
7168,1273,,1
7169,1273,,1
7170,1273,,1
7171,1273,,1
7172,1273,,1
7173,1328,,1
7174,1274,,1
7175,1274,,1
7176,1274,,1
7177,1329,,1
7178,1330,,1
7179,1330,,1
7180,1331,,1
7181,1331,,1
7182,1331,,1
7183,1331,,1
7184,1331,,1
7185,1331,,1
7186,1332,,1
7187,1332,,1
7188,1332,,1
7189,1332,,1
7190,1332,,1
7191,1332,,1
7192,1332,,1
7193,1332,,1
7194,1274,,1
7195,1311,,1
7196,1311,,1
7197,1311,,1
7198,1311,,1
7199,1311,,1
7200,1311,,1
7201,1273,,1
7202,1277,,1
7203,1277,,1
7204,1277,,1
7205,1277,,1
7206,1333,,1
7207,1334,,1
7208,1334,,1
7209,1334,,1
7210,416,,1
7211,1334,,1
7212,51,,1
7213,1335,,1
7214,1336,,1
7215,1336,,1
7216,1337,,1
7217,1338,,1
7218,1339,,1
7219,1339,,1
7220,1339,,1
7221,1340,,1
7222,1341,,1
7223,218,,1
7224,1311,,1
7225,1342,,1
7226,1343,,1
7227,1344,,1
7228,1345,,1
7229,1346,,1
7230,1300,,1
7231,1311,,1
7232,1347,,1
7233,1348,,1
7234,1348,,1
7235,1349,,1
7236,1350,,1
7237,1350,,1
7238,1311,,1
7239,1350,,1
7240,1350,,1
7241,1350,,1
7242,1350,,1
7243,1350,,1
7244,1350,,1
7245,1350,,1
7246,1351,,1
7247,1351,,1
7248,1351,,1
7249,1351,,1
7250,1351,,1
7251,1351,,1
7252,1351,,1
7253,1351,,1
7254,1351,,1
7255,1351,,1
7256,1351,,1
7257,1351,,1
7258,1351,,1
7259,1351,,1
7260,1351,,1
7261,1351,,1
7262,1352,,1
7263,1352,,1
7264,1353,,1
7265,1354,,1
7266,1355,,1
7267,1356,,1
7268,1352,,1
7269,93,,1
7270,93,,1
7271,93,,1
7272,93,,1
7273,93,,1
7274,93,,1
7275,93,,1
7276,93,,1
7277,93,,1
7278,93,,1
7279,1357,,1
7280,1357,,1
7281,1357,,1
7282,1357,,1
7283,1357,,1
7284,1358,,1
7285,1358,,1
7286,1359,,1
7287,1360,,1
7288,1358,,1
7289,1361,,1
7290,1361,,1
7291,1362,,1
7292,1363,,1
7293,1363,,1
7294,1363,,1
7295,1363,,1
7296,1363,,1
7297,1358,,1
7298,1364,,1
7299,1364,,1
7300,1365,,1
7301,1346,,1
7302,1366,,1
7303,1367,,1
7304,1363,,1
7305,1363,,1
7306,1363,,1
7307,1363,,1
7308,1363,,1
7309,2839,,1
7310,1368,,1
7311,1369,,1
7312,1370,,1
7313,363,,1
7314,348,,1
7315,1371,,1
7316,1372,,1
7317,9,,1
7318,10,,1
7319,10,,1
7320,10,,1
7321,10,,1
7322,508,,1
7323,508,,1
7324,9,,1
7325,10,,1
7326,1374,,1
7327,1375,,1
7328,1376,,1
7329,1377,,1
7330,1065,,1
7331,184,,1
7332,174,,1
7333,174,,1
7334,184,,1
7335,184,,1
7336,81,,1
7337,267,,1
7338,1378,,1
7339,1378,,1
7340,1378,,1
7341,1378,,1
7342,1378,,1
7343,1378,,1
7344,1378,,1
7345,1378,,1
7346,1378,,1
7347,1378,,1
7348,1379,,1
7349,1380,,1
7350,1134,,1
7351,1381,,1
7352,1381,,1
7353,1381,,1
7354,1382,,1
7355,1384,,1
7356,1385,,1
7357,1386,,1
7358,1387,,1
7359,1057,,1
7360,1385,,1
7361,1388,,1
7362,267,,1
7363,267,,1
7364,267,,1
7365,1389,,1
7366,1557,,1
7367,1557,,1
7368,132,,1
7369,132,,1
7370,132,,1
7371,132,,1
7372,529,,1
7373,529,,1
7374,529,,1
7375,529,,1
7376,529,,1
7377,135,,1
7378,135,,1
7379,135,,1
7380,1390,,1
7381,184,,1
7382,17,,1
7383,17,,1
7384,17,,1
7385,1391,,1
7386,1392,,1
7387,135,,1
7388,1277,,1
7389,11,,1
7390,1393,,1
7391,1394,,1
7392,1395,,1
7393,1396,,1
7394,1397,,1
7395,1398,,1
7396,1399,,1
7397,1400,,1
7398,508,,1
7399,1401,,1
7400,48,,1
7401,1402,,1
7402,1403,,1
7403,201,,1
7404,201,,1
7405,622,,1
7406,622,,1
7407,622,,1
7408,622,,1
7409,622,,1
7410,622,,1
7411,622,,1
7412,622,,1
7413,622,,1
7414,1404,,1
7415,1405,,1
7416,1406,,1
7417,1407,,1
7418,1406,,1
7419,523,,1
7420,1408,,1
7421,622,,1
7422,1406,,1
7423,523,,1
7424,523,,1
7425,1406,,1
7426,523,,1
7427,1409,,1
7428,1410,,1
7429,1411,,1
7430,1412,,1
7431,1413,,1
7432,1414,,1
7433,1415,,1
7434,1416,,1
7435,1414,,1
7436,1417,,1
7437,1418,,1
7438,1419,,1
7439,1205,,1
7440,1420,,1
7441,1421,,1
7442,1422,,1
7443,1418,,1
7444,1423,,1
7445,1424,,1
7446,1418,,1
7447,84,,1
7448,1425,,1
7449,1291,,1
7450,1291,,1
7451,1291,,1
7452,84,,1
7453,1426,,1
7454,1427,,1
7455,1428,,1
7456,622,,1
7457,622,,1
7458,84,,1
7459,1429,,1
7460,242,,1
7461,1430,,1
7462,1431,,1
7463,1432,,1
7464,1364,,1
7465,1433,,1
7466,1434,,1
7467,1435,,1
7468,1436,,1
7469,1437,,1
7470,1291,,1
7471,1291,,1
7472,1291,,1
7473,1291,,1
7474,1291,,1
7475,1291,,1
7476,1291,,1
7477,1291,,1
7478,1291,,1
7479,1291,,1
7480,1291,,1
7481,1291,,1
7482,1291,,1
7483,1291,,1
7484,1291,,1
7485,1291,,1
7486,1280,,1
7487,1280,,1
7488,1280,,1
7489,1438,,1
7490,1439,,1
7491,1440,,1
7492,1441,,1
7493,1442,,1
7494,118,,1
7495,1443,,1
7496,1950,,1
7497,1444,,1
7498,482,,1
7499,1445,,1
7500,1446,,1
7501,1417,,1
7502,1448,,1
7503,1449,,1
7504,1451,,1
7505,3179,,1
7506,882,,1
7507,1452,,1
7508,1452,,1
7509,1452,,1
7510,1452,,1
7511,1452,,1
7512,1452,,1
7513,1452,,1
7514,1452,,1
7515,1452,,1
7516,1452,,1
7517,1452,,1
7518,1453,,1
7519,1454,,1
7520,1455,,1
7521,1456,,1
7522,1457,,1
7523,1458,,1
7524,1458,,1
7525,1458,,1
7526,1458,,1
7527,1459,,1
7528,1460,,1
7529,1459,,1
7530,1461,,1
7531,1462,,1
7532,1463,,1
7533,1464,,1
7534,1465,,1
7535,1466,,1
7536,1467,,1
7537,1468,,1
7538,1469,,1
7539,1470,,1
7540,1471,,1
7541,1472,,1
7542,1473,,1
7543,1474,,1
7544,1475,,1
7545,1476,,1
7546,1477,,1
7547,1478,,1
7548,1479,,1
7549,1474,,1
7550,1480,,1
7551,1481,,1
7552,1482,,1
7553,1483,,1
7554,1484,,1
7555,1485,,1
7556,1486,,1
7557,1487,,1
7558,1488,,1
7559,1489,,1
7560,1490,,1
7561,1482,,1
7562,1491,,1
7563,1473,,1
7564,1492,,1
7565,1493,,1
7566,1494,,1
7567,1491,,1
7568,1483,,1
7569,1495,,1
7570,1496,,1
7571,1497,,1
7572,1498,,1
7573,1499,,1
7574,1500,,1
7575,1501,,1
7576,1502,,1
7577,1503,,1
7578,1504,,1
7579,1505,,1
7580,1506,,1
7581,1507,,1
7582,1508,,1
7583,1509,,1
7584,1510,,1
7585,1511,,1
7586,1512,,1
7587,1478,,1
7588,1473,,1
7589,1491,,1
7590,1484,,1
7591,1475,,1
7592,1513,,1
7593,1514,,1
7594,1471,,1
7595,1515,,1
7596,1516,,1
7597,1517,,1
7598,1518,,1
7599,1519,,1
7600,1520,,1
7601,1521,,1
7602,1521,,1
7603,1521,,1
7604,1522,,1
7605,1522,,1
7606,1522,,1
7607,1523,,1
7608,1524,,1
7609,1525,,1
7610,1527,,1
7611,1522,,1
7612,1522,,1
7613,1291,,1
7614,1528,,1
7615,882,,1
7616,1529,,1
7617,1530,,1
7618,1531,,1
7619,1532,,1
7620,1533,,1
7621,1534,,1
7622,1376,,1
7623,1155,,1
7624,1535,,1
7625,1536,,1
7626,1537,,1
7627,1538,,1
7628,902,,1
7629,173,,1
7630,1539,,1
7631,1293,,1
7632,294,,1
7633,1540,,1
7634,1541,,1
7635,1542,,1
7636,518,,1
7637,519,,1
7638,1543,,1
7639,703,,1
7640,519,,1
7641,1544,,1
7642,1546,,1
7643,1547,,1
7644,1548,,1
7645,944,,1
7646,1549,,1
7647,1550,,1
7648,1551,,1
7649,1552,,1
7650,1553,,1
7651,1553,,1
7652,678,,1
7653,678,,1
7654,678,,1
7655,678,,1
7656,678,,1
7657,865,,1
7658,865,,1
7659,865,,1
7660,865,,1
7661,865,,1
7662,865,,1
7663,865,,1
7664,1445,,1
7665,1554,,1
7666,1555,,1
7667,585,,1
7668,1556,,1
7669,832,,1
7670,1557,,1
7671,1389,,1
7672,1558,,1
7673,1559,,1
7674,294,,1
7675,294,,1
7676,1560,,1
7677,1561,,1
7678,1562,,1
7679,478,,1
7680,1563,,1
7681,1564,,1
7682,1565,,1
7683,1566,,1
7684,1381,,1
7685,1567,,1
7686,416,,1
7687,1568,,1
7688,1568,,1
7689,1568,,1
7690,1568,,1
7691,1568,,1
7692,1569,,1
7693,1334,,1
7694,1451,,1
7695,1570,,1
7696,1334,,1
7697,529,,1
7698,1571,,1
7699,1571,,1
7700,1572,,1
7701,1573,,1
7702,1574,,1
7703,1572,,1
7704,1013,,1
7705,1575,,1
7706,1575,,1
7707,1575,,1
7708,1575,,1
7709,5,,1
7710,5,,1
7711,1451,,1
7712,1576,,1
7713,1577,,1
7714,1132,,1
7715,744,,1
7716,1334,,1
7717,462,,1
7718,160,,1
7719,1451,,1
7720,1578,,1
7721,1579,,1
7722,1580,,1
7723,1581,,1
7724,1578,,1
7725,1578,,1
7726,1582,,1
7727,1583,,1
7728,1584,,1
7729,1584,,1
7730,1584,,1
7731,1584,,1
7732,1585,,1
7733,1586,,1
7734,1587,,1
7735,1587,,1
7736,1587,,1
7737,637,,1
7738,299,,1
7739,211,,1
7740,211,,1
7741,1588,,1
7742,1589,,1
7743,1589,,1
7744,1589,,1
7745,1589,,1
7746,637,,1
7747,637,,1
7748,1590,,1
7749,1590,,1
7750,1591,,1
7751,1591,,1
7752,1591,,1
7753,1591,,1
7754,1591,,1
7755,1591,,1
7756,1591,,1
7757,1591,,1
7758,1592,,1
7759,440,,1
7760,1591,,1
7761,1590,,1
7762,209,,1
7763,209,,1
7764,209,,1
7765,1591,,1
7766,1591,,1
7767,183,,1
7768,1594,,1
7769,1595,,1
7770,1596,,1
7771,1597,,1
7772,1598,,1
7773,1599,,1
7774,1408,,1
7775,1408,,1
7776,1408,,1
7777,1408,,1
7778,1408,,1
7779,523,,1
7780,1601,,1
7781,1603,,1
7782,1602,,1
7783,1604,,1
7784,1604,,1
7785,1604,,1
7786,1604,,1
7787,1604,,1
7788,1605,,1
7789,148,,1
7790,1606,,1
7791,1606,,1
7792,1606,,1
7793,1280,,1
7794,1280,,1
7795,1607,,1
7797,1336,,1
7798,1336,,1
7799,1336,,1
7800,1336,,1
7801,1336,,1
7802,1336,,1
7803,58,,1
7804,211,,1
7805,1155,,1
7806,211,,1
7807,211,,1
7808,211,,1
7809,211,,1
7810,1608,,1
7811,1609,,1
7812,1608,,1
7813,1608,,1
7814,1280,,1
7815,1280,,1
7816,1280,,1
7817,1290,,1
7818,1290,,1
7819,1568,,1
7820,1568,,1
7821,1610,,1
7822,52,,1
7823,531,,1
7824,629,,1
7825,815,,1
7826,260,,1
7827,169,,1
7828,1611,,1
7829,1612,,1
7830,1612,,1
7831,1612,,1
7832,1613,,1
7833,1613,,1
7834,1614,,1
7835,1614,,1
7836,1614,,1
7837,1615,,1
7838,1433,,1
7839,1433,,1
7840,1433,,1
7841,1433,,1
7842,1433,,1
7843,1433,,1
7844,1433,,1
7845,1433,,1
7846,1433,,1
7847,1433,,1
7848,1433,,1
7849,1616,,1
7850,1433,,1
7851,1433,,1
7852,1433,,1
7853,1433,,1
7854,1617,,1
7855,1393,,1
7856,1393,,1
7857,1393,,1
7858,1393,,1
7859,1393,,1
7860,1393,,1
7861,1393,,1
7862,1393,,1
7863,1393,,1
7864,1393,,1
7865,1618,,1
7866,1618,,1
7867,1618,,1
7868,1618,,1
7869,1618,,1
7870,1618,,1
7871,1618,,1
7872,1618,,1
7873,1618,,1
7874,1618,,1
7875,1618,,1
7876,1618,,1
7877,1618,,1
7878,1619,,1
7879,1620,,1
7880,1621,,1
7881,1618,,1
7882,1622,,1
7883,1623,,1
7884,1624,,1
7885,1624,,1
7886,1624,,1
7887,1624,,1
7888,1625,,1
7889,1626,,1
7890,1627,,1
7891,87,,1
7892,1628,,1
7893,1629,,1
7894,1629,,1
7895,1629,,1
7896,1629,,1
7897,1629,,1
7898,1629,,1
7899,1629,,1
7900,1629,,1
7901,1346,,1
7902,1630,,1
7903,1364,,1
7904,1306,,1
7905,1631,,1
7906,1364,,1
7907,1632,,1
7908,1346,,1
7909,1633,,1
7910,1633,,1
7911,1633,,1
7912,1633,,1
7913,1633,,1
7914,1633,,1
7915,1633,,1
7916,1633,,1
7917,1633,,1
7918,1633,,1
7919,1215,,1
7920,1215,,1
7921,1634,,1
7922,1635,,1
7923,1635,,1
7924,118,,1
7925,118,,1
7926,118,,1
7927,1636,,1
7928,1637,,1
7929,1360,,1
7930,1638,,1
7931,1639,,1
7932,1639,,1
7933,1639,,1
7934,1639,,1
7935,1639,,1
7936,1639,,1
7937,1639,,1
7938,1639,,1
7939,1639,,1
7940,1638,,1
7941,1640,,1
7942,1641,,1
7943,1641,,1
7944,1642,,1
7945,1642,,1
7946,1642,,1
7947,1643,,1
7948,1643,,1
7949,1643,,1
7950,1644,,1
7951,1644,,1
7952,1644,,1
7953,1644,,1
7954,1644,,1
7955,1644,,1
7956,1644,,1
7957,1644,,1
7958,1644,,1
7959,1644,,1
7960,1644,,1
7961,1644,,1
7962,1644,,1
7963,1644,,1
7964,1644,,1
7965,1644,,1
7966,1645,,1
7967,1646,,1
7968,1647,,1
7969,1648,,1
7970,1649,,1
7971,1650,,1
7972,1651,,1
7973,1652,,1
7974,1653,,1
7975,251,,1
7976,251,,1
7977,1654,,1
7978,39,,1
7979,1655,,1
7980,1647,,1
7981,1656,,1
7982,1451,,1
7983,1657,,1
7984,1658,,1
7985,1608,,1
7986,39,,1
7987,1659,,1
7988,1660,,1
7989,1648,,1
7990,1608,,1
7991,1661,,1
7992,1662,,1
7993,1663,,1
7994,1648,,1
7995,1664,,1
7996,1665,,1
7997,1666,,1
7998,1647,,1
7999,1667,,1
8000,1400,,1
8001,1668,,1
8002,1648,,1
8003,1648,,1
8004,1669,,1
8005,1669,,1
8006,1442,,1
8007,1670,,1
8008,1670,,1
8009,1670,,1
8010,1671,,1
8011,1671,,1
8012,1672,,1
8013,1673,,1
8014,1673,,1
8015,1673,,1
8016,1673,,1
8017,1673,,1
8018,197,,1
8019,1674,,1
8020,1675,,1
8021,1669,,1
8022,1669,,1
8023,1669,,1
8024,1669,,1
8025,1669,,1
8026,1669,,1
8027,1669,,1
8028,73,,1
8029,1676,,1
8030,1677,,1
8031,255,,1
8032,1678,,1
8033,708,,1
8034,708,,1
8035,1679,,1
8036,1679,,1
8037,1669,,1
8038,1680,,1
8039,1680,,1
8040,1680,,1
8041,1680,,1
8042,1680,,1
8043,1680,,1
8044,1680,,1
8045,1681,,1
8046,1576,,1
8047,1451,,1
8048,1682,,1
8049,17,,1
8050,1402,,1
8051,1402,,1
8052,1402,,1
8053,1402,,1
8054,1402,,1
8055,1402,,1
8056,79,,1
8057,79,,1
8058,1683,,1
8059,397,,1
8060,397,,1
8061,1684,,1
8062,1675,,1
8063,1675,,1
8064,116,,1
8065,116,,1
8066,116,,1
8067,116,,1
8068,116,,1
8069,116,,1
8070,152,,1
8071,397,,1
8072,1576,,1
8073,1686,,1
8074,1452,,1
8075,1687,,1
8076,1688,,1
8077,1689,,1
8078,1256,,1
8079,1690,,1
8080,1648,,1
8081,1648,,1
8082,1568,,1
8083,1568,,1
8084,1648,,1
8085,1648,,1
8086,1648,,1
8087,1691,,1
8088,1691,,1
8089,1691,,1
8090,1691,,1
8091,1692,,1
8092,1648,,1
8093,1651,,1
8094,1651,,1
8095,1651,,1
8096,1651,,1
8097,1408,,1
8098,1408,,1
8099,1305,,1
8100,1693,,1
8101,1694,,1
8102,1694,,1
8103,1669,,1
8104,58,,1
8105,58,,1
8106,1648,,1
8107,1310,,1
8108,1575,,1
8109,1648,,1
8110,1648,,1
8111,1695,,1
8112,1696,,1
8113,1696,,1
8114,1696,,1
8115,1696,,1
8116,1696,,1
8117,1696,,1
8118,1696,,1
8119,1696,,1
8120,1696,,1
8121,1604,,1
8122,1697,,1
8123,1604,,1
8124,1604,,1
8125,1604,,1
8126,1698,,1
8127,1700,,1
8128,1701,,1
8129,1702,,1
8130,1363,,1
8131,1363,,1
8132,1363,,1
8133,1363,,1
8134,1363,,1
8135,1363,,1
8136,1363,,1
8137,1363,,1
8138,1363,,1
8139,1363,,1
8140,1363,,1
8141,1363,,1
8142,1363,,1
8143,1363,,1
8144,1703,,1
8145,1704,,1
8146,1705,,1
8147,1703,,1
8148,1706,,1
8149,261,,1
8150,1706,,1
8151,1144,,1
8152,1707,,1
8153,1607,,1
8154,1607,,1
8155,1607,,1
8156,1607,,1
8157,1607,,1
8158,1607,,1
8160,1783,,1
8161,1708,,1
8162,1709,,1
8163,1710,,1
8164,1607,,1
8165,1711,,1
8166,1712,,1
8167,1713,,1
8168,1589,,1
8169,1607,,1
8170,1336,,1
8171,1441,,1
8172,1714,,1
8173,759,,1
8174,1607,,1
8175,128,,1
8176,1715,,1
8177,1716,,1
8178,1716,,1
8179,1716,,1
8180,1716,,1
8181,1716,,1
8182,1717,,1
8183,1718,,1
8184,1607,,1
8185,1607,,1
8186,1607,,1
8187,1607,,1
8188,1719,,1
8189,1607,,1
8190,1720,,1
8191,1721,,1
8192,1722,,1
8193,1696,,1
8194,128,,1
8195,128,,1
8196,128,,1
8197,1606,,1
8198,1606,,1
8199,1606,,1
8200,1606,,1
8201,1606,,1
8202,1606,,1
8203,1723,,1
8204,1723,,1
8205,1721,,1
8206,1703,,1
8207,1703,,1
8208,1383,,1
8209,1383,,1
8210,1724,,1
8211,1703,,1
8212,449,,1
8213,449,,1
8214,23,,1
8215,1707,,1
8216,1725,,1
8217,1707,,1
8218,1707,,1
8219,1707,,1
8220,1707,,1
8221,1707,,1
8222,1726,,1
8223,1679,,1
8224,1679,,1
8225,1679,,1
8226,1568,,1
8227,1568,,1
8228,1568,,1
8229,1568,,1
8230,1727,,1
8231,1728,,1
8232,1729,,1
8233,1730,,1
8234,1731,,1
8235,1687,,1
8236,390,,1
8237,390,,1
8238,390,,1
8239,390,,1
8240,390,,1
8241,390,,1
8242,390,,1
8243,1568,,1
8244,1568,,1
8245,1568,,1
8246,1733,,1
8247,120,,1
8248,1734,,1
8249,340,,1
8250,340,,1
8251,1735,,1
8252,43,,1
8253,43,,1
8254,751,,1
8255,1736,,1
8256,120,,1
8257,1735,,1
8258,1737,,1
8259,153,,1
8260,1544,,1
8261,1738,,1
8262,678,,1
8263,1739,,1
8264,1557,,1
8265,1712,,1
8266,1712,,1
8267,1712,,1
8268,1712,,1
8269,1712,,1
8270,1712,,1
8271,1712,,1
8272,1622,,1
8273,1740,,1
8274,1741,,1
8275,1742,,1
8276,45,,1
8277,1743,,1
8278,45,,1
8279,1624,,1
8280,1742,,1
8281,1742,,1
8282,1742,,1
8283,1742,,1
8284,1742,,1
8285,1742,,1
8286,1742,,1
8287,1742,,1
8288,1742,,1
8289,1334,,1
8290,1334,,1
8291,1334,,1
8292,1334,,1
8293,1334,,1
8294,1334,,1
8295,1334,,1
8296,1744,,1
8297,1414,,1
8298,1745,,1
8299,1746,,1
8300,1747,,1
8301,1748,,1
8302,1742,,1
8303,1742,,1
8304,11,,1
8305,11,,1
8306,11,,1
8307,11,,1
8308,11,,1
8309,11,,1
8310,11,,1
8311,11,,1
8312,1749,,1
8313,1750,,1
8314,11,,1
8315,11,,1
8316,11,,1
8317,1751,,1
8318,1752,,1
8319,1752,,1
8320,1752,,1
8321,1752,,1
8322,1752,,1
8323,1752,,1
8324,1752,,1
8325,1753,,1
8326,1753,,1
8327,1753,,1
8328,1753,,1
8329,1753,,1
8330,1753,,1
8331,1753,,1
8332,1754,,1
8333,1755,,1
8334,1756,,1
8335,350,,1
8336,1757,,1
8337,1758,,1
8338,1759,,1
8339,1760,,1
8340,1761,,1
8341,1752,,1
8342,1753,,1
8343,1753,,1
8344,1753,,1
8345,1753,,1
8346,1753,,1
8347,1753,,1
8348,1691,,1
8349,1762,,1
8350,1682,,1
8351,1763,,1
8352,45,,1
8353,1764,,1
8354,1765,,1
8355,1743,,1
8356,1624,,1
8357,1766,,1
8358,1767,,1
8359,1768,,1
8360,527,,1
8361,1769,,1
8362,1425,,1
8363,1770,,1
8364,1771,,1
8365,1772,,1
8366,1773,,1
8367,1774,,1
8368,1648,,1
8369,1417,,1
8370,1417,,1
8371,1775,,1
8372,1775,,1
8373,1417,,1
8374,1417,,1
8375,1417,,1
8376,1417,,1
8377,1417,,1
8378,1417,,1
8379,1776,,1
8380,1675,,1
8381,1777,,1
8382,1648,,1
8383,1648,,1
8384,1726,,1
8385,1691,,1
8386,1752,,1
8387,1752,,1
8388,1752,,1
8389,1778,,1
8390,1779,,1
8391,1780,,1
8392,1781,,1
8393,1782,,1
8394,1144,,1
8395,1752,,1
8396,1784,,1
8397,1647,,1
8398,717,,1
8399,1785,,1
8400,1786,,1
8401,1786,,1
8402,1785,,1
8403,1785,,1
8404,1785,,1
8405,1785,,1
8406,1785,,1
8407,1408,,1
8408,1787,,1
8409,1788,,1
8410,1337,,1
8411,1452,,1
8412,1339,,1
8413,1339,,1
8414,1789,,1
8415,74,,1
8416,1791,,1
8417,74,,1
8418,1568,,1
8419,1793,,1
8420,1537,,1
8421,1794,,1
8422,1795,,1
8423,1786,,1
8424,1796,,1
8425,1797,,1
8426,1798,,1
8427,1798,,1
8428,1798,,1
8429,1798,,1
8430,1798,,1
8431,1798,,1
8432,1798,,1
8433,1798,,1
8434,1798,,1
8435,1798,,1
8436,1798,,1
8437,1798,,1
8438,1798,,1
8439,1798,,1
8440,1799,,1
8441,1442,,1
8442,1800,,1
8443,525,,1
8444,1801,,1
8445,1657,,1
8446,1726,,1
8447,1726,,1
8448,1726,,1
8449,1726,,1
8450,1726,,1
8451,1726,,1
8452,1726,,1
8453,1726,,1
8454,1726,,1
8455,1726,,1
8456,1726,,1
8457,1726,,1
8458,1726,,1
8459,1802,,1
8460,1802,,1
8461,1802,,1
8462,1802,,1
8463,1802,,1
8464,1802,,1
8465,1802,,1
8466,1802,,1
8467,1802,,1
8468,1802,,1
8469,1802,,1
8470,1802,,1
8471,1803,,1
8472,1803,,1
8473,1804,,1
8474,1804,,1
8475,1805,,1
8476,1695,,1
8477,1695,,1
8478,1786,,1
8479,1786,,1
8480,1786,,1
8481,1806,,1
8482,1807,,1
8483,1418,,1
8484,1786,,1
8485,1808,,1
8486,1809,,1
8487,1691,,1
8488,1691,,1
8489,1691,,1
8490,1691,,1
8491,1691,,1
8492,1691,,1
8493,1810,,1
8494,1811,,1
8495,1812,,1
8496,1695,,1
8497,1813,,1
8498,1814,,1
8499,1815,,1
8500,1816,,1
8501,1817,,1
8502,769,,1
8503,1818,,1
8504,1819,,1
8505,1820,,1
8506,1820,,1
8507,1820,,1
8508,1820,,1
8509,1820,,1
8510,1820,,1
8511,1820,,1
8512,1820,,1
8513,1820,,1
8514,1820,,1
8515,1820,,1
8516,1820,,1
8517,1820,,1
8518,1821,,1
8519,1822,,1
8520,1823,,1
8521,1823,,1
8522,1824,,1
8523,1683,,1
8524,1825,,1
8525,1826,,1
8526,1827,,1
8527,1828,,1
8528,1695,,1
8529,1695,,1
8530,1695,,1
8531,1695,,1
8532,1695,,1
8533,1829,,1
8534,1830,,1
8535,1831,,1
8536,259,,1
8537,259,,1
8538,259,,1
8539,259,,1
8540,104,,1
8541,171,,1
8542,171,,1
8543,171,,1
8544,171,,1
8545,171,,1
8546,99,,1
8547,99,,1
8548,99,,1
8549,99,,1
8550,99,,1
8551,99,,1
8552,99,,1
8553,1293,,1
8554,1293,,1
8555,1832,,1
8556,626,,1
8557,1293,,1
8558,1293,,1
8559,868,,1
8560,1833,,1
8561,868,,1
8562,1834,,1
8563,1835,,1
8564,1835,,1
8565,1835,,1
8566,1835,,1
8567,1835,,1
8568,1835,,1
8569,1835,,1
8570,1835,,1
8571,1835,,1
8572,1835,,1
8573,1835,,1
8574,1835,,1
8575,1835,,1
8576,1835,,1
8577,1835,,1
8578,1835,,1
8579,1836,,1
8580,1837,,1
8581,1837,,1
8582,1837,,1
8583,1837,,1
8584,1837,,1
8585,1837,,1
8586,1837,,1
8587,1837,,1
8588,1837,,1
8589,1830,,1
8590,1830,,1
8591,1830,,1
8592,1838,,1
8593,1838,,1
8594,1839,,1
8595,1830,,1
8596,1310,,1
8597,1821,,1
8598,1830,,1
8599,1451,,1
8600,1695,,1
8601,1840,,1
8602,1840,,1
8603,1841,,1
8604,1842,,1
8605,1705,,1
8606,1726,,1
8607,1843,,1
8608,1844,,1
8609,1695,,1
8610,1845,,1
8611,1845,,1
8612,1845,,1
8613,1845,,1
8614,1846,,1
8615,1847,,1
8616,1066,,1
8617,1848,,1
8618,1849,,1
8619,539,,1
8620,1338,,1
8621,1788,,1
8622,1789,,1
8623,1788,,1
8624,1850,,1
8625,1337,,1
8626,1851,,1
8627,1338,,1
8628,1337,,1
8629,1339,,1
8630,1851,,1
8631,1788,,1
8632,1337,,1
8633,1852,,1
8634,1853,,1
8635,1851,,1
8636,1854,,1
8637,1855,,1
8638,1667,,1
8639,1856,,1
8640,259,,1
8641,1857,,1
8642,1858,,1
8643,1687,,1
8644,1859,,1
8645,1861,,1
8646,1862,,1
8647,1537,,1
8648,1863,,1
8649,1864,,1
8650,1865,,1
8651,1866,,1
8652,1867,,1
8653,1868,,1
8654,1869,,1
8655,776,,1
8656,1870,,1
8657,1838,,1
8658,1838,,1
8659,1830,,1
8660,1694,,1
8661,1871,,1
8662,1873,,1
8663,1874,,1
8664,1875,,1
8665,1872,,1
8666,1873,,1
8667,1590,,1
8668,1590,,1
8669,55,,1
8670,1876,,1
8671,1877,,1
8672,1877,,1
8673,1877,,1
8674,1667,,1
8675,1878,,1
8676,1831,,1
8677,1880,,1
8678,643,,1
8679,1881,,1
8680,87,,1
8681,87,,1
8682,87,,1
8683,87,,1
8684,87,,1
8685,1854,,1
8686,1882,,1
8687,1764,,1
8688,1285,,1
8689,1883,,1
8690,1884,,1
8691,1885,,1
8692,1886,,1
8693,269,,1
8694,55,,1
8695,1687,,1
8696,1365,,1
8697,1800,,1
8698,1800,,1
8699,1887,,1
8700,1888,,1
8701,1889,,1
8702,1890,,1
8703,1837,,1
8704,1891,,1
8705,1066,,1
8706,1066,,1
8707,1066,,1
8708,1837,,1
8709,1837,,1
8710,1837,,1
8711,1837,,1
8712,1892,,1
8713,344,,1
8714,344,,1
8715,1893,,1
8716,1894,,1
8717,1895,,1
8718,1896,,1
8719,1897,,1
8720,1898,,1
8721,1899,,1
8722,1900,,1
8723,1901,,1
8724,1902,,1
8725,1903,,1
8726,1904,,1
8727,1905,,1
8728,1906,,1
8729,1907,,1
8730,638,,1
8731,1281,,1
8732,1896,,1
8733,1908,,1
8734,1908,,1
8735,1908,,1
8736,1908,,1
8737,1066,,1
8738,136,,1
8739,136,,1
8740,575,,1
8741,1909,,1
8742,1910,,1
8743,1911,,1
8744,1911,,1
8745,1911,,1
8746,1912,,1
8747,1911,,1
8748,1911,,1
8749,1913,,1
8750,1911,,1
8751,1911,,1
8752,1911,,1
8753,1911,,1
8754,1393,,1
8755,1393,,1
8756,1393,,1
8757,1393,,1
8758,1393,,1
8759,1389,,1
8760,1389,,1
8761,1389,,1
8762,1914,,1
8763,1914,,1
8764,1914,,1
8765,1915,,1
8766,1916,,1
8767,1393,,1
8768,1917,,1
8769,1918,,1
8770,1918,,1
8771,1918,,1
8772,1919,,1
8773,1920,,1
8774,1921,,1
8775,1919,,1
8776,1922,,1
8777,1919,,1
8778,1919,,1
8779,1918,,1
8780,1810,,1
8781,1923,,1
8782,1924,,1
8783,1925,,1
8784,1283,,1
8785,1926,,1
8786,1927,,1
8787,1928,,1
8788,1929,,1
8789,1930,,1
8790,1931,,1
8791,1911,,1
8792,1937,,1
8793,1932,,1
8794,1933,,1
8795,1934,,1
8796,1935,,1
8797,1936,,1
8798,1937,,1
8799,1937,,1
8800,1937,,1
8801,1937,,1
8802,1937,,1
8803,1838,,1
8804,1838,,1
8805,1838,,1
8806,1938,,1
8807,1938,,1
8808,1938,,1
8809,1938,,1
8810,1939,,1
8811,1939,,1
8812,1940,,1
8813,1941,,1
8814,1941,,1
8815,1941,,1
8816,1941,,1
8817,1941,,1
8818,1941,,1
8819,1941,,1
8820,1941,,1
8821,1941,,1
8822,1941,,1
8823,1941,,1
8824,1941,,1
8825,1821,,1
8826,1821,,1
8827,1822,,1
8828,1870,,1
8829,1942,,1
8830,1695,,1
8831,1943,,1
8832,1943,,1
8833,1944,,1
8834,1944,,1
8835,1945,,1
8836,1946,,1
8837,1947,,1
8838,1948,,1
8839,1949,,1
8840,1820,,1
8841,1608,,1
8842,1608,,1
8843,1608,,1
8844,1951,,1
8845,1951,,1
8846,1951,,1
8847,1952,,1
8848,1952,,1
8849,1952,,1
8850,1952,,1
8851,1952,,1
8852,1952,,1
8853,1952,,1
8854,1952,,1
8855,1951,,1
8856,1952,,1
8857,1952,,1
8858,1952,,1
8859,1952,,1
8860,1837,,1
8861,1557,,1
8862,1557,,1
8863,1557,,1
8864,1949,,1
8865,1557,,1
8866,1557,,1
8867,1557,,1
8868,1953,,1
8869,1953,,1
8870,1953,,1
8871,1953,,1
8872,1953,,1
8873,1953,,1
8874,1953,,1
8875,1953,,1
8876,1953,,1
8877,1953,,1
8878,1802,,1
8879,1838,,1
8880,1830,,1
8881,1830,,1
8882,1830,,1
8883,1830,,1
8884,1830,,1
8885,1954,,1
8886,1954,,1
8887,1954,,1
8888,1954,,1
8889,1955,,1
8890,262,,1
8891,220,,1
8892,220,,1
8893,220,,1
8894,220,,1
8895,220,,1
8896,1830,,1
8897,1695,,1
8898,1695,,1
8899,1695,,1
8900,220,,1
8901,220,,1
8902,1956,,1
8903,1957,,1
8904,1594,,1
8905,220,,1
8906,220,,1
8907,220,,1
8908,1958,,1
8909,1951,,1
8910,1951,,1
8911,1959,,1
8912,1959,,1
8913,1959,,1
8914,1952,,1
8915,1342,,1
8916,1342,,1
8917,1960,,1
8918,1695,,1
8919,1838,,1
8920,1319,,1
8921,1319,,1
8922,1679,,1
8923,1961,,1
8924,1962,,1
8925,1705,,1
8926,1705,,1
8927,1705,,1
8928,1591,,1
8929,1342,,1
8930,1342,,1
8931,1963,,1
8932,1831,,1
8933,1831,,1
8934,1831,,1
8935,1964,,1
8936,1965,,1
8937,1965,,1
8938,1965,,1
8939,1965,,1
8940,1965,,1
8941,1965,,1
8942,1965,,1
8943,1965,,1
8944,1966,,1
8945,1967,,1
8946,1968,,1
8947,1342,,1
8948,1969,,1
8949,1970,,1
8950,1342,,1
8951,1963,,1
8952,1963,,1
8953,1342,,1
8954,1342,,1
8955,1557,,1
8956,1557,,1
8957,1557,,1
8958,39,,1
8959,1971,,1
8960,1971,,1
8961,1971,,1
8962,1971,,1
8963,1409,,1
8964,1929,,1
8965,1348,,1
8966,314,,1
8967,314,,1
8968,314,,1
8969,314,,1
8970,314,,1
8971,314,,1
8972,314,,1
8973,314,,1
8974,314,,1
8975,129,,1
8976,886,,1
8977,260,,1
8978,1972,,1
8979,1972,,1
8980,1972,,1
8981,1972,,1
8982,1972,,1
8983,1972,,1
8984,1972,,1
8985,1972,,1
8986,1972,,1
8987,1972,,1
8988,1972,,1
8989,1972,,1
8990,1972,,1
8991,1972,,1
8992,1972,,1
8993,1972,,1
8994,1972,,1
8995,1972,,1
8996,486,,1
8997,1973,,1
8998,1972,,1
8999,1975,,1
9000,1976,,1
9001,1977,,1
9002,1978,,1
9003,1979,,1
9004,1980,,1
9005,1981,,1
9006,1982,,1
9007,1983,,1
9008,1984,,1
9009,1985,,1
9010,1985,,1
9011,1986,,1
9012,1987,,1
9013,1988,,1
9014,1989,,1
9015,1990,,1
9016,1991,,1
9017,1992,,1
9018,1993,,1
9019,1994,,1
9020,1995,,1
9021,1996,,1
9022,1997,,1
9023,1986,,1
9024,1998,,1
9025,1999,,1
9026,2000,,1
9027,2001,,1
9028,2002,,1
9029,1568,,1
9030,2003,,1
9031,732,,1
9032,1306,,1
9033,2004,,1
9034,2005,,1
9035,2006,,1
9036,1657,,1
9037,1657,,1
9038,1657,,1
9039,1657,,1
9040,1657,,1
9041,1308,,1
9042,1642,,1
9043,1319,,1
9044,2007,,1
9045,1683,,1
9046,2008,,1
9047,2009,,1
9048,1708,,1
9049,2010,,1
9050,2011,,1
9051,2012,,1
9052,1854,,1
9053,1568,,1
9054,1911,,1
9055,1911,,1
9056,2013,,1
9057,2014,,1
9058,2015,,1
9059,1771,,1
9060,2014,,1
9061,2016,,1
9062,1925,,1
9063,1925,,1
9064,2017,,1
9065,2016,,1
9066,942,,1
9067,942,,1
9068,942,,1
9069,942,,1
9070,942,,1
9071,942,,1
9072,942,,1
9073,942,,1
9074,942,,1
9075,942,,1
9076,942,,1
9077,942,,1
9078,942,,1
9079,2018,,1
9080,2021,,1
9081,2019,,1
9082,2020,,1
9083,263,,1
9084,263,,1
9085,263,,1
9086,263,,1
9087,263,,1
9088,263,,1
9089,263,,1
9090,263,,1
9091,263,,1
9092,263,,1
9093,2022,,1
9094,1300,,1
9095,1300,,1
9096,1300,,1
9097,1300,,1
9098,181,,1
9099,2023,,1
9100,402,,1
9101,2024,,1
9102,2025,,1
9103,2026,,1
9104,2027,,1
9105,2028,,1
9106,2028,,1
9107,2028,,1
9108,2028,,1
9109,2029,,1
9110,1716,,1
9111,1716,,1
9112,1716,,1
9113,1716,,1
9114,2030,,1
9115,2030,,1
9116,2030,,1
9117,2030,,1
9118,2031,,1
9119,2031,,1
9120,2031,,1
9121,2031,,1
9122,2031,,1
9123,2031,,1
9124,2031,,1
9125,2031,,1
9126,2031,,1
9127,2031,,1
9128,2031,,1
9129,2031,,1
9130,2031,,1
9131,94,,1
9132,94,,1
9133,143,,1
9134,143,,1
9135,2032,,1
9136,1823,,1
9137,1823,,1
9138,1823,,1
9139,1823,,1
9140,143,,1
9141,2031,,1
9142,2033,,1
9143,2034,,1
9144,2035,,1
9145,2036,,1
9146,2037,,1
9147,2038,,1
9148,2039,,1
9149,2040,,1
9150,2041,,1
9151,2042,,1
9152,2042,,1
9153,2043,,1
9154,2044,,1
9155,2045,,1
9156,2046,,1
9157,2364,,1
9158,2047,,1
9159,2048,,1
9160,2049,,1
9161,2050,,1
9162,2051,,1
9163,2582,,1
9164,1280,,1
9165,1280,,1
9166,2052,,1
9167,2053,,1
9168,2054,,1
9169,1948,,1
9170,2055,,1
9171,59,,1
9172,59,,1
9173,59,,1
9174,59,,1
9175,59,,1
9176,59,,1
9177,59,,1
9178,1951,,1
9179,1675,,1
9180,1675,,1
9181,1675,,1
9182,1675,,1
9183,2057,,1
9184,2058,,1
9185,2058,,1
9186,2058,,1
9187,2059,,1
9188,2060,,1
9189,2060,,1
9190,2060,,1
9191,2060,,1
9192,2060,,1
9193,2060,,1
9194,2061,,1
9195,1352,,1
9196,1352,,1
9197,2062,,1
9198,2063,,1
9199,2064,,1
9200,2065,,1
9201,2066,,1
9202,2067,,1
9203,2068,,1
9204,2069,,1
9205,2070,,1
9206,2071,,1
9207,1291,,1
9208,2072,,1
9209,2071,,1
9210,2071,,1
9211,2071,,1
9212,2071,,1
9213,2071,,1
9214,2071,,1
9215,1348,,1
9216,1348,,1
9217,1348,,1
9218,1821,,1
9219,1606,,1
9220,1352,,1
9221,1606,,1
9222,1606,,1
9223,1606,,1
9224,914,,1
9225,914,,1
9226,1606,,1
9227,2073,,1
9228,2074,,1
9229,2075,,1
9230,62,,1
9231,2076,,1
9232,2077,,1
9233,2078,,1
9234,740,,1
9235,749,,1
9236,1377,,1
9237,2079,,1
9238,2080,,1
9239,2081,,1
9240,2081,,1
9241,2081,,1
9242,2081,,1
9243,2081,,1
9244,2081,,1
9245,2081,,1
9246,2081,,1
9247,2081,,1
9248,2081,,1
9249,2081,,1
9250,2081,,1
9251,2081,,1
9252,2081,,1
9253,2082,,1
9254,2083,,1
9255,2084,,1
9256,2085,,1
9257,2086,,1
9258,2031,,1
9259,2031,,1
9260,2031,,1
9261,2087,,1
9262,2088,,1
9263,2089,,1
9264,2089,,1
9265,2089,,1
9266,2089,,1
9267,2089,,1
9268,2089,,1
9269,2089,,1
9270,2089,,1
9271,2089,,1
9272,2089,,1
9273,2089,,1
9274,1951,,1
9275,1951,,1
9276,1951,,1
9277,2089,,1
9278,2090,,1
9279,2091,,1
9280,2092,,1
9281,2093,,1
9282,2094,,1
9283,2095,,1
9284,2096,,1
9285,2097,,1
9286,2098,,1
9287,2099,,1
9288,2100,,1
9289,2101,,1
9290,1951,,1
9291,2102,,1
9292,2103,,1
9293,2047,,1
9294,2104,,1
9295,1606,,1
9296,1606,,1
9297,1606,,1
9298,1606,,1
9299,1606,,1
9300,1606,,1
9301,2105,,1
9302,1382,,1
9303,2106,,1
9304,2107,,1
9305,1414,,1
9306,2108,,1
9307,2066,,1
9308,2109,,1
9309,2109,,1
9310,2109,,1
9311,2109,,1
9312,2109,,1
9313,2110,,1
9314,2111,,1
9315,2111,,1
9316,2111,,1
9317,2111,,1
9318,2112,,1
9319,2112,,1
9320,2113,,1
9321,2114,,1
9322,1686,,1
9323,2115,,1
9324,93,,1
9325,23,,1
9326,1682,,1
9327,2073,,1
9328,2116,,1
9329,2117,,1
9330,2118,,1
9331,2119,,1
9332,2117,,1
9333,1270,,1
9334,2120,,1
9335,2121,,1
9336,2089,,1
9337,2111,,1
9338,1624,,1
9339,1624,,1
9340,1624,,1
9341,1820,,1
9342,2122,,1
9343,1911,,1
9344,1911,,1
9345,1912,,1
9346,2123,,1
9347,2123,,1
9348,2124,,1
9349,2014,,1
9350,2081,,1
9351,2081,,1
9352,1300,,1
9353,1300,,1
9354,1300,,1
9355,1300,,1
9356,2125,,1
9357,340,,1
9358,2126,,1
9359,340,,1
9360,2127,,1
9361,448,,1
9362,448,,1
9363,2128,,1
9364,2128,,1
9365,2128,,1
9366,2128,,1
9367,2128,,1
9368,293,,1
9369,2129,,1
9370,1628,,1
9371,269,,1
9372,269,,1
9373,269,,1
9374,126,,1
9375,126,,1
9376,126,,1
9377,126,,1
9378,126,,1
9379,126,,1
9380,478,,1
9381,120,,1
9382,120,,1
9383,120,,1
9384,120,,1
9385,120,,1
9386,120,,1
9387,120,,1
9388,120,,1
9389,120,,1
9390,120,,1
9391,120,,1
9392,120,,1
9393,1628,,1
9394,1628,,1
9395,1628,,1
9396,1628,,1
9397,1628,,1
9398,1628,,1
9399,2130,,1
9400,2131,,1
9401,320,,1
9402,2132,,1
9403,882,,1
9404,1889,,1
9405,1889,,1
9406,744,,1
9407,121,,1
9408,2133,,1
9409,2134,,1
9410,2134,,1
9411,2135,,1
9412,2136,,1
9413,2137,,1
9414,2138,,1
9415,363,,1
9416,363,,1
9417,2139,,1
9418,2139,,1
9419,2139,,1
9420,2139,,1
9421,2139,,1
9422,2139,,1
9423,2139,,1
9424,2139,,1
9425,2139,,1
9426,2139,,1
9427,2139,,1
9428,2139,,1
9429,2139,,1
9430,2139,,1
9431,2139,,1
9432,2139,,1
9433,2139,,1
9434,2140,,1
9435,2141,,1
9436,2142,,1
9437,2143,,1
9438,2144,,1
9439,2145,,1
9440,2146,,1
9441,2147,,1
9442,21,,1
9443,2148,,1
9444,1638,,1
9445,1638,,1
9446,2149,,1
9447,1876,,1
9448,1638,,1
9449,2150,,1
9450,2151,,1
9451,1336,,1
9452,2152,,1
9453,2153,,1
9454,2153,,1
9455,52,,1
9456,2154,,1
9457,2155,,1
9458,2156,,1
9459,2157,,1
9460,2159,,1
9461,2159,,1
9462,2159,,1
9463,2159,,1
9464,2158,,1
9465,2159,,1
9466,2159,,1
9467,2160,,1
9468,2161,,1
9469,2162,,1
9470,2159,,1
9471,2159,,1
9472,2163,,1
9473,2164,,1
9474,2166,,1
9475,2167,,1
9476,2168,,1
9477,2169,,1
9478,2170,,1
9479,2139,,1
9480,2139,,1
9481,2139,,1
9482,1786,,1
9483,2139,,1
9484,2139,,1
9485,2139,,1
9486,2139,,1
9487,2139,,1
9488,2139,,1
9489,2171,,1
9490,2172,,1
9491,2173,,1
9492,2174,,1
9493,2175,,1
9494,2176,,1
9495,2177,,1
9496,2177,,1
9497,2177,,1
9498,2177,,1
9499,2177,,1
9500,2139,,1
9501,1675,,1
9502,1675,,1
9503,1675,,1
9504,1675,,1
9505,2179,,1
9506,2180,,1
9507,2181,,1
9508,2182,,1
9509,2183,,1
9510,2184,,1
9511,2185,,1
9512,2186,,1
9513,2187,,1
9514,2188,,1
9515,2189,,1
9516,2190,,1
9517,2191,,1
9518,2192,,1
9519,2193,,1
9520,2194,,1
9521,2195,,1
9522,2196,,1
9523,2197,,1
9524,2198,,1
9525,2199,,1
9526,2200,,1
9527,2201,,1
9528,2202,,1
9529,2203,,1
9530,2204,,1
9531,2205,,1
9532,2206,,1
9533,2207,,1
9534,2208,,1
9535,2209,,1
9536,2201,,1
9537,2210,,1
9538,2211,,1
9539,2212,,1
9540,2213,,1
9541,2214,,1
9542,2215,,1
9543,2216,,1
9544,2217,,1
9545,2218,,1
9546,2219,,1
9547,2220,,1
9548,2221,,1
9549,2222,,1
9550,2223,,1
9551,2193,,1
9552,2224,,1
9553,2225,,1
9554,2226,,1
9555,2227,,1
9556,2228,,1
9557,2220,,1
9558,2229,,1
9559,2216,,1
9560,2217,,1
9561,2230,,1
9562,2231,,1
9563,2232,,1
9564,2233,,1
9565,2234,,1
9566,2235,,1
9567,2236,,1
9568,2237,,1
9569,2237,,1
9570,2237,,1
9571,2237,,1
9572,2237,,1
9573,2237,,1
9574,2237,,1
9575,2237,,1
9576,2237,,1
9577,2237,,1
9578,2237,,1
9579,2237,,1
9580,2237,,1
9581,2237,,1
9582,2237,,1
9583,2237,,1
9584,2238,,1
9585,2237,,1
9586,2237,,1
9587,2047,,1
9588,2047,,1
9589,2047,,1
9590,1272,,1
9591,1272,,1
9592,2239,,1
9593,2073,,1
9594,2118,,1
9595,2240,,1
9596,2241,,1
9597,2242,,1
9598,2243,,1
9599,2244,,1
9600,2245,,1
9601,2120,,1
9602,1606,,1
9603,2146,,1
9604,2106,,1
9605,2246,,1
9606,2247,,1
9607,2248,,1
9608,2249,,1
9609,2250,,1
9610,2251,,1
9611,2252,,1
9612,2253,,1
9613,2254,,1
9614,2254,,1
9615,2255,,1
9616,2256,,1
9617,2257,,1
9618,2255,,1
9619,2258,,1
9620,2259,,1
9621,1308,,1
9622,2254,,1
9623,1306,,1
9624,2260,,1
9625,1308,,1
9626,2254,,1
9627,2261,,1
9628,2254,,1
9629,1308,,1
9630,2262,,1
9631,2254,,1
9632,1306,,1
9633,2259,,1
9634,2263,,1
9635,2264,,1
9636,2266,,1
9637,2267,,1
9638,1692,,1
9639,1692,,1
9640,1317,,1
9641,1317,,1
9642,2268,,1
9643,2237,,1
9644,2269,,1
9645,2270,,1
9646,2271,,1
9647,2272,,1
9648,2273,,1
9649,2274,,1
9650,2275,,1
9651,2276,,1
9652,2277,,1
9653,2272,,1
9654,2278,,1
9655,2271,,1
9656,2272,,1
9657,2279,,1
9658,2279,,1
9659,2280,,1
9660,2280,,1
9661,2280,,1
9662,2280,,1
9663,2280,,1
9664,2280,,1
9665,2281,,1
9666,2272,,1
9667,2282,,1
9668,2283,,1
9669,1272,,1
9670,1272,,1
9671,2266,,1
9672,2266,,1
9673,2284,,1
9674,2285,,1
9675,2286,,1
9676,2287,,1
9677,2895,,1
9678,2288,,1
9679,2289,,1
9680,2290,,1
9681,2291,,1
9682,2292,,1
9683,2292,,1
9684,2293,,1
9685,2294,,1
9686,2295,,1
9687,2296,,1
9688,2296,,1
9689,2297,,1
9690,2298,,1
9691,2299,,1
9692,2300,,1
9693,2300,,1
9694,2301,,1
9695,2302,,1
9696,2303,,1
9697,2304,,1
9698,2303,,1
9699,2305,,1
9700,2306,,1
9701,2307,,1
9702,2308,,1
9703,2308,,1
9704,2308,,1
9705,2308,,1
9706,2308,,1
9707,2308,,1
9708,2308,,1
9709,2308,,1
9710,2309,,1
9711,2310,,1
9712,2311,,1
9713,2312,,1
9714,2313,,1
9715,2314,,1
9716,2315,,1
9717,2316,,1
9718,2317,,1
9719,2318,,1
9720,2319,,1
9721,2320,,1
9722,2316,,1
9723,2321,,1
9724,2322,,1
9725,2323,,1
9726,2324,,1
9727,2325,,1
9728,2326,,1
9729,2327,,1
9730,2328,,1
9731,2329,,1
9732,2330,,1
9733,2331,,1
9734,2332,,1
9735,2325,,1
9736,2333,,1
9737,2333,,1
9738,2333,,1
9739,2333,,1
9740,2333,,1
9741,2333,,1
9742,2333,,1
9743,2333,,1
9744,2333,,1
9745,2333,,1
9746,2333,,1
9747,2334,,1
9748,2335,,1
9749,2336,,1
9750,2280,,1
9751,2337,,1
9752,2282,,1
9753,1508,,1
9754,2338,,1
9755,2339,,1
9756,2316,,1
9757,2316,,1
9758,2340,,1
9759,2364,,1
9760,2341,,1
9761,2364,,1
9762,2342,,1
9763,2364,,1
9764,2364,,1
9765,2364,,1
9766,2364,,1
9767,2364,,1
9768,2343,,1
9769,2344,,1
9770,2345,,1
9771,2346,,1
9772,2347,,1
9773,2348,,1
9774,2349,,1
9775,2350,,1
9776,2350,,1
9777,2350,,1
9778,1272,,1
9779,1272,,1
9780,1272,,1
9781,2351,,1
9782,2352,,1
9783,2352,,1
9784,2352,,1
9785,2352,,1
9786,2352,,1
9787,2352,,1
9788,2352,,1
9789,2352,,1
9790,2352,,1
9791,2353,,1
9792,2354,,1
9793,2355,,1
9794,2356,,1
9795,2357,,1
9796,2358,,1
9797,2352,,1
9798,2359,,1
9799,2359,,1
9800,2359,,1
9801,2359,,1
9802,2360,,1
9803,2361,,1
9804,1280,,1
9805,1319,,1
9806,1319,,1
9807,1319,,1
9808,1283,,1
9809,2352,,1
9810,2352,,1
9811,2362,,1
9812,2362,,1
9813,2362,,1
9814,2362,,1
9815,2362,,1
9816,2362,,1
9817,2362,,1
9818,2362,,1
9819,2362,,1
9820,1283,,1
9821,1283,,1
9822,1283,,1
9823,1283,,1
9824,1283,,1
9825,1283,,1
9826,1283,,1
9827,1283,,1
9828,1283,,1
9829,1283,,1
9830,1283,,1
9831,1283,,1
9832,2047,,1
9833,1692,,1
9834,2047,,1
9835,2047,,1
9836,2047,,1
9837,2047,,1
9838,2047,,1
9839,2047,,1
9840,2047,,1
9841,2047,,1
9842,2047,,1
9843,2047,,1
9844,2363,,1
9845,2363,,1
9846,2363,,1
9847,2363,,1
9848,2363,,1
9849,2047,,1
9850,2364,,1
9851,2364,,1
9852,2365,,1
9853,2366,,1
9854,2367,,1
9855,2367,,1
9856,2367,,1
9857,2367,,1
9858,2367,,1
9859,2368,,1
9860,2368,,1
9861,2368,,1
9862,2368,,1
9863,2047,,1
9864,2047,,1
9865,2362,,1
9866,2362,,1
9867,2369,,1
9868,2369,,1
9869,2369,,1
9870,2370,,1
9871,2369,,1
9872,2352,,1
9873,2368,,1
9874,2371,,1
9875,2371,,1
9876,2371,,1
9877,2305,,1
9878,2368,,1
9879,2368,,1
9880,2368,,1
9881,2368,,1
9882,2368,,1
9883,2371,,1
9884,2372,,1
9885,2372,,1
9886,2373,,1
9887,2374,,1
9888,2375,,1
9889,2375,,1
9890,1845,,1
9891,2371,,1
9892,2363,,1
9893,2376,,1
9894,1522,,1
9895,1522,,1
9896,2367,,1
9897,2367,,1
9898,2367,,1
9899,2367,,1
9900,2367,,1
9901,2367,,1
9902,2367,,1
9903,2367,,1
9904,2367,,1
9905,2367,,1
9906,2367,,1
9907,2367,,1
9908,2367,,1
9909,2367,,1
9910,2367,,1
9911,1692,,1
9912,1692,,1
9913,1325,,1
9914,1325,,1
9915,1325,,1
9916,1325,,1
9917,2377,,1
9918,2378,,1
9919,1314,,1
9920,1314,,1
9921,2379,,1
9922,2379,,1
9923,2379,,1
9924,2379,,1
9925,2379,,1
9926,2380,,1
9927,2381,,1
9928,2380,,1
9929,2382,,1
9930,2380,,1
9931,2383,,1
9932,2383,,1
9933,2383,,1
9934,2383,,1
9935,2384,,1
9936,1413,,1
9937,2385,,1
9938,2386,,1
9939,2387,,1
9940,2388,,1
9941,2066,,1
9942,1744,,1
9943,1948,,1
9944,2241,,1
9945,2389,,1
9946,2390,,1
9947,2391,,1
9948,2351,,1
9949,2392,,1
9950,2266,,1
9951,1948,,1
9952,2393,,1
9953,2394,,1
9954,1948,,1
9955,2266,,1
9956,2395,,1
9957,1289,,1
9958,1579,,1
9959,2108,,1
9960,2396,,1
9961,2397,,1
9962,2398,,1
9963,2398,,1
9964,2398,,1
9965,2398,,1
9966,2399,,1
9967,2399,,1
9968,2399,,1
9969,2399,,1
9970,2399,,1
9971,2400,,1
9972,2117,,1
9973,2336,,1
9974,2401,,1
9975,2402,,1
9976,2142,,1
9977,2336,,1
9978,2403,,1
9979,2404,,1
9980,2405,,1
9981,2405,,1
9982,2405,,1
9983,2406,,1
9984,2407,,1
9985,2408,,1
9986,2409,,1
9987,2410,,1
9988,2411,,1
9989,1453,,1
9990,2412,,1
9991,2412,,1
9992,2412,,1
9993,2412,,1
9994,2412,,1
9995,2412,,1
9996,2412,,1
9997,2412,,1
9998,2413,,1
9999,2413,,1
10000,2413,,1
10001,2413,,1
10002,2413,,1
10003,2413,,1
10004,2413,,1
10005,1453,,1
10006,2413,,1
10007,2414,,1
10008,2414,,1
10009,2414,,1
10010,2415,,1
10011,2412,,1
10012,2412,,1
10013,2381,,1
10014,2412,,1
10015,2416,,1
10016,2417,,1
10017,1453,,1
10018,2412,,1
10019,2412,,1
10020,2363,,1
10021,1453,,1
10022,1453,,1
10023,1453,,1
10024,2418,,1
10025,2419,,1
10026,2420,,1
10027,2420,,1
10028,2421,,1
10029,2421,,1
10030,2421,,1
10031,1820,,1
10032,1820,,1
10033,2422,,1
10034,2422,,1
10035,2422,,1
10036,2422,,1
10037,2422,,1
10038,2422,,1
10039,2422,,1
10040,2422,,1
10041,2422,,1
10042,2422,,1
10043,2423,,1
10044,2399,,1
10045,2424,,1
10046,1313,,1
10047,2422,,1
10048,2422,,1
10049,2425,,1
10050,2425,,1
10051,1589,,1
10052,2423,,1
10053,2423,,1
10054,2423,,1
10055,2423,,1
10056,2423,,1
10057,2423,,1
10058,2423,,1
10059,2423,,1
10060,2383,,1
10061,2383,,1
10062,2383,,1
10063,2383,,1
10064,2383,,1
10065,2383,,1
10066,2425,,1
10067,2425,,1
10068,2425,,1
10069,2426,,1
10070,2426,,1
10071,2426,,1
10072,2426,,1
10073,2426,,1
10074,2426,,1
10075,2426,,1
10076,2426,,1
10077,2426,,1
10078,2426,,1
10079,2426,,1
10080,1830,,1
10081,1830,,1
10082,2426,,1
10083,2426,,1
10084,2426,,1
10085,2426,,1
10086,2426,,1
10087,2428,,1
10088,1319,,1
10089,2429,,1
10090,2429,,1
10091,2429,,1
10092,2429,,1
10093,2429,,1
10094,2429,,1
10095,2429,,1
10096,2429,,1
10097,2429,,1
10098,2429,,1
10099,2429,,1
10100,2429,,1
10101,2417,,1
10102,2014,,1
10103,2430,,1
10104,2431,,1
10105,2135,,1
10106,2426,,1
10107,2963,,1
10108,2432,,1
10109,2417,,1
10110,2417,,1
10111,46,,1
10112,2433,,1
10113,2433,,1
10114,2433,,1
10115,2434,,1
10116,2435,,1
10117,2436,,1
10118,2437,,1
10119,2438,,1
10120,2439,,1
10121,2440,,1
10122,2430,,1
10123,2430,,1
10124,2430,,1
10125,2433,,1
10126,2433,,1
10127,2433,,1
10128,2433,,1
10129,2433,,1
10130,2433,,1
10131,2433,,1
10132,2433,,1
10133,2433,,1
10134,2433,,1
10135,2433,,1
10136,2430,,1
10137,2430,,1
10138,2441,,1
10139,93,,1
10140,2443,,1
10141,2444,,1
10142,93,,1
10143,2441,,1
10144,2441,,1
10145,2441,,1
10146,2441,,1
10147,2441,,1
10148,2441,,1
10149,2441,,1
10150,2445,,1
10151,2445,,1
10152,2445,,1
10153,2445,,1
10154,2445,,1
10155,2445,,1
10156,2445,,1
10157,2445,,1
10158,2445,,1
10159,2445,,1
10160,2445,,1
10161,2445,,1
10162,2445,,1
10163,2445,,1
10164,2445,,1
10165,2445,,1
10166,2441,,1
10167,2443,,1
10168,2446,,1
10169,2441,,1
10170,2447,,1
10171,2448,,1
10172,2447,,1
10173,2447,,1
10174,2449,,1
10175,2441,,1
10176,2441,,1
10177,2441,,1
10178,2441,,1
10179,2441,,1
10180,2450,,1
10181,2451,,1
10182,2452,,1
10183,2453,,1
10184,2454,,1
10185,2451,,1
10186,2430,,1
10187,2455,,1
10188,2456,,1
10189,2430,,1
10190,2457,,1
10191,626,,1
10192,626,,1
10193,2458,,1
10194,2459,,1
10195,2450,,1
10196,2460,,1
10197,2461,,1
10198,2461,,1
10199,2462,,1
10200,2463,,1
10201,2464,,1
10202,2465,,1
10203,2466,,1
10204,2129,,1
10205,2129,,1
10206,2129,,1
10207,2129,,1
10208,2129,,1
10209,2129,,1
10210,1557,,1
10211,2467,,1
10212,2445,,1
10213,2445,,1
10214,2468,,1
10215,2469,,1
10216,2081,,1
10217,23,,1
10218,1557,,1
10219,2470,,1
10220,2470,,1
10221,2470,,1
10222,2470,,1
10223,2470,,1
10224,2470,,1
10225,2470,,1
10226,2470,,1
10227,2470,,1
10228,1557,,1
10229,1557,,1
10230,2471,,1
10231,2472,,1
10232,2473,,1
10233,2474,,1
10234,2471,,1
10235,2471,,1
10236,2471,,1
10237,2471,,1
10238,2471,,1
10239,2471,,1
10240,2471,,1
10241,2471,,1
10242,2471,,1
10243,2471,,1
10244,2471,,1
10245,2475,,1
10246,2476,,1
10247,2445,,1
10248,2477,,1
10249,2477,,1
10250,1683,,1
10251,1683,,1
10252,1408,,1
10253,2137,,1
10254,201,,1
10255,1442,,1
10256,1589,,1
10257,1589,,1
10258,1589,,1
10259,2478,,1
10260,2479,,1
10261,193,,1
10262,2480,,1
10263,2423,,1
10264,2481,,1
10265,2483,,1
10266,518,,1
10267,518,,1
10268,518,,1
10269,530,,1
10270,193,,1
10271,751,,1
10272,2081,,1
10273,2484,,1
10274,2399,,1
10275,2485,,1
10276,2486,,1
10277,2487,,1
10278,2488,,1
10279,2488,,1
10280,2488,,1
10281,2488,,1
10282,2489,,1
10283,2490,,1
10284,970,,1
10285,970,,1
10286,1293,,1
10287,2491,,1
10288,270,,1
10289,270,,1
10290,97,,1
10291,2491,,1
10292,2490,,1
10293,622,,1
10294,1684,,1
10295,2492,,1
10296,2493,,1
10297,2494,,1
10298,2495,,1
10299,2496,,1
10300,2496,,1
10301,2497,,1
10302,1066,,1
10303,1542,,1
10304,2498,,1
10305,2498,,1
10306,2498,,1
10307,2498,,1
10308,65,,1
10309,2499,,1
10310,2436,,1
10311,2500,,1
10312,2502,,1
10313,2503,,1
10314,1638,,1
10315,2503,,1
10316,2503,,1
10317,2503,,1
10318,2503,,1
10319,2503,,1
10320,2503,,1
10321,2503,,1
10322,2503,,1
10323,2503,,1
10324,2503,,1
10325,681,,1
10326,681,,1
10327,681,,1
10328,681,,1
10329,2504,,1
10330,2504,,1
10331,2503,,1
10332,2503,,1
10333,85,,1
10334,85,,1
10335,85,,1
10336,85,,1
10337,85,,1
10338,2505,,1
10339,2505,,1
10340,2505,,1
10341,2505,,1
10342,2505,,1
10343,85,,1
10344,2506,,1
10345,2128,,1
10346,2507,,1
10347,2508,,1
10348,2509,,1
10349,2511,,1
10350,2512,,1
10351,2513,,1
10352,2514,,1
10353,2515,,1
10354,2433,,1
10355,2517,,1
10356,2518,,1
10357,2519,,1
10358,2028,,1
10359,2520,,1
10360,2521,,1
10361,2522,,1
10362,2523,,1
10363,2524,,1
10364,2522,,1
10365,2525,,1
10366,2526,,1
10367,795,,1
10368,795,,1
10369,2528,,1
10370,2529,,1
10371,363,,1
10372,2531,,1
10373,2522,,1
10374,2028,,1
10375,2532,,1
10376,2533,,1
10377,2534,,1
10378,2535,,1
10379,2536,,1
10380,132,,1
10381,2537,,1
10382,2537,,1
10383,2538,,1
10384,2538,,1
10385,1808,,1
10386,1808,,1
10387,1808,,1
10388,1808,,1
10389,1808,,1
10390,1808,,1
10391,1808,,1
10392,1808,,1
10393,1808,,1
10394,1808,,1
10395,1808,,1
10396,1808,,1
10397,1808,,1
10398,1808,,1
10399,1808,,1
10400,2539,,1
10401,2540,,1
10402,2177,,1
10403,2542,,1
10404,2543,,1
10405,2544,,1
10406,2542,,1
10407,2542,,1
10408,174,,1
10409,174,,1
10410,174,,1
10411,174,,1
10412,174,,1
10413,174,,1
10414,174,,1
10415,174,,1
10416,174,,1
10417,174,,1
10418,2545,,1
10419,2546,,1
10420,2546,,1
10421,2547,,1
10422,2548,,1
10423,2549,,1
10424,2550,,1
10425,174,,1
10426,2542,,1
10427,2551,,1
10428,2552,,1
10429,674,,1
10430,2553,,1
10431,2554,,1
10432,674,,1
10433,174,,1
10434,2555,,1
10435,2488,,1
10436,2488,,1
10437,2488,,1
10438,2488,,1
10439,795,,1
10440,940,,1
10441,940,,1
10442,940,,1
10443,940,,1
10444,1159,,1
10445,2556,,1
10446,2557,,1
10447,2558,,1
10448,2559,,1
10449,452,,1
10450,2560,,1
10451,1876,,1
10452,2149,,1
10453,2561,,1
10454,1066,,1
10455,1638,,1
10456,1638,,1
10457,1066,,1
10458,1066,,1
10459,1066,,1
10460,1066,,1
10461,1066,,1
10462,1066,,1
10463,1066,,1
10464,1066,,1
10465,2562,,1
10466,2562,,1
10467,2562,,1
10468,915,,1
10469,915,,1
10470,2563,,1
10471,1638,,1
10472,1638,,1
10473,1638,,1
10474,1638,,1
10475,1638,,1
10476,1638,,1
10477,1638,,1
10478,915,,1
10479,915,,1
10480,915,,1
10481,915,,1
10482,2558,,1
10483,2558,,1
10484,2558,,1
10485,2558,,1
10486,2558,,1
10487,2558,,1
10488,2558,,1
10489,2558,,1
10490,2558,,1
10491,1066,,1
10492,1066,,1
10493,1066,,1
10494,1066,,1
10495,1066,,1
10496,1066,,1
10497,1553,,1
10498,2441,,1
10499,1950,,1
10500,2565,,1
10501,2565,,1
10502,2565,,1
10503,2565,,1
10504,2565,,1
10505,2565,,1
10506,2565,,1
10507,2565,,1
10508,2565,,1
10509,2565,,1
10510,2565,,1
10511,2565,,1
10512,2565,,1
10513,1338,,1
10514,1338,,1
10515,1338,,1
10516,1338,,1
10517,1338,,1
10518,1338,,1
10519,1338,,1
10520,1338,,1
10521,1338,,1
10522,1339,,1
10523,1339,,1
10524,1339,,1
10525,1339,,1
10526,1339,,1
10527,1339,,1
10528,1339,,1
10529,1339,,1
10530,1339,,1
10531,1339,,1
10532,2566,,1
10533,1337,,1
10534,2562,,1
10535,1337,,1
10536,1337,,1
10537,1337,,1
10538,1620,,1
10539,117,,1
10540,1620,,1
10541,117,,1
10542,117,,1
10543,117,,1
10544,2555,,1
10545,2567,,1
10546,2568,,1
10547,2569,,1
10548,2570,,1
10549,1083,,1
10550,2571,,1
10551,2572,,1
10552,2572,,1
10553,2573,,1
10554,2574,,1
10555,1338,,1
10556,84,,1
10557,84,,1
10558,84,,1
10559,84,,1
10560,84,,1
10561,189,,1
10562,2575,,1
10563,2576,,1
10564,2582,,1
10565,2577,,1
10566,2578,,1
10567,2579,,1
10568,2580,,1
10569,2581,,1
10570,2582,,1
10571,2583,,1
10572,2584,,1
10573,2585,,1
10574,2591,,1
10575,2586,,1
10576,2587,,1
10577,2588,,1
10578,2589,,1
10579,2590,,1
10580,2591,,1
10581,1272,,1
10582,1272,,1
10583,2592,,1
10584,2593,,1
10585,2594,,1
10586,2595,,1
10587,2596,,1
10588,2597,,1
10589,1629,,1
10590,1629,,1
10591,1629,,1
10592,2598,,1
10593,2599,,1
10594,2600,,1
10595,2600,,1
10596,2600,,1
10597,2601,,1
10598,2493,,1
10599,2602,,1
10600,2603,,1
10601,2604,,1
10602,2605,,1
10603,2606,,1
10604,2607,,1
10605,2608,,1
10606,1641,,1
10607,1641,,1
10608,1641,,1
10609,1641,,1
10610,530,,1
10611,2448,,1
10612,2609,,1
10613,2610,,1
10614,2603,,1
10615,2611,,1
10616,2612,,1
10617,2613,,1
10618,368,,1
10619,462,,1
10620,462,,1
10621,462,,1
10622,462,,1
10623,2614,,1
10624,2615,,1
10625,2616,,1
10626,2617,,1
10627,2618,,1
10628,2619,,1
10629,2620,,1
10630,2620,,1
10631,2620,,1
10632,2620,,1
10633,2620,,1
10634,1272,,1
10635,1272,,1
10636,2621,,1
10637,2621,,1
10638,2117,,1
10639,2622,,1
10640,2623,,1
10641,2117,,1
10642,2621,,1
10643,2621,,1
10644,2621,,1
10645,1272,,1
10646,2053,,1
10647,2053,,1
10648,2624,,1
10649,2625,,1
10650,2626,,1
10651,1814,,1
10652,1814,,1
10653,2627,,1
10654,2628,,1
10655,2629,,1
10656,2628,,1
10657,2628,,1
10658,2628,,1
10659,2628,,1
10660,2630,,1
10661,2631,,1
10662,2493,,1
10663,1901,,1
10664,2627,,1
10665,2627,,1
10666,2627,,1
10667,2632,,1
10668,2627,,1
10669,2629,,1
10670,2633,,1
10671,2634,,1
10672,2629,,1
10673,2627,,1
10674,2629,,1
10675,2635,,1
10676,2636,,1
10677,2637,,1
10678,2638,,1
10679,2639,,1
10680,2640,,1
10681,2641,,1
10682,2637,,1
10683,2642,,1
10684,2643,,1
10685,2644,,1
10686,1205,,1
10687,2645,,1
10688,2646,,1
10689,2647,,1
10690,2648,,1
10691,22,,1
10692,22,,1
10693,22,,1
10694,941,,1
10695,1903,,1
10696,173,,1
10697,1247,,1
10698,1247,,1
10699,116,,1
10700,78,,1
10701,116,,1
10702,116,,1
10703,219,,1
10704,116,,1
10705,1409,,1
10706,2629,,1
10707,2629,,1
10708,39,,1
10709,2650,,1
10710,2651,,1
10711,2652,,1
10712,2652,,1
10713,2652,,1
10714,255,,1
10715,2652,,1
10716,2653,,1
10717,78,,1
10718,2485,,1
10719,2654,,1
10720,146,,1
10721,130,,1
10722,130,,1
10723,78,,1
10724,1705,,1
10725,1705,,1
10726,1705,,1
10727,1705,,1
10728,1705,,1
10729,1705,,1
10730,2652,,1
10731,2652,,1
10732,2652,,1
10733,2656,,1
10734,2657,,1
10735,2658,,1
10736,1647,,1
10737,2659,,1
10738,2660,,1
10739,2661,,1
10740,2662,,1
10741,28,,1
10742,28,,1
10743,28,,1
10744,28,,1
10745,28,,1
10746,28,,1
10747,28,,1
10748,28,,1
10749,28,,1
10750,28,,1
10751,28,,1
10752,28,,1
10753,2663,,1
10754,2663,,1
10755,2663,,1
10756,2663,,1
10757,2663,,1
10758,2664,,1
10759,734,,1
10760,734,,1
10761,2663,,1
10762,2663,,1
10763,28,,1
10764,28,,1
10765,28,,1
10766,28,,1
10767,2666,,1
10768,2445,,1
10769,2663,,1
10770,2652,,1
10771,2652,,1
10772,2652,,1
10773,2652,,1
10774,2652,,1
10775,196,,1
10776,196,,1
10777,196,,1
10778,2663,,1
10779,2663,,1
10780,2663,,1
10781,196,,1
10782,196,,1
10783,196,,1
10784,196,,1
10785,196,,1
10786,196,,1
10787,196,,1
10788,196,,1
10789,254,,1
10790,254,,1
10791,2667,,1
10792,1319,,1
10793,1193,,1
10794,2668,,1
10795,2668,,1
10796,2668,,1
10797,38,,1
10798,38,,1
10799,38,,1
10800,38,,1
10801,38,,1
10802,38,,1
10803,38,,1
10804,38,,1
10805,38,,1
10806,38,,1
10807,38,,1
10808,38,,1
10809,38,,1
10810,38,,1
10811,2669,,1
10812,38,,1
10813,2670,,1
10814,2671,,1
10815,2672,,1
10816,2673,,1
10817,2675,,1
10818,1821,,1
10819,1929,,1
10820,1329,,1
10821,2676,,1
10822,2677,,1
10823,2679,,1
10824,1319,,1
10825,146,,1
10826,263,,1
10827,145,,1
10828,145,,1
10829,820,,1
10830,820,,1
10831,902,,1
10832,428,,1
10833,428,,1
10834,428,,1
10835,428,,1
10836,2681,,1
10837,2130,,1
10838,101,,1
10839,101,,1
10840,941,,1
10841,2682,,1
10842,2683,,1
10843,1319,,1
10844,1319,,1
10845,1319,,1
10846,2654,,1
10847,2654,,1
10848,83,,1
10849,2430,,1
10850,2430,,1
10851,2684,,1
10852,1683,,1
10853,1683,,1
10854,1683,,1
10855,2686,,1
10856,2687,,1
10857,2686,,1
10858,2686,,1
10859,2687,,1
10860,2686,,1
10861,2688,,1
10862,2686,,1
10863,2688,,1
10864,2687,,1
10865,2689,,1
10866,2689,,1
10867,2690,,1
10868,2047,,1
10869,2047,,1
10870,2658,,1
10871,2658,,1
10872,2658,,1
10873,2658,,1
10874,2658,,1
10875,2658,,1
10876,2658,,1
10877,2658,,1
10878,2658,,1
10879,2658,,1
10880,2658,,1
10881,2658,,1
10882,2123,,1
10883,2691,,1
10884,2691,,1
10885,1952,,1
10886,1952,,1
10887,1952,,1
10888,194,,1
10889,194,,1
10890,194,,1
10891,194,,1
10892,194,,1
10893,194,,1
10894,194,,1
10895,194,,1
10896,194,,1
10897,194,,1
10898,194,,1
10899,2692,,1
10900,2692,,1
10901,2693,,1
10902,2693,,1
10903,267,,1
10904,298,,1
10905,298,,1
10906,298,,1
10907,298,,1
10908,2694,,1
10909,2694,,1
10910,2694,,1
10911,2694,,1
10912,2694,,1
10913,2694,,1
10914,2694,,1
10915,2694,,1
10916,2694,,1
10917,2694,,1
10918,2694,,1
10919,2695,,1
10920,1956,,1
10921,2695,,1
10922,1387,,1
10923,2695,,1
10924,2696,,1
10925,2697,,1
10926,2698,,1
10927,2699,,1
10928,637,,1
10929,637,,1
10930,637,,1
10931,637,,1
10932,637,,1
10933,2700,,1
10934,2700,,1
10935,2700,,1
10936,2700,,1
10937,2700,,1
10938,2700,,1
10939,2700,,1
10940,2700,,1
10941,2700,,1
10942,2700,,1
10943,2700,,1
10944,637,,1
10945,2701,,1
10946,2700,,1
10947,2700,,1
10948,2700,,1
10949,637,,1
10950,1873,,1
10951,2702,,1
10952,1786,,1
10953,1786,,1
10954,1786,,1
10955,1786,,1
10956,1786,,1
10957,1786,,1
10958,1786,,1
10959,2703,,1
10960,2703,,1
10961,2703,,1
10962,324,,1
10963,2704,,1
10964,2704,,1
10965,2705,,1
10966,457,,1
10967,2706,,1
10968,2707,,1
10969,2708,,1
10970,361,,1
10971,1954,,1
10972,1954,,1
10973,1954,,1
10974,1954,,1
10975,1954,,1
10976,1954,,1
10977,1954,,1
10978,1954,,1
10979,1954,,1
10980,2709,,1
10981,2710,,1
10982,353,,1
10983,353,,1
10984,353,,1
10985,353,,1
10986,353,,1
10987,353,,1
10988,353,,1
10989,353,,1
10990,353,,1
10991,353,,1
10992,353,,1
10993,353,,1
10994,319,,1
10995,319,,1
10996,319,,1
10997,368,,1
10998,368,,1
10999,368,,1
11000,368,,1
11001,368,,1
11002,1023,,1
11003,1023,,1
11004,2712,,1
11005,2713,,1
11006,2712,,1
11007,1418,,1
11008,1418,,1
11009,2714,,1
11010,721,,1
11011,721,,1
11012,721,,1
11013,721,,1
11014,1220,,1
11015,1220,,1
11016,1220,,1
11017,1220,,1
11018,1220,,1
11019,1220,,1
11020,1220,,1
11021,2715,,1
11022,2715,,1
11023,2715,,1
11024,2715,,1
11025,2715,,1
11026,2715,,1
11027,2715,,1
11028,2716,,1
11029,2717,,1
11030,2717,,1
11031,2717,,1
11032,2716,,1
11033,2717,,1
11034,2717,,1
11035,2717,,1
11036,2717,,1
11037,1563,,1
11038,1563,,1
11039,1563,,1
11040,1563,,1
11041,1563,,1
11042,1563,,1
11043,1563,,1
11044,1563,,1
11045,2718,,1
11046,2719,,1
11047,1406,,1
11048,1406,,1
11049,1406,,1
11050,1406,,1
11051,1406,,1
11052,1406,,1
11053,813,,1
11054,2720,,1
11055,1608,,1
11056,1608,,1
11057,1608,,1
11058,1608,,1
11059,1608,,1
11060,2709,,1
11061,2709,,1
11062,1608,,1
11063,1608,,1
11064,2720,,1
11065,2720,,1
11066,2720,,1
11067,2721,,1
11068,2721,,1
11069,2721,,1
11070,2721,,1
11071,2721,,1
11072,2721,,1
11073,2721,,1
11074,2721,,1
11075,2721,,1
11076,2721,,1
11077,2721,,1
11078,2721,,1
11079,2721,,1
11080,2709,,1
11081,7,,1
11082,7,,1
11083,7,,1
11084,7,,1
11085,7,,1
11086,2722,,1
11087,2723,,1
11088,2725,,1
11089,2726,,1
11090,2727,,1
11091,1347,,1
11092,1350,,1
11093,195,,1
11094,195,,1
11095,195,,1
11096,199,,1
11097,199,,1
11098,199,,1
11099,199,,1
11100,2728,,1
11101,2729,,1
11102,2730,,1
11103,2731,,1
11104,2732,,1
11105,2728,,1
11106,2733,,1
11107,2732,,1
11108,2734,,1
11109,2735,,1
11110,2736,,1
11111,2736,,1
11112,2737,,1
11113,2737,,1
11114,2737,,1
11115,2737,,1
11116,2737,,1
11117,195,,1
11118,195,,1
11119,2738,,1
11121,759,,1
11122,759,,1
11123,759,,1
11124,2739,,1
11125,2739,,1
11126,1950,,1
11127,1950,,1
11128,828,,1
11129,2740,,1
11130,2485,,1
11131,2485,,1
11132,2485,,1
11133,2485,,1
11134,2485,,1
11135,2485,,1
11136,2741,,1
11137,2723,,1
11138,2723,,1
11139,2723,,1
11140,1706,,1
11141,2742,,1
11142,2743,,1
11143,2744,,1
11144,2745,,1
11145,2746,,1
11146,2747,,1
11147,2748,,1
11148,2749,,1
11149,2750,,1
11150,2751,,1
11151,1935,,1
11152,2752,,1
11153,2753,,1
11154,2252,,1
11155,2754,,1
11156,2755,,1
11157,2756,,1
11158,2757,,1
11159,2356,,1
11160,2758,,1
11161,2759,,1
11162,2760,,1
11163,2761,,1
11164,2762,,1
11165,2763,,1
11166,2764,,1
11167,2765,,1
11168,2766,,1
11169,2767,,1
11170,2768,,1
11171,2532,,1
11172,2769,,1
11173,2770,,1
11174,2771,,1
11175,2772,,1
11176,2773,,1
11177,215,,1
11178,35,,1
11179,2774,,1
11180,2443,,1
11181,2443,,1
11182,2443,,1
11183,2443,,1
11184,7,,1
11185,2774,,1
11186,2774,,1
11187,2774,,1
11188,2443,,1
11189,2443,,1
11190,2443,,1
11191,2775,,1
11192,2776,,1
11193,160,,1
11194,2777,,1
11195,2778,,1
11196,2779,,1
11197,215,,1
11198,2780,,1
11199,2781,,1
11200,2782,,1
11201,2783,,1
11202,2784,,1
11203,2741,,1
11204,2785,,1
11205,2786,,1
11206,2787,,1
11207,2788,,1
11208,2789,,1
11209,1806,,1
11210,3145,,1
11211,1806,,1
11212,2790,,1
11213,1806,,1
11214,2443,,1
11215,2443,,1
11216,2443,,1
11217,2443,,1
11218,2443,,1
11219,2443,,1
11220,2443,,1
11221,2786,,1
11222,2786,,1
11223,2786,,1
11224,2791,,1
11225,2791,,1
11226,2791,,1
11227,2791,,1
11228,2791,,1
11229,2791,,1
11230,2791,,1
11231,2791,,1
11232,2791,,1
11233,2792,,1
11234,2794,,1
11235,2794,,1
11236,2794,,1
11237,2795,,1
11238,2271,,1
11239,2796,,1
11240,2796,,1
11241,2796,,1
11242,2796,,1
11243,2796,,1
11244,902,,1
11245,183,,1
11246,902,,1
11247,2796,,1
11248,2796,,1
11249,183,,1
11250,173,,1
11251,1247,,1
11252,1247,,1
11253,1247,,1
11254,1247,,1
11255,1247,,1
11256,1247,,1
11257,2797,,1
11258,2798,,1
11259,2791,,1
11260,2799,,1
11261,2800,,1
11262,2801,,1
11263,2802,,1
11264,2775,,1
11265,2723,,1
11266,2723,,1
11267,2723,,1
11268,2723,,1
11269,2803,,1
11270,2803,,1
11271,2803,,1
11272,2804,,1
11273,2805,,1
11274,2775,,1
11275,2775,,1
11276,2775,,1
11277,2775,,1
11278,2775,,1
11279,2775,,1
11280,2775,,1
11281,2775,,1
11282,259,,1
11283,259,,1
11284,259,,1
11285,2806,,1
11286,2807,,1
11287,2808,,1
11288,2808,,1
11289,2809,,1
11290,2810,,1
11291,2812,,1
11292,748,,1
11293,2176,,1
11294,2813,,1
11295,2814,,1
11296,1627,,1
11297,2814,,1
11298,2814,,1
11299,2814,,1
11300,2814,,1
11301,2814,,1
11302,3,,1
11303,3,,1
11304,3,,1
11305,3,,1
11306,3,,1
11307,3,,1
11308,3,,1
11309,2815,,1
11310,2815,,1
11311,2815,,1
11312,2815,,1
11313,2815,,1
11314,2815,,1
11315,2815,,1
11316,2815,,1
11317,2815,,1
11318,2815,,1
11319,2815,,1
11320,2815,,1
11321,1713,,1
11322,1713,,1
11323,1713,,1
11324,2816,,1
11325,2817,,1
11326,2816,,1
11327,2816,,1
11328,2816,,1
11329,2816,,1
11330,2816,,1
11331,2816,,1
11332,2816,,1
11333,2815,,1
11334,2815,,1
11335,2815,,1
11336,2815,,1
11337,2815,,1
11338,1713,,1
11339,2818,,1
11340,2819,,1
11341,2820,,1
11342,2517,,1
11343,2821,,1
11344,199,,1
11345,2822,,1
11346,2823,,1
11347,2822,,1
11348,2824,,1
11349,2562,,1
11350,2818,,1
11351,2562,,1
11352,2540,,1
11353,2540,,1
11354,2562,,1
11355,2825,,1
11356,2826,,1
11357,2827,,1
11358,2562,,1
11359,2818,,1
11360,2562,,1
11361,2818,,1
11362,2087,,1
11363,2489,,1
11364,1713,,1
11365,1713,,1
11366,1713,,1
11367,1713,,1
11368,1864,,1
11369,1763,,1
11370,2177,,1
11371,1634,,1
11372,2828,,1
11373,2566,,1
11374,2829,,1
11375,2829,,1
11376,2829,,1
11377,2829,,1
11378,1676,,1
11379,2830,,1
11380,2831,,1
11381,2832,,1
11382,2833,,1
11383,2178,,1
11384,2834,,1
11385,2835,,1
11386,2177,,1
11387,2177,,1
11388,200,,1
11389,2836,,1
11390,2836,,1
11391,2836,,1
11392,2836,,1
11393,2836,,1
11394,2836,,1
11395,2836,,1
11396,2836,,1
11397,2836,,1
11398,2836,,1
11399,2836,,1
11400,2836,,1
11401,2836,,1
11402,2836,,1
11403,2836,,1
11404,2836,,1
11405,2836,,1
11406,2836,,1
11407,2757,,1
11408,2836,,1
11409,2836,,1
11410,2836,,1
11411,2836,,1
11412,2837,,1
11413,1806,,1
11414,2838,,1
11415,2838,,1
11416,2836,,1
11417,2839,,1
11418,2836,,1
11419,2840,,1
11420,2841,,1
11421,2839,,1
11422,2839,,1
11423,2842,,1
11424,1193,,1
11425,1193,,1
11426,1193,,1
11427,1193,,1
11428,1193,,1
11429,2843,,1
11430,2844,,1
11431,2791,,1
11432,2844,,1
11433,2839,,1
11434,2839,,1
11435,2842,,1
11436,2842,,1
11437,2840,,1
11438,2845,,1
11439,1524,,1
11440,2842,,1
11441,2842,,1
11442,2846,,1
11443,2846,,1
11444,23,,1
11445,2671,,1
11446,2847,,1
11447,2849,,1
11448,3070,,1
11449,2850,,1
11450,2851,,1
11451,2852,,1
11452,2853,,1
11453,2825,,1
11454,2485,,1
11455,1409,,1
11456,2854,,1
11457,2604,,1
11458,2855,,1
11459,2844,,1
11460,2856,,1
11461,1409,,1
11462,2430,,1
11463,2857,,1
11464,523,,1
11465,2855,,1
11466,1799,,1
11467,523,,1
11468,523,,1
11469,2858,,1
11470,622,,1
11471,2601,,1
11472,2844,,1
11473,2855,,1
11474,1676,,1
11475,1676,,1
11476,2859,,1
11477,1854,,1
11478,2789,,1
11479,2789,,1
11480,1524,,1
11481,2789,,1
11482,2825,,1
11483,2860,,1
11484,21,,1
11485,2843,,1
11486,2855,,1
11487,2081,,1
11488,397,,1
11489,397,,1
11490,397,,1
11491,397,,1
11492,397,,1
11493,2861,,1
11494,2862,,1
11495,2861,,1
11496,2863,,1
11497,2720,,1
11498,2844,,1
11499,2844,,1
11500,2844,,1
11501,2844,,1
11502,1901,,1
11503,2864,,1
11504,2865,,1
11505,2866,,1
11506,2867,,1
11507,2868,,1
11508,735,,1
11509,2869,,1
11510,2870,,1
11511,2871,,1
11512,2872,,1
11513,2873,,1
11514,2874,,1
11515,2875,,1
11516,2876,,1
11517,2877,,1
11518,2868,,1
11519,2878,,1
11520,2880,,1
11521,2881,,1
11522,2882,,1
11523,2883,,1
11524,2884,,1
11525,2885,,1
11526,1013,,1
11527,2879,,1
11528,2886,,1
11529,2886,,1
11530,2886,,1
11531,2886,,1
11532,2886,,1
11533,2886,,1
11534,2886,,1
11535,1381,,1
11536,2081,,1
11537,2887,,1
11538,2888,,1
11539,2889,,1
11540,2890,,1
11541,2891,,1
11542,2892,,1
11543,2893,,1
11544,2305,,1
11545,2274,,1
11546,2894,,1
11547,2893,,1
11548,2895,,1
11549,2893,,1
11550,2896,,1
11551,2508,,1
11552,2892,,1
11553,2897,,1
11554,2898,,1
11555,2899,,1
11556,1915,,1
11557,1915,,1
11558,2900,,1
11559,1915,,1
11560,2901,,1
11561,2902,,1
11562,2903,,1
11563,2904,,1
11564,2905,,1
11565,2905,,1
11566,2906,,1
11567,1915,,1
11568,1915,,1
11569,1915,,1
11570,1914,,1
11571,1914,,1
11572,1914,,1
11573,1914,,1
11574,1914,,1
11575,2907,,1
11576,2908,,1
11577,2909,,1
11578,2910,,1
11579,2911,,1
11580,2912,,1
11581,2913,,1
11582,2914,,1
11583,2915,,1
11584,2911,,1
11585,2911,,1
11586,2916,,1
11587,2911,,1
11588,2917,,1
11589,2912,,1
11590,2912,,1
11591,2912,,1
11592,2912,,1
11593,2912,,1
11594,2912,,1
11595,2912,,1
11596,2912,,1
11597,2912,,1
11598,2912,,1
11599,2912,,1
11600,2919,,1
11601,2920,,1
11602,2921,,1
11603,2922,,1
11604,2923,,1
11605,2922,,1
11606,2924,,1
11607,2923,,1
11608,2922,,1
11609,2922,,1
11610,2922,,1
11611,2922,,1
11612,2922,,1
11613,1915,,1
11614,1914,,1
11615,1914,,1
11616,1914,,1
11617,2698,,1
11618,2698,,1
11619,2698,,1
11620,434,,1
11621,2698,,1
11622,2925,,1
11623,146,,1
11624,160,,1
11625,160,,1
11626,160,,1
11627,2698,,1
11628,2698,,1
11629,2698,,1
11630,2698,,1
11631,2698,,1
11632,2698,,1
11633,2698,,1
11634,2698,,1
11635,2698,,1
11636,2698,,1
11637,2698,,1
11638,2698,,1
11639,2698,,1
11640,2926,,1
11641,1319,,1
11642,1319,,1
11643,1319,,1
11644,1683,,1
11645,1683,,1
11646,23,,1
11647,1854,,1
11648,1854,,1
11649,2927,,1
11650,2855,,1
11651,2855,,1
11652,2855,,1
11653,2855,,1
11654,2928,,1
11655,1845,,1
11656,1845,,1
11657,1845,,1
11658,2081,,1
11659,1854,,1
11660,2929,,1
11661,2057,,1
11662,2930,,1
11663,33,,1
11666,41,,1
11667,41,,1
11668,41,,1
11669,19,,1
11670,1649,,1
11671,1649,,1
11672,1649,,1
11673,1649,,1
11674,1649,,1
11675,1649,,1
11676,33,,1
11677,1793,,1
11678,2931,,1
11679,2932,,1
11680,2933,,1
11681,436,,1
11682,436,,1
11683,2934,,1
11684,2934,,1
11685,2115,,1
11686,2115,,1
11687,2935,,1
11688,1973,,1
11689,2936,,1
11690,2937,,1
11691,717,,1
11692,19,,1
11693,717,,1
11694,717,,1
11695,1655,,1
11696,1655,,1
11697,2938,,1
11698,18,,1
11699,2939,,1
11700,13,,1
11701,18,,1
11664,41,,1
11702,2940,,1
11703,1605,,1
11704,1605,,1
11705,1683,,1
11706,1683,,1
11707,1683,,1
11708,2941,,1
11709,1802,,1
11710,1802,,1
11711,1802,,1
11712,2942,,1
11713,1667,,1
11714,2943,,1
11715,2944,,1
11716,2945,,1
11717,2946,,1
11718,1667,,1
11719,2942,,1
11720,2947,,1
11721,2948,,1
11722,2949,,1
11723,1953,,1
11724,1953,,1
11725,1953,,1
11726,1953,,1
11727,1953,,1
11728,1953,,1
11729,1953,,1
11730,1953,,1
11731,1953,,1
11732,1953,,1
11733,2950,,1
11734,2951,,1
11735,2952,,1
11736,2677,,1
11737,2953,,1
11738,2954,,1
11739,1731,,1
11740,1683,,1
11741,2955,,1
11742,2956,,1
11743,2957,,1
11744,1683,,1
11745,2838,,1
11746,2838,,1
11747,2838,,1
11748,2958,,1
11749,2959,,1
11750,1649,,1
11751,27,,1
11752,1716,,1
11753,2960,,1
11754,2961,,1
11755,2962,,1
11756,2963,,1
11757,2962,,1
11758,2962,,1
11759,2962,,1
11760,2962,,1
11761,2962,,1
11762,2962,,1
11763,2962,,1
11764,2962,,1
11765,2962,,1
11766,2962,,1
11767,2962,,1
11768,2962,,1
11769,2962,,1
11770,2962,,1
11771,2962,,1
11772,2962,,1
11773,2962,,1
11774,2962,,1
11775,2962,,1
11776,2962,,1
11777,2962,,1
11778,2964,,1
11783,2965,,1
11784,2965,,1
11785,2965,,1
11786,2965,,1
11787,2965,,1
11788,2965,,1
11789,2965,,1
11790,2965,,1
11791,2965,,1
11792,2965,,1
11793,2965,,1
11794,2923,,1
11795,2923,,1
11796,2923,,1
11797,2923,,1
11798,2966,,1
11799,2922,,1
11800,2922,,1
11801,2922,,1
11802,2922,,1
11803,2922,,1
11804,2924,,1
11805,2924,,1
11806,2924,,1
11807,2924,,1
11808,2924,,1
11809,2924,,1
11810,2924,,1
11811,2924,,1
11812,2924,,1
11813,2924,,1
11814,2924,,1
11815,2948,,1
11816,2967,,1
11817,2959,,1
11818,2474,,1
11819,2968,,1
11820,2969,,1
11821,2970,,1
11822,2832,,1
11823,2971,,1
11824,2829,,1
11825,2829,,1
11826,2829,,1
11827,2832,,1
11828,2832,,1
11829,2832,,1
11830,2832,,1
11831,2972,,1
11832,2973,,1
11833,1336,,1
11834,1336,,1
11835,1336,,1
11836,2974,,1
11837,915,,1
11838,915,,1
11839,915,,1
11840,915,,1
11841,2975,,1
11842,2976,,1
11843,2976,,1
11844,2976,,1
11845,2976,,1
11846,2976,,1
11847,2976,,1
11848,2976,,1
11849,2976,,1
11850,2976,,1
11851,2976,,1
11852,2976,,1
11853,2976,,1
11854,2976,,1
11855,2976,,1
11856,989,,1
11857,2977,,1
11858,2978,,1
11859,100,,1
11860,320,,1
11861,2979,,1
11862,2980,,1
11863,2593,,1
11864,2981,,1
11865,2280,,1
11866,2280,,1
11867,2280,,1
11868,2280,,1
11869,2982,,1
11870,2242,,1
11871,2983,,1
11872,2984,,1
11873,2985,,1
11874,2346,,1
11875,2986,,1
11876,2987,,1
11877,2988,,1
11878,2989,,1
11879,2990,,1
11880,2991,,1
11881,2992,,1
11882,2993,,1
11883,2994,,1
11884,516,,1
11885,2995,,1
11886,2996,,1
11781,2965,,1
11780,2965,,1
11779,2965,,1
11887,602,,1
11888,986,,1
11889,2997,,1
11890,1654,,1
11891,1654,,1
11892,1654,,1
11893,1654,,1
11894,1654,,1
11895,1654,,1
11896,1654,,1
11897,1654,,1
11898,2998,,1
11899,2999,,1
11900,2999,,1
11901,2999,,1
11902,2999,,1
11903,2999,,1
11904,1650,,1
11905,2115,,1
11906,3000,,1
11907,986,,1
11908,3001,,1
11909,831,,1
11910,203,,1
11911,203,,1
11912,203,,1
11913,3003,,1
11914,109,,1
11915,607,,1
11916,607,,1
11917,3004,,1
11918,3005,,1
11919,3006,,1
11920,3007,,1
11921,1227,,1
11922,3008,,1
11923,3008,,1
11924,3009,,1
11925,3010,,1
11926,3011,,1
11927,3011,,1
11928,3012,,1
11929,3013,,1
11930,3014,,1
11931,3015,,1
11932,3016,,1
11933,310,,1
11934,1691,,1
11935,1951,,1
11936,2485,,1
11937,2485,,1
11938,2485,,1
11939,2485,,1
11940,2485,,1
11941,2485,,1
11942,2485,,1
11943,2485,,1
11944,2485,,1
11945,2485,,1
11946,2485,,1
11947,2485,,1
11948,3018,,1
11949,3019,,1
11950,3020,,1
11951,3021,,1
11952,3022,,1
11953,3023,,1
11954,3024,,1
11955,3025,,1
11956,3026,,1
11957,3027,,1
11958,3028,,1
11959,3029,,1
11960,3030,,1
11961,3031,,1
11962,871,,1
11963,871,,1
11964,769,,1
11965,3032,,1
11966,3033,,1
11967,3034,,1
11968,3035,,1
11969,3036,,1
11970,3037,,1
11971,3038,,1
11972,3039,,1
11973,3040,,1
11974,3041,,1
11975,3042,,1
11976,3042,,1
11977,3043,,1
11978,1818,,1
11979,3044,,1
11980,3045,,1
11981,628,,1
11982,3046,,1
11983,381,,1
11984,3048,,1
11985,3049,,1
11986,2564,,1
11987,3050,,1
11988,3051,,1
11989,3052,,1
11990,2057,,1
11991,3053,,1
11992,3053,,1
11993,3054,,1
11994,3054,,1
11995,3054,,1
11996,3055,,1
11997,3056,,1
11998,3057,,1
11999,3058,,1
12000,3059,,1
12001,3060,,1
12002,2961,,1
12003,3061,,1
12004,3062,,1
12005,3063,,1
12006,2171,,1
12007,3064,,1
12008,1828,,1
12009,3065,,1
12010,3066,,1
12011,3067,,1
12012,33,,1
12013,33,,1
12014,33,,1
12015,1684,,1
12016,1684,,1
12017,3133,,1
12018,2363,,1
12019,2363,,1
12020,3068,,1
12021,3069,,1
12022,3070,,1
12023,2709,,1
12024,1213,,1
12025,1213,,1
12026,1213,,1
12027,1213,,1
12028,1213,,1
12029,1213,,1
12030,1213,,1
12031,1213,,1
12032,1213,,1
12033,1213,,1
12034,1213,,1
12035,1213,,1
12036,1213,,1
12037,1213,,1
12038,1213,,1
12039,1213,,1
12040,1213,,1
12041,3071,,1
12042,3071,,1
12043,3071,,1
12044,3071,,1
12045,3071,,1
12046,3071,,1
12047,3071,,1
12048,3071,,1
12049,3071,,1
12050,3071,,1
12051,3071,,1
12052,3071,,1
12053,637,,1
12055,31,,1
12056,31,,1
12057,31,,1
12058,31,,1
12059,2043,,1
12060,31,,1
12066,6,,1
12067,31,,1
12068,31,,1
12069,31,,1
12070,31,,1
12071,31,,1
12064,6,,1
12063,6,,1
12062,6,,1
12061,6,,1
12054,6,,1
12072,2129,,1
12073,2129,,1
12074,2129,,1
12075,2129,,1
12076,2129,,1
12077,2129,,1
12078,2129,,1
12080,37,,1
12081,37,,1
12082,37,,1
12083,37,,1
12084,37,,1
12085,37,,1
12086,37,,1
12087,37,,1
12088,37,,1
12089,1400,,1
12090,1400,,1
12091,3072,,1
12092,48,,1
12093,3073,,1
12094,37,,1
12095,3074,,1
12096,3075,,1
12097,3076,,1
12098,3077,,1
12099,3078,,1
12100,3079,,1
12101,3080,,1
12102,3081,,1
12103,3082,,1
12104,3082,,1
12105,3082,,1
12106,3082,,1
12107,3082,,1
12108,3082,,1
12109,3082,,1
12110,1222,,1
12111,1222,,1
12112,3083,,1
12113,3082,,1
12114,3084,,1
12115,3085,,1
12116,3086,,1
12117,3087,,1
12118,3082,,1
12119,3082,,1
12120,3088,,1
12121,3089,,1
12122,3089,,1
12123,3089,,1
12124,3089,,1
12125,3089,,1
12126,3089,,1
12127,3090,,1
12128,126,,1
12129,3091,,1
12130,3091,,1
12131,3091,,1
12132,3091,,1
12133,3092,,1
12134,3093,,1
12135,3094,,1
12136,3095,,1
12137,1153,,1
12138,2035,,1
12139,2031,,1
12140,2031,,1
12141,2047,,1
12142,2047,,1
12143,2047,,1
12144,2047,,1
12145,2047,,1
12146,2047,,1
12147,2047,,1
12148,2047,,1
12149,2047,,1
12150,2047,,1
12151,2047,,1
12152,1212,,1
12153,1212,,1
12154,1212,,1
12155,1212,,1
12156,3096,,1
12157,3097,,1
12158,3097,,1
12159,3098,,1
12160,3099,,1
12161,3100,,1
12162,1212,,1
12163,1212,,1
12171,42,,1
12172,42,,1
12177,3101,,1
12178,3102,,1
12179,3103,,1
12180,1948,,1
12181,3104,,1
12182,3105,,1
12183,1646,,1
12184,974,,1
12185,3107,,1
12186,3108,,1
12187,3109,,1
12188,1612,,1
12189,21,,1
12190,36,,1
12191,3110,,1
12192,3110,,1
12194,2825,,1
12195,1224,,1
12196,1864,,1
12197,3112,,1
12198,1713,,1
12199,1713,,1
12200,3113,,1
12201,3089,,1
12202,3089,,1
12203,3089,,1
12204,3089,,1
12205,3089,,1
12206,3089,,1
12207,3089,,1
12208,3089,,1
12209,2517,,1
12210,3114,,1
12211,1222,,1
12212,3115,,1
12213,23,,1
12214,1677,,1
12215,1222,,1
12216,3116,,1
12217,3117,,1
12218,3118,,1
12219,3119,,1
12221,116,,1
12222,3128,,1
12223,48,,1
12224,3122,,1
12225,3128,,1
12226,3128,,1
12228,2028,,1
12229,2028,,1
12230,2028,,1
12231,2028,,1
12232,2028,,1
12233,2028,,1
12234,2028,,1
12235,2028,,1
12236,2028,,1
12237,2028,,1
12238,1965,,1
12239,23,,1
12240,2474,,1
12241,3125,,1
12242,3126,,1
12243,3127,,1
12244,3128,,1
12245,3128,,1
12246,3129,,1
12247,3130,,1
12248,525,,1
12249,525,,1
12250,3131,,1
12251,3132,,1
12252,3133,,1
12253,3134,,1
12254,2789,,1
12255,3135,,1
12256,3140,,1
12193,1223,,1
12176,42,,1
12175,42,,1
12174,42,,1
12173,42,,1
12170,42,,1
12169,42,,1
12167,42,,1
12227,42,,1
12166,42,,1
12165,42,,1
12079,6,,1
12164,42,,1
12257,3145,,1
12258,3140,,1
12259,3147,,1
12260,3146,,1
12261,3149,,1
12262,3148,,1
12263,1223,,1
12264,1223,,1
12265,1223,,1
12266,1223,,1
12267,1223,,1
12268,48,,1
12269,3130,,1
12270,3150,,1
12271,3151,,1
12272,3139,,1
12273,3146,,1
12274,3148,,1
12275,3152,,1
12276,3153,,1
12277,3154,,1
12278,3156,,1
12279,3155,,1
12280,3157,,1
12281,3158,,1
12282,3159,,1
12283,3160,,1
12284,3161,,1
12285,3136,,1
12286,3162,,1
12287,2485,,1
12288,2819,,1
12289,2819,,1
12290,1968,,1
12291,3164,,1
12292,3165,,1
12293,1965,,1
12294,3166,,1
12295,3167,,1
12296,3168,,1
12298,3150,,1
12299,3150,,1
12300,3150,,1
12301,3150,,1
12302,3150,,1
12303,2028,,1
12304,3150,,1
12305,2028,,1
12306,3150,,1
12307,2028,,1
12308,3150,,1
12309,3170,,1
12310,3130,,1
12311,3130,,1
12312,150,,1
12313,3169,,1
12314,3169,,1
12315,3169,,1
12316,3162,,1
12317,3162,,1
12318,3162,,1
12319,3162,,1
12320,3162,,1
12321,3162,,1
12322,3162,,1
12323,3162,,1
12324,3169,,1
12325,3162,,1
12326,3169,,1
12327,3162,,1
12328,3169,,1
12329,3169,,1
12330,3169,,1
12333,3176,,1
12336,3179,,1
12337,3181,,1
12338,3181,,1
12339,3181,,1
12340,3181,,1
12341,3181,,1
12342,3181,,1
12343,3181,,1
12344,3181,,1
12345,3181,,1
12346,3181,,1
11782,2965,,1
12347,3181,,
12348,3181,,
12349,3181,,
12350,3181,,
12351,3181,,
12352,3181,,
12353,3181,,
12354,3181,,
12355,3181,,
12356,3181,,
12357,3181,,
12358,3181,,
12359,3181,,
12360,3181,,
12334,3177,,1
8159,1607,,1
12331,3172,,1
7801,3182,,
7214,3183,,
7796,1607,,1
12361,1607,,
8124,3184,,
8123,3184,,
7787,3184,,
7786,3184,,
7785,3184,,
7783,3184,,
7784,3184,,
334,16,,1
148,16,,1
12362,215,,
12363,215,,
6832,12,,1
6387,986,,1
12335,3178,,1
12332,3173,,1
12364,1223,,
12220,1223,,1
6090,43,,1
12365,150,,
11961,3174,,
12297,3169,,1
2630,3169,,
11665,41,,1
11120,41,,1
12366,42,,
12367,42,,
12168,42,,1
12065,6,,1
12241,3162,,
12242,3162,,
12243,3162,,
12244,3162,,
12245,3162,,
12246,3162,,
12247,3169,,
12368,3169,,
12249,3169,,
12250,3169,,
12251,3169,,
12369,3169,,
12370,3186,,
12371,3188,,
12372,3189,,
12373,3130,,
12374,3187,,
12375,3111,,
12376,2815,,
12377,3191,,