id,name,release_date,release_precision,image_url,last_fetched
1,untitled unmastered.,2016-03-04,day,https://i.scdn.co/image/ab67616d0000b2738c697f553a46006a5d8886b2,2025-08-25T15:45:46
3,Samurai,2024-06-28,day,https://i.scdn.co/image/ab67616d0000b273afd65b04748aff25b77071f4,2025-08-25T15:45:48
4,My Name Is My Name,2013-10-31,day,https://i.scdn.co/image/ab67616d0000b273861ecd2783b33bde98760364,2025-08-25T15:45:49
6,Let God Sort Em Out,2025-07-11,day,https://i.scdn.co/image/ab67616d0000b273ef854fe1d04279372a96f3d6,2025-08-25T15:45:50
7,GNX,2024-11-22,day,https://i.scdn.co/image/ab67616d0000b273d9985092cd88bffd97653b58,2025-08-25T15:45:51
8,I'm Up,2016-02-05,day,https://i.scdn.co/image/ab67616d0000b2739cd3a5bb6e2ad118c4a16460,2025-08-25T15:45:51
9,ALL-AMERIKKKAN BADA$$,2017-04-07,day,https://i.scdn.co/image/ab67616d0000b2733c7596dccb2aaca39e0cee3d,2025-08-25T15:45:52
10,1999,2012-06-12,day,https://i.scdn.co/image/ab67616d0000b273fcd3724fba954e6104e4530d,2025-08-25T15:45:52
11,2000,2022-07-22,day,https://i.scdn.co/image/ab67616d0000b273aacc3ddf3bfa01f4bd44cacc,2025-08-25T15:45:53
12,Slime Season 3,2016-03-25,day,https://i.scdn.co/image/ab67616d0000b273a875c3ec944b4f164ab5c350,2025-08-25T15:45:54
13,DC4,2016-10-28,day,https://i.scdn.co/image/ab67616d0000b2730a6f4e78a01fd779ebaace83,2025-08-25T15:45:55
14,Yung Rich Nation,2015-07-31,day,https://i.scdn.co/image/ab67616d0000b273e748816bc030ae86a975f3bb,2025-08-25T15:45:55
16,Barter 6,2015-04-16,day,https://i.scdn.co/image/ab67616d0000b27388053a98d0abb8ed3a02efe1,2025-08-25T15:45:57
17,Culture,2017-01-27,day,https://i.scdn.co/image/ab67616d0000b2736275aeac316378b0dd4f31fd,2025-08-25T15:45:57
18,Dreams Worth More Than Money,2015-06-29,day,https://i.scdn.co/image/ab67616d0000b273fd31cd96c4ba94c40532cc34,2025-08-25T15:45:58
19,Slime Language 2,2021-04-16,day,https://i.scdn.co/image/ab67616d0000b2737939ff11c32b23060cc22bb5,2025-08-25T15:45:58
20,Future Hndrxx Presents: The WIZRD,2019-01-18,day,https://i.scdn.co/image/ab67616d0000b273e111437ad4fd3f50c8461ec5,2025-08-25T15:45:59
21,So Much Fun,2019-08-16,day,https://i.scdn.co/image/ab67616d0000b2736fcd1b6e205d0d19d9efa0cc,2025-08-25T15:46:00
22,DAYS BEFORE RODEO,2014-08-18,day,https://i.scdn.co/image/ab67616d0000b2730fc93fe41791c5aa51ae9645,2025-08-25T15:46:00
23,More Life,2017-03-18,day,https://i.scdn.co/image/ab67616d0000b2734f0fd9dad63977146e685700,2025-08-25T15:46:01
24,"Rap Game, Vol. 2 (The Takeover) [Frank White Presents the Streets Headbangerz]",2014-01-01,year,https://i.scdn.co/image/ab67616d0000b2738324da21594babd6daae31a4,2025-08-25T15:46:02
25,So Much Fun (Deluxe),2019-12-20,day,https://i.scdn.co/image/ab67616d0000b273540db9d6bae7e57baecf8b49,2025-08-25T15:46:03
26,"We Run This, Vol. 13 (Mixed by Mr. E)",2016-01-08,day,https://i.scdn.co/image/ab67616d0000b273d8b56979e462322d8dbf2ede,2025-08-25T15:46:03
28,MIXTAPE PLUTO,2024-09-20,day,https://i.scdn.co/image/ab67616d0000b27376c5a1960013e9203bcd6cd5,2025-08-25T15:46:05
29,FWU,2025-06-27,day,https://i.scdn.co/image/ab67616d0000b273144b45267daf4ff4246f81cf,2025-08-25T15:46:05
30,WUNNA (Deluxe),2020-07-24,day,https://i.scdn.co/image/ab67616d0000b273e60ecd82c26836900c35714a,2025-08-25T15:46:06
31,JACKBOYS 2,2025-07-13,day,https://i.scdn.co/image/ab67616d0000b273b547c9858fee61547e6b0fd8,2025-08-25T15:46:07
32,Money On Money (feat. Future),2025-04-25,day,https://i.scdn.co/image/ab67616d0000b273f4f96a787e5dff3a03a4ac42,2025-08-25T15:46:08
33,Drip or Drown 2,2019-02-22,day,https://i.scdn.co/image/ab67616d0000b2732bc7a1fb98d177aa0c948bdc,2025-08-25T15:46:08
34,Slauson Boy 2,2017-12-10,day,https://i.scdn.co/image/ab67616d0000b273dbffe7c058602c34ccd27dca,2025-08-25T15:46:09
37,Lord Willin',2002-04-01,day,https://i.scdn.co/image/ab67616d0000b27395bf7f7dac7b61a95d47f07e,2025-08-25T15:46:11
38,3001: A Laced Odyssey,2023-09-15,day,https://i.scdn.co/image/ab67616d0000b2735815377ee65f1200d38d3098,2025-08-25T15:46:12
39,FATHER OF 4,2019-02-22,day,https://i.scdn.co/image/ab67616d0000b2737028679269dc6a5a29ce8f36,2025-08-25T15:46:13
40,Bodies,2025-06-20,day,https://i.scdn.co/image/ab67616d0000b27392fd8d03014dc27eb37e858b,2025-08-25T15:46:16
42,The Last Wun,2025-08-08,day,https://i.scdn.co/image/ab67616d0000b2737fd9dc3a93bd4fa2be8ed715,2025-08-25T15:46:17
43,Late Registration,2005-01-01,day,https://i.scdn.co/image/ab67616d0000b273d79ba8ad2be777bad0e9924b,2025-08-25T15:46:18
44,The Infamous - 25th Anniversary Expanded Edition,1995-04-25,day,https://i.scdn.co/image/ab67616d0000b273a2203fa0656cede30f879b97,2025-08-25T15:46:19
46,Black Hippy,2013-05-14,day,https://i.scdn.co/image/ab67616d0000b273ced2a84cbcee1071df99b813,2025-08-25T15:46:20
50,Get Rich Or Die Tryin'- The Original Motion Picture Soundtrack,2005-01-01,day,https://i.scdn.co/image/ab67616d0000b27369da799626c944aeef9b5e37,2025-08-25T15:46:23
51,Victory Lap,2018-02-16,day,https://i.scdn.co/image/ab67616d0000b273ac271e5d670e92c42bf99237,2025-08-25T15:46:23
52,The Massacre,2005-03-03,day,https://i.scdn.co/image/ab67616d0000b27391f7222996c531b981e7bb3d,2025-08-25T15:46:24
54,Project Baby 2: All Grown Up,2017-08-18,day,https://i.scdn.co/image/ab67616d0000b273583ce93dc89d84218f233ea7,2025-08-25T15:46:26
55,Get Rich Or Die Tryin',2003-02-06,day,https://i.scdn.co/image/ab67616d0000b273d843fabb75fef14010e30cae,2025-08-25T15:46:26
56,Window Shopper,2005-01-01,day,https://i.scdn.co/image/ab67616d0000b2734a3de788d0aecc7c9b06cfc8,2025-08-25T15:46:27
57,Curtis,2007-01-01,day,https://i.scdn.co/image/ab67616d0000b273c58f264d467b5c65b44820b2,2025-08-25T15:46:28
58,Rodeo,2015-09-04,day,https://i.scdn.co/image/ab67616d0000b2736cfd9a7353f98f5165ea6160,2025-08-25T15:46:29
59,a Gift & a Curse,2023-06-16,day,https://i.scdn.co/image/ab67616d0000b273017d5e26552345c4b1575b6c,2025-08-25T15:46:29
5,To Pimp A Butterfly,2015-03-16,day,https://i.scdn.co/image/ab67616d0000b273cdb645498cd3d8a2db4d05e1,2025-09-01T00:11:25.83252
15,Slime Language 2 (Deluxe),2021-04-16,day,https://i.scdn.co/image/ab67616d0000b273bbb071648c950e560ae95b76,2025-09-01T00:11:26.08223
27,Project E.T.,2016-10-13,day,https://i.scdn.co/image/ab67616d0000b2736c8ef06baca6e0eff747f1db,2025-09-01T00:11:26.312988
35,Slime Season 2,2024-12-25,day,https://i.scdn.co/image/ab67616d0000b273cf35efde1d0962624ac126ac,2025-09-01T00:11:26.542952
41,One of Wun,2024-05-10,day,https://i.scdn.co/image/ab67616d0000b273c67636f3021f5869095c0fc5,2025-09-01T00:11:26.758418
45,Hitler Wears Hermes 8: Side B,2021-09-24,day,https://i.scdn.co/image/ab67616d0000b27326279b9515b543980f285a64,2025-09-01T00:11:26.973274
47,"good kid, m.A.A.d city (Deluxe)",2012-10-22,day,https://i.scdn.co/image/ab67616d0000b27378de8b28de36a74afc0348b5,2025-09-01T00:11:27.206981
48,Hell Hath No Fury,2006-11-27,day,https://i.scdn.co/image/ab67616d0000b2731533f5dd895bb03556473485,2025-09-01T00:11:27.470046
49,Section.80,2011-07-02,day,https://i.scdn.co/image/ab67616d0000b273eddb2639b74ac6c202032ebe,2025-09-01T00:11:27.684772
53,Whut? Thee Album,1992-09-22,day,https://i.scdn.co/image/ab67616d0000b2733397cc60078359cce2ed2874,2025-09-01T00:11:27.907233
60,Go Off,2017-03-03,day,https://i.scdn.co/image/ab67616d0000b2737f1e6017102874f45e517ce1,2025-08-25T15:46:30
61,RUN-DMC (Expanded Edition),1984-03-27,day,https://i.scdn.co/image/ab67616d0000b2730c653d22500b21d83c6e2b82,2025-08-25T15:46:31
62,War Zone Revisited,2005-11-15,day,https://i.scdn.co/image/ab67616d0000b273801ce9b05b2dcb5f09ee466b,2025-08-25T15:46:34
64,Illmatic,1994-04-19,day,https://i.scdn.co/image/ab67616d0000b273045fc920ecf4f8094888ec26,2025-08-25T15:46:35
65,The Lost Tapes,2002-01-01,year,https://i.scdn.co/image/ab67616d0000b273267e806f40829db77ac0827b,2025-08-25T15:46:35
66,God's Son,2002-12-13,day,https://i.scdn.co/image/ab67616d0000b2730b3331c0bfce749049377d70,2025-08-25T15:46:36
67,Wave[s],2015-08-21,day,https://i.scdn.co/image/ab67616d0000b2737b516a1eb4125de739a9f63d,2025-08-25T15:46:38
69,JKYL+HYD,2016-03-11,day,https://i.scdn.co/image/ab67616d0000b2737d418596edf679770eaea311,2025-08-25T15:46:39
70,Gang Signs & Prayer,2017-02-24,day,https://i.scdn.co/image/ab67616d0000b2735d5e3052c47ff5a3e261195c,2025-08-25T15:46:40
71,Samantha,2017-01-27,day,https://i.scdn.co/image/ab67616d0000b27356e37206361a85c1bfb58b8e,2025-08-25T15:46:40
72,Thiago Silva,2016-05-13,day,https://i.scdn.co/image/ab67616d0000b273d62b2ae12715851c28bebaa4,2025-08-25T15:46:41
73,PARTYNEXTDOOR,2013-07-01,day,https://i.scdn.co/image/ab67616d0000b273090b1f9557a6d23c0817bd88,2025-08-25T15:46:42
75,Some Say I So I Say Light,2013-05-06,day,https://i.scdn.co/image/ab67616d0000b273c58fafd6423b3e2c767151a8,2025-08-25T15:46:43
79,If You're Reading This It's Too Late,2015-02-12,day,https://i.scdn.co/image/ab67616d0000b2732090f4f6cc406e6d3c306733,2025-08-25T15:46:46
80,Black And Brown,2010-09-14,day,https://i.scdn.co/image/ab67616d0000b273a7f75d34f06aa0947eafcb07,2025-08-25T15:46:47
81,If There's a Hell Below,2014-10-28,day,https://i.scdn.co/image/ab67616d0000b273139f85be1c5868dd2c56df39,2025-08-25T15:46:47
82,Black Hippy 2,,day,,
83,Blank Face LP,2016-07-08,day,https://i.scdn.co/image/ab67616d0000b27325475181eb4622ed295f9485,2025-08-25T15:46:48
86,blkjuptr,2016-06-03,day,https://i.scdn.co/image/ab67616d0000b2734bf34c01503ad2588ceb4d70,2025-08-25T15:46:50
87,The Water (S),2014-08-12,day,https://i.scdn.co/image/ab67616d0000b2730c5be09aec989ea56650f7b3,2025-08-25T15:46:50
88,Triple J Live at the Wireless - Splendour in the Grass 2018,2018-07-22,day,https://i.scdn.co/image/ab67616d0000b273d93b7f900d9a85157bb89de4,2025-08-25T15:46:51
89,Northern Lights,2016-01-11,day,https://i.scdn.co/image/ab67616d0000b273dd369e41d36180f15ca6d60f,2025-08-25T15:46:51
90,Befor Our Time,2015-01-20,day,https://i.scdn.co/image/ab67616d0000b2738a49ca7748ab9901ec049f30,2025-08-25T15:46:52
91,Smile Good,2016-10-21,day,https://i.scdn.co/image/ab67616d0000b2737cf6a4cb31d80f98f4c118cd,2025-08-25T15:46:53
93,The Sun's Tirade,2016-09-02,day,https://i.scdn.co/image/ab67616d0000b273ed5e0ac2ad3fd4932103bd19,2025-08-25T15:46:54
94,Cadillactica (Deluxe Version),2014-08-25,day,https://i.scdn.co/image/ab67616d0000b273ebcd2b8434d8d5652329368e,2025-08-25T15:46:54
95,Habits & Contradictions,2012-01-14,day,https://i.scdn.co/image/ab67616d0000b273b23f57d5419c6f775ee68e9f,2025-08-25T15:46:55
97,Disposable Arts,2005-02-15,day,https://i.scdn.co/image/ab67616d0000b273a5e0ecd5dcefdeffa41a9f08,2025-08-25T15:46:57
98,Malibu,2016-01-15,day,https://i.scdn.co/image/ab67616d0000b273f8e77075414234fd77fce32b,2025-08-25T15:46:57
99,Compton,2015-08-21,day,https://i.scdn.co/image/ab67616d0000b2732fc5548485c214ab53477a96,2025-08-25T15:46:58
100,Champion Sound,2003-01-01,year,https://i.scdn.co/image/ab67616d0000b273967aa4dc16ce84800b14a47f,2025-08-25T15:46:59
101,De La Soul is Dead,1991-05-14,day,https://i.scdn.co/image/ab67616d0000b273ee3e86f9a12e311701f5fcda,2025-08-25T15:47:00
102,GG MOOD! BUT HOW? Instrumentals,2013-05-23,day,https://i.scdn.co/image/ab67616d0000b27347aef92f4aa390cd05a8b17c,2025-08-25T15:47:00
104,Jesus Piece (Deluxe),2012-01-01,day,https://i.scdn.co/image/ab67616d0000b273a65779c8c92dff73f8189800,2025-08-25T15:47:02
105,The Documentary 2,2015-04-24,day,https://i.scdn.co/image/ab67616d0000b273059ee605d24e8232b8651d57,2025-08-25T15:47:03
106,R.A.P. Music,2012-05-15,day,https://i.scdn.co/image/ab67616d0000b273395afe547468f53ce908d819,2025-08-25T15:47:04
107,90059,2015-09-11,day,https://i.scdn.co/image/ab67616d0000b273793a0d50c1af74449ddfba7a,2025-08-25T15:47:05
108,PRhyme,2015-12-11,day,https://i.scdn.co/image/ab67616d0000b273ec316f7e4e757bd141aad39c,2025-08-25T15:47:05
109,Dare Iz A Darkside,1994-11-22,day,https://i.scdn.co/image/ab67616d0000b27391e6da65e19447b6ef311bf3,2025-08-25T15:47:06
110,Mastermind,2015-12-04,day,https://i.scdn.co/image/ab67616d0000b27315f2be72c3f3a08fb972ab04,2025-08-25T15:47:07
111,XXX (Deluxe Version),2012-03-13,day,https://i.scdn.co/image/ab67616d0000b273e4f4da605c525b2af3ea39ec,2025-08-25T15:47:07
112,The College Dropout,2004-02-10,day,https://i.scdn.co/image/ab67616d0000b27325b055377757b3cdd6f26b78,2025-08-25T15:47:08
113,Folded,2024-06-20,day,https://i.scdn.co/image/ab67616d0000b273a8e8636885248b7321ad54c7,2025-08-25T15:47:09
114,Run The Jewels,2013-06-26,day,https://i.scdn.co/image/ab67616d0000b27343c27e535cefe3f389fff437,2025-08-25T15:47:09
115,Run The Jewels 2,2014-10-27,day,https://i.scdn.co/image/ab67616d0000b2739742a327795c8c656d4c436d,2025-08-25T15:47:10
116,Acid Rap,2023-04-30,day,https://i.scdn.co/image/ab67616d0000b273cf2c85c09079470c6662eccf,2025-08-25T15:47:11
118,Nothing Was The Same (Deluxe),2013-01-01,day,https://i.scdn.co/image/ab67616d0000b273adfb5909ec66db5fbb4d06c8,2025-08-25T15:47:12
119,Sir Lucious Left Foot...The Son Of Chico Dusty (Deluxe),2010-01-01,day,https://i.scdn.co/image/ab67616d0000b273a7fa3f7d0efb5f4254370aaa,2025-08-25T15:47:12
68,Six Paths,2016-09-30,day,https://i.scdn.co/image/ab67616d0000b2734f4d0745255d7f7c91deae0b,2025-09-01T00:11:28.384997
74,Shedding Skin,2015-03-02,day,https://i.scdn.co/image/ab67616d0000b27380101a67ec83c72dc579ce99,2025-09-01T00:11:28.59576
77,Still up All Night,2016-08-05,day,https://i.scdn.co/image/ab67616d0000b273a94c7944953e21664c67f16c,2025-09-01T00:11:29.018738
78,Coloring Book,2016-05-27,day,https://i.scdn.co/image/ab67616d0000b273e71dd15fc5bdefd5bff70452,2025-09-01T00:11:29.22976
84,Blonde,2016-08-20,day,https://i.scdn.co/image/ab67616d0000b273c5649add07ed3720be9d5526,2025-09-01T00:11:29.619798
85,Summertime '06,2015-06-30,day,https://i.scdn.co/image/ab67616d0000b27386f51d101637fd4dc59fc32a,2025-09-01T00:11:29.889761
92,Fall in Love (feat. Ciscero),2016-08-26,day,https://i.scdn.co/image/ab67616d0000b273c34064d068ce3cb89ff1f16d,2025-09-01T00:11:30.12152
96,Black On Both Sides,1999-10-12,day,https://i.scdn.co/image/ab67616d0000b27389b56f56323925d57b38944d,2025-09-01T00:11:30.365505
103,The State vs. Radric Davis,2009-12-07,day,https://i.scdn.co/image/ab67616d0000b273f3735551bf70183bcd03ec7e,2025-09-01T00:11:30.618532
117,Imperial,2016-10-14,day,https://i.scdn.co/image/ab67616d0000b273166442984ba98f0a2dcaea5e,2025-09-01T00:11:30.879746
120,Wu-Tang Forever,1997-06-03,day,https://i.scdn.co/image/ab67616d0000b27377e8e20e0ac6182f94654a23,2025-08-25T15:47:13
121,Trap Muzik,2003-08-18,day,https://i.scdn.co/image/ab67616d0000b273590711d6c0104d86382f1b3e,2025-08-25T15:47:14
123,Beauty Behind The Madness,2015-08-28,day,https://i.scdn.co/image/ab67616d0000b2737fcead687e99583072cc217b,2025-08-25T15:47:15
124,Nocturnal,1996-01-01,day,https://i.scdn.co/image/ab67616d0000b273e45bbff322c1f90757fed935,2025-08-25T15:47:15
125,Epiphany (Expanded Edition),2007-06-05,day,https://i.scdn.co/image/ab67616d0000b273baf2f329d4feeb19761eddf4,2025-08-25T15:47:16
126,Reasonable Doubt,1996-06-25,day,https://i.scdn.co/image/ab67616d0000b273730dc61a14921f999a79eb92,2025-08-25T15:47:17
128,Late Orchestration,2006-01-01,day,https://i.scdn.co/image/ab67616d0000b2735f2235cb0deb07e74bf6a31d,2025-08-25T15:47:19
129,It's Dark And Hell Is Hot,1998-05-01,day,https://i.scdn.co/image/ab67616d0000b27311658b970e0518be491871df,2025-08-25T15:47:19
131,Piñata,2014-03-18,day,https://i.scdn.co/image/ab67616d0000b273d844f6b7311a69b9a08e7a0f,2025-08-25T15:47:21
132,Trap Lord,2013-08-19,day,https://i.scdn.co/image/ab67616d0000b273005ca921bdef6548d4f71b76,2025-08-25T15:47:22
133,Brown Sugar,1995-07-03,day,https://i.scdn.co/image/ab67616d0000b273f6465d4b8cdd34ed4d7853e2,2025-08-25T15:47:22
134,Kismet,,day,,
135,AT.LONG.LAST.A$AP,2015-05-26,day,https://i.scdn.co/image/ab67616d0000b27316b101f81a8284ec71048d91,2025-08-25T15:47:23
136,2001,1999-11-16,day,https://i.scdn.co/image/ab67616d0000b2739b19c107109de740bad72df5,2025-08-25T15:47:23
138,Progressively Funky,2009-03-30,day,https://i.scdn.co/image/ab67616d0000b273f44273b5ffd7d86517092704,2025-08-25T15:47:25
139,Al Green Is Love,1975-09-19,day,https://i.scdn.co/image/ab67616d0000b273460ed0062b39a4bcdc11296a,2025-08-25T15:47:25
140,Coming Home,2020-02-21,day,https://i.scdn.co/image/ab67616d0000b27309cc158b87b01da77258f961,2025-08-25T15:47:26
141,Spark Of Love (Expanded Edition),1978-06-18,day,https://i.scdn.co/image/ab67616d0000b273af62db0decf1d5db6e71da6d,2025-08-25T15:47:26
142,Born Sinner (Deluxe Version),2010-11-22,day,https://i.scdn.co/image/ab67616d0000b273d9194aa18fa4c9362b47464f,2025-08-25T15:47:27
143,K.R.I.T. Wuz Here,2020-05-29,day,https://i.scdn.co/image/ab67616d0000b2735fbffbe16de76124134ddd96,2025-08-25T15:47:28
144,Live From The Underground,2017-10-27,day,https://i.scdn.co/image/ab67616d0000b2733174edf56bcbe825f67287bb,2025-08-25T15:47:28
145,F.U.-Don't Take It Personal,1991-01-01,year,https://i.scdn.co/image/ab67616d0000b273ecc60b5b950e2297fb9a307c,2025-08-25T15:47:29
146,Monster,2014-10-28,day,https://i.scdn.co/image/ab67616d0000b273e2528d35865f3114cfe9a16e,2025-08-25T15:47:29
147,Trilogy,2012-11-13,day,https://i.scdn.co/image/ab67616d0000b273b298538481c52f7e217ed000,2025-08-25T15:47:30
148,EVOL,2016-04-13,day,https://i.scdn.co/image/ab67616d0000b273626745b3aa04899001a924ad,2025-08-25T15:47:31
149,In The Lonely Hour (Drowning Shadows Edition),2015-11-06,day,https://i.scdn.co/image/ab67616d0000b273fe5d69bf1aa9f9d88837cbb6,2025-08-25T15:47:32
150,.WAV Theory,2019-08-09,day,https://i.scdn.co/image/ab67616d0000b2738954c774b03c5cb8cbf9a115,2025-08-25T15:47:33
151,Rappa Ternt Sanga (Expanded Edition),2005-12-06,day,https://i.scdn.co/image/ab67616d0000b273dbaa4ff0c40e19d9c19ed760,2025-08-25T15:47:34
153,Only Built 4 Cuban Linx...,1995-01-01,year,https://i.scdn.co/image/ab67616d0000b27310f55f2af876cc662fc4ec12,2025-08-25T15:47:36
155,B4.DA.$$,2015-01-20,day,https://i.scdn.co/image/ab67616d0000b273c89991543fdf82ca7374bd7b,2025-08-25T15:47:37
156,Lupe Fiasco's Food & Liquor,2006-06-27,day,https://i.scdn.co/image/ab67616d0000b273a81ec0503c55850ad4687940,2025-08-25T15:47:38
158,ANTI (Deluxe),2016-01-28,day,https://i.scdn.co/image/ab67616d0000b27333c6b920eabcf4c00d7a1093,2025-08-25T15:47:39
159,Center of Attention,2012-01-10,day,https://i.scdn.co/image/ab67616d0000b273df689c19d158bdd1ea50b1d2,2025-08-25T15:47:40
160,Dark Comedy,2014-06-10,day,https://i.scdn.co/image/ab67616d0000b273068a9d4ccbf5edbdecadd709,2025-08-25T15:47:40
161,"- Ugh, those feels again",2013-08-16,day,https://i.scdn.co/image/ab67616d0000b27346f9bf1154c7205b0e8b1667,2025-08-25T15:47:41
163,Midnight Marauders,1993-11-09,day,https://i.scdn.co/image/ab67616d0000b273f306af1dae08f81f9d6f1f9f,2025-08-25T15:47:42
165,Event II,,day,,
166,SUCKER,2015-02-09,day,https://i.scdn.co/image/ab67616d0000b27379e8bc472031b01f90891a1a,2025-08-25T15:47:43
167,Get Rich Or Die Tryin' OST,,day,,
168,Metro Thuggin,,day,,
169,Full Clip: A Decade Of Gang Starr,1999-07-13,day,https://i.scdn.co/image/ab67616d0000b273adb5dbf4251255a00146d8eb,2025-08-25T15:47:45
170,The Pretty Toney Album,2004-04-20,day,https://i.scdn.co/image/ab67616d0000b2739c5801f0b27c5c68605501ce,2025-08-25T15:47:46
172,The Album About Nothing,2015-03-31,day,https://i.scdn.co/image/ab67616d0000b2739510ea130a19b0566021942c,2025-08-25T15:47:47
173,The Tipping Point,2004-07-13,day,https://i.scdn.co/image/ab67616d0000b2738b49e8cdfda2e629a5ca2717,2025-08-25T15:47:50
174,Hotel Paranoia,2016-02-03,day,https://i.scdn.co/image/ab67616d0000b2735865741a417c44d965beca91,2025-08-25T15:47:50
175,Tha Blue Carpet Treatment,2006-01-01,day,https://i.scdn.co/image/ab67616d0000b2735a62c25459ad69981d5d09ef,2025-08-25T15:47:51
176,Blasphemy,2014-10-27,day,https://i.scdn.co/image/ab67616d0000b2733257bc783fde89ca0e9ddd6e,2025-08-25T15:47:52
178,Cilvia Demo,2014-01-28,day,https://i.scdn.co/image/ab67616d0000b273986cd6b330f7405b17a604f4,2025-08-25T15:47:52
179,Ferg Forever,,day,,
180,Mr. Wonderful,2015-03-23,day,https://i.scdn.co/image/ab67616d0000b2730949c5a5ad8bec4bebacc47d,2025-08-25T15:47:53
425,"Lyricist Lounge, Vol. 2",,day,,
127,Vol. 3... Life And Times Of S. Carter,1999-12-28,day,https://i.scdn.co/image/ab67616d0000b273188099f301c32148ab07a557,2025-09-01T00:11:31.302049
130,56 Nights,2015-03-21,day,https://i.scdn.co/image/ab67616d0000b27354a5f3ff02e5b3c3e3bc75f3,2025-09-01T00:11:31.523309
137,SremmLife,2015-01-06,day,https://i.scdn.co/image/ab67616d0000b2734ca3fb4517ff722918877460,2025-09-01T00:11:31.917767
152,Cherry Bomb,2015-04-13,day,https://i.scdn.co/image/ab67616d0000b273e4bf0d3d9e0224a30ca5f665,2025-09-01T00:11:32.141096
157,My Krazy Life,2014-03-18,day,https://i.scdn.co/image/ab67616d0000b273d5e1093f3b6f0a59114a4905,2025-09-01T00:11:32.401564
181,Microphone Champion,2009-06-01,day,https://i.scdn.co/image/ab67616d0000b273b486c6e0d87d497199b5c127,2025-09-01T00:11:33.689043
171,The Documentary 2.5,2015-10-16,day,https://i.scdn.co/image/ab67616d0000b273b6b8c09b6ad33aa327832721,2025-09-01T23:31:43.127727
182,The Renaissance,2008-11-04,day,https://i.scdn.co/image/ab67616d0000b2738257e9f4a030a290f54e851b,2025-08-25T15:47:54
184,Marauding in Paradise,2015-04-15,day,https://i.scdn.co/image/ab67616d0000b273628170a1a2731337c08e7676,2025-08-25T15:47:55
185,Wildheart,2015-06-26,day,https://i.scdn.co/image/ab67616d0000b273b52b8bb89adb452a75a042af,2025-08-25T15:47:56
186,Man On The Moon: The End Of Day (Int'l Version),2009-01-01,day,https://i.scdn.co/image/ab67616d0000b27379f39680d0a747ccd91520ec,2025-08-25T15:47:56
187,Man On The Moon II: The Legend Of Mr. Rager,2010-11-09,day,https://i.scdn.co/image/ab67616d0000b27359e842b6a3566a141f27f815,2025-08-25T15:47:57
188,Yeezus,2013-06-18,day,https://i.scdn.co/image/ab67616d0000b2731dacfbc31cc873d132958af9,2025-08-25T15:47:58
189,channel ORANGE,2012-07-10,day,https://i.scdn.co/image/ab67616d0000b2737aede4855f6d0d738012e2e5,2025-08-25T15:47:59
190,Demon Days,2005-05-23,day,https://i.scdn.co/image/ab67616d0000b27319d85a472f328a6ed9b704cf,2025-08-25T15:48:00
191,Bitch Better Have My Money,2015-03-26,day,https://i.scdn.co/image/ab67616d0000b273c137319751a89295f921cce8,2025-08-25T15:48:01
193,Life Is Good,2012-07-17,day,https://i.scdn.co/image/ab67616d0000b273e04f6bcccc36782519254f30,2025-08-25T15:48:02
194,Purple Reign,2016-01-17,day,https://i.scdn.co/image/ab67616d0000b2738a66b2b14cd2bc612a7f38fa,2025-08-25T15:48:02
195,Friday Night Lights,2010-11-12,day,https://i.scdn.co/image/ab67616d0000b2738f36878a74d27b856d0c0117,2025-08-25T15:48:03
196,Finally Rich (Deluxe),2012-01-01,day,https://i.scdn.co/image/ab67616d0000b273a76616abf60ce17491e95891,2025-08-25T15:48:04
198,In The Lonely Hour,2014-05-26,day,https://i.scdn.co/image/ab67616d0000b273b11bdc91cb9ac6b14f5c1dae,2025-08-25T15:48:05
199,Lupe Fiasco's The Cool,2007-01-01,day,https://i.scdn.co/image/ab67616d0000b273c3244d303444a43b933b9bf4,2025-08-25T15:48:06
203,Konvicted (Complete Edition),2022-03-04,day,https://i.scdn.co/image/ab67616d0000b273b339bb65a381f7345296e0d0,2025-08-25T15:48:08
204,The Black Album,2003-11-14,day,https://i.scdn.co/image/ab67616d0000b273c528802c308a1e0e4d9945dd,2025-08-25T15:48:09
205,Can't Forget About You,2007-01-23,day,https://i.scdn.co/image/ab67616d0000b27310d209ae9f4cf0629696254b,2025-08-25T15:48:10
206,Revival (Deluxe),2015-10-09,day,https://i.scdn.co/image/ab67616d0000b2736bc7473df6c9d1fd90972e84,2025-08-25T15:48:10
210,Home Sweet Home,2005-06-17,day,https://i.scdn.co/image/ab67616d0000b273268f239039bf850e4dd5e4b7,2025-08-25T15:48:13
211,BORN LIKE THIS,2019-03-27,day,https://i.scdn.co/image/ab67616d0000b2738e3546bbdd4e06aa600bfe6f,2025-08-25T15:48:14
212,Season,,day,,
213,A Kid Named Cudi,2022-07-15,day,https://i.scdn.co/image/ab67616d0000b273cd4666c02c9749c71dabb8ea,2025-08-25T15:48:15
215,Slime Season,2024-12-25,day,https://i.scdn.co/image/ab67616d0000b27338941d80499697fb124a3a46,2025-08-25T15:48:16
217,Lonerism,2012-01-01,day,https://i.scdn.co/image/ab67616d0000b273370c12f82872c9cfaee80193,2025-08-25T15:48:18
218,Currents,2015-07-17,day,https://i.scdn.co/image/ab67616d0000b2739e1cfc756886ac782e363d79,2025-08-25T15:48:18
219,Most Known Unknown (Explicit),2005-09-27,day,https://i.scdn.co/image/ab67616d0000b273f52c28f42318cdfe7718e32a,2025-08-25T15:48:19
220,Ridin' Dirty,1996-07-30,day,https://i.scdn.co/image/ab67616d0000b273e35c90c3ad9a37e1f002ab79,2025-08-25T15:48:20
221,The 20/20 Experience - 2 of 2 (Deluxe),2013-09-27,day,https://i.scdn.co/image/ab67616d0000b27331dc01391d65eed27744e461,2025-08-25T15:48:20
222,Loud (Japan Version),2010-01-01,day,https://i.scdn.co/image/ab67616d0000b27331548865f7c729290b96c794,2025-08-25T15:48:21
223,Halo,2009-04-13,day,https://i.scdn.co/image/ab67616d0000b2737e926c757ef327785c54d60b,2025-08-25T15:48:21
224,You're the Best (Remixes),2015-10-30,day,https://i.scdn.co/image/ab67616d0000b273ae799e107d1050db803cdbef,2025-08-25T15:48:22
225,a thousand years,2011-10-18,day,https://i.scdn.co/image/ab67616d0000b2733dea4a2ccd58ad1f8e4dbb03,2025-08-25T15:48:22
226,2014 Forest Hills Drive,2014-12-09,day,https://i.scdn.co/image/ab67616d0000b273c6e0948bbb0681ff29cdbae8,2025-08-25T15:48:23
227,Watch The Throne (Deluxe Version),,day,,
228,Charity Starts At Home,2011-09-27,day,https://i.scdn.co/image/ab67616d0000b273c8e27f7fbddd0f5ded7981ba,2025-08-25T15:48:24
229,T R A P S O U L,2015-10-02,day,https://i.scdn.co/image/ab67616d0000b273d5f3cea8affdca01a0dc754f,2025-08-25T15:48:24
230,DJ Dance Tracks Inspired By Our Favorite Top 40 Hits,2010-12-20,day,https://i.scdn.co/image/ab67616d0000b27394688e58c3ea7ed58f733907,2025-08-25T15:48:25
231,SuperBowl XLV,2010-12-19,day,https://i.scdn.co/image/ab67616d0000b2731e54d9873991b7362732681f,2025-08-25T15:48:26
232,Coffee (F***ing) (feat. Wale),2015-05-01,day,https://i.scdn.co/image/ab67616d0000b273aa80c8e0d8e3f49060bcaa8f,2025-08-25T15:48:26
233,Simple Things (Remix) (feat. Chris Brown & Future),2015-10-16,day,https://i.scdn.co/image/ab67616d0000b273c9998eba548675e58342a821,2025-08-25T15:48:27
234,All I Want Is You,2010-11-26,day,https://i.scdn.co/image/ab67616d0000b273d5a8395b0d80b8c48a5d851c,2025-08-25T15:48:27
235,Heart And Soul,,day,,
236,Unorthodox Jukebox,2012-12-07,day,https://i.scdn.co/image/ab67616d0000b273926f43e7cce571e62720fd46,2025-08-25T15:48:29
237,G I R L,2014-03-03,day,https://i.scdn.co/image/ab67616d0000b273e8107e6d9214baa81bb79bba,2025-08-25T15:48:29
238,Crazy In Love (Remix),2015-09-04,day,https://i.scdn.co/image/ab67616d0000b2735b30cf14acf6a8427c2e27c9,2025-08-25T15:48:30
239,Venice,2014-10-28,day,https://i.scdn.co/image/ab67616d0000b2735d7d7120db1b859d5077e1d2,2025-08-25T15:48:31
240,Stick Around,2015-11-20,day,https://i.scdn.co/image/ab67616d0000b27371e1100a1f555b5a672b34fa,2025-08-25T15:48:32
241,Up Your Alley,1988-05-23,day,https://i.scdn.co/image/ab67616d0000b2735007b18ab5bd6a417ffa014f,2025-08-25T15:48:33
197,808s & Heartbreak,2008-11-24,day,https://i.scdn.co/image/ab67616d0000b27365fbf56c2837be4879b5020a,2025-09-01T00:11:34.198561
200,Tetsuo & Youth,2015-01-20,day,https://i.scdn.co/image/ab67616d0000b273cc5c6f9f9d6ca3353dbb6c75,2025-09-01T00:11:34.572869
201,The Blueprint (Explicit Version),2001-09-11,day,https://i.scdn.co/image/ab67616d0000b2731b3f6f34954118500ed3e7a7,2025-09-01T00:11:34.788598
202,Escape Music,2013-05-20,day,https://i.scdn.co/image/ab67616d0000b27354bc37c1ac99c1601d61d36b,2025-09-01T00:11:34.994058
207,MM..FOOD,2004-11-16,day,https://i.scdn.co/image/ab67616d0000b27352f194d02c39909d1b284799,2025-09-01T00:11:35.199328
208,Straight Outta Compton,1988-08-08,day,https://i.scdn.co/image/ab67616d0000b273c79a70e8167cc1a4fab83781,2025-09-01T00:11:35.418326
209,Old,2013-10-08,day,https://i.scdn.co/image/ab67616d0000b2736fe7899d958ea2a5609a6dac,2025-09-01T00:11:35.631287
214,Madvillainy,2004-03-24,day,https://i.scdn.co/image/ab67616d0000b2733e3bb917af94bd82074c5d47,2025-09-01T00:11:36.032623
216,Drukqs,2001-10-22,day,https://i.scdn.co/image/ab67616d0000b2732e261a0b1b19d0ff95e346b3,2025-09-01T00:11:36.238287
242,Late Knight Special,2015-10-30,day,https://i.scdn.co/image/ab67616d0000b273f0279bce8d4a47f15ff064f9,2025-08-25T15:48:33
243,Spotify Sessions,2013-11-22,day,https://i.scdn.co/image/ab67616d0000b273d56159304b0098aa0873b839,2025-08-25T15:48:34
244,Glory (From the Motion Picture Selma),2014-12-11,day,https://i.scdn.co/image/ab67616d0000b273dc1663786daf0c9752c9aa90,2025-08-25T15:48:34
245,Think Like A Man - Music From & Inspired By The Film,2012-04-09,day,https://i.scdn.co/image/ab67616d0000b273515f30d295a72141006f5905,2025-08-25T15:48:35
246,Love In The Future (Expanded Edition),2013-08-30,day,https://i.scdn.co/image/ab67616d0000b27394c9217a398f5174757c0c78,2025-08-25T15:48:36
247,Get Lifted,2005-12-06,day,https://i.scdn.co/image/ab67616d0000b27330fd5c0c49d9c1913e7eb38b,2025-08-25T15:48:36
248,Freedom,2008-01-01,day,https://i.scdn.co/image/ab67616d0000b273e77aece1352dcc4f4cfd097f,2025-08-25T15:48:37
249,Chinese Nü Yr,2015-10-30,day,https://i.scdn.co/image/ab67616d0000b273181acd33307cec71e7f6c55d,2025-08-25T15:48:37
250,Purpose (Deluxe),2015-11-13,day,https://i.scdn.co/image/ab67616d0000b273f46b9d202509a8f7384b90de,2025-08-25T15:48:38
251,The Incredible True Story,2015-11-13,day,https://i.scdn.co/image/ab67616d0000b273f0f7649257d4b99460929ced,2025-08-25T15:48:39
252,Sour Soul,2013-01-01,day,https://i.scdn.co/image/ab67616d0000b2736c8ef0538e04f2e28380dcc5,2025-08-25T15:48:40
253,Am I Wrong (feat. ScHoolboy Q),2015-11-10,day,https://i.scdn.co/image/ab67616d0000b273a2736ee2b915f9ff578114c5,2025-08-25T15:48:40
254,Trouble Deluxe Edition,2005-01-01,day,https://i.scdn.co/image/ab67616d0000b2736ec7ab30397ea37295340a41,2025-08-25T15:48:41
255,B.o.B Presents: The Adventures of Bobby Ray,2010-04-27,day,https://i.scdn.co/image/ab67616d0000b273447efa80cb185be0fbbb9a4d,2025-08-25T15:48:42
256,About the Money (feat. Young Thug),2014-06-03,day,https://i.scdn.co/image/ab67616d0000b2736e9ab1bdf96aee1efc9bd92f,2025-08-25T15:48:43
257,Enemy,,day,,
260,Capital Punishment,1998-04-28,day,https://i.scdn.co/image/ab67616d0000b2738c7a8e68dc5c20bb72f713f2,2025-08-25T15:48:44
261,Bang 3,2015-08-04,day,https://i.scdn.co/image/ab67616d0000b273e411c4015be7e95767e50c4b,2025-08-25T15:48:45
262,Aquemini,1998-09-29,day,https://i.scdn.co/image/ab67616d0000b273377a6d2051b23afea65ee41a,2025-08-25T15:48:46
263,The Coming (25th Anniversary Super Deluxe Edition),1996-01-01,year,https://i.scdn.co/image/ab67616d0000b2732d70105f3c5168daf33d2a6b,2025-08-25T15:48:46
264,In Colour,2015-06-01,day,https://i.scdn.co/image/ab67616d0000b2733b104b3cfcf52e380e90254d,2025-08-25T15:48:47
265,Big Grams,2015-09-25,day,https://i.scdn.co/image/ab67616d0000b2733c01de631cfb52de6635c7a4,2025-08-25T15:48:49
266,Apollo Kids,2025-08-15,day,https://i.scdn.co/image/ab67616d0000b2738d5a23790a935a184e0120a8,2025-08-25T15:48:50
267,Tronic,2008-10-28,day,https://i.scdn.co/image/ab67616d0000b273dbfaddecfc939a34ef22246f,2025-08-25T15:48:51
269,Supreme Clientele,2000-02-08,day,https://i.scdn.co/image/ab67616d0000b2733d58f24bac130db263b3e4ae,2025-08-25T15:48:52
270,A Long Hot Summer,2004-08-03,day,https://i.scdn.co/image/ab67616d0000b2738b13da17b2d5f5d85f8bd05f,2025-08-25T15:48:52
271,Fifty Shades Of Grey (Original Motion Picture Soundtrack),2015-02-09,day,https://i.scdn.co/image/ab67616d0000b273665e84be36593dec3ed9f7aa,2025-08-25T15:48:55
274,Unapologetic (Deluxe),2012-12-11,day,https://i.scdn.co/image/ab67616d0000b2736dee21d6cd1823e4d6231d37,2025-08-25T15:48:55
275,George Kush da Button: Deluxe Edition,2011-06-01,day,https://i.scdn.co/image/ab67616d0000b2732534cb6761196d70fecb800a,2025-08-25T15:48:56
276,The Best Of 2011,2011-12-20,day,https://i.scdn.co/image/ab67616d0000b273905badc0df713afe95401a26,2025-08-25T15:48:57
277,Album Of The Year,2019-12-13,day,https://i.scdn.co/image/ab67616d0000b2730dd81fef5eb60c4d2a711f5c,2025-08-25T15:48:58
278,Key to the Kuffs (Butter Edition),2012-08-20,day,https://i.scdn.co/image/ab67616d0000b27301a16ebdeb383059af0784b8,2025-08-25T15:48:58
279,Duality,,day,,
280,Inspectah Deck + 7L & Esoteric = CZARFACE,2013-02-19,day,https://i.scdn.co/image/ab67616d0000b273b04d788bbd2869a0f966df23,2025-08-25T15:48:59
281,Stankonia,1994-04-26,day,https://i.scdn.co/image/ab67616d0000b273aa769e35e297a20f214d0c64,2025-08-25T15:49:00
282,Outer Peace,2019-01-18,day,https://i.scdn.co/image/ab67616d0000b27353798ceca08a2cff4e01e460,2025-08-25T15:49:01
283,Is There Anybody Out There? - Track by Track Commentary,2014-01-16,day,https://i.scdn.co/image/ab67616d0000b2739e2acbb00244d6da17edb0cf,2025-08-25T15:49:01
284,Rarities,2013-10-04,day,https://i.scdn.co/image/ab67616d0000b27362733d1d69c4dd6cb7676ac5,2025-08-25T15:49:02
285,I Am...Sasha Fierce,2008-01-01,year,https://i.scdn.co/image/ab67616d0000b273b4c5982e1b92f97a126fc18c,2025-08-25T15:49:02
286,Blackout!,1999-01-01,day,https://i.scdn.co/image/ab67616d0000b2736a22f24dc3f261206548e15a,2025-08-25T15:49:03
287,Live Forever,2015-10-08,day,https://i.scdn.co/image/ab67616d0000b273efab914e256c838cf5eba859,2025-08-25T15:49:04
288,Death Certificate,1991-10-29,day,https://i.scdn.co/image/ab67616d0000b273b7b1138c52a208d1f8194f99,2025-08-25T15:49:05
289,Kingdom Come,2006-11-21,day,https://i.scdn.co/image/ab67616d0000b273ffdd7a885159b73d0d15e0f9,2025-08-25T15:49:06
290,Creepin on Ah Come Up,1994-06-21,day,https://i.scdn.co/image/ab67616d0000b2734265ced59f64378b8a1904ad,2025-08-25T15:49:07
292,What Goes Around,2014-08-19,day,https://i.scdn.co/image/ab67616d0000b273d415141c19b36485477b54ea,2025-08-25T15:49:08
293,Elmatic,2011-12-20,day,https://i.scdn.co/image/ab67616d0000b2732fb2851254406a02893ab8dc,2025-08-25T15:49:08
294,It Was Written,1996-07-02,day,https://i.scdn.co/image/ab67616d0000b273886d823ecbfcbe661a6b0ab9,2025-08-25T15:49:09
295,Professor @ Large,2012-03-16,day,https://i.scdn.co/image/ab67616d0000b2730a42bbc419da448d0245a8cf,2025-08-25T15:49:10
296,Aale Saachu Putta Kannala (From "Vil Ambu"),2015-07-06,day,https://i.scdn.co/image/ab67616d0000b2736ad28dc33cf9610c0db8e33b,2025-08-25T15:49:10
297,Graduation,2007-09-11,day,https://i.scdn.co/image/ab67616d0000b27326f7f19c7f0381e56156c94a,2025-08-25T15:49:11
299,You're Dead! (Deluxe Edition),2014-10-06,day,https://i.scdn.co/image/ab67616d0000b273d7c4a4148cdd06da03368ae5,2025-08-25T15:49:12
300,Captain Murphy,2004-04-21,day,https://i.scdn.co/image/ab67616d0000b273990f85abdf17c2009709b7a3,2025-08-25T15:49:13
301,Body (feat. Nemzzz) [UK Remix],2014-06-24,day,https://i.scdn.co/image/ab67616d0000b273fa07fa9610a201946ea646fb,2025-08-25T15:49:13
302,Watching Movies with the Sound Off,2023-06-23,day,https://i.scdn.co/image/ab67616d0000b27311f25ccf53d8f559a746302b,2025-08-25T15:49:14
303,The Essential UGK,2014-03-14,day,https://i.scdn.co/image/ab67616d0000b273a80f17ffc1acdfd1121369cb,2025-08-25T15:49:14
304,Indicud,2013-04-12,day,https://i.scdn.co/image/ab67616d0000b273b9ab5cc935d2327a7d2bc629,2025-08-25T15:49:15
305,Huzzah,2012-01-01,day,https://i.scdn.co/image/ab67616d0000b273f68d338e3ca04832fa813e5c,2025-08-25T15:49:16
306,AM,2013-09-09,day,https://i.scdn.co/image/ab67616d0000b2734ae1c4c5c45aabe565499163,2025-08-25T15:49:16
307,Lupe Fiasco's Food & Liquor (Deluxe Edition),2006-06-27,day,https://i.scdn.co/image/ab67616d0000b27310ede7580031e3cef3687206,2025-08-25T15:49:17
308,Black Hystori Project,,day,,
309,Revolution,2013-10-07,day,https://i.scdn.co/image/ab67616d0000b27391a50b4f7ae744da0b01c4de,2025-08-25T15:49:18
310,Diaspora,2017-03-24,day,https://i.scdn.co/image/ab67616d0000b2737bcd3cd54e8399ae38cc6e64,2025-08-25T15:49:19
311,Flying Lotus,,day,,
312,Lifestylez Ov Da Poor & Dangerous,1995-03-28,day,https://i.scdn.co/image/ab67616d0000b273f22da4550a4de3cefb5afc0b,2025-08-25T15:49:20
313,Monkey Barz,2005-11-22,day,https://i.scdn.co/image/ab67616d0000b2739db681a9a02385698ba2c7d1,2025-08-25T15:49:21
314,Showtime,2003-07-21,day,https://i.scdn.co/image/ab67616d0000b2731603c898287dc1d49dfa836b,2025-08-25T15:49:21
315,Poverty's Paradise (25th Anniversary - Remastered),1995-01-01,year,https://i.scdn.co/image/ab67616d0000b273a1f71f48201f450cb230e284,2025-08-25T15:49:22
316,Vol.2... Hard Knock Life,1998-11-29,day,https://i.scdn.co/image/ab67616d0000b2739700390e9c33c62cfcd915ce,2025-08-25T15:49:23
317,Victory Laps (Digi-Single),,day,,
318,Gold PP7s,2013-09-17,day,https://i.scdn.co/image/ab67616d0000b27385063bae1d3aea1f3f4708b5,2025-08-25T15:49:24
319,Grandeur,2018-10-26,day,https://i.scdn.co/image/ab67616d0000b2738a71fb41f25562f0c7e92205,2025-08-25T15:49:24
320,Doggystyle,1993-11-23,day,https://i.scdn.co/image/ab67616d0000b273733af86f8dea9692a3f59d29,2025-08-25T15:49:25
321,Time? Astonishing... Instrumentals!,2015-09-30,day,https://i.scdn.co/image/ab67616d0000b273a609a1a920360bf2c4de40c3,2025-08-25T15:49:26
322,The New Breed,,day,,
323,Thank Me Later (Int'l Version),2010-01-01,day,https://i.scdn.co/image/ab67616d0000b27372babba16ea5e3afe690b4f1,2025-08-25T15:49:29
324,Stakes Is High,1996-07-02,day,https://i.scdn.co/image/ab67616d0000b273092a9f0f2f9bf08cdf0cdf17,2025-08-25T15:49:30
325,Sir Lucious Left Foot...The Son Of Chico Dusty (Explicit Version),2010-01-01,day,https://i.scdn.co/image/ab67616d0000b27337e6ffbd752424db19549fa9,2025-08-25T15:49:30
326,DS2 - Track by Track Commentary,2015-07-15,day,https://i.scdn.co/image/ab67616d0000b273aaa74e657d014790495e3e0f,2025-08-25T15:49:31
327,Nevermind (Super Deluxe Edition),1991-09-26,day,https://i.scdn.co/image/ab67616d0000b273fb2d4c1ac0a601826986c785,2025-08-25T15:49:32
328,Owl Pharoah,,day,,
329,Power & Passion,2012-01-01,day,https://i.scdn.co/image/ab67616d0000b2730fa36eb630872f9841e00442,2025-08-25T15:49:33
330,Carpenters Gold (35th Anniversary Edition),2004-02-10,day,https://i.scdn.co/image/ab67616d0000b2734a30891bb07dbc688e39d877,2025-08-25T15:49:34
331,Wheel It,2025-06-28,day,https://i.scdn.co/image/ab67616d0000b2731eab9b0f76fe5a47b63ec6a5,2025-08-25T15:49:34
332,Back To Back,2015-07-31,day,https://i.scdn.co/image/ab67616d0000b2733dc98872a3cf00117e4623e5,2025-08-25T15:49:35
333,0 To 100 / The Catch Up,2013-07-14,day,https://i.scdn.co/image/ab67616d0000b2732b83df1b3ca78269f49fa89f,2025-08-25T15:49:36
334,Prey For The Poor,2015-09-04,day,https://i.scdn.co/image/ab67616d0000b273cadba663d9578a81ad9caaff,2025-08-25T15:49:37
335,Watch Dogs (Music from the Video Game) [Original Game Soundtrack],2015-05-28,day,https://i.scdn.co/image/ab67616d0000b273cfb7351677bc314e2315a65b,2025-08-25T15:49:38
336,Man On The Moon II: The Legend Of Mr. Rager (Explicit Version),,day,,
338,ENOCH,2025-05-30,day,https://i.scdn.co/image/ab67616d0000b27338af4c49dbbb93468b124ddb,2025-08-25T15:49:39
339,Rae Dawn / Change the Beat,2003-01-01,year,https://i.scdn.co/image/ab67616d0000b273d97a55d6ace2bf9e8ccb8cb1,2025-08-25T15:49:40
340,Enter The Wu-Tang (36 Chambers) [Expanded Edition],1993-11-09,day,https://i.scdn.co/image/ab67616d0000b2735901aaa980d3e714bf01171c,2025-08-25T15:49:40
341,In the Aeroplane Over the Sea,1998-02-20,day,https://i.scdn.co/image/ab67616d0000b273589ce9a911c6e65b1f80c558,2025-08-25T15:49:41
342,The Low End Theory,1991-09-24,day,https://i.scdn.co/image/ab67616d0000b273f38c6b37a21334e22005b1f7,2025-08-25T15:49:42
343,Rising Down,2008-04-29,day,https://i.scdn.co/image/ab67616d0000b273d09b7ac43f52a0b3200f844b,2025-08-25T15:49:42
344,Internal Affairs,2019-10-18,day,https://i.scdn.co/image/ab67616d0000b27382d95f5001cf1b9de864ec42,2025-08-25T15:49:43
345,Audiomack Live Presents: Migos Trap Symphony EP,,day,,
346,Fear of God II: Let Us Pray,2011-11-08,day,https://i.scdn.co/image/ab67616d0000b2732749e1b9049f703e43ece068,2025-08-25T15:49:43
347,Ironman,1996-01-01,year,https://i.scdn.co/image/ab67616d0000b2733e6809e08578c7c250112046,2025-08-25T15:49:44
348,Donuts,2006-10-16,day,https://i.scdn.co/image/ab67616d0000b273a1dcf8214f5f62e04dcbde52,2025-08-25T15:49:45
349,"IT G MA REMIX (feat. A$AP Ferg, Father, Dumbfoundead, Waka Flocka Flame)",2015-07-27,day,https://i.scdn.co/image/ab67616d0000b27327188d8ebcb1dbf5bfb9b8c1,2025-08-25T15:49:45
350,"4,5,6",1995-09-05,day,https://i.scdn.co/image/ab67616d0000b27314fa92e817dd2cb4e3c99bfa,2025-08-25T15:49:46
353,Gas Mask (Deluxe Edition),2012-05-22,day,https://i.scdn.co/image/ab67616d0000b27306b7fa2c84379214c2abda29,2025-08-25T15:49:49
354,Joey Badass - Summer Knights,2013-10-29,day,https://i.scdn.co/image/ab67616d0000b273f1037b8a8a10a676c3409f4c,2025-08-25T15:49:49
355,Jesus Price Supastar,2007-01-30,day,https://i.scdn.co/image/ab67616d0000b27379092ab139d34a197ecfd91c,2025-08-25T15:49:50
356,Pro Tools,2013-05-14,day,https://i.scdn.co/image/ab67616d0000b2732888e1094d5d3be76da7eaf7,2025-08-25T15:49:51
357,3500,,day,,
358,Kanye West Presents Good Music Cruel Summer,2012-01-01,day,https://i.scdn.co/image/ab67616d0000b2733a2d2b9621ef645380c63c16,2025-08-25T15:49:53
359,Lucky 7,2015-07-07,day,https://i.scdn.co/image/ab67616d0000b27333370f5501f60f5635903670,2025-08-25T15:49:53
360,Fish Outta Water,2009-06-23,day,https://i.scdn.co/image/ab67616d0000b27323ce0637df7ead27b2d31590,2025-08-25T15:49:54
361,Stress: The Extinction Agenda,1994-08-16,day,https://i.scdn.co/image/ab67616d0000b273d8da8efc6c0f3e0ede5b33fb,2025-08-25T15:49:55
424,Swim Good,2011-01-01,day,https://i.scdn.co/image/ab67616d0000b273ebbff7725d3ce0739be01787,2025-08-25T15:50:36
362,The Music Of Nashville: Greatest Hits Seasons 1-5,2007-11-06,day,https://i.scdn.co/image/ab67616d0000b273b1425d8b18f845ddc3556f00,2025-08-25T15:49:56
363,"Fantastic, Vol. 2.10",2009-01-26,day,https://i.scdn.co/image/ab67616d0000b2732a8486851d9c9d2cf5bda04f,2025-08-25T15:49:57
364,100 (feat. Drake),,day,,
365,I Need A Doctor,2011-02-01,day,https://i.scdn.co/image/ab67616d0000b273d27f8a33b8a8c0417cdca53f,2025-08-25T15:49:58
366,Lupe Pharaoh,2015-12-11,day,https://i.scdn.co/image/ab67616d0000b2734fcbf2e225ae5fb942b7acea,2025-08-25T15:49:59
367,A Special Episode - EP,2015-02-03,day,https://i.scdn.co/image/ab67616d0000b2731853b718e63275b282f71187,2025-08-25T15:49:59
368,Trouble in the Neighborhood,2015-03-24,day,https://i.scdn.co/image/ab67616d0000b27316c73e8707617b81c6a09ca2,2025-08-25T15:50:00
369,Persona,2015-03-10,day,https://i.scdn.co/image/ab67616d0000b2734b27505b4407837714b3ec95,2025-08-25T15:50:01
370,The Good Fight,2015-04-28,day,https://i.scdn.co/image/ab67616d0000b273d125fe89ccf13b15d67be660,2025-08-25T15:50:01
371,channel ORANGE (Explicit Version),,day,,
372,Mic Tyson (Deluxe Edition),2012-10-30,day,https://i.scdn.co/image/ab67616d0000b273d0a5d7e253cb743600a45b9e,2025-08-25T15:50:02
373,All Day,2024-08-15,day,https://i.scdn.co/image/ab67616d0000b27380c1ca2d2bfe9776766ef5e8,2025-08-25T15:50:03
375,Clockers (Original Motion Picture Soundtrack),1995-08-29,day,https://i.scdn.co/image/ab67616d0000b273e4842e0b87d4d7358f37ada1,2025-08-25T15:50:04
376,Can't Feel My Face (Martin Garrix Remix),2015-11-06,day,https://i.scdn.co/image/ab67616d0000b273364aec7419abbc2f5aeaaeda,2025-08-25T15:50:05
377,The Hills,2015-10-11,day,https://i.scdn.co/image/ab67616d0000b2738e6184189c5e099f5c546500,2025-08-25T15:50:05
378,Relegation Riddim,2015-03-27,day,https://i.scdn.co/image/ab67616d0000b273497d804a745bb8bebdb222f2,2025-08-25T15:50:06
379,Walk With Me,2015-07-24,day,https://i.scdn.co/image/ab67616d0000b273d78cf2cf99cba47a31d8bd1f,2025-08-25T15:50:06
380,DRIVE ME CRAZY,2015-01-27,day,https://i.scdn.co/image/ab67616d0000b273b9a3ef2c069350db74ac0894,2025-08-25T15:50:08
381,True Romance,2013-04-01,day,https://i.scdn.co/image/ab67616d0000b27338278814df17fea56a239072,2025-08-25T15:50:09
382,Pound Syndrome,2015-07-24,day,https://i.scdn.co/image/ab67616d0000b27333fdf228b29c7e30798925fa,2025-08-25T15:50:10
383,Control System,2022-12-16,day,https://i.scdn.co/image/ab67616d0000b273ba561b23b2e1a4415c058992,2025-08-25T15:50:11
384,The Best of African Music (One World One Love Edition),2018-03-26,day,https://i.scdn.co/image/ab67616d0000b273ff94e108d7133f4d5e17f6af,2025-08-25T15:50:12
385,Tical 0: The Prequel,2015-08-21,day,https://i.scdn.co/image/ab67616d0000b273af5c116e45e98041c337ab18,2025-08-25T15:50:12
386,Surf,,day,,
387,Every Hero Needs a Villain,2015-06-16,day,https://i.scdn.co/image/ab67616d0000b2731af228a1c68f1e0896751c6c,2025-08-25T15:50:14
388,Push The Button,2005-01-01,day,https://i.scdn.co/image/ab67616d0000b2738e8f975a2b364769040c8169,2025-08-25T15:50:14
389,Born In The Echoes,2015-07-17,day,https://i.scdn.co/image/ab67616d0000b273befecaa2c30a3302c88cbe88,2025-08-25T15:50:15
390,Bread,2021-04-30,day,https://i.scdn.co/image/ab67616d0000b273fc4a79e449fc949eedd12c4a,2025-08-25T15:50:15
391,Ready to Die (The Remaster),1994-09-13,day,https://i.scdn.co/image/ab67616d0000b2730f51e29700232d57fe8a0830,2025-08-25T15:50:16
392,"Shabba REMIX (feat. Shabba Ranks, Busta Rhymes & Migos)",2013-11-22,day,https://i.scdn.co/image/ab67616d0000b273f327838a3fba089c1dff7f76,2025-08-25T15:50:17
393,Doe-Active,2014-11-17,day,https://i.scdn.co/image/ab67616d0000b273e636c60313da396d85d576ca,2025-08-25T15:50:17
394,The Sun Rises In The East,1994-05-24,day,https://i.scdn.co/image/ab67616d0000b273019a1f59bba397fcf5b79f28,2025-08-25T15:50:18
395,The Chronic,1992-12-15,day,https://i.scdn.co/image/ab67616d0000b2739710731c9d7baec635f1bab1,2025-08-25T15:50:19
396,Hidden Darts Special Edition,2006-01-01,day,https://i.scdn.co/image/ab67616d0000b273ce87451bd450fc5a177b5156,2025-08-25T15:50:20
398,Honest,2014-04-22,day,https://i.scdn.co/image/ab67616d0000b2735fc3d7bc8ea7a703fae2835d,2025-08-25T15:50:21
399,Beast Mode,2015-01-15,day,https://i.scdn.co/image/ab67616d0000b2738d16f0ab7e487c47bde1c9d5,2025-08-25T15:50:22
400,White Dress,,day,,
401,Hell Can Wait,2014-09-23,day,https://i.scdn.co/image/ab67616d0000b273299c72661432a1622208d759,2025-08-25T15:50:23
403,Treddin' On Thin Ice,2004-04-05,day,https://i.scdn.co/image/ab67616d0000b27322abb63e9c89de8742bf3584,2025-08-25T15:50:24
404,No Label II,2014-02-25,day,https://i.scdn.co/image/ab67616d0000b2735c4d2b8429e7bbcda34e14de,2025-08-25T15:50:25
405,Kamikaze,2004-01-27,day,https://i.scdn.co/image/ab67616d0000b27394daf811f14ad48e6c5f9214,2025-08-25T15:50:26
406,Adrenaline Rush,1997-01-01,year,https://i.scdn.co/image/ab67616d0000b2730d7f838db299df75132342b7,2025-08-25T15:50:26
407,Be Real (feat. DeJ Loaf),2015-07-17,day,https://i.scdn.co/image/ab67616d0000b273f44638d1b266e14df645645a,2025-08-25T15:50:27
408,Restless,2000-04-02,day,https://i.scdn.co/image/ab67616d0000b273ca223db78b2ffe5c462cf848,2025-08-25T15:50:27
409,Man VS Machine,2002-08-13,day,https://i.scdn.co/image/ab67616d0000b273ee40b9ee72dc199223b31e5c,2025-08-25T15:50:28
410,The Greatest,2009-07-23,day,https://i.scdn.co/image/ab67616d0000b273c1662fe5392da0783f1910ba,2025-08-25T15:50:29
411,R&G (Rhythm & Gangsta): The Masterpiece,2025-08-22,day,https://i.scdn.co/image/ab67616d0000b273909115b5c7d7ca348511988c,2025-08-25T15:50:29
412,Withdrawal,2015-05-19,day,https://i.scdn.co/image/ab67616d0000b273978e0eee5118acf44a5fd39d,2025-08-25T15:50:30
413,Antidote,,day,,
414,Back from the Dead 2,2015-06-16,day,https://i.scdn.co/image/ab67616d0000b273589138eb4f42c9abcf848ba0,2025-08-25T15:50:30
415,Big Gucci Sosa,2015-12-11,day,https://i.scdn.co/image/ab67616d0000b27389eda384587a6037f51ec05f,2025-08-25T15:50:31
416,"good kid, m.A.A.d city",2012-01-01,year,https://i.scdn.co/image/ab67616d0000b2732cd55246d935a8a77cb4859e,2025-08-25T15:50:32
417,P's & Q's,,day,,
418,Land of the Crooks,2013-12-17,day,https://i.scdn.co/image/ab67616d0000b27359c674510a2cc4ce6aa9fc76,2025-08-25T15:50:32
419,Illinois,2005-07-05,day,https://i.scdn.co/image/ab67616d0000b273712c76b4152918fb8d37c53d,2025-08-25T15:50:33
420,Full Speed (Expanded Edition),2015-03-04,day,https://i.scdn.co/image/ab67616d0000b27324aaa74351e83d0515f8c106,2025-08-25T15:50:33
421,All Hands,2015-01-27,day,https://i.scdn.co/image/ab67616d0000b273b8f544f89bd35fc184ca181d,2025-08-25T15:50:34
422,Down On My Luck (Remixes),2014-07-27,day,https://i.scdn.co/image/ab67616d0000b273c2b7289d4b9b17a1d0700b34,2025-08-25T15:50:35
423,Flight Of The Conchords,2008-04-22,day,https://i.scdn.co/image/ab67616d0000b273a2f2555b9b8b1da1ff173060,2025-08-25T15:50:35
428,Illadelph Halflife,1996-09-24,day,https://i.scdn.co/image/ab67616d0000b2730d8b1d7869e62f341e528e38,2025-08-25T15:50:37
429,Things Fall Apart,,day,,
430,Undun,2011-12-02,day,https://i.scdn.co/image/ab67616d0000b273fcad86050e70425da12ca80b,2025-08-25T15:50:38
431,Jazzy Rap,2022-03-28,day,https://i.scdn.co/image/ab67616d0000b27383520f1d7d5a61bd9a8ea80b,2025-08-25T15:50:39
432,Southpaw (Music From And Inspired By The Motion Picture),2015-07-24,day,https://i.scdn.co/image/ab67616d0000b273b72ddbc2e5b8c9ce5f3c4ef7,2025-08-25T15:50:41
433,A Kind Of Hush,1976-01-01,day,https://i.scdn.co/image/ab67616d0000b2734526004abc8f0d18dd5e5925,2025-08-25T15:50:42
434,The State vs. Radric Davis (Deluxe),2009-12-08,day,https://i.scdn.co/image/ab67616d0000b2732329c198bf2331d1cc08c523,2025-08-25T15:50:43
435,Rich Ni**a Timeline,2014-11-10,day,https://i.scdn.co/image/ab67616d0000b273bec8756cdd0e0e1ec4de9337,2025-08-25T15:50:44
436,Young Rich N*ggas,2013-07-09,day,https://i.scdn.co/image/ab67616d0000b2738c1bb31c73c0a479830e78fd,2025-08-25T15:50:44
437,Versace (feat. Drake) [Remix] - Single,2015-01-06,day,https://i.scdn.co/image/ab67616d0000b273358d3df585a2d72463556d7f,2025-08-25T15:50:45
438,One Time,,day,,
439,Fab Five,2015-04-28,day,https://i.scdn.co/image/ab67616d0000b2734913c5d4cc6710cfe37dee25,2025-08-25T15:50:46
440,THE MOUSE & THE MASK,2005-10-17,day,https://i.scdn.co/image/ab67616d0000b2736c3fb85147fcf2972923cf2d,2025-08-25T15:50:46
441,"We Run This, Vol. 10 (Mixed By Mr. E)",,day,,
442,U Guessed It - Single,2014-09-25,day,https://i.scdn.co/image/ab67616d0000b27308bbcc4c071ca421357bdadf,2025-08-25T15:50:47
443,Alchemy,,day,,
444,To: Nate Dogg,2020-03-31,day,https://i.scdn.co/image/ab67616d0000b273564b68726734a17cfda9bd00,2025-08-25T15:50:47
445,Microwaves,2014-01-14,day,https://i.scdn.co/image/ab67616d0000b273f3fe62e826c4f496efe92b92,2025-08-25T15:50:48
446,Tiger,2014-11-17,day,https://i.scdn.co/image/ab67616d0000b273573d0ada5c7e64c5c96d4279,2025-08-25T15:50:48
447,Operation: Doomsday (Complete),1999-10-19,day,https://i.scdn.co/image/ab67616d0000b2736ce90ec627a0198a8efd127f,2025-08-25T15:50:49
448,Illmatic XX,2014-04-15,day,https://i.scdn.co/image/ab67616d0000b27375d9ecf8d29744037d2d6064,2025-08-25T15:50:50
449,Be,2005-05-24,day,https://i.scdn.co/image/ab67616d0000b27317af59d90e9563bf5c623ce4,2025-08-25T15:50:52
450,How I Got Over,2010-06-22,day,https://i.scdn.co/image/ab67616d0000b273b333e38357f4402c16675a03,2025-08-25T15:50:53
452,"The Dreamer, The Believer",2011-12-20,day,https://i.scdn.co/image/ab67616d0000b273c0e5b994774f9cbb18fcda01,2025-08-25T15:50:55
453,Greatest Hits,2002-09-10,day,https://i.scdn.co/image/ab67616d0000b273a4ad282a80ca274058a0618d,2025-08-25T15:50:56
454,The Message (Expanded Edition),2010-01-01,day,https://i.scdn.co/image/ab67616d0000b273f5e6430984e395b3915f7390,2025-08-25T15:50:57
455,The Saga Continues...,,day,,
456,Mos Def & Talib Kweli Are Black Star,1998-09-29,day,https://i.scdn.co/image/ab67616d0000b273e3f907e70bc502a263ee1bc0,2025-08-25T15:50:58
457,PTSD - Post Traumatic Stress Disorder,2014-04-15,day,https://i.scdn.co/image/ab67616d0000b273567fe7ef35058a1842da2896,2025-08-25T15:50:58
458,OG Maco EP,2014-11-30,day,https://i.scdn.co/image/ab67616d0000b27303650745c91a59a8c671e964,2025-08-25T15:50:59
459,"Today, I Wrote Nothing",2015-03-31,day,https://i.scdn.co/image/ab67616d0000b273cead53f285362c84ba9b25a8,2025-08-25T15:50:59
460,Blade of the Ronin (Deluxe Edition),2015-03-03,day,https://i.scdn.co/image/ab67616d0000b273e805fadf7fd8381f729e1d16,2025-08-25T15:51:00
461,Labcabincalifornia (Deluxe Edition),1995-01-01,day,https://i.scdn.co/image/ab67616d0000b2738248914bbbcdcba2d154c8de,2025-08-25T15:51:01
462,The Minstrel Show,2005-09-13,day,https://i.scdn.co/image/ab67616d0000b273112428bd35da4210fd8887ac,2025-08-25T15:51:01
463,"Flex (Ooh, Ooh, Ooh) - Single",2015-02-10,day,https://i.scdn.co/image/ab67616d0000b273c62a27893c8a67923c852ab1,2025-08-25T15:51:02
464,New Religion,2015-04-24,day,https://i.scdn.co/image/ab67616d0000b273a364e93fd5c83a5272b64dca,2025-08-25T15:51:02
465,Always Up To Something,2015-05-26,day,https://i.scdn.co/image/ab67616d0000b273fe509e78b683b6094929fd55,2025-08-25T15:51:03
466,"Metal Fingers Presents: Special Herbs, The Box Set Vol. 0 - 9",2006-01-24,day,https://i.scdn.co/image/ab67616d0000b2738a82421a9a8ea0b7ef7d584f,2025-08-25T15:51:04
467,Kanye's Soul Mixshow (Mixed by A-Trak),,day,,
468,How You Sell Soul to a Soulless People Who Sold Their Soul?,2007-08-07,day,https://i.scdn.co/image/ab67616d0000b2732acb820332d5f37cd536cc98,2025-08-25T15:51:05
469,Return Of The Crooklyn Dodgers 12" Single,,day,,
470,No More Mr. Nice Guy,,day,,
471,Dead Serious,1992-04-07,day,https://i.scdn.co/image/ab67616d0000b27348cedec86716241749e0b5b3,2025-08-25T15:51:05
472,Best Hip-Hop of October 2014 [Monthly Sampler],,day,,
473,Beauty And The Beast - EP,2014-10-07,day,https://i.scdn.co/image/ab67616d0000b2732491b617e45d9f9760c1a1de,2025-08-25T15:51:06
476,Ohio,2014-10-27,day,https://i.scdn.co/image/ab67616d0000b27361ed02263914d07b8752039e,2025-08-25T15:51:07
478,Liquid Swords,1995-11-07,day,https://i.scdn.co/image/ab67616d0000b27384b6abc19fb31fb382378bbc,2025-08-25T15:51:08
479,The LP,2009-07-01,day,https://i.scdn.co/image/ab67616d0000b273b8e85bb1055b5ee58a983328,2025-08-25T15:51:09
480,Wildflower,1973-01-01,year,https://i.scdn.co/image/ab67616d0000b273ccbe8cdd9d47d6032ff05fb6,2025-08-25T15:51:10
481,David Ruffin,1973-01-01,day,https://i.scdn.co/image/ab67616d0000b2733a60726fd38e5b820c1ab6da,2025-08-25T15:51:10
482,Doe Or Die,1995-10-10,day,https://i.scdn.co/image/ab67616d0000b273c04fefa8d26c027f5f52c84c,2025-08-25T15:51:12
483,Sex,2010-07-27,day,https://i.scdn.co/image/ab67616d0000b273054d319a513653be279bfaf2,2025-08-25T15:51:13
484,Rip The Jacker,2003-07-22,day,https://i.scdn.co/image/ab67616d0000b273c67d51015062107c8e4c30a1,2025-08-25T15:51:14
485,Ghost in the Shell,2018-07-02,day,https://i.scdn.co/image/ab67616d0000b273e292aef77478e4af98518603,2025-08-25T15:51:15
486,Purple Haze,2004-01-01,day,https://i.scdn.co/image/ab67616d0000b27341378d36f9f76bc8e6950f89,2025-08-25T15:51:16
487,Special Blends Vol. 1+2,,day,,
488,W.A.R. (We Are Renegades),2011-03-22,day,https://i.scdn.co/image/ab67616d0000b2731f1073d9403090f87e46cb75,2025-08-25T15:51:19
490,The Very Best Of The New Birth,1995-11-04,day,https://i.scdn.co/image/ab67616d0000b273aea89bec213ca7f3c63ac022,2025-08-25T15:51:20
491,Move on Up,1970-01-01,year,https://i.scdn.co/image/ab67616d0000b273b97b45e7885537d42ed46cdf,2025-08-25T15:51:20
1235,Essential R&B Hit Selection,,day,,
492,Bill Withers Live At Carnegie Hall,1973-04-21,day,https://i.scdn.co/image/ab67616d0000b27350b10d78af31493bc9616a8a,2025-08-25T15:51:22
493,I Feel for You,1984-01-01,year,https://i.scdn.co/image/ab67616d0000b2738be5f9356ee08a1f9e67ff87,2025-08-25T15:51:22
494,The Man with the Iron Fists: Soundtrack Instrumental,2013-08-06,day,https://i.scdn.co/image/ab67616d0000b273c648f4f7597d2b2f8a9cb94e,2025-08-25T15:51:23
495,Dreamer,1974-01-01,day,https://i.scdn.co/image/ab67616d0000b273229e87b6d1da512c14164cc0,2025-08-25T15:51:23
496,Songs For Beginners,1971-01-01,year,https://i.scdn.co/image/ab67616d0000b2733f986eddf721780bc3dd95d7,2025-08-25T15:51:24
497,Nehruvia (Redux),2015-05-11,day,https://i.scdn.co/image/ab67616d0000b273bdf9a30f7279a5ea2c421a2e,2025-08-25T15:51:24
498,Never Too Much,1981-07-23,day,https://i.scdn.co/image/ab67616d0000b2734c614878cb234061701cac6c,2025-08-25T15:51:25
499,Introducing the Whatnauts,2013-06-26,day,https://i.scdn.co/image/ab67616d0000b27335b57667b31844a79ecfccda,2025-08-25T15:51:26
501,Mandrill,1970-01-01,year,https://i.scdn.co/image/ab67616d0000b273477f35c7f4701e24ddced9e4,2025-08-25T15:51:26
502,Let's Get It On,1973-08-28,day,https://i.scdn.co/image/ab67616d0000b273f8f0a26e4100c490bc384003,2025-08-25T15:51:27
503,Cam'ron...Harlem's Greatest,1998-01-01,year,https://i.scdn.co/image/ab67616d0000b273dcb8a0f9ac1c6aa50581acfb,2025-08-25T15:51:27
504,1st Of The Month: Box Set (Deluxe Edition),2014-12-16,day,https://i.scdn.co/image/ab67616d0000b273c218162612cd033c94a9d455,2025-08-25T15:51:28
505,New York Community Choir (Bonus Track Version),2014-02-14,day,https://i.scdn.co/image/ab67616d0000b2735ab33199428956f6a35415dd,2025-08-25T15:51:29
506,Lark,1972-10-03,day,https://i.scdn.co/image/ab67616d0000b273c547a28ca19d4876631b3f4e,2025-08-25T15:51:30
507,Pieces of a Man,1971-01-01,day,https://i.scdn.co/image/ab67616d0000b273c930e4ed835b0fd546c7324f,2025-08-25T15:51:30
508,Summer Knights,2025-08-18,day,https://i.scdn.co/image/ab67616d0000b273b32ec1601c134b7b47335f6f,2025-08-25T15:51:31
509,Number 1 Angel,2017-03-10,day,https://i.scdn.co/image/ab67616d0000b2733107626c80c093c70f903206,2025-08-25T15:51:32
510,Shaolin Jazz: The 37th Chamber,,day,,
511,Come Home With Me,2002-01-01,day,https://i.scdn.co/image/ab67616d0000b273df5352d458100973dbb329cc,2025-08-25T15:51:32
512,Nas,2022-04-29,day,https://i.scdn.co/image/ab67616d0000b273f6d3ee5300d19edb23d2ec14,2025-08-25T15:51:33
513,Run DMC (Deluxe Edition bonus tracks),,day,,
514,FourFiveSeconds,2015-01-24,day,https://i.scdn.co/image/ab67616d0000b27336a9ed72b45e54ff307641be,2025-08-25T15:51:34
515,Petestrumentals 2,2015-06-23,day,https://i.scdn.co/image/ab67616d0000b273a66eea0bc77d44158b354db5,2025-08-25T15:51:34
516,The Hunt for the Gingerbread Man,2007-09-25,day,https://i.scdn.co/image/ab67616d0000b2734c2b18e0bf0ee5df0d8153f9,2025-08-25T15:51:35
517,Vicious Lies and Dangerous Rumors [Deluxe Edition],,day,,
520,Sober Thoughts,2015-04-28,day,https://i.scdn.co/image/ab67616d0000b273ab18e300f4606983f438dfbb,2025-08-25T15:51:40
521,Tales From The Hood (The Soundtrack),2000-02-08,day,https://i.scdn.co/image/ab67616d0000b2739d0d10c5c854532d47898f8f,2025-08-25T15:51:40
522,"The Pick, The Sickle And The Shovel",1997-01-01,day,https://i.scdn.co/image/ab67616d0000b27338b79fa9b89562d5828b4622,2025-08-25T15:51:41
523,Cole World: The Sideline Story,2011-09-27,day,https://i.scdn.co/image/ab67616d0000b27399da48a530f6ca2ef86da3cc,2025-08-25T15:51:42
524,King Kunta (Fitness Workout Version),,day,,
525,Like Water For Chocolate,2000-01-01,day,https://i.scdn.co/image/ab67616d0000b273e42803c3943b6b0b5481caeb,2025-08-25T15:51:43
526,Shutdown,2015-04-26,day,https://i.scdn.co/image/ab67616d0000b273f9adf87f6145ff208e98cac2,2025-08-25T15:51:44
527,Rise Of An Empire (Deluxe Edition),2014-01-01,day,https://i.scdn.co/image/ab67616d0000b273842e732b778998eef17b405f,2025-08-25T15:51:44
528,Only One,2015-01-08,day,https://i.scdn.co/image/ab67616d0000b273f2209e63affaa48af1b0a3b5,2025-08-25T15:51:45
529,LONG.LIVE.A$AP (Deluxe Version),2013-01-01,year,https://i.scdn.co/image/ab67616d0000b2732ae92030b51fb8135d694af9,2025-08-25T15:51:46
530,Life After Death (2014 Remastered Edition),1997-03-04,day,https://i.scdn.co/image/ab67616d0000b273fde79b88e2a659c394c5ae30,2025-08-25T15:51:46
531,It Takes A Nation Of Millions To Hold Us Back (Deluxe Edition),1988-06-28,day,https://i.scdn.co/image/ab67616d0000b273c3cb4969e8a8e9c9d604bf89,2025-08-25T15:51:47
532,He Got Game (Soundtrack),1998-04-21,day,https://i.scdn.co/image/ab67616d0000b273331c8f13fb4bbf72670f77c7,2025-08-25T15:51:48
533,Mecca And The Soul Brother,1992-05-26,day,https://i.scdn.co/image/ab67616d0000b273d535e6a05ec517c25a232f43,2025-08-25T15:51:49
534,Koncrete Vol. 1,2013-12-17,day,https://i.scdn.co/image/ab67616d0000b2739ee3a4d1bacfd72812767270,2025-08-25T15:51:50
535,Strength & Loyalty,2007-01-01,year,https://i.scdn.co/image/ab67616d0000b2730c078eab10f525a0bd0eb6b3,2025-08-25T15:51:51
536,Work,2013-01-22,day,https://i.scdn.co/image/ab67616d0000b273b6af282e1830deea077ea981,2025-08-25T15:51:52
537,Ray Gun (feat. DOOM),,day,,
538,Druggys WitH Hoes Again (feat. Ab-Soul) - Single,2011-10-11,day,https://i.scdn.co/image/ab67616d0000b2737a288baa567a4d8f63d7eb8a,2025-08-25T15:51:56
539,Body Of The Life Force,2000-10-24,day,https://i.scdn.co/image/ab67616d0000b27358979a480385280f27518d94,2025-08-25T15:51:56
540,Best Night Of My Life,2010-12-20,day,https://i.scdn.co/image/ab67616d0000b2737454c8b62e42e482d06e022f,2025-08-25T15:51:57
541,JOHANN SEBASTIAN BACHLAVA THE DOCTOR,2011-11-21,day,https://i.scdn.co/image/ab67616d0000b2730ebb5af969e8ae4e6d65ed04,2025-08-25T15:51:57
542,Full Circle,2003-01-01,day,https://i.scdn.co/image/ab67616d0000b273732c6f69eb79364fd4fbe11d,2025-08-25T15:51:58
544,How High - The Soundtrack,,day,,
545,Flying Colours,2023-08-18,day,https://i.scdn.co/image/ab67616d0000b27346452908bb5394f7e7de5294,2025-08-25T15:51:59
546,Life Changes,2013-01-22,day,https://i.scdn.co/image/ab67616d0000b273f3b02dfd39023ceabec1b91f,2025-08-25T15:52:00
547,Hollywood: A Story of a Dozen Roses (Deluxe Version),2015-05-15,day,https://i.scdn.co/image/ab67616d0000b2739b1c55be97e944b6e98e847a,2025-08-25T15:52:01
548,"Dipsh*ts (feat. Cam'ron, A-Trak & Juelz Santana)",,day,,
550,Self Sacrifice,2012-03-27,day,https://i.scdn.co/image/ab67616d0000b2730fbb2ba22d8ff954fabb2e16,2025-08-25T15:52:02
551,Unpredictable,2005-01-01,year,https://i.scdn.co/image/ab67616d0000b27380bb22be40d62d941e06e9f4,2025-08-25T15:52:03
552,Warriorz,2000-08-29,day,https://i.scdn.co/image/ab67616d0000b27399d5e13356b05f244af52d78,2025-08-25T15:52:04
553,Live From Los Angeles,2003-01-01,year,https://i.scdn.co/image/ab67616d0000b2736e88eb6508fd94cd1b745ce2,2025-08-25T15:52:04
554,Bobby Bitch,2014-10-14,day,https://i.scdn.co/image/ab67616d0000b27368220fb2045269193df77244,2025-08-25T15:52:05
555,Hot N*gga,2014-07-25,day,https://i.scdn.co/image/ab67616d0000b273d52e14e0595216ca453572ab,2025-08-25T15:52:05
556,"Dipset Mania, Vol. 9",2010-08-29,day,https://i.scdn.co/image/ab67616d0000b273d504b23382b46666d09df37a,2025-08-25T15:52:06
557,Magna Carta... Holy Grail,2013-07-04,day,https://i.scdn.co/image/ab67616d0000b2734af3be606885e7f5559f4031,2025-08-25T15:52:07
558,The Blueprint 3,2009-09-08,day,https://i.scdn.co/image/ab67616d0000b273fec1b815bb3c50a64a90fd10,2025-08-25T15:52:07
559,Numb / Encore: MTV Ultimate Mash-Ups Presents Collision Course,2004-11-30,day,https://i.scdn.co/image/ab67616d0000b2737282412ad025c14f7039f516,2025-08-25T15:52:08
560,Animal Ambition: An Untamed Desire To Win,2014-05-30,day,https://i.scdn.co/image/ab67616d0000b27349ae284b970f5a2abd96768a,2025-08-25T15:52:10
561,Harlem World,1997-01-01,year,https://i.scdn.co/image/ab67616d0000b273b950e2fa6cd0f5c0767b6650,2025-08-25T15:52:10
562,R.U.L.E.,2004-01-01,day,https://i.scdn.co/image/ab67616d0000b2737e81fb67084fb59858a43bf2,2025-08-25T15:52:11
563,Well Done,,day,,
564,Rappers Will Die of Natural Causes (Reissue),2018-08-17,day,https://i.scdn.co/image/ab67616d0000b2737e9e47ada468fce3574c683f,2025-08-25T15:52:11
565,Run With The Creeps (TheD-LuxeEdition),,day,,
566,My Fanbase Will Destroy You,2010-01-01,year,https://i.scdn.co/image/ab67616d0000b27334f21c6c1619c62a932ea1ef,2025-08-25T15:52:12
567,Hallways,2014-02-09,day,https://i.scdn.co/image/ab67616d0000b273ddd3fa748784a5199f55f255,2025-08-25T15:52:13
568,Lese Majesty,2014-07-29,day,https://i.scdn.co/image/ab67616d0000b273a0712cf5c68aa34fd1850dba,2025-08-25T15:52:13
569,True Romance (Deluxe),2013-04-01,day,https://i.scdn.co/image/ab67616d0000b273294561281c5c41d660240e52,2025-08-25T15:52:14
570,BUSH,2015-05-11,day,https://i.scdn.co/image/ab67616d0000b273c64cf8ff1b6428c1e5d6b0c4,2025-08-25T15:52:14
571,Tangible Dream,2013-12-17,day,https://i.scdn.co/image/ab67616d0000b2737bc27a38401210f1d24c6cd7,2025-08-25T15:52:15
572,Blue Eyes Meets Bed Stuy,,day,,
574,Above The Waves,,day,,
576,Radio 538 Hitzone 71,,day,,
577,The Beauty In All,2013-10-01,day,https://i.scdn.co/image/ab67616d0000b2736f5691ef4a6564d1406daba2,2025-08-25T15:52:18
578,Word...Life,1994-05-24,day,https://i.scdn.co/image/ab67616d0000b273e79452d0690a42007921f10a,2025-08-25T15:52:19
579,Son Of Yvonne,,day,,
580,People Hear What They See,2012-06-12,day,https://i.scdn.co/image/ab67616d0000b2735486dec5e4b9a547f45b8303,2025-08-25T15:52:19
581,Exhibit C,2009-12-22,day,https://i.scdn.co/image/ab67616d0000b273096a5830acc45aff40d48095,2025-08-25T15:52:20
582,The Preface,2024-03-22,day,https://i.scdn.co/image/ab67616d0000b273a30b456c2e1e9614af2a5e5e,2025-08-25T15:52:21
583,I Guess,2015-03-23,day,https://i.scdn.co/image/ab67616d0000b27359cdadf5b9d6b16fcc0fd3c3,2025-08-25T15:52:21
584,Synth Or Soul,2013-04-20,day,https://i.scdn.co/image/ab67616d0000b273ef900a9b43bd5138de894cf3,2025-08-25T15:52:22
585,Bizarre Ride II The Pharcyde,1992-11-24,day,https://i.scdn.co/image/ab67616d0000b2739ec4abd35652fafe34ee7dfb,2025-08-25T15:52:22
586,Señorita,2015-05-05,day,https://i.scdn.co/image/ab67616d0000b273958bbdc064515684896075a9,2025-08-25T15:52:23
587,To Whom It May Concern,1999-07-06,day,https://i.scdn.co/image/ab67616d0000b273e37a9578cf967dd0fd861560,2025-08-25T15:52:24
588,"Trap Queen (feat. Azealia Banks, Quavo & Gucci Mane)",2015-05-05,day,https://i.scdn.co/image/ab67616d0000b273bfd9637f9a1d72d2ab463612,2025-08-25T15:52:24
589,Wild Style (Original Motion Picture Soundtrack - 25th Anniversary Edition),,day,,
590,Broke with Expensive Taste,2014-11-07,day,https://i.scdn.co/image/ab67616d0000b273085259544559298a0c6d2df9,2025-08-25T15:52:25
591,Psychological Cheat Sheet,2020-02-28,day,https://i.scdn.co/image/ab67616d0000b273db617683cb9812b2e877b362,2025-08-25T15:52:25
592,Switch Tape - EP,2015-11-13,day,https://i.scdn.co/image/ab67616d0000b27371d2386ea28bf211020b6ac9,2025-08-25T15:52:26
593,Baby Blue (feat. Chance The Rapper),2015-03-03,day,https://i.scdn.co/image/ab67616d0000b27357f480ad681a8ad50b91f364,2025-08-25T15:52:26
594,ATLiens,1996-08-27,day,https://i.scdn.co/image/ab67616d0000b27384be563c5931d7ef35706148,2025-08-25T15:52:27
595,Rock Creek Park,2011-09-06,day,https://i.scdn.co/image/ab67616d0000b27328329333cfeae13aa603dd5c,2025-08-25T15:52:28
596,Nuclear Seasons,2011-11-20,day,https://i.scdn.co/image/ab67616d0000b273969ab7ab99b9bf33bb93252e,2025-08-25T15:52:28
597,TAPE TWO,2013-06-11,day,https://i.scdn.co/image/ab67616d0000b273505b95ce2a8dd28699527394,2025-08-25T15:52:29
598,Mysterious Phonk: The Chronicles of SpaceGhostPurrp,2012-06-11,day,https://i.scdn.co/image/ab67616d0000b2733a068928331525fc953ed787,2025-08-25T15:52:29
599,Marauding at Midnight: A Tribute to the Sounds of a Tribe Called Quest,2017-01-13,day,https://i.scdn.co/image/ab67616d0000b2737e861069cc7dbb564c03b2e9,2025-08-25T15:52:31
600,If There's a Hell Below Instrumentals,2015-04-27,day,https://i.scdn.co/image/ab67616d0000b27321ee5d8a74b15aa22776bb02,2025-08-25T15:52:31
601,Black and Brown Instrumentals,2011-12-19,day,https://i.scdn.co/image/ab67616d0000b2733218506b4cb84f2061a00d7b,2025-08-25T15:52:32
602,The Grind Date,2004-10-05,day,https://i.scdn.co/image/ab67616d0000b2730f487af2c0265eb93d8cffe3,2025-08-25T15:52:32
603,State of Elevation,2013-10-21,day,https://i.scdn.co/image/ab67616d0000b273dba434cdf29b4678cdb04cdc,2025-08-25T15:52:33
604,Occult Hymn EP,,day,,
605,When I Was Your World,2019-03-01,day,https://i.scdn.co/image/ab67616d0000b273e3a50b59032e1337dfdd0d2c,2025-08-25T15:52:34
606,Clouds,2011-03-01,day,https://i.scdn.co/image/ab67616d0000b27339a01e506c7fbdbe627aa39e,2025-08-25T15:52:35
607,Integrity>,2015-05-04,day,https://i.scdn.co/image/ab67616d0000b2734823d4e032e6b7fa14510854,2025-08-25T15:52:35
608,Show You,,day,,
609,History:,2011-02-13,day,https://i.scdn.co/image/ab67616d0000b273faba9d982e63009ad3ba31f1,2025-08-25T15:52:36
610,BHP 2: N.A.A.C.P,,day,,
611,Green Language,2014-08-25,day,https://i.scdn.co/image/ab67616d0000b273f07e603ef59d857bbfdd77d4,2025-08-25T15:52:37
612,The Sugarhill Gang - 30th Anniversary Edition (Expanded Version),2010-01-01,day,https://i.scdn.co/image/ab67616d0000b273403aa91f9c7bfb469aa4fe2e,2025-08-25T15:52:37
613,Belong to the World - Single,,day,,
614,Counter-Clockwise - Single,,day,,
615,What the F*ck is a Jay Electronica,,day,,
616,Cosmogramma,2010-05-03,day,https://i.scdn.co/image/ab67616d0000b2736f0c962b04f02c839726f41f,2025-08-25T15:52:38
617,"Rules and Regulations, Vol. 1",2007-08-20,day,https://i.scdn.co/image/ab67616d0000b273e80446181bd71b65c2b738dd,2025-08-25T15:52:39
618,Street Anthems,2009-10-19,day,https://i.scdn.co/image/ab67616d0000b2730acdb506212cd78219deb21d,2025-08-25T15:52:40
619,In At The Deep End,2005-01-01,day,https://i.scdn.co/image/ab67616d0000b273f1a352adeadb6316cb43186f,2025-08-25T15:52:40
620,Cydeways: The Best Of The Pharcyde,2001-01-01,day,https://i.scdn.co/image/ab67616d0000b273392813a06d92dec5b5939c53,2025-08-25T15:52:41
621,MM..FOOD (20th Anniversary Edition),2024-11-15,day,https://i.scdn.co/image/ab67616d0000b27332c7e978755bf986adaedc92,2025-08-25T15:52:41
623,BPSWR,2015-02-24,day,https://i.scdn.co/image/ab67616d0000b2732a0080439886c2e656d5cdf6,2025-08-25T15:52:43
624,"Trinity (Past, Present And Future)",2002-08-13,day,https://i.scdn.co/image/ab67616d0000b273d6b9bc1056cfd2f48e26e91e,2025-08-25T15:52:44
625,Setbacks,2011-01-11,day,https://i.scdn.co/image/ab67616d0000b273b972e856818dbcae8525b545,2025-08-25T15:52:45
626,Soul On Ice,1996-01-01,day,https://i.scdn.co/image/ab67616d0000b27336390db53ac0dcb53de3768f,2025-08-25T15:52:46
627,Ludaversal (Deluxe),2015-03-30,day,https://i.scdn.co/image/ab67616d0000b27348d449715ca5814b6df7087f,2025-08-25T15:52:46
628,Playtime Is Over,1998-12-22,day,https://i.scdn.co/image/ab67616d0000b273e750d263d1eb76713434d838,2025-08-25T15:52:47
629,Breaking Atoms (2017 Remastered),1991-01-01,day,https://i.scdn.co/image/ab67616d0000b273eae55f0c975827ada8b7223e,2025-08-25T15:52:48
630,Still Goin In - Reloaded,2013-04-30,day,https://i.scdn.co/image/ab67616d0000b273bab85cd83daa0c9de9b440a8,2025-08-25T15:52:49
631,Hip Hop For Respect,,day,,
632,Here Come The Lords,1993-01-01,day,https://i.scdn.co/image/ab67616d0000b2739f1f96b2d132b62ef0e3da18,2025-08-25T15:52:50
633,Novacane,2011-01-01,day,https://i.scdn.co/image/ab67616d0000b27359a428dc7ef8e0c12b0fe18a,2025-08-25T15:52:51
634,Fool’s Gold Presents: Loosies,,day,,
635,T.D.E.,2014-01-07,day,https://i.scdn.co/image/ab67616d0000b2733521c23672c236b864e0433e,2025-08-25T15:52:52
636,Longterm Mentality,2011-04-05,day,https://i.scdn.co/image/ab67616d0000b27331770acc5bf39b3d2875fa64,2025-08-25T15:52:53
637,Cancer 4 Cure,2012-01-01,year,https://i.scdn.co/image/ab67616d0000b273d6f1e136647db2463b9b286e,2025-08-25T15:52:54
638,Modal Soul,2005-11-11,day,https://i.scdn.co/image/ab67616d0000b273912cc8fe2e9a53d328757a41,2025-08-25T15:52:54
639,Dfd,2011-11-01,day,https://i.scdn.co/image/ab67616d0000b273a41a43790cdc854c24dd44f5,2025-08-25T15:52:55
640,Perfect Hair,2014-09-08,day,https://i.scdn.co/image/ab67616d0000b27312e107173b46d98c2e1387d2,2025-08-25T15:52:56
641,Bestiary (Bonus Track Version),2014-11-10,day,https://i.scdn.co/image/ab67616d0000b273880e87a04582751a44a52533,2025-08-25T15:52:57
642,The Best Of DMX,2010-01-26,day,https://i.scdn.co/image/ab67616d0000b27323a3ce6ba407c36119565b67,2025-08-25T15:52:57
643,Free Nation Rebel Soldier 2,2020-01-10,day,https://i.scdn.co/image/ab67616d0000b27336ba20b7e0d1b5336dad99c7,2025-08-25T15:52:58
644,TAPE ONE,2013-01-22,day,https://i.scdn.co/image/ab67616d0000b2738847922b471aa2d62458f2b8,2025-08-25T15:52:58
645,White Men Are Black Men Too,2015-04-06,day,https://i.scdn.co/image/ab67616d0000b273c3bbcb29b39f3c79a701c2f0,2025-08-25T15:52:59
647,God's Gift: The Nas/Jay-Z Project,,day,,
648,702-386-5397,2016-12-02,day,https://i.scdn.co/image/ab67616d0000b273a81a995388f4ad80e40d6dbf,2025-08-25T15:53:01
649,Power In Numbers,2002-01-01,day,https://i.scdn.co/image/ab67616d0000b273a99e0e8509401d186b6a56f1,2025-08-25T15:53:01
650,Mr. Clean / Modern Day Mugging,2012-01-31,day,https://i.scdn.co/image/ab67616d0000b273c74f01e0d9550790e5850e03,2025-08-25T15:53:02
651,Classics,2006-08-22,day,https://i.scdn.co/image/ab67616d0000b27347c1d9294700c9b75fbaed6b,2025-08-25T15:53:02
653,Straight Outta Compton (2002 Digital Remaster),,day,,
654,My Name is Hannibal,2010-07-27,day,https://i.scdn.co/image/ab67616d0000b27358110032b482b3034c19db32,2025-08-25T15:53:03
656,Fully Grown,2010-10-11,day,https://i.scdn.co/image/ab67616d0000b2730a4b928ae8b5ffb38952e89b,2025-08-25T15:53:04
657,Step In The Arena,1991-01-15,day,https://i.scdn.co/image/ab67616d0000b273acfce7e508dc7b92f073abca,2025-08-25T15:53:05
658,KoleXXXion,2022-06-28,day,https://i.scdn.co/image/ab67616d0000b2734fe661af316a5a718bedcce4,2025-08-25T15:53:05
659,Homebrew,1992-01-01,day,https://i.scdn.co/image/ab67616d0000b2738d5a818aa25672c9a507c2cd,2025-08-25T15:53:06
660,C Of Tranquility,2010-10-05,day,https://i.scdn.co/image/ab67616d0000b273b11e85bc5fcc03387d65b29d,2025-08-25T15:53:07
661,Beats That Collected Dust Vol. 2,2011-08-07,day,https://i.scdn.co/image/ab67616d0000b273191c05e014d23c12a2d77a21,2025-08-25T15:53:07
662,wEaRe aT WaR,2012-01-24,day,https://i.scdn.co/image/ab67616d0000b273b15c3dd6d14d5cc3137614de,2025-08-25T15:53:08
663,The Blaqprint,,day,,
664,The Aftermath,1993-01-01,year,https://i.scdn.co/image/ab67616d0000b27322ea898c027217dfc047b200,2025-08-25T15:53:09
665,Mass Appeal: The Best Of Gang Starr,1998-03-31,day,https://i.scdn.co/image/ab67616d0000b2733a76edacefe2e7a589222787,2025-08-25T15:53:10
666,Beats That Collected Dust Vol. 1,2008-09-02,day,https://i.scdn.co/image/ab67616d0000b273d4be605a267df4e9a09f6245,2025-08-25T15:53:10
667,Some Old Bullshit,1994-02-08,day,https://i.scdn.co/image/ab67616d0000b27307c513603f4400da01d3da8f,2025-08-25T15:53:11
668,Uptown Saturday Night,1997-01-28,day,https://i.scdn.co/image/ab67616d0000b273a9e2d71c5d38c4c9418fb888,2025-08-25T15:53:12
669,Easy Rider,2014-08-05,day,https://i.scdn.co/image/ab67616d0000b273ad6831710e116986a4cc2cd4,2025-08-25T15:53:13
670,A Tale Of Two Andres,2008-06-17,day,https://i.scdn.co/image/ab67616d0000b273b701aac88c5a53bd072b3e38,2025-08-25T15:53:13
671,Thizzelle Washington,2002-01-01,day,https://i.scdn.co/image/ab67616d0000b273003098004b14953476ab75a8,2025-08-25T15:53:14
672,The New Jim Jones,1993-06-17,day,https://i.scdn.co/image/ab67616d0000b273eeed2ab7f199bdb4fe1c54c9,2025-08-25T15:53:15
673,Just Tryin ta Live (Edited),2013-08-15,day,https://i.scdn.co/image/ab67616d0000b273952a03ede0c574c484ba1462,2025-08-25T15:53:15
674,Indigoism,2013-07-19,day,https://i.scdn.co/image/ab67616d0000b273b4ae498cc428870b34601df6,2025-08-25T15:53:16
675,NO Wheaties feat Smoke DZA & Curren$y,,day,,
677,J5 (Deluxe Edition),2008-02-06,day,https://i.scdn.co/image/ab67616d0000b2731200c958dd5659bcab72d2a7,2025-08-25T15:53:17
679,Chupa Chups,2024-02-13,day,https://i.scdn.co/image/ab67616d0000b273b75e48bdedf24d3143ae5d7d,2025-08-25T15:53:21
680,Overall,2011-05-16,day,https://i.scdn.co/image/ab67616d0000b273183b5bd0f9331e9e308987fe,2025-08-25T15:53:21
681,Below The Heavens,2007-07-17,day,https://i.scdn.co/image/ab67616d0000b2733aac7606f121deb24365a224,2025-08-25T15:53:22
682,The Money Store,2012-04-23,day,https://i.scdn.co/image/ab67616d0000b273b4f8459b0f719f8a97ee1c8c,2025-08-25T15:53:22
683,White Van Music,2008-10-07,day,https://i.scdn.co/image/ab67616d0000b27374a23710a5bd2dc668db1be6,2025-08-25T15:53:23
684,Hip Hop Squads,2020-05-01,day,https://i.scdn.co/image/ab67616d0000b273105eb90d407d5cc1a2b618fa,2025-08-25T15:53:24
685,DEAD,2014-02-03,day,https://i.scdn.co/image/ab67616d0000b27312105fa696e60bf2e3106178,2025-08-25T15:53:24
686,Bootlegs And B-Sides,1994-11-22,day,https://i.scdn.co/image/ab67616d0000b27396c799b97ad8d8be2d315dd0,2025-08-25T15:53:25
687,LP1,2014-08-11,day,https://i.scdn.co/image/ab67616d0000b27377a39a4e1d5d0f24dac1130a,2025-08-25T15:53:26
688,Fornever,2010-04-13,day,https://i.scdn.co/image/ab67616d0000b2735792cf777478e8b0c27d9d5d,2025-08-25T15:53:27
689,Efil4zaggin,1991-05-28,day,https://i.scdn.co/image/ab67616d0000b27377cf4557b2899021f216c8dd,2025-08-25T15:53:27
690,Don't Quit Your Day Job,2007-03-06,day,https://i.scdn.co/image/ab67616d0000b2733055d5243f82b2e0d0cf5585,2025-08-25T15:53:28
692,Paid In Full,1987-07-07,day,https://i.scdn.co/image/ab67616d0000b273d9a71c225d94b8cb6638bb91,2025-08-25T15:53:30
693,Gold,2005-06-14,day,https://i.scdn.co/image/ab67616d0000b273ae3f3baf0d2afd17da6477dd,2025-08-25T15:53:30
694,10Day,,day,,
695,"All Killer, No Filler",2001-01-01,day,https://i.scdn.co/image/ab67616d0000b2739a482180e6a306229bff49dc,2025-08-25T15:53:31
696,"Armada Deep House Selection, Vol. 3 (The Finest Deep House Tunes)",,day,,
697,Animals,2013-06-17,day,https://i.scdn.co/image/ab67616d0000b2736abad6915a2216dc18e7e3a7,2025-08-25T15:53:32
698,Fan of A Fan The Album (Expanded Edition),2015-02-24,day,https://i.scdn.co/image/ab67616d0000b273770842637a8e7348fc4687a3,2025-08-25T15:53:32
699,The Warm Up,2009-06-15,day,https://i.scdn.co/image/ab67616d0000b273b8a217bec71155c020c5c3e0,2025-08-25T15:53:33
700,The New Danger,2004-10-19,day,https://i.scdn.co/image/ab67616d0000b2735172f995061884d2b1449a80,2025-08-25T15:53:33
701,Jeremih,2009-01-01,day,https://i.scdn.co/image/ab67616d0000b27318b7e2ca5058f16a12059044,2025-08-25T15:53:34
702,The Big Bang,2006-01-01,day,https://i.scdn.co/image/ab67616d0000b273cb985820fdad1b2ff5402141,2025-08-25T15:53:35
703,Me Against The World,1995-03-14,day,https://i.scdn.co/image/ab67616d0000b27304b9ab6bd4bf6a350ba902ea,2025-08-25T15:53:36
704,The Blacker the Berry,,day,,
705,9AM in Dallas (Edited Version),2010-01-01,day,https://i.scdn.co/image/ab67616d0000b273d354e109c092d5a4e10d228f,2025-08-25T15:53:36
706,That's Not Me (Remix),2014-01-01,day,https://i.scdn.co/image/ab67616d0000b273484413b0fb12ad47a97d85b3,2025-08-25T15:53:37
707,Made in the Manor,2019-08-30,day,https://i.scdn.co/image/ab67616d0000b273e67b09256c44df06cb2aae19,2025-08-25T15:53:38
708,No Genre,2012-11-15,day,https://i.scdn.co/image/ab67616d0000b273dbae18240fd8c4958b632c14,2025-08-25T15:53:38
709,Genesis,2001-11-07,day,https://i.scdn.co/image/ab67616d0000b273075418a1fafdfd7a455941dd,2025-08-25T15:53:39
716,Music,,day,,
717,Dreamchasers 2,2018-11-30,day,https://i.scdn.co/image/ab67616d0000b273cd63c5962050729d260077d6,2025-08-25T15:53:40
718,The Infamous... Instrumentals,,day,,
720,A Better Tomorrow,2014-11-28,day,https://i.scdn.co/image/ab67616d0000b273044633dacda6b00dc0896892,2025-08-25T15:53:41
721,Extended Play,2013-06-18,day,https://i.scdn.co/image/ab67616d0000b2733a1cb1213a99e073a8d65733,2025-08-25T15:53:41
722,Gold Digger,2005-01-01,day,https://i.scdn.co/image/ab67616d0000b2737c3949134ab53c78218c4e22,2025-08-25T15:53:42
723,Work Out,,day,,
724,Otis,,day,,
725,Volume. 3... Life and Times of S. Carter,,day,,
726,CoCo,2014-11-10,day,https://i.scdn.co/image/ab67616d0000b2734b4064b5e7330b1e407ac343,2025-08-25T15:53:43
727,The Ecology,2015-02-24,day,https://i.scdn.co/image/ab67616d0000b2738158f7e7ef8596814151e237,2025-08-25T15:53:43
728,2K6: The Tracks (EX),2005-10-04,day,https://i.scdn.co/image/ab67616d0000b2737572d4fbb7323c9842054c89,2025-08-25T15:53:44
729,Subject,2003-01-01,day,https://i.scdn.co/image/ab67616d0000b273bf8217f431eabb11e9b20dc1,2025-08-25T15:53:44
730,20/20,2006-02-21,day,https://i.scdn.co/image/ab67616d0000b273b5527b3bf5910db2323923f6,2025-08-25T15:53:45
731,Melt My Eyez See Your Future,2001-10-23,day,https://i.scdn.co/image/ab67616d0000b2739e884b7922a905cf2df7db50,2025-08-25T15:53:46
732,Wrath Of The Math,1996-01-01,day,https://i.scdn.co/image/ab67616d0000b273202a788ac08af7d168ff8df9,2025-08-25T15:53:46
733,Blood Money,2006-05-02,day,https://i.scdn.co/image/ab67616d0000b273019a89b674026f9227ac265d,2025-08-25T15:53:47
734,Give Me My Flowers While I Can Still Smell Them,2012-07-17,day,https://i.scdn.co/image/ab67616d0000b2733118cfacdb0b06d3c234dad7,2025-08-25T15:53:47
735,Boy Meets World,2009-01-01,year,https://i.scdn.co/image/ab67616d0000b2736a09684a06ad63c6fc8c9806,2025-08-25T15:53:48
737,20 RAP GEMS,2009-05-15,day,https://i.scdn.co/image/ab67616d0000b2736a16229b091d5d52244666ea,2025-08-25T15:53:49
738,How High,2001-01-01,day,https://i.scdn.co/image/ab67616d0000b27301a8a777b23f311cadada2d1,2025-08-25T15:53:49
739,More Music From 8 Mile,,day,,
740,Amerikaz Nightmare,2004-08-10,day,https://i.scdn.co/image/ab67616d0000b273e562cd3a5b9b493c1f582ad0,2025-08-25T15:53:50
741,PEEP: The aPROcalypse,,day,,
742,The Main Ingredient,1994-01-01,day,https://i.scdn.co/image/ab67616d0000b273787d62bbc9dc7a13f2a712be,2025-08-25T15:53:51
743,Top 100 Hip-Hop Songs of 2013,,day,,
744,The Love Movement,1998-09-29,day,https://i.scdn.co/image/ab67616d0000b27389202df9fbd69ea49e9efe11,2025-08-25T15:53:52
745,Piano Ombre (Édition Deluxe),2014-12-03,day,https://i.scdn.co/image/ab67616d0000b273f0064e81ac7522bd3b8c7e57,2025-08-25T15:53:53
746,Neighborhood Watch,2004-04-06,day,https://i.scdn.co/image/ab67616d0000b2738186bf9413a587a7061b9755,2025-08-25T15:53:54
747,Hell On Earth (Explicit),,day,,
748,The R.E.D. Album,2011-01-01,day,https://i.scdn.co/image/ab67616d0000b2739694b30f3bf3eb96a95e18da,2025-08-25T15:53:55
749,Murda Muzik,1999-08-17,day,https://i.scdn.co/image/ab67616d0000b27331dd36c756f1bb3af4d3e35a,2025-08-25T15:53:56
750,Get Away (The Spirit of Wu-Tang),2013-04-28,day,https://i.scdn.co/image/ab67616d0000b273ea8324d5843c310d78ddb844,2025-08-25T15:53:57
751,Legend Of The Wu-Tang: Wu-Tang Clan's Greatest Hits,2004-10-26,day,https://i.scdn.co/image/ab67616d0000b27341df0d726f3c4c60207d72fd,2025-08-25T15:53:57
752,Loud Rocks,,day,,
753,Biochemical Equation,2005-10-07,day,https://i.scdn.co/image/ab67616d0000b27370515e68156a8b165627a063,2025-08-25T15:53:58
754,Think Differently Music: Wu-Tang Meets the Indie Culture,,day,,
755,Piñata Beats,2014-06-03,day,https://i.scdn.co/image/ab67616d0000b273447d381d8266c43a6652b861,2025-08-25T15:53:58
756,Shade Business,2013-02-05,day,https://i.scdn.co/image/ab67616d0000b273f7cb9713b7e0da3e66e9ff49,2025-08-25T15:53:59
757,New God Flow,2012-01-01,day,https://i.scdn.co/image/ab67616d0000b27325b48af98f6a17dce6ca5082,2025-08-25T15:54:00
758,Enter The Magical Mystery Cham,,day,,
759,Black Messiah,2014-12-15,day,https://i.scdn.co/image/ab67616d0000b2735fb07fa92d5d658edadf053a,2025-08-25T15:54:01
760,Prisoner of Conscious,2015-03-09,day,https://i.scdn.co/image/ab67616d0000b273983aa4181542fa75aef292bc,2025-08-25T15:54:02
761,Quality,2002-12-16,day,https://i.scdn.co/image/ab67616d0000b273f99af87e949e0b53c5b26da6,2025-08-25T15:54:03
762,The Amazing Nina Simone,1959-01-01,year,https://i.scdn.co/image/ab67616d0000b2735c3f4b88bcbd872002f45e6c,2025-08-25T15:54:03
763,The Man With The Iron Fists Soundtrack,,day,,
764,Your Old Droog,2014-11-25,day,https://i.scdn.co/image/ab67616d0000b2736bcc11bbb30a8992f63ff4e9,2025-08-25T15:54:04
765,Sunday's Best / Monday's Worst,2013-03-19,day,https://i.scdn.co/image/ab67616d0000b2738d2229da8f022c5be7929a74,2025-08-25T15:54:04
766,Scenario (Remixes),1999-10-26,day,https://i.scdn.co/image/ab67616d0000b273b1ddb9f5f519e0d37bc94a53,2025-08-25T15:54:06
768,Tical,2001-08-20,day,https://i.scdn.co/image/ab67616d0000b2732f2e578aee9d3a346eea728b,2025-08-25T15:54:07
769,Forward,2011-02-06,day,https://i.scdn.co/image/ab67616d0000b2734ba08be28f6ef8f34d4477df,2025-08-25T15:54:07
770,2001 Instrumental,1999-11-17,day,https://i.scdn.co/image/ab67616d0000b273b986942966fc442a970a2879,2025-08-25T15:54:09
772,All My Heroes Are Dead,2020-04-17,day,https://i.scdn.co/image/ab67616d0000b273ae34cbf94398d86d0cfda295,2025-08-25T15:54:09
773,"Bird's Eye View (feat. Raekwon, Joey Bada$$, Black Thought) - Single",2013-04-16,day,https://i.scdn.co/image/ab67616d0000b273e403abe742d3182ee74f9787,2025-08-25T15:54:10
774,War & Peace Vol. 1 (The War Disc),1998-11-17,day,https://i.scdn.co/image/ab67616d0000b273cf9e1f7ee70e9f06a1b7d77c,2025-08-25T15:54:10
775,Physical Graffiti (Deluxe Edition),1975-02-24,day,https://i.scdn.co/image/ab67616d0000b273765b0617b572bdd1dbdc7d8e,2025-08-25T15:54:12
776,The Big Picture,2016-07-15,day,https://i.scdn.co/image/ab67616d0000b27392729369e1dd4c11471b5163,2025-08-25T15:54:12
777,Tis The Season (feat. Joey Bada$$),2013-09-09,day,https://i.scdn.co/image/ab67616d0000b2730806b9b4d7ba20b1406bac89,2025-08-25T15:54:13
778,In Rare Form,2004-01-01,year,https://i.scdn.co/image/ab67616d0000b273b0fa9d5a5dd920e64aeccc6d,2025-08-25T15:54:14
779,Saliva VLS,,day,,
780,Special Herbs - The Box Set Vol. 0-9,,day,,
781,Lost Files,2000-01-01,year,https://i.scdn.co/image/ab67616d0000b27381466d96e5091e825f34add4,2025-08-25T15:54:15
782,36 Seasons,2014-12-09,day,https://i.scdn.co/image/ab67616d0000b273563ac45a3b9429d078967e81,2025-08-25T15:54:16
784,E&J,2014-02-04,day,https://i.scdn.co/image/ab67616d0000b273c28976c1eb708bcf83a4e528,2025-08-25T15:54:16
790,Beautiful Raw,2013-05-07,day,https://i.scdn.co/image/ab67616d0000b273f07d892ec1f906a888b0337c,2025-08-25T15:54:17
795,Resurrection,1994-10-25,day,https://i.scdn.co/image/ab67616d0000b2734f6c3df7fe1ee45e0f732d76,2025-08-25T15:54:18
799,The Man With The Iron Fists,2012-11-07,day,https://i.scdn.co/image/ab67616d0000b2739dd64a7331acdb2de87d5c4c,2025-08-25T15:54:19
801,The Man with the Iron Fists (Original Motion Picture Soundtrack),2012-10-21,day,https://i.scdn.co/image/ab67616d0000b2739bec9910475fce13aff6629c,2025-08-25T15:54:20
804,Gunplay,2013-10-29,day,https://i.scdn.co/image/ab67616d0000b273359130e60d9fd63df3e46ee1,2025-08-25T15:54:21
805,Kaleidoscope Dream (Deluxe Version),2012-01-01,year,https://i.scdn.co/image/ab67616d0000b27393bc52fe298b498ed5a806a4,2025-08-25T15:54:23
806,Malta,2011-07-08,day,https://i.scdn.co/image/ab67616d0000b27346c831811c594af90a0242fc,2025-08-25T15:54:24
807,Lights,2011-01-01,day,https://i.scdn.co/image/ab67616d0000b273a32eb203ef712c97d7de2b38,2025-08-25T15:54:24
808,The Crypt,2023-03-10,day,https://i.scdn.co/image/ab67616d0000b2735df241098fd31292e6510a1d,2025-08-25T15:54:25
809,Not Giving In (feat. John Newman & Alex Clare),2012-11-12,day,https://i.scdn.co/image/ab67616d0000b2732fdbc488e8f9c71dfa59db26,2025-08-25T15:54:26
810,SBTRKT,2011-06-27,day,https://i.scdn.co/image/ab67616d0000b2738478600ed55aaac6bd092618,2025-08-25T15:54:26
811,Digital Heart EP,2012-08-20,day,https://i.scdn.co/image/ab67616d0000b273c21e91ec5095f242f6e781b1,2025-08-25T15:54:27
812,True Story,2004-07-15,day,https://i.scdn.co/image/ab67616d0000b2732e49046fecfba5be6bc7b92a,2025-08-25T15:54:27
813,Sketches Of A Man,1991-10-29,day,https://i.scdn.co/image/ab67616d0000b273fc267608ffd5a339abf8b9db,2025-08-25T15:54:28
814,Gifted Unlimited Rhymes Universal,2010-09-28,day,https://i.scdn.co/image/ab67616d0000b27381c517e4a05a3270f19898d8,2025-08-25T15:54:28
815,Daily Operation,1992-05-05,day,https://i.scdn.co/image/ab67616d0000b273e38d4567dbeb5decf989a84d,2025-08-25T15:54:30
816,Heroz4hire,2021-07-09,day,https://i.scdn.co/image/ab67616d0000b273530f80f7d62eee2a381e145e,2025-08-25T15:54:30
817,Directors Of Photography,2014-08-11,day,https://i.scdn.co/image/ab67616d0000b2739a6c940cbc7823fb9149e329,2025-08-25T15:54:31
818,Holy Intellect (Expanded Edition),1990-01-01,year,https://i.scdn.co/image/ab67616d0000b27389748dc3bd4c00047dd1a313,2025-08-25T15:54:31
819,Smif N Wessun Reloaded,2005-10-18,day,https://i.scdn.co/image/ab67616d0000b2735d529dde76b1e4113c966ca6,2025-08-25T15:54:32
820,Hold It Down,1995-09-26,day,https://i.scdn.co/image/ab67616d0000b2733c946b69fd47394d3d8a6003,2025-08-25T15:54:33
821,The Very Best Of Das EFX,2001-07-03,day,https://i.scdn.co/image/ab67616d0000b27347faba56470a460c3faf3c63,2025-08-25T15:54:34
822,The Predator (World),,day,,
823,Legacy Of Blood,2004-09-21,day,https://i.scdn.co/image/ab67616d0000b273f0a58e32ad770fd71aa8aa2c,2025-08-25T15:54:35
824,Paper Plate,2008-07-15,day,https://i.scdn.co/image/ab67616d0000b2733d2a01d0f14a5ab6d5b7d8f7,2025-08-31T20:16:30
825,Duck Season Vol. 3,,day,,
826,Somewhere Else,2014-07-01,day,https://i.scdn.co/image/ab67616d0000b2734d5c8a973e6361676edf7d2d,2025-08-25T15:54:36
827,Ray's Café,2014-01-21,day,https://i.scdn.co/image/ab67616d0000b2738aa1d4b31b7c14f42ae2ec4c,2025-08-25T15:54:36
828,The Master,1999-11-30,day,https://i.scdn.co/image/ab67616d0000b273788e4b609c57229f355b96b8,2025-08-25T15:54:37
829,SAAAB Stories Produced by Harry Fraud,2013-06-11,day,https://i.scdn.co/image/ab67616d0000b273cf7b883ff5d6992874edc90a,2025-08-25T15:54:38
830,Wu-Box - The Cream Of The Clan,,day,,
831,Strictly Business,1988-06-07,day,https://i.scdn.co/image/ab67616d0000b27393d12611d0665f9bb15cc79f,2025-08-25T15:54:38
832,Back In Business,1997-09-16,day,https://i.scdn.co/image/ab67616d0000b2730b32162c6f11792784b93ca6,2025-08-25T15:54:39
833,Big Dusty,,day,,
834,Unorthodox,2013-01-14,day,https://i.scdn.co/image/ab67616d0000b2731c13d2b3459d70321266c32c,2025-08-25T15:54:39
835,Waves,2012-11-13,day,https://i.scdn.co/image/ab67616d0000b273b896d8511b312642d5ef0d95,2025-08-25T15:54:40
836,Christ Conscious,,day,,
837,Deltron 3030,2000-01-01,year,https://i.scdn.co/image/ab67616d0000b273210c8f856757abec0806209c,2025-08-25T15:54:41
838,Renaissance presents Pacha Ibiza - Volume 1,,day,,
839,Apocalypse 91… The Enemy Strikes Black,1991-10-01,day,https://i.scdn.co/image/ab67616d0000b273c461ace44054d79bdd287c4e,2025-08-25T15:54:41
840,Anthem Inc.,2011-12-13,day,https://i.scdn.co/image/ab67616d0000b273189864dd2a65dadda237f852,2025-08-25T15:54:43
841,The Science,2023-07-26,day,https://i.scdn.co/image/ab67616d0000b2731fc189d08c312b889c67ca3e,2025-08-25T15:54:44
842,Music From The Motion Picture The Sitter,2011-12-06,day,https://i.scdn.co/image/ab67616d0000b27376c1e5f24e766f1eafc0df16,2025-08-25T15:54:44
843,Critical Beatdown (Re-Issue),1988-01-01,year,https://i.scdn.co/image/ab67616d0000b273889d4abdba0ff0cfdf1dc32d,2025-08-25T15:54:45
844,Fear Of A Black Planet,1990-04-10,day,https://i.scdn.co/image/ab67616d0000b2732e3d1de8b2f61a477ae1ed6c,2025-08-25T15:54:45
845,Man Of The Year,,day,,
846,My Nigga (Remix),,day,,
847,Capital Punishment (Explicit Version),,day,,
848,Wu-Block,2012-07-17,day,https://i.scdn.co/image/ab67616d0000b273eb2901791c4e42ba1d893c18,2025-08-25T15:54:46
849,Desire,2007-01-01,day,https://i.scdn.co/image/ab67616d0000b273b4b09178e6722b77e68e12c6,2025-08-25T15:54:47
850,Strictly Business (25th Anniversary Expanded Edition),1988-06-07,day,https://i.scdn.co/image/ab67616d0000b273f84f8548b6050b76c2dbb0ff,2025-08-25T15:54:48
851,Amplified,1999-11-23,day,https://i.scdn.co/image/ab67616d0000b2734aac780cc34bb47de4b04816,2025-08-25T15:54:49
852,Statement Of Intent,2012-02-27,day,https://i.scdn.co/image/ab67616d0000b2739d41ecc9dacd6a7ff39e2e64,2025-08-25T15:54:50
853,Now or Never,2024-05-30,day,https://i.scdn.co/image/ab67616d0000b273fbc57462c5f4a2e1fbfb0b39,2025-08-25T15:54:50
854,Doc's Da Name 2000,1998-12-08,day,https://i.scdn.co/image/ab67616d0000b2739117f7bf985e64751ed978d5,2025-08-25T15:54:51
855,Wu-Tang Collective,2003-03-25,day,https://i.scdn.co/image/ab67616d0000b273d13eac1c9aa9fae53cfa1b54,2025-08-25T15:54:51
856,Behind Bars,1994-01-01,day,https://i.scdn.co/image/ab67616d0000b273fb70fad34a7f9f088d99322c,2025-08-25T15:54:52
857,Sings Christmas Songs,2013-08-26,day,https://i.scdn.co/image/ab67616d0000b273c6b8552d21a9c3e7910a119e,2025-08-25T15:54:53
858,NOW 100 Hits Christmas,2020-10-30,day,https://i.scdn.co/image/ab67616d0000b2736f750f51b487f179db4b61b1,2025-08-25T15:54:54
859,Project: Funk Da World,1994-01-01,day,https://i.scdn.co/image/ab67616d0000b27332a551112301b05eee3a1eed,2025-08-25T15:54:54
860,10 Year Anniversary Illmatic Platinum Series,2004-01-01,year,https://i.scdn.co/image/ab67616d0000b273c90a7150a0f804f53a37a0bb,2025-08-25T15:54:55
861,The Art Of Storytelling,1999-01-01,day,https://i.scdn.co/image/ab67616d0000b273e9a2bb369e73812ebcf30b56,2025-08-25T15:54:56
862,Wu Tang Vs. Shaolin Masters,2011-05-17,day,https://i.scdn.co/image/ab67616d0000b273b0e1180faa72caf747d26516,2025-08-25T15:54:56
863,Wu-Box - The Cream Of The Clan (Wu-Tang Clan Family Album),2007-08-28,day,https://i.scdn.co/image/ab67616d0000b273e710c5f44443e6e12b275599,2025-08-25T15:54:57
865,Ready to Die (The Remaster; 2015 Remaster),1994-09-13,day,https://i.scdn.co/image/ab67616d0000b273dde04ab1a3c256602de5b2e7,2025-08-25T15:54:58
866,No. 99,,day,,
867,No Type,2021-08-17,day,https://i.scdn.co/image/ab67616d0000b2733058b5143e2e025725cacc44,2025-08-25T15:54:59
869,The Professional,1998-01-01,day,https://i.scdn.co/image/ab67616d0000b273c3eb89dbb59d32ab80d397dc,2025-08-25T15:55:01
870,R.I.P Young Dot,,day,,
871,Method to the Maadness,2010-08-30,day,https://i.scdn.co/image/ab67616d0000b27307ce78fe86838e3677c1cb4c,2025-08-25T15:55:02
872,Nineteen Ninety Now,,day,,
874,Talk Dirty (Feat. 2 Chainz),2013-08-02,day,https://i.scdn.co/image/ab67616d0000b2736762393cc37cc9af6a4f1f16,2025-08-25T15:55:03
875,Random Access Memories,2013-05-20,day,https://i.scdn.co/image/ab67616d0000b2739b9b36b0e22870b9f542d937,2025-08-25T15:55:03
876,The Calm Before the Storm,2014-01-20,day,https://i.scdn.co/image/ab67616d0000b273b185b51824dbd80c56a44189,2025-08-25T15:55:04
878,...And Then There Was X,1999-12-21,day,https://i.scdn.co/image/ab67616d0000b273581d9fcb8a2e6d600d59b819,2025-08-25T15:55:05
881,Firing Squad,1996-07-21,day,https://i.scdn.co/image/ab67616d0000b27389e320dbf497b1bcedad1aa1,2025-08-25T15:55:05
882,Tha Carter III,2008-01-01,day,https://i.scdn.co/image/ab67616d0000b273aa739a5e844220bb44a64adc,2025-08-25T15:55:06
883,Twelve Reasons To Die: The Brown Tape,,day,,
884,All 6's And 7's,2011-06-07,day,https://i.scdn.co/image/ab67616d0000b2736a0b17b302637c4094433f09,2025-08-25T15:55:07
886,Grand Champ,2003-01-01,day,https://i.scdn.co/image/ab67616d0000b273b6afa5d2bfa63cb0eaa386b1,2025-08-25T15:55:08
887,10 Day,2024-05-17,day,https://i.scdn.co/image/ab67616d0000b273ffe33556b323eda2610444f6,2025-08-25T15:55:08
888,Game Theory,2006-08-29,day,https://i.scdn.co/image/ab67616d0000b2737427faa6c69543c3c9470430,2025-08-25T15:55:09
889,Are You Experienced,1967-05-12,day,https://i.scdn.co/image/ab67616d0000b273c9adfbd773852e286faed040,2025-08-25T15:55:09
890,Electric Ladyland,1968-10-25,day,https://i.scdn.co/image/ab67616d0000b273522088789d49e216d9818292,2025-08-25T15:55:10
891,Setting Sons,1979-11-17,day,https://i.scdn.co/image/ab67616d0000b27352a2a58333174766c47c82be,2025-08-25T15:55:11
892,In The City,1977-05-20,day,https://i.scdn.co/image/ab67616d0000b2733952925e01d6fcc1d688417b,2025-08-25T15:55:12
893,Sound Affects (Deluxe Edition),1980-11-28,day,https://i.scdn.co/image/ab67616d0000b2737ef11f078589a10afbe89b0f,2025-08-25T15:55:13
894,All Mod Cons (1997 Remaster),1978-11-03,day,https://i.scdn.co/image/ab67616d0000b2738b15591301a89f378944342b,2025-08-25T15:55:13
895,Setting Sons (Super Deluxe),1979-11-17,day,https://i.scdn.co/image/ab67616d0000b273e79cd8f4737fb27954f415f8,2025-08-25T15:55:14
896,The Gift (Deluxe Edition),1982-03-12,day,https://i.scdn.co/image/ab67616d0000b273a4fefc9eb5319ab448fc7f33,2025-08-25T15:55:15
897,Killer Mike - Sunday Morning Massacres,,day,,
898,Black Sky Over The Projects: Apartment 2025,2025-07-08,day,https://i.scdn.co/image/ab67616d0000b273bfa97e8a291fb73dc2086cef,2025-08-25T15:55:15
899,Inside This Machine,2011-01-01,day,https://i.scdn.co/image/ab67616d0000b2736a73666aa0fd2eaf336e26c2,2025-08-25T15:55:16
901,The Rude Awakening,1998-01-01,day,https://i.scdn.co/image/ab67616d0000b273994a5d6fe1d32b073b2cdb9b,2025-08-25T15:55:16
902,Do You Want More?!!!??!,1995-01-17,day,https://i.scdn.co/image/ab67616d0000b2738f71a687eb8d7564fbd59a97,2025-08-25T15:55:17
903,The Battlefield (feat. Kool G Rap & AZ),,day,,
904,Blood in the Streets (feat. AZ),,day,,
906,Ruckus in B Minor,2014-11-04,day,https://i.scdn.co/image/ab67616d0000b2738b65c785406508f7091d7c80,2025-08-25T15:55:19
907,United We Stand,2003-12-13,day,https://i.scdn.co/image/ab67616d0000b2736f66263d9d6d878b811f574e,2025-08-25T15:55:20
908,American Me,2006-10-31,day,https://i.scdn.co/image/ab67616d0000b273593a52710e816df941284036,2025-08-25T15:55:21
909,Muddy Waters,1996-12-10,day,https://i.scdn.co/image/ab67616d0000b273a91de0623d0212733b38cd2d,2025-08-25T15:55:21
910,Thug Matrix 4118,2001-01-25,day,https://i.scdn.co/image/ab67616d0000b273ff844f278bed6dd55342f7c7,2025-08-25T15:55:22
911,Chamber Music,2009-06-30,day,https://i.scdn.co/image/ab67616d0000b273c1df3ae7f919f7575adb2bbc,2025-08-25T15:55:23
913,Leftback,2010-04-21,day,https://i.scdn.co/image/ab67616d0000b273c6eba1e074857a1380d5ded0,2025-08-25T15:55:24
914,The Listening,2003-02-25,day,https://i.scdn.co/image/ab67616d0000b273b365b2001cab3bbac86d074a,2025-08-25T15:55:25
915,Recovery,2010-06-18,day,https://i.scdn.co/image/ab67616d0000b273c08d5fa5c0f1a834acef5100,2025-08-25T15:55:26
916,Return of 4Eva,2021-08-13,day,https://i.scdn.co/image/ab67616d0000b273294bae0a55b8f59a55891310,2025-08-25T15:55:26
917,Sneakers rap,1998-11-19,day,https://i.scdn.co/image/ab67616d0000b273d7db1a5eef003e2c66a9217c,2025-08-25T15:55:27
920,Marci Beaucoup,2013-12-10,day,https://i.scdn.co/image/ab67616d0000b273864daafcfb1f4c8a6e87709c,2025-08-25T15:55:27
921,The Psychic World of Walter Reed,2013-01-01,year,https://i.scdn.co/image/ab67616d0000b27361f12102ac547ce77af99c63,2025-08-25T15:55:28
923,Unconscious State,2013-07-02,day,https://i.scdn.co/image/ab67616d0000b27355ec30e1adeb47c7ff6de003,2025-08-25T15:55:29
927,The Roots Come Alive,1999-11-02,day,https://i.scdn.co/image/ab67616d0000b27363773c96d277a0c17fb93238,2025-08-25T15:55:29
928,Keep Watch,2014-03-18,day,https://i.scdn.co/image/ab67616d0000b273fd8015368e9549b681bed548,2025-08-25T15:55:30
929,Slaughterhouse (Bonus Track Version),2009-08-11,day,https://i.scdn.co/image/ab67616d0000b27324f8873ba91923cfab0a4e48,2025-08-25T15:55:30
930,Run The Jewels Instrumentals,2014-04-25,day,https://i.scdn.co/image/ab67616d0000b273e072a960d1d32a354af7202a,2025-08-25T15:55:31
931,Skull Snaps (Digitally Remastered),2011-11-22,day,https://i.scdn.co/image/ab67616d0000b27356b7b0fd304900f55707c422,2025-08-25T15:55:32
932,Ruff Draft,2007-03-20,day,https://i.scdn.co/image/ab67616d0000b27372260794c227425fb33a7000,2025-08-25T15:55:32
933,Control,2023-04-19,day,https://i.scdn.co/image/ab67616d0000b2736f9f46ffe6854b683edba19c,2025-08-25T15:55:33
934,Hell: The Sequel (Deluxe),2011-01-01,day,https://i.scdn.co/image/ab67616d0000b27359a1132f3cab22f80b2d2777,2025-08-25T15:55:33
935,Quality Control,2000-01-01,day,https://i.scdn.co/image/ab67616d0000b273f8619920507e963bf5d71779,2025-08-25T15:55:35
936,Collision Course,2004-01-01,year,https://i.scdn.co/image/ab67616d0000b273d3acd0f2186daa8e4cb0f65b,2025-08-25T15:55:36
937,Atlas,2014-03-03,day,https://i.scdn.co/image/ab67616d0000b273a7c2b23bc5c9e79300c67ed7,2025-08-25T15:55:36
938,"Michael & The Mighty Midnight Revival, Songs For Sinners And Saints",2003-03-11,day,https://i.scdn.co/image/ab67616d0000b2736972035b0c1be537796dce3c,2025-08-25T15:55:37
939,Death Is Certain,2004-02-24,day,https://i.scdn.co/image/ab67616d0000b273b1699f6742afc1f4206239eb,2025-08-25T15:55:38
940,Can I Borrow A Dollar?,1992-10-06,day,https://i.scdn.co/image/ab67616d0000b27308d06289eee5a778d25bd239,2025-08-25T15:55:39
941,Naughty By Nature,1991-09-03,day,https://i.scdn.co/image/ab67616d0000b273f631e275b1f65ce108977e4e,2025-08-25T15:55:40
942,When Disaster Strikes...,1997-01-01,year,https://i.scdn.co/image/ab67616d0000b273fa84b273d99d5989c5124c8e,2025-08-25T15:55:41
943,The Movement,2003-06-10,day,https://i.scdn.co/image/ab67616d0000b27317db54c540b0389d47cfee16,2025-08-25T15:55:41
944,The Essentials,2008-01-01,day,https://i.scdn.co/image/ab67616d0000b2730b2ff79ea103d440893152c3,2025-08-25T15:55:42
945,Mary Lou Williams Presents Black Christ of the Andes,1964-01-01,year,https://i.scdn.co/image/ab67616d0000b273aaf8bad59a31d778307fad0d,2025-08-25T15:55:43
946,A Future Without A Past,1991-01-01,year,https://i.scdn.co/image/ab67616d0000b273b94c9082c2c9b728cee80d0a,2025-08-25T15:55:43
947,Business Never Personal,1992-07-28,day,https://i.scdn.co/image/ab67616d0000b273e1c67fb1008c15a4556b4ab8,2025-08-25T15:55:44
948,Immunity,2013-06-03,day,https://i.scdn.co/image/ab67616d0000b27313112e7032a7954a0b51f833,2025-08-25T15:55:45
949,Nobody's Smiling (Deluxe),2014-07-22,day,https://i.scdn.co/image/ab67616d0000b273e2736d2af07f0f49cf91666f,2025-08-25T15:55:46
950,MA_DOOM: Son of Yvonne,2012-07-17,day,https://i.scdn.co/image/ab67616d0000b27370abac8554cbadf02fdd4d77,2025-08-25T15:55:46
951,Finding Forever,2007-01-01,day,https://i.scdn.co/image/ab67616d0000b273aff3e314cdf20d576c4e6575,2025-08-25T15:55:47
952,Endtroducing.....,1996-01-01,day,https://i.scdn.co/image/ab67616d0000b273c02294cf9b5ec88cd939a8a6,2025-08-25T15:55:47
953,GrandMasters,,day,,
954,Nastradamus,1999-11-23,day,https://i.scdn.co/image/ab67616d0000b2734a3c341b9296b12514440ee4,2025-08-25T15:55:48
955,Make the Road By Walking,2008-10-14,day,https://i.scdn.co/image/ab67616d0000b27397787c1ac686f989a3cf142a,2025-08-25T15:55:49
956,Champion Sound Complete Set,,day,,
957,Out Of Business (Deluxe Edition),1999-01-01,day,https://i.scdn.co/image/ab67616d0000b2730072813c4e4c1dbcf7ef7e87,2025-08-25T15:55:50
958,The Show,2008-10-05,day,https://i.scdn.co/image/ab67616d0000b273713d7c3baecf7c9e93a73bc4,2025-08-25T15:55:50
959,Lyricist Lounge Volume 2,2002-01-01,day,https://i.scdn.co/image/ab67616d0000b2735a3fad2de101e23e29073800,2025-08-25T15:55:51
961,On How Life Is,1999-07-03,day,https://i.scdn.co/image/ab67616d0000b2736fb355dfc944cce3598e30a1,2025-08-25T15:55:52
966,The REcstatic,,day,,
967,R&B Soul,2020-06-26,day,https://i.scdn.co/image/ab67616d0000b2738e8b9052903082f05b4714b2,2025-08-25T15:55:53
969,Follow The Leader,1988-07-25,day,https://i.scdn.co/image/ab67616d0000b27383aaa948016dd9ee89569987,2025-08-25T15:55:54
970,Street's Disciple,2004-11-30,day,https://i.scdn.co/image/ab67616d0000b2732cf1755770b6c0c9aa38f41c,2025-08-25T15:55:54
971,Special Herbs + Spices Vol. 1,,day,,
972,1st Class,2002-10-08,day,https://i.scdn.co/image/ab67616d0000b27369699c4b7fab5797ac607476,2025-08-25T15:55:55
973,Uncontrolled Substance,1999-10-05,day,https://i.scdn.co/image/ab67616d0000b2734cfae6b09ab49d90265d8ee0,2025-08-25T15:55:55
974,Can-i-bus,1998-01-01,day,https://i.scdn.co/image/ab67616d0000b27303e11b85fdc1445ceaa2d58e,2025-08-25T15:55:56
975,DAH INSTRUMENTALZ,2008-12-22,day,https://i.scdn.co/image/ab67616d0000b27393043328510c77add1ce4c1c,2025-08-25T15:55:56
976,Port Authority: Instrumentals,2007-05-15,day,https://i.scdn.co/image/ab67616d0000b2734098d9b8f71370a9c4b16b05,2025-08-25T15:55:57
977,Bad MF - Single,2014-01-29,day,https://i.scdn.co/image/ab67616d0000b2739e8a8829db97d1d6b3acdc36,2025-08-25T15:55:58
978,Damage,,day,,
979,Art Official Intelligence: Mosaic Thump,2000-08-08,day,https://i.scdn.co/image/ab67616d0000b273423b3bb3836aea874f38b43b,2025-08-25T15:55:59
980,Blackstar,,day,,
986,3 Feet High and Rising,1989-03-03,day,https://i.scdn.co/image/ab67616d0000b27343693c2f01ae89613c880ed5,2025-08-25T15:55:59
987,Four Tet Remixes,2004-12-01,day,https://i.scdn.co/image/ab67616d0000b273dd44998dd389259620f384c8,2025-08-25T15:56:00
989,Revolutions Per Minute,2010-05-18,day,https://i.scdn.co/image/ab67616d0000b273c78c4721ddacbcb67ad44b57,2025-08-25T15:56:02
990,Killmatic,2013-03-05,day,https://i.scdn.co/image/ab67616d0000b273588f05399fcfaf114f3c321b,2025-08-25T15:56:02
991,Wu-Tang Meets The Indie Culture,2005-10-18,day,https://i.scdn.co/image/ab67616d0000b2734b54c6f083e52b1f83d761af,2025-08-25T15:56:03
992,The Hammer,2022-12-09,day,https://i.scdn.co/image/ab67616d0000b273b32417f0acd676dd54414b0c,2025-08-25T15:56:04
993,Pictures In My Head,2017-11-30,day,https://i.scdn.co/image/ab67616d0000b273b4ec0c6a388bc06e4a15ea6f,2025-08-25T15:56:05
994,Rawkus Records - Best of Decade I 1995-2005,,day,,
995,Czarface,,day,,
998,Madvillainy 2: The Madlib Remix,2008-09-30,day,https://i.scdn.co/image/ab67616d0000b2736f5da5d4ba1080626f86ec64,2025-08-25T15:56:05
1000,Gazzillion Ear,2010-02-01,day,https://i.scdn.co/image/ab67616d0000b273dc20ce395b090c2f041581ea,2025-08-25T15:56:07
1001,Dangerous Connection,2002-01-01,day,https://i.scdn.co/image/ab67616d0000b273f4decabdc417293bb78cac0e,2025-08-25T15:56:09
1002,The Great Adventures Of Slick Rick (Deluxe Edition),1988-11-01,day,https://i.scdn.co/image/ab67616d0000b273a5234ad1d0dbc9dfc94c5ee5,2025-08-25T15:56:10
1003,Expansion Team,2001-10-23,day,https://i.scdn.co/image/ab67616d0000b2739f1302519815933be3d085d9,2025-08-25T15:56:10
1004,The Platform,2000-05-23,day,https://i.scdn.co/image/ab67616d0000b2730553a154e1589b0c2835efbd,2025-08-25T15:56:11
1005,Digital Bullet,2001-08-28,day,https://i.scdn.co/image/ab67616d0000b2738d26b390f76557fabd7f7fa4,2025-08-25T15:56:12
1006,Fast Lane,2011-01-01,day,https://i.scdn.co/image/ab67616d0000b2733575d45419cda9d952da5f63,2025-08-25T15:56:13
1007,The Cold Vein (Deluxe Edition),,day,,
1008,Ready to Die (Remastered),,day,,
1009,Animal Serum,2022-12-09,day,https://i.scdn.co/image/ab67616d0000b27305b9bc9a38cfa9d577b13432,2025-08-25T15:56:14
1010,Blazing Arrow,2002-04-30,day,https://i.scdn.co/image/ab67616d0000b2738c8df6078836c1dd3df5a19a,2025-08-25T15:56:15
1011,Iron Flag,2001-12-18,day,https://i.scdn.co/image/ab67616d0000b273746602eeb55e4816bcab30fe,2025-08-25T15:56:15
1012,Return to the 36 Chambers: The Dirty Version,1995-01-01,year,https://i.scdn.co/image/ab67616d0000b273942b4029fa54f0b44591a133,2025-08-25T15:56:16
1014,Run-DMC,1986-05-15,day,https://i.scdn.co/image/ab67616d0000b273894ae4df775c6b47438991af,2025-08-25T15:56:18
1015,Paul's Boutique (20th Anniversary Edition / Remastered),1989-07-25,day,https://i.scdn.co/image/ab67616d0000b2732288f4cd4bf3a8764624a0d2,2025-08-25T15:56:18
1016,Born Again,1999-01-01,year,https://i.scdn.co/image/ab67616d0000b273a136f71553f34d930b43f7bb,2025-08-25T15:56:19
1017,Requiem,1973-01-01,day,https://i.scdn.co/image/ab67616d0000b2730efd35285fb3d0e9d782bfc9,2025-08-25T15:56:20
1018,Family Reunion,,day,,
1019,When The People Cheer,,day,,
1020,Back Like That,2006-01-01,day,https://i.scdn.co/image/ab67616d0000b27384bc69e93d60ebecc45d8aac,2025-08-25T15:56:20
1021,Hot Pink,2007-10-16,day,https://i.scdn.co/image/ab67616d0000b2736517243f301d4b0236251e13,2025-08-25T15:56:21
1022,Wu-Chronicles: Chapter 2,,day,,
1023,The Brown Tape,2018-01-26,day,https://i.scdn.co/image/ab67616d0000b2735b649ac679f587275ee414e3,2025-08-25T15:56:21
1024,Beneath The Surface,1999-06-29,day,https://i.scdn.co/image/ab67616d0000b2730bbd489067924342b9c0ae8d,2025-08-25T15:56:22
1025,Freestyle Files,2018-09-22,day,https://i.scdn.co/image/ab67616d0000b27302cc167f2b5d24ae1c1f04d7,2025-08-25T15:56:23
1026,Twelve Reasons To Die,2013-04-16,day,https://i.scdn.co/image/ab67616d0000b2733acc5542a8e71ee3c390b438,2025-08-25T15:56:23
1027,Rock City,2001-12-31,day,https://i.scdn.co/image/ab67616d0000b27308f58f3befeec09d76db0813,2025-08-25T15:56:24
1028,Don't Ask Me (Radio Edit),2011-06-13,day,https://i.scdn.co/image/ab67616d0000b273228a038fb8d30b7cc652e1db,2025-08-25T15:56:24
1029,"Knowledge Is Power - Mixtape, Vol. 1",,day,,
1031,Dave Chappelle's Block Party,2006-01-01,day,https://i.scdn.co/image/ab67616d0000b273567969c03e43a66063d2ff5c,2025-08-25T15:56:25
1033,Heartbeatz,2005-01-01,day,https://i.scdn.co/image/ab67616d0000b27360489d086b50590b8fa9dd10,2025-08-25T15:56:26
1034,Home Field Advantage,1999-08-24,day,https://i.scdn.co/image/ab67616d0000b2736a19be29a77ce4771edd93ed,2025-08-25T15:56:26
1035,1999 / Like They Used To Say (Remixes),1999-01-01,year,https://i.scdn.co/image/ab67616d0000b273acfe5e766ac9a0a07224e6fa,2025-08-25T15:56:27
1037,10 Years of Akala,2016-09-23,day,https://i.scdn.co/image/ab67616d0000b27376a91f022309d9859eb76cf9,2025-08-25T15:56:28
1038,Rebel with a Cause,2014-03-09,day,https://i.scdn.co/image/ab67616d0000b2736c4cd72e1067c669a3b3b68b,2025-08-25T15:56:29
1039,A Love Supreme,1964-01-01,day,https://i.scdn.co/image/ab67616d0000b2732f7617fc50c129c50a61b1c6,2025-08-25T15:56:30
1040,Nehruvia: strictlyFLOWz,2023-01-28,day,https://i.scdn.co/image/ab67616d0000b273740ad5e7275ae5ea82cf8e2e,2025-08-25T15:56:30
1041,Spotify Landmark: Nas' "Illmatic",2014-04-15,day,https://i.scdn.co/image/ab67616d0000b2730e19bf5781658df88b450e31,2025-08-25T15:56:31
1042,Timide et sans complexe - Boogtop (Old School French Mix),,day,,
1043,The Crack,,day,,
1044,The Abstract Dragon,2014-02-04,day,https://i.scdn.co/image/ab67616d0000b273523c009756abb723c6666eb5,2025-08-25T15:56:32
1048,Nineteen Naughty Nine Nature's Fury,1999-04-27,day,https://i.scdn.co/image/ab67616d0000b2732930912f7694de971c4dcbd3,2025-08-25T15:56:35
1049,Rhino Hi-Five: Naughty By Nature,,day,,
1052,Rap Life - Single,2014-03-18,day,https://i.scdn.co/image/ab67616d0000b2731ff3439c8e2576be4bc7dbb4,2025-08-25T15:56:36
1053,Seven (Deluxe),2014-02-03,day,https://i.scdn.co/image/ab67616d0000b2734cf1ac42611b2b2b40af73d6,2025-08-25T15:56:36
1054,The Otherside of the Coin,1998-09-29,day,https://i.scdn.co/image/ab67616d0000b273cad1334ccecdb753da274084,2025-08-25T15:56:37
1056,Wolf,2013-04-01,day,https://i.scdn.co/image/ab67616d0000b27322007a4aa8a55fe7b1de5632,2025-08-25T15:56:38
1057,ESGN - Evil Seeds Grow Naturally,2013-06-19,day,https://i.scdn.co/image/ab67616d0000b2739d3b923a872f8e029e720db5,2025-08-25T15:56:39
1058,The Solution,2012-11-13,day,https://i.scdn.co/image/ab67616d0000b273228d8b4a7c5500fe622750f3,2025-08-25T15:56:39
1059,A Wolf In Sheep's Clothing,1991-01-01,day,https://i.scdn.co/image/ab67616d0000b273a19467a0f512538bd5f25d89,2025-08-25T15:56:40
1060,Return of the Boom Bap,1993-09-03,day,https://i.scdn.co/image/ab67616d0000b273db6b0860c8fc65d67c76775f,2025-08-25T15:56:41
1061,Lyricist Lounge Vol. 1,2002-01-01,day,https://i.scdn.co/image/ab67616d0000b273ebf6d77b4e67d2acb497418d,2025-08-25T15:56:42
1062,Hip Hop Lives,2007-05-22,day,https://i.scdn.co/image/ab67616d0000b27339536fa97c0c1cc589ec18bf,2025-08-25T15:56:42
1063,KRS-One,1995-10-10,day,https://i.scdn.co/image/ab67616d0000b273d0c36501e3574923c5a4c126,2025-08-25T15:56:43
1064,This Is The End: Original Motion Picture Soundtrack,2013-06-10,day,https://i.scdn.co/image/ab67616d0000b273c999354430ff7eac3e0d9bc8,2025-08-25T15:56:44
1065,The 18th Letter / The Book Of Life,1996-11-04,day,https://i.scdn.co/image/ab67616d0000b273796e9d830c2237253fd9b084,2025-08-25T15:56:44
1066,The Slim Shady LP (Expanded Edition),1999-02-23,day,https://i.scdn.co/image/ab67616d0000b273d12909c6ebc83cb4c6bef6f4,2025-08-25T15:56:45
1067,I Got Next,1997-05-20,day,https://i.scdn.co/image/ab67616d0000b27313402ce131f309b48a9bbc4c,2025-08-25T15:56:45
1068,Playlist: The Very Best Of KRS-One,,day,,
1069,Who's Hard?,,day,,
1070,Never Say Die,,day,,
1071,Kollage,1996-04-02,day,https://i.scdn.co/image/ab67616d0000b27344016e2326d59e4dd362ea5e,2025-08-25T15:56:46
1072,The Format (Special Edition),2006-11-07,day,https://i.scdn.co/image/ab67616d0000b2734debc8ac47ca47f4659a9bf7,2025-08-25T15:56:47
1073,Honkey Kong,2011-08-23,day,https://i.scdn.co/image/ab67616d0000b27361ffed659ec145268dd4960d,2025-08-25T15:56:48
1074,U Da Man / Slave,2013-09-03,day,https://i.scdn.co/image/ab67616d0000b273cc8967a639a71b1c4b3276be,2025-08-25T15:56:48
1075,If You Can't Join 'Em… Beat 'Em,2005-04-11,day,https://i.scdn.co/image/ab67616d0000b273127066cb9c88ac9f1b89fb99,2025-08-25T15:56:49
1076,If You Can't Join 'Em…Beat 'Em Remixes,2005-12-05,day,https://i.scdn.co/image/ab67616d0000b2738ab81cdc8534ebdea52d3c85,2025-08-25T15:56:49
1077,19NaughtyIII,1993-02-23,day,https://i.scdn.co/image/ab67616d0000b2739ac4e14fdaf2f24717050239,2025-08-25T15:56:50
1078,Politics As Usual,2008-09-30,day,https://i.scdn.co/image/ab67616d0000b27305c9d217c9ad7cabb8aac1fc,2025-08-25T15:56:50
1079,Woodstock Generation,2009-07-23,day,https://i.scdn.co/image/ab67616d0000b2737e6fd36043f93d03beb39006,2025-08-25T15:56:51
1080,Head Hunters,1973-10-26,day,https://i.scdn.co/image/ab67616d0000b2736b75d57d2d070c0c4afb3f9a,2025-08-25T15:56:52
1081,Cantaloupe Island,1994-01-01,day,https://i.scdn.co/image/ab67616d0000b273db1a2b8396094329afcbbe43,2025-08-25T15:56:52
1082,R&B: From Doo-Wop To Hip-Hop,1999-10-08,day,https://i.scdn.co/image/ab67616d0000b273980caf4dd525a15f08f8cb87,2025-08-25T15:56:53
1083,Heavy Weather,1977-03-01,day,https://i.scdn.co/image/ab67616d0000b27374bc986da6ff0ec2fdb9e765,2025-08-25T15:56:54
1084,Detroit Deli (A Taste Of Detroit),2004-01-01,day,https://i.scdn.co/image/ab67616d0000b2731f97d8b1eb559b99c1c12db6,2025-08-25T15:56:54
1085,Some Kinda...,2005-01-01,day,https://i.scdn.co/image/ab67616d0000b2739ddb32b8f8927537614ada7e,2025-08-25T15:56:55
1087,The Burgundy EP,2013-02-19,day,https://i.scdn.co/image/ab67616d0000b273cbf8d84e483c7da1d1be81fe,2025-08-25T15:56:57
1088,The Mix Tape,2002-08-27,day,https://i.scdn.co/image/ab67616d0000b2731514c7bca5edf9558a491bdd,2025-08-25T15:56:57
1089,Strickly for Da Breakdancers & Emceez,2001-08-21,day,https://i.scdn.co/image/ab67616d0000b273c74b7e74d1179f2be0488f82,2025-08-25T15:56:58
1090,Keep Right,2004-01-01,year,https://i.scdn.co/image/ab67616d0000b273a7cd2040855740c9afeb1b6f,2025-08-25T15:56:58
1091,Adventures In Emceein,2008-02-05,day,https://i.scdn.co/image/ab67616d0000b2734f66c0b7888703573d00643f,2025-08-25T15:56:59
1092,The B.D.P. Album (Special Edition),2012-05-29,day,https://i.scdn.co/image/ab67616d0000b273b745c2fa2f1f445bb29825fc,2025-08-25T15:57:00
1093,D.I.G.I.T.A.L.,2003-01-01,year,https://i.scdn.co/image/ab67616d0000b27344ccb653b7c6d21b0e00ee07,2025-08-25T15:57:00
1094,Sneak Attack,,day,,
1095,Let Bygones Be Bygones,2002-01-01,day,https://i.scdn.co/image/ab67616d0000b2738cdb0d29bb99ad4febccac39,2025-08-25T15:57:01
1096,Each Dawn I Die,2008-04-04,day,https://i.scdn.co/image/ab67616d0000b27328ed9d84c36a8923dba16d53,2025-08-25T15:57:01
1097,Kingz Kounty,2011-10-11,day,https://i.scdn.co/image/ab67616d0000b2737e87a04fd6ba32cf86d41aba,2025-08-25T15:57:02
1098,The Very Best Of Macy Gray,2004-09-07,day,https://i.scdn.co/image/ab67616d0000b2730382acf67c98e32f779c804e,2025-08-25T15:57:03
1099,Verve Records and Rockstar Games Present LA Noire Remixed,2011-01-01,day,https://i.scdn.co/image/ab67616d0000b273827e0d27b543015a3d893579,2025-08-25T15:57:04
1100,Hit 'Em / Ding!,2007-05-10,day,https://i.scdn.co/image/ab67616d0000b273e975a6e39852df94f7391e96,2025-08-25T15:57:04
1101,Shake the Room,,day,,
1102,Embody,2011-04-04,day,https://i.scdn.co/image/ab67616d0000b2733f13cb6cf050a4a37a309089,2025-08-25T15:57:05
1103,Screwball Classic,2007-12-13,day,https://i.scdn.co/image/ab67616d0000b2739f978b5201b8e0ec29e1dacb,2025-08-25T15:57:06
1104,Middle Finger U.,2000-05-23,day,https://i.scdn.co/image/ab67616d0000b273edb9a2b8956f0e487bedd5d9,2025-08-25T15:57:06
1105,Street Hop (Clean),2009-10-20,day,https://i.scdn.co/image/ab67616d0000b273873d26bd75c303bcb41e181d,2025-08-25T15:57:07
1106,The Downfall of Ibliys: a ghetto opera,2001-01-01,year,https://i.scdn.co/image/ab67616d0000b2736e4f2c2609906250ee7d6d29,2025-08-25T15:57:07
1107,DJ Premier Presents Year Round Records - Get Used To Us,,day,,
1108,Stereotypez,,day,,
1109,Success is Certain,2011-08-09,day,https://i.scdn.co/image/ab67616d0000b2730436adb163ac9dab0566bb94,2025-08-25T15:57:08
1110,"dj honda Recordings Japan Presents: The Best of H, Vol. 2",2012-02-06,day,https://i.scdn.co/image/ab67616d0000b273b9849992cc45ddcb13168fad,2025-08-25T15:57:09
1111,Soundbombing - Vol. III,,day,,
1112,Blowout Comb,1994-10-10,day,https://i.scdn.co/image/ab67616d0000b2732853bfc72a2ce5ddc6ed2f0d,2025-08-25T15:57:10
1113,Divine Design,2003-09-23,day,https://i.scdn.co/image/ab67616d0000b273a2f6703257b18ce5eedbe680,2025-08-25T15:57:11
1114,Stolen Youth,,day,,
1115,Paid In Full: Hip-Hop Classics,,day,,
1117,Osirus - The Official Mixtape,2005-01-01,year,https://i.scdn.co/image/ab67616d0000b273f2b6c0a03bd223b344f67ff9,2025-08-25T15:57:16
1118,Bars Of Death,2004-07-13,day,https://i.scdn.co/image/ab67616d0000b27311da8feec0830ed83c197708,2025-08-25T15:57:17
1119,Jedi Mind Tricks Presents the Best of Army of the Pharaohs,2016-12-02,day,https://i.scdn.co/image/ab67616d0000b27321b7c58ce1eb9baaa129d78f,2025-08-25T15:57:17
1120,The Soul Purpose,,day,,
1121,Trippin' Music From The Motion Picture,1997-01-01,year,https://i.scdn.co/image/ab67616d0000b27397be1706b49b704aa4517faa,2025-08-25T15:57:18
1122,Moment of Truth,,day,,
1123,Ghostface Killah - Apollo Kids,,day,,
1124,Birth of a Prince,2003-10-07,day,https://i.scdn.co/image/ab67616d0000b273fc737b8163217d8535d60e16,2025-08-25T15:57:18
1125,Criminal Minded (Deluxe),1987-03-03,day,https://i.scdn.co/image/ab67616d0000b273fd5a6db2636d8b106ac71ac1,2025-08-25T15:57:19
1126,Busta Rhymes & Q-Tip - The Abstract & The Dragon,,day,,
1127,This Is Jazz #10,1996-03-27,day,https://i.scdn.co/image/ab67616d0000b27314bc7a6bb9cf0faff5f200df,2025-08-25T15:57:20
1128,People's Instinctive Travels and the Paths of Rhythm,1990-01-01,year,https://i.scdn.co/image/ab67616d0000b27346bf2c803146e4f89d31ff70,2025-08-25T15:57:20
1130,Criminal,2023-09-01,day,https://i.scdn.co/image/ab67616d0000b273f0e1e4eb209b0d2971e22117,2025-08-25T15:57:21
1131,Hip Hop Anthology,2020-05-29,day,https://i.scdn.co/image/ab67616d0000b273f714027f388d20b02fce8dd0,2025-08-25T15:57:23
1132,Because the Internet,2013-12-10,day,https://i.scdn.co/image/ab67616d0000b27321b2b485aef32bcc96c1875c,2025-08-25T15:57:23
1133,Unfinished Business,1989-04-01,day,https://i.scdn.co/image/ab67616d0000b27347bbaf7004bed897197e46c1,2025-08-25T15:57:25
1134,The OF Tape Vol. 2,2012-03-16,day,https://i.scdn.co/image/ab67616d0000b2731dd05262c971257279fcaf61,2025-08-25T15:57:28
1135,Black Sunday,1993-07-20,day,https://i.scdn.co/image/ab67616d0000b273c8d7445dbee75973efa970e8,2025-08-25T15:57:28
1136,Hip Hop Underground Soul Classics,,day,,
1137,You,2022-01-27,day,https://i.scdn.co/image/ab67616d0000b273164220b8824cfbce3857d54a,2025-08-25T15:57:29
1138,Stay Away,2011-05-15,day,https://i.scdn.co/image/ab67616d0000b27385cc21578918eb6acc3979f1,2025-08-25T15:57:30
1139,Venomous Villain,,day,,
1140,Body Music,2014-06-09,day,https://i.scdn.co/image/ab67616d0000b273ec07409fda62ca04e7e31f7d,2025-08-25T15:57:30
1141,Malpractice,2001-05-22,day,https://i.scdn.co/image/ab67616d0000b273ad8c6d84c5b3d9790646f177,2025-08-25T15:57:31
1143,Black Out,,day,,
1144,Voodoo,2000-01-01,day,https://i.scdn.co/image/ab67616d0000b2732b3dc336a7a69293c25d9ade,2025-08-25T15:57:32
1145,Blackout! 2,2009-01-01,day,https://i.scdn.co/image/ab67616d0000b273c98042093f774dbe1356df97,2025-08-25T15:57:32
1147,Royals,,day,,
1148,Deeper,,day,,
1149,Thuggin' EP,,day,,
1150,Thee Way Eye See It,,day,,
1151,The Marshall Mathers LP2,2013-11-05,day,https://i.scdn.co/image/ab67616d0000b273c6338d684995af10c2bf0533,2025-08-25T15:57:33
1153,4eva N a Day,2021-08-13,day,https://i.scdn.co/image/ab67616d0000b2738a56b3d382752b1286907a04,2025-08-25T15:57:34
1154,Confessions of Fire,1998-06-30,day,https://i.scdn.co/image/ab67616d0000b27326749b0fcf435ac70718fad1,2025-08-31T20:16:46
1155,Take Me to Your Leader,2003-06-17,day,https://i.scdn.co/image/ab67616d0000b273c54028b0ef2f2f569fb3df42,2025-08-25T15:57:34
3186,Day x2 (feat. MIKE & Marco Bernardis),,day,,
1159,Electric Circus,2002-12-10,day,https://i.scdn.co/image/ab67616d0000b2736e4caef716ab2fdc4263bd67,2025-08-25T15:57:36
1160,Nature Sounds Presents The Prof. In...Con-Vexed,,day,,
1161,Hate Me Now,1999-01-01,year,https://i.scdn.co/image/ab67616d0000b2739d4e16d5573c78002c7243eb,2025-08-25T15:57:36
1162,You Owe Me,,day,,
1163,I Can,1972-01-01,year,https://i.scdn.co/image/ab67616d0000b273702689066bc17ee67203c2bc,2025-08-25T15:57:37
1164,Bridging The Gap,,day,,
1166,Hero,2017-09-08,day,https://i.scdn.co/image/ab67616d0000b2738b89e548d9497a8148af6248,2025-08-25T15:57:38
1167,The Don,2022-01-28,day,https://i.scdn.co/image/ab67616d0000b2737f5c50da050691bd4eb107a5,2025-08-25T15:57:39
1168,Daughters,,day,,
1169,Nah Mean (Intanatty Remix),,day,,
1170,Hard To Love Somebody,,day,,
1171,Game Over,2020-06-04,day,https://i.scdn.co/image/ab67616d0000b2732de805a458631895d8aacbea,2025-08-25T15:57:40
1172,Villian,2013-10-15,day,https://i.scdn.co/image/ab67616d0000b27373013a09c48a5c6029385747,2025-08-25T15:57:40
1173,The Coming,,day,,
1175,Madlib Medicine Show #7: High Jazz,,day,,
1177,Medicine Show # 3: Beat Konducta In Africa,,day,,
1178,Yancey Boys (Instrumentals),2009-01-27,day,https://i.scdn.co/image/ab67616d0000b273d980f4da20c1ff4afe1f5fda,2025-08-25T15:57:42
1179,Rap God,2013-01-01,day,https://i.scdn.co/image/ab67616d0000b273643e6ecebab400d52574e4b2,2025-08-25T15:57:42
1180,Berzerk,,day,,
1181,Noir.,,day,,
1182,Invention,2002-04-30,day,https://i.scdn.co/image/ab67616d0000b2735933fe67e0467fc7d0c9f45f,2025-08-25T15:57:43
1183,MM.. Leftovers,,day,,
1185,D.R.U.G.S.,,day,,
1186,Days Are Gone,2013-01-01,day,https://i.scdn.co/image/ab67616d0000b2735841140a46549b7e95202b9f,2025-08-25T15:57:43
1187,MM..Leftovers,,day,,
1188,Love In Flying Colors,2013-09-24,day,https://i.scdn.co/image/ab67616d0000b273ca04eb5b67f9c722e3b96471,2025-08-25T15:57:44
1189,Reflection Eternal [Train Of Thought],,day,,
1190,Her Favorite Colo(u)r,2011-04-19,day,https://i.scdn.co/image/ab67616d0000b273779e868eeb744d0326a088fa,2025-08-25T15:57:45
1191,Eliza Doolittle,2010-07-09,day,https://i.scdn.co/image/ab67616d0000b273ff1a664430abeace7be7f4af,2025-08-25T15:57:46
1192,They Die By Dawn & Other Short Stories...,2014-06-30,day,https://i.scdn.co/image/ab67616d0000b273d5b5b4e6537f85077e657199,2025-08-25T15:57:46
1193,Kiss Land,2013-09-10,day,https://i.scdn.co/image/ab67616d0000b273e4860d5331509e2c9ee4de10,2025-08-25T15:57:47
1194,Yessir Whatever,2013-06-18,day,https://i.scdn.co/image/ab67616d0000b2738136c4571057b8bee8be50f7,2025-08-25T15:57:48
1195,Reality Check,2009-05-12,day,https://i.scdn.co/image/ab67616d0000b2731a495aeaf23a8f63bc619679,2025-08-25T15:57:48
1196,The Surviving Elements: From Soul Survivor II Sessions,,day,,
1197,Victim of Love,2013-04-02,day,https://i.scdn.co/image/ab67616d0000b27364558c100755ffd78cb4f9d0,2025-08-25T15:57:49
1198,Lights Out / Keep Coming Back,,day,,
1199,Faithful Man,2012-03-13,day,https://i.scdn.co/image/ab67616d0000b273277c2d41d377309eadb129fb,2025-08-25T15:57:49
1201,The World According To RZA,,day,,
1202,Only For The Real DJ: A Premier Selection of Hip Hop Inspired by the Boom Bap Sound - Volume 2,,day,,
1203,The Wackness - Music From The Motion Picture,,day,,
1205,Goblin,2011-05-09,day,https://i.scdn.co/image/ab67616d0000b2735ea9799a88c0760ec03ac6b8,2025-08-25T15:57:50
1206,Yours Truly,2013-01-01,day,https://i.scdn.co/image/ab67616d0000b273ea28881e9e363244a4a2347b,2025-08-25T15:57:51
1207,The Unseen,2004-12-01,day,https://i.scdn.co/image/ab67616d0000b273045b6b9b857f2bd8acd1870a,2025-08-25T15:57:51
1208,Tha Carter,2011-01-01,day,https://i.scdn.co/image/ab67616d0000b273e521b35f461062a93d1a8d1a,2025-08-25T15:57:52
1209,The Blue Print,,day,,
1211,"Your Drums, Your Love",2012-01-01,day,https://i.scdn.co/image/ab67616d0000b27392533d63625dd136936ae640,2025-08-25T15:57:54
1212,God Does Like Ugly (Preluxe Edition),2025-08-08,day,https://i.scdn.co/image/ab67616d0000b273023f060f2e91b7b2e62c021e,2025-08-25T15:57:54
1213,Saaheem,2024-11-08,day,https://i.scdn.co/image/ab67616d0000b2738a93da98b40ebfe5d9b6f5a9,2025-08-25T15:57:55
1214,Lifestyle,2014-06-05,day,https://i.scdn.co/image/ab67616d0000b273f0246c408dccfca67fdf8d9a,2025-08-25T15:57:56
1215,KIDS SEE GHOSTS,2018-06-08,day,https://i.scdn.co/image/ab67616d0000b273013c00ee367dd85396f79c82,2025-08-25T15:57:57
1216,SUPER SLIMEY,2017-10-20,day,https://i.scdn.co/image/ab67616d0000b2735998097d9467eccb3e99b8c1,2025-08-25T15:57:57
1217,MigoThuggin,2016-03-18,day,https://i.scdn.co/image/ab67616d0000b273bca9fa10bf963415cf05f768,2025-08-25T15:57:58
1218,Summer,2023-05-05,day,https://i.scdn.co/image/ab67616d0000b2730dc31b35612d41eef6ab3b26,2025-08-25T15:57:59
1219,Zombieland 2,2024-03-22,day,https://i.scdn.co/image/ab67616d0000b27307a8919dae01f7ed5189bb30,2025-08-25T15:57:59
1220,You Only Die 1nce,2024-10-31,day,https://i.scdn.co/image/ab67616d0000b27390a770bbd11eae7122473376,2025-08-25T15:58:00
1221,Pyrex Scholar,2014-01-01,year,https://i.scdn.co/image/ab67616d0000b273cb225e188495e7be221cec5d,2025-08-25T15:58:00
1222,It's Almost Dry,2022-04-22,day,https://i.scdn.co/image/ab67616d0000b273e27dfef438562f2ecb98a642,2025-08-25T15:58:01
1223,You Only Live 2wice,2017-03-31,day,https://i.scdn.co/image/ab67616d0000b273ec8f46878a71d40b1684aee3,2025-08-25T15:58:02
1225,Fetti,2018-10-31,day,https://i.scdn.co/image/ab67616d0000b2738deb51a13ccc6991ea4710c9,2025-08-25T15:58:04
1226,Slang Like This,2010-01-01,day,https://i.scdn.co/image/ab67616d0000b273846180b0b28d1524bbda9779,2025-08-25T15:58:04
1227,The Maxtape,2010-05-10,day,https://i.scdn.co/image/ab67616d0000b27399c42da9385b6aa55e8df8d0,2025-08-25T15:58:05
1228,Modern Warfare,2010-09-05,day,https://i.scdn.co/image/ab67616d0000b273b6087765e8ee4c68467f6b2e,2025-08-25T15:58:05
1234,Playlist: The Very Best Of Omarion,,day,,
1237,Call of Duty: Modern Warfare 2 (Original Game Score),2010-06-01,day,https://i.scdn.co/image/ab67616d0000b273dcfd9151d08d8b2d57162c17,2025-08-25T15:58:07
1238,Pwn Star,2010-12-19,day,https://i.scdn.co/image/ab67616d0000b273f9c52973ab440522cc55eb53,2025-08-25T15:58:07
1239,Major League,2010-10-10,day,https://i.scdn.co/image/ab67616d0000b273e0c23c437de45cf6683177c3,2025-08-25T15:58:08
1240,R.I.P. Young Dot,,day,,
1241,Rotten Riddims Volume 5,,day,,
1242,FANTASTIC VOL. 2 VINYL INSTRUMENTALS,2011-07-05,day,https://i.scdn.co/image/ab67616d0000b273389e8664c065b2e574c1a914,2025-08-25T15:58:08
1243,The Greatest Rapper Never: Preservation,2011-06-07,day,https://i.scdn.co/image/ab67616d0000b27329f605c76c5dbf978069b8f8,2025-08-25T15:58:09
1244,"Wants, World, Women",2010-06-29,day,https://i.scdn.co/image/ab67616d0000b273c3d72ddc2bc5e92e600b5e23,2025-08-25T15:58:10
1245,The Shining Instrumental,2006-10-16,day,https://i.scdn.co/image/ab67616d0000b273e92ef2174425e2bac0077680,2025-08-25T15:58:10
1246,Welcome To Detroit,,day,,
1247,Phrenology,2002-01-01,year,https://i.scdn.co/image/ab67616d0000b2739a3da6b52373b762009671cb,2025-08-25T15:58:11
1248,"Can You Hear Me? (ayayaya) [feat. Skepta, JME & Ms D]",2012-10-19,day,https://i.scdn.co/image/ab67616d0000b27343e859244382d0712ce89031,2025-08-25T15:58:11
1249,96 F**kries,2012-01-15,day,https://i.scdn.co/image/ab67616d0000b2734b47707fecc8c0bb211cc9da,2025-08-25T15:58:12
1250,Murking,2012-06-17,day,https://i.scdn.co/image/ab67616d0000b273a944535a541606af2878b956,2025-08-25T15:58:13
1251,Hard to Love Somebody (A Tribute to Arlissa vs Nas),,day,,
1252,"Rules, Pt. 2 (12"")",,day,,
1253,LAX,2008-01-01,day,https://i.scdn.co/image/ab67616d0000b2732e3fb52c1be3ba6a4fc56e9c,2025-08-25T15:58:14
1254,Honey Dew,2018-03-28,day,https://i.scdn.co/image/ab67616d0000b273144176af134a7b96a55356f6,2025-08-25T15:58:15
1255,Mrs Mr,2017-08-25,day,https://i.scdn.co/image/ab67616d0000b273bfdf0ae6149cc021bfaa3dbf,2025-08-25T15:58:16
1256,Luv Is Rage 2,2017-08-25,day,https://i.scdn.co/image/ab67616d0000b273f23aee9d3be9fcbca1bc6352,2025-08-25T15:58:16
1258,Decorate,2011-03-15,day,https://i.scdn.co/image/ab67616d0000b273c0d36337fa62a4fb19980b53,2025-08-25T15:58:18
1260,Chapters,2016-05-20,day,https://i.scdn.co/image/ab67616d0000b27343af1e35eb5caee319858e51,2025-08-25T15:58:19
1261,Feel Good,2013-09-23,day,https://i.scdn.co/image/ab67616d0000b27387707dd6478b1469d583dd47,2025-08-25T15:58:19
1262,Calling All Heroes - EP,,day,,
1263,Come As You Are,2011-07-05,day,https://i.scdn.co/image/ab67616d0000b2738a49db7d71d2d1444c426d60,2025-08-25T15:58:20
1264,Glimpse of Us,2022-06-10,day,https://i.scdn.co/image/ab67616d0000b273f3f7d2ea2ad435b57d6697df,2025-08-25T15:58:21
1265,BALLADS 1,2018-10-26,day,https://i.scdn.co/image/ab67616d0000b2734cc52cd7a712842234e4fce2,2025-08-25T15:58:21
1266,"Chopin: Piano Sonata No. 2, Nocturnes, Barcarolle & Scherzo",2000-01-01,day,https://i.scdn.co/image/ab67616d0000b273ae4dfa09519c27b64cd5a958,2025-08-25T15:58:22
1267,"Chopin: Fantaisie-Impromptu In C Sharp Minor, Op. 66",2017-08-25,day,https://i.scdn.co/image/ab67616d0000b273b162a081766055f6a3e1861c,2025-08-25T15:58:22
1268,Chopin: Works For Piano & Orchestra,2017-03-10,day,https://i.scdn.co/image/ab67616d0000b273e42d5d80e4ba7813f132c9e1,2025-08-25T15:58:23
1269,Gabriela Montero: Piano Recital,,day,,
1270,"Benjamin Grosvenor: Chopin, Liszt, Ravel",2011-01-01,day,https://i.scdn.co/image/ab67616d0000b27365e7e8e0fa2278bda76698a6,2025-08-25T15:58:24
1271,Chopin: Piano Concerto No. 2; Scherzi,2021-08-27,day,https://i.scdn.co/image/ab67616d0000b27360f4b707e7f0ea884ddc8ae4,2025-08-25T15:58:24
1272,Chopin: Complete Nocturnes,2010-06-22,day,https://i.scdn.co/image/ab67616d0000b273eec5e4aaa2a827fd860ef070,2025-08-25T15:58:25
1273,"My Dear Melancholy,",2018-03-30,day,https://i.scdn.co/image/ab67616d0000b2731f6a2a40bb692936879db730,2025-08-25T15:58:25
1274,Starboy,2016-11-25,day,https://i.scdn.co/image/ab67616d0000b2734718e2b124f79258be7bc452,2025-08-25T15:58:26
1275,Rocc Climbing (feat. Lil Yachty),2021-09-24,day,https://i.scdn.co/image/ab67616d0000b273efb9470d8595fa27c4857491,2025-08-25T15:58:27
1276,Drowning (feat. Kodak Black),2017-03-10,day,https://i.scdn.co/image/ab67616d0000b273422289e2c09a3b210aa425b5,2025-08-25T15:58:27
1277,Oxymoron,2014-01-01,day,https://i.scdn.co/image/ab67616d0000b27336977e237a8f70ec6c990636,2025-08-25T15:58:28
1278,A Gangster And A Gentleman,2002-01-01,day,https://i.scdn.co/image/ab67616d0000b27363b0407abcf3d2bad8431bb0,2025-08-25T15:58:29
1279,Travellin' Man (Remastered),2009-06-22,day,https://i.scdn.co/image/ab67616d0000b2736c76d570130864cf65ed4a50,2025-08-25T15:58:30
1280,Chopin: Nocturnes - Sony Classical Originals,1965-01-01,year,https://i.scdn.co/image/ab67616d0000b273b071f86f2b752f9cf2532a98,2025-08-25T15:58:31
1281,Train Of Thought,2000-10-17,day,https://i.scdn.co/image/ab67616d0000b2736fa0f3b2dc48e99f891e085f,2025-08-25T15:58:32
1282,Rachmaninov: Symphony No. 1; The Isle of Dead,2000-01-01,day,https://i.scdn.co/image/ab67616d0000b27360673b7504e1fd7ab7f61d37,2025-08-25T15:58:32
1283,Chopin: Mazurkas,1987-05-27,day,https://i.scdn.co/image/ab67616d0000b2731eaf3f90e6fcf2bbc3bb5bbd,2025-08-25T15:58:33
1284,Una Mattina,2004-01-01,day,https://i.scdn.co/image/ab67616d0000b273c0c021c0ac135d923b3a0ddc,2025-08-25T15:58:34
1285,Chopin: Piano Concertos Nos.1 & 2,1999-01-01,day,https://i.scdn.co/image/ab67616d0000b27370ab8efecfa58f53b4633f0c,2025-08-25T15:58:34
1286,Rachmaninov: 3rd Piano Concerto,2011-01-01,day,https://i.scdn.co/image/ab67616d0000b2734f4b1ca3c0e922f0d45631ca,2025-08-25T15:58:35
1287,Ravel: Complete Works for Solo Piano,2016-01-15,day,https://i.scdn.co/image/ab67616d0000b273717e9f36e9548b4e112a0860,2025-08-25T15:58:35
1288,Grieg: Lyric Pieces - Mendelssohn: Lieder ohne Worte,,day,,
1289,"Field: Piano Music, Vol. 1",1999-08-23,day,https://i.scdn.co/image/ab67616d0000b273771718f0d66a2f0524911398,2025-08-25T15:58:36
1290,Scriabin:The Piano Sonatas,1997-01-01,day,https://i.scdn.co/image/ab67616d0000b27345d0b0c0a24d3ee0c5223a47,2025-08-25T15:58:37
1291,Scriabin - Complete Piano Works,2015-05-15,day,https://i.scdn.co/image/ab67616d0000b2735013320e2c2a672fa18c252e,2025-08-25T15:58:37
1292,In Tongues (Deluxe),2018-02-14,day,https://i.scdn.co/image/ab67616d0000b2738e947f66f6d4eeaa56a28767,2025-08-25T15:58:38
1293,Hell On Earth,1996-11-19,day,https://i.scdn.co/image/ab67616d0000b273aaade0aecd37f7c8311e11c7,2025-08-25T15:58:39
1294,"Rap Story, Vol. 1",,day,,
1295,Get You - Single,2016-10-21,day,https://i.scdn.co/image/ab67616d0000b273767b0cb17b7b6b4b3edcdb1a,2025-08-25T15:58:40
1296,What You Heard,2019-02-22,day,https://i.scdn.co/image/ab67616d0000b2739852437d39690c760e108a14,2025-08-25T15:58:40
1297,Poison,2016-08-03,day,https://i.scdn.co/image/ab67616d0000b2731a0d446b811ad07512eb19df,2025-08-25T15:58:41
1298,A.M. Paradox,2016-09-20,day,https://i.scdn.co/image/ab67616d0000b273ffdfaa62697d9b0609f9b0c2,2025-08-25T15:58:42
1299,Sail Out,2013-01-01,day,https://i.scdn.co/image/ab67616d0000b273a0fa057b8ad3f3c4969f0c97,2025-08-25T15:58:42
1300,After Hours (Deluxe),2020-03-20,day,https://i.scdn.co/image/ab67616d0000b2738863bc11d2aa12b54f5aeb36,2025-08-25T15:58:43
1301,One Right Now,2021-11-05,day,https://i.scdn.co/image/ab67616d0000b2734158fe41143182ec16ead070,2025-08-25T15:58:44
1302,The Highlights,2021-02-05,day,https://i.scdn.co/image/ab67616d0000b27312a76d1b13ef07188f7dfbc9,2025-08-25T15:58:45
1303,You Right,,day,,
1304,My Everything - Deluxe,2014-08-22,day,https://i.scdn.co/image/ab67616d0000b273deec12a28d1e336c5052e9aa,2025-08-25T15:58:45
1305,Twelve Carat Toothache,2022-06-03,day,https://i.scdn.co/image/ab67616d0000b27334362676667a4322838ccc97,2025-08-25T15:58:46
1306,Planet Her,2021-06-25,day,https://i.scdn.co/image/ab67616d0000b273be841ba4bc24340152e3a79a,2025-08-25T15:58:46
1307,Kiss Me More (feat. SZA),,day,,
1309,The Danger Zone,2025-03-26,day,https://i.scdn.co/image/ab67616d0000b2736d879d1b9075a1fd9e1e4607,2025-08-25T15:58:48
1311,Kiss Land - Deluxe,2013-09-10,day,https://i.scdn.co/image/ab67616d0000b273b06645ac5eaf2249c4f5fac7,2025-08-25T15:58:51
1312,King Of The Fall,2020-09-25,day,https://i.scdn.co/image/ab67616d0000b273f60419f5fa7a022ddece0809,2025-08-25T15:58:51
1313,FUTURE,2017-06-30,day,https://i.scdn.co/image/ab67616d0000b273e0b64c8be3c4e804abcb2696,2025-08-25T15:58:52
1314,Clementi: Six Sonatinas Op. 36,2014-09-22,day,https://i.scdn.co/image/ab67616d0000b2737c04c2b4679dbb153bf41ca5,2025-08-25T15:58:52
1315,Mozart & Contemporaries,,day,,
1316,"Mozart: Piano Concerto No. 20, K. 466; Piano Sonatas, K. 281 & 332",2018-11-16,day,https://i.scdn.co/image/ab67616d0000b273b33d8cca1173db7fa35df1da,2025-08-25T15:58:53
1317,Liszt - My Piano Hero,2011-07-25,day,https://i.scdn.co/image/ab67616d0000b273dc7e831d880de1c90d621379,2025-08-25T15:58:54
1318,Ravel: Bolero / Daphnis Et Chloë,2005-09-15,day,https://i.scdn.co/image/ab67616d0000b273feda22c456f4bd910be81558,2025-08-25T15:58:54
1319,HNDRXX,2017-07-27,day,https://i.scdn.co/image/ab67616d0000b2737567ec7d3c07783e4f2111e0,2025-08-25T15:58:55
1320,Drinks On Us,2015-03-06,day,https://i.scdn.co/image/ab67616d0000b273a4f3588a07ed8b40eebe8624,2025-08-25T15:58:56
1321,Freaky Deaky,2022-02-25,day,https://i.scdn.co/image/ab67616d0000b2739d272936b9368c8d7fd2e6ef,2025-08-25T15:58:57
1322,Fuck The World,2020-02-07,day,https://i.scdn.co/image/ab67616d0000b2736a463f436bbf07f3c9e8c62a,2025-08-25T15:58:58
1323,The Best of Violin,,day,,
1324,Vivy -Fluorite Eye's Song- Original Soundtrack,,day,,
1325,Beethoven: The Piano Sonatas,1984-01-01,day,https://i.scdn.co/image/ab67616d0000b2734daef82bc7d98c7b62298449,2025-08-25T15:58:59
1326,Paradise Again,2022-04-15,day,https://i.scdn.co/image/ab67616d0000b273bd6f8ac82dc5fe1028c14f7d,2025-08-25T15:59:00
1327,Hyperion,2019-03-08,day,https://i.scdn.co/image/ab67616d0000b2737842fd51802451ff61483dcf,2025-08-25T15:59:00
1328,IT’S REMBLE,2021-07-16,day,https://i.scdn.co/image/ab67616d0000b273ed95550ef38182b17bca5785,2025-08-25T15:59:01
1329,17,2017-08-25,day,https://i.scdn.co/image/ab67616d0000b273203c89bd4391468eea4cc3f5,2025-08-25T15:59:02
1330,Bach: Litte Preludes,2020-02-08,day,https://i.scdn.co/image/ab67616d0000b27379798b83836af97c59fe8736,2025-08-25T15:59:02
1331,"Bach: Little Preludes, Notebook for Anna Magdalena Bach, Inventions",2022-06-01,day,https://i.scdn.co/image/ab67616d0000b273b004cefc09778829ae3de87f,2025-08-25T15:59:03
1332,"Glenn Gould plays Bach: The Well-Tempered Clavier Books I & II, BWV 846-893",1993-01-01,year,https://i.scdn.co/image/ab67616d0000b2739e24f80be11f5dbd58d035e8,2025-08-25T15:59:04
1333,Redemption,2018-06-15,day,https://i.scdn.co/image/ab67616d0000b273c30d59775ce5ef3f59138f59,2025-08-25T15:59:05
1334,DAMN.,2017-04-14,day,https://i.scdn.co/image/ab67616d0000b2738b52c6b9bc4e43d873869699,2025-08-25T15:59:06
1335,JORDI,2021-06-11,day,https://i.scdn.co/image/ab67616d0000b27386a8ab515de4b7aef28cd631,2025-08-25T15:59:07
1337,SATURATION III,2017-12-15,day,https://i.scdn.co/image/ab67616d0000b273ef51817e6a6563b6f7ce5872,2025-08-25T15:59:08
1338,SATURATION,2017-06-09,day,https://i.scdn.co/image/ab67616d0000b273a0c4a585a7d73b4943b9bf13,2025-08-25T15:59:09
1339,SATURATION II,2017-08-25,day,https://i.scdn.co/image/ab67616d0000b2737d15fb20303a589acc1ab98b,2025-08-25T15:59:09
1341,Odd Look,2013-01-01,day,https://i.scdn.co/image/ab67616d0000b2738cc5da5394cb8ccd3646179a,2025-08-25T15:59:10
1342,Alone At Prom,2021-12-10,day,https://i.scdn.co/image/ab67616d0000b2730c5f23cbf0b1ab7e37d0dc67,2025-08-25T15:59:10
1343,NAV,2017-02-24,day,https://i.scdn.co/image/ab67616d0000b27309641cc11bfab19e890bbf58,2025-08-25T15:59:11
1344,The Noise,2021-08-30,day,https://i.scdn.co/image/ab67616d0000b2734622c2444aa74d4dccc34072,2025-08-25T15:59:12
1345,Planet Her (Deluxe),2021-06-27,day,https://i.scdn.co/image/ab67616d0000b2733b017bad9fa5f880745c59cc,2025-08-25T15:59:12
1346,DiCaprio 2,2018-11-26,day,https://i.scdn.co/image/ab67616d0000b273f5991f6f1f0de2277bb8d948,2025-08-25T15:59:13
1347,Spirited Away Soundtrack,2001-07-18,day,https://i.scdn.co/image/ab67616d0000b273fd220b07117400ccbc85ed96,2025-08-25T15:59:13
1348,Howl's Moving Castle Soundtrack,2004-11-19,day,https://i.scdn.co/image/ab67616d0000b27362c1f3370811c52ae2d26d24,2025-08-25T15:59:14
1349,My Neighbor Totoro Soundtrack Collection,1988-01-01,year,https://i.scdn.co/image/ab67616d0000b273c6e983c5f493a1a0df3de6d4,2025-08-25T15:59:15
1350,The Ocean Waves (Original Soundtrack),1993-01-01,year,https://i.scdn.co/image/ab67616d0000b273f06ee8a01796bf1994df80dd,2025-08-25T15:59:15
1351,Preacher's Son,2015-05-02,day,https://i.scdn.co/image/ab67616d0000b273920b9759c7c222d430fc3adb,2025-08-25T15:59:16
1352,Puccini: La Bohème,1973-01-01,day,https://i.scdn.co/image/ab67616d0000b273744948053d036577ad634b7f,2025-08-25T15:59:16
1353,Rachmaninoff: The Isle of the Dead; Symphonic Dances,1984-09-01,day,https://i.scdn.co/image/ab67616d0000b273b05ca7e2981f680b5d07883f,2025-08-25T15:59:17
1354,5 Star,2022-07-15,day,https://i.scdn.co/image/ab67616d0000b273594b222058cfbd7ccbab2000,2025-08-25T15:59:18
1355,"Afro Pop, Vol. 1",2020-08-21,day,https://i.scdn.co/image/ab67616d0000b2734169ddd81ff51075abab4ac1,2025-08-25T15:59:18
1356,And Then Life Was Beautiful,2021-09-24,day,https://i.scdn.co/image/ab67616d0000b273653f9f98b7e9a931d6ac5955,2025-08-25T15:59:19
1357,SMITHEREENS,2022-11-04,day,https://i.scdn.co/image/ab67616d0000b273cdd1a8a427b3f81f4f4f4f7d,2025-08-25T15:59:19
1358,Strays with Rabies,2015-11-05,day,https://i.scdn.co/image/228d3c8347cd3e46b2b5239dbee85e85cdefdd43,2025-08-25T15:59:20
3188,HOLD MY LIQUOR,,day,,
1310,CrasH Talk,2019-04-26,day,https://i.scdn.co/image/ab67616d0000b273f2149422121d1674c6f4c009,2025-09-01T23:21:32.577369
1359,Hope You’re Happy,2019-05-03,day,https://i.scdn.co/image/ab67616d0000b27357c21ab5735677e9fad19155,2025-08-25T15:59:21
1360,Rags,2017-09-01,day,https://i.scdn.co/image/ab67616d0000b27399e2a314809d96b34baaa99b,2025-08-25T15:59:21
1361,Mirrorland,2019-09-06,day,https://i.scdn.co/image/ab67616d0000b27355bdf1c04317b3d8ba716750,2025-08-25T15:59:22
1362,Consumers Park,2018-03-16,day,https://i.scdn.co/image/ab67616d0000b2730d381dbbfcb54e2ac02a67aa,2025-08-25T15:59:22
1363,Chopin: Waltzes,1964-01-01,year,https://i.scdn.co/image/ab67616d0000b2732f6aa669e9b036127ec68bfc,2025-08-25T15:59:23
1364,Revenge Of The Dreamers III,2019-07-05,day,https://i.scdn.co/image/ab67616d0000b273c0ae820e3b64854de4642101,2025-08-25T15:59:24
1365,The Never Story,2017-03-10,day,https://i.scdn.co/image/ab67616d0000b273f705b14ca8b81af140d1f1d3,2025-08-25T15:59:24
1366,Dyn-O-Mite,2019-09-16,day,https://i.scdn.co/image/ab67616d0000b273b930554047fb2ef8b9aa7a43,2025-08-25T15:59:25
1367,Beentrill,2015-12-25,day,https://i.scdn.co/image/ab67616d0000b273e4322d14ebb6e9876483e6b5,2025-08-25T15:59:26
1368,Songs Made While High,2016-09-30,day,https://i.scdn.co/image/ab67616d0000b273d61608d4defa494969dc7249,2025-08-25T15:59:26
1369,Thirst 48,2016-10-14,day,https://i.scdn.co/image/ab67616d0000b273b5d6123b05dba395f1a3c226,2025-08-25T15:59:27
1370,Dreamchasers,2013-09-29,day,https://i.scdn.co/image/ab67616d0000b273f7118f3f9c17e9f0a7cf263f,2025-08-25T15:59:28
1371,Pour the Wine (feat. Peso Gordon & Chuck Strangers),2022-09-07,day,https://i.scdn.co/image/ab67616d0000b273688cc865fa08933957c8cc36,2025-08-25T15:59:29
1372,The Help,2013-01-02,day,https://i.scdn.co/image/ab67616d0000b27392704e04692cfcf961772292,2025-08-25T15:59:30
1373,Love Is Only a Feeling,2017-07-06,day,https://i.scdn.co/image/ab67616d0000b273b142bbe4a766121f8d6fad41,2025-08-25T15:59:30
1374,BODR,2022-02-11,day,https://i.scdn.co/image/ab67616d0000b273e5d64386cbc0c38520b223e8,2025-08-25T15:59:31
1375,Whos The Man ? Soundtrack,,day,,
1377,Nas & Ill Will Records Presents Queensbridge the album,2000-11-06,day,https://i.scdn.co/image/ab67616d0000b273313272071d790e4518ce3e82,2025-08-25T15:59:32
1379,Fool's Gold Presents: Loosies,,day,,
1380,Accelerator,2017-02-10,day,https://i.scdn.co/image/ab67616d0000b2738ca5302ec8ff2cec4685d8f0,2025-08-25T15:59:35
1381,Rachmaninov: Piano Concertos Nos. 1 & 2,2003-01-01,day,https://i.scdn.co/image/ab67616d0000b273c15c91f419491a577adbb8dd,2025-08-25T15:59:35
1382,Inedito (Unpublished),2010-12-21,day,https://i.scdn.co/image/ab67616d0000b273485667bd4f390e703fafba40,2025-08-25T15:59:36
1384,The Lords of Flatbush,2014-03-25,day,https://i.scdn.co/image/ab67616d0000b2731a9732ccb4f96f321ae02509,2025-08-25T15:59:37
1385,The Hybrid - Deluxe Edition,2010-01-01,year,https://i.scdn.co/image/ab67616d0000b2735cd1fbaf0a8d8a8124cf6ee5,2025-08-25T15:59:38
1386,Pilot Talk: Trilogy,2017-06-09,day,https://i.scdn.co/image/ab67616d0000b273d41506083bca3ed9e364eb50,2025-08-25T15:59:39
1388,Fever,2018-08-10,day,https://i.scdn.co/image/ab67616d0000b27317c237142a031cf8df497e9d,2025-08-25T15:59:40
1389,Magic,2021-12-24,day,https://i.scdn.co/image/ab67616d0000b27390988beeecde0598e8fe5092,2025-08-25T15:59:40
1390,XX2,2018-10-02,day,https://i.scdn.co/image/ab67616d0000b273b5b0485674faaf9f99778a54,2025-08-25T15:59:42
1391,Longway Sinatra,2021-01-22,day,https://i.scdn.co/image/ab67616d0000b273ce38c038198b8666e03c3987,2025-08-25T15:59:43
1392,Too High To Riot,2016-01-16,day,https://i.scdn.co/image/ab67616d0000b273103cd3c1b6158752d19ec842,2025-08-25T15:59:43
1393,King's Disease III,2023-04-28,day,https://i.scdn.co/image/ab67616d0000b273f971b075d12fe617696c6f7c,2025-08-25T15:59:44
1394,Do Better,2022-10-21,day,https://i.scdn.co/image/ab67616d0000b2732e9bbc73e94ab89b6eccf288,2025-08-25T15:59:44
1395,For Real (feat. Kemba),2020-09-23,day,https://i.scdn.co/image/ab67616d0000b2736493737d1a1259e13193210f,2025-08-25T15:59:45
1396,$oul $old $eparately,2022-09-30,day,https://i.scdn.co/image/ab67616d0000b2739f301e3a4d5f25d1888585b1,2025-08-25T15:59:46
1397,Black Moses,2019-07-30,day,https://i.scdn.co/image/ab67616d0000b2734aae9589ab279c785361f58f,2025-08-25T15:59:46
1398,Long Live DJ Shay,2022-09-09,day,https://i.scdn.co/image/ab67616d0000b273beb71d1746165b53bcf15cd9,2025-08-25T15:59:47
1399,The Bigger Artist,2017-09-29,day,https://i.scdn.co/image/ab67616d0000b273cdba7ee22968991250725ce1,2025-08-25T15:59:47
1400,Dying to Live,2018-12-14,day,https://i.scdn.co/image/ab67616d0000b273f9508eb3070b95ceeb82788b,2025-08-25T15:59:48
1401,Jay Love Japan,2007-05-10,day,https://i.scdn.co/image/ab67616d0000b273f75346ca3124b015b6471365,2025-08-25T15:59:48
1402,DAYTONA,2018-05-25,day,https://i.scdn.co/image/ab67616d0000b273263555eebbe2b375593aa31e,2025-08-25T15:59:49
1403,Mercy,2012-01-01,day,https://i.scdn.co/image/ab67616d0000b2732127d038204bc32c416d55e2,2025-08-25T15:59:50
1404,MIDDLE CHILD,2019-01-23,day,https://i.scdn.co/image/ab67616d0000b2737f37a4001ae7d8be430bd91b,2025-08-25T15:59:50
1405,[BUMP] Pick Me Up,2022-04-15,day,https://i.scdn.co/image/ab67616d0000b273f43d41b89d1ed18551a84c35,2025-08-25T15:59:51
1406,KOD,2018-04-20,day,https://i.scdn.co/image/ab67616d0000b273cf0f0affd0138a7442f13706,2025-08-25T15:59:51
1407,Snow On Tha Bluff,2020-06-16,day,https://i.scdn.co/image/ab67616d0000b273e9111b8b529532aa62b14bdc,2025-08-25T15:59:52
1408,4 Your Eyez Only,2016-12-09,day,https://i.scdn.co/image/ab67616d0000b273f4ca75192df162f78a24023e,2025-08-25T15:59:53
1409,SOS,2022-12-08,day,https://i.scdn.co/image/ab67616d0000b2730c471c36970b9406233842a5,2025-08-25T15:59:53
1410,War & Leisure,2017-12-01,day,https://i.scdn.co/image/ab67616d0000b273f654e8e9ac3c24881239ab7c,2025-08-25T15:59:54
1411,Diplo,2022-03-04,day,https://i.scdn.co/image/ab67616d0000b2732f9f9523fab931bdc39aa3a2,2025-08-25T15:59:55
1412,GO:OD AM,2015-09-18,day,https://i.scdn.co/image/ab67616d0000b273ee0f38410382a255e4fb15f4,2025-08-25T15:59:56
1413,Brahms: Waltzes / Cadenzas / Die Schöne Magelone,1995-12-31,day,https://i.scdn.co/image/ab67616d0000b2738965fca922f8a91e87fab640,2025-08-25T15:59:56
1414,"Scriabin: Preludes, Vol. 1",2000-02-09,day,https://i.scdn.co/image/ab67616d0000b2731561ddb3f19ce86764d0dd2f,2025-08-25T15:59:57
1415,Khachaturian: 7 Recitatives & Fugues & Children's Albums Nos. 1 & 2,2021-03-12,day,https://i.scdn.co/image/ab67616d0000b27385c9e8814983950a33c5772a,2025-08-25T15:59:58
1416,The Essential Vladimir Horowitz,,day,,
1417,CALL ME IF YOU GET LOST,2021-06-25,day,https://i.scdn.co/image/ab67616d0000b273696b4e67423edd64784bfbb4,2025-08-25T15:59:58
1418,Flower Boy,2017-07-21,day,https://i.scdn.co/image/ab67616d0000b2738940ac99f49e44f59e6f7fb3,2025-08-25T15:59:59
1419,IGOR,2019-05-17,day,https://i.scdn.co/image/ab67616d0000b2737005885df706891a3c182a57,2025-08-25T15:59:59
1420,Slide (feat. Frank Ocean & Migos),2017-02-24,day,https://i.scdn.co/image/ab67616d0000b2731e439ac0ed08d612808f7122,2025-08-25T16:00:01
1421,In My Room,2019-11-02,day,https://i.scdn.co/image/ab67616d0000b273db974f9533dd9b362891b5db,2025-08-25T16:00:01
1422,Chanel,2017-03-10,day,https://i.scdn.co/image/ab67616d0000b273a0b780c23fc3c19bd412b234,2025-08-25T16:00:02
1423,Moon River,2018-02-14,day,https://i.scdn.co/image/ab67616d0000b2736566b46cd24c5f2d0561ee7a,2025-08-25T16:00:03
1424,Biking,2017-04-10,day,https://i.scdn.co/image/ab67616d0000b27369a8328489e5e485514a8667,2025-08-25T16:00:03
1425,TESTING,2018-05-25,day,https://i.scdn.co/image/ab67616d0000b2739feadc48ab0661e9b3a9170b,2025-08-25T16:00:04
1426,Provider,2017-08-27,day,https://i.scdn.co/image/ab67616d0000b273ea6b1f7e51a387da94f51eb9,2025-08-25T16:00:05
1427,Dear April (Side A - Acoustic),2020-04-03,day,https://i.scdn.co/image/ab67616d0000b27367136d7919a1dc6a51ce3daf,2025-08-25T16:00:05
1428,DHL,2019-10-19,day,https://i.scdn.co/image/ab67616d0000b273e9d76d49bcfdd620fe031148,2025-08-25T16:00:06
1429,Paradise Valley,2013-08-20,day,https://i.scdn.co/image/ab67616d0000b2738e3ab1cbd76d15dc64450a13,2025-08-25T16:00:06
1430,Blind Man,2018-07-27,day,https://i.scdn.co/image/ab67616d0000b2736207d944af1ba5c29980f40c,2025-08-25T16:00:07
1431,Peppermint Tea,2022-12-02,day,https://i.scdn.co/image/ab67616d0000b2737d9129f2b39a240673521491,2025-08-25T16:00:07
1432,Tarantino,2022-06-17,day,https://i.scdn.co/image/ab67616d0000b2734154fba45ec9b2d2c03c979f,2025-08-25T16:00:08
1433,The Forever Story (Extended Version),2022-10-31,day,https://i.scdn.co/image/ab67616d0000b273cae6e44dcc84e2035c3ad092,2025-08-25T16:00:09
1434,GHETTO GODS,2022-02-25,day,https://i.scdn.co/image/ab67616d0000b273bc068218b0bc65765722ddac,2025-08-25T16:00:09
1435,SuperGood,2020-08-21,day,https://i.scdn.co/image/ab67616d0000b2732e5a021780f5056724a5b6af,2025-08-25T16:00:10
1436,"L.O.V.E. (feat. EARTHGANG, Jon Batiste & Sherwyn)",2022-03-02,day,https://i.scdn.co/image/ab67616d0000b27310a333a60b9b2e09dc9665c4,2025-08-25T16:00:11
1437,Chain Swang,2022-12-16,day,https://i.scdn.co/image/ab67616d0000b2732e2f639c5695d6192a90a5ef,2025-08-25T16:00:11
1438,Rebirth,2010-01-01,day,https://i.scdn.co/image/ab67616d0000b273a5c730bbbe047106a2ec1b2f,2025-08-25T16:00:12
1439,emails i can't send,2022-07-15,day,https://i.scdn.co/image/ab67616d0000b273700f7bf79c9f063ad0362bdf,2025-08-25T16:00:12
1440,A Nonsense Christmas,2022-12-07,day,https://i.scdn.co/image/ab67616d0000b2734601ead4fc2b9b65627b8298,2025-08-25T16:00:13
1441,Keep Their Heads Ringin',1995-03-07,day,https://i.scdn.co/image/ab67616d0000b2739330b3ab457779ed4137493b,2025-08-25T16:00:15
1442,Watch The Throne,2011-08-08,day,https://i.scdn.co/image/ab67616d0000b27352e61456aa4995ba48d94e30,2025-08-25T16:00:15
1443,Ghetto Heisman,2002-01-01,day,https://i.scdn.co/image/ab67616d0000b273c003b0b4f6aeef0ad8c845e2,2025-08-25T16:00:16
1444,D-12 World,2004-01-01,day,https://i.scdn.co/image/ab67616d0000b27360b9bcd1d55f68a39f1ea8b7,2025-08-25T16:00:17
1445,Regulate… G Funk Era,1994-06-07,day,https://i.scdn.co/image/ab67616d0000b273f6b9b62ea130943d371b69ef,2025-08-25T16:00:18
1446,"Mo Thugs Records Presents: West Coast Bangers, Vol. 2",,day,,
1447,Relapse: Refill,,day,,
1448,Da Dirty 30,1997-01-01,day,https://i.scdn.co/image/ab67616d0000b273e2a21329843db6e6e06af2c2,2025-08-25T16:00:19
1449,"Train of Thought: Lost Lyrics, Rare Releases & Beautiful B-Sides, Vol. 1",2015-07-21,day,https://i.scdn.co/image/ab67616d0000b2734b377a7fec526792ec135dc9,2025-08-25T16:00:20
1450,Rap & Flow,,day,,
1451,The Melodic Blue,2021-09-10,day,https://i.scdn.co/image/ab67616d0000b2731bfa23b13d0504fb90c37b39,2025-08-25T16:00:21
1452,The Melodic Blue (Deluxe),2022-10-28,day,https://i.scdn.co/image/ab67616d0000b273c6b31d9de8df430efab41836,2025-08-25T16:00:22
1453,EUSA,2016-09-30,day,https://i.scdn.co/image/ab67616d0000b273992f5e6ecf58ca0c2dd28cd4,2025-08-25T16:00:23
1454,Umrika (Original Motion Picture Soundtrack),2015-08-24,day,https://i.scdn.co/image/ab67616d0000b27381be3a155d6fd7045f7ab739,2025-08-25T16:00:23
1455,Stories From Far Away On Piano,2017-08-18,day,https://i.scdn.co/image/ab67616d0000b2739ef37c6bba11acc78b40c964,2025-08-25T16:00:24
1456,Viandanze,2009-12-13,day,https://i.scdn.co/image/ab67616d0000b2738f917b1243f6fed15f45cb09,2025-08-25T16:00:24
1457,Fragments Found,2010-10-29,day,https://i.scdn.co/image/ab67616d0000b273a73aeb6a5e6f24c844d01f29,2025-08-25T16:00:25
1458,Transitions III,2020-06-05,day,https://i.scdn.co/image/ab67616d0000b273966216889415ccc0235923ba,2025-08-25T16:00:26
1459,Winter Stories,2018-02-23,day,https://i.scdn.co/image/ab67616d0000b2736b8afc5fc5835c4595bb43f3,2025-08-25T16:00:28
1460,The Art of the Piano,2014-02-04,day,https://i.scdn.co/image/ab67616d0000b273f09128767f4b7df8139f234d,2025-08-25T16:00:28
1461,Historiette No. 5,2016-03-28,day,https://i.scdn.co/image/ab67616d0000b2734c45bb8849e2dc1a8ab2bbf9,2025-08-25T16:00:29
1462,Rudolph The Red Nose Reindeer,2021-10-29,day,https://i.scdn.co/image/ab67616d0000b273fcd5a7a13f144928dbbb47ef,2025-08-25T16:00:29
1463,Dr. Seuss' The Grinch (Original Motion Picture Soundtrack),,day,,
1464,5150 Home 4 Tha Sick,1992-12-10,day,https://i.scdn.co/image/ab67616d0000b273edfb9175857fb59639e148e0,2025-08-25T16:00:30
1465,Tougher Than Leather (Expanded Edition),1988-09-16,day,https://i.scdn.co/image/ab67616d0000b27315cfde01c2c08b28edbb4b4f,2025-08-25T16:00:30
1466,The Christmas Waltz,2022-09-30,day,https://i.scdn.co/image/ab67616d0000b27368957cba660db6a558141363,2025-08-25T16:00:31
1467,20th Century Masters: The Best Of Kurtis Blow,2003-01-01,day,https://i.scdn.co/image/ab67616d0000b27302532ae74faa98c179face69,2025-08-25T16:00:32
1469,If I Should Fall from Grace with God,1988-09-05,day,https://i.scdn.co/image/ab67616d0000b273d0ccf94a2d981db731f5dab8,2025-08-25T16:00:32
1472,Merry Christmas From Brenda Lee,1964-10-19,day,https://i.scdn.co/image/ab67616d0000b2737845f74d6db14b400fa61cd3,2025-08-25T16:00:33
1473,Christmas Album,1970-10-15,day,https://i.scdn.co/image/ab67616d0000b27308a0fe33e91b991d2c9c9cde,2025-08-25T16:00:33
1476,Selections From Irving Berlin's White Christmas,1954-01-01,day,https://i.scdn.co/image/ab67616d0000b273beba2a8484aa025bb0607d66,2025-08-25T16:00:34
1477,A Winter Romance,1959-01-01,day,https://i.scdn.co/image/ab67616d0000b2736d88028a85c771f37374c8ea,2025-08-25T16:00:35
1480,The Christmas Album,1997-01-01,day,https://i.scdn.co/image/ab67616d0000b2738e0c0b137e43a67ce4f1a52e,2025-08-25T16:00:35
1481,Calendar Girl,1956-01-01,year,https://i.scdn.co/image/ab67616d0000b273c02bbdf56c32fbd083d3ed1e,2025-08-25T16:00:36
1482,The Christmas Song - Expanded Edition,1962-01-01,year,https://i.scdn.co/image/ab67616d0000b27330dc6027fd140c7ba68e900c,2025-08-25T16:00:37
1485,The Magic Of Alma Cogan,1997-05-19,day,https://i.scdn.co/image/ab67616d0000b27349685d9fd0189d8f96b452f5,2025-08-25T16:00:37
1487,Jingle Bell Rock/Captain Santa Claus (And His Reindeer Space Patrol),1957-12-02,day,https://i.scdn.co/image/ab67616d0000b273fd56f3c7a294f5cfe51c7b17,2025-08-25T16:00:38
1489,A Jolly Christmas From Frank Sinatra,1957-09-01,month,https://i.scdn.co/image/ab67616d0000b27394fd2e614d0862bdd2592594,2025-08-25T16:00:38
1490,Christmas With The Platters,1963-01-01,year,https://i.scdn.co/image/ab67616d0000b2734828cd6d71c1d171174d3b5b,2025-08-25T16:00:39
1492,Mono Singles,2019-10-25,day,https://i.scdn.co/image/ab67616d0000b273eebf685888d59949f405b0d8,2025-08-25T16:00:40
1493,The Season For Miracles,1970-01-01,day,https://i.scdn.co/image/ab67616d0000b273306812cf94416003946cf055,2025-08-25T16:00:40
1494,Live In Concert / All of Me,1968-01-01,year,https://i.scdn.co/image/ab67616d0000b273021463190197caeb844dd8d6,2025-08-25T16:00:41
1495,Christmas With Peggy Lee,2006-01-01,day,https://i.scdn.co/image/ab67616d0000b2733e645d8f2875a730fd31180c,2025-08-25T16:00:42
1496,The Singles Collection,2010-10-01,day,https://i.scdn.co/image/ab67616d0000b27378b39bc0732b900279714554,2025-08-25T16:00:42
1497,Presenting Dickie Valentine,1954-03-04,day,https://i.scdn.co/image/ab67616d0000b273bf211370f2800d610530d801,2025-08-25T16:00:43
1498,Ommadawn,1975-01-01,year,https://i.scdn.co/image/ab67616d0000b2731db51dc591a63a802cdf6fe3,2025-08-25T16:00:44
1499,Three Chord Trick,1993-01-01,day,https://i.scdn.co/image/ab67616d0000b2739e14beb8f899eb4b5452d12b,2025-08-25T16:00:44
1500,"A's, B's And Rarities",2005-12-20,day,https://i.scdn.co/image/ab67616d0000b27379fb80e5cd7fbc8be0f08b9a,2025-08-25T16:00:45
1501,Together With Cliff Richard,1991-11-18,day,https://i.scdn.co/image/ab67616d0000b273e84c0becb6218a0d799f01e8,2025-08-25T16:00:45
1502,The Collection,1991-01-01,day,https://i.scdn.co/image/ab67616d0000b273ce2f210fa9421a38d97b113b,2025-08-25T16:00:46
1503,A's B's & EP's,2003-12-08,day,https://i.scdn.co/image/ab67616d0000b27351b0a4279cb115aa8844d165,2025-08-25T16:00:47
1504,Ultimate Pop Christmas,,day,,
1506,Welcome To The Pleasuredome,1984-10-20,day,https://i.scdn.co/image/ab67616d0000b273275774501f737e10d92adaca,2025-08-25T16:00:47
1508,Ella: The Legendary Decca Recordings,1995-08-29,day,https://i.scdn.co/image/ab67616d0000b273807cc4e6a97c1a67c8b69803,2025-08-25T16:00:48
1509,Christmas Songs,,day,,
1510,Songs from the Wood,1977-02-04,day,https://i.scdn.co/image/ab67616d0000b2733af8c61026e278d673f982ff,2025-08-25T16:00:49
1511,Lord of the Dance: The Best of The Spinners,2022-04-22,day,https://i.scdn.co/image/ab67616d0000b27351299da6d0ece8ad1b36e125,2025-08-25T16:00:49
1513,Ella Wishes You A Swinging Christmas - Expanded Edition,1960-01-01,day,https://i.scdn.co/image/ab67616d0000b27356849c42c652a7e4025fd6eb,2025-08-25T16:00:50
1514,Their Complete Recordings Together,1996-11-19,day,https://i.scdn.co/image/ab67616d0000b273b6d5b6d5a323caaa9d957c90,2025-08-25T16:00:50
1515,The Beach Boys' Christmas Album,1964-11-09,day,https://i.scdn.co/image/ab67616d0000b27308c270b3ef1602ff84ed2c05,2025-08-25T16:00:51
1516,Moon Flowers The Collection: 1952-54,1952-01-01,year,https://i.scdn.co/image/ab67616d0000b273bc1eac12f3d8b6ef32f53369,2025-08-25T16:00:52
1517,We Wish You a Merry Christmas,1951-12-01,day,https://i.scdn.co/image/ab67616d0000b2738536f0c30a0de27f167f0287,2025-08-25T16:00:52
1518,"Dean Martin: The Capitol Recordings, Vol. 4 (1952-1954)",1954-01-01,year,https://i.scdn.co/image/ab67616d0000b273df4dfaff5c996b7998d6c34e,2025-08-25T16:00:53
1519,Viaggi in aeromobile,2007-01-01,day,https://i.scdn.co/image/ab67616d0000b273bc2ea8c71f3fde0721347fc9,2025-08-25T16:00:54
1520,Chopin: Polonaises and Other Solo Piano Works,2005-10-03,day,https://i.scdn.co/image/ab67616d0000b273cf6530edf79340324856db17,2025-08-25T16:00:54
1521,"Burgmüller: 25 Études faciles et progressives, Op. 100 & 18 Études, Op. 109",2019-08-09,day,https://i.scdn.co/image/ab67616d0000b273dfd53f4499aac9d04e77cc00,2025-08-25T16:00:55
1522,Chopin: Polonaises,2013-01-01,day,https://i.scdn.co/image/ab67616d0000b273302dc0db09f2c59e61a4a684,2025-08-25T16:00:55
1523,"Moonlight Sonata: Timless Relaxing Piano Music: Works of Bach, Beethoven, Clarke, Clementi, Diabelli, Graupner, Händel",,day,,
1524,Overly Dedicated,2010-09-14,day,https://i.scdn.co/image/ab67616d0000b2739b035b031d9f0a6a75ae464e,2025-08-25T16:00:56
1525,Good Job,2021-09-30,day,https://i.scdn.co/image/ab67616d0000b273bf878f408ac1355f27da1f76,2025-08-25T16:00:57
1526,Piñata (Deluxe Edition),2021-02-26,day,https://i.scdn.co/image/ab67616d0000b2734764dd425e19d164245b0324,2025-08-25T16:00:57
1527,Requiem - Music To Die For,1999-01-01,day,https://i.scdn.co/image/ab67616d0000b273294e552253536ac3ff9361fb,2025-08-25T16:00:58
1528,"Whateva, Vol. 3",2020-06-09,day,https://i.scdn.co/image/ab67616d0000b27386d857515e38fa9cf4e43bcb,2025-08-25T16:00:59
1529,Valley of Death,2013-05-30,day,https://i.scdn.co/image/ab67616d0000b27361191e8c0fb78577254d1805,2025-08-25T16:01:00
1530,Brunch Time,,day,,
1531,BTNHRESURRECTION,2000-02-29,day,https://i.scdn.co/image/ab67616d0000b273a8816025f91ebf4ce5d05b83,2025-08-25T16:01:00
1532,Operation Stackola,1995-07-04,day,https://i.scdn.co/image/ab67616d0000b273c1ea4aac1ad07a38c59dd30c,2025-08-25T16:01:01
1533,More Than A Game,,day,,
1534,Bird Of Prey - The Complete Fantasy Playlist,,day,,
1535,The Seventh Seal,2009-11-17,day,https://i.scdn.co/image/ab67616d0000b2736c43ca27d79d4f5c28d11ced,2025-08-25T16:01:03
1536,Harlan & Alondra,2018-07-20,day,https://i.scdn.co/image/ab67616d0000b27345321017b597fba5c951c369,2025-08-25T16:01:04
1537,Tana Talk 3,2018-11-23,day,https://i.scdn.co/image/ab67616d0000b273252f9cfc6028c6524297ed04,2025-08-25T16:01:05
1538,The Lost Generation,1996-01-01,day,https://i.scdn.co/image/ab67616d0000b273f1a64a427c1ebe3ff2747b62,2025-08-25T16:01:05
1539,The War Report,1997-06-17,day,https://i.scdn.co/image/ab67616d0000b27351469bf94ace42d713f94c42,2025-08-25T16:01:06
1540,Off the Radar,1995-01-01,day,https://i.scdn.co/image/ab67616d0000b2738df045cf3142f8b1698d9a7c,2025-08-25T16:01:06
1542,The Don Killuminati: The 7 Day Theory,1996-11-05,day,https://i.scdn.co/image/ab67616d0000b273c151cbd53f57496d757a0154,2025-08-25T16:01:08
1543,R U Still Down? [Remember Me],1997-01-01,day,https://i.scdn.co/image/ab67616d0000b2738e0ff34ad21955b6f4da9b86,2025-08-25T16:01:09
1544,Strictly 4 My N.I.G.G.A.Z...,1993-02-16,day,https://i.scdn.co/image/ab67616d0000b2737f6f6c9e4b492a3d7e910d82,2025-08-25T16:01:10
1545,Loyal To The Game,2004-01-01,day,https://i.scdn.co/image/ab67616d0000b27378c35340eac7e45824d47830,2025-08-25T16:01:11
1546,We got it from Here... Thank You 4 Your service,2016-11-11,day,https://i.scdn.co/image/ab67616d0000b27389450c8e877bf04203b86819,2025-08-25T16:01:11
1547,White Dynamite,2012-05-22,day,https://i.scdn.co/image/ab67616d0000b273ae750371bf09a7902a61c44e,2025-08-25T16:01:12
1548,Just Giver,2014-04-29,day,https://i.scdn.co/image/ab67616d0000b27335d0e46ec52165085b8bd9e5,2025-08-25T16:01:13
1549,Biz's Baddest Beats: The Best of Biz Markie,1994-08-07,day,https://i.scdn.co/image/ab67616d0000b2731960be23ca49f8e0639000ca,2025-08-25T16:01:14
1550,Jay-Z Unplugged (Live On MTV Unplugged / 2001),2001-12-18,day,https://i.scdn.co/image/ab67616d0000b27300ec30184bf13b6aad34a3a1,2025-08-25T16:01:14
1551,Wünderkid,2014-12-02,day,https://i.scdn.co/image/ab67616d0000b2736138288e355cd005facf2712,2025-08-25T16:01:15
1552,Camp,2011-11-15,day,https://i.scdn.co/image/ab67616d0000b273ddd59d8bd5982e6d250d9a22,2025-08-25T16:01:16
1553,E. 1999 Eternal,1995-07-25,day,https://i.scdn.co/image/ab67616d0000b273e49f4677129d4b8b9d9f50ac,2025-08-25T16:01:16
1554,Ahmad,1994-05-20,day,https://i.scdn.co/image/ab67616d0000b273fef896fe35c8d957dab47e37,2025-08-25T16:01:17
1555,Get In Where You Fit In,1993-10-26,day,https://i.scdn.co/image/ab67616d0000b27394850d2db2b454be90cc1129,2025-08-25T16:01:17
1556,2 of Americaz Most Wanted,2011-05-24,day,https://i.scdn.co/image/ab67616d0000b273ff6a9f55950607a8252a4c68,2025-08-25T16:01:18
1557,King's Disease II,2021-08-06,day,https://i.scdn.co/image/ab67616d0000b273d0673d1dd6938dad8530823b,2025-08-25T16:01:19
1558,Ultra Black,2020-08-14,day,https://i.scdn.co/image/ab67616d0000b27390c272193eb383546d845539,2025-08-25T16:01:19
1559,Welcome to Jamrock,2005-01-01,day,https://i.scdn.co/image/ab67616d0000b2731dfd8c6b18ae002a9e63e476,2025-08-25T16:01:20
1560,Right About Now - The Official Sucka Free Cd,2005-11-22,day,https://i.scdn.co/image/ab67616d0000b273f3114cbd337328672f6d9c63,2025-08-25T16:01:20
1561,Manchild,1999-06-22,day,https://i.scdn.co/image/ab67616d0000b273ac458c533417388c35c8f8b1,2025-08-25T16:01:21
1562,Revolutionary Vol. 2,2003-11-18,day,https://i.scdn.co/image/ab67616d0000b27324b59afc7c5e8d489cabd83a,2025-08-25T16:01:22
1563,Bandana,2019-06-28,day,https://i.scdn.co/image/ab67616d0000b2733bf3b1061f9f703b0f6bf532,2025-08-25T16:01:22
1564,Universal Studios (feat. Wiz Khalifa),2018-07-27,day,https://i.scdn.co/image/ab67616d0000b2731dcb2d24933b00edd60fbe8f,2025-08-25T16:01:23
1565,9 Shots,2015-08-14,day,https://i.scdn.co/image/ab67616d0000b273e3e63a5c7004b1b1f738a2a5,2025-08-25T16:01:23
1566,The Fraud Department,2021-02-19,day,https://i.scdn.co/image/ab67616d0000b2733e59f58b5f30c0094ecf6768,2025-08-25T16:01:24
1567,Beg For Mercy,2003-01-01,day,https://i.scdn.co/image/ab67616d0000b2735763a1ac1bce68a1af55b6e3,2025-08-25T16:01:25
1568,Mr. Morale & The Big Steppers,2022-05-13,day,https://i.scdn.co/image/ab67616d0000b2732e02117d76426a08ac7c174f,2025-08-25T16:01:25
1569,family ties (with Kendrick Lamar),2021-08-27,day,https://i.scdn.co/image/ab67616d0000b273163028c67a1f4a7c0e83a715,2025-08-25T16:01:26
1570,Mask Off (feat. Kendrick Lamar) [Remix],2017-05-23,day,https://i.scdn.co/image/ab67616d0000b2730cf32251bdb54d0131f2eade,2025-08-25T16:01:26
1571,Pineapple Now-Laters,2012-02-21,day,https://i.scdn.co/image/ab67616d0000b2730cab3da75575f40a3e32c234,2025-08-25T16:01:27
1572,In My Mind,2016-02-19,day,https://i.scdn.co/image/ab67616d0000b27368548627cc4f09e4f06ee009,2025-08-25T16:01:28
1573,Bring it on Home to Me (feat. Charlie Bereal),2021-04-23,day,https://i.scdn.co/image/ab67616d0000b273d8b3f48d82e8c83b375efb36,2025-08-25T16:01:28
1574,"The Music of Grand Theft Auto V, Vol. 1: Original Music",2013-09-24,day,https://i.scdn.co/image/ab67616d0000b273707fe4c159f0384c613dc4d2,2025-08-25T16:01:29
1575,Dawn FM,2022-01-06,day,https://i.scdn.co/image/ab67616d0000b2734ab2520c2c77a1d66b9ee21d,2025-08-25T16:01:30
1576,DIE FOR MY BITCH,2019-07-19,day,https://i.scdn.co/image/ab67616d0000b273683757f1fd40a7f7ef64bec1,2025-08-25T16:01:31
1577,Alright,2015-10-16,day,https://i.scdn.co/image/ab67616d0000b2734e267faafd063f288b4890bc,2025-08-25T16:01:31
1578,Grieg: String Quartets,2017-03-01,day,https://i.scdn.co/image/ab67616d0000b2733ff4a480e95dd7f061acd02b,2025-08-25T16:01:32
1579,"Rachmaninoff: Symphonic Dances, Op.45; Intermezzo ""Aleko""; Vocalise, Op.34",1984-01-01,day,https://i.scdn.co/image/ab67616d0000b27393221cdb550163999dd3529d,2025-08-25T16:01:32
1580,Motherland,2014-05-19,day,https://i.scdn.co/image/ab67616d0000b273be50414b43b88ed16ec8535e,2025-08-25T16:01:33
1581,Polovetsian Dances and other Russian Favorites (Remastered),2017-11-17,day,https://i.scdn.co/image/ab67616d0000b2732a614933c29118b3a88d57df,2025-08-25T16:01:34
1582,Bach: Orchestral transcriptions by Respighi & Elgar,2012-03-06,day,https://i.scdn.co/image/ab67616d0000b273dac7aec44f97ddfc1968d1af,2025-08-25T16:01:34
1583,Sibelius: Violin Concerto / Sinding: Violin Concerto No. 1,2004-09-30,day,https://i.scdn.co/image/ab67616d0000b273cbdefe077df535ab50eb17b2,2025-08-25T16:01:35
1584,Schoenberg: Violin Concerto / Sibelius: Violin Concerto op.47,2008-01-01,day,https://i.scdn.co/image/ab67616d0000b2739c6332396dc6307ab7a90e99,2025-08-25T16:01:36
1585,"Webern, A.: Symphony / 6 Pieces, Op. 6 / Concerto",2005-01-02,day,https://i.scdn.co/image/ab67616d0000b2733695b7c9ab48e7b2639eae6d,2025-08-25T16:01:37
1586,Holst: Double Concerto / St Paul's Suite / Brook Green Suite,2007-04-24,day,https://i.scdn.co/image/ab67616d0000b2738b2cd00a7eec3e445a7ce9bd,2025-08-25T16:01:37
1587,Beethoven: Piano Concerto No.5,1992-01-01,day,https://i.scdn.co/image/ab67616d0000b27361404603e0266ba121e9a458,2025-08-25T16:01:38
1588,4'33'',1991-01-01,year,https://i.scdn.co/image/ab67616d0000b273eea65d73bcb126fbd5995970,2025-08-25T16:01:39
1589,4:44,2017-07-07,day,https://i.scdn.co/image/ab67616d0000b2737513c4956ea5552caf02eab6,2025-08-25T16:01:40
1591,Cheat Codes,2022-08-12,day,https://i.scdn.co/image/ab67616d0000b273ca0c528fd1b18e3f84431173,2025-08-25T16:01:42
1592,Strangers (feat. A$AP Rocky and Run The Jewels),2022-08-09,day,https://i.scdn.co/image/ab67616d0000b2738368e609068e83b4853858ea,2025-08-25T16:01:43
1593,The Last Huzzah!,2022-08-05,day,https://i.scdn.co/image/ab67616d0000b273507b892ad764f44310ab6b8b,2025-08-25T16:01:44
1594,King,2006-03-26,day,https://i.scdn.co/image/ab67616d0000b273d5fa46459e5489190606f47f,2025-08-25T16:01:44
1595,Crazy Hip Hop,2019-12-06,day,https://i.scdn.co/image/ab67616d0000b273b76ab321851a5ea43ef311d7,2025-08-25T16:01:45
1596,Murray's Revenge,2006-01-01,year,https://i.scdn.co/image/ab67616d0000b2730d5ef415875558ec5b166f89,2025-08-25T16:01:46
1597,Flume,2012-11-12,day,https://i.scdn.co/image/ab67616d0000b2731626fcfd3167a9af908a3007,2025-08-25T16:01:46
1598,"Schumann: Carnaval, Davidsbündlertänze & Papillons",2015-02-03,day,https://i.scdn.co/image/ab67616d0000b273345dd670c3f57d1e71152ee0,2025-08-25T16:01:47
1599,"Visions fugitives: Prokofiev, Medtner, Chopin",2014-11-07,day,https://i.scdn.co/image/ab67616d0000b27311a4d402d33209cbe34d17ca,2025-08-25T16:01:47
1600,U Mad,2015-04-20,day,https://i.scdn.co/image/ab67616d0000b2731005f4f82825bbd7c5793d9c,2025-08-25T16:01:48
1601,durag activity (with Travis Scott),2021-04-30,day,https://i.scdn.co/image/ab67616d0000b27377fd541561004220c4615b7a,2025-08-25T16:01:49
1602,DS2 (Deluxe),2015-07-17,day,https://i.scdn.co/image/ab67616d0000b273b2592bea12d840fd096ef965,2025-08-25T16:01:49
1603,Wake Up!,2010-09-17,day,https://i.scdn.co/image/ab67616d0000b2738f9ab6da8bd99dfa6359d036,2025-08-25T16:01:50
1604,JEFFERY,2016-08-26,day,https://i.scdn.co/image/ab67616d0000b273d0c72291cd96834e199e1ff8,2025-08-25T16:01:50
1605,Beautiful Thugger Girls,2017-06-16,day,https://i.scdn.co/image/ab67616d0000b273419cedff7b313b962a93932e,2025-08-25T16:01:51
1606,Chopin: Nocturnes,2005-01-01,day,https://i.scdn.co/image/ab67616d0000b2731ac7945379c88fb7f5844b59,2025-08-25T16:01:52
1608,The Lost Boy,2019-07-26,day,https://i.scdn.co/image/ab67616d0000b273e6d6d392a66a7f9172fe57c8,2025-08-25T16:01:53
1609,Two Tens (feat. Anderson .Paak),2023-01-25,day,https://i.scdn.co/image/ab67616d0000b273cdb6f9ba7f7927798f611586,2025-08-25T16:01:53
1610,Outta Control,2005-01-01,day,https://i.scdn.co/image/ab67616d0000b273adad4466d634d5f68348e23a,2025-08-25T16:01:54
1611,"Liszt Complete Piano Music, Vol. 6: Complete Song Transcriptions of Chopin, Mendelssohn and Robert & Clara Schumann",1997-11-03,day,https://i.scdn.co/image/ab67616d0000b273b75259b5803e04a1d46dc211,2025-08-25T16:01:57
1612,Rachmaninov: Symphony No. 2,2010-05-11,day,https://i.scdn.co/image/ab67616d0000b27348dd22e06040a535449efdfb,2025-08-25T16:01:57
1613,Dvorák & Elgar Cello Concertos,1995-01-01,year,https://i.scdn.co/image/ab67616d0000b273ef6d2be1626cbab173155e61,2025-08-25T16:01:58
1614,Tchaikovsky: Piano Concerto No.1,1989-01-01,day,https://i.scdn.co/image/ab67616d0000b273d4cbc712774c49532e7bbd3c,2025-08-25T16:01:58
1615,Gemini Rights,2022-07-15,day,https://i.scdn.co/image/ab67616d0000b27368968350c2550e36d96344ee,2025-08-25T16:01:59
1616,Spiderr,2022-09-30,day,https://i.scdn.co/image/ab67616d0000b27379cf43651dd1c7b896e642e6,2025-08-25T16:02:00
1617,Same Problems?,2023-01-18,day,https://i.scdn.co/image/ab67616d0000b2733192e88a6f35e5040f1212b4,2025-08-25T16:02:00
1619,Dynasties & Dystopia (from the series Arcane League of Legends),2021-11-20,day,https://i.scdn.co/image/ab67616d0000b27311a9468069b734154f21906f,2025-08-25T16:02:02
1620,32 Zel,2015-06-09,day,https://i.scdn.co/image/ab67616d0000b2736fa4c154a5b5a2a031633d5b,2025-08-25T16:02:03
1621,UNLOCKED,2020-02-07,day,https://i.scdn.co/image/ab67616d0000b273922a12ba0b5a66f034dc9959,2025-08-25T16:02:03
1622,La Maquina,2021-04-16,day,https://i.scdn.co/image/ab67616d0000b273e9166dea653ce1aa302d2916,2025-08-25T16:02:04
1623,God Don't Make Mistakes,2022-02-25,day,https://i.scdn.co/image/ab67616d0000b273130fad2aec1c9c9763968d97,2025-08-25T16:02:05
1624,10,2022-10-28,day,https://i.scdn.co/image/ab67616d0000b2731c08f68bdfd2f24e84acf7a2,2025-08-25T16:02:05
1625,Veteran,2018-01-19,day,https://i.scdn.co/image/ab67616d0000b273f8aaeba5e6dee1745371e822,2025-08-25T16:02:07
1626,Injury Reserve,2019-05-17,day,https://i.scdn.co/image/ab67616d0000b273bbb8e75cc391ddeba931b3eb,2025-08-25T16:02:07
1627,Luv 4 Rent,2022-10-28,day,https://i.scdn.co/image/ab67616d0000b273d7bae4ad0b91f65e0dd910c8,2025-08-25T16:02:08
1629,CARE FOR ME,2018-04-05,day,https://i.scdn.co/image/ab67616d0000b2734e924c0e8d0930c2655e3ce5,2025-08-25T16:02:10
1630,The Jungle Is The Only Way Out,2019-02-27,day,https://i.scdn.co/image/ab67616d0000b273bb2dcdded318b31909aef025,2025-08-25T16:02:10
1631,D-Day: A Gangsta Grillz Mixtape,2022-03-31,day,https://i.scdn.co/image/ab67616d0000b273580d8d4b0061e5a244c86c77,2025-08-25T16:02:11
1632,Bruuuh (with Denzel Curry) [Remix],2021-02-05,day,https://i.scdn.co/image/ab67616d0000b27389413cf0f537ac05ccda63a2,2025-08-25T16:02:12
1633,Without Warning,2017-10-30,day,https://i.scdn.co/image/ab67616d0000b2730db43130a9aaa7bae56967ed,2025-08-25T16:02:12
1634,Watching Movies with the Sound Off (10th Anniversary),2023-06-23,day,https://i.scdn.co/image/ab67616d0000b273577438b783e7d77ba5d7b58d,2025-08-25T16:02:13
1635,Lil Pump,2017-10-06,day,https://i.scdn.co/image/ab67616d0000b273d52ef190ae5253eb2c3c764c,2025-08-25T16:02:14
1636,No Rest...For The Blessed II,2020-08-28,day,https://i.scdn.co/image/ab67616d0000b27359baac61c4cd08b4d3dcf8ac,2025-08-25T16:02:15
1637,Ma Boy,2023-02-03,day,https://i.scdn.co/image/ab67616d0000b27365ac5e83eb3b7b41f9e2d98b,2025-08-25T16:02:16
1638,The Marshall Mathers LP,2000-05-23,day,https://i.scdn.co/image/ab67616d0000b273dbb3dd82da45b7d7f31b1b42,2025-08-25T16:02:16
1639,"Passion, Pain & Demon Slayin'",2016-12-16,day,https://i.scdn.co/image/ab67616d0000b2735c8d9ad991d2a23eb039d8dd,2025-08-25T16:02:17
1640,No Limit Top Dogg,1999-01-01,day,https://i.scdn.co/image/ab67616d0000b2733d6eb4c042d7d78776d26fd2,2025-08-25T16:02:18
1641,Atrocity Exhibition,2016-09-30,day,https://i.scdn.co/image/ab67616d0000b27306ce558a01af20d2837fb601,2025-08-25T16:02:18
1642,Stoney (Complete Edition),2016-12-09,day,https://i.scdn.co/image/ab67616d0000b2734c65275edad3ab7ddb4ed230,2025-08-25T16:02:19
1643,beerbongs & bentleys,2018-04-27,day,https://i.scdn.co/image/ab67616d0000b273b1c4b76e23414c9f20242268,2025-08-25T16:02:20
1644,Please Excuse Me for Being Antisocial,2019-12-06,day,https://i.scdn.co/image/ab67616d0000b273600adbc750285ea1a8da249f,2025-08-25T16:02:20
1645,HIGHEST IN THE ROOM,2019-10-04,day,https://i.scdn.co/image/ab67616d0000b273e42b5fea4ac4c3d6328b622b,2025-08-25T16:02:21
1646,JESUS IS KING,2019-10-25,day,https://i.scdn.co/image/ab67616d0000b2731bb797bbfe2480650b6c2964,2025-08-25T16:02:21
1647,Feed Tha Streets II,2018-11-02,day,https://i.scdn.co/image/ab67616d0000b273434f4eeb4231f6f4862cafd4,2025-08-25T16:02:22
1648,ASTROWORLD,2018-08-03,day,https://i.scdn.co/image/ab67616d0000b273072e9faef2ef7b6db63834a3,2025-08-25T16:02:23
1649,Drip Harder,2018-10-05,day,https://i.scdn.co/image/ab67616d0000b273ce159a3ba2096e13fa9d4b4c,2025-08-25T16:02:23
1650,Perfect Ten,2019-06-28,day,https://i.scdn.co/image/ab67616d0000b27393b1e96fad758869d0974162,2025-08-25T16:02:24
1651,Feed Tha Streets III,2022-11-18,day,https://i.scdn.co/image/ab67616d0000b273d513f31f1445121235424acb,2025-08-25T16:02:24
1652,Quality Control: Control The Streets Volume 2,2019-08-16,day,https://i.scdn.co/image/ab67616d0000b273f5c547a4335523f10a802f94,2025-08-25T16:02:25
1653,Die 4 Respect,2021-06-15,day,https://i.scdn.co/image/ab67616d0000b2739ea849484864329633574323,2025-08-25T16:02:26
1654,KIRK,2019-09-27,day,https://i.scdn.co/image/ab67616d0000b273f2b94b2fda4f08836d6371ba,2025-08-25T16:02:27
1655,Dreams and Nightmares,2012-10-26,day,https://i.scdn.co/image/ab67616d0000b273f0c746d1b52c883c19b25a51,2025-08-25T16:02:28
1656,Gardner Express,2020-12-11,day,https://i.scdn.co/image/ab67616d0000b2736acae7b6440c0dc1473be3dd,2025-08-25T16:02:28
1657,JACKBOYS,2019-12-27,day,https://i.scdn.co/image/ab67616d0000b273dfc2f59568272de50a257f2f,2025-08-25T16:02:29
1658,We Love You Tecca,2019-08-30,day,https://i.scdn.co/image/ab67616d0000b273bd69bbde4aeee723d6d08058,2025-08-25T16:02:29
1659,Luv Is Rage 2 (Deluxe),2017-11-17,day,https://i.scdn.co/image/ab67616d0000b273d7e1c68ed8e464b03095afda,2025-08-25T16:02:30
1660,AI YoungBoy 2,2019-10-11,day,https://i.scdn.co/image/ab67616d0000b273a4cba447b322609cd47fb9d3,2025-08-25T16:02:31
1661,Bad Habits (Deluxe),2019-03-26,day,https://i.scdn.co/image/ab67616d0000b273a4aaecb02b51550635d7c1b1,2025-08-25T16:02:31
1662,Eternal Atake,2020-03-06,day,https://i.scdn.co/image/ab67616d0000b273158b08c02c249bc651b3b47a,2025-08-25T16:02:32
1663,ADHD,2020-03-27,day,https://i.scdn.co/image/ab67616d0000b273e7e2dac6389a96d8086ae0fe,2025-08-25T16:02:32
1664,Good Intentions,2020-05-08,day,https://i.scdn.co/image/ab67616d0000b27336f15d38804d5bdd29b9fc7a,2025-08-25T16:02:33
1665,Signed with Love,2020-12-22,day,https://i.scdn.co/image/ab67616d0000b273e67ab664b036f4bb3aab9ec9,2025-08-25T16:02:34
1666,Sauce Ghetto Gospel 2,2019-12-06,day,https://i.scdn.co/image/ab67616d0000b273013da3451d1678a0612eb10c,2025-08-25T16:02:34
1667,Heaven Or Hell,2020-03-13,day,https://i.scdn.co/image/ab67616d0000b27345190a074bef3e8ce868b60c,2025-08-25T16:02:35
1668,THE SCOTTS,2020-04-24,day,https://i.scdn.co/image/ab67616d0000b27311d6f8c713ef93a9bb64ddfe,2025-08-25T16:05:21
1669,The Life Of Pablo,2016-06-10,day,https://i.scdn.co/image/ab67616d0000b2732a7db835b912dc5014bd37f4,2025-08-25T16:05:22
1670,"Ligeti: Violin Concerto, Lontano, Atmosphères & San Francisco Polyphony",2013-09-24,day,https://i.scdn.co/image/ab67616d0000b27307cc27ea91e741e73b581632,2025-08-25T16:05:23
1671,Symphony No 5,2004-01-05,day,https://i.scdn.co/image/ab67616d0000b273ae7af2402c537032c8da8f45,2025-08-25T16:05:23
1672,Mendelssohn: Violin Concerto; Symphony No.4 - "Italian"; Hebrides Overture,2011-01-01,day,https://i.scdn.co/image/ab67616d0000b27362eba57583cc55753b86eb41,2025-08-25T16:05:24
1673,Elgar Sea Pictures,2015-11-06,day,https://i.scdn.co/image/ab67616d0000b273f043e8d2db10c5dfabd9a4c0,2025-08-25T16:05:25
1674,Never Change (feat. Roddy Ricch),2023-02-02,day,https://i.scdn.co/image/ab67616d0000b27349597d86613df876ec2e58db,2025-08-25T16:05:25
1675,The Off-Season,2021-05-14,day,https://i.scdn.co/image/ab67616d0000b27310e6745bb2f179dd3616b85f,2025-08-25T16:05:26
1676,Revenge Of The Dreamers II,2015-01-01,day,https://i.scdn.co/image/ab67616d0000b27300dba11c081404c7d6913906,2025-08-25T16:05:27
1677,NASIR,2018-06-15,day,https://i.scdn.co/image/ab67616d0000b2734c2ab67f7da8208998f35d51,2025-08-25T16:05:27
1678,May 25th,2010-02-02,day,https://i.scdn.co/image/ab67616d0000b2738e9f43f328f9c92ecfed5da5,2025-08-25T16:05:28
1679,I NEVER LIKED YOU,2022-05-02,day,https://i.scdn.co/image/ab67616d0000b2737e83b7d94b668d9ea94fe7ec,2025-08-25T16:05:29
1680,ye,2018-06-01,day,https://i.scdn.co/image/ab67616d0000b2730cd942c1a864afa4e92d04f2,2025-08-25T16:05:29
1681,Trillmatic (feat. A$AP Nast & Method Man),2013-12-04,day,https://i.scdn.co/image/ab67616d0000b2736cc7156ce5cb9db313cd81cf,2025-08-25T16:05:30
1682,Culture II,2018-01-26,day,https://i.scdn.co/image/ab67616d0000b2739c188c494d8bfaf895411890,2025-08-25T16:05:30
1683,Views,2016-05-06,day,https://i.scdn.co/image/ab67616d0000b2739416ed64daf84936d89e671c,2025-08-25T16:05:31
1684,CHASE,2019-02-28,day,https://i.scdn.co/image/ab67616d0000b27323fec90bf517ded5e42e4ef2,2025-08-25T16:05:32
1685,Down On My Luck,2014-01-01,day,https://i.scdn.co/image/ab67616d0000b27338fcdbacd0ee736f449e9975,2025-08-25T16:05:32
1686,Artist,2016-09-16,day,https://i.scdn.co/image/ab67616d0000b273f2baf6d743ae26f97777f026,2025-08-25T16:05:34
1687,Burden of Proof,2020-10-16,day,https://i.scdn.co/image/ab67616d0000b273329731739d6e673ba7b247da,2025-08-25T16:05:34
1688,The Light Pack,2020-07-17,day,https://i.scdn.co/image/ab67616d0000b27363d3d88060ff940456b89719,2025-08-25T16:05:35
1689,Eternal Atake (Deluxe) - LUV vs. The World 2,2020-03-13,day,https://i.scdn.co/image/ab67616d0000b273bd5f03953f9f1d3b833369c0,2025-08-25T16:05:35
1690,MUDBOY,2018-10-05,day,https://i.scdn.co/image/ab67616d0000b27359cd47039c5b10ed919fbaa8,2025-08-25T16:05:36
1691,Birds In The Trap Sing McKnight,2016-09-16,day,https://i.scdn.co/image/ab67616d0000b273f54b99bf27cda88f4a7403ce,2025-08-25T16:05:37
1692,Chopin: Ballades; Barcarolle; Fantaisie,1988-01-01,day,https://i.scdn.co/image/ab67616d0000b2734a7a2e0cab8f2db75a1c3f55,2025-08-25T16:05:37
1693,Top Shotta,2020-08-07,day,https://i.scdn.co/image/ab67616d0000b2738e2ebc51140aa8e41d3d4406,2025-08-25T16:05:38
1694,LIVE LIFE FAST,2021-12-17,day,https://i.scdn.co/image/ab67616d0000b2738007e1fcf108e4270b6df942,2025-08-25T16:05:39
1695,Her Loss,2022-11-04,day,https://i.scdn.co/image/ab67616d0000b27302854a7060fccc1a66a4b5ad,2025-08-25T16:05:39
1696,Droptopwop,2017-05-26,day,https://i.scdn.co/image/ab67616d0000b2738d9c4bc6eaea79df13321cfb,2025-08-25T16:05:40
1697,pick up the phone (feat. Quavo),2016-06-03,day,https://i.scdn.co/image/ab67616d0000b2736f90c4dc2e8599829dae3848,2025-08-25T16:05:40
1698,A-Team,2016-02-06,day,https://i.scdn.co/image/ab67616d0000b273d0c92f4f71a3c437f620a366,2025-08-25T16:05:41
1699,Don't Play (feat. The 1975 & Big Sean),2014-08-18,day,https://i.scdn.co/image/ab67616d0000b27393821d2002508edc459eb7c7,2025-08-25T16:05:42
1700,Mamacita (feat. Rich Homie Quan & Young Thug),2014-08-18,day,https://i.scdn.co/image/ab67616d0000b273a53a4cb046216d7ac049b5bf,2025-08-25T16:05:42
1701,Best Friend,2015-11-20,day,https://i.scdn.co/image/ab67616d0000b273bd29e861f5f985a1bbe50ff9,2025-08-25T16:05:43
1702,Street Is Watching,,day,,
1703,The Return of East Atlanta Santa,2016-12-16,day,https://i.scdn.co/image/ab67616d0000b2738c75413c7f38b3f512a75b35,2025-08-25T16:05:44
1704,Upper Echelon (feat. T.I. & 2 Chainz),2013-05-21,day,https://i.scdn.co/image/ab67616d0000b273f857dd834a9539129014cef3,2025-08-25T16:05:44
1705,What A Time To Be Alive,2015-09-20,day,https://i.scdn.co/image/ab67616d0000b273d6adfbd3f091d6f2b9af6507,2025-08-25T16:05:45
1706,Everybody Looking,2016-07-22,day,https://i.scdn.co/image/ab67616d0000b273f836e603599aa148027a130b,2025-08-25T16:05:46
1707,Mr. Davis,2017-10-13,day,https://i.scdn.co/image/ab67616d0000b273af7525e55333b110ff0f4e95,2025-08-25T16:05:47
1708,Back of My Mind,2021-06-18,day,https://i.scdn.co/image/ab67616d0000b273f214cabc279e33a7f0140391,2025-08-25T16:05:48
1709,Ella Mai,2018-10-12,day,https://i.scdn.co/image/ab67616d0000b2737ce0faf0620ab9c1779e1fbf,2025-08-25T16:05:48
1710,READY,2017-02-22,day,https://i.scdn.co/image/ab67616d0000b2731067b9877d6435ae9ecb26ac,2025-08-25T16:05:49
1711,Coco Mango Diced,2019-04-12,day,https://i.scdn.co/image/ab67616d0000b273276fefe441b869ca65fa5c32,2025-08-25T16:05:50
1712,Hitler Wears Hermes 7,2019-11-01,day,https://i.scdn.co/image/ab67616d0000b273c65321fcb84e124b866f1deb,2025-08-25T16:05:50
1713,Pray For Haiti,2021-05-21,day,https://i.scdn.co/image/ab67616d0000b273c43b3a9459cadcf6f68867cd,2025-08-25T16:05:51
1714,Unshaken,2019-01-04,day,https://i.scdn.co/image/ab67616d0000b273a082e1621992d3400299f502,2025-08-25T16:05:51
1715,Tha Carter IV (Complete Edition),2011-08-29,day,https://i.scdn.co/image/ab67616d0000b273e80b258c7e0b318202870953,2025-08-25T16:05:52
1716,Tha Carter V,2018-09-28,day,https://i.scdn.co/image/ab67616d0000b273bb1138165ad4ec2306f4e886,2025-08-25T16:05:53
1717,While We Wait,2019-02-22,day,https://i.scdn.co/image/ab67616d0000b273237088df385325bb2ebbb37b,2025-08-25T16:05:53
1718,"Or Nah (feat. The Weeknd, Wiz Khalifa & DJ Mustard) [Remix]",2014-06-10,day,https://i.scdn.co/image/ab67616d0000b2731c04efd2804b16cf689de7f0,2025-08-25T16:05:54
3189,ComfortZone - The 10 Year Anniversary Edition,,day,,
1719,Hip Hop 2000,2017-10-27,day,https://i.scdn.co/image/ab67616d0000b27324858c881eb141ea70f5b48d,2025-08-25T16:05:54
1720,Wake Up in the Sky,2018-09-14,day,https://i.scdn.co/image/ab67616d0000b273b64fc7036d0fccef26f9f7e8,2025-08-25T16:05:55
1721,So Icy Gang: The ReUp,2022-06-17,day,https://i.scdn.co/image/ab67616d0000b2734f51050ed30d62b139ab5e02,2025-08-25T16:05:56
1722,Look Ma I Did It,2022-09-02,day,https://i.scdn.co/image/ab67616d0000b273ef8e862cf629c5f7d5a9aa18,2025-08-25T16:05:56
1723,Evil Genius,2018-12-07,day,https://i.scdn.co/image/ab67616d0000b2736e4366b5308fd1c5462eb3ab,2025-08-25T16:05:57
1724,Every Kingdom,2011-01-01,day,https://i.scdn.co/image/ab67616d0000b27325d10f813fd1114b2bb9e39a,2025-08-25T16:05:57
1725,Bankroll Fresh,2015-11-26,day,https://i.scdn.co/image/ab67616d0000b273fafec9f31ed4fc7d0450c170,2025-08-25T16:05:58
1726,HEROES & VILLAINS (Heroes Version),2022-12-02,day,https://i.scdn.co/image/ab67616d0000b273c4fee55d7b51479627c31f89,2025-08-25T16:05:59
1727,Lean Beef Patty,2023-03-13,day,https://i.scdn.co/image/ab67616d0000b273bed396ed8c51de6bd63495b0,2025-08-25T16:05:59
1728,While We're Here,2022-05-18,day,https://i.scdn.co/image/ab67616d0000b27351e3e354561f52225551b3fb,2025-08-25T16:06:00
1729,Creed III: The Soundtrack,2023-03-03,day,https://i.scdn.co/image/ab67616d0000b2737e4d9f2b77109ba3380662ba,2025-08-25T16:06:00
1730,Nobody Cares Till Everybody Does,2019-12-06,day,https://i.scdn.co/image/ab67616d0000b273541c74a2790a31a33a85b682,2025-08-25T16:06:01
1731,"Honestly, Nevermind",2022-06-17,day,https://i.scdn.co/image/ab67616d0000b2738dc0d801766a5aa6a33cbe37,2025-08-25T16:06:02
1732,More Fish,2006-01-01,day,https://i.scdn.co/image/ab67616d0000b273db2d0b9b7d62ffe76837f2ff,2025-08-25T16:06:03
1733,G.O.O.D.,2021-11-14,day,https://i.scdn.co/image/ab67616d0000b273c5663e50de353981ed2b1a37,2025-08-25T16:06:03
1734,Preservation,2005-10-07,day,https://i.scdn.co/image/ab67616d0000b273d8f20c79e1a465e35a00d193,2025-08-25T16:06:04
1735,The Essential Wu-Tang Clan,2013-10-29,day,https://i.scdn.co/image/ab67616d0000b27339885152c1404630adab6a86,2025-08-25T16:06:05
1737,Legendary Weapons,2011-07-26,day,https://i.scdn.co/image/ab67616d0000b2738c04bb8d7936cca640e055e9,2025-08-25T16:06:06
1738,No Way Out,1997-01-01,year,https://i.scdn.co/image/ab67616d0000b2736af4bd99c9a95bbc008c53c4,2025-08-25T16:06:08
1739,93 'til Infinity,1993-02-13,day,https://i.scdn.co/image/ab67616d0000b27343969ecfe687484121805478,2025-08-25T16:06:08
1740,From King To A GOD,2020-09-11,day,https://i.scdn.co/image/ab67616d0000b2730ccb867d00a05a81e3142fc1,2025-08-25T16:06:09
1741,Pain Provided Profit,2023-03-10,day,https://i.scdn.co/image/ab67616d0000b273c8e09e8248c65c116fa0cb8c,2025-08-25T16:06:09
1742,Pray for Paris,2020-04-17,day,https://i.scdn.co/image/ab67616d0000b273a29bd588f4caf84bd4cd6f8b,2025-08-25T16:06:10
1743,FLYGOD,2016-03-11,day,https://i.scdn.co/image/ab67616d0000b273b4b2f31921c8665026be4fd4,2025-08-25T16:06:11
1744,Mendelssohn: Piano Pieces,2008-05-06,day,https://i.scdn.co/image/ab67616d0000b273d4de914119e4aa7bcdddba29,2025-08-25T16:06:11
1745,Sibelius - Finnish Folk Songs & Discoveries,2021-09-24,day,https://i.scdn.co/image/ab67616d0000b27375dafbff49bbf04cc19deb9c,2025-08-25T16:06:12
1746,Mahler: Symphony No. 2,2003-01-01,day,https://i.scdn.co/image/ab67616d0000b273b1b49e4dd060513b6c72ed24,2025-08-25T16:06:13
1747,"L'atelier des pianistes, vol. 2 : Moyen",1996-01-01,day,https://i.scdn.co/image/ab67616d0000b2739d2c8c6dc2efaaacbb736210,2025-08-25T16:06:13
1748,"Beethoven: Chamber Music for Horns, Winds and Strings",1995-05-17,day,https://i.scdn.co/image/ab67616d0000b273edd796cc8bdd3e8f0162aca6,2025-08-25T16:06:14
1749,MAY GOD BLESS YOUR HUSTLE,2017-06-21,day,https://i.scdn.co/image/ab67616d0000b2732d9e39f9ebd4210b700bac8a,2025-08-25T16:06:14
1750,SMILE,2018-04-06,day,https://i.scdn.co/image/ab67616d0000b2736c871deb445517a698fe537a,2025-08-25T16:06:15
1751,Fuk Wat They Talkin Bout,2015-08-24,day,https://i.scdn.co/image/ab67616d0000b273421938e7d376a06b79eb92e8,2025-08-25T16:06:16
1752,SCARING THE HOES,2023-03-24,day,https://i.scdn.co/image/ab67616d0000b2738cf4c85912fdeb106707fb4c,2025-08-25T16:06:16
1753,WWCD,2019-11-29,day,https://i.scdn.co/image/ab67616d0000b2735d5ae1919a8631862b0ea7b9,2025-08-25T16:06:17
1754,College Park,2023-02-24,day,https://i.scdn.co/image/ab67616d0000b273d7b5784333dee221f45d75b6,2025-08-25T16:06:18
1755,?,2018-03-16,day,https://i.scdn.co/image/ab67616d0000b273806c160566580d6335d1f16c,2025-08-25T16:06:19
1756,THE REV3NGE,2022-01-14,day,https://i.scdn.co/image/ab67616d0000b27351a878a1a5cb6a9c5ec56364,2025-08-25T16:06:19
1757,Revolutions,2004-06-08,day,https://i.scdn.co/image/ab67616d0000b2735b28f1d8c99924f985032dcf,2025-08-25T16:06:20
1758,Phenomenon,1997-01-01,day,https://i.scdn.co/image/ab67616d0000b273f86f0799888c61685dc61a78,2025-08-25T16:06:21
1759,I Am Progress,2023-03-03,day,https://i.scdn.co/image/ab67616d0000b27328694f19eb7969aec01aa510,2025-08-25T16:06:22
1760,Pull Up (feat. Termanology),2023-02-10,day,https://i.scdn.co/image/ab67616d0000b27356ae5701fd5922639c537ac6,2025-08-25T16:06:22
1761,ATL.A.,2022-11-25,day,https://i.scdn.co/image/ab67616d0000b27305957133d30fbee9a8195895,2025-08-25T16:06:23
1762,Lil Duke,2017-10-03,day,https://i.scdn.co/image/ab67616d0000b273df7e4a939a4dc5354c4ba732,2025-08-25T16:06:23
1763,Hitler Wears Hermes 8: Sincerely Adolf,2021-08-27,day,https://i.scdn.co/image/ab67616d0000b273dad3b299a0831d5f08979b54,2025-08-25T16:06:24
1765,Flygod Is An Awesome God 2,2020-07-03,day,https://i.scdn.co/image/ab67616d0000b2733a79a2f833daddd058e23fcb,2025-08-25T16:06:25
1766,Supreme Blientele,2018-06-22,day,https://i.scdn.co/image/ab67616d0000b273a36c77d6ac2f035af76e13d2,2025-08-25T16:06:26
1767,Julia Lang,2021-03-31,day,https://i.scdn.co/image/ab67616d0000b273322bf8448154b87a83d6c64f,2025-08-25T16:06:26
1768,Babushka Boi,2019-08-28,day,https://i.scdn.co/image/ab67616d0000b273f0af4e62df674240cc7a35f8,2025-08-25T16:06:27
1769,Out On Bail,2020-09-23,day,https://i.scdn.co/image/ab67616d0000b273ec5bed5755e3f58576d70621,2025-08-25T16:06:28
1770,The London (feat. J. Cole & Travis Scott),2019-05-23,day,https://i.scdn.co/image/ab67616d0000b273137c2d3150118e7157800c5b,2025-08-25T16:06:29
1771,THE GOAT,2020-05-15,day,https://i.scdn.co/image/ab67616d0000b273339f780dfdbc38558ea0761d,2025-08-25T16:06:29
1772,Champions,2016-06-10,day,https://i.scdn.co/image/ab67616d0000b273bddf05707f93b37fdbfeaab5,2025-08-25T16:06:30
1773,King of Everything,2015-10-16,day,https://i.scdn.co/image/ab67616d0000b2730b20eaa56e76c198d62c4beb,2025-08-25T16:06:30
1774,Hot (Remix) [feat. Gunna and Travis Scott],2019-11-01,day,https://i.scdn.co/image/ab67616d0000b2732a00ed4fab80272044d13356,2025-08-25T16:06:31
1775,Pretty Girls Like Trap Music,2017-06-16,day,https://i.scdn.co/image/ab67616d0000b273c0c05243a846dda6c84607f9,2025-08-25T16:06:32
1776,Free Nationals,2019-12-13,day,https://i.scdn.co/image/ab67616d0000b273d93501aba7bc1140aac628c6,2025-08-25T16:06:32
3190,Pardon Me,,day,,
1777,Lewis Street,2020-07-22,day,https://i.scdn.co/image/ab67616d0000b2737a6aa18b884bea97981b7542,2025-08-25T16:06:33
1778,Amore mio aiutami (Original Motion Picture Soundtrack),1969-01-01,year,https://i.scdn.co/image/ab67616d0000b27317c654a194f193221964ec1a,2025-08-25T16:06:34
1779,Casablanca: The Original Motion Picture Soundtrack,1942-11-26,day,https://i.scdn.co/image/ab67616d0000b273d17cc4c347ad9f7fad655d0a,2025-08-25T16:06:35
1780,French Exit,2014-06-05,day,https://i.scdn.co/image/ab67616d0000b273e1bc1af856b42dd7fdba9f84,2025-08-25T16:06:35
1781,Jab Pyaar Kisise Hota Hai (Original Motion Picture Soundtrack),1998-05-22,day,https://i.scdn.co/image/ab67616d0000b273013f5b6e9239d60b964c66a3,2025-08-25T16:06:36
1782,The Best of Sade,1994-10-31,day,https://i.scdn.co/image/ab67616d0000b2735e25e034e25258b356774c79,2025-08-25T16:06:37
1783,Bright: The Album,2017-12-15,day,https://i.scdn.co/image/ab67616d0000b2732a2f776c2c91ad03ae4fbed2,2025-08-25T16:06:37
1784,The Big 3,2022-06-24,day,https://i.scdn.co/image/ab67616d0000b273feb17b455c436f188b16fd1c,2025-08-25T16:06:38
1785,Cherry Bomb + Instrumentals,2015-04-13,day,https://i.scdn.co/image/ab67616d0000b27337906edcfbfde42b203097f2,2025-08-25T16:06:39
1786,CALL ME IF YOU GET LOST: The Estate Sale,2023-03-31,day,https://i.scdn.co/image/ab67616d0000b273aa95a399fd30fbb4f6f59fca,2025-08-25T16:06:40
1787,Hard Groove,2003-01-01,day,https://i.scdn.co/image/ab67616d0000b2738b669367dd770eec5e9ab345,2025-08-25T16:06:40
1788,GINGER,2019-08-23,day,https://i.scdn.co/image/ab67616d0000b27346f07fa4f28bf824840ddacb,2025-08-25T16:06:41
1789,The Family,2022-11-17,day,https://i.scdn.co/image/ab67616d0000b273a3a7fef0d7e967752934b8b3,2025-08-25T16:06:41
1790,Dark Days + Canapés,2017-08-18,day,https://i.scdn.co/image/ab67616d0000b27349c88e51df3f8a5e19eace69,2025-08-25T16:06:42
1791,Before And Now Seems Infinite,2022-02-25,day,https://i.scdn.co/image/ab67616d0000b27357dfe5eee88232518fbf3ffb,2025-08-25T16:06:43
1792,The Heart Part 5,2022-05-08,day,https://i.scdn.co/image/ab67616d0000b27389877ffdd584dc9b7168044b,2025-08-25T16:06:43
1793,Black Panther The Album Music From And Inspired By,2018-02-09,day,https://i.scdn.co/image/ab67616d0000b273c027ad28821777b00dcaa888,2025-08-25T16:06:44
1794,SURF OR DROWN,2023-03-24,day,https://i.scdn.co/image/ab67616d0000b273673de3753036d6ede36fb746,2025-08-25T16:06:45
1795,TURNIN' HEADS,2023-03-22,day,https://i.scdn.co/image/ab67616d0000b2736f6038b501df2808e7c7c02e,2025-08-25T16:06:46
1796,LUMBERJACK,2021-06-16,day,https://i.scdn.co/image/ab67616d0000b273e1bcb03317aabee4e0ca1193,2025-08-25T16:06:47
1797,Cash In Cash Out,2022-06-10,day,https://i.scdn.co/image/ab67616d0000b2738f0df54fd6043164d7c07ae3,2025-08-25T16:06:48
1798,Ctrl,2017-06-09,day,https://i.scdn.co/image/ab67616d0000b2734c79d5ec52a6d0302f3add25,2025-08-25T16:06:48
1799,Donda (Deluxe),2021-08-29,day,https://i.scdn.co/image/ab67616d0000b273cad190f1a73c024e5a40dddd,2025-08-25T16:06:49
1800,One Day It'll All Make Sense,1997-09-30,day,https://i.scdn.co/image/ab67616d0000b273c5f66637f2447f4634c41eb9,2025-08-25T16:06:49
1801,The New Toronto 3,2020-04-10,day,https://i.scdn.co/image/ab67616d0000b27353af8d1a7654351c6a03b5fe,2025-08-25T16:06:50
1802,Life of a DON,2021-10-08,day,https://i.scdn.co/image/ab67616d0000b273ab738b25b86bf02f0346c53d,2025-08-25T16:06:51
1803,The Score (Expanded Edition),1996-02-13,day,https://i.scdn.co/image/ab67616d0000b2735b7865be7f7fcc05faec6137,2025-08-25T16:06:51
1804,Concrete Jungle,2009-11-09,day,https://i.scdn.co/image/ab67616d0000b273d7454b48689d8b2188717328,2025-08-25T16:06:52
1805,111 Piano Hits - Vol. 1,2014-11-15,day,https://i.scdn.co/image/ab67616d0000b273fc16aab5f6fdea503d81dfcf,2025-08-25T16:06:53
1806,The Great Escape,2023-03-31,day,https://i.scdn.co/image/ab67616d0000b27360bc4a5255b323583cefe763,2025-08-25T16:06:53
1807,Fallin',2023-04-07,day,https://i.scdn.co/image/ab67616d0000b2738821f75428be3718d087681d,2025-08-25T16:06:54
1808,RAMONA PARK BROKE MY HEART,2022-04-08,day,https://i.scdn.co/image/ab67616d0000b2739fd6f55c35811d79d01f94ef,2025-08-25T16:06:54
1809,Kill Bill (feat. Doja Cat),2023-04-14,day,https://i.scdn.co/image/ab67616d0000b273c3b70a0848d577bf5ae67b49,2025-08-25T16:06:55
1810,ESCAPE PLAN / MAFIA,2021-11-05,day,https://i.scdn.co/image/ab67616d0000b273eba68473429f9f4eaf1943d0,2025-08-25T16:06:56
1811,Murda Murda,2015-01-01,year,https://i.scdn.co/image/ab67616d0000b2732b7690d6023e3b5b5f2e4c76,2025-08-25T16:06:56
1812,HOTEL LOBBY (Unc & Phew),2022-05-20,day,https://i.scdn.co/image/ab67616d0000b273e5d4be66b75f70d2ffc7b134,2025-08-25T16:06:57
1813,Man On The Moon III: The Chosen,2020-12-11,day,https://i.scdn.co/image/ab67616d0000b2734fd23a4c21f50d54326a732d,2025-08-25T16:06:57
1814,Konnichiwa,2016-05-06,day,https://i.scdn.co/image/ab67616d0000b273969de80dfcad2d496da82410,2025-08-25T16:06:58
1816,White Label Classics,2012-12-10,day,https://i.scdn.co/image/ab67616d0000b273ccb90d5a46a6f63420ae2f7c,2025-08-25T16:06:59
1817,Next Hype,2009-03-02,day,https://i.scdn.co/image/ab67616d0000b2734a82d6ec70954ae37cce9801,2025-08-25T16:07:00
1818,Race Against Time,2009-06-08,day,https://i.scdn.co/image/ab67616d0000b273190b8b12dca76739b49b19b9,2025-08-25T16:07:01
1819,4EVA (feat. Pharrell Williams),2023-04-07,day,https://i.scdn.co/image/ab67616d0000b273b0afb62b6cf63e92d42e818f,2025-08-25T16:07:02
1820,NOT ALL HEROES WEAR CAPES (Deluxe),2018-11-06,day,https://i.scdn.co/image/ab67616d0000b2732887f8c05b5a9f1cb105be29,2025-08-25T16:07:03
1821,Scorpion,2018-06-29,day,https://i.scdn.co/image/ab67616d0000b273f907de96b9a4fbc04accc0d5,2025-08-25T16:07:04
1822,ZUU,2019-05-31,day,https://i.scdn.co/image/ab67616d0000b2735d46e4578c8e1adad9206480,2025-08-25T16:07:04
1823,LIVE.LOVE.A$AP,2011-10-31,day,https://i.scdn.co/image/ab67616d0000b273c8ced8a4d6b6b61eb592f3dd,2025-08-25T16:07:05
1824,Sundress,2018-11-20,day,https://i.scdn.co/image/ab67616d0000b2731ae967e4a02c7a39eb3c189b,2025-08-25T16:07:06
1825,Took A Trip,2023-04-14,day,https://i.scdn.co/image/ab67616d0000b273240e97c2f5f2c94dce61b57a,2025-08-25T16:07:06
1826,Nicky Nine Door,2023-04-05,day,https://i.scdn.co/image/ab67616d0000b273ea1ba09c77c017653a93ef5c,2025-08-25T16:07:07
1827,Great Is He (Deluxe),2023-03-31,day,https://i.scdn.co/image/ab67616d0000b273f036f06532711ac529734d41,2025-08-25T16:07:07
1828,Funk Wav Bounces Vol.1,2017-06-30,day,https://i.scdn.co/image/ab67616d0000b2734d3fa5ce7ba599f4fd7803ef,2025-08-25T16:07:08
1829,Don't Love Me,2023-02-10,day,https://i.scdn.co/image/ab67616d0000b273f56582dc774750071e51129b,2025-08-25T16:07:08
1830,SAVAGE MODE II,2020-10-02,day,https://i.scdn.co/image/ab67616d0000b273aa57907bf0cb2ca0c8cc74bc,2025-08-25T16:07:09
1831,i am > i was,2018-12-21,day,https://i.scdn.co/image/ab67616d0000b273280689ecc5e4b2038bb5e4bd,2025-08-25T16:07:10
1832,Sremm 4 Life,2023-04-07,day,https://i.scdn.co/image/ab67616d0000b27335f8ccf883b032b20efd6e9c,2025-08-25T16:07:11
1833,The Kuwait Tapes,2017-10-13,day,https://i.scdn.co/image/ab67616d0000b273f5341006e70ca26cc73e65eb,2025-08-25T16:07:12
1834,Magnum Force,1998-01-01,day,https://i.scdn.co/image/ab67616d0000b2737c51c15369e3ad7ec82656f7,2025-08-25T16:07:13
1836,Search & Rescue,2023-04-07,day,https://i.scdn.co/image/ab67616d0000b273cace8a4b2ff924c9e12e3a96,2025-08-25T16:07:14
1838,Savage Mode,2016-07-15,day,https://i.scdn.co/image/ab67616d0000b2732dd1ac4a61495080ef8f78ca,2025-08-25T16:07:15
1839,Sneakin’,2016-10-24,day,https://i.scdn.co/image/ab67616d0000b27358599e61e8a0487443d31bb6,2025-08-25T16:07:16
1840,Double Fantasy,2023-04-21,day,https://i.scdn.co/image/ab67616d0000b273c7d6fe09dfe4af1580e59705,2025-08-25T16:07:16
1841,The World Is Yours,2018-03-30,day,https://i.scdn.co/image/ab67616d0000b27364353426de6dfe0206f6d1d3,2025-08-25T16:07:17
1842,Go Stupid (feat. NLE Choppa & Mike WiLL Made-It),2020-02-14,day,https://i.scdn.co/image/ab67616d0000b273d1a19d547655f7484e39ebf0,2025-08-25T16:07:18
1843,Face 2 Face,2022-12-15,day,https://i.scdn.co/image/ab67616d0000b273bc9d5e85e3673b030e145726,2025-08-25T16:07:18
1844,OOGA BOOGA!,2022-10-25,day,https://i.scdn.co/image/ab67616d0000b2731b0dbf02806dcae628e81cc6,2025-08-25T16:07:19
1845,Let’s Start Here.,2023-01-27,day,https://i.scdn.co/image/ab67616d0000b2736f578b21bce56056473da7e6,2025-08-25T16:07:20
1846,"One Mic, One Gun",2022-11-29,day,https://i.scdn.co/image/ab67616d0000b273bc34741d70d23f4f20d4a2a5,2025-08-25T16:07:21
1847,Down In Atlanta,2022-11-18,day,https://i.scdn.co/image/ab67616d0000b2739c3bd14ef94886822d576396,2025-08-25T16:07:21
1848,Game Tight,2002-01-01,day,https://i.scdn.co/image/ab67616d0000b2739bb6b6c30564e4d1eb063aec,2025-08-25T16:07:22
1849,The Hurricane (Music From And Inspired By The Motion Picture),2000-01-11,day,https://i.scdn.co/image/ab67616d0000b273abbd0a35a8085122da8d8009,2025-08-25T16:07:22
1850,1999 WILDFIRE,2018-07-07,day,https://i.scdn.co/image/ab67616d0000b2731f807d30b5db720d1938a7ba,2025-08-25T16:07:23
1851,TM,2022-11-18,day,https://i.scdn.co/image/ab67616d0000b2731e816be3575d007cc77bac94,2025-08-25T16:07:24
1852,ALL-AMERICAN TRASH,2016-04-11,day,https://i.scdn.co/image/ab67616d0000b27346fc3effbd1b9af4c69019ac,2025-08-25T16:07:24
1853,"ROADRUNNER: NEW LIGHT, NEW MACHINE",2021-04-09,day,https://i.scdn.co/image/ab67616d0000b273bcfe3442f0a375df1d21efcf,2025-08-25T16:07:25
1854,Certified Lover Boy,2021-09-03,day,https://i.scdn.co/image/ab67616d0000b273cd945b4e3de57edd28481a3f,2025-08-25T16:07:25
1855,Embarrassed (feat. Travis Scott),2023-02-23,day,https://i.scdn.co/image/ab67616d0000b273be3f799633252cc6c0c09885,2025-08-25T16:07:26
1856,Good For You,2017-07-28,day,https://i.scdn.co/image/ab67616d0000b27360282020360f5048976275aa,2025-08-25T16:07:26
1857,20/20 Evergreen,2013-10-26,day,https://i.scdn.co/image/ab67616d0000b273b716fa509dfcf4d72564e0f2,2025-08-25T16:07:28
1858,Tana Talk 4,2022-03-11,day,https://i.scdn.co/image/ab67616d0000b2736f7e02a599bf17973444fdee,2025-08-25T16:07:28
1859,3:30 In Houston,2020-12-11,day,https://i.scdn.co/image/ab67616d0000b27352815f4d3daa1bace21f2bab,2025-08-25T16:07:29
1860,Johnny P's Caddy,2022-01-28,day,https://i.scdn.co/image/ab67616d0000b273f18e14251caccbf310cbe281,2025-08-25T16:07:30
1861,Pyrex Picasso,2021-08-13,day,https://i.scdn.co/image/ab67616d0000b2736b4099ee2132a9c5661d7386,2025-08-25T16:07:30
1862,Uncomfortable Truth (feat. Millyz),2023-04-07,day,https://i.scdn.co/image/ab67616d0000b273aee7fcded79881fdcf3abac7,2025-08-25T16:07:31
1863,The Plugs I Met 2,2021-03-19,day,https://i.scdn.co/image/ab67616d0000b2732afde92aba9482770dec2203,2025-08-25T16:07:31
1864,Bo Jackson,2021-08-13,day,https://i.scdn.co/image/ab67616d0000b273c3fe1ebe8e4d500fae027b37,2025-08-25T16:07:32
1865,The Plugs I Met,2019-06-21,day,https://i.scdn.co/image/ab67616d0000b2738ff0b15a20a57ffe79e4b49c,2025-08-25T16:07:32
1866,Runnin' (Dying To Live),2003-09-30,day,https://i.scdn.co/image/ab67616d0000b27348539bd25573c32397d35b86,2025-08-25T16:07:33
1867,The Tunnel,1999-01-01,day,https://i.scdn.co/image/ab67616d0000b2736d6309069072c453ac99c5b7,2025-08-25T16:07:34
1868,Better Dayz,2002-01-01,day,https://i.scdn.co/image/ab67616d0000b2732535e8ab3db3230574ab74ea,2025-08-25T16:07:34
1869,Until The End Of Time,2001-01-01,day,https://i.scdn.co/image/ab67616d0000b2739e6b304642811ad3469dc8bc,2025-08-25T16:07:35
1870,Issa Album,2017-07-06,day,https://i.scdn.co/image/ab67616d0000b2732719343298d0e4f1790e14cd,2025-08-25T16:07:36
1871,The Sound of Bad Habit,2018-10-29,day,https://i.scdn.co/image/ab67616d0000b273fa400a2bb9a2cf515aeffaf1,2025-08-25T16:07:37
1872,Run The Jewels 3,2016-12-25,day,https://i.scdn.co/image/ab67616d0000b273d816781f1eb80793279e43b6,2025-08-25T16:07:37
1873,RTJ4 (Deluxe Edition),2020-06-03,day,https://i.scdn.co/image/ab67616d0000b2736494393bd8d0fc0d338af3d6,2025-08-25T16:07:38
1874,Don't Let The Devil [Feat. thankugoodsir],2023-04-20,day,https://i.scdn.co/image/ab67616d0000b2736b5f7a04b0ac337f560231e4,2025-08-25T16:07:39
1875,The Mountain Will Fall,2016-06-24,day,https://i.scdn.co/image/ab67616d0000b2730b345678ef9735630f459341,2025-08-25T16:07:39
1876,The Eminem Show,2002-05-26,day,https://i.scdn.co/image/ab67616d0000b2736ca5c90113b30c3c43ffb8f4,2025-08-25T16:07:40
1878,Wanted,2005-01-01,year,https://i.scdn.co/image/ab67616d0000b273c0e4b61ae442a24e020c67ed,2025-08-25T16:07:41
1879,21,2006-01-01,year,https://i.scdn.co/image/ab67616d0000b273ceb15bad82bdc7d86e3f9c43,2025-08-25T16:07:42
1880,Fell In Love,2023-05-05,day,https://i.scdn.co/image/ab67616d0000b2739b61439fea3e5baeeeddc20a,2025-08-25T16:07:42
1881,Casa Lopez,2023-01-13,day,https://i.scdn.co/image/ab67616d0000b273a6d5c2fbe8f4f34e40137ba0,2025-08-25T16:07:43
1882,Slime & B,2020-05-08,day,https://i.scdn.co/image/ab67616d0000b27363e0ddbb488d0eeec0e738fc,2025-08-25T16:07:44
1883,All My Life (feat. J. Cole),2023-05-12,day,https://i.scdn.co/image/ab67616d0000b2737c173b0dc64913d4635e3594,2025-08-25T16:07:45
1884,Party We Will Throw Now! - Single,2012-04-24,day,https://i.scdn.co/image/ab67616d0000b273d8c761c644d392d97702c165,2025-08-25T16:07:45
1885,BUCK 'eM DOWN b/w MURDER MC's,2007-12-04,day,https://i.scdn.co/image/ab67616d0000b2735df473299a7810f3dea858f9,2025-08-25T16:07:46
1886,I GOT CHA OPIN b/w REALITY (KILLING EVERY...),2007-12-04,day,https://i.scdn.co/image/ab67616d0000b273e0084b52aeb7939b3864d64f,2025-08-25T16:07:46
1887,Carefree,2020-01-03,day,https://i.scdn.co/image/ab67616d0000b273272c0baa41869f9ab454a459,2025-08-25T16:07:47
1888,Ziplock / Rich Don't Stop,2021-03-18,day,https://i.scdn.co/image/ab67616d0000b273c85523ed3f43010196c56a3a,2025-08-25T16:07:48
1889,"Beats, Rhymes & Life",1996-07-30,day,https://i.scdn.co/image/ab67616d0000b273e3b93c08d98f92dc3ab0146a,2025-08-25T16:07:48
1890,Therapy pt. 2 [Feat. Mac Miller],2022-10-10,day,https://i.scdn.co/image/ab67616d0000b273bb3356178757e6bc9adc72b2,2025-08-25T16:07:49
1891,Cookie Chips,2020-07-13,day,https://i.scdn.co/image/ab67616d0000b273073534907825ef14a41ea12a,2025-08-25T16:07:49
1892,Ring Ring,2023-05-11,day,https://i.scdn.co/image/ab67616d0000b27358d8e4ff286993712b929205,2025-08-25T16:07:50
1893,Donny In Valdez (PJ's Flip),2022-05-20,day,https://i.scdn.co/image/ab67616d0000b27333da3f7d4101a75faaf25aed,2025-08-25T16:07:51
1894,POETRY JAM (feat. Foggieraw),2020-05-20,day,https://i.scdn.co/image/ab67616d0000b273bf8e13333c629385a40e37a0,2025-08-25T16:07:51
1895,Dear Annie,2018-02-16,day,https://i.scdn.co/image/ab67616d0000b2739b943ff9b3b735c352b235b3,2025-08-25T16:07:52
1896,Reachin' (A New Refutation Of Time And Space),1993-01-01,day,https://i.scdn.co/image/ab67616d0000b273c9f6a742f2337f938e89f599,2025-08-25T16:07:52
1897,MOVIN',2021-07-07,day,https://i.scdn.co/image/ab67616d0000b27345b4d79c5e8833919c7f99c5,2025-08-25T16:07:53
1898,Let It Go,2020-12-09,day,https://i.scdn.co/image/ab67616d0000b273f04680d7119c4fea3e23cc95,2025-08-25T16:07:53
1899,After The Storm (Pete Rock Remix),2018-06-08,day,https://i.scdn.co/image/ab67616d0000b273f63bdef87be742cd78c34184,2025-08-25T16:07:54
1900,Waking up to Sirens,2014-10-20,day,https://i.scdn.co/image/ab67616d0000b273b86e608c2833b87bdfd67393,2025-08-25T16:07:55
1901,Elephant in the Room,2021-10-29,day,https://i.scdn.co/image/ab67616d0000b2734ddf0f34d2b3c87c964e2e0c,2025-08-25T16:07:55
1902,and the Anonymous Nobody...,2016-08-26,day,https://i.scdn.co/image/ab67616d0000b2736e977ebdbdc079ce6bb6d096,2025-08-25T16:07:56
1904,EQUINOX,2023-04-14,day,https://i.scdn.co/image/ab67616d0000b2739270508ba51da0a6197c866b,2025-08-25T16:07:57
1905,Yesterday,2020-11-11,day,https://i.scdn.co/image/ab67616d0000b273a69d88ff44b1927ceb50969d,2025-08-25T16:07:58
1906,Scottie Pippen,2021-10-22,day,https://i.scdn.co/image/ab67616d0000b273e6c709674b358eea0da5643b,2025-08-25T16:07:58
1907,That Jazz,2018-02-02,day,https://i.scdn.co/image/ab67616d0000b2735d94a9b498a4a98fe3c5069b,2025-08-25T16:07:59
1908,Almost Healed,2023-05-26,day,https://i.scdn.co/image/ab67616d0000b2736234c2c6d4bb935839ac4719,2025-08-25T16:08:00
1909,I Thought It'd Be Different,2023-05-26,day,https://i.scdn.co/image/ab67616d0000b273f0c7a78552809887bb81254c,2025-08-25T16:08:02
1910,KAYTRAMINÉ,2023-05-19,day,https://i.scdn.co/image/ab67616d0000b273d62081338362c43d9b2451ed,2025-08-25T16:08:03
1911,METRO BOOMIN PRESENTS SPIDER-MAN: ACROSS THE SPIDER-VERSE [SOUNDTRACK FROM AND INSPIRED BY THE MOTION PICTURE (METROVERSE INSTRUMENTAL EDITION)],2023-06-02,day,https://i.scdn.co/image/ab67616d0000b2736ed9aef791159496b286179f,2025-08-25T16:08:03
1913,METRO BOOMIN PRESENTS SPIDER-MAN: ACROSS THE SPIDER-VERSE,,day,,
1914,Everythings For Sale,2019-01-25,day,https://i.scdn.co/image/ab67616d0000b273e09935af9434c6e1c191d7e1,2025-08-25T16:08:05
1915,MORE BLACK SUPERHEROES,2022-06-17,day,https://i.scdn.co/image/ab67616d0000b273c44272e5ff22c0b5256a1f83,2025-08-25T16:08:05
1916,Day Dreaming,2022-12-09,day,https://i.scdn.co/image/ab67616d0000b273dce44d9dddd02b40ca1b9b23,2025-08-25T16:08:06
1917,Keep It Low (feat. Future),2023-06-01,day,https://i.scdn.co/image/ab67616d0000b273c75b4a7e2fbda0cd442b267f,2025-08-25T16:08:07
1918,Split Decision,2023-06-04,day,https://i.scdn.co/image/ab67616d0000b27326847a635b96c96fee81d838,2025-08-25T16:08:08
1919,PSYCHODRAMA,2019-03-08,day,https://i.scdn.co/image/ab67616d0000b273c1c8d2889455db6d03d309ed,2025-08-25T16:08:08
1921,Sprinter,2023-06-01,day,https://i.scdn.co/image/ab67616d0000b273e3a09a9ae3f1fa102c110e60,2025-08-25T16:08:09
1922,Starlight,2022-03-03,day,https://i.scdn.co/image/ab67616d0000b27320ce6b27651688ee8969cb2e,2025-08-25T16:08:10
1923,Ethereal,2022-02-11,day,https://i.scdn.co/image/ab67616d0000b273ee72c43250d377ee9a3de52e,2025-08-25T16:08:11
1925,Common Sense,2017-05-12,day,https://i.scdn.co/image/ab67616d0000b273f90d6682e83a5e4c3c57399a,2025-08-25T16:08:11
1926,"Chopin: Piano Sonatas Nos. 1 - 3, Mazurkas, Op. 17 & Études",1992-01-01,day,https://i.scdn.co/image/ab67616d0000b273f4f2d0bdc5e283ec67d5bebe,2025-08-25T16:08:12
1927,Schumann: Kinderszenen; Arabesque; Fantasie; Träumerei,1962-01-01,year,https://i.scdn.co/image/ab67616d0000b2739e3919cb60a7cda87c5be0a0,2025-08-25T16:08:12
1928,"Sibelius, J.: 10 Pieces / Jaakarien Marssi / 13 Pieces / 2 Rondinos / 10 Little Pieces",2002-01-01,day,https://i.scdn.co/image/ab67616d0000b2736f09f01e09042b99aa31cda4,2025-08-25T16:08:13
1929,Goodbye & Good Riddance,2018-12-10,day,https://i.scdn.co/image/ab67616d0000b273f7db43292a6a99b21b51d5b4,2025-08-25T16:08:14
1930,In My Head,2022-10-28,day,https://i.scdn.co/image/ab67616d0000b273fc8d508165184ba404ca8495,2025-08-25T16:08:14
1931,Fighting Demons (Deluxe),2022-03-18,day,https://i.scdn.co/image/ab67616d0000b2737459992b444de38842b9bee7,2025-08-25T16:08:15
1932,LA Leakers Freestyle,2022-09-09,day,https://i.scdn.co/image/ab67616d0000b2730c62cf8308d63403d629c3d6,2025-08-25T16:08:16
1933,Right Hand,2023-03-02,day,https://i.scdn.co/image/ab67616d0000b27362d0cf59a761e528b4c4b77d,2025-08-25T16:08:17
1934,Loose (International Remixes),2023-01-19,day,https://i.scdn.co/image/ab67616d0000b2731fd5708808ff9959d72f5c57,2025-08-25T16:08:17
1935,reputation,2017-11-10,day,https://i.scdn.co/image/ab67616d0000b273da5d5aeeabacacc1263c0f4b,2025-08-25T16:08:18
1936,Calm Down (with Selena Gomez),2022-08-25,day,https://i.scdn.co/image/ab67616d0000b273a3a7f38ea2033aa501afd4cf,2025-08-25T16:08:18
1937,METRO BOOMIN PRESENTS SPIDER-MAN: ACROSS THE SPIDER-VERSE (SOUNDTRACK FROM AND INSPIRED BY THE MOTION PICTURE / DELUXE EDITION),2023-06-05,day,https://i.scdn.co/image/ab67616d0000b2734a3cdc1e547b3d275d97cff8,2025-08-25T16:08:22
1938,H.E.R.,2017-10-20,day,https://i.scdn.co/image/ab67616d0000b273b5d9c8de465654c20d77305c,2025-08-25T16:08:22
1939,The Blueprint 2: The Gift & The Curse,2002-11-12,day,https://i.scdn.co/image/ab67616d0000b273b7c45af95aaf599cee3acf08,2025-08-25T16:08:23
1940,The Hillbillies,2023-06-05,day,https://i.scdn.co/image/ab67616d0000b273c4441140f4483bb1c18fe7ae,2025-08-25T16:08:24
1941,TA13OO,2018-07-27,day,https://i.scdn.co/image/ab67616d0000b2737d05dd3ebb77cc048d66b294,2025-08-25T16:08:24
1942,NAUJOUR,2023-06-02,day,https://i.scdn.co/image/ab67616d0000b2734ba47ca5bfd81313dd1479bd,2025-08-25T16:08:25
1943,Träumerei - Liebestraum - Für Elise - Clair de lune - Gymnopédie - Sony Classical Masters,2010-10-08,day,https://i.scdn.co/image/ab67616d0000b273800351cf8cd00b326135acad,2025-08-25T16:08:26
1944,A Touch of Romance - Romantic Piano Masterpieces,1996-01-01,day,https://i.scdn.co/image/ab67616d0000b2734b6277a3ebb00cc03e8cb755,2025-08-25T16:08:27
1945,Van Cliburn - Complete Album Collection,2013-03-01,day,https://i.scdn.co/image/ab67616d0000b27375b91bcb6d4442430be7767d,2025-08-25T16:08:28
1946,Piano Chillout: 22 Relaxing Classical Themes (Remastered 2022),2022-07-01,day,https://i.scdn.co/image/ab67616d0000b2733363d83dcd34d2c902d8b79f,2025-08-25T16:08:29
1947,"Ravel: Orchestral Works, Vol. 5",2017-04-14,day,https://i.scdn.co/image/ab67616d0000b273167446146c36a13a2658b9be,2025-08-25T16:08:29
1948,"Sibelius: Piano Music, Vol. 4",2003-06-11,day,https://i.scdn.co/image/ab67616d0000b273c824fe10b72141204657ed10,2025-08-25T16:08:30
1949,DRILL MUSIC IN ZION,2022-06-24,day,https://i.scdn.co/image/ab67616d0000b273494d84adfd2b985cbeb202a4,2025-08-25T16:08:30
1951,BUSINESS IS BUSINESS,2023-06-23,day,https://i.scdn.co/image/ab67616d0000b27337895eee206eabf2682e3064,2025-08-25T16:08:32
1952,BUSINESS IS BUSINESS (Metro's Version),2023-06-26,day,https://i.scdn.co/image/ab67616d0000b273316d28de9974e2f39636288c,2025-08-25T16:08:32
1953,Love Sick (Deluxe),2023-02-28,day,https://i.scdn.co/image/ab67616d0000b273f5e27c2aa0b110c2b6611577,2025-08-25T16:08:33
1954,Dah Shinin',1995-01-01,year,https://i.scdn.co/image/ab67616d0000b273721765a958512981797ca47a,2025-08-25T16:08:34
1955,UGK (Underground Kingz),2007-08-07,day,https://i.scdn.co/image/ab67616d0000b2730ecd0dec7edf87dab40d19b7,2025-08-25T16:08:34
1956,Follow Me Home,2011-07-26,day,https://i.scdn.co/image/ab67616d0000b273a3304a767980bcc680874c66,2025-08-25T16:08:35
1957,Super Tight,1994-04-11,day,https://i.scdn.co/image/ab67616d0000b273946ed4bb24cc31e9ade66b0f,2025-08-25T16:08:35
1958,"When the Smoke Clears: Sixty 6, Sixty 1",2000-06-13,day,https://i.scdn.co/image/ab67616d0000b2737d1e3fb810a8c4a1271425fd,2025-08-25T16:08:37
1959,4:23,2023-04-29,day,https://i.scdn.co/image/ab67616d0000b2732a930a00148607d1626c8997,2025-08-25T16:08:37
1960,Hurts Me,2023-06-27,day,https://i.scdn.co/image/ab67616d0000b2731dba361996f5b70c1df2b4ee,2025-08-25T16:08:38
1961,3MEN2 KBRN,2023-03-17,day,https://i.scdn.co/image/ab67616d0000b273fc8563c0dc75d79e73c2dca0,2025-08-25T16:08:38
1962,Favorite Song (feat. Future) [Toxic Version],2023-05-19,day,https://i.scdn.co/image/ab67616d0000b2736d86caa7e15603b31ce3968d,2025-08-25T16:08:39
1963,Sorry 4 What,2022-09-30,day,https://i.scdn.co/image/ab67616d0000b2733f8455eeaf0125c7b179840c,2025-08-25T16:08:40
1964,Freudian,2017-08-25,day,https://i.scdn.co/image/ab67616d0000b2733138f891f3075c9c5d944037,2025-08-25T16:08:40
1965,Magic 2,2023-07-21,day,https://i.scdn.co/image/ab67616d0000b2732fdd2421af05fe3adda0cec7,2025-08-25T16:08:41
1966,"WHATS POPPIN (feat. DaBaby, Tory Lanez & Lil Wayne) [Remix]",2020-06-24,day,https://i.scdn.co/image/ab67616d0000b273b5f0a8d46cef9647548c64dc,2025-08-25T16:08:41
1967,K-POP,2023-07-19,day,https://i.scdn.co/image/ab67616d0000b273a2d4796ad7e5c63ff9597903,2025-08-25T16:08:42
1968,I Told You,2016-08-19,day,https://i.scdn.co/image/ab67616d0000b2739f7ce2227875fd3d645fb5d6,2025-08-25T16:08:43
1969,In For It,2015-01-15,day,https://i.scdn.co/image/ab67616d0000b273b21fe599c20f621c9759eb7e,2025-08-25T16:08:43
1970,I LIKE,2022-04-22,day,https://i.scdn.co/image/ab67616d0000b2734c973bf8f56171c90cab233c,2025-08-25T16:08:44
1971,Midnights,2022-10-21,day,https://i.scdn.co/image/ab67616d0000b273bb54dde68cd23e2a268ae0f5,2025-08-25T16:08:44
1972,UTOPIA,2023-07-28,day,https://i.scdn.co/image/ab67616d0000b273881d8d8378cd01099babcd44,2025-08-25T16:08:46
1973,Diplomatic Immunity,2003-03-25,day,https://i.scdn.co/image/ab67616d0000b27374472f686d1fdec079718789,2025-08-25T16:08:46
1974,Best Of 50 Cent,2017-03-31,day,https://i.scdn.co/image/ab67616d0000b273f4f2ccbae0c1905fcaf75b77,2025-08-25T16:08:47
1975,London,2023-04-07,day,https://i.scdn.co/image/ab67616d0000b273960b9c0f198c766602efb93b,2025-08-25T16:08:48
1976,Green Light,2022-03-23,day,https://i.scdn.co/image/ab67616d0000b273960786becc436c308a4162fc,2025-08-25T16:08:48
1977,LET GO,2022-12-15,day,https://i.scdn.co/image/ab67616d0000b273cbb3701743a568e7f1c4e967,2025-08-25T16:08:49
1978,SPACE,2021-05-12,day,https://i.scdn.co/image/ab67616d0000b27394e8a584cd4aa81d493e7a1f,2025-08-25T16:08:49
1979,Bleeding Out,2023-01-20,day,https://i.scdn.co/image/ab67616d0000b273178793dcb10feda9f44061bf,2025-08-25T16:08:50
1980,The Drive,2019-05-03,day,https://i.scdn.co/image/ab67616d0000b273592e983e149524168b5c3b7b,2025-08-25T16:08:51
1981,Why You Waiting?,2023-03-03,day,https://i.scdn.co/image/ab67616d0000b27367ec64151b0fe8065e74e26a,2025-08-25T16:08:51
1982,Hospital Mixtape: Lens (DJ Mix),2022-03-25,day,https://i.scdn.co/image/ab67616d0000b27381625934358d30a4d4d98be1,2025-08-25T16:08:52
1983,Once Upon a Time in The Jungle (feat. Charlotte X),2023-05-05,day,https://i.scdn.co/image/ab67616d0000b2738cf0887500d14b20a9534cce,2025-08-25T16:08:52
1984,Dj Mix: DEM,2022-09-02,day,https://i.scdn.co/image/ab67616d0000b2737a36e523264b3a316eb7b11f,2025-08-25T16:08:53
1985,In Yer Face Bicep Remixes,2016-09-30,day,https://i.scdn.co/image/ab67616d0000b273ca16b3cd88dae85944fb15a8,2025-08-25T16:08:53
1986,Bicep,2017-09-01,day,https://i.scdn.co/image/ab67616d0000b273d4322a9004288009f6da2975,2025-08-25T16:08:54
1987,Be Good,2017-08-25,day,https://i.scdn.co/image/ab67616d0000b273ea9f71cee28ac8c73764248b,2025-08-25T16:08:55
1988,Final Credits,2017-02-10,day,https://i.scdn.co/image/ab67616d0000b273734d59d61032b9ddd10d948f,2025-08-25T16:08:55
1989,I Want To Believe,2015-02-24,day,https://i.scdn.co/image/ab67616d0000b2739f3605332e9c86dc237318a4,2025-08-25T16:08:56
1990,Mirrors,2021-09-03,day,https://i.scdn.co/image/ab67616d0000b27357751ae9890e997676b998f2,2025-08-25T16:08:56
1991,Family Portrait,2018-07-27,day,https://i.scdn.co/image/ab67616d0000b273e5ede01d67d1b1d36359187a,2025-08-25T16:08:57
1992,Glue EP,2017-11-02,day,https://i.scdn.co/image/ab67616d0000b27366006086f8ca43df29ab692a,2025-08-25T16:08:58
1993,Homework,1997-01-17,day,https://i.scdn.co/image/ab67616d0000b2738ac778cc7d88779f74d33311,2025-08-25T16:08:58
1994,20 Years Of Catz 'n Dogz,2023-05-12,day,https://i.scdn.co/image/ab67616d0000b2734d259aa6ce4722e3c71db13e,2025-08-25T16:08:59
1995,Nu Romantix,1998-06-08,day,https://i.scdn.co/image/ab67616d0000b273907f281091c73b66d4906c0e,2025-08-25T16:08:59
1996,The Wicked Is Music,1998-04-05,day,https://i.scdn.co/image/ab67616d0000b2732eb79012bf963c989a673ffd,2025-08-25T16:09:00
1997,DJ-Kicks (Brandt Brauer Frick) [DJ Mix],2014-02-24,day,https://i.scdn.co/image/ab67616d0000b27366341893ab908d41b71adb78,2025-08-25T16:09:01
1998,champs to camps,2023-07-10,day,https://i.scdn.co/image/ab67616d0000b27386fd66cb659fab63576eedb0,2025-08-25T16:09:01
1999,Mispent Years / Slumberkings,2016-01-11,day,https://i.scdn.co/image/ab67616d0000b273acbf5c8c322d5497c2655683,2025-08-25T16:09:02
2000,Suddenly,2020-02-28,day,https://i.scdn.co/image/ab67616d0000b27374b0013d9cefeb665d6e65e7,2025-08-25T16:09:02
2001,Techno Disco Tool (Radio Edit),2017-12-01,day,https://i.scdn.co/image/ab67616d0000b273cd0ce7a47c9f8d53a458349d,2025-08-25T16:09:03
2002,No Fantasy Required,2016-03-04,day,https://i.scdn.co/image/ab67616d0000b2733542e4268c5a12d41a98b164,2025-08-25T16:09:03
2003,Set It Off (feat. Jeru The Damaja),2019-11-15,day,https://i.scdn.co/image/ab67616d0000b2731a64955d5d71834fab24121d,2025-08-25T16:09:04
2004,Attention,2023-06-16,day,https://i.scdn.co/image/ab67616d0000b27324b893fb9e7953ebc9517c6a,2025-08-25T16:09:05
2005,Aquarius,2014-10-01,day,https://i.scdn.co/image/ab67616d0000b27381a584f39cad5c1c6a6e9e50,2025-08-25T16:09:05
2006,All My Friends (feat. Tinashe & Chance the Rapper),2015-10-21,day,https://i.scdn.co/image/ab67616d0000b273b7c1b8d64563e06b4b0c7919,2025-08-25T16:09:06
2007,Used to This (feat. Drake),2016-11-04,day,https://i.scdn.co/image/ab67616d0000b27351baf4fcd5c7b309ed3d4bcc,2025-08-25T16:09:08
2008,Music Of The Sun,2005-08-29,day,https://i.scdn.co/image/ab67616d0000b2738a73599d216f203d119f0451,2025-08-25T16:09:08
2009,H.E.R. Volume 2,2017-06-16,day,https://i.scdn.co/image/ab67616d0000b2738bcfd105ad2617783b85d5a5,2025-08-25T16:09:09
2010,"Slide (Remix) (feat. Pop Smoke, A Boogie Wit da Hoodie & Chris Brown) (feat. Pop Smoke)",2020-01-17,day,https://i.scdn.co/image/ab67616d0000b273d4db1fd0f9eccb93a9e75639,2025-08-25T16:09:09
2011,H.E.R. Volume 1,2016-09-09,day,https://i.scdn.co/image/ab67616d0000b27331cf49fd3091a58dae856775,2025-08-25T16:09:10
2012,Fight For You (From the Original Motion Picture "Judas and the Black Messiah"),2021-02-04,day,https://i.scdn.co/image/ab67616d0000b273a446098c475ea8340395d5a4,2025-08-25T16:09:11
2013,PRE5L,2022-11-17,day,https://i.scdn.co/image/ab67616d0000b273e634bd400f0ed0ed5a6f0164,2025-08-25T16:09:11
2014,Meet The Woo,2019-07-26,day,https://i.scdn.co/image/ab67616d0000b2738fe5d04b06aff90f9fe796f5,2025-08-25T16:09:12
2015,"Library of a Legend, Vol. 7",2010-12-07,day,https://i.scdn.co/image/ab67616d0000b273157154b6f4570a52f4f679b6,2025-08-25T16:09:12
2016,Beautiful And Brutal Yard,2023-07-14,day,https://i.scdn.co/image/ab67616d0000b273cc16159b40907722da91078c,2025-08-25T16:09:13
2017,Who Told You (feat. Drake),2023-06-08,day,https://i.scdn.co/image/ab67616d0000b273f6aca6a7d4132d9b2d15e0f0,2025-08-25T16:09:14
2018,PCD,2005-01-01,day,https://i.scdn.co/image/ab67616d0000b273babcb2f14d337632f3f313ef,2025-08-25T16:09:14
2019,An Introduction To Hip Hop,2023-07-14,day,https://i.scdn.co/image/ab67616d0000b273ea8b7af8846d1d6047f3d406,2025-08-25T16:09:15
2020,F.A.M.E. (Expanded Edition),2011-03-22,day,https://i.scdn.co/image/ab67616d0000b2730a1d20ec09cab4bb17a36aab,2025-08-25T16:09:16
2021,It Ain't Safe No More. . .,2002-11-26,day,https://i.scdn.co/image/ab67616d0000b273ac8e6d7dae57f0c1c87e230c,2025-08-25T16:09:17
2022,Paint The Town Red,2023-08-04,day,https://i.scdn.co/image/ab67616d0000b2737acee948ecac8380c1b6ce30,2025-08-25T16:09:17
2023,Blacklisted,2012-12-02,day,https://i.scdn.co/image/ab67616d0000b2739f488dae2fc0b39104af61b6,2025-08-25T16:09:18
2025,The Soul Pt. 3,2023-08-02,day,https://i.scdn.co/image/ab67616d0000b2737ca8ec5c644eb3a5ff294658,2025-08-25T16:09:20
2026,Zero Tolerance,2023-08-18,day,https://i.scdn.co/image/ab67616d0000b2731719a4fd31ecdf60eeccf227,2025-08-25T16:09:20
2027,NO THANK YOU,2022-12-12,day,https://i.scdn.co/image/ab67616d0000b27372f48f1e2e04cc76d06ee708,2025-08-25T16:09:21
2028,The Patience,2023-08-18,day,https://i.scdn.co/image/ab67616d0000b2734f777199430e3016868b8503,2025-08-25T16:09:22
2029,Life Is Good (feat. Drake),2020-01-10,day,https://i.scdn.co/image/ab67616d0000b2738a01c7b77a34378a62f46402,2025-08-25T16:09:22
2030,Pink Tape,2023-06-30,day,https://i.scdn.co/image/ab67616d0000b2736f01d9e9df05d4bc6c022343,2025-08-25T16:09:23
2031,4eva Is A Mighty Long Time,2017-10-27,day,https://i.scdn.co/image/ab67616d0000b273f5da2c149c9b9d25ed41a87d,2025-08-25T16:09:23
2033,R4 The Prequel,2011-01-01,day,https://i.scdn.co/image/ab67616d0000b27352173b50c1875968ff787205,2025-08-25T16:09:25
2034,Pick Up The Pace,2021-04-16,day,https://i.scdn.co/image/ab67616d0000b2733d68b0ea0e82e3e01180096c,2025-08-25T16:09:25
2035,K.R.I.T. IZ HERE,2019-07-12,day,https://i.scdn.co/image/ab67616d0000b273ae9fc1d8c86de223795cb57d,2025-08-25T16:09:26
2036,Hold Me Down,2017-11-08,day,https://i.scdn.co/image/ab67616d0000b27358d86f57a1463f1cd3b07e90,2025-08-25T16:09:26
2037,Definition of Love,2023-08-25,day,https://i.scdn.co/image/ab67616d0000b27343d542a846df0f864fce72d5,2025-08-25T16:09:27
2038,On The Radar Freestyle,2023-07-26,day,https://i.scdn.co/image/ab67616d0000b2737f028c5cb134c02ee497eaf6,2025-08-25T16:09:28
2039,D.M.B.,2022-05-05,day,https://i.scdn.co/image/ab67616d0000b27390d06ac327d8062ce4d388a6,2025-08-25T16:09:28
2040,RIOT (Rowdy Pipe'n),2023-07-20,day,https://i.scdn.co/image/ab67616d0000b273b67ceae31d4af722ba1c22a2,2025-08-25T16:09:29
2041,Praise The Lord (Da Shine) (feat. Skepta) [Durdenhauer Edit],2022-11-18,day,https://i.scdn.co/image/ab67616d0000b273babec6de3664ec7c11e5e8ea,2025-08-25T16:09:29
2042,Mura Masa,2017-07-14,day,https://i.scdn.co/image/ab67616d0000b2736818aa231aa543cf87e1374a,2025-08-25T16:09:30
2043,Satie: Avant-dernières pensées (Bonus Track Version),2009-01-20,day,https://i.scdn.co/image/ab67616d0000b273949cc0e6728be2f6601eb7ea,2025-08-25T16:09:31
2044,Debussy: Clair De Lune and Other Piano Favourites,1994-01-01,year,https://i.scdn.co/image/ab67616d0000b2736e7bb273ff9cb1de1e1d4d0a,2025-08-25T16:09:31
2045,"Debussy: Complete Works for Solo Piano, Vol.1",1996-01-01,day,https://i.scdn.co/image/ab67616d0000b273735a91c9c4cef92e888068c8,2025-08-25T16:09:32
2046,Mozart in the Morning,1992-09-15,day,https://i.scdn.co/image/ab67616d0000b2731e5f5119311f38fa306a2688,2025-08-25T16:09:33
2047,Chopin: The Nocturnes,2010-02-26,day,https://i.scdn.co/image/ab67616d0000b273293e7c01d063a04244d71593,2025-08-25T16:09:34
2048,Morning Lullaby,2022-06-24,day,https://i.scdn.co/image/ab67616d0000b27355a0af2b751b8adf2537dbe2,2025-08-25T16:09:34
2049,Dancing on Clouds,2022-05-20,day,https://i.scdn.co/image/ab67616d0000b273e59718cc9feda647c125e9db,2025-08-25T16:09:35
2050,"Satie: Parade, Gymnopédies, Mercure & Relâche",1999-06-14,day,https://i.scdn.co/image/ab67616d0000b273023d723532acd40986e39eaf,2025-08-25T16:09:36
2051,Saint-Saëns & Tchaikovsky,2012-09-25,day,https://i.scdn.co/image/ab67616d0000b27318a83f747b59018eeba12b88,2025-08-25T16:09:36
2052,Mischa Maisky - Meditation,1990-01-01,day,https://i.scdn.co/image/ab67616d0000b27377df3ec071ee62c40448be50,2025-08-25T16:09:38
2053,"Chopin : Preludes, Ballades Nos 3 & 4, Nocturnes",2002-03-01,day,https://i.scdn.co/image/ab67616d0000b2733e5a62d8763845265989dde1,2025-08-25T16:09:38
2054,Chopin: Works for Piano,2012-09-14,day,https://i.scdn.co/image/ab67616d0000b273aee049dfce2f674e4013e232,2025-08-25T16:09:39
2055,Demons,2023-08-30,day,https://i.scdn.co/image/ab67616d0000b273c023e04b70f06a2b0bf21797,2025-08-25T16:09:39
2056,Slime You Out,2023-09-15,day,https://i.scdn.co/image/ab67616d0000b2733b2df9103b8b1bad69ec4aa9,2025-08-25T16:09:40
2057,B4 The Storm,2020-08-28,day,https://i.scdn.co/image/ab67616d0000b2739ca0c952f130e28025209cf0,2025-08-25T16:09:41
2058,Beat Konducta Vol. 3 & 4: In India,2007-08-24,day,https://i.scdn.co/image/ab67616d0000b27303d4e3afd46a2b7a79e73477,2025-08-25T16:09:41
2059,In 2 Minds,2021-06-01,day,https://i.scdn.co/image/ab67616d0000b273024b2272b617a413bbb00295,2025-08-25T16:09:42
2060,In A New Mind,2024-12-20,day,https://i.scdn.co/image/ab67616d0000b27353bc7437b82413aaf2bf042b,2025-08-25T16:09:43
2061,For Once In My Life,1968-12-01,day,https://i.scdn.co/image/ab67616d0000b2734629fe1633a7d9460fe1e28b,2025-08-25T16:09:43
2062,Waltz by Strings,2009-01-01,day,https://i.scdn.co/image/ab67616d0000b2734d6b74d5fbeadde277f0b642,2025-08-25T16:09:44
3191,God Does Like Ugly (Alternate Version),,day,,
2063,Piano Chill,2018-02-23,day,https://i.scdn.co/image/ab67616d0000b2733e7240e6de0c36121437b215,2025-08-25T16:09:44
2064,Verdi: La Traviata,1977-01-01,day,https://i.scdn.co/image/ab67616d0000b27332875db20117133680e4e818,2025-08-25T16:09:45
2065,Verdi Requiem,2009-01-01,year,https://i.scdn.co/image/ab67616d0000b2735abdabd1eeb2bdd287ad8ce9,2025-08-25T16:09:46
2066,Weber: Piano Works,2011-03-01,day,https://i.scdn.co/image/ab67616d0000b27374942501b0ffdd74bd95b089,2025-08-25T16:09:46
2067,"Lullaby (Guten Abend, gut' Nacht)",2018-09-14,day,https://i.scdn.co/image/ab67616d0000b2731b8ecea47913c00d233c3daf,2025-08-25T16:09:47
2068,Delibes: Best of French Ballet,1990-11-06,day,https://i.scdn.co/image/ab67616d0000b27327e77081a073ecea05f641f1,2025-08-25T16:09:47
2069,"Romantic Piano Favourites, Vol. 1",1988-03-07,day,https://i.scdn.co/image/ab67616d0000b273b062e4d70501c204237bfcfe,2025-08-25T16:09:48
2070,"Debussy: Orchestral Works, Vol. 6",2011-05-03,day,https://i.scdn.co/image/ab67616d0000b273debd4ceef44fa6ce186dac94,2025-08-25T16:09:49
2071,"Bach, JS : Well-Tempered Clavier Books 1 & 2",2004-01-01,year,https://i.scdn.co/image/ab67616d0000b27333173321aabf16f0bf6f0d31,2025-08-25T16:09:49
2072,Coco Chanel,2008-01-01,year,https://i.scdn.co/image/ab67616d0000b2734c9c4bdb206831d110f73c6f,2025-08-25T16:09:50
2073,The Pianist (Original Motion Picture Soundtrack),2002-10-25,day,https://i.scdn.co/image/ab67616d0000b273a7427febbfaaf444b1df3ab7,2025-08-25T16:09:50
2074,"Chopin: Etudes, Op. 10 - Fantasy, Op. 49 - Impromptu No. 4 - Nocturnes",2009-01-01,day,https://i.scdn.co/image/ab67616d0000b27308fa17be7bd6194f38778767,2025-08-25T16:09:51
2076,Wotcha Call Strength,2023-07-14,day,https://i.scdn.co/image/ab67616d0000b2739bd79ff11102b74816525759,2025-08-25T16:09:52
2077,Is It a Dream Pt. 2,2023-09-08,day,https://i.scdn.co/image/ab67616d0000b2733f99e9614e2c38224e3d98e2,2025-08-25T16:09:53
2078,Green Eyed Remixes 2,2018-08-03,day,https://i.scdn.co/image/ab67616d0000b2737ad577d232401fb433c426eb,2025-08-25T16:09:54
2079,One Of The Best Yet,2019-11-01,day,https://i.scdn.co/image/ab67616d0000b273fdd00d9828dbc9d17b8fb73b,2025-08-25T16:09:54
2080,Infamy,2001-12-11,day,https://i.scdn.co/image/ab67616d0000b27397349192bc4f50b9c33b0efe,2025-08-25T16:09:55
2081,For All The Dogs,2023-10-06,day,https://i.scdn.co/image/ab67616d0000b2737d384516b23347e92a587ed1,2025-08-25T16:09:55
2082,WY@,2023-09-19,day,https://i.scdn.co/image/ab67616d0000b273bc9621a29fb10ff43c809940,2025-08-25T16:09:56
2083,Good Days,2020-12-25,day,https://i.scdn.co/image/ab67616d0000b2733097b1375ab17ae5bf302a0a,2025-08-25T16:09:57
2084,What I Didn’t Tell You (Deluxe),2023-01-20,day,https://i.scdn.co/image/ab67616d0000b273014ca17df4a80b55cfa36cba,2025-08-25T16:09:57
2085,What You Won't Do for Love,1978-01-01,year,https://i.scdn.co/image/ab67616d0000b2730f98789111606f77a27d6f67,2025-08-25T16:09:58
2086,Ivory,2022-04-08,day,https://i.scdn.co/image/ab67616d0000b27390cf5d1ccfca2beb86149a19,2025-08-25T16:09:58
2087,Lasers,2011-03-04,day,https://i.scdn.co/image/ab67616d0000b27320cac893b7a494f729128dac,2025-08-25T16:09:59
2088,Son Of A Gun,2020-05-22,day,https://i.scdn.co/image/ab67616d0000b273e20b7842be1a2bdd79563ef6,2025-08-25T16:10:00
2089,And Then You Pray For Me,2023-10-13,day,https://i.scdn.co/image/ab67616d0000b273814b3b56864bb7d9ebfcdbf2,2025-08-25T16:10:00
2090,Quiet Storm,2020-11-03,day,https://i.scdn.co/image/ab67616d0000b273445333bb89322f6bb81b51cf,2025-08-25T16:10:01
2091,Get You The Moon (feat. Snøw),2018-10-08,day,https://i.scdn.co/image/ab67616d0000b273121a9af58f3604f78dd68f6b,2025-08-25T16:10:01
2092,Coffee Sunrise,2020-09-18,day,https://i.scdn.co/image/ab67616d0000b273357b07ba911b16aa7eadd246,2025-08-25T16:10:02
2093,Purity,2023-10-06,day,https://i.scdn.co/image/ab67616d0000b2733220e97ff3154760412fc7ac,2025-08-25T16:10:03
2094,Drinking Taste,2023-10-05,day,https://i.scdn.co/image/ab67616d0000b273dea7aa0955dbedb465f27fe3,2025-08-25T16:10:03
2095,maskros,2023-09-08,day,https://i.scdn.co/image/ab67616d0000b273506b1aba92e293db204b94cf,2025-08-25T16:10:04
2096,Maca,2023-10-06,day,https://i.scdn.co/image/ab67616d0000b27303e0c0802650f17c04e87b53,2025-08-25T16:10:04
2097,sunsmoke,2023-09-29,day,https://i.scdn.co/image/ab67616d0000b273de884ddabf276ff4cf0f0245,2025-08-25T16:10:05
2098,Who's Driving?,2023-10-06,day,https://i.scdn.co/image/ab67616d0000b27343436d819bf073a2dd66742c,2025-08-25T16:10:05
2099,Water Secrets,2023-10-06,day,https://i.scdn.co/image/ab67616d0000b2735a951feab7a39e2d43fd500a,2025-08-25T16:10:06
2100,Late Flight,2023-09-28,day,https://i.scdn.co/image/ab67616d0000b273ecbe09c0fc91e045ccb8e4ef,2025-08-25T16:10:07
2101,Friday Dazed,2023-10-13,day,https://i.scdn.co/image/ab67616d0000b2737dffdd9564e5d93806e84e7d,2025-08-25T16:10:07
2102,From A Man,2023-10-12,day,https://i.scdn.co/image/ab67616d0000b273c1864dac1ffeaa86ad55c54e,2025-08-25T16:10:08
2103,Glockoma 2 (Deluxe),2023-06-23,day,https://i.scdn.co/image/ab67616d0000b2739c6589cb7500fa8e6f343990,2025-08-25T16:10:08
2104,Grieg: Lyric Pieces,1974-01-01,day,https://i.scdn.co/image/ab67616d0000b2739f1a64b1f419b9d1da7f4f97,2025-08-25T16:10:09
2105,GOD DID,2022-08-25,day,https://i.scdn.co/image/ab67616d0000b27301d1c9970f470925af61dade,2025-08-25T16:10:10
2106,Chopin: Preludes,2000-01-21,day,https://i.scdn.co/image/ab67616d0000b273aa5f0676dbf1a09c0d0680a0,2025-08-25T16:10:10
2107,"Piano SoundScapes, Vol. 12",2017-03-09,day,https://i.scdn.co/image/ab67616d0000b273e3b18ff3219b66e96bee6853,2025-08-25T16:10:11
2108,"Smetana: Piano Works, Vol. 4",2009-03-13,day,https://i.scdn.co/image/ab67616d0000b2732fe3cf71271835cebdfab43f,2025-08-25T16:10:12
2109,Scriabin: Piano Concerto / Prometheus,1999-08-17,day,https://i.scdn.co/image/ab67616d0000b2730332e6e01c1cca3457730ba3,2025-08-25T16:10:12
2110,Shostakovich: The Jazz Album,1992-12-01,day,https://i.scdn.co/image/ab67616d0000b273fd3846560e5c4346788f01d2,2025-08-25T16:10:14
2111,Chopin: Ballades Nos.1-4,1999-01-01,day,https://i.scdn.co/image/ab67616d0000b2738d690d4c4c733f9f62bc67aa,2025-08-25T16:10:14
2112,Great Violin Concertos,1995-01-01,day,https://i.scdn.co/image/ab67616d0000b2731829d09d49ed5e66e812f193,2025-08-25T16:10:15
2113,Yellow Tape 2,2021-11-05,day,https://i.scdn.co/image/ab67616d0000b27366365ff312ca2679804342db,2025-08-25T16:10:15
2114,Yellow Tape,2020-01-31,day,https://i.scdn.co/image/ab67616d0000b27377d6678d66fd48ecfed2cfe8,2025-08-25T16:10:16
2115,Culture III,2021-06-11,day,https://i.scdn.co/image/ab67616d0000b273f89d00155b6a066650e5460d,2025-08-25T16:10:17
2116,Chopin: The Complete Waltzes,2009-10-05,day,https://i.scdn.co/image/ab67616d0000b27395729b70d3fbed45b13fee19,2025-08-25T16:10:17
2117,Chopin: Piano Concerto No. 1; Ballades (Deluxe),2016-12-23,day,https://i.scdn.co/image/ab67616d0000b273298a7b8b4d38f849482a96f5,2025-08-25T16:10:18
2118,Chopin: Préludes,2008-02-08,day,https://i.scdn.co/image/ab67616d0000b2734d09e0f4df13545520d06f3f,2025-08-25T16:10:19
2119,Pure Chopin,2016-01-29,day,https://i.scdn.co/image/ab67616d0000b2738a5a2ef01abb3e6eb940ad44,2025-08-25T16:10:19
2120,Chopin: Scherzi; Impromptus,2004-01-01,day,https://i.scdn.co/image/ab67616d0000b2732813b18b685fd9fca08f8dd1,2025-08-25T16:10:20
2121,Chopin: Études,2013-01-01,day,https://i.scdn.co/image/ab67616d0000b2730efe3515dce80e656e0c2e07,2025-08-25T16:10:20
2122,Eternal Classical: Chopin,2013-05-02,day,https://i.scdn.co/image/ab67616d0000b273eca0c57169e9f25c063c5123,2025-08-25T16:10:21
2123,Shoot For The Stars Aim For The Moon,2020-07-03,day,https://i.scdn.co/image/ab67616d0000b27377ada0863603903f57b34369,2025-08-25T16:10:22
2124,Meet The Woo 2,2020-02-07,day,https://i.scdn.co/image/ab67616d0000b27362a57823eced1cb4fd93b2c1,2025-08-25T16:10:22
2125,Popular (Music from the HBO Original Series),2023-06-02,day,https://i.scdn.co/image/ab67616d0000b2734c8f092adc59b4bf4212389d,2025-08-25T16:10:23
2126,Very Necessary,1993-10-12,day,https://i.scdn.co/image/ab67616d0000b27331ac4ea81876d18519e4b6eb,2025-08-25T16:10:23
2127,Gettin' Money (The Get Money Remix),2021-02-19,day,https://i.scdn.co/image/ab67616d0000b273ff58c372ab3e0d9e2e6676db,2025-08-25T16:10:24
2128,Illmatic: Live from the Kennedy Center with the National Symphony Orchestra,2018-04-20,day,https://i.scdn.co/image/ab67616d0000b2734fd9802879dabb14543d2f6d,2025-08-25T16:10:25
2129,Magic 3,2023-09-14,day,https://i.scdn.co/image/ab67616d0000b2733351a95566bd90522817943e,2025-08-25T16:10:25
2130,Buhloone Mindstate,1993-09-21,day,https://i.scdn.co/image/ab67616d0000b273425d6882cbb8165986ca7c40,2025-08-25T16:10:27
2131,Protect Ya Neck,1992-12-14,day,https://i.scdn.co/image/ab67616d0000b2739628e24322f47e823355fe8b,2025-08-25T16:10:27
2132,Chicken - N - Beer,2003-01-01,day,https://i.scdn.co/image/ab67616d0000b273013f42c445ce5e9378e5bc11,2025-08-25T16:10:28
2133,MATA,2022-10-14,day,https://i.scdn.co/image/ab67616d0000b27312688eea38599b12629a5f57,2025-08-25T16:10:29
2134,Gloria,2023-01-27,day,https://i.scdn.co/image/ab67616d0000b27350a1691fbbfb693a5171d600,2025-08-25T16:10:30
2135,Water,2023-11-17,day,https://i.scdn.co/image/ab67616d0000b2737429777bb3e217e4bf182212,2025-08-25T16:10:30
2137,Yacht Rock 2,2019-08-30,day,https://i.scdn.co/image/ab67616d0000b273f427d5bb249ff27546c7cc63,2025-08-25T16:10:31
2138,Breathe (feat. RZA) [Liam H and Rene LaVice Re-Amp],2021-06-18,day,https://i.scdn.co/image/ab67616d0000b273e4532b81d5694331c27bc17f,2025-08-25T16:10:32
2139,For All The Dogs Scary Hours Edition,2023-11-17,day,https://i.scdn.co/image/ab67616d0000b273e286ee36b4015afa8832356a,2025-08-25T16:10:32
2140,Debussy: Clair de lune et d'autres favoris,2004-05-01,day,https://i.scdn.co/image/ab67616d0000b27304526f254708f70109ac484d,2025-08-25T16:10:33
2141,Debussy: Estampes; Pour le piano; 6 épigraphes antiques,2007-07-31,day,https://i.scdn.co/image/ab67616d0000b273a13a0c0653e92e6ac7509294,2025-08-25T16:10:34
2142,The Best Chopin,2020-05-22,day,https://i.scdn.co/image/ab67616d0000b27333401c181d1676366184dba8,2025-08-25T16:10:34
2143,Holiday Inn (Original Motion Picture Soundtrack),1942-01-01,day,https://i.scdn.co/image/ab67616d0000b2735e8ed9b5848e7139dc087c48,2025-08-25T16:10:35
2144,Feliz Navidad,2002-09-24,day,https://i.scdn.co/image/ab67616d0000b273c8ac560f803bba4902f8bbc5,2025-08-25T16:10:35
2145,Have A Holly Jolly Christmas,1965-10-01,day,https://i.scdn.co/image/ab67616d0000b273efe2a536761d4f8e8401ae62,2025-08-25T16:10:36
2146,Lang Lang: The Chopin Album,2012-10-22,day,https://i.scdn.co/image/ab67616d0000b273a5ce972031744697ffa86c6f,2025-08-25T16:10:37
2147,My wrist (with Young Thug),2023-05-26,day,https://i.scdn.co/image/ab67616d0000b2731bb60fb52332db117f194f6e,2025-08-25T16:10:37
2148,MIA23 (1:2),2023-05-08,day,https://i.scdn.co/image/ab67616d0000b27389c372646e8ac5b4f65dbee5,2025-08-25T16:10:38
2149,Encore (Deluxe Version),2004-11-12,day,https://i.scdn.co/image/ab67616d0000b273726d48d93d02e1271774f023,2025-08-25T16:10:39
2150,No Romeo No Juliet,2016-05-11,day,https://i.scdn.co/image/ab67616d0000b273ad8bb17b0c4e1d4955b5aef9,2025-08-25T16:10:39
2151,Def Jam Presents: Direct Deposit (Vol. 1),2016-12-02,day,https://i.scdn.co/image/ab67616d0000b27328b4b74743d813cbae4e88b9,2025-08-25T16:10:40
2152,Larger Than Life,2023-10-27,day,https://i.scdn.co/image/ab67616d0000b273ceb160561269ab00b1df9678,2025-08-25T16:10:40
2153,All Quiet On The Western Front (Soundtrack from the Netflix Film),2022-10-28,day,https://i.scdn.co/image/ab67616d0000b273a225617446531850eb877e60,2025-08-25T16:10:41
2154,Too Rich For The Bitch,2015-12-18,day,https://i.scdn.co/image/ab67616d0000b27332d46b0de6a48934ac7cd5ae,2025-08-25T16:10:42
2155,Get Up,2008-01-01,day,https://i.scdn.co/image/ab67616d0000b273fd11ead8c749c830f864f0eb,2025-08-25T16:10:42
2156,Still Think I'm Nothing (feat. Jeremih),2017-11-18,day,https://i.scdn.co/image/ab67616d0000b2730352ccd2fe7120a106012993,2025-08-25T16:10:43
2157,All About You,2010-01-01,day,https://i.scdn.co/image/ab67616d0000b273ee6271e9d8488289b6a4aa63,2025-08-25T16:10:44
2158,Schubert: Chamber Music,1996-01-01,day,https://i.scdn.co/image/ab67616d0000b27318ef2572a293d4221c4586ff,2025-08-25T16:10:47
2159,The Classical Music featured in 'Little Women',2020-04-03,day,https://i.scdn.co/image/ab67616d0000b273fda53d64a5dec79499657045,2025-08-25T16:10:47
2160,GOTTSCHALK: Piano Works; A Night in the Tropics; Four Hand Piano,2004-08-24,day,https://i.scdn.co/image/ab67616d0000b27386b55ef55ecb859ed563748d,2025-08-25T16:10:48
2161,Wedding: Music & Words,2007-10-09,day,https://i.scdn.co/image/ab67616d0000b27309637efd8d5438473da6965e,2025-08-25T16:10:49
2162,映画の中のクラシック　シューマンの映画館,2022-09-28,day,https://i.scdn.co/image/ab67616d0000b273b1a7251a599ae3503d4e0ceb,2025-08-25T16:10:50
2163,Treasure of the Baroque,2014-08-05,day,https://i.scdn.co/image/ab67616d0000b273b1dd7ae30bc19779ddf3a551,2025-08-25T16:10:50
2164,Samuel Barber - Adagio,2010-01-18,day,https://i.scdn.co/image/ab67616d0000b273326c3548c54166c021b151fa,2025-08-25T16:10:51
2165,"Debussy: Suite bergamasque, L. 75, 3. Clair de lune",2018-07-27,day,https://i.scdn.co/image/ab67616d0000b2731277085743389aa91af6f39b,2025-08-25T16:10:52
2166,Lullabies for Mila,2016-01-08,day,https://i.scdn.co/image/ab67616d0000b273454b6d957ed65180c717a569,2025-08-25T16:10:52
2167,Reflections Pt. 1 / Debussy: Bruyères,2020-11-20,day,https://i.scdn.co/image/ab67616d0000b27344c056496a631da655a4709d,2025-08-25T16:10:53
2168,Hit Me When U Leave The Klub: The Playlist,2023-09-29,day,https://i.scdn.co/image/ab67616d0000b2732cf7dfe9c3796ea778dcde8b,2025-08-25T16:10:53
2169,Split/Whole Time,2020-05-26,day,https://i.scdn.co/image/ab67616d0000b2734560cc2e83a4756faa7b9cc7,2025-08-25T16:10:54
2170,"No Reign, No Flowers",2023-11-10,day,https://i.scdn.co/image/ab67616d0000b2733e1b78da7f323e3bc0ba9795,2025-08-25T16:10:55
2171,SYRE,2017-11-17,day,https://i.scdn.co/image/ab67616d0000b2736aafb01504b69173c877bdca,2025-08-25T16:10:55
2172,ARDIPITHECUS,2015-01-11,day,https://i.scdn.co/image/ab67616d0000b2736ee651e65c3766d80e7fcab7,2025-08-25T16:10:56
2173,Noise Kandy 5,2023-09-29,day,https://i.scdn.co/image/ab67616d0000b27318dfae8cf697b513d5b9a541,2025-08-25T16:10:56
2174,ARM LEG LEG ARM HEAD lp,2022-11-04,day,https://i.scdn.co/image/ab67616d0000b273067380e221b45c55df58ae9d,2025-08-25T16:10:57
2175,Shook Up,2023-11-29,day,https://i.scdn.co/image/ab67616d0000b273c7c1cb1a9c293707d4b6e84a,2025-08-25T16:10:58
2176,The Boys & Girls,2023-05-12,day,https://i.scdn.co/image/ab67616d0000b27325916102452c5cc439493589,2025-08-25T16:10:58
2177,VOIR DIRE,2023-10-06,day,https://i.scdn.co/image/ab67616d0000b2734efc09d529b6ac305f76df90,2025-08-25T16:10:59
2178,Some Rap Songs,2018-11-30,day,https://i.scdn.co/image/ab67616d0000b2732b688ab63b1a5f281cfdf451,2025-08-25T16:10:59
2179,The Essential Eartha Kitt,2011-03-15,day,https://i.scdn.co/image/ab67616d0000b2737c78b57a88c7c109176bc999,2025-08-25T16:11:00
2180,we're home for Christmas (Piano),2022-10-07,day,https://i.scdn.co/image/ab67616d0000b273947e817cd53d491689ca82a6,2025-08-25T16:11:01
2181,Hark The Herald Angels Sing,2023-10-06,day,https://i.scdn.co/image/ab67616d0000b273aab56b3a6d1a7a48b0455433,2025-08-25T16:11:01
2182,Have Yourself A Merry Little Christmas,2023-11-10,day,https://i.scdn.co/image/ab67616d0000b273ecc42f74c6dcf6bd8cc9d173,2025-08-25T16:11:02
2183,Christmas Jazz!,2021-10-23,day,https://i.scdn.co/image/ab67616d0000b273a2f48fa73b1148daedae5c23,2025-08-25T16:11:02
2184,It's Christmas Jazz Time,2022-10-16,day,https://i.scdn.co/image/ab67616d0000b2739bec3a3e651f0b2519c53868,2025-08-25T16:11:03
2185,Home For Christmas,2019-10-21,day,https://i.scdn.co/image/ab67616d0000b2738a25c663781d8db073482ede,2025-08-25T16:11:04
2186,O Holy Night,2022-10-14,day,https://i.scdn.co/image/ab67616d0000b273b5cf9bcefc5fa9a3c24e4a32,2025-08-25T16:11:04
2187,Winter Wonderland,2022-10-16,day,https://i.scdn.co/image/ab67616d0000b273daeb1c79b1904e988b02cfd7,2025-08-25T16:11:05
2188,Frosty The Snowman,2022-10-07,day,https://i.scdn.co/image/ab67616d0000b2733925fa268abbf75513351b4b,2025-08-25T16:11:05
2189,I Saw Mommy Kissing Santa Claus,2022-10-16,day,https://i.scdn.co/image/ab67616d0000b27352b3ee175eb57aec2a45818c,2025-08-25T16:11:06
2190,Christmas Time Is Here,2023-10-22,day,https://i.scdn.co/image/ab67616d0000b2733e9e386f38933b8b12d6039b,2025-08-25T16:11:06
2191,Christmas Time,2020-10-29,day,https://i.scdn.co/image/ab67616d0000b27375771641d6e68c146304d1dd,2025-08-25T16:11:07
2192,Silver Bells,2023-10-08,day,https://i.scdn.co/image/ab67616d0000b2737c70adf4dfa7fa137ae07d31,2025-08-25T16:11:08
2193,That Christmas Feel,2020-11-17,day,https://i.scdn.co/image/ab67616d0000b273fafdd98e0e8298bbdbd4e801,2025-08-25T16:11:08
2194,My Favourite Time of Year,2020-09-29,day,https://i.scdn.co/image/ab67616d0000b2735194cea0f536290d968403eb,2025-08-25T16:11:09
2195,Please come home for christmas,2023-10-13,day,https://i.scdn.co/image/ab67616d0000b273b87b5021a628e6ea04721d7e,2025-08-25T16:11:09
2196,The First Noel,2020-09-29,day,https://i.scdn.co/image/ab67616d0000b27381868e502087b6e90a71c51a,2025-08-25T16:11:10
2197,Home for the Holidays,2019-09-15,day,https://i.scdn.co/image/ab67616d0000b27356999717694701ca3db63db7,2025-08-25T16:11:10
2198,Blue Christmas EP,2019-10-23,day,https://i.scdn.co/image/ab67616d0000b273e9334589d5faedb85f92c4e6,2025-08-25T16:11:11
2199,Rudolph the Red Nosed Rain Deer,2023-10-06,day,https://i.scdn.co/image/ab67616d0000b27397e8cfbc529c58245f34db39,2025-08-25T16:11:12
2200,Somewhere In My Memory,2023-11-10,day,https://i.scdn.co/image/ab67616d0000b2730989aaaca3796b8eb96796c4,2025-08-25T16:11:12
2201,I'll Be Home For Christmas,2022-10-16,day,https://i.scdn.co/image/ab67616d0000b2738007c04c995db782a9e62dea,2025-08-25T16:11:13
2202,Here Comes Santa Claus,2023-10-13,day,https://i.scdn.co/image/ab67616d0000b2731279893ca8bc5cf7aa090f11,2025-08-25T16:11:13
2203,Hark! The Herald Angels Sing,2022-10-21,day,https://i.scdn.co/image/ab67616d0000b2735e60eb214938b8480d042a17,2025-08-25T16:11:14
2204,It's the Most Wonderful Time of the Year,2020-10-10,day,https://i.scdn.co/image/ab67616d0000b273655c40c050e8e40faf894844,2025-08-25T16:11:14
2205,A Jazzy Christmas,2022-10-16,day,https://i.scdn.co/image/ab67616d0000b2731d9957f6e286b08b520841a4,2025-08-25T16:11:15
2206,What Are You Doing New Years Eve?,2023-10-20,day,https://i.scdn.co/image/ab67616d0000b273d379d1e7d2912a85abeb852d,2025-08-25T16:11:16
2208,"Lo, How A Rose E'er Blooming",2020-09-29,day,https://i.scdn.co/image/ab67616d0000b27393a52ca4710d0ce6fa75c43b,2025-08-25T16:11:17
2209,It Came Upon The Midnight Clear,2023-10-22,day,https://i.scdn.co/image/ab67616d0000b2738d7ffd6ab59286aab09ccacf,2025-08-25T16:11:17
2211,"O Come, All Ye Faithful",2022-10-14,day,https://i.scdn.co/image/ab67616d0000b2735fcce8483cf4d30fd73fc112,2025-08-25T16:11:18
2212,"God Rest Ye, Merry Gentlemen",2020-09-29,day,https://i.scdn.co/image/ab67616d0000b273a55a0f508e37e344c54fa4ac,2025-08-25T16:11:19
2213,Good King Wenceslas,2020-09-29,day,https://i.scdn.co/image/ab67616d0000b27383d866c15dc2f47c355f7ac3,2025-08-25T16:11:20
2214,The Holly and the Ivy,2020-10-10,day,https://i.scdn.co/image/ab67616d0000b273a4ac23e8afde61dd5e845d5b,2025-08-25T16:11:20
2215,Once in Royal David's City,2020-09-29,day,https://i.scdn.co/image/ab67616d0000b273d5435e77d4564e05a3ddf44f,2025-08-25T16:11:21
2216,"Happy Christmas, Little Friend",2022-10-16,day,https://i.scdn.co/image/ab67616d0000b27351c8868778605369229c03f7,2025-08-25T16:11:21
2217,I Saw Three Ships,2020-09-29,day,https://i.scdn.co/image/ab67616d0000b273230159da8f7d78fe4b92c973,2025-08-25T16:11:22
2218,Tis the season,2022-10-14,day,https://i.scdn.co/image/ab67616d0000b27380e4be02eb3b25dce6fa5a58,2025-08-25T16:11:23
2219,Ding Dong Merrily on High,2020-09-29,day,https://i.scdn.co/image/ab67616d0000b273da415628b6ed04af77081d86,2025-08-25T16:11:23
2220,A Child Is Born,2020-11-17,day,https://i.scdn.co/image/ab67616d0000b273f179cd317efdad1d3303c013,2025-08-25T16:11:24
2221,Happy Christmas,2022-10-16,day,https://i.scdn.co/image/ab67616d0000b27327fd5c2dd52903c0de8a7079,2025-08-25T16:11:24
2222,Auld Lang Syne,2020-09-29,day,https://i.scdn.co/image/ab67616d0000b2738a1f60d39958c1794bb1bd7d,2025-08-25T16:11:25
2223,A Christmas Love Song,2023-11-02,day,https://i.scdn.co/image/ab67616d0000b273b41b05d67a0f3e3cfef16be2,2025-08-25T16:11:25
2224,Merry Jazzmas!,2018-09-21,day,https://i.scdn.co/image/ab67616d0000b273448e77d8c735637c182df5c8,2025-08-25T16:11:26
2225,"Chopin: Complete Nocturnes, Barcarolle, Berceuse",2011-02-01,day,https://i.scdn.co/image/ab67616d0000b273b1583ff966f15a794f5b13ee,2025-08-25T16:11:27
2226,I Heard the Bells on Christmas Day,2020-09-29,day,https://i.scdn.co/image/ab67616d0000b273b90c76970e7f92e4d2d3eae2,2025-08-25T16:11:27
2227,Christmas Kiss,2023-09-15,day,https://i.scdn.co/image/ab67616d0000b2739cfa46da3b264c203e2127f8,2025-08-25T16:11:28
2228,When You Wish Upon a Star,2020-09-29,day,https://i.scdn.co/image/ab67616d0000b27328ac91fda62a4373926a4ee8,2025-08-25T16:11:28
2229,A Jazzy Little Christmas,2020-11-13,day,https://i.scdn.co/image/ab67616d0000b273c33aa69f1b3b3e12a275f9e8,2025-08-25T16:11:29
2230,Angels We Have Heard on High,2021-11-29,day,https://i.scdn.co/image/ab67616d0000b273c060dc801fce4cb6a501fbad,2025-08-25T16:11:30
2231,Lost in the stars,2023-10-05,day,https://i.scdn.co/image/ab67616d0000b27368c65a24d54ce8ef9bc0e276,2025-08-25T16:11:30
2232,Christmas Mood,2018-09-21,day,https://i.scdn.co/image/ab67616d0000b273be5e4a733adcbd1704c4124d,2025-08-25T16:11:31
2233,Santa tell me,2023-10-13,day,https://i.scdn.co/image/ab67616d0000b273cb5ce3861c1441a8d5c90a1e,2025-08-25T16:11:31
2234,Christmas In New York,2019-10-29,day,https://i.scdn.co/image/ab67616d0000b273e40439f13009569cb805f679,2025-08-25T16:11:32
2235,Away in a manger,2023-09-29,day,https://i.scdn.co/image/ab67616d0000b27358d1c636adcda05bd35a93fc,2025-08-25T16:11:32
2236,It's Christmas in New York,2022-10-16,day,https://i.scdn.co/image/ab67616d0000b27336fcfd9717669ae4de56529b,2025-08-25T16:11:33
2237,40 Most Beautiful Piano Classics,2011-06-28,day,https://i.scdn.co/image/ab67616d0000b2735f6972ebe670054306cbe7be,2025-08-25T16:11:35
2238,Piano Encores,2023-02-03,day,https://i.scdn.co/image/ab67616d0000b273880abdf216ba7019fb12347c,2025-08-25T16:11:38
2239,"Chopin: Waltzes, etc.",1995-01-01,day,https://i.scdn.co/image/ab67616d0000b27352d50db1e508cb51041504ea,2025-08-25T16:11:39
2240,Chopin: Complete Mazurkas,2014-09-01,day,https://i.scdn.co/image/ab67616d0000b2736f2d7f949d0e59e6f3e9f8e6,2025-08-25T16:11:40
2241,"Chopin: Mazurkas, Vol. 1",1991-02-01,day,https://i.scdn.co/image/ab67616d0000b2738af6f3d0339150d30570880a,2025-08-25T16:11:41
2242,Chopin: Complete Waltzes,2010-01-01,day,https://i.scdn.co/image/ab67616d0000b2730a1b2b8c22b5feb720ca2312,2025-08-25T16:11:41
2243,Rachmaninov & Chopin Cello Sonatas,2015-09-01,day,https://i.scdn.co/image/ab67616d0000b2734d8354f63b35b3a024f4a15e,2025-08-25T16:11:42
2244,Chopin: 24 Préludes; Nocturnes; Mazurkas; Scherzo,2012-01-01,day,https://i.scdn.co/image/ab67616d0000b2733e8c0ba8912c9c12ab46e8b1,2025-08-25T16:11:43
2245,Chopin: Piano Concerto No. 2 - Variations on La ci darem - Andante spianato and Grande polonaise brillante,2010-10-26,day,https://i.scdn.co/image/ab67616d0000b273575c218a0d5f3e4b5cbd3f0f,2025-08-25T16:11:43
2246,"R. Schumann: Davidsbündlertänze, Op. 6 & Kinderszenen, Op. 15",2023-01-27,day,https://i.scdn.co/image/ab67616d0000b27316386296e1ab2291b7b5ac83,2025-08-25T16:11:44
2247,Sheku Kanneh-Mason,2017-02-10,day,https://i.scdn.co/image/ab67616d0000b27395e8aede74f836b70c3a3455,2025-08-25T16:11:44
2248,Bizet sans Paroles,2020-09-11,day,https://i.scdn.co/image/ab67616d0000b2739346993c23be2f2b05bf8350,2025-08-25T16:11:45
2249,Eden Roc,1999-10-22,day,https://i.scdn.co/image/ab67616d0000b2739db98350bf9e959ac70090df,2025-08-25T16:11:46
2250,Harp Concertos,2010-10-18,day,https://i.scdn.co/image/ab67616d0000b273089e54644d8e8f8fd9893f7e,2025-08-25T16:11:46
2251,Ravel,2015-10-09,day,https://i.scdn.co/image/ab67616d0000b27380a1ee230d3b668686af083f,2025-08-25T16:11:47
2252,Lover,2019-08-23,day,https://i.scdn.co/image/ab67616d0000b273e787cffec20aa2a396a61647,2025-08-25T16:11:47
2253,I AM WOMAN,2021-11-19,day,https://i.scdn.co/image/ab67616d0000b273d4e10cba96b669683d0f8069,2025-08-25T16:11:48
2254,Scarlet,2023-09-20,day,https://i.scdn.co/image/ab67616d0000b273a840032f14ab22da396e43cb,2025-08-25T16:11:48
2255,Amala,2018-03-30,day,https://i.scdn.co/image/ab67616d0000b2730f4f19f09818756f25916e45,2025-08-25T16:11:49
2256,Vegas (From the Original Motion Picture Soundtrack ELVIS),2022-05-06,day,https://i.scdn.co/image/ab67616d0000b273cada88daf56a282fb18ecf7f,2025-08-25T16:11:50
2257,So High,2014-03-11,day,https://i.scdn.co/image/ab67616d0000b273b6d713c27625220479563dd5,2025-08-25T16:11:50
2258,Boss Bitch,2020-01-23,day,https://i.scdn.co/image/ab67616d0000b27310356a0e81371e6644cb1371,2025-08-25T16:11:51
2259,Positions (Deluxe),2020-10-30,day,https://i.scdn.co/image/ab67616d0000b27355b8f4c3458e256eca14f18f,2025-08-25T16:11:51
2260,ENOC,2020-09-04,day,https://i.scdn.co/image/ab67616d0000b273b1717c201d31ad8e43dedc55,2025-08-25T16:11:52
2261,Amala (Deluxe Version),2019-03-01,day,https://i.scdn.co/image/ab67616d0000b273e0c9d69f356c8b8a378a4d3c,2025-08-25T16:11:53
2262,Best Friend (feat. Doja Cat),2021-01-07,day,https://i.scdn.co/image/ab67616d0000b2739aeed9bbffaac4c99cc4c4d9,2025-08-25T16:11:53
2263,"Bersa: Complete Piano Works, Vol. 1",2018-01-12,day,https://i.scdn.co/image/ab67616d0000b273c8563f23aa0e74fd87f824ca,2025-08-25T16:11:54
2264,Piano Solos from How to Train Your Dragon: The Hidden World,2020-05-15,day,https://i.scdn.co/image/ab67616d0000b273ab28171b7b65e38aecd72c6a,2025-08-25T16:11:54
2265,Destination Rachmaninoff: Departure,,day,,
2266,Schumann: Kinderszenen; Kreisleriana,1984-01-01,day,https://i.scdn.co/image/ab67616d0000b27335887a1c7edc3395cd8d5937,2025-08-25T16:11:55
2267,"Rachmaninov: Preludes Op.3, Op.23 & Op.32",1976-02-27,day,https://i.scdn.co/image/ab67616d0000b273a7bc936e5885162613ed1514,2025-08-25T16:11:56
2268,Piano Book (Deluxe Edition),2019-03-29,day,https://i.scdn.co/image/ab67616d0000b273bf4b533ee6e9634a6fcd8882,2025-08-25T16:11:57
2269,Bach: Mass in B minor,2007-10-03,day,https://i.scdn.co/image/ab67616d0000b27315fa3eef100bcd0f1242fdcf,2025-08-25T16:11:57
2270,All Around the World (40th Anniversary Edition),2020-09-04,day,https://i.scdn.co/image/ab67616d0000b273598c50b8d945708258d7e80a,2025-08-25T16:11:58
2271,Rumours,1977-02-04,day,https://i.scdn.co/image/ab67616d0000b27357df7ce0eac715cf70e519a7,2025-08-25T16:11:59
2272,"The Best Of Earth, Wind & Fire Vol. 1",1978-11-23,day,https://i.scdn.co/image/ab67616d0000b2734dd033f4cf3a0a58059cde69,2025-08-25T16:11:59
2273,Make It Big,1984-10-23,day,https://i.scdn.co/image/ab67616d0000b273a2fc41b0dd6ce4f0d16a4c46,2025-08-25T16:12:00
2274,Come Fly With Me (Expanded Edition),1958-01-01,month,https://i.scdn.co/image/ab67616d0000b27346ab198eb5fbd2f25ff7f164,2025-08-25T16:12:01
2275,Breakin' Away,1981-01-01,year,https://i.scdn.co/image/ab67616d0000b27316000c5042b4b9d6a86b28d9,2025-08-25T16:12:01
2276,Whenever You Need Somebody,1987-11-12,day,https://i.scdn.co/image/ab67616d0000b27315ebbedaacef61af244262a8,2025-08-25T16:12:02
2277,"Days Of Wine And Roses, Moon River And Other Academy Award Winners",1964-01-01,year,https://i.scdn.co/image/ab67616d0000b273ff0dae802acb38075786b58c,2025-08-25T16:12:02
2278,Holiday Road,1983-01-01,year,https://i.scdn.co/image/ab67616d0000b273217c0066ccc25db60b58e7aa,2025-08-25T16:12:03
2279,Ring-A-Ding-Ding! (50th Anniversary Edition),1960-12-19,day,https://i.scdn.co/image/ab67616d0000b273a85303836e49e3f287249047,2025-08-25T16:12:04
2280,Mozart: Piano Concertos Nos. 20 & 21,1986-01-01,day,https://i.scdn.co/image/ab67616d0000b27365bb2cd8b68e51af23390b2d,2025-08-25T16:12:04
2281,Dreamland,2020-08-07,day,https://i.scdn.co/image/ab67616d0000b273712701c5e263efc8726b1464,2025-08-25T16:12:05
2282,Fantastic,1983-07-09,day,https://i.scdn.co/image/ab67616d0000b27334229e11a2146f96d6956044,2025-08-25T16:12:05
2283,How 'Bout Us (Expanded Edition),1981-01-01,year,https://i.scdn.co/image/ab67616d0000b2735f55ad7f9a33a6f0d5ec9105,2025-08-25T16:12:06
2284,Erik Satie & Friends,2016-04-01,day,https://i.scdn.co/image/ab67616d0000b2730d3d783124fd96e37b6feee4,2025-08-25T16:12:07
2285,Gershwin: Rhapsody in Blue & An American in Paris,1959-01-01,year,https://i.scdn.co/image/ab67616d0000b2736b5fddcee4e4163eb9d34fea,2025-08-25T16:12:07
2286,Gershwin: An American In Paris; Rhapsody in Blue,1989-05-01,day,https://i.scdn.co/image/ab67616d0000b27307c6dbea776eba61d242fbb5,2025-08-25T16:12:08
2287,Rhapsody,2022-03-04,day,https://i.scdn.co/image/ab67616d0000b2733078185d5b34983d4c380563,2025-08-25T16:12:09
2288,Gershwin: 6 Songs / Corea: Children's Songs,1990-08-22,day,https://i.scdn.co/image/ab67616d0000b273991a52dbde6c1841f4a06d8e,2025-08-25T16:12:10
3192,There You Go,,day,,
2289,Gershwin For Trumpet (arr. J. Bartos and P. Breiner),2004-04-12,day,https://i.scdn.co/image/ab67616d0000b273d50b7713d57ecef21cde4a03,2025-08-25T16:12:10
2290,"Gershwin: Piano Concerto/Copland: El salón Mexico, etc.",1991-01-01,day,https://i.scdn.co/image/ab67616d0000b2731691567da2eb62574062cf68,2025-08-25T16:12:11
2291,Gershwin: Three Preludes: II. Andante con moto e poco rubato (Live),2022-08-05,day,https://i.scdn.co/image/ab67616d0000b27372ced22eecb83031f6bc553a,2025-08-25T16:12:12
2292,Trumpet Concertos,2007-11-12,day,https://i.scdn.co/image/ab67616d0000b273914d687f9e0aabc110970a06,2025-08-25T16:12:12
2293,Blue Danube Strauss Waltzes,1990-10-09,day,https://i.scdn.co/image/ab67616d0000b2731df6e9adb179c772e277e6c9,2025-08-25T16:12:13
2294,Workin' With The Miles Davis Quintet,1959-01-01,year,https://i.scdn.co/image/ab67616d0000b273e2e871611c36d490252a2e9f,2025-08-25T16:12:13
2295,The Great American Songbook,1929-01-01,year,https://i.scdn.co/image/ab67616d0000b273ea98b57fdcecd7e3c115c8a8,2025-08-25T16:12:14
2297,Blue's Moods,1994-01-01,day,https://i.scdn.co/image/ab67616d0000b2733c4dfdcc30e3c15095b16451,2025-08-25T16:12:16
2298,We Are In Love,1990-06-01,day,https://i.scdn.co/image/ab67616d0000b27311c6d9b2fe115ddd10ad6181,2025-08-25T16:12:16
2299,She,1994-06-30,day,https://i.scdn.co/image/ab67616d0000b273e28129a1874cc66741c97cab,2025-08-25T16:12:17
2300,When Harry Met Sally... Music From The Motion Picture,1989-07-25,day,https://i.scdn.co/image/ab67616d0000b27374ee9b4f0958b872159b9b82,2025-08-25T16:12:18
2301,The Complete Harry James In Hi-Fi,2008-01-01,day,https://i.scdn.co/image/ab67616d0000b273759676d02cc7a7e394309720,2025-08-25T16:12:18
2302,Magnetic,2013-01-01,day,https://i.scdn.co/image/ab67616d0000b273e3e877b85818b1d113610477,2025-08-25T16:12:19
2303,Play Not Quite Two Dozen,2002-01-01,year,https://i.scdn.co/image/ab67616d0000b273a299ed3dc7ac1eeb46355d50,2025-08-25T16:12:19
2304,Plays Bill Monroe,1993-01-01,year,https://i.scdn.co/image/ab67616d0000b2732fc155d7424684e5eef80c63,2025-08-25T16:12:20
2305,Nothing But The Best (2008 Remastered),2008-05-13,day,https://i.scdn.co/image/ab67616d0000b273b81d66d1416afa139d12767b,2025-08-25T16:12:21
2306,Fly Me to the Moon Jazz Trio (Backing Track),2012-10-01,day,https://i.scdn.co/image/ab67616d0000b273cfb8bcccbdeb3e736994b84a,2025-08-25T16:12:21
2307,Fly Me To The Moon (Instrumental),2020-02-10,day,https://i.scdn.co/image/ab67616d0000b273b96b31ddc1eb600b821be6cc,2025-08-25T16:12:22
2308,Bar Music Moods - The Piano Edition Vol. 2,2008-09-23,day,https://i.scdn.co/image/ab67616d0000b2734ba70440cf2bfb0fb9b1ec17,2025-08-25T16:12:22
2309,"Bar Music Moods (The Piano Edition, Vol. 3)",2012-05-01,day,https://i.scdn.co/image/ab67616d0000b27338de352d693245d170babe96,2025-08-25T16:12:23
2310,Manhattan: Original Motion Picture Soundtrack,1979-01-01,year,https://i.scdn.co/image/ab67616d0000b2735a5fb6652f6cdb977eb9124a,2025-08-25T16:12:24
2311,Éxitos Inolvidables De Cole Porter,2018-01-20,day,https://i.scdn.co/image/ab67616d0000b2735e31644e65020fe6301d3b05,2025-08-25T16:12:24
2312,Menuhin and Grappelli play ... Gershwin,1988-01-01,year,https://i.scdn.co/image/ab67616d0000b2737074df332e9113eb95fece38,2025-08-25T16:12:25
2313,Swingin' With Sinatra,2010-01-01,day,https://i.scdn.co/image/ab67616d0000b273a9fd8b32a3264ead592eb7ed,2025-08-25T16:12:25
2314,The Complete Decca Masters (Plus),1994-07-04,day,https://i.scdn.co/image/ab67616d0000b2730e1a8ec9a725138b9ed1d57d,2025-08-25T16:12:26
2315,Gershwin at the Keyboard,2011-06-23,day,https://i.scdn.co/image/ab67616d0000b27310c35cb9fd41918c1eecb8e1,2025-08-25T16:12:27
2316,The Essential Glenn Miller,1972-09-30,day,https://i.scdn.co/image/ab67616d0000b27363650d02101d5a6294d6c94d,2025-08-25T16:12:27
2317,Time Out,1959-12-14,day,https://i.scdn.co/image/ab67616d0000b27300ace5d3c5bffc123ef1eb51,2025-08-25T16:12:28
2318,Presenting Russ Morgan & His Orchestra,1935-12-22,day,https://i.scdn.co/image/ab67616d0000b27360b526a0e6069745b92c4e1f,2025-08-25T16:12:29
2319,Moonlight Serenade,1991-01-01,year,https://i.scdn.co/image/ab67616d0000b2733b4a6dbd7e0deb80732aba61,2025-08-25T16:12:29
2320,Childhood Memoires,2017-08-15,day,https://i.scdn.co/image/ab67616d0000b27306ca4f31602ac6aa2aaed7fd,2025-08-25T16:12:30
2321,Miles Davis Four,1995-02-01,day,https://i.scdn.co/image/ab67616d0000b27364351626df25d938db9b9f2f,2025-08-25T16:12:31
2322,At The Close Of A Century,1999-11-23,day,https://i.scdn.co/image/ab67616d0000b273f97219e49a23bfdd4de7eed1,2025-08-25T16:12:31
2323,The Uncollected: Russ Morgan and His Orchestra,1978-01-01,day,https://i.scdn.co/image/ab67616d0000b273e2396b4d7b9ddd35fc422540,2025-08-25T16:12:32
2324,The Greatest Video Game Music,2011-11-18,day,https://i.scdn.co/image/ab67616d0000b273943c113347461b66ba58d116,2025-08-25T16:12:33
2325,The Anthology,1998-06-16,day,https://i.scdn.co/image/ab67616d0000b273383811a9b3081023c612fb7b,2025-08-25T16:12:33
2326,A Centennial Celebration,1993-07-16,day,https://i.scdn.co/image/ab67616d0000b273f7b2682a02e59c7fc61312e8,2025-08-25T16:12:34
2327,Tex Beneke And His Music In The Miller Mood,2004-01-01,year,https://i.scdn.co/image/ab67616d0000b2737c705a56add607b1b6d910ea,2025-08-25T16:12:34
2328,Presenting Roy Brown,2021-01-01,year,https://i.scdn.co/image/ab67616d0000b2736aa28df8946437648bcacaba,2025-08-25T16:12:35
2329,50th Anniversary Collection (Vol. 1),1987-01-01,day,https://i.scdn.co/image/ab67616d0000b273b545de9d06f4281d1c43b1f5,2025-08-25T16:12:36
2330,Lover Man,1958-01-01,day,https://i.scdn.co/image/ab67616d0000b2733d6c3d9f588a257c4a563050,2025-08-25T16:12:36
2331,Billie Holiday Love Songs,1996-01-30,day,https://i.scdn.co/image/ab67616d0000b2738d959ef68a66dd3cc9944c5c,2025-08-25T16:12:37
2332,Archive Selection 1,1998-01-01,day,https://i.scdn.co/image/ab67616d0000b273cf58deaff6052da65456baf9,2025-08-25T16:12:38
2333,"A Catalogue of Classics, Vol. I",2024-01-16,day,https://i.scdn.co/image/ab67616d0000b2735ab3fd8482b3c558d8967a99,2025-08-25T16:12:40
2334,AMEB Piano For Leisure Series 1 Grade 4,2002-11-15,day,https://i.scdn.co/image/ab67616d0000b273efafe12034d49e405c6093ca,2025-08-25T16:12:42
2335,Micromania - 85 Piano Miniatures,2013-02-26,day,https://i.scdn.co/image/ab67616d0000b2738714b00ff2195cd9bf6221ac,2025-08-25T16:12:43
2336,Debussy,2017-11-17,day,https://i.scdn.co/image/ab67616d0000b273f1a7e86865d1440fc5786ca7,2025-08-25T16:12:44
2337,That's The Way Of The World,1975-03-15,day,https://i.scdn.co/image/ab67616d0000b27330bb42e5271f2e046fd36972,2025-08-25T16:12:44
2338,Ella And Louis Again,1957-02-25,day,https://i.scdn.co/image/ab67616d0000b273ed6878b3a082c19ff3616874,2025-08-25T16:12:45
2339,The Glenn Miller Carnegie Hall Concert (Live),1939-01-01,year,https://i.scdn.co/image/ab67616d0000b2737322bf3bcd991ebf28b8b352,2025-08-25T16:12:45
2340,Elgar,2020-01-10,day,https://i.scdn.co/image/ab67616d0000b27307a94315511954038fc66553,2025-08-25T16:12:46
2341,Grieg: Complete Music with Orchestra,2001-01-01,day,https://i.scdn.co/image/ab67616d0000b2739f02feaed802f09e77853e81,2025-08-25T16:12:47
2342,"Bach: Cello Suites Nos. 1, 5 & 6",1983-01-01,year,https://i.scdn.co/image/ab67616d0000b273cbb64bd416bb225456100bbc,2025-08-25T16:12:49
2343,"Dvořák: Serenade for Strings, Czech Suite",1991-01-01,day,https://i.scdn.co/image/ab67616d0000b273816ebc03f57f321bf42cb308,2025-08-25T16:12:52
2344,"Grieg: Lyric Pieces, Books 1 - 4, Opp. 12, 38, 43 and 47",1995-12-15,day,https://i.scdn.co/image/ab67616d0000b273de1ac80e92b3ba2c78a3051c,2025-08-25T16:12:53
2345,None but the Lonely Heart,2019-10-18,day,https://i.scdn.co/image/ab67616d0000b2738fcc0b8cb82eb9477888d1a8,2025-08-25T16:12:54
2346,Schubert,2019-03-15,day,https://i.scdn.co/image/ab67616d0000b273acefb30d0e24d67c03141eed,2025-08-25T16:12:54
2347,Valentina Lisitsa Plays Philip Glass,2015-03-02,day,https://i.scdn.co/image/ab67616d0000b273cad972f89b7963c3d82eeeaa,2025-08-25T16:12:55
2348,The Truman Show (Original Motion Picture Soundtrack),2009-01-01,year,https://i.scdn.co/image/ab67616d0000b273e3a0b6cbfd0bf57d5e430a56,2025-08-25T16:12:55
2349,"Rubinstein Collection, Vol. 44: All Chopin: Piano Concertos Nos. 1/2; Trois nouvelles etudes, Op. posth.",1999-10-12,day,https://i.scdn.co/image/ab67616d0000b2738ef34129e39c18245691020d,2025-08-25T16:12:56
2350,The Lord of the Rings: The Fellowship of the Ring (Original Motion Picture Soundtrack),2001-11-19,day,https://i.scdn.co/image/ab67616d0000b273128ca6b63d83d47c909a43ce,2025-08-25T16:12:57
2351,Scriabin: The Solo Piano Works,2010-08-01,day,https://i.scdn.co/image/ab67616d0000b273c430d772fdbb760c5cb7bd3b,2025-08-25T16:12:57
2352,american dream,2024-01-12,day,https://i.scdn.co/image/ab67616d0000b273bbdceba2bf1867d4966d0347,2025-08-25T16:12:58
2353,Us Against the World (Remix),2023-02-16,day,https://i.scdn.co/image/ab67616d0000b27318ede4b8862aca7eeddec45e,2025-08-25T16:12:59
2354,Martin's Sofa,2023-01-19,day,https://i.scdn.co/image/ab67616d0000b2737cf8fa12bc87605190ff6fd6,2025-08-25T16:12:59
2355,Back To Square One,2023-08-25,day,https://i.scdn.co/image/ab67616d0000b27311e6d300a0ac368c0937b805,2025-08-25T16:13:00
2356,My 21st Century Blues,2023-02-03,day,https://i.scdn.co/image/ab67616d0000b27394e5237ce925531dbb38e75f,2025-08-25T16:13:00
2357,Me & You,2023-02-09,day,https://i.scdn.co/image/ab67616d0000b273f123270da0f999b3ba015beb,2025-08-25T16:13:01
2358,INTOXYCATED,2023-07-12,day,https://i.scdn.co/image/ab67616d0000b273e80c5306c175a6071816daa3,2025-08-25T16:13:02
2359,"Rachmaninoff: Piano Concerto No. 2 in C Minor, Op. 18 & Piano Concerto No. 3 in D Minor, Op. 30",2017-03-10,day,https://i.scdn.co/image/ab67616d0000b27320d3313899951ec1f991124a,2025-08-25T16:13:02
2360,Relax: 50 Beautiful Piano Classics,2011-09-27,day,https://i.scdn.co/image/ab67616d0000b27323c18a31e118b6ebee8c6e08,2025-08-25T16:13:03
2361,"Grieg: Piano Concerto in A Minor, Op. 16 - Liszt: Piano Concerto No. 1 in E-Flat Major",1960-01-01,year,https://i.scdn.co/image/ab67616d0000b27309c967e403636c3e1ab8ece3,2025-08-25T16:13:03
2362,INSANO,2024-01-12,day,https://i.scdn.co/image/ab67616d0000b273820f2a56e4a57cc9a94672a8,2025-08-25T16:13:04
2363,Chopin: Piano Sonatas Nos.2 & 3,1985-01-01,day,https://i.scdn.co/image/ab67616d0000b273759eee9fcb2a8c3c3dd35171,2025-08-25T16:13:05
2364,Songs from the Arc of Life,2015-09-18,day,https://i.scdn.co/image/ab67616d0000b273cdf367607728e48fc580a6f9,2025-08-25T16:13:06
2365,New York Rhapsody,2016-09-16,day,https://i.scdn.co/image/ab67616d0000b273becd268eada203071469c5ec,2025-08-25T16:13:06
2366,"Love, Ella",2007-05-03,day,https://i.scdn.co/image/ab67616d0000b27388ab39d88260598e95ebf5f4,2025-08-25T16:13:07
2367,Chopin: Preludes Op.28,1980-01-01,year,https://i.scdn.co/image/ab67616d0000b273ae920cf30c03c95d58949b88,2025-08-25T16:13:08
2368,On Top of The Covers (Live from The Sun Rose),2023-12-22,day,https://i.scdn.co/image/ab67616d0000b273fff20b876f096a8223d737f2,2025-08-25T16:13:08
2369,"Rachmaninoff: Cello Sonata in G Minor, Op. 19",2021-11-19,day,https://i.scdn.co/image/ab67616d0000b2731bb219b02448904ff34897f8,2025-08-25T16:13:09
2370,Rhapsody. Cello Sonatas by Rachmaninov & Prokofiev,2008-01-07,day,https://i.scdn.co/image/ab67616d0000b2735b24795c7fd64f717c8b2dd5,2025-08-25T16:13:10
2371,On Top of The Covers,2023-03-17,day,https://i.scdn.co/image/ab67616d0000b27381e0e0910ff2c12be8991406,2025-08-25T16:13:10
2372,Rachmaninoff: Piano concertos Nos. 2 & 4,2022-01-01,day,https://i.scdn.co/image/ab67616d0000b2736d1afbe88165ccbb69235dff,2025-08-25T16:13:11
2373,Lil Boat 3,2020-05-29,day,https://i.scdn.co/image/ab67616d0000b2735ee839f6415e0d02fc4f2b49,2025-08-25T16:13:11
2374,Never Lose Me (feat. Lil Yachty),2023-12-01,day,https://i.scdn.co/image/ab67616d0000b27378f148a9ea8d87e940ee6c03,2025-08-25T16:13:12
2375,Lil Boat 3.5,2020-11-27,day,https://i.scdn.co/image/ab67616d0000b273789e7bbd2cc0ae4085b4d59f,2025-08-25T16:13:12
2376,Evgeny Kissin plays Chopin,1994-01-01,year,https://i.scdn.co/image/ab67616d0000b273392ef9e071fc0afcf2ca8145,2025-08-25T16:13:13
2377,Horowitz: Favorite Chopin [Expanded Edition],1963-01-01,year,https://i.scdn.co/image/ab67616d0000b273a7f7d5f2045073ffaae5ceb7,2025-08-25T16:13:14
2378,Scriabin: 24 Preludes - Sonatas Nos. 4 & 10,1997-04-07,day,https://i.scdn.co/image/ab67616d0000b2730e9d00c62e822e0d9cb593e9,2025-08-25T16:13:14
2379,VULTURES 1,2024-02-09,day,https://i.scdn.co/image/ab67616d0000b2735f4d67e6c3d62045e72d3775,2025-08-25T16:13:15
2380,Romantic Piano,2024-02-02,day,https://i.scdn.co/image/ab67616d0000b2731ee02c3e0cda940347027933,2025-08-25T16:13:16
2382,Vladimir Horowitz - The Romantic,2013-10-11,day,https://i.scdn.co/image/ab67616d0000b273f562037668d561f4eaf48609,2025-08-25T16:13:17
2383,Michael (Rap Album of the Year),2024-02-04,day,https://i.scdn.co/image/ab67616d0000b273ea46a5464e522a5a14540e2e,2025-08-25T16:13:18
2384,J. S. Bach: Italian Concerto / Chromatic Fantasia And Fugue / 12 Little Preludes,1993-02-10,day,https://i.scdn.co/image/ab67616d0000b27312a821c351fd7c5d66b93a9f,2025-08-25T16:13:18
2385,"Piano Recital: Rosenberger, Carol - Kabalevsky, D. / Tchaikovsky, P. (Perchance To Dream - A Lullaby Album for Children and Adults)",1993-01-01,day,https://i.scdn.co/image/ab67616d0000b273de85ed9cb88601985f70dc16,2025-08-25T16:13:19
2386,Rachmaninov Variations,2015-08-28,day,https://i.scdn.co/image/ab67616d0000b273581d3fac7f043e4c90708dff,2025-08-25T16:13:19
2387,Pfitzner: Symphony in C major - Schumann: Koncertstück for Four Horns,2012-09-04,day,https://i.scdn.co/image/ab67616d0000b273e7b0049790088d1115f1984b,2025-08-25T16:13:20
2388,"C.P.E. Bach: The Complete Works for Piano Solo, Vol. 7",2014-04-29,day,https://i.scdn.co/image/ab67616d0000b2738cbcb6204aeea5e4ef5a3040,2025-08-25T16:13:21
2389,"Smetana: Piano Works, Vol. 6",2013-05-17,day,https://i.scdn.co/image/ab67616d0000b27335f49d779d2ca21206c28d85,2025-08-25T16:13:21
2390,"Shostakovich: 24 Preludes and Fugues, Op. 87",2000-11-30,day,https://i.scdn.co/image/ab67616d0000b27396613215e79faaae754acdc7,2025-08-25T16:13:22
2391,"6 Violin Sonatas, Op. 10b",2016-08-12,day,https://i.scdn.co/image/ab67616d0000b273c6e6df1d6646079a2ff90c24,2025-08-25T16:13:23
2392,19th Century Classical,2024-01-24,day,https://i.scdn.co/image/ab67616d0000b2735c103cbb7caafa5f83db7212,2025-08-25T16:13:23
2393,Friedman: Piano Transcriptions,2016-08-12,day,https://i.scdn.co/image/ab67616d0000b27322dd4e3d831398df548f9225,2025-08-25T16:13:24
2449,Ooh Nah Nah (feat. Masego),2017-01-23,day,https://i.scdn.co/image/ab67616d0000b2734c50bcbb4de9262eaf8e93a1,2025-08-25T16:14:00
2394,Prokofiev: Ten Small Pieces / Sarcasms / Visions Fugitives,1997-02-17,day,https://i.scdn.co/image/ab67616d0000b27345407c03646ae63b74735b44,2025-08-25T16:13:25
2395,Chopin Evocations,2017-10-06,day,https://i.scdn.co/image/ab67616d0000b2733abd06a41230205f82dcb4c7,2025-08-25T16:13:25
2396,"Brahms: Hungarian Dances No. 1-21; Waltzes, Op. 39 for Piano for Four Hands",1993-01-01,year,https://i.scdn.co/image/ab67616d0000b27332857e460601b6deb0b56102,2025-08-25T16:13:26
2397,"Chopin: Études, Op. 10 & 25",2000-01-01,day,https://i.scdn.co/image/ab67616d0000b2737e0d88e10951837252d5a50e,2025-08-25T16:13:27
2398,Chopin: Ballades,1960-01-01,year,https://i.scdn.co/image/ab67616d0000b2738425486915c509975ceb5459,2025-08-25T16:13:27
2399,2093,2024-02-16,day,https://i.scdn.co/image/ab67616d0000b2739567b80f50a5b9f0178ae993,2025-08-25T16:13:28
2400,The Handel Project: Handel-Suites & Brahms-Variations,2023-02-03,day,https://i.scdn.co/image/ab67616d0000b273a08679af0b0ed271830432ca,2025-08-25T16:13:28
2401,"Handel: Suite No. 2 in F Major, HWV 427: I. Adagio",2023-01-20,day,https://i.scdn.co/image/ab67616d0000b273940e5ac90f7bd399a1dd58ea,2025-08-25T16:13:29
2402,"Mozart: Allegro in D Major, K. 626b/16",2021-01-29,day,https://i.scdn.co/image/ab67616d0000b273471c7858fffcfadfc69ab96d,2025-08-25T16:13:30
2403,Simpsonwave (You look lonely),2022-12-24,day,https://i.scdn.co/image/ab67616d0000b273a964c8eed41de6865c572b17,2025-08-25T16:13:30
2404,Blade Runner (Music From The Original Soundtrack),1994-06-06,day,https://i.scdn.co/image/ab67616d0000b2739ccdbb2b52240c4c500cac4c,2025-08-25T16:13:31
2405,Blade Runner 2049 (Original Motion Picture Soundtrack),2017-10-05,day,https://i.scdn.co/image/ab67616d0000b2730546bc812f5a6609f062b828,2025-08-25T16:13:32
2406,Interstellar Main Theme,2019-04-03,day,https://i.scdn.co/image/ab67616d0000b273e45af02903844b0096801c0b,2025-08-25T16:13:33
2407,"Piano Covers, Vol. 1",2020-04-23,day,https://i.scdn.co/image/ab67616d0000b2737a696d5454d254b963e35c7e,2025-08-25T16:13:33
2408,Time (From "Inception") [Remake] [Piano Version],2019-09-26,day,https://i.scdn.co/image/ab67616d0000b273fb8821562f8c227ed8eb3225,2025-08-25T16:13:34
2409,No Time to Die (Piano Version),2020-03-11,day,https://i.scdn.co/image/ab67616d0000b2739b6941ad0aa148b736ea4883,2025-08-25T16:13:35
2410,Interstellar Main Theme (Piano Version),2019-05-17,day,https://i.scdn.co/image/ab67616d0000b273123a885436711727d613db69,2025-08-25T16:13:35
2411,Le Fabuleux destin d'Amélie Poulain (Bande originale du film),2001-04-23,day,https://i.scdn.co/image/ab67616d0000b2731b7844a8c73c4d48f0bca1de,2025-08-25T16:13:36
2412,"J.S. Bach: The Well-Tempered Clavier, Books 1 & 2, BWV 846-893",1998-01-01,year,https://i.scdn.co/image/ab67616d0000b273befb4528039e844a42fee9f6,2025-08-25T16:13:36
2413,"Bach, J.S.: Two and Three Part Inventions",1985-01-01,day,https://i.scdn.co/image/ab67616d0000b273be51f5ce9d62db097077e703,2025-08-25T16:13:37
2414,"Bach: Inventions & Sinfonias, BWV 772-801 & Toccatas BWV 910-916",1963-01-01,year,https://i.scdn.co/image/ab67616d0000b273390a6dd18c7fe9c07491d666,2025-08-25T16:13:38
2415,Lovers In A Past Life (with Rag'n'Bone Man),2024-02-16,day,https://i.scdn.co/image/ab67616d0000b273bb08484f74ca64acd08882a1,2025-08-25T16:13:38
2416,Schubert: Piano Works,2017-03-03,day,https://i.scdn.co/image/ab67616d0000b273167dd7a2a0e8b9e192457ace,2025-08-25T16:13:39
2417,Dvořák: Greatest Melodies (Arr. P. Breiner for Piano),2022-11-18,day,https://i.scdn.co/image/ab67616d0000b273d473a78e3540dd7f605ad459,2025-08-25T16:13:40
2418,Kaldalóns: Ave María (Arr. Víkingur Ólafsson),2022-07-22,day,https://i.scdn.co/image/ab67616d0000b2735bafa23ce097c57d8295ad47,2025-08-25T16:13:40
2419,Bach Reworks (Pt. 2),2019-04-26,day,https://i.scdn.co/image/ab67616d0000b2730565a7167cd1817ead8da4a0,2025-08-25T16:13:41
2420,Johann Sebastian Bach,2018-09-07,day,https://i.scdn.co/image/ab67616d0000b273369f6761d1cccba9a34f05cf,2025-08-25T16:13:41
2421,"Bach, J.S.: Brandenburg Concertos etc.",1995-01-01,day,https://i.scdn.co/image/ab67616d0000b27308f25ef15caf048a49a69ee5,2025-08-25T16:13:42
2422,Dune (Original Motion Picture Soundtrack),2021-09-17,day,https://i.scdn.co/image/ab67616d0000b27349fb09eb93f76a5805b8f485,2025-08-25T16:13:43
2424,Himothy,2024-02-23,day,https://i.scdn.co/image/ab67616d0000b2739d2238c5d6b71a52799492db,2025-08-25T16:13:44
2425,Dune: Part Two (Original Motion Picture Soundtrack),2024-02-23,day,https://i.scdn.co/image/ab67616d0000b273166adc280da684b1d54f4126,2025-08-25T16:13:44
2426,WE DON'T TRUST YOU,2024-03-22,day,https://i.scdn.co/image/ab67616d0000b2731729574fe2a8e391a2ce1ece,2025-08-25T16:13:45
2428,SAVE ME,2019-06-07,day,https://i.scdn.co/image/ab67616d0000b2735cd6070603a9f2e5dcb01d0c,2025-08-25T16:13:46
2429,COWBOY CARTER,2024-03-29,day,https://i.scdn.co/image/ab67616d0000b2731572698fff8a1db257a53599,2025-08-25T16:13:47
2430,Might Delete Later,2024-04-05,day,https://i.scdn.co/image/ab67616d0000b273b5e99d6177971707e6cd04f5,2025-08-25T16:13:47
2431,Jump,2024-03-20,day,https://i.scdn.co/image/ab67616d0000b273df965da3e0e8eefbad6aadd6,2025-08-25T16:13:48
2432,Cheese,2010-01-01,day,https://i.scdn.co/image/ab67616d0000b273ae373174b14e3eac81554402,2025-08-25T16:13:49
2434,GISEKE,2021-07-23,day,https://i.scdn.co/image/ab67616d0000b2738a0401c57cf7409a3bb8b1b8,2025-08-25T16:13:50
2435,Lady Lady,2018-09-07,day,https://i.scdn.co/image/ab67616d0000b273f1814f1b76df2fa196e4f45e,2025-08-25T16:13:51
2436,Masego,2023-03-03,day,https://i.scdn.co/image/ab67616d0000b273799cf48c9e6300054dac9467,2025-08-25T16:13:52
2437,Witness My Growth,2019-07-19,day,https://i.scdn.co/image/ab67616d0000b2736389b4b693921c0bf619f56f,2025-08-25T16:13:52
2438,Why Worry,2020-04-22,day,https://i.scdn.co/image/ab67616d0000b273f46232362d78b4c11a97ebab,2025-08-25T16:13:53
2439,G35,2016-07-27,day,https://i.scdn.co/image/ab67616d0000b2730e679e7602f926b689744aee,2025-08-25T16:13:53
2440,Beware of the Monkey,2022-12-21,day,https://i.scdn.co/image/ab67616d0000b27375f91dca01460cfadf524814,2025-08-25T16:13:54
2441,HEAVY,2024-03-22,day,https://i.scdn.co/image/ab67616d0000b2736918c2542ef1c289888d9493,2025-08-25T16:13:55
2442,KARMA,2024-02-23,day,https://i.scdn.co/image/ab67616d0000b273559b064224efa9713e17b10b,2025-08-25T16:13:55
2443,The House Is Burning,2021-07-30,day,https://i.scdn.co/image/ab67616d0000b273ac895ae149e004dcbb6367be,2025-08-25T16:13:56
2445,WE STILL DON'T TRUST YOU,2024-04-12,day,https://i.scdn.co/image/ab67616d0000b27332ebb2a32043a8b0361ab9af,2025-08-25T16:13:57
2446,DOLOMEALS,2020-01-10,day,https://i.scdn.co/image/ab67616d0000b273bbde79b02ab360ea68d44b7b,2025-08-25T16:13:58
2447,Chasing Summer,2019-08-30,day,https://i.scdn.co/image/ab67616d0000b2730087823a0797f3e1adce3333,2025-08-25T16:13:58
2448,November,2018-01-19,day,https://i.scdn.co/image/ab67616d0000b2736892023452c99d13a58c7647,2025-08-25T16:13:59
2450,Made To Feel,2023-10-20,day,https://i.scdn.co/image/ab67616d0000b273dd38c5ce54cc26a571e1759c,2025-08-25T16:14:00
2451,Pairing Mode,2023-03-03,day,https://i.scdn.co/image/ab67616d0000b273440aaf4b79e06e8d6de34745,2025-08-25T16:14:01
2452,I've Never Been Here Before,2024-02-23,day,https://i.scdn.co/image/ab67616d0000b273d2c91fa387f27dc21c89ae0b,2025-08-25T16:14:01
2453,Bicoastal,2021-10-15,day,https://i.scdn.co/image/ab67616d0000b2732186b3ec6b94f66e4a178d8e,2025-08-25T16:14:02
2454,NATURAL,2023-09-12,day,https://i.scdn.co/image/ab67616d0000b273df903bdff1d8ddaadaf4d10e,2025-08-25T16:14:03
2455,BLK VINTAGE,2021-08-27,day,https://i.scdn.co/image/ab67616d0000b273b2f716a9d88538b218729b84,2025-08-25T16:14:03
2456,Lotus Glow,2023-03-03,day,https://i.scdn.co/image/ab67616d0000b273aadecbe6414e30c56fa8efab,2025-08-25T16:14:04
2457,Wicked Man's Reprise,2021-05-07,day,https://i.scdn.co/image/ab67616d0000b2735841a1206ee7850a0eb7250b,2025-08-25T16:14:04
2458,Unfiltered,2019-03-28,day,https://i.scdn.co/image/ab67616d0000b27315ffa6429ba7e43c84c76083,2025-08-25T16:14:05
2459,Evil In Your Eyes,2023-08-28,day,https://i.scdn.co/image/ab67616d0000b273c9346673fad30ad06102c64d,2025-08-25T16:14:06
2460,Livin' Proof,1995-01-01,day,https://i.scdn.co/image/ab67616d0000b27350a8b929d44ff747f193dd6d,2025-08-25T16:14:06
2461,PARTYNEXTDOOR TWO,2014-07-29,day,https://i.scdn.co/image/ab67616d0000b2736cfa297b0178fd91dca5c4f1,2025-08-25T16:14:07
2462,PARTYNEXTDOOR 3 (P3),2016-08-12,day,https://i.scdn.co/image/ab67616d0000b273240b49b7795e0611ccf416b7,2025-08-25T16:14:07
2463,R e a l W o m a n,2024-03-15,day,https://i.scdn.co/image/ab67616d0000b273fb6007b13e201a9f0a9a3dc8,2025-08-25T16:14:08
2464,L o s e M y M i n d,2024-04-11,day,https://i.scdn.co/image/ab67616d0000b27382a664f65d249ae7533eeb35,2025-08-25T16:14:09
2465,Lioness: Hidden Treasures,2011-01-01,day,https://i.scdn.co/image/ab67616d0000b2734c896e873306c17847c254e9,2025-08-25T16:14:09
2466,The Food Villain,2020-10-25,day,https://i.scdn.co/image/ab67616d0000b2739f79ba6bf762575757eba6bc,2025-08-25T16:14:10
2467,Define My Name,2024-04-19,day,https://i.scdn.co/image/ab67616d0000b273a56f5696231c1ad328fc9445,2025-08-25T16:14:11
2468,Push Ups,2024-04-19,day,https://i.scdn.co/image/ab67616d0000b27384bfd0d363f0179ac7c97fa5,2025-08-25T16:14:11
2470,THE TORTURED POETS DEPARTMENT: THE ANTHOLOGY,2024-04-19,day,https://i.scdn.co/image/ab67616d0000b2738ecc33f195df6aa257c39eaa,2025-08-25T16:14:12
2471,FEELS,2017-10-20,day,https://i.scdn.co/image/ab67616d0000b2731fb58426012eeb7361e2070a,2025-08-25T16:14:12
2473,Spotify Singles,2021-10-29,day,https://i.scdn.co/image/ab67616d0000b2735b88d11556bafd5c0130edc7,2025-08-25T16:14:13
2474,We're All Alone In This Together,2021-07-22,day,https://i.scdn.co/image/ab67616d0000b273da5b9c1eb275d48e14d25f3e,2025-08-25T16:14:14
2475,Rose in the Dark,2020-03-27,day,https://i.scdn.co/image/ab67616d0000b2734090a5cf4a046710a3e5f577,2025-08-25T16:14:15
2476,Sis.,2020-01-31,day,https://i.scdn.co/image/ab67616d0000b2737387dc1f6a5db68647337433,2025-08-25T16:14:15
2477,PARTYNEXTDOOR 4 (P4),2024-04-25,day,https://i.scdn.co/image/ab67616d0000b2732f738e10048273eb92068a5a,2025-08-25T16:14:16
2478,euphoria,2024-04-30,day,https://i.scdn.co/image/ab67616d0000b2737587213b1be294ac4000f648,2025-08-25T16:14:17
2479,MILLION DOLLAR BABY,2024-04-26,day,https://i.scdn.co/image/ab67616d0000b273210733c8f23a7172e6ef5705,2025-08-25T16:14:17
2480,SlimeBall 2,2017-08-11,day,https://i.scdn.co/image/ab67616d0000b27356bf918dc517050ebf113d22,2025-08-25T16:14:18
2481,Family Matters,2024-05-03,day,https://i.scdn.co/image/ab67616d0000b273a0ac23f4b446a7264e67bf0e,2025-08-25T16:14:18
2482,Not Like Us,2024-05-04,day,https://i.scdn.co/image/ab67616d0000b2731ea0c62b2339cbf493a999ad,2025-08-25T16:14:19
2483,2Pacalypse Now,1991-11-12,day,https://i.scdn.co/image/ab67616d0000b2737e1888783100598328e20e9b,2025-08-25T16:14:19
2484,Gotta Get U,2024-05-03,day,https://i.scdn.co/image/ab67616d0000b273fd7a673344f94a7dcc1d642d,2025-08-25T16:14:21
2485,SET IT OFF,2023-10-13,day,https://i.scdn.co/image/ab67616d0000b2738473cdc72d9c6f9a2787e070,2025-08-25T16:14:21
2486,Get It Sexyy,2024-03-15,day,https://i.scdn.co/image/ab67616d0000b273422237a4122460c2fa99c135,2025-08-25T16:14:22
2487,Rachmaninov: Moments Musicaux,2010-01-01,day,https://i.scdn.co/image/ab67616d0000b2735b7e3bad3c2a525813a6b77d,2025-08-25T16:14:22
2488,Chopin: Etudes Opp.10 & 25,1984-01-01,day,https://i.scdn.co/image/ab67616d0000b27323255140767b6d821e07c00f,2025-08-25T16:14:23
2489,Super Tecmo Bo,2021-12-17,day,https://i.scdn.co/image/ab67616d0000b273a671697e72456d41a848175f,2025-08-25T16:14:24
2490,Let the Sun Talk,2019-10-18,day,https://i.scdn.co/image/ab67616d0000b27378bd1454ccbb86ab168e1641,2025-08-25T16:14:24
2491,Son of Yvonne (Remixes),2017-12-22,day,https://i.scdn.co/image/ab67616d0000b273dc8138ca3d6cec39ecc3974e,2025-08-25T16:14:25
2492,&burn (with Vince Staples),2017-12-15,day,https://i.scdn.co/image/ab67616d0000b273f3425d012117543bf914c451,2025-08-25T16:14:26
2493,Vince Staples,2021-07-09,day,https://i.scdn.co/image/ab67616d0000b273ab1b13e7ec3ada8d31cdae8b,2025-08-25T16:14:26
2494,Scar Tissue,2024-05-03,day,https://i.scdn.co/image/ab67616d0000b273588b71e2bee73276c107fe23,2025-08-25T16:14:27
2495,Ghostface Killahs,2019-09-13,day,https://i.scdn.co/image/ab67616d0000b2738295ac4e7b39f64a0c77f50b,2025-08-25T16:14:27
2497,They Reminisce Over You,2019-09-27,day,https://i.scdn.co/image/ab67616d0000b273840187f51242cdc268d4285b,2025-08-25T16:14:29
2498,Mad Max: Fury Road (Original Motion Picture Soundtrack) [Deluxe Version],2015-05-12,day,https://i.scdn.co/image/ab67616d0000b273dfb1b8cdea6d2fb174121075,2025-08-25T16:14:30
2499,Dmitri Shostakovich: Dances of the Dolls: V. Scherzwalzer,2023-09-29,day,https://i.scdn.co/image/ab67616d0000b273a444a1b5bde4ae23cbe774d5,2025-08-25T16:14:30
2500,Don't Sweat The Technique,1992-06-23,day,https://i.scdn.co/image/ab67616d0000b273d552416cafb8792b442655b2,2025-08-25T16:14:32
2502,1st Infantry,2004-09-21,day,https://i.scdn.co/image/ab67616d0000b2738da43ddb376f3d08caf40094,2025-08-25T16:14:32
2503,Dark Times,2024-05-24,day,https://i.scdn.co/image/ab67616d0000b2732129eda0ae3c8426c3d4dc7d,2025-08-25T16:14:33
2504,In The Beginning: Before The Heavens,2017-10-20,day,https://i.scdn.co/image/ab67616d0000b2730d9d0b44bf4962a5a602876e,2025-08-25T16:14:34
2505,Big Fish Theory,2017-06-23,day,https://i.scdn.co/image/ab67616d0000b2737ba7b4d23c717f3211717946,2025-08-25T16:14:35
2506,No Face,2024-05-31,day,https://i.scdn.co/image/ab67616d0000b273e3df38544e7cc00a9490f7f6,2025-08-25T16:14:35
2507,The Nat King Cole Story,1961-09-25,day,https://i.scdn.co/image/ab67616d0000b273deac5adf07affb5fec422701,2025-08-25T16:14:36
2508,Sinatra's Swingin' Session!!! And More (Remastered / Expanded Edition),1961-01-01,year,https://i.scdn.co/image/ab67616d0000b273834431f515ee8a5ac5a845b2,2025-08-25T16:14:37
2509,In The Digital Mood,1983-07-20,day,https://i.scdn.co/image/ab67616d0000b27340c12dd7a124d694eb74c48a,2025-08-25T16:14:37
2510,Candlelight Miller,1997-07-07,day,https://i.scdn.co/image/ab67616d0000b273c97c433a43aefbf003b499ae,2025-08-25T16:14:38
2511,In The Mood,2013-11-01,day,https://i.scdn.co/image/ab67616d0000b273ccf183117aad1bf3c72eeacb,2025-08-25T16:14:38
2512,Dance Orchestra,1998-04-22,day,https://i.scdn.co/image/ab67616d0000b273e065f8c0786fcd2352e7c966,2025-08-25T16:14:39
2513,Not Fade Away: The Complete Studio Recordings And More,2008-01-14,day,https://i.scdn.co/image/ab67616d0000b2739065708b79ebacc9afa65302,2025-08-25T16:14:40
2514,Right On Time,2024-05-10,day,https://i.scdn.co/image/ab67616d0000b2730f403fd81b3454dac56574eb,2025-08-25T16:14:40
2515,all will be well,2022-02-17,day,https://i.scdn.co/image/ab67616d0000b27347630e97c96433d9e04366a3,2025-08-25T16:14:41
2516,mynameisnt,2024-05-29,day,https://i.scdn.co/image/ab67616d0000b27383e5871362a20a990764be68,2025-08-25T16:14:41
2517,BUBBA,2019-12-13,day,https://i.scdn.co/image/ab67616d0000b2732b9aca3204e667980ce6a939,2025-08-25T16:14:42
2518,high kick,2024-05-01,day,https://i.scdn.co/image/ab67616d0000b273072fdbace5fafc31021669af,2025-08-31T20:17:02
2519,After Fillmore County,2020-10-16,day,https://i.scdn.co/image/ab67616d0000b273d2987ee011faf3e30ab179fc,2025-08-25T16:14:43
2520,SUPER SPORT,2022-11-11,day,https://i.scdn.co/image/ab67616d0000b273265afc23d6105ad86aeb1bef,2025-08-25T16:14:43
2521,WEARY,2024-05-08,day,https://i.scdn.co/image/ab67616d0000b273b652de93997c7d1f6b97972c,2025-08-25T16:14:44
2522,"Heads I Win, Tails You Lose",2024-04-19,day,https://i.scdn.co/image/ab67616d0000b27312d3962cf62fe44a5519543c,2025-08-25T16:14:44
2523,HOT ONE (with TiaCorine & A$AP Ferg),2024-06-05,day,https://i.scdn.co/image/ab67616d0000b273d7b213a95d81062514a98579,2025-08-25T16:14:45
2524,Set The Tone (Guns & Roses),2024-05-10,day,https://i.scdn.co/image/ab67616d0000b27315e071b697e64d0433f61002,2025-08-25T16:14:46
2525,the weather is warmer,2022-12-09,day,https://i.scdn.co/image/ab67616d0000b27365f7cac099ef955b1df34453,2025-08-25T16:14:46
2526,Wise Up,2024-05-22,day,https://i.scdn.co/image/ab67616d0000b2737c0b3d3044f79e8a3f2d6f5d,2025-08-25T16:14:47
2527,Hi-Teknology,2020-01-08,day,https://i.scdn.co/image/ab67616d0000b273e4b5ea6450747ba9e7773f20,2025-08-25T16:14:48
2528,"Revolutionary, Vol. 1",2001-09-14,day,https://i.scdn.co/image/ab67616d0000b273c0eaea2fcf6cea1801c770cd,2025-08-25T16:14:48
2529,Rap Superstars,2022-04-22,day,https://i.scdn.co/image/ab67616d0000b273310ab2404d968fce853cf026,2025-08-25T16:14:49
2530,J-88,2009-04-15,day,https://i.scdn.co/image/ab67616d0000b273fa4c265d11248bc5385ae30a,2025-08-25T16:14:50
2531,Dreamin',2024-06-11,day,https://i.scdn.co/image/ab67616d0000b273729135aeb760b54de096c30f,2025-08-25T16:14:51
2532,HIT ME HARD AND SOFT,2024-05-17,day,https://i.scdn.co/image/ab67616d0000b27371d62ea7ea8a5be92d3c1f62,2025-08-25T16:14:51
2533,Homegrown,2022-04-20,day,https://i.scdn.co/image/ab67616d0000b27340d869ff08da83cae198bc0e,2025-08-25T16:14:52
2534,Lou's Tune,2021-09-10,day,https://i.scdn.co/image/ab67616d0000b27304d0546a0354f782b5b7962d,2025-08-25T16:14:52
2535,The Kings Of Dog Town,2024-02-22,day,https://i.scdn.co/image/ab67616d0000b2736b1cf3499854f07f6eadad29,2025-08-25T16:14:53
2536,BUNKER/PREROLL,2022-02-25,day,https://i.scdn.co/image/ab67616d0000b27367d8132be6d64ca19ade4d4f,2025-08-25T16:14:54
2537,Still Striving,2017-08-18,day,https://i.scdn.co/image/ab67616d0000b273d79cfa3155b50beb5dbeeb9a,2025-08-25T16:14:54
2538,BRAT,2024-06-07,day,https://i.scdn.co/image/ab67616d0000b273c5c6772d1d98b2d0f3a69e37,2025-08-25T16:14:55
2539,This Thing Of Ours 2,2021-10-08,day,https://i.scdn.co/image/ab67616d0000b273feb253fe0c3818cec0718519,2025-08-25T16:14:55
2540,Pinball,2024-03-06,day,https://i.scdn.co/image/ab67616d0000b2737f644edd653a88caa7cab7ae,2025-08-25T16:14:56
2541,Dead Or Alive,2015-09-18,day,https://i.scdn.co/image/ab67616d0000b2738aeaad8a9e6ba28cdc3d4f5a,2025-08-25T16:14:56
2542,Fleurever,2018-07-27,day,https://i.scdn.co/image/ab67616d0000b273946c290233d02b3b3b290952,2025-08-25T16:14:57
2543,Escape Cycle,2023-08-25,day,https://i.scdn.co/image/ab67616d0000b273d19e33e41958900194c7e27b,2025-08-25T16:14:58
2544,KARMA (With Jazz Cartier),2022-11-11,day,https://i.scdn.co/image/ab67616d0000b273d6966727e132b06ef0c91a62,2025-08-25T16:14:58
2545,Hornography,2022-05-03,day,https://i.scdn.co/image/ab67616d0000b273b79a06a3bcd09bb8ca605e93,2025-08-25T16:14:59
2546,All Kind Of Ideas,2024-06-27,day,https://i.scdn.co/image/ab67616d0000b27320ea34575f81c937b88d97c2,2025-08-25T16:14:59
2547,The Gold Lining,2016-03-08,day,https://i.scdn.co/image/ab67616d0000b2736a34e65a414e4036bb4eed9e,2025-08-25T16:15:00
2549,None Of The Clocks Work,2017-03-30,day,https://i.scdn.co/image/ab67616d0000b273c0cbb42913ff851a6bbe5af8,2025-08-25T16:15:01
2550,Pz Don't Trip,2023-07-12,day,https://i.scdn.co/image/ab67616d0000b273ebc7d3e950806b92b4cc3b76,2025-08-25T16:15:02
2551,Tobey (feat. Big Sean and BabyTron),2024-07-02,day,https://i.scdn.co/image/ab67616d0000b273133d7c014b5bec0d7eea09b7,2025-08-25T16:15:02
2552,Just Lose It,2004-01-01,day,https://i.scdn.co/image/ab67616d0000b273b6ef2ebd34efb08cb76f6eec,2025-08-25T16:15:03
2553,War in the East,2018-01-20,day,https://i.scdn.co/image/ab67616d0000b273a14fb74e826498682a18c582,2025-08-25T16:15:04
2554,Victory,2017-02-17,day,https://i.scdn.co/image/ab67616d0000b273b4c24238b61e78152b6a83a5,2025-08-25T16:15:04
2555,Renaissance,2017-05-19,day,https://i.scdn.co/image/ab67616d0000b2739d4150b9f8a44d07774dd78f,2025-08-25T16:15:05
2556,The Fleur Print,2021-09-10,day,https://i.scdn.co/image/ab67616d0000b2739460e8f114ec57fb906bb899,2025-08-25T16:15:05
2557,Ring,2016-04-04,day,https://i.scdn.co/image/ab67616d0000b273ac3ecba8de74b6b4ed5ccf7e,2025-08-25T16:15:06
2558,The Death of Slim Shady (Coup De Grâce),2024-07-12,day,https://i.scdn.co/image/ab67616d0000b2731633c43b5695735f7de36487,2025-08-25T16:15:07
2559,Peerless,2024-07-05,day,https://i.scdn.co/image/ab67616d0000b2737dc052b88795fda70bb06d5d,2025-08-25T16:15:07
2560,A Grand Don't Come for Free,2004-01-01,year,https://i.scdn.co/image/ab67616d0000b27374290c97025b6dd73aca4cd7,2025-08-25T16:15:08
2561,Relapse [Deluxe],2009-05-15,day,https://i.scdn.co/image/ab67616d0000b273f135bf1dee323e1aef89ffbf,2025-08-25T16:15:08
2562,The Auditorium Vol. 1,2024-07-12,day,https://i.scdn.co/image/ab67616d0000b273626b6b651eb24b8c2aa71ea0,2025-08-25T16:15:09
2564,Curtain Call: The Hits (Deluxe Edition),2005-12-06,day,https://i.scdn.co/image/ab67616d0000b273eab40fc794b88b9d1e012578,2025-08-25T16:15:10
2565,King Of The Mischievous South Vol. 2,2024-07-19,day,https://i.scdn.co/image/ab67616d0000b2733fb9700186c245ff1f85b0fc,2025-08-25T16:15:10
2566,FEET OF CLAY,2019-11-01,day,https://i.scdn.co/image/ab67616d0000b2731fab037626d29339dd28b74e,2025-08-25T16:15:11
2567,HOODLUMZ (with PlayThatBoiZay & A$AP Rocky),2024-07-16,day,https://i.scdn.co/image/ab67616d0000b273789dcfadec76a4c4634cd68b,2025-08-25T16:15:11
2858,Care Package,2019-08-02,day,https://i.scdn.co/image/ab67616d0000b2739c1e02d4becb7c5bbca01e2a,2025-08-25T16:18:17
2568,BLACK FLAG FREESTYLE (with That Mexican OT),2024-06-25,day,https://i.scdn.co/image/ab67616d0000b273ce93fe3a46c1e71c858e22fb,2025-08-25T16:15:12
2569,Hotel California (2013 Remaster),1976-12-08,day,https://i.scdn.co/image/ab67616d0000b2734637341b9f507521afa9a778,2025-08-25T16:15:13
2570,You Don't Mess Around With Jim,1972-04-01,day,https://i.scdn.co/image/ab67616d0000b2735b7a6cabbcb9fe150966563c,2025-08-25T16:15:13
2571,Djangologie Vol9 / 1939 - 1940,1970-01-01,year,https://i.scdn.co/image/ab67616d0000b2737218d1e7d437fbe1f851e577,2025-08-25T16:15:14
2572,Rachmaninov: Piano Concerto No.2,2012-01-01,day,https://i.scdn.co/image/ab67616d0000b2738e6adfe4421d106633abde7b,2025-08-25T16:15:14
2573,Heart Shaped World,1989-06-13,day,https://i.scdn.co/image/ab67616d0000b273b66c23534dd78ff7d3da83b8,2025-08-25T16:15:15
2574,Please Don't Cry,2024-05-17,day,https://i.scdn.co/image/ab67616d0000b2734a6951c62cc01153fdd22052,2025-08-25T16:15:16
2575,HIGHJACK,2024-08-02,day,https://i.scdn.co/image/ab67616d0000b273b1c42af52ff03037bbe5956a,2025-08-25T16:15:16
2576,Beethoven: Symphony No.9,1984-01-01,day,https://i.scdn.co/image/ab67616d0000b27322070c61a7616392f04f070f,2025-08-25T16:15:17
2577,Shapes,2004-01-01,day,https://i.scdn.co/image/ab67616d0000b27346d70c803f31af23b13001ec,2025-08-25T16:15:18
2578,Dance Of The Blessed Spirits,1998-06-01,day,https://i.scdn.co/image/ab67616d0000b273c222ae67eaaeb52d0cc911d6,2025-08-25T16:15:19
2579,"Nuvole Bianche (For Cello, Piano and String)",2020-03-28,day,https://i.scdn.co/image/ab67616d0000b273ef17e11d23fcd3973a260b58,2025-08-25T16:15:19
2580,The Answers,2021-08-08,day,https://i.scdn.co/image/ab67616d0000b273c3f4f42dcb029276273a8776,2025-08-25T16:15:20
2581,Timeless,2016-11-15,day,https://i.scdn.co/image/ab67616d0000b2733a358cfd53c93feb85e2a2f6,2025-08-25T16:15:20
2582,Classic,2020-02-07,day,https://i.scdn.co/image/ab67616d0000b273574875c8196e704ca79605c7,2025-08-25T16:15:21
2583,"Takemitsu, Hindemith, Janáček, Silvestrov: Five Pieces",2011-09-23,day,https://i.scdn.co/image/ab67616d0000b2733ca67c1056118f129863b108,2025-08-25T16:15:22
2584,ask the river,2020-05-08,day,https://i.scdn.co/image/ab67616d0000b273dfad16d1c41af9c66f533b9d,2025-08-25T16:15:22
2585,Cimarosa: Sonata No. 42 in D Minor (Arr. Ólafsson),2021-07-16,day,https://i.scdn.co/image/ab67616d0000b27324560dbaf424c12756426d7c,2025-08-25T16:15:23
2586,"Silvestrov: Leggiero, Pesante",2002-02-19,day,https://i.scdn.co/image/ab67616d0000b273a395416b459af3467dbee918,2025-08-25T16:15:24
2587,some kind of peace — piano reworks,2022-10-28,day,https://i.scdn.co/image/ab67616d0000b2736d936266ea0bafe8ef16c692,2025-08-25T16:15:24
2588,"Pachelbel: Canon; Albinoni: Adagio; Bach: Jesu, Joy of Man's Desiring; more",1960-01-01,year,https://i.scdn.co/image/ab67616d0000b273cbb8cf21f6edb064160c8702,2025-08-25T16:15:25
2589,Essential Cello,2010-01-15,day,https://i.scdn.co/image/ab67616d0000b27380ab6a0a66cdb0da2a8afa79,2025-08-25T16:15:26
2590,Piano Songbook,2021-04-09,day,https://i.scdn.co/image/ab67616d0000b27357e07841cc7dc776e9647943,2025-08-25T16:15:26
2591,Emotions,2020-11-06,day,https://i.scdn.co/image/ab67616d0000b2734fc04a4cbdc924b27561460d,2025-08-25T16:15:27
2592,Chopin: Ballades / Berceuse Op. 57 / Fantasie Op. 49,1992-10-30,day,https://i.scdn.co/image/ab67616d0000b2738d471ef73285084467105e7c,2025-08-25T16:15:28
2593,Frédéric Chopin 24 Etudes,2020-03-01,day,https://i.scdn.co/image/ab67616d0000b2733509fdd2dadc9953fbd4c77b,2025-08-25T16:15:28
2594,"Grieg: Piano Music, Vol. 10",1995-12-01,day,https://i.scdn.co/image/ab67616d0000b273e9fae6a048104de68fa574d0,2025-08-25T16:15:29
2595,meet the grahams,2024-05-03,day,https://i.scdn.co/image/ab67616d0000b273ba8b74f6b8523c328be1bdd2,2025-08-25T16:15:29
2596,Perdu in Peru,2024-05-31,day,https://i.scdn.co/image/ab67616d0000b273a57e46dd847ba389ef8c7435,2025-08-25T16:15:30
2597,"LONERWRLD, vol 1",2023-09-22,day,https://i.scdn.co/image/ab67616d0000b2732585039024ca8b5486a866b3,2025-08-25T16:15:31
2598,gristle,2020-04-28,day,https://i.scdn.co/image/ab67616d0000b273bd130835eb6698c9b3bf281f,2025-08-25T16:15:31
2599,bleach,2020-03-19,day,https://i.scdn.co/image/ab67616d0000b273d36b9afde0abd94b246db3c2,2025-08-25T16:15:32
2600,mangalica mink,2022-12-02,day,https://i.scdn.co/image/ab67616d0000b273bdb03f2318b0bc33958909b4,2025-08-25T16:15:32
2601,The Price Of Tea In China,2020-02-07,day,https://i.scdn.co/image/ab67616d0000b27313e67ecfb1a638b48c49785c,2025-08-25T16:15:33
2602,DEADMAN,2018-01-01,day,https://i.scdn.co/image/ab67616d0000b273a0437f18d9d93f0b257a54c8,2025-08-25T16:15:34
2603,"Laughing so Hard, it Hurts",2022-10-14,day,https://i.scdn.co/image/ab67616d0000b273ee78446a9cbf2cc334341782,2025-08-25T16:15:34
2604,Alfredo,2020-05-29,day,https://i.scdn.co/image/ab67616d0000b27352c24049a16d59e98a638651,2025-08-25T16:15:35
2605,"head.rap (ft. Madison McFerrin, Ogi, Jordan Ward)",2024-04-26,day,https://i.scdn.co/image/ab67616d0000b27369cc7ca241749d436c433b77,2025-08-25T16:15:35
2606,Pat Garrett & Billy The Kid (Soundtrack From The Motion Picture),1973-07-13,day,https://i.scdn.co/image/ab67616d0000b2736c86683d20c72e3874c11c6d,2025-08-25T16:15:36
2607,Few Good Things,2022-02-04,day,https://i.scdn.co/image/ab67616d0000b273328f39a660c26d706e7f069b,2025-08-25T16:15:37
2608,Bucket List Project,2016-10-27,day,https://i.scdn.co/image/ab67616d0000b273819c0f21cca81b0088bed05d,2025-08-25T16:15:37
2609,One Foot,2018-10-09,day,https://i.scdn.co/image/ab67616d0000b2738b5ef97ca8e2fd4c86b809d8,2025-08-25T16:15:38
2610,Gratuity,2022-09-30,day,https://i.scdn.co/image/ab67616d0000b2732ab90eb8d5e2c9de1d97b3e2,2025-08-25T16:15:39
2611,3000°,2022-06-17,day,https://i.scdn.co/image/ab67616d0000b27353ccc4159b68ce20e5532128,2025-08-25T16:15:40
2612,Hard 2 Face Reality,2018-04-06,day,https://i.scdn.co/image/ab67616d0000b273108c4070e0cff83b55d67370,2025-08-25T16:15:40
2613,Sleepers,2005-02-08,day,https://i.scdn.co/image/ab67616d0000b273330eb88bf7123659541aacfc,2025-08-25T16:15:41
2614,Safar,2019-09-13,day,https://i.scdn.co/image/ab67616d0000b273d78de6f476f212b753cc5b22,2025-08-25T16:15:41
2615,002 / LOVE ME,2018-09-21,day,https://i.scdn.co/image/ab67616d0000b273d2992c44b9bef6dc1c885543,2025-08-25T16:15:42
2616,Glasshead,2023-02-17,day,https://i.scdn.co/image/ab67616d0000b27357261f94f1a5d2595f6cc29f,2025-08-25T16:15:43
2617,Woah,2021-08-16,day,https://i.scdn.co/image/ab67616d0000b2734607739aa454544983720245,2025-08-25T16:15:43
2618,Special (feat. Rexx Life Raj & Jazz Cartier),2017-07-21,day,https://i.scdn.co/image/ab67616d0000b273c995f48c5dcf4e54674e8511,2025-08-25T16:15:44
2619,Lowkey Superstar (Deluxe),2021-09-24,day,https://i.scdn.co/image/ab67616d0000b273a56685cc3264869784dc151b,2025-08-25T16:15:44
2620,Shades Of Blue: Madlib Invades Blue Note,2003-06-24,day,https://i.scdn.co/image/ab67616d0000b2735b5fd439a9153812a169877e,2025-08-25T16:15:45
2621,"Chopin: 24 Études, Op. 10 & Op. 25 [Expanded Edition]",1985-01-01,year,https://i.scdn.co/image/ab67616d0000b273c8ea1c93c1c1a757d87d52fb,2025-08-25T16:15:46
2622,Chopin: Concertos Nos. 1 & 2,2019-02-22,day,https://i.scdn.co/image/ab67616d0000b273c072cabc1de31bc16913dc29,2025-08-25T16:15:47
2623,Chopin: Polonaises; Andante spianato;Minor Works,1999-01-01,day,https://i.scdn.co/image/ab67616d0000b2734a5928fe1cca32ff6c703f0f,2025-08-25T16:15:47
2624,Chopin: Piano Sonata No. 2 Op. 35 & 4 Scherzos,2007-02-05,day,https://i.scdn.co/image/ab67616d0000b2730849829861df634a57768dbf,2025-08-25T16:15:48
2625,#skeptacore pt.3,2023-11-08,day,https://i.scdn.co/image/ab67616d0000b2733118aa4f94859560763bbc74,2025-08-25T16:15:49
2626,Energy (Stay Far Away),2018-06-20,day,https://i.scdn.co/image/ab67616d0000b2735595a4c733f6db29d4b90cb5,2025-08-25T16:15:49
2627,"Not Waving, But Drowning",2019-04-19,day,https://i.scdn.co/image/ab67616d0000b273b8fc4ee31953f1133106d64a,2025-08-25T16:15:50
2628,hugo,2022-10-21,day,https://i.scdn.co/image/ab67616d0000b2730d7bd8c43a71910b53126b09,2025-08-25T16:15:50
2629,Yesterday's Gone,2017-01-20,day,https://i.scdn.co/image/ab67616d0000b27398ccb0cb6323cab21090467b,2025-08-25T16:15:51
2630,New Blue Sun,2023-11-17,day,https://i.scdn.co/image/ab67616d0000b2732c491831c6ffca54c8c48900,2025-08-25T16:15:52
2631,God Gave Me Feet For Dancing (feat. Yazmin Lacey),2024-06-18,day,https://i.scdn.co/image/ab67616d0000b2733be7b688c3a99df60e4f7fb5,2025-08-25T16:15:52
2632,Crazy Dream,2016-06-08,day,https://i.scdn.co/image/ab67616d0000b273211ae14dc95c58593bfd87a8,2025-08-25T16:15:53
2633,London Class,2020-09-11,day,https://i.scdn.co/image/ab67616d0000b27366cfde224b5464d880321dc4,2025-08-25T16:15:53
2634,Beat Tape 2,2015-08-28,day,https://i.scdn.co/image/ab67616d0000b273d4cdb7759a45b26332d6440a,2025-08-25T16:15:54
2635,Take It Slow (feat. Loyle Carner),2023-04-12,day,https://i.scdn.co/image/ab67616d0000b273902d60d5abea1937e2a5ee2a,2025-08-25T16:15:55
2636,I Wonder Why,2020-07-16,day,https://i.scdn.co/image/ab67616d0000b273db6f7c20d3a52b0d21eb74df,2025-08-25T16:15:55
2637,You Can't Steal My Joy,2019-04-26,day,https://i.scdn.co/image/ab67616d0000b2734c6cdbbeac774afd5b9014ef,2025-08-25T16:15:56
2638,Children Of The Internet (Remixes),2020-12-03,day,https://i.scdn.co/image/ab67616d0000b27352b047b3959d8a80fb52ad5c,2025-08-25T16:15:56
2639,Ajala,2024-04-24,day,https://i.scdn.co/image/ab67616d0000b2736e7b8641c2ea4d88d4291d11,2025-08-25T16:15:57
2640,Where I'm Meant To Be (Deluxe Edition),2024-03-08,day,https://i.scdn.co/image/ab67616d0000b273d6055818c095ec1f5efde670,2025-08-25T16:15:57
2641,Chapter 7,2016-04-20,day,https://i.scdn.co/image/ab67616d0000b273bc73c5685f1b82dd3c664610,2025-08-25T16:15:58
2642,Saturday Mornings (feat. Lil Wayne),2024-07-24,day,https://i.scdn.co/image/ab67616d0000b2735ee49ab49b7d8d263c8fb4cc,2025-08-25T16:15:59
2643,Baw Baw Black Sheep,2021-07-09,day,https://i.scdn.co/image/ab67616d0000b27373b33956bf36ebba57ab5528,2025-08-25T16:15:59
2644,Makaveli Returns,2024-08-16,day,https://i.scdn.co/image/ab67616d0000b2733ee6d8c0d56bc4f0a2df9369,2025-08-25T16:16:00
2645,The Lo-Fis,2020-12-04,day,https://i.scdn.co/image/ab67616d0000b273c3545bbe806b845c2b52bc20,2025-08-25T16:16:00
2646,It Is What It Is,2020-04-03,day,https://i.scdn.co/image/ab67616d0000b27323fb02f383f3bef16ab9d092,2025-08-25T16:16:01
2647,Shut up My Moms Calling,2020-02-10,day,https://i.scdn.co/image/ab67616d0000b273350ab7a839c04bfd5225a9f5,2025-08-25T16:16:02
2648,Some,2016-10-31,day,https://i.scdn.co/image/ab67616d0000b2737c0c6c1cfac7464b6211587d,2025-08-25T16:16:02
2649,The Ultimate Hip-Hop Running Album Vol.1,,day,,
2650,Love Is Blu,2024-08-16,day,https://i.scdn.co/image/ab67616d0000b2735667947d4dd80fc8f79e111a,2025-08-25T16:16:04
2651,Mr. Smith (Deluxe Edition),1995-11-21,day,https://i.scdn.co/image/ab67616d0000b27318a12da5d84a8f12312698ab,2025-08-25T16:16:05
2652,THE FORCE,2024-09-06,day,https://i.scdn.co/image/ab67616d0000b273c23198c887c04a3045e9ee92,2025-08-25T16:16:05
2653,Old English - Single,2014-07-01,day,https://i.scdn.co/image/ab67616d0000b273e3bcb574805dd75b9cf3bb70,2025-08-25T16:16:06
2654,Pluto x Baby Pluto,2020-11-13,day,https://i.scdn.co/image/ab67616d0000b273f2bd4389bafef16022139b57,2025-08-25T16:16:06
2655,Mama Said Knock You Out,1990-08-27,day,https://i.scdn.co/image/ab67616d0000b273ea56f049af3cd747595ca724,2025-08-25T16:16:08
2656,Ruby Rosary (feat. J. Cole),2024-09-06,day,https://i.scdn.co/image/ab67616d0000b273c9fbbcfa65fa28d55d59f088,2025-08-25T16:16:08
2657,TYLA,2024-03-22,day,https://i.scdn.co/image/ab67616d0000b273af0b5968b8bad3923b2ea76b,2025-08-25T16:16:09
2658,MICHAEL,2023-06-16,day,https://i.scdn.co/image/ab67616d0000b2730df6fde15c74b41449275c44,2025-08-25T16:16:09
2659,Walk Down Gang (Deluxe),2021-09-10,day,https://i.scdn.co/image/ab67616d0000b273c517b187ae8dd5721e48463f,2025-08-25T16:16:10
2660,Right Now,2015-08-28,day,https://i.scdn.co/image/ab67616d0000b2730c03e4738fcb86a72b1449dc,2025-08-25T16:16:10
2661,Melt My Eyez See Your Future (The Extended Edition),2022-09-30,day,https://i.scdn.co/image/ab67616d0000b273069dc0623d2e2ad7f10b6d3c,2025-08-25T16:16:11
2662,Zone,2017-02-10,day,https://i.scdn.co/image/ab67616d0000b27324edfdccd3e08c25d21c8452,2025-08-25T16:16:12
2663,Love (the) Ominous World,2024-09-20,day,https://i.scdn.co/image/ab67616d0000b2733ee5cc4213c88e6df73a513f,2025-08-25T16:16:12
2664,Golden Sax,2025-02-15,day,https://i.scdn.co/image/ab67616d0000b27374f54119b2588a93c5fffaf1,2025-08-25T16:16:13
2665,Fetty Wap,2015-09-25,day,https://i.scdn.co/image/ab67616d0000b273207dd27959f179f42b01ab18,2025-08-25T16:16:14
2666,Look At Me!,2017-02-20,day,https://i.scdn.co/image/ab67616d0000b27371af28545729f60b3eca66f7,2025-08-25T16:16:14
2668,The Wonder Years,2011-09-27,day,https://i.scdn.co/image/ab67616d0000b273878fdbe5118f66ab7dea3fd9,2025-08-25T16:16:16
2669,Music Is My Savior,2007-01-01,day,https://i.scdn.co/image/ab67616d0000b273ef4e6a5820969469d9878b35,2025-08-25T16:16:17
2670,Rack City,2011-01-01,day,https://i.scdn.co/image/ab67616d0000b273e78b64bb2c2f6895d5e5c0f2,2025-08-25T16:16:18
2671,100 GIGS,2024-08-30,day,https://i.scdn.co/image/ab67616d0000b273e955f0f0a0471ace604ecdf6,2025-08-25T16:16:18
2672,untitled 07 | levitate,2016-03-23,day,https://i.scdn.co/image/ab67616d0000b27395c7e3e167ae665f4a95bdf7,2025-08-25T16:16:19
2673,Loosing Myself,2014-01-01,year,https://i.scdn.co/image/ab67616d0000b273ae04b4df28823ff082af0d83,2025-08-25T16:16:20
2674,Peacemaker,2016-07-01,day,https://i.scdn.co/image/ab67616d0000b2730f19d9aea0b11fb0bcf9d3a2,2025-08-25T16:16:20
2675,Invasion of Privacy,2018-04-06,day,https://i.scdn.co/image/ab67616d0000b273a0caffda54afd0a65995bbab,2025-08-25T16:16:21
2676,No Flockin',2015-11-13,day,https://i.scdn.co/image/ab67616d0000b27318f77961dfb9d67895bd9ddb,2025-08-25T16:16:21
2677,My Turn,2020-05-01,day,https://i.scdn.co/image/ab67616d0000b27376a4577dd654bf457a4ad1f8,2025-08-25T16:16:22
2678,Jungle Rules,2017-07-14,day,https://i.scdn.co/image/ab67616d0000b2738a31195a371b2233456f6c07,2025-08-25T16:16:23
2679,WAP (feat. Megan Thee Stallion),2020-08-07,day,https://i.scdn.co/image/ab67616d0000b273c450c89d3eb750d3535b0a0c,2025-08-25T16:16:23
2680,One Beer,2024-10-08,day,https://i.scdn.co/image/ab67616d0000b273809f17e7d9277c262fceccce,2025-08-25T16:16:24
2681,Geography,2018-04-06,day,https://i.scdn.co/image/ab67616d0000b273abe203531eac29d17260966f,2025-08-25T16:16:25
2682,90s Underground Hip Hop,,day,,
2973,Carnival,2019-07-26,day,https://i.scdn.co/image/ab67616d0000b27302ab629d1ebd4f00f724062f,2025-08-25T16:19:29
2683,Crooklyn Volume 1 (Music From The Motion Picture),1994-01-16,day,https://i.scdn.co/image/ab67616d0000b27358eae281fedfd1f31472d6f2,2025-08-25T16:16:26
2684,Allure (feat. Future & Mike WiLL Made-It),2024-10-04,day,https://i.scdn.co/image/ab67616d0000b27349bada2b7f382453b798ff63,2025-08-25T16:16:27
2685,Young & Flexin,2013-10-22,day,https://i.scdn.co/image/ab67616d0000b2734714f6adfd41fb586e08c006,2025-08-25T16:16:27
2686,Hopes And Fears,2004-05-10,day,https://i.scdn.co/image/ab67616d0000b2737d6cd95a046a3c0dacbc7d33,2025-08-25T16:16:28
2687,Under The Iron Sea,2006-06-12,day,https://i.scdn.co/image/ab67616d0000b2732ebd3c8519497dc562f8f9aa,2025-08-25T16:16:29
2688,Strangeland,2012-05-07,day,https://i.scdn.co/image/ab67616d0000b273c953dab073662f0900f5ec22,2025-08-25T16:16:29
2689,Hopes And Fears (Deluxe Edition),2004-05-10,day,https://i.scdn.co/image/ab67616d0000b2738d175a2eed88b5cd85dab5aa,2025-08-25T16:16:30
2690,Tear Up This Town (From "A Monster Calls" Original Motion Picture Soundtrack),2016-09-23,day,https://i.scdn.co/image/ab67616d0000b273f3a6c792c5172c3a03f83f44,2025-08-25T16:16:30
2691,Punk,2021-10-15,day,https://i.scdn.co/image/ab67616d0000b273f8d415dab5ed7e3747bd38dd,2025-08-25T16:16:31
2693,Everybody Good?,2023-07-19,day,https://i.scdn.co/image/ab67616d0000b2733c9fe27ada92ad0769916959,2025-08-25T16:16:32
2694,#Maxo187,2015-03-05,day,https://i.scdn.co/image/ab67616d0000b273dde6bf90767269f0c1f5b4a7,2025-08-25T16:16:33
2695,Hot Soup,2008-07-01,day,https://i.scdn.co/image/ab67616d0000b27333945568b8f585a1a588b257,2025-08-25T16:16:33
2696,Ella and Louis,1956-10-01,day,https://i.scdn.co/image/ab67616d0000b273bbe653db27f7711379f92fc5,2025-08-25T16:16:34
2697,Ella Fitzgerald Sings The Duke Ellington Song Book,1957-01-01,day,https://i.scdn.co/image/ab67616d0000b2738e3a9f279b45bc0b7a0e9995,2025-08-25T16:16:35
2698,High Off Life,2020-05-15,day,https://i.scdn.co/image/ab67616d0000b273935d8d5369bc55e74a39303e,2025-08-25T16:16:35
2700,CHROMAKOPIA,2024-10-28,day,https://i.scdn.co/image/ab67616d0000b273124e9249fada4ff3c3a0739c,2025-08-25T16:16:37
2701,The Cold Vein (Remixed by 3: 33),2014-12-09,day,https://i.scdn.co/image/ab67616d0000b273814eb97996ed6583b58df2a6,2025-08-25T16:16:37
2702,T Pain Remix (Feat. T-Pain),2024-10-11,day,https://i.scdn.co/image/ab67616d0000b273053165ba711bdaec8e39cc65,2025-08-25T16:16:38
2703,11,2024-10-31,day,https://i.scdn.co/image/ab67616d0000b2730841f0a6cbf2406af964c337,2025-08-25T16:16:38
2704,Simon Says,1999-10-19,day,https://i.scdn.co/image/ab67616d0000b2730110f5b07234c3961e71f97c,2025-08-25T16:16:39
2705,Rehab (Remixes & B Sides),2015-07-03,day,https://i.scdn.co/image/ab67616d0000b273e1faab5df4518334413531ba,2025-08-25T16:16:39
2706,Reanimation,2002-01-01,year,https://i.scdn.co/image/ab67616d0000b27375558b354b8b884870cdf3d5,2025-08-25T16:16:40
2707,Dat's That Shit! (An Exclusive Collection of Rare Instrumentals from the Dat Vault),2015-10-23,day,https://i.scdn.co/image/ab67616d0000b273995d80210673ed68ad390192,2025-08-25T16:16:41
2708,Music and Me,2001-12-04,day,https://i.scdn.co/image/ab67616d0000b2739fb43ff89995801c3857d201,2025-08-25T16:16:41
2709,The Equinox,1997-01-01,day,https://i.scdn.co/image/ab67616d0000b273ae1b243d689372088c1c712e,2025-08-25T16:16:42
2710,Trophies,2012-05-01,day,https://i.scdn.co/image/ab67616d0000b273f8aa293c05e8485e8d9fdc2c,2025-08-25T16:16:42
2711,Dice Game,2012-11-13,day,https://i.scdn.co/image/ab67616d0000b2730096d6a2feb1adac2bf77848,2025-08-25T16:16:44
2712,Super What?,2021-05-07,day,https://i.scdn.co/image/ab67616d0000b273c81512cf4ad12711299b94ea,2025-08-25T16:16:45
2713,Czarface Meets Metal Face,2018-03-30,day,https://i.scdn.co/image/ab67616d0000b2736bc240551be44f15bb2bf596,2025-08-25T16:16:46
2714,DIRTY LITTLE SECRET,2024-09-20,day,https://i.scdn.co/image/ab67616d0000b273ec986c9ffb3a50b5f987d8a8,2025-08-25T16:16:47
2715,DAROLD,2024-11-08,day,https://i.scdn.co/image/ab67616d0000b2739cb5726e91eb2a840a89cdcb,2025-08-25T16:16:48
2716,Know No Better,2024-11-08,day,https://i.scdn.co/image/ab67616d0000b2731ec111a57ed9349098620bac,2025-08-25T16:16:48
2717,Los Pollos Hermanos,2024-10-18,day,https://i.scdn.co/image/ab67616d0000b273dba2b3c69aa42cb593b29f95,2025-08-25T16:16:49
2718,Syrup Sandwiches (feat. Joey Bada$$),2024-11-07,day,https://i.scdn.co/image/ab67616d0000b273ceba0beb233ece03ae11844d,2025-08-25T16:16:50
2719,DADADOO,2024-10-04,day,https://i.scdn.co/image/ab67616d0000b27318fd2c1b0c272c2a7cde9878,2025-08-25T16:16:50
2720,The Crossroads,2024-11-15,day,https://i.scdn.co/image/ab67616d0000b273d605579f78f5c7480b37a300,2025-08-25T16:16:51
2721,The Come Up Mixtape Vol. 1,2007-05-04,day,https://i.scdn.co/image/ab67616d0000b273b235ba293448a0943e3ae2bf,2025-08-25T16:16:51
2722,KISS THE RING,2022-09-30,day,https://i.scdn.co/image/ab67616d0000b273086d862361ecc06b80898cc8,2025-08-25T16:16:52
2723,the color grey.,2022-12-20,day,https://i.scdn.co/image/ab67616d0000b27330ec6bbc12d278273bf4326a,2025-08-25T16:16:53
2725,The Tale of The Princess Kaguya Soundtrack,2013-11-20,day,https://i.scdn.co/image/ab67616d0000b2733b1e604afbc923f677456d7d,2025-08-25T16:16:53
2726,My Neighbor Totoro Sound Book,1988-01-01,year,https://i.scdn.co/image/ab67616d0000b2734f99062a360ed511c4d34678,2025-08-25T16:16:54
2727,FREEDOM PIANO STORIES 4,2005-01-26,day,https://i.scdn.co/image/ab67616d0000b27333ea9fb3fd69bca55a015229,2025-08-25T16:16:54
2728,In the Wind,2015-02-20,day,https://i.scdn.co/image/ab67616d0000b2734a9c3e5ff022dbad1e549465,2025-08-25T16:16:55
2729,・・・・for Piano,2019-09-02,day,https://i.scdn.co/image/ab67616d0000b2739279c66a0677872a9900a187,2025-08-25T16:16:56
2730,Genshin Impact - City of Winds and Idylls (Original Game Soundtrack),2020-09-28,day,https://i.scdn.co/image/ab67616d0000b273fd948e98a2fba6e8b22cb873,2025-08-25T16:16:56
2731,"Waltz No. 1, Op. 6 ""Collapse""",2020-07-03,day,https://i.scdn.co/image/ab67616d0000b273df94e55b79056f080ec81e22,2025-08-25T16:16:57
2732,From Up On Poppy Hill Soundtrack,2011-07-13,day,https://i.scdn.co/image/ab67616d0000b273960d6a1107245b7b70725b9f,2025-08-25T16:16:57
2733,Unwind,2013-09-18,day,https://i.scdn.co/image/ab67616d0000b273c682410ddb9be0beb2d0c9fb,2025-08-25T16:16:58
2734,Anime and Game on Piano,2018-12-03,day,https://i.scdn.co/image/ab67616d0000b273b309a6b3f2a08a36870ce147,2025-08-25T16:16:59
2735,Only Yesterday Original Soundtrack,1991-01-01,year,https://i.scdn.co/image/ab67616d0000b273fda59b9def4055642220404d,2025-08-25T16:16:59
2736,Z,2014-04-08,day,https://i.scdn.co/image/ab67616d0000b27332f1a3721efb2ddfb91b9c82,2025-08-25T16:17:00
2737,Ctrl (Deluxe),2022-06-09,day,https://i.scdn.co/image/ab67616d0000b2731882add8fd275c04e322027d,2025-08-25T16:17:01
2738,Swing My Way,2024-12-13,day,https://i.scdn.co/image/ab67616d0000b273a62832684b6b0abacb9d9525,2025-08-25T16:17:02
2739,Missionary (with Instrumentals),2024-12-16,day,https://i.scdn.co/image/ab67616d0000b273cf5667a5677ab4fb025f2dd1,2025-08-25T16:17:02
2740,BLAH,2024-11-01,day,https://i.scdn.co/image/ab67616d0000b2734d07059cb06a4d952e0a7440,2025-08-25T16:17:03
2741,VAMPIRES IMPERSONATING PEOPLE,2024-12-13,day,https://i.scdn.co/image/ab67616d0000b273c0144bb895a2580851be2e3c,2025-08-25T16:17:04
2742,You Can't Stop the Reign,2024-06-28,day,https://i.scdn.co/image/ab67616d0000b2734acfe589439f47093312d9cb,2025-08-25T16:17:04
2743,Destroy & Rebuild,2014-10-21,day,https://i.scdn.co/image/ab67616d0000b2733283897f024bc0cd72227ffe,2025-08-25T16:17:05
2744,Merry Christmas,1994-10-28,day,https://i.scdn.co/image/ab67616d0000b2734246e3158421f5abb75abc4f,2025-08-25T16:17:06
2745,...But Seriously (2016 Remaster),1989-11-20,day,https://i.scdn.co/image/ab67616d0000b2738042003320e8a38e59624846,2025-08-25T16:17:06
2746,Street Songs (Deluxe Edition),1981-04-07,day,https://i.scdn.co/image/ab67616d0000b27317f9e7e7784ed40b223e261c,2025-08-25T16:17:07
2747,Back To Front,1992-01-01,day,https://i.scdn.co/image/ab67616d0000b273a47127db3e929f64a2795666,2025-08-25T16:17:07
2748,Arrival,1976-01-01,year,https://i.scdn.co/image/ab67616d0000b27370f7a1b35d5165c85b95a0e0,2025-08-25T16:17:08
2749,Substance,1987-08-17,day,https://i.scdn.co/image/ab67616d0000b2733c182241fcd86aeca2c68a63,2025-08-25T16:17:09
2750,Everybody Loves The Sunshine (Reissue),1976-05-12,day,https://i.scdn.co/image/ab67616d0000b273df636d19d4b1759a55490d43,2025-08-25T16:17:09
2751,Mouth To Mouth,1979-11-01,day,https://i.scdn.co/image/ab67616d0000b273a5296d028b3e255aec56fc3c,2025-08-25T16:17:10
2752,Break Out,1983-11-06,day,https://i.scdn.co/image/ab67616d0000b273892a6e0085d9d47cc796c545,2025-08-25T16:17:10
2753,In The Groove,1968-08-26,day,https://i.scdn.co/image/ab67616d0000b273aff6573c5110e0732fbab3d8,2025-08-25T16:17:11
2754,BEYONCÉ [Platinum Edition],2014-11-24,day,https://i.scdn.co/image/ab67616d0000b2730d1d6e9325275f104f8e33f3,2025-08-25T16:17:12
2755,Quiet Life,1979-01-01,year,https://i.scdn.co/image/ab67616d0000b273566589367f878d9717819bc0,2025-08-25T16:17:12
2756,Off the Wall,1979-08-10,day,https://i.scdn.co/image/ab67616d0000b2737027294551db4fda68b5ddac,2025-08-25T16:17:13
2757,Thriller,1982-11-30,day,https://i.scdn.co/image/ab67616d0000b273de437d960dda1ac0a3586d97,2025-08-25T16:17:13
2758,High No More,2021-09-24,day,https://i.scdn.co/image/ab67616d0000b27371097486bd5447276fec6f4a,2025-08-25T16:17:14
2760,We Are Family (1995 Remaster),1995-01-01,year,https://i.scdn.co/image/ab67616d0000b273f66d92378b233aa8253e71d2,2025-08-25T16:17:15
2761,Version,2007-04-16,day,https://i.scdn.co/image/ab67616d0000b2736a5beb0500ad6e3b0f7aea22,2025-08-25T16:17:16
2762,Can't Stop the Music (Original Soundtrack 1980),1980-01-01,year,https://i.scdn.co/image/ab67616d0000b2732f38aff220050371b43eb57e,2025-08-25T16:17:16
2763,Disney Songs The Satchmo Way,1968-01-01,year,https://i.scdn.co/image/ab67616d0000b273ea22d2b9303e2eb3d15d8f95,2025-08-25T16:17:17
2764,Come Around and Love Me,2023-09-08,day,https://i.scdn.co/image/ab67616d0000b273753a720a9845b697d8a120f6,2025-08-25T16:17:17
2765,APT.,2024-10-18,day,https://i.scdn.co/image/ab67616d0000b27336032cb4acd9df050bc2e197,2025-08-25T16:17:18
2766,rosie,2024-12-06,day,https://i.scdn.co/image/ab67616d0000b2735074bd0894cb1340b8d8a678,2025-08-25T16:17:19
2767,24K Magic,2016-11-17,day,https://i.scdn.co/image/ab67616d0000b273232711f7d66a1e19e89e28c5,2025-08-25T16:17:19
2768,SUPER REAL ME,2024-03-25,day,https://i.scdn.co/image/ab67616d0000b273f037c5fb9de6c78726cb8e2c,2025-08-25T16:17:20
2769,Viva La Vida or Death and All His Friends,2008-06-12,day,https://i.scdn.co/image/ab67616d0000b273be592342bbc8e3bfce593b16,2025-08-25T16:17:20
2770,Die Lit,2018-05-11,day,https://i.scdn.co/image/ab67616d0000b273a1e867d40e7bb29ced5c0194,2025-08-25T16:17:21
2771,Dont Wanna C Me Rich,2024-11-26,day,https://i.scdn.co/image/ab67616d0000b2730df3df2df30cbe3517437925,2025-08-25T16:17:22
2772,No Recognition,2022-06-25,day,https://i.scdn.co/image/ab67616d0000b2736cd2ee5b526d6ef64c2c2da5,2025-08-25T16:17:22
2773,Melhores Músicas Internacionais 2024 e 2025,2024-12-20,day,https://i.scdn.co/image/ab67616d0000b273f58a4b49b39270cf020ddd04,2025-08-25T16:17:23
2774,SOS Deluxe: LANA,2024-12-20,day,https://i.scdn.co/image/ab67616d0000b2737f5a318e3ff35defa8d0e4af,2025-08-25T16:17:24
2775,The House Is Burning [homies begged],2021-11-19,day,https://i.scdn.co/image/ab67616d0000b273f9cb45f50aaf11d04514cf2e,2025-08-25T16:17:24
2776,Fog City (full),2024-02-16,day,https://i.scdn.co/image/ab67616d0000b2739b8d482b0d06d579acf2ce9c,2025-08-25T16:17:25
2777,DEADSTOCK: ALT ENDING,2024-12-06,day,https://i.scdn.co/image/ab67616d0000b2736c8bf62e0ba2a3ec691abe5e,2025-08-25T16:17:25
2778,Trill Bill,2024-11-29,day,https://i.scdn.co/image/ab67616d0000b273af60acb8266b1befa8037e29,2025-08-25T16:17:26
2779,2014 Forest Hills Drive (10 Year Anniversary Edition),2024-12-20,day,https://i.scdn.co/image/ab67616d0000b27376bee82c4cf5e93f31fb1772,2025-08-25T16:17:27
2780,Muddy Waters Too,2024-12-24,day,https://i.scdn.co/image/ab67616d0000b2735e87ee155ef13e538bb63028,2025-08-25T16:17:27
2781,GOT DAMN,2024-12-20,day,https://i.scdn.co/image/ab67616d0000b2737e394b5576ebfb26453dd5db,2025-08-25T16:17:28
2782,You Don't Want The Smoke,2024-12-24,day,https://i.scdn.co/image/ab67616d0000b27395a4165efe0b9f5ce5489a04,2025-08-25T16:17:28
2783,Ray Lewis,2024-12-20,day,https://i.scdn.co/image/ab67616d0000b273e580a20974a88adf8027c625,2025-08-25T16:17:29
2784,Colourblind (feat. Loyle Carner),2024-12-06,day,https://i.scdn.co/image/ab67616d0000b27351cef89eaead1533eaa34249,2025-08-25T16:17:30
2785,"This, Is Not That",2024-12-06,day,https://i.scdn.co/image/ab67616d0000b273f76b5f6782d34ecc8deff342,2025-08-25T16:17:30
2786,THE BLACK TAPE,2024-12-01,day,https://i.scdn.co/image/ab67616d0000b2736559f35db7a26717e67f28d8,2025-08-25T16:17:31
2787,Treasure Island,2024-12-17,day,https://i.scdn.co/image/ab67616d0000b2733b4e8d6be5faa9242fdbdd73,2025-08-25T16:17:31
2788,Trillstatik 4,2024-12-06,day,https://i.scdn.co/image/ab67616d0000b2739771f430c486fd0f5de9ff8c,2025-08-25T16:17:32
2789,Out The Trunk,2019-09-03,day,https://i.scdn.co/image/ab67616d0000b27327e41ce6f9954c4f833bcde2,2025-08-25T16:17:33
2790,Spaceships on the Blade,2022-08-19,day,https://i.scdn.co/image/ab67616d0000b27394fe7b36be4977c9b8505dc3,2025-08-25T16:17:34
2791,Alligator Bites Never Heal,2024-08-30,day,https://i.scdn.co/image/ab67616d0000b273b245099fe26319344ddf6054,2025-08-25T16:17:34
2792,I Hate Your Ex-Girlfriend (feat. Doechii),2024-10-18,day,https://i.scdn.co/image/ab67616d0000b273eee964fab35ea2bfdd167182,2025-08-25T16:17:35
2793,NISSAN ALTIMA,2024-08-02,day,https://i.scdn.co/image/ab67616d0000b2738ecf9e6aa4535a42ab6ae379,2025-08-25T16:17:35
2794,Maybe in Nirvana,2024-12-06,day,https://i.scdn.co/image/ab67616d0000b273570dd710066cd9859c78f38a,2025-08-25T16:17:36
2795,Jarreau,1983-01-01,year,https://i.scdn.co/image/ab67616d0000b27382e0b4ed137c28d9d2812e0a,2025-08-25T16:17:37
2796,Home Grown! The Beginner's Guide To Understanding The Roots (Vol.1),2005-01-01,day,https://i.scdn.co/image/ab67616d0000b27396547e37967cbc7cb3731c0d,2025-08-25T16:17:37
2797,I Am Blu,2025-01-03,day,https://i.scdn.co/image/ab67616d0000b273696e0b1bd87cb001029f6975,2025-08-25T16:17:38
2798,Hidden in Plain Sight,2024-12-20,day,https://i.scdn.co/image/ab67616d0000b273fca0ed4c8bece40e79affc02,2025-08-25T16:17:38
2799,The Healing Component,2016-09-23,day,https://i.scdn.co/image/ab67616d0000b273cd978daf9b12c3885f6117cf,2025-08-25T16:17:39
2800,Rapper Weed,2020-04-23,day,https://i.scdn.co/image/ab67616d0000b273457d3839d8da781da5b5c52b,2025-08-25T16:17:40
2801,I Deserve (w/ NOS.),2021-11-11,day,https://i.scdn.co/image/ab67616d0000b273aa9344be89f46bc45f105727,2025-08-25T16:17:40
2802,Tommy Snort,2025-01-10,day,https://i.scdn.co/image/ab67616d0000b2730f1e6fb0f76c07bb739d08ec,2025-08-25T16:17:41
2803,when angels cry,2024-06-14,day,https://i.scdn.co/image/ab67616d0000b273e73366c8c1ec77f1f346ca85,2025-08-25T16:17:41
2804,lonrwrld (freestyle),2023-04-28,day,https://i.scdn.co/image/ab67616d0000b2730d4f2f38fe4c4c392d1cae89,2025-08-25T16:17:42
2805,who?,2023-06-23,day,https://i.scdn.co/image/ab67616d0000b2730a644c092b4a0665c82961f8,2025-08-25T16:17:43
2806,Haram,2021-03-26,day,https://i.scdn.co/image/ab67616d0000b2734c653eeb14aa891c60797040,2025-08-25T16:17:43
2807,We Buy Diabetic Test Strips,2024-02-27,day,https://i.scdn.co/image/ab67616d0000b273e1d0067ee82182b2264c3783,2025-08-25T16:17:44
2808,Floss,2016-12-15,day,https://i.scdn.co/image/ab67616d0000b2735e66961c0acc955347d076bb,2025-08-25T16:17:44
2809,silent heel,2024-05-24,day,https://i.scdn.co/image/ab67616d0000b27328a8664926d31cd563eaa1dc,2025-08-25T16:17:45
2810,Liszt: Dreams of Love; Consolations; Sonnets of Petrarca; Rigoletto Paraphrase,1992-01-01,day,https://i.scdn.co/image/ab67616d0000b2734225ac52872a6804485d4def,2025-08-25T16:17:45
2811,World Champ,2022-04-27,day,https://i.scdn.co/image/ab67616d0000b273952441fb82e4dc3d787abb3e,2025-08-25T16:17:46
2812,Faces,2021-10-15,day,https://i.scdn.co/image/ab67616d0000b273e4251cf5331ad74eaaeca36e,2025-08-25T16:17:47
2813,The Apprehension of John Wells,2022-12-23,day,https://i.scdn.co/image/ab67616d0000b27348a7950ef52d45b89e53940d,2025-08-25T16:17:48
2814,1-800-HEARTBREAK,2022-02-16,day,https://i.scdn.co/image/ab67616d0000b273a7a6e4845b702521bcaad3a3,2025-08-25T16:17:48
2815,#RICHAXXHAITIAN,2024-05-17,day,https://i.scdn.co/image/ab67616d0000b273f2f78fdf667745983bb565a8,2025-08-25T16:17:49
2816,Across The Tracks,2024-06-28,day,https://i.scdn.co/image/ab67616d0000b273641b9058962b3f3d846d2b6a,2025-08-25T16:17:50
2817,"Conductor We Have a Problem, Pt. 3",2024-10-31,day,https://i.scdn.co/image/ab67616d0000b27323d513a2cc5321f9f61f8dbe,2025-08-25T16:17:50
2818,A Forsaken Lover's Plea,2024-05-22,day,https://i.scdn.co/image/ab67616d0000b2735e0c3d3d0a10b91e858381cd,2025-08-25T16:17:51
2819,Intimidated,2021-11-19,day,https://i.scdn.co/image/ab67616d0000b273f310d5609e266549b3094564,2025-08-25T16:17:51
2820,Wap Konn Jòj!,2022-06-21,day,https://i.scdn.co/image/ab67616d0000b2736864e9fb4ea88a68ee240c7b,2025-08-25T16:17:52
2821,Gangster Music Vol. 1,2019-03-08,day,https://i.scdn.co/image/ab67616d0000b2736c850ba94d4c747f4eda43a7,2025-08-25T16:17:53
2823,What Kinda Music,2020-04-24,day,https://i.scdn.co/image/ab67616d0000b273bd93bbf0c3df5e0242b84831,2025-08-25T16:17:54
2824,Pieces Of A Dream,2024-10-18,day,https://i.scdn.co/image/ab67616d0000b273aed01ab8797e064a03986abf,2025-08-25T16:17:54
2825,BLUE LIPS,2024-03-01,day,https://i.scdn.co/image/ab67616d0000b273454a4fb74aa36c7cb57b9153,2025-08-25T16:17:55
2826,Burning Desire,2023-10-13,day,https://i.scdn.co/image/ab67616d0000b273b57385849a9d804fa391f3db,2025-08-25T16:17:56
2827,Still Praying,2024-11-01,day,https://i.scdn.co/image/ab67616d0000b273c65afbb7d59679e5d2dcafb4,2025-08-25T16:17:56
2828,Making The Band (Danity Kane),2023-06-30,day,https://i.scdn.co/image/ab67616d0000b273507fb9935e2f2c111157e069,2025-08-25T16:17:57
2829,WASH MY HANDS,2025-01-21,day,https://i.scdn.co/image/ab67616d0000b27330ca3a04bf98aed56d83c59c,2025-08-25T16:17:58
2830,Dawg House,2022-08-26,day,https://i.scdn.co/image/ab67616d0000b27333e1ca0d626e438db2248427,2025-08-25T16:17:59
2831,everybody dies,2016-12-06,day,https://i.scdn.co/image/ab67616d0000b273584608cf669525dbdc2c8981,2025-08-25T16:17:59
2832,TheHouse Presents: The Set,2022-03-04,day,https://i.scdn.co/image/ab67616d0000b27377c719ccd9ed8d9991223cc9,2025-08-25T16:18:00
2833,Half God,2021-10-01,day,https://i.scdn.co/image/ab67616d0000b273d0cfa4dd7b3ca635b0d6cc19,2025-08-25T16:18:00
2834,No Idols,2023-04-20,day,https://i.scdn.co/image/ab67616d0000b2733bb6cd42ce92bead1110b09d,2025-08-25T16:18:01
2835,4X4,2025-01-24,day,https://i.scdn.co/image/ab67616d0000b27374bdfbcc73b08c535b4d6564,2025-08-25T16:18:01
2836,Hurry Up Tomorrow,2025-01-31,day,https://i.scdn.co/image/ab67616d0000b273982320da137d0de34410df61,2025-08-25T16:18:02
2837,Showbiz!,2025-01-31,day,https://i.scdn.co/image/ab67616d0000b273dbd96c57601c40366bb99ebc,2025-08-25T16:18:03
2838,Hyperdrama,2024-04-26,day,https://i.scdn.co/image/ab67616d0000b273730e327760fe592ad69bf18e,2025-08-25T16:18:04
2839,House Of Balloons (Original),2011-03-21,day,https://i.scdn.co/image/ab67616d0000b273274b406a7e18acebcf743079,2025-08-25T16:18:05
2840,KING OF THE MISCHIEVOUS SOUTH,2024-11-15,day,https://i.scdn.co/image/ab67616d0000b2730c6e0cd5449874d89060e864,2025-08-25T16:18:05
2841,Submarine,2024-05-31,day,https://i.scdn.co/image/ab67616d0000b2734d070fdf58fad8c54c5beb85,2025-08-25T16:18:06
2842,Thursday (Original),2011-08-18,day,https://i.scdn.co/image/ab67616d0000b273e01c2631218e2de27765b7d5,2025-08-25T16:18:06
2843,Effected,2018-02-13,day,https://i.scdn.co/image/ab67616d0000b2738332ef6f54af77c789e58cbe,2025-08-25T16:18:07
2844,Life Is Beautiful,2025-02-07,day,https://i.scdn.co/image/ab67616d0000b273c61adbb5db3191376d7cde7a,2025-08-25T16:18:08
2845,Wars & Rumors of Wars (Freestyle),2025-02-12,day,https://i.scdn.co/image/ab67616d0000b273ff156e9a1894df2d00fc5c9b,2025-08-25T16:18:08
2846,As God Intended,2020-07-10,day,https://i.scdn.co/image/ab67616d0000b2737e47794e694f1b05d49e8fcd,2025-08-25T16:18:09
2848,Super Bowl LIX Halftime Show,2025-02-09,day,https://i.scdn.co/image/ab67616d0000b2736131172270fb19a60b06015c,2025-08-25T16:18:10
2849,Set You Free,2025-02-12,day,https://i.scdn.co/image/ab67616d0000b273e51e87d1dc0475d5a3acedc8,2025-08-25T16:18:10
2850,Practice,2024-08-23,day,https://i.scdn.co/image/ab67616d0000b27380fabfb9bfb906f7abac8eb7,2025-08-25T16:18:12
2851,The Dust and Sxlxmxn Album,2024-04-19,day,https://i.scdn.co/image/ab67616d0000b27355f39661ef4504041ddaf878,2025-08-25T16:18:13
2852,6xans,2020-07-31,day,https://i.scdn.co/image/ab67616d0000b273500fc42bae38f6404535fb1a,2025-08-25T16:18:13
2853,I Did More with Less (V1),2025-02-12,day,https://i.scdn.co/image/ab67616d0000b2738e0eb8890c32d4946b5de30e,2025-08-25T16:18:14
2855,12,2025-02-14,day,https://i.scdn.co/image/ab67616d0000b273e9cc0b545275691fca246215,2025-08-25T16:18:15
2856,Cozz & Effect,2014-01-01,day,https://i.scdn.co/image/ab67616d0000b2731bf793a4344366077d5933b8,2025-08-25T16:18:16
2857,Brandon Banks,2019-07-19,day,https://i.scdn.co/image/ab67616d0000b273697aed8a8b300b7e5818e6e3,2025-08-25T16:18:16
2859,CAN'T RUSH GREATNESS,2025-01-24,day,https://i.scdn.co/image/ab67616d0000b273d531f45a2948d22e5c5ff66f,2025-08-25T16:18:19
2860,Token of Appreciation,2025-02-27,day,https://i.scdn.co/image/ab67616d0000b27321776340717f9a91121f3fd0,2025-08-25T16:18:19
2861,Aijuswanaseing,2000-11-14,day,https://i.scdn.co/image/ab67616d0000b273a9a423e9a72da9671551104e,2025-08-25T16:18:20
2862,Juslisen,2002-05-07,day,https://i.scdn.co/image/ab67616d0000b273767ea1c8f7edd378aa40b204,2025-08-25T16:18:20
2863,onmyradio,2008-11-24,day,https://i.scdn.co/image/ab67616d0000b27387182b0a619c6073e4473aa8,2025-08-25T16:18:21
2864,Black Radio (Deluxe Edition),2022-11-11,day,https://i.scdn.co/image/ab67616d0000b2736c39aa3c2feaf1bb60d8433d,2025-08-25T16:18:22
2865,Dinner Party,2020-07-10,day,https://i.scdn.co/image/ab67616d0000b2735557786a9c1b65b81c018551,2025-08-25T16:18:22
2866,It's Nice Outside,2017-08-21,day,https://i.scdn.co/image/ab67616d0000b273800647a71eccbf4cd9517116,2025-08-25T16:18:23
2867,Acaecer,2024-07-04,day,https://i.scdn.co/image/ab67616d0000b27363aab191cc431f8a65e20a4f,2025-08-25T16:18:23
2868,Ladi Dadi,2017-04-21,day,https://i.scdn.co/image/ab67616d0000b273f3c108da6575250efbf8f955,2025-08-25T16:18:24
2869,Cold Water Music,1999-01-01,year,https://i.scdn.co/image/ab67616d0000b273c80241df1db25b8a617b60f6,2025-08-25T16:18:25
2870,Soul Movement Vol. 1,2008-09-08,day,https://i.scdn.co/image/ab67616d0000b2730e7400e4d19b74a28a04608d,2025-08-25T16:18:25
2871,Connected,2004-01-01,year,https://i.scdn.co/image/ab67616d0000b273ca53def6606a1f2679b59605,2025-08-25T16:18:26
2872,Change & Remain,2024-07-31,day,https://i.scdn.co/image/ab67616d0000b27341ead7a4a2faa2d751cbd2e2,2025-08-25T16:18:26
2873,Dinner Party: Dessert,2020-10-09,day,https://i.scdn.co/image/ab67616d0000b273448f76ef5c377b531cdec9d8,2025-08-25T16:18:27
2874,"Hi-Hat Club, Vol. 2 - Suff Draft",2009-09-04,day,https://i.scdn.co/image/ab67616d0000b273869c5164083b6443104df671,2025-08-25T16:18:28
2875,Snoop Dogg Presents Death Row Summer 2022,2022-06-17,day,https://i.scdn.co/image/ab67616d0000b2735d32cd2e2de30f8bc15561a4,2025-08-25T16:18:28
2876,A Man After God's Own Heart,2024-10-04,day,https://i.scdn.co/image/ab67616d0000b27308dda29412748507c05d6ab3,2025-08-25T16:18:29
2877,From Divine - Special Edition,2006-05-16,day,https://i.scdn.co/image/ab67616d0000b273fbcdb8d7a5f9ef9b1e2aec28,2025-08-25T16:18:29
2878,Children of Possibility,2005-01-01,year,https://i.scdn.co/image/ab67616d0000b27324e3b5e9febd5f747c681c3d,2025-08-25T16:18:30
2879,Petestrumentals,2001-01-01,year,https://i.scdn.co/image/ab67616d0000b2731d30bea3baa81c599cc3e0cf,2025-08-25T16:18:31
2880,Eat Your Heart Out,2024-05-10,day,https://i.scdn.co/image/ab67616d0000b2738f421db7c115614627a306f5,2025-08-25T16:18:31
2881,a son of the sun,2008-07-16,day,https://i.scdn.co/image/ab67616d0000b273876c14922f7f7994013ed9a8,2025-08-25T16:18:32
2882,Raiding the Vaults,2017-03-12,day,https://i.scdn.co/image/ab67616d0000b273216f1d6f117a445f8198d686,2025-08-25T16:18:32
2883,The Sunny Nights Project,2017-09-26,day,https://i.scdn.co/image/ab67616d0000b2730bdad549bfbd76f6f41772d1,2025-08-25T16:18:33
2884,Matching Rolexes,2021-09-17,day,https://i.scdn.co/image/ab67616d0000b27346715e81d94bc3cdd9e5fd8d,2025-08-25T16:18:34
2885,KAIROS,2019-10-18,day,https://i.scdn.co/image/ab67616d0000b27331070e263e34c72ed0c28618,2025-08-25T16:18:34
2886,Band of Brothers - Original Motion Picture Soundtrack,2001-07-19,day,https://i.scdn.co/image/ab67616d0000b2739636219d6437074fa363dc5b,2025-08-25T16:18:35
2887,Wilting,2024-03-03,day,https://i.scdn.co/image/ab67616d0000b273df4db8ed29e30d0ddee9f5f1,2025-08-25T16:18:35
2888,My Way (Expanded Edition),1969-03-01,month,https://i.scdn.co/image/ab67616d0000b27380aa6a82fce614eea8357253,2025-08-25T16:18:36
2889,Sinatra/Basie: The Complete Reprise Studio Recordings,1962-12-10,day,https://i.scdn.co/image/ab67616d0000b273cb81eb3c1238c60f2bbfd3b5,2025-08-25T16:18:37
2890,That's Life,1966-11-01,month,https://i.scdn.co/image/ab67616d0000b2735c21d73934bb9760a2f791a2,2025-08-25T16:18:37
2891,Kind Of Blue (Legacy Edition),1959-08-17,day,https://i.scdn.co/image/ab67616d0000b2730ebc17239b6b18ba88cfb8ca,2025-08-25T16:18:38
2892,Strangers In The Night (Expanded Edition),1966-05-01,month,https://i.scdn.co/image/ab67616d0000b27350bb7ca1fe7e98df87ce41d9,2025-08-25T16:18:38
2893,Songs For Swingin' Lovers! (Remastered),1956-03-01,month,https://i.scdn.co/image/ab67616d0000b273d7720a6a8b713b833313f396,2025-08-25T16:18:39
2894,Sinatra/Jobim: The Complete Reprise Recordings,1967-03-01,month,https://i.scdn.co/image/ab67616d0000b2737d6f106efadd36f7779383c7,2025-08-25T16:18:41
2895,A Swingin' Affair! (Remastered / Expanded Edition),1957-06-01,month,https://i.scdn.co/image/ab67616d0000b273c7f0ec699936033ee1cb2c8d,2025-08-25T16:18:41
2896,Nice 'n' Easy (Remastered / Expanded Edition),1960-07-01,month,https://i.scdn.co/image/ab67616d0000b2735084cb3fdc277a00c5ae18b6,2025-08-25T16:18:42
2897,Sinatra's Sinatra,1963-08-01,month,https://i.scdn.co/image/ab67616d0000b2733828ecf6a31e3a148c8939da,2025-08-25T16:18:42
2898,In The Wee Small Hours,1955-01-01,year,https://i.scdn.co/image/ab67616d0000b273d4f8a582c0c3a3d67f395c6d,2025-08-25T16:18:43
2899,Oh My,2015-08-13,day,https://i.scdn.co/image/ab67616d0000b273cdd182b7f50cbfb165a1584a,2025-08-25T16:18:44
2900,The Death of Slim Shady (Coup De Grâce): Expanded Mourner’s Edition,2024-09-13,day,https://i.scdn.co/image/ab67616d0000b273333c01a0f55915549caf5623,2025-08-25T16:18:44
2901,The Land Is Inhospitable and So Are We,2023-09-15,day,https://i.scdn.co/image/ab67616d0000b27334f21d3047d85440dfa37f10,2025-08-25T16:18:45
2902,Be the Cowboy,2018-08-17,day,https://i.scdn.co/image/ab67616d0000b273c428f67b4a9b7e1114dfc117,2025-08-25T16:18:45
2903,Say Yes To Heaven,2023-05-19,day,https://i.scdn.co/image/ab67616d0000b273aa27708d07f49c82ff0d0dae,2025-08-25T16:18:46
2904,Norman Fucking Rockwell!,2019-08-30,day,https://i.scdn.co/image/ab67616d0000b273879e9318cb9f4e05ee552ac9,2025-08-25T16:18:47
2905,Born To Die - The Paradise Edition,2012-01-01,day,https://i.scdn.co/image/ab67616d0000b273ebc8cfac8b586bc475b04918,2025-08-25T16:18:47
2906,Did you know that there's a tunnel under Ocean Blvd,2023-03-24,day,https://i.scdn.co/image/ab67616d0000b27359ae8cf65d498afdd5585634,2025-08-25T16:18:48
2907,When I Get Home,2019-03-01,day,https://i.scdn.co/image/ab67616d0000b273b1150f77ae2fbf0d5b4715fc,2025-08-25T16:18:49
2908,A Seat at the Table,2016-09-30,day,https://i.scdn.co/image/ab67616d0000b2731c4540d0ecafaa45305aa5a0,2025-08-25T16:18:49
2909,Alexey Shor: Images from the Great Siege & Verdiana,2020-10-09,day,https://i.scdn.co/image/ab67616d0000b273986f8b7a4878c5de95101e79,2025-08-25T16:18:50
2910,There You Have It,2018-09-28,day,https://i.scdn.co/image/ab67616d0000b2732d0808732ce727912961bc88,2025-08-25T16:18:51
2911,FOTO,2019-05-15,day,https://i.scdn.co/image/ab67616d0000b273c38a6416ad397465bf4d1b47,2025-08-25T16:18:51
2912,EVERYTHING,2020-05-22,day,https://i.scdn.co/image/ab67616d0000b27327298ef27ce2c39f8177d1af,2025-08-25T16:18:52
2913,Colorado,2018-10-24,day,https://i.scdn.co/image/ab67616d0000b2735c55e317bbc42400336ed54f,2025-08-25T16:18:52
2914,Once In A Blue Moon,2024-12-13,day,https://i.scdn.co/image/ab67616d0000b273fbc0c4176f2864f7ebc47106,2025-08-25T16:18:53
2915,"Lyrics to GO, Vol. 2",2021-01-18,day,https://i.scdn.co/image/ab67616d0000b27352c106a8e6a49d7702a6f21f,2025-08-25T16:18:54
2916,Protea,2023-06-30,day,https://i.scdn.co/image/ab67616d0000b2733020fb88fad9e7aa3a27966d,2025-08-25T16:18:54
2917,Outside,2021-04-21,day,https://i.scdn.co/image/ab67616d0000b2738daa0157da70aa3f36781874,2025-08-25T16:18:55
2919,K.I.D.S. (Deluxe),2010-08-13,day,https://i.scdn.co/image/ab67616d0000b273463d73e65c7b95a17898388b,2025-08-25T16:18:56
2920,"I Love Life, Thank You",2022-07-22,day,https://i.scdn.co/image/ab67616d0000b273c8a77225ad852699c908ac4b,2025-08-25T16:18:57
2921,The Divine Feminine,2016-09-16,day,https://i.scdn.co/image/ab67616d0000b2732e92f776279eaf45d14a33fd,2025-08-25T16:18:57
2922,Swimming,2018-08-03,day,https://i.scdn.co/image/ab67616d0000b273175c577a61aa13d4fb4b6534,2025-08-25T16:18:58
2923,Balloonerism,2025-01-17,day,https://i.scdn.co/image/ab67616d0000b2739a9c4cd69a6f514dfbb7305a,2025-08-25T16:18:59
2924,Circles,2020-01-17,day,https://i.scdn.co/image/ab67616d0000b27326b7dd89810cc1a40ada642c,2025-08-25T16:18:59
2925,FXCK UP THE WORLD (feat. Future),2025-02-24,day,https://i.scdn.co/image/ab67616d0000b273b27a5a8644f13155ed694563,2025-08-25T16:19:00
2926,The Lion King: The Gift,2019-07-19,day,https://i.scdn.co/image/ab67616d0000b2734ccc03169b086af698178a99,2025-08-25T16:19:00
2927,Poland,2022-10-11,day,https://i.scdn.co/image/ab67616d0000b273615d6910181bc514d4c4b011,2025-08-25T16:19:01
2928,Alter Ego,2025-02-28,day,https://i.scdn.co/image/ab67616d0000b2738034090e4afb5b053cd3e067,2025-08-25T16:19:02
2929,him all along,2024-10-18,day,https://i.scdn.co/image/ab67616d0000b273463729036408223f007d7ce1,2025-08-25T16:19:02
2930,DS4EVER,2022-01-13,day,https://i.scdn.co/image/ab67616d0000b27314d91ebdd6d7e2931322cc1a,2025-08-25T16:19:03
2931,MUSIC - SORRY 4 DA WAIT,2025-03-25,day,https://i.scdn.co/image/ab67616d0000b2736da4ec0bce9baf42436db10a,2025-08-25T16:19:04
2932,Kutthroat Bill: Vol. 1,2022-10-28,day,https://i.scdn.co/image/ab67616d0000b2738955de1a3c658dab02ba4620,2025-08-25T16:19:05
2933,Quality Control: Control The Streets Volume 1,2017-12-08,day,https://i.scdn.co/image/ab67616d0000b273e540272ec3db0c1cdf517f5b,2025-08-25T16:19:05
2934,Green Album,2015-06-09,day,https://i.scdn.co/image/ab67616d0000b2735c6a8c85a5e1b1082899eceb,2025-08-25T16:19:06
2935,Floor Seats,2019-08-16,day,https://i.scdn.co/image/ab67616d0000b27380dacac510e9d085a591f981,2025-08-25T16:19:06
2936,FRANCHISE (feat. Young Thug & M.I.A.),2020-09-25,day,https://i.scdn.co/image/ab67616d0000b27370f2ab5608885749f7210b5f,2025-08-25T16:19:07
2937,champ hoody music. ep.1,2018-05-18,day,https://i.scdn.co/image/ab67616d0000b27341d320c5a71136a84f6a41d0,2025-08-25T16:19:08
2938,Navajo,2017-06-08,day,https://i.scdn.co/image/ab67616d0000b27328f137f2d8bda3ddd5d045cf,2025-08-25T16:19:08
2939,"Some Days I’m Good, Some Days I’m Not",2025-02-28,day,https://i.scdn.co/image/ab67616d0000b273b5b29e6ee0c5bb740684f8ca,2025-08-25T16:19:09
2940,"MMG Presents: Self Made, Vol. 1",2011-05-23,day,https://i.scdn.co/image/ab67616d0000b273953e7a79c351f89c6ea851c7,2025-08-25T16:19:09
2941,Cars (Original Motion Picture Soundtrack),2006-01-01,day,https://i.scdn.co/image/ab67616d0000b273a73bb6afa8cb999aafb3c150,2025-08-25T16:19:10
2942,HARDSTONE PSYCHO,2024-06-14,day,https://i.scdn.co/image/ab67616d0000b273c800e1a4a237cf8f085183c5,2025-08-25T16:19:11
2943,FIELD TRIP,2024-08-03,day,https://i.scdn.co/image/ab67616d0000b2738688a93f7c564eaee8e3b36b,2025-08-25T16:19:11
2944,Fridayy,2023-08-25,day,https://i.scdn.co/image/ab67616d0000b273cb0942253173b397b15af90f,2025-08-25T16:19:12
2945,A City Drowned in God's Black Tears,2025-04-04,day,https://i.scdn.co/image/ab67616d0000b273aafb5d13bd447152cce90df4,2025-08-25T16:19:12
2946,LV Bag (feat. j-hope of BTS & Pharrell Williams),2025-02-21,day,https://i.scdn.co/image/ab67616d0000b273dfc73dd3650ca98893f8b905,2025-08-25T16:19:13
2947,Studying Abroad: Extended Stay,2020-11-13,day,https://i.scdn.co/image/ab67616d0000b273472da7a855e1446b36bcb83b,2025-08-25T16:19:14
2949,WHAM (Extended Version),2025-01-10,day,https://i.scdn.co/image/ab67616d0000b27326cc3037de434f6c1a62824f,2025-08-25T16:19:15
2950,Homebody,2025-03-07,day,https://i.scdn.co/image/ab67616d0000b2732078d3268df47405474596b4,2025-08-25T16:19:16
2951,Lose My Mind (feat. Doja Cat) [From F1® The Movie],2025-04-30,day,https://i.scdn.co/image/ab67616d0000b273bed9c7b9e33025a81d4d02e4,2025-08-25T16:19:16
2952,Hard To Love,2023-06-02,day,https://i.scdn.co/image/ab67616d0000b2731a7fadc93eaa5c5749df4bc4,2025-08-25T16:19:17
2953,Code Red,2020-09-18,day,https://i.scdn.co/image/ab67616d0000b273b0c27c2c071c9dbef50ee8d9,2025-08-25T16:19:17
2954,SPEAK NOW,2024-06-14,day,https://i.scdn.co/image/ab67616d0000b27323f68790c67fdd51ecd87f2f,2025-08-25T16:19:18
2955,Time Served,2020-01-10,day,https://i.scdn.co/image/ab67616d0000b273e48872ea797d4e20d2775f51,2025-08-25T16:19:19
2956,A Gangsta’s Pain,2021-04-23,day,https://i.scdn.co/image/ab67616d0000b273b9ba23c2a9edf6f4b7e48bed,2025-08-25T16:19:19
2957,Rocky Road (with Kodak Black),2022-05-16,day,https://i.scdn.co/image/ab67616d0000b2735e739f9514247b55b5ebd85d,2025-08-25T16:19:20
2958,Drip or Drown,2017-11-30,day,https://i.scdn.co/image/ab67616d0000b273340cf6dc6c0118e1458ce308,2025-08-25T16:19:20
2959,Street Gossip,2018-11-30,day,https://i.scdn.co/image/ab67616d0000b2737cb0c4f7761f6dd66aaca065,2025-08-25T16:19:21
2960,Disturbing Tha Peace Presents Bobby Valentino,2005-01-01,day,https://i.scdn.co/image/ab67616d0000b2735ab4f6bfca031d8ec1e0c1c7,2025-08-25T16:19:22
2961,So Far Gone,2009-01-01,year,https://i.scdn.co/image/ab67616d0000b27354ef13c30a024a7f1ba79efd,2025-08-25T16:19:22
2962,Tha Carter II,2005-01-01,day,https://i.scdn.co/image/ab67616d0000b2732d1dcd542a31bb7c751cff28,2025-08-25T16:19:23
2963,I Am Not A Human Being,2013-01-01,day,https://i.scdn.co/image/ab67616d0000b27380c64a084164867806ea617a,2025-08-25T16:19:23
2964,Street Love,2007-01-01,day,https://i.scdn.co/image/ab67616d0000b2736fa87c9728bd8acad00dd5bf,2025-08-25T16:19:24
2965,From The Private Collection of Saba and No ID,2025-03-18,day,https://i.scdn.co/image/ab67616d0000b273016203ebe0693797cecd9c37,2025-08-25T16:19:25
2966,Escapism.,2022-12-07,day,https://i.scdn.co/image/ab67616d0000b273e38f6d02f1e76fe09009e64e,2025-08-25T16:19:25
2967,GBP (feat. 21 Savage),2025-01-16,day,https://i.scdn.co/image/ab67616d0000b27314e2ad584cb24bd745cee7cc,2025-08-25T16:19:26
2968,90mph,2025-01-23,day,https://i.scdn.co/image/ab67616d0000b2737aee7c56bd63016a79ddc9d1,2025-08-25T16:19:26
2969,Kannathil Muthamittal (Original Motion Picture Soundtrack),2002-02-14,day,https://i.scdn.co/image/ab67616d0000b273178edf30700e9d585c6373f6,2025-08-25T16:19:27
2970,Four Two Three,2017-12-23,day,https://i.scdn.co/image/ab67616d0000b2738777511b98a1e9b762f45d7e,2025-08-25T16:19:27
2971,Dolla $igns,2021-12-15,day,https://i.scdn.co/image/ab67616d0000b2736fc744c930d6f1afc030c82f,2025-08-25T16:19:28
2972,AMERI,2024-10-31,day,https://i.scdn.co/image/ab67616d0000b273ee67e1ebdbc7a30772972a48,2025-08-25T16:19:29
2974,Forever,2009-01-01,day,https://i.scdn.co/image/ab67616d0000b273b6f32be7f8dcbb4f00041c7d,2025-08-25T16:19:30
2975,Bootleggers,2020-02-21,day,https://i.scdn.co/image/ab67616d0000b2739f390199080dc9f74ccc3189,2025-08-25T16:19:30
2976,I'm Back (Deluxe),2024-01-25,day,https://i.scdn.co/image/ab67616d0000b27337ab6d17f81f75feb806b45e,2025-08-25T16:19:31
2977,Y2k The Album,2012-07-16,day,https://i.scdn.co/image/ab67616d0000b273804a5ad786e2cadab331078f,2025-08-25T16:19:32
2978,Tales from Fort Knox,1998-04-07,day,https://i.scdn.co/image/ab67616d0000b2739793296e185b4d20aefe49e0,2025-08-25T16:19:33
2979,h ll (Japan Edition),1997-11-12,day,https://i.scdn.co/image/ab67616d0000b273520ccc92aa59f3ff516831f2,2025-08-25T16:19:33
2980,WestSide Doom,2017-10-13,day,https://i.scdn.co/image/ab67616d0000b27308663b5b3971b0b0faea5f4b,2025-08-25T16:19:34
2981,Shostakovich: Jazz Suites Nos. 1 - 2 / The Bolt / Tahiti Trot,2002-04-15,day,https://i.scdn.co/image/ab67616d0000b273da2e4a4059497dbf17a9bb78,2025-08-25T16:19:35
2982,Chopin: Piano Works,2017-02-03,day,https://i.scdn.co/image/ab67616d0000b27369047cdfaabdf40efe7f453b,2025-08-25T16:19:35
2983,Chopin: Piano Trio - Variations for Flute,2011-11-01,day,https://i.scdn.co/image/ab67616d0000b273fca706c999c0b32199ff07c3,2025-08-25T16:19:36
2984,Hummel - Weber - Mendelssohn,2021-05-14,day,https://i.scdn.co/image/ab67616d0000b273a8acdb7271b76af74480737a,2025-08-25T16:19:36
2985,"Debussy: Piano Music, Vol. 4",2015-11-06,day,https://i.scdn.co/image/ab67616d0000b27339a10b34dc5195fc6ac76861,2025-08-25T16:19:37
2986,Erik Satie Gymnopédies,2014-08-13,day,https://i.scdn.co/image/ab67616d0000b2737dc2f5ea55af1d521a0713c6,2025-08-25T16:19:38
2987,"Tchaikovsky: The Seasons, Op. 37b, Balakirev: Islamey",1998-09-03,day,https://i.scdn.co/image/ab67616d0000b273518379ff3dc039355607fedf,2025-08-25T16:19:38
2988,Satie: 3 Gymnopédies; 6 Gnossiennes etc.,1984-01-01,day,https://i.scdn.co/image/ab67616d0000b273469efe50e52e8e465ebf66c3,2025-08-25T16:19:39
2989,Pianissimo,2013-12-15,day,https://i.scdn.co/image/ab67616d0000b2739e6506fe42ea94f98aded98b,2025-08-25T16:19:39
2990,Bach and Beyond,2006-05-01,day,https://i.scdn.co/image/ab67616d0000b2731846ccc02683742c2faddaed,2025-08-25T16:19:40
2991,Liebestraum (Love Dream),2019-03-01,day,https://i.scdn.co/image/ab67616d0000b273c640cbd44391ec069ae3b612,2025-08-25T16:19:41
2992,Fauré: Music for Piano,2016-05-04,day,https://i.scdn.co/image/ab67616d0000b2733623a9b82a165e3bc75c1a8e,2025-08-25T16:19:41
2993,Grieg: Piano Concerto; Lyric Pieces,2015-05-19,day,https://i.scdn.co/image/ab67616d0000b2738de52a31db55808ae2e0288a,2025-08-25T16:19:42
2994,Minecraft - Volume Alpha,2011-03-04,day,https://i.scdn.co/image/ab67616d0000b273aaeb5c9fb6131977995b7f0e,2025-08-25T16:19:42
2995,D.I.T.C.,2000-02-22,day,https://i.scdn.co/image/ab67616d0000b2739180ec245c2d22d169155c79,2025-08-25T16:19:43
2996,Special Herbs + Spices Volume One,2005-05-10,day,https://i.scdn.co/image/ab67616d0000b2733793a5691f123282e9a72457,2025-08-25T16:19:44
2997,Future Nostalgia,2020-03-27,day,https://i.scdn.co/image/ab67616d0000b2732172b607853fa89cefa2beb4,2025-08-25T16:19:44
2998,Destined 2 Win,2021-04-02,day,https://i.scdn.co/image/ab67616d0000b2735af0305457ff290e06dcc4c2,2025-08-25T16:19:45
2999,Why Lawd?,2024-06-14,day,https://i.scdn.co/image/ab67616d0000b2739e7004b8749744b06fa81a99,2025-08-25T16:19:46
3000,Witness (Deluxe),2017-06-09,day,https://i.scdn.co/image/ab67616d0000b273cce6bab1f59b165133175d88,2025-08-25T16:19:46
3001,Clear Lake Audiotorium,1994-01-01,year,https://i.scdn.co/image/ab67616d0000b273f5d54e8419f3f3a6f15b383f,2025-08-25T16:19:48
3002,Radio,1985-11-18,day,https://i.scdn.co/image/ab67616d0000b2731cb9b88a3e8d5344a10184bc,2025-08-25T16:19:48
3003,Insomnia: The Erick Sermon Compilation Album,1996-04-23,day,https://i.scdn.co/image/ab67616d0000b273239339ba12fbf1b6e97a5404,2025-08-25T16:19:49
3004,Maths + English,2007-06-04,day,https://i.scdn.co/image/ab67616d0000b273e985f765829e61b5a7edca67,2025-08-25T16:19:50
3005,Wretchrospective (Deluxe Edition),2012-11-05,day,https://i.scdn.co/image/ab67616d0000b27335eb1b4ffcc76df29cab4e41,2025-08-25T16:19:51
3006,Tunnel Vision Vol 2,2006-09-01,day,https://i.scdn.co/image/ab67616d0000b2737290509a25c20844b4123c85,2025-08-25T16:19:51
3008,Catch Me If You Can,2024-02-13,day,https://i.scdn.co/image/ab67616d0000b27306693738e89ffb3421b2a4b0,2025-08-25T16:19:53
3009,Home Alone 2,2021-11-19,day,https://i.scdn.co/image/ab67616d0000b273881de5c93d75eee36d9cee69,2025-08-25T16:19:53
3010,Black and White (Deluxe Version),2011-08-19,day,https://i.scdn.co/image/ab67616d0000b273293b3fd53ed4da2a5d0cde29,2025-08-25T16:19:54
3011,London Town,2007-10-01,day,https://i.scdn.co/image/ab67616d0000b273971bc70d125169045872cae4,2025-08-25T16:19:54
3012,Love Don’t Cost A Thing,2024-10-18,day,https://i.scdn.co/image/ab67616d0000b273015e7a52c6e7a33508e88005,2025-08-25T16:19:55
3013,The Foggie Pound,2016-08-22,day,https://i.scdn.co/image/ab67616d0000b273b19a7c02af7621996ab0c217,2025-08-25T16:19:56
3014,T R A P S O U L (Deluxe),2020-09-25,day,https://i.scdn.co/image/ab67616d0000b273f62cefefc39ba2cb384889f5,2025-08-25T16:19:56
3015,The Cool-Cool,2017-04-14,day,https://i.scdn.co/image/ab67616d0000b273ea5bec7d3bc23ae7c2349ca1,2025-08-25T16:19:57
3016,Broke Boi,2017-03-03,day,https://i.scdn.co/image/ab67616d0000b27333f4378aae244aebb4307e29,2025-08-25T16:19:57
3017,Ace Trumpets,2025-05-30,day,https://i.scdn.co/image/ab67616d0000b2735d7988b9154f5fac80ed1d39,2025-08-25T16:19:58
3018,watching the stars,2022-08-05,day,https://i.scdn.co/image/ab67616d0000b273e0d746e5aa2b299cbc5ecdff,2025-08-25T16:19:58
3019,Liszt: Via Crucis & Solo Piano Works,2025-04-11,day,https://i.scdn.co/image/ab67616d0000b27370d2e40399e5119beee68bef,2025-08-25T16:19:59
3020,"Bach, JS: Goldberg Variations",2021-11-26,day,https://i.scdn.co/image/ab67616d0000b2733aa1ef56f0526be1cc24d759,2025-08-25T16:20:00
3021,"Chopin: 12 Études, Op. 10: No. 6 in E-Flat Minor ""Lament""",2024-03-08,day,https://i.scdn.co/image/ab67616d0000b273397bbdc57f56086c6f7e48c3,2025-08-25T16:20:00
3022,Satie: The Magic of Satie,2002-01-01,day,https://i.scdn.co/image/ab67616d0000b273275a5d1aac45b9c57b88c1d2,2025-08-25T16:20:01
3023,The American Virtuoso,1992-11-01,day,https://i.scdn.co/image/ab67616d0000b273c8dd16f3b5a1302ec57db40b,2025-08-25T16:20:02
3024,Rachmaninoff: Préludes; Études-Tableaux; Moments musicaux,2020-08-07,day,https://i.scdn.co/image/ab67616d0000b27307ec93581ad7b16b666165b6,2025-08-25T16:20:02
3025,Labyrinth: Ephemera,2024-04-12,day,https://i.scdn.co/image/ab67616d0000b27343d80e7eeddfbbe842427349,2025-08-25T16:20:03
3026,72 Preludes,2024-09-06,day,https://i.scdn.co/image/ab67616d0000b273929799fd1ba7aa4209fafcb7,2025-08-25T16:20:03
3027,Fantasia,2012-03-01,day,https://i.scdn.co/image/ab67616d0000b2732aa849218866ec7455d5e647,2025-08-25T16:20:04
3028,Field: Complete Nocturnes,2025-02-07,day,https://i.scdn.co/image/ab67616d0000b273650af287df1a7741171932b0,2025-08-25T16:20:05
3029,Islands - Essential Einaudi,2011-01-01,day,https://i.scdn.co/image/ab67616d0000b2739d706d33e975dfa107e11b1e,2025-08-25T16:20:05
3030,Tabarly (Bande originale du film),2008-06-16,day,https://i.scdn.co/image/ab67616d0000b2730fbdff77932d1b68919c3e63,2025-08-25T16:20:06
3032,Back to Bizznizz,2007-07-23,day,https://i.scdn.co/image/ab67616d0000b2731b699848acb1cf330f708bf8,2025-08-25T16:20:08
3033,H.O.O.D,2019-03-28,day,https://i.scdn.co/image/ab67616d0000b27313716121c78223005d67133a,2025-08-25T16:20:08
3034,Shake It To The Max (FLY) (Remix),2025-02-21,day,https://i.scdn.co/image/ab67616d0000b2730069ee4e37f913fb1653b389,2025-08-25T16:20:09
3035,IV,2021-05-13,day,https://i.scdn.co/image/ab67616d0000b2734498fe043c281c7f3b96a57a,2025-08-25T16:20:09
3036,pack up ya bags,2025-05-06,day,https://i.scdn.co/image/ab67616d0000b27363f6751df62b41fff36e839e,2025-08-25T16:20:10
3037,how i'm feeling now,2020-05-15,day,https://i.scdn.co/image/ab67616d0000b27349bdbd5880802dcbe4e0b2dd,2025-08-25T16:20:11
3038,Mercury - Acts 1 & 2,2022-07-01,day,https://i.scdn.co/image/ab67616d0000b273fc915b69600dce2991a61f13,2025-08-25T16:20:11
3039,WRK,2025-04-18,day,https://i.scdn.co/image/ab67616d0000b273afdcb9b220ff3f87477c7afc,2025-08-25T16:20:12
3040,Bodies (with JID),2025-06-20,day,https://i.scdn.co/image/ab67616d0000b273572a0f748d0801d7bea5f245,2025-08-25T16:20:12
3041,Arcane League of Legends: Season 2 (Soundtrack from the Animated Series),2024-11-23,day,https://i.scdn.co/image/ab67616d0000b2734aaf2413384c1efcc38353c6,2025-08-25T16:20:13
3042,The Ascent,2013-03-29,day,https://i.scdn.co/image/ab67616d0000b27355347dbf7a103f75d6398cdc,2025-08-25T16:20:14
3043,See Clear Now,2008-11-10,day,https://i.scdn.co/image/ab67616d0000b2730265fb96ccfadb41cbd0cc71,2025-08-25T16:20:14
3045,Grime Wave,2008-05-19,day,https://i.scdn.co/image/ab67616d0000b27342c8bdb670db485142dcd213,2025-08-25T16:20:15
3046,Money Over Everyone,2009-09-07,day,https://i.scdn.co/image/ab67616d0000b273f7e2b2c8e5e62313103a128b,2025-08-25T16:20:16
3047,SuperLove,2013-12-06,day,https://i.scdn.co/image/ab67616d0000b27371ff062e8ee238cd50289aae,2025-08-25T16:20:17
3048,Prayer,2014-09-19,day,https://i.scdn.co/image/ab67616d0000b27358bc4150f6e6c590e8e6d136,2025-08-25T16:20:17
3049,Legendary,2019-06-07,day,https://i.scdn.co/image/ab67616d0000b273d38a9c6e4fcfeb128f111f6b,2025-08-25T16:20:18
3050,Death Race For Love (Bonus Track Version),2019-03-08,day,https://i.scdn.co/image/ab67616d0000b2738b27d35aa2c6dcf99895d664,2025-08-25T16:20:18
3051,Incredibad,2009-01-01,year,https://i.scdn.co/image/ab67616d0000b273380381d633bf3b5a8357f17f,2025-08-25T16:20:19
3052,Underdog (From F1® The Movie),2025-06-13,day,https://i.scdn.co/image/ab67616d0000b27313309e312fab842218b59e13,2025-08-25T16:20:20
3053,BLAME IT ON BABY,2020-04-17,day,https://i.scdn.co/image/ab67616d0000b27320e08c8cc23f404d723b5647,2025-08-25T16:20:20
3054,Made In Paris,2025-06-27,day,https://i.scdn.co/image/ab67616d0000b27328a853e47556ac5db92f4843,2025-08-25T16:20:21
3055,Samurai + Palaces,2025-06-27,day,https://i.scdn.co/image/ab67616d0000b273b2f1360fdaf9cfa571166f8c,2025-08-25T16:20:21
3056,Afro,2023-05-26,day,https://i.scdn.co/image/ab67616d0000b273791d76abc6a152ac90c9b140,2025-08-25T16:20:22
3057,Lo Que Tiene,2024-03-08,day,https://i.scdn.co/image/ab67616d0000b27345e6bba1ac0c5b54a9ee8121,2025-08-25T16:20:23
3058,"Patadas de Ahogado / LATÍN MAFIA, HUMBE (Rework)",2024-02-22,day,https://i.scdn.co/image/ab67616d0000b273c8101cc61a1a16540f1f7528,2025-08-25T16:20:23
3059,"Quevedo: Bzrp Music Sessions, Vol. 52",2022-07-06,day,https://i.scdn.co/image/ab67616d0000b2731630dd349221a35ce03a0ccf,2025-08-25T16:20:24
3060,Callaita,2019-05-31,day,https://i.scdn.co/image/ab67616d0000b2734aef420e62863ebf622c27f5,2025-08-25T16:20:24
3061,I LAY DOWN MY LIFE FOR YOU: DIRECTOR'S CUT,2025-02-03,day,https://i.scdn.co/image/ab67616d0000b273229b41fb2ef66a42d2e52997,2025-08-25T16:20:25
3062,blkswn,2017-03-14,day,https://i.scdn.co/image/ab67616d0000b2738be32b380765207f19d56435,2025-08-25T16:20:26
3063,Valley Hopefuls,2019-06-07,day,https://i.scdn.co/image/ab67616d0000b273e0a686f7cfd1a61f1241cd69,2025-08-25T16:20:26
3064,Limbo,2020-08-07,day,https://i.scdn.co/image/ab67616d0000b273ea9bbdf9f1433e68c7dffbad,2025-08-25T16:20:27
3065,Ghetto Livin,2025-06-23,day,https://i.scdn.co/image/ab67616d0000b2738c5b661f21e2fe83a964d3b0,2025-08-25T16:20:28
3066,"Black Samson, the Bastard Swordsman (Deluxe)",2025-06-06,day,https://i.scdn.co/image/ab67616d0000b27344c82f9829a67cfb648da2ac,2025-08-25T16:20:28
3067,won't stop,2025-06-13,day,https://i.scdn.co/image/ab67616d0000b2731aa326c87f695ca446117d4a,2025-08-25T16:20:29
3068,Just Keep Watching (From F1® The Movie),2025-05-30,day,https://i.scdn.co/image/ab67616d0000b27396e4cfdd4c3aa8088685b262,2025-08-25T16:20:30
3069,Messy (From F1® The Movie),2025-05-08,day,https://i.scdn.co/image/ab67616d0000b273a2fdb9ac062ea27dda5846d5,2025-08-25T16:20:30
3070,$ome $exy $ongs 4 U,2025-02-14,day,https://i.scdn.co/image/ab67616d0000b273cc392813bfd8f63d4d5f4a95,2025-08-25T16:20:31
3071,S.A.N.D.A.S.,2017-06-09,day,https://i.scdn.co/image/ab67616d0000b2734d1ebda3f8a8092760ff7762,2025-08-25T16:20:32
3072,CHAMPAIN & VACAY,2025-07-11,day,https://i.scdn.co/image/ab67616d0000b273124869b6f7df071e3c77d646,2025-08-25T16:20:35
3073,1995,2025-07-17,day,https://i.scdn.co/image/ab67616d0000b2734658a119c01ccb8c4f83c95d,2025-08-25T16:20:36
3074,"ICED TEA (feat. 21 Savage, Project Pat & Coupe)",2025-07-18,day,https://i.scdn.co/image/ab67616d0000b273635d440672183ac6a966ee0f,2025-08-25T16:20:36
3075,Agmal Aghani Talal Madah,1999-12-31,day,https://i.scdn.co/image/ab67616d0000b27371d2f449a62e7ae2c7b21c49,2025-08-25T16:20:37
3076,ما نسيتيني,1994-10-12,day,https://i.scdn.co/image/ab67616d0000b27363e910d64343bf562268872c,2025-08-25T16:20:38
3077,وياه,2009-06-28,day,https://i.scdn.co/image/ab67616d0000b27398bdd50320cac917964078bc,2025-08-25T16:20:38
3078,Shik Shak Shok (Remastered),2020-08-13,day,https://i.scdn.co/image/ab67616d0000b273b253d2e4bcd98f8078a5a3dd,2025-08-25T16:20:39
3079,Nadini,2005-03-16,day,https://i.scdn.co/image/ab67616d0000b273e826a500e629f5bb3264251d,2025-08-25T16:20:39
3080,Arabian Dance Fever: Nagwa Fouad Belly Dance Music,2014-11-14,day,https://i.scdn.co/image/ab67616d0000b2734a2e2bf92d728dae0d7105af,2025-08-25T16:20:40
3081,Tamni Aleek,2004-01-01,day,https://i.scdn.co/image/ab67616d0000b273472e2144f7033b15ff30c2d0,2025-08-25T16:20:41
3082,DON'T TAP THE GLASS,2025-07-21,day,https://i.scdn.co/image/ab67616d0000b273979047951fa8b15df9f9e984,2025-08-25T16:20:41
3083,Mapogo Lions,2025-07-18,day,https://i.scdn.co/image/ab67616d0000b27330f8ffb7dbfd9bdcb10cb827,2025-08-25T16:20:42
3084,Let It Run (feat. Snoop Dogg),2025-07-18,day,https://i.scdn.co/image/ab67616d0000b2730ab2158ed169c95eff381bde,2025-08-25T16:20:42
3085,Round 2,2025-07-17,day,https://i.scdn.co/image/ab67616d0000b273f28cdb05371d2cc6eadf520e,2025-08-25T16:20:43
3086,Tear Me Down,2025-07-17,day,https://i.scdn.co/image/ab67616d0000b27302fa2d0cb5526ae3b8b90e21,2025-08-25T16:20:43
3087,Legends Never Die (5 Year Anniversary Edition),2025-07-11,day,https://i.scdn.co/image/ab67616d0000b273773d138a4e607efd8c1610cd,2025-08-25T16:20:44
3088,BULLY,2025-07-04,day,https://i.scdn.co/image/ab67616d0000b27337c2a47b8218f5c89eb20d99,2025-08-25T16:20:45
3089,Alfredo 2,2025-07-25,day,https://i.scdn.co/image/ab67616d0000b273e098f51a1a2ebb827dc6099a,2025-08-25T16:20:45
3090,I LOVE MAKONNEN,2014-12-15,day,https://i.scdn.co/image/ab67616d0000b273c1bc9933455c578be3199a1d,2025-08-25T16:20:46
3091,Metro Boomin Presents: A Futuristic Summa (Hosted by DJ Spinz),2025-08-01,day,https://i.scdn.co/image/ab67616d0000b27315c63783c035a7a56e5bd86e,2025-08-25T16:20:46
3092,Professional,2025-07-25,day,https://i.scdn.co/image/ab67616d0000b273fd9d8d7b0698f683f38b01c9,2025-08-25T16:20:47
3093,4eva Na Day [Road Less Traveled Edition],2012-01-01,day,https://i.scdn.co/image/ab67616d0000b27313c48a36ea65c771beee1791,2025-08-25T16:20:48
3094,The Elephant Man's Bones,2022-08-26,day,https://i.scdn.co/image/ab67616d0000b2733768eb8e45753e145aefb437,2025-08-25T16:20:48
3095,Dark Night Sweet Light,2015-08-28,day,https://i.scdn.co/image/ab67616d0000b273dcc74ce942d2bfb89fe23fe0,2025-08-25T16:20:49
3096,Legends Never Die,2013-04-30,day,https://i.scdn.co/image/ab67616d0000b273d9948006d715764e5726b4d8,2025-08-25T16:20:50
3097,Richmond Hill (Deluxe),2024-01-26,day,https://i.scdn.co/image/ab67616d0000b2736147dc999db914e1cef9a700,2025-08-25T16:20:51
3098,Unruly,2025-06-20,day,https://i.scdn.co/image/ab67616d0000b2733ceffe7b94ac305e650db66e,2025-08-25T16:20:51
3099,The Falling Season,2016-05-13,day,https://i.scdn.co/image/ab67616d0000b2732a2598719252fb118db9040c,2025-08-25T16:20:52
3100,Madvillainy Demos,2025-01-31,day,https://i.scdn.co/image/ab67616d0000b2733c66f592786dcb7a9f1e2abc,2025-08-25T16:20:52
3101,Chopin: Waltzes (Complete),1992-06-10,day,https://i.scdn.co/image/ab67616d0000b273cf4403bcb9c3f0ceb35577c7,2025-08-25T16:20:53
3102,Shostakovich: Piano Concerto No. 2 / Symphony for Strings,1986-02-01,day,https://i.scdn.co/image/ab67616d0000b273ecfaa75f3e035bb88100b3a3,2025-08-25T16:20:54
3103,Liszt: Scherzo and March / 3 Liebestraume / Berceuse,1998-03-05,day,https://i.scdn.co/image/ab67616d0000b27321ef301217c69ef3f1be3803,2025-08-25T16:20:54
3104,No Love Connections,2025-08-08,day,https://i.scdn.co/image/ab67616d0000b27355e7c226ad6939ebf94639ff,2025-08-25T16:20:55
3105,i need meds,2025-07-23,day,https://i.scdn.co/image/ab67616d0000b273a8ccfb0102c47804182f6067,2025-08-25T16:20:55
3106,SLIDE,2024-08-03,day,https://i.scdn.co/image/ab67616d0000b273ee41f87b6c6ddf3734934e72,2025-08-25T16:20:56
3107,Back To The Street 2,2014-12-08,day,https://i.scdn.co/image/ab67616d0000b27359516edca58f39dee96795ec,2025-08-25T16:20:56
3108,So Fly,2021-08-19,day,https://i.scdn.co/image/ab67616d0000b27311b9e750a076350885db2240,2025-08-25T16:20:57
3109,Tchaikovsky: Symphony No. 5,2020-10-23,day,https://i.scdn.co/image/ab67616d0000b2732368cdd1a19ef79aa4bdfd14,2025-08-25T16:20:58
3110,"Vanisher, Horizon Scraper",2025-07-25,day,https://i.scdn.co/image/ab67616d0000b273428bec3d665ac543abc1905b,2025-08-25T16:20:58
3112,Damaged Thoughts,2025-07-25,day,https://i.scdn.co/image/ab67616d0000b273018a0cbaf05ca7a3df30b8d9,2025-08-25T16:20:59
3113,Covert Coup,2011-01-01,year,https://i.scdn.co/image/ab67616d0000b27394ddb7375465c4042bbe2830,2025-08-25T16:21:02
3114,Til The Casket Drops,2009-12-08,day,https://i.scdn.co/image/ab67616d0000b27351034bd5de77a4379db7ebfa,2025-08-25T16:21:03
3115,King Push – Darkest Before Dawn: The Prelude,2015-12-18,day,https://i.scdn.co/image/ab67616d0000b27316f96f33365e0ae909f75698,2025-08-25T16:21:06
3116,Don't Forget 'Em (Remix) [feat. Kanye West],2016-06-19,day,https://i.scdn.co/image/ab67616d0000b273c37e7a7c974a576a0899586f,2025-08-25T16:21:06
3117,"Flyest Nigga In Charge, Vol. 1",2005-01-02,day,https://i.scdn.co/image/ab67616d0000b2731af6336564507a47399c5f9e,2025-08-25T16:21:07
3118,Wins & Losses (Deluxe Edition),2017-08-04,day,https://i.scdn.co/image/ab67616d0000b273726ec4d0c541372e8e8cbce7,2025-08-25T16:21:08
3119,Summer Sixteen,2016-01-31,day,https://i.scdn.co/image/ab67616d0000b273b2c1fada97bb5f3524d3c6e9,2025-08-25T16:21:08
3122,All My Friends - EP,2016-04-15,day,https://i.scdn.co/image/ab67616d0000b273813300e61b70247a43f54c53,2025-08-25T16:21:09
3129,Banking on me,2022-02-14,day,https://i.scdn.co/image/ab67616d0000b2738538ab9fb154445316929c23,2025-08-25T16:21:12
3130,Live Laugh Love,2025-08-22,day,https://i.scdn.co/image/ab67616d0000b273619b353c405fd6b7ec17a262,2025-08-25T16:21:13
3131,Invocation,,day,,
3132,Free,2025-08-22,day,https://i.scdn.co/image/ab67616d0000b273e6b4921ff23d490f9a6cfd7d,2025-08-25T16:21:15
3133,Port Antonio,2024-12-31,day,https://i.scdn.co/image/ab67616d0000b2739b67008b53d0da58f797683f,2025-08-31T20:17:04
3134,The Edge,2025-08-12,day,https://i.scdn.co/image/ab67616d0000b2731b42678cf559ac45fc1e91bc,2025-08-25T16:21:15
3135,Style Rare (with Gunna),2024-06-28,day,https://i.scdn.co/image/ab67616d0000b2739b50dd9ddff38cf047b83be9,2025-08-25T16:21:17
3136,GOT A CHECK,2025-04-22,day,https://i.scdn.co/image/ab67616d0000b273539dbb9662bf90955582a004,2025-08-25T16:21:17
3137,No Volunteers,2024-09-25,day,https://i.scdn.co/image/ab67616d0000b273b75f3c88172d1381393885bb,2025-08-25T16:21:18
3138,MAINTAIN,2025-05-06,day,https://i.scdn.co/image/ab67616d0000b2734b4cc63645545747f4522a1f,2025-08-25T16:21:18
3139,6 Speed,2024-12-30,day,https://i.scdn.co/image/ab67616d0000b273f24ccc10211a6704b2b994b8,2025-08-25T16:21:19
3140,Diamonds N MY Cartier,2025-05-22,day,https://i.scdn.co/image/ab67616d0000b273fd160d87420fa18578d3babc,2025-08-25T16:21:19
3142,YOU CRY LOVE.,2024-10-04,day,https://i.scdn.co/image/ab67616d0000b273aacefe4dba5728517635ee15,2025-08-25T16:21:21
3143,Apparently,,day,,
3145,Adjust to the Game,2020-03-04,day,https://i.scdn.co/image/ab67616d0000b273798eb7dbee9b7bb3545eea52,2025-08-25T16:21:24
3146,Drip Or Drown 4,2025-01-27,day,https://i.scdn.co/image/ab67616d0000b27333a09381398b66f278610103,2025-08-31T20:17:06
3147,PASSPORT FREESTYLE,2025-05-12,day,https://i.scdn.co/image/ab67616d0000b273d0db92a1b62732e472533e69,2025-08-31T20:17:06
3148,2 TURNT (DELUXE),2024-11-29,day,https://i.scdn.co/image/ab67616d0000b2733212847f56344bc06855f4a1,2025-08-31T20:17:06
3149,Who Got a Problem,2025-07-19,day,https://i.scdn.co/image/ab67616d0000b2738876cee2699e33bfa987e7cf,2025-08-31T20:17:07
3150,Shadow of a Doubt,2015-11-20,day,https://i.scdn.co/image/ab67616d0000b273ac775a451c738a3b4ba7d080,2025-08-31T20:17:07
3151,order,2023-11-22,day,https://i.scdn.co/image/ab67616d0000b27331191a1c6aa47565dc0f0f7b,2025-08-31T20:17:07
3152,Easter Pink,2025-04-28,day,https://i.scdn.co/image/ab67616d0000b273240a9a212ba157a858d32e80,2025-08-31T20:17:07
3153,BIG STONES,2025-05-26,day,https://i.scdn.co/image/ab67616d0000b273fe223d68d63e703087377048,2025-08-31T20:17:07
3154,LIFE IS A GAMBLE,2024-07-26,day,https://i.scdn.co/image/ab67616d0000b273d29685899523272d684879b6,2025-08-31T20:17:08
3155,Relax,2025-06-02,day,https://i.scdn.co/image/ab67616d0000b273834be197c96018207dbbc208,2025-08-31T20:17:08
3156,I MADE IT,2025-03-31,day,https://i.scdn.co/image/ab67616d0000b2739734d2b9a888c0a915144898,2025-08-31T20:17:08
3158,Murdaa,2024-05-03,day,https://i.scdn.co/image/ab67616d0000b273aacc359f1cd591934defdc5a,2025-08-31T20:17:08
3159,Different Mind State,2023-12-14,day,https://i.scdn.co/image/ab67616d0000b2736d3c144327291ce65297a99b,2025-08-31T20:17:09
3160,Da Slime,,day,,
3161,Remain The Same,2025-04-28,day,https://i.scdn.co/image/ab67616d0000b2732c1364298c5234a67ccb26cd,2025-08-31T20:17:09
3162,Kiari,2025-08-22,day,https://i.scdn.co/image/ab67616d0000b273722bdc5a6faf3af8cb7618ee,2025-08-31T20:17:10
3163,The Color Violet,2021-12-10,day,https://i.scdn.co/image/ab67616d0000b273d8de8d8148b7850cdb5c3e5c,2025-08-31T20:17:11
3164,Peterson,2025-03-07,day,https://i.scdn.co/image/ab67616d0000b273e2c60442cfaac9d9d258cf6b,2025-08-31T20:17:11
3165,Wish I Never Met You (Prison Tapes),2024-07-26,day,https://i.scdn.co/image/ab67616d0000b273a0d99927dabb2a8fc5014760,2025-08-31T20:17:12
3166,F.U.N.,2024-05-03,day,https://i.scdn.co/image/ab67616d0000b2731d29061d1dc1759e701f8348,2025-08-31T20:17:12
3167,Fix Up,2011-11-25,day,https://i.scdn.co/image/ab67616d0000b2736a4a6dfce3c1371f44e0fa41,2025-08-31T20:17:13
3168,One Up,2022-10-13,day,https://i.scdn.co/image/ab67616d0000b273fbd8f34027905f537b9a3f0a,2025-08-31T20:17:13
3169,Lonely At The Top,2025-08-29,day,https://i.scdn.co/image/ab67616d0000b2732c659cd5c18e91db0ea83145,2025-08-31T20:17:13
3170,Re-Up Gang The Saga Continues,,day,,
3172,LOVERS OR FRIENDS,2025-08-01,day,https://i.scdn.co/image/ab67616d0000b273daccdb4de0ee25748973a1f0,2025-08-31T20:17:15
3173,Call Me By Your Name (Original Motion Picture Soundtrack),,day,,
3174,Skepta .. Fred,,day,,
3175,Jan 14th,2025-01-15,day,https://i.scdn.co/image/ab67616d0000b273a4d2a0591d41ed86cc5896a9,2025-08-31T20:17:17
3176,Coco Gauff,2025-08-25,day,https://i.scdn.co/image/ab67616d0000b273ebf0fdaa0235f15d0f922ea7,2025-08-31T20:17:17
3177,London Calling (Remastered),1979-01-01,year,https://i.scdn.co/image/ab67616d0000b273cd9d8bc9ef04014b6e90e182,2025-08-31T20:17:17
3178,Inside In / Inside Out,2006-01-01,day,https://i.scdn.co/image/ab67616d0000b27363a28c5ecb7b13e9b329fe47,2025-08-31T20:17:18
3179,New Beginnings,2020-10-09,day,https://i.scdn.co/image/ab67616d0000b2733907a711fe2eaf9f50585572,2025-08-31T20:17:18
3180,Stillmatic,2001-12-18,day,https://i.scdn.co/image/ab67616d0000b273e263bba2f829ca98b6235e5a,
2,Jealousy,2024-01-31,day,https://i.scdn.co/image/ab67616d0000b273557cbb41c8672f28a841c226,2025-09-01T00:11:25.586726
63,Right Time to Rock You,2013-02-08,day,https://i.scdn.co/image/ab67616d0000b27378a581ce8a1e088110406c76,2025-09-01T00:11:28.174507
76,"Crew REMIX (feat. Gucci Mane, Brent Faiyaz & Shy Glizzy)",2017-06-22,day,https://i.scdn.co/image/ab67616d0000b273bd7ca47d665d337c265a6a04,2025-09-01T00:11:28.803693
122,The Manuscript,2017-06-08,day,https://i.scdn.co/image/ab67616d0000b273341fb4c373407524a0d007da,2025-09-01T00:11:31.093572
162,Anything in Return,2013-01-22,day,https://i.scdn.co/image/ab67616d0000b273a87e4b5000c67ace734c8df5,2025-09-01T00:11:32.644097
183,Things Fall Apart (Deluxe Edition),1999-02-23,day,https://i.scdn.co/image/ab67616d0000b27321a454b75cf529b3aaec4a84,2025-09-01T00:11:33.944007
397,Take Care (Deluxe),2011-11-15,day,https://i.scdn.co/image/ab67616d0000b273c7ea04a9b455e3f68ef82550,2025-09-01T16:28:38.165642
1607,Still Brazy (Deluxe),2016-06-17,day,https://i.scdn.co/image/ab67616d0000b273f731c8017e36b13e252bd2c6,2025-09-01T23:17:06.556157
3194,My Krazy Life (Deluxe),2014-03-18,day,https://i.scdn.co/image/ab67616d0000b27349fbbf5b483d1bbdd2c025c4,2025-09-01T23:21:32.577369
3157,We Speedin,2024-11-03,day,https://i.scdn.co/image/ab67616d0000b2737e8989e6ca1b7dfaf0097c20,2025-09-01T23:31:43.127727
3193,Red Friday,2016-11-25,day,https://i.scdn.co/image/ab67616d0000b27384887a4cfa2fe66de3154cf3,2025-09-01T22:44:06.495729