id,name,image_url,last_fetched
1,Pusha T,https://i.scdn.co/image/ab6761610000e5ebc5b88a3924d8318f25f20594,2025-08-25T15:33:40
5,GoldLink,https://i.scdn.co/image/ab6761610000e5ebcbc832b2057435aa9eb7a6ea,2025-08-25T15:33:40
6,Clipse,https://i.scdn.co/image/ab6761610000e5eb7d6973a4df776665c9852f26,2025-08-25T15:33:40
8,Joey Bada$$,https://i.scdn.co/image/ab6761610000e5ebae01fe0d10cd8ebb4707c461,2025-08-25T15:33:41
9,Metro Boomin,https://i.scdn.co/image/ab6761610000e5eb28f1e72b31e756ea3f3a51e7,2025-08-25T15:33:41
10,Meek Mill,https://i.scdn.co/image/ab6761610000e5ebc14756c27212bdea80f6cfac,2025-08-25T15:33:41
11,Migos,https://i.scdn.co/image/ab6761610000e5ebf4593f7b778219838d858c34,2025-08-25T15:33:41
12,Young Stoner Life,https://i.scdn.co/image/ab6761610000e5eb426433c9b6997417d193516c,2025-08-25T15:33:41
13,Future,https://i.scdn.co/image/ab6761610000e5eb7565b356bc9d9394eefa2ccb,2025-08-25T15:33:41
14,Travis Scott,https://i.scdn.co/image/ab6761610000e5eb19c2790744c792d05570bb71,2025-08-25T15:33:41
15,Don Toliver,https://i.scdn.co/image/ab6761610000e5eb62d52993e245cb161f89b01c,2025-08-25T15:33:41
16,Gunna,https://i.scdn.co/image/ab6761610000e5eba998bc86f87b9fe7e2466110,2025-08-25T15:33:41
17,Denzel Curry,https://i.scdn.co/image/ab6761610000e5eb8e265da892579da2139b659f,2025-08-25T15:33:41
19,Quadeca,https://i.scdn.co/image/ab6761610000e5eb6eae25db29222c0168d25cf7,2025-08-25T15:33:41
20,Flatbush ZOMBiES,https://i.scdn.co/image/ab6761610000e5eb48807b66b83a3ce51ee9504f,2025-08-25T15:33:41
21,Freddie Gibbs,https://i.scdn.co/image/ab6761610000e5eb499def7bd0369aa26a22273c,2025-08-25T15:33:41
22,Offset,https://i.scdn.co/image/ab6761610000e5eb0f794f3394223026afa7776d,2025-08-25T15:33:42
23,Ei8ht,https://i.scdn.co/image/ab6761610000e5ebbe7af4a3d3bf673c917c2786,2025-08-25T15:33:42
24,Sergei Rachmaninoff,https://i.scdn.co/image/463e3c5c3e814761532f554913cf2af456bcba59,2025-08-25T15:33:42
25,Kanye West,https://i.scdn.co/image/ab6761610000e5eb6e835a500e791bf9c27a422a,2025-08-25T15:33:42
26,Mobb Deep,https://i.scdn.co/image/ab6761610000e5ebf85a8db4c66d84f796d2afe5,2025-08-25T15:33:42
27,Westside Gunn,https://i.scdn.co/image/ab6761610000e5eb10b517960f313575989c44c1,2025-08-25T15:33:42
28,Black Hippy,https://i.scdn.co/image/ab67616d0000b273dd1e5c4720d00722fa0cd3dc,2025-08-25T15:33:42
29,50 Cent,https://i.scdn.co/image/dd031b9c5d1b6eba4a691cd89c954255aae787f2,2025-08-25T15:33:42
30,Dr. Dre,https://i.scdn.co/image/83d2489cade1dadcdc533ddbcd74993d0ca6d4cb,2025-08-25T15:33:42
31,Redman,https://i.scdn.co/image/ab6761610000e5ebb3abe39a345181d9ec8f985f,2025-08-25T15:33:42
32,Kodak Black,https://i.scdn.co/image/ab6761610000e5eb70c05cf4dc9a7d3ffd02ba19,2025-08-25T15:33:42
33,G-Unit,https://i.scdn.co/image/a668bc3f083377ca8889e9f8273c752e0342c4e0,2025-08-25T15:33:42
34,Lil Uzi Vert,https://i.scdn.co/image/ab6761610000e5eba8ce348f34f18241d3249fa9,2025-08-25T15:33:42
35,Black Moon,https://i.scdn.co/image/ab6761610000e5ebf651fc3898af81dce0ad9f51,2025-08-25T15:33:43
37,Mick Jenkins,https://i.scdn.co/image/ab6761610000e5eb0363debe6b7819966d3b58d3,2025-08-25T15:33:43
38,Dave,https://i.scdn.co/image/ab6761610000e5ebd03e9ecf77419871b96daee1,2025-08-25T15:33:43
39,Stormzy,https://i.scdn.co/image/ab6761610000e5eb674d29e07df021a35df3ddf1,2025-08-25T15:33:43
40,PARTYNEXTDOOR,https://i.scdn.co/image/ab6761610000e5eb957320981e31e862bc2fb844,2025-08-25T15:33:43
41,Ghostpoet,https://i.scdn.co/image/ab6761610000e5eb2e1a92dabcfd6c66abf5841b,2025-08-25T15:33:43
42,Eli Sostre,https://i.scdn.co/image/ab6761610000e5eb08247eb7791ce3ab616311da,2025-08-25T15:33:43
43,Chance the Rapper,https://i.scdn.co/image/ab6761610000e5ebd4d18d62a36a26fe36b70e2a,2025-08-25T15:33:43
44,Black Milk,https://i.scdn.co/image/ab6761610000e5eb523862bf1aa797e5aff62060,2025-08-25T15:33:43
46,Frank Ocean,https://i.scdn.co/image/ab6761610000e5ebee3123e593174208f9754fab,2025-08-25T15:33:43
47,Vince Staples,https://i.scdn.co/image/ab6761610000e5eb53054f8bc7e0153daefe12cc,2025-08-25T15:33:43
48,Smino,https://i.scdn.co/image/ab6761610000e5eb4942e4dee1baf077fe6a9e2c,2025-08-25T15:33:43
49,Sampa the Great,https://i.scdn.co/image/ab6761610000e5eb671f5136d036f29c54f9ec3c,2025-08-25T15:33:43
50,Allan Kingdom,https://i.scdn.co/image/ab6761610000e5eb0c36f16dcff8be672b9d7da5,2025-08-25T15:33:43
51,Jay Prince,https://i.scdn.co/image/ab6761610000e5eb3a06ace64145d1de853b7a54,2025-08-25T15:33:43
52,Isaiah Rashad,https://i.scdn.co/image/ab6761610000e5eb1ff1685224034e6c12538722,2025-08-25T15:33:43
53,Big K.R.I.T.,https://i.scdn.co/image/ab6761610000e5eb4d26b2de239ec5c293ad1abc,2025-08-25T15:33:44
54,Mos Def,https://i.scdn.co/image/d39cd5769332fb51014cc1cc9934c8890fcd49f7,2025-08-25T15:33:44
55,Masta Ace,https://i.scdn.co/image/040c5e5c0ad6bed9eb636dc93a77f502faa81396,2025-08-25T15:33:44
56,Jaylib,https://i.scdn.co/image/ab67616d0000b273967aa4dc16ce84800b14a47f,2025-08-25T15:33:44
57,De La Soul,https://i.scdn.co/image/ab6761610000e5ebc443011311dcf7f6eeaf507d,2025-08-25T15:33:44
58,Grip Grand,https://i.scdn.co/image/ab6761610000e5ebaac565f3960040004c968ad5,2025-08-25T15:33:44
59,Gucci Mane,https://i.scdn.co/image/ab6761610000e5ebb9b77f64bd278ffde2c94428,2025-08-25T15:33:44
60,Ghostface Killah,https://i.scdn.co/image/ee2180486a42e11b6a0dfafdba9e2dbb9297a9b3,2025-08-25T15:33:44
62,Killer Mike,https://i.scdn.co/image/ab6761610000e5eb529dee5aaa5b6d45813f93d9,2025-08-25T15:33:44
63,Jay Rock,https://i.scdn.co/image/ab6761610000e5eb9c48431caf52a2d0f38433ff,2025-08-25T15:33:44
64,PRhyme,https://i.scdn.co/image/ab6761610000e5ebc5b30764157fcca646417d59,2025-08-25T15:33:44
65,Rick Ross,https://i.scdn.co/image/ab6761610000e5eb8196a8109c28a8b8aca28fae,2025-08-25T15:33:45
66,Danny Brown,https://i.scdn.co/image/ab6761610000e5eb196db1757e46efbecd7314c6,2025-08-25T15:33:45
67,El-P,https://i.scdn.co/image/ab6761610000e5eb0638f3bd379fbd2ceebc8bda,2025-08-25T15:33:45
68,Kehlani,https://i.scdn.co/image/ab6761610000e5eb57082fd22d755e80a648fac3,2025-08-25T15:33:45
36,Nas,https://i.scdn.co/image/ab6761610000e5eb153198caeef9e3bda92f9285,2025-09-01T00:22:20.468359
45,ScHoolboy Q,https://i.scdn.co/image/ab6761610000e5eba59f2f483877c8d0142f71f3,2025-09-01T23:21:32.577369
7,Young Thug,https://i.scdn.co/image/ab6761610000e5eb3526c8e811f828c10fa4dd90,2025-09-01T16:34:10.047339
18,Nipsey Hussle,https://i.scdn.co/image/ab6761610000e5ebe9edae8fe232af1d2995c991,2025-09-01T23:17:06.556157
61,The Game,https://i.scdn.co/image/ab6761610000e5eba657aa5506945d264e147244,2025-09-01T23:31:43.127727
69,Big Boi,https://i.scdn.co/image/ab6761610000e5eb7f3c0dffb5229c8734ff60b2,2025-08-25T15:33:45
70,Wu-Tang Clan,https://i.scdn.co/image/ab6761610000e5ebe60866298962b71792b2bf1a,2025-08-25T15:33:45
71,T.I.,https://i.scdn.co/image/ab6761610000e5eb12057d342f33c61b3768f2bc,2025-08-25T15:33:45
72,Vic Mensa,https://i.scdn.co/image/ab6761610000e5eb409703a456d7a4401f307956,2025-08-25T15:33:45
73,The Weeknd,https://i.scdn.co/image/ab6761610000e5eb9e528993a2820267b97f6aae,2025-08-25T15:33:45
74,Heltah Skeltah,https://i.scdn.co/image/062a6bfd4d4ec55e83b45ae6bb5602655a3f72a7,2025-08-25T15:33:45
75,T-Pain,https://i.scdn.co/image/ab6761610000e5eb99a856ab4ab752d85e50a750,2025-08-25T15:33:45
76,JAY-Z,https://i.scdn.co/image/ab6761610000e5ebc75afcd5a9027f60eaebb5e4,2025-08-25T15:33:45
77,DMX,https://i.scdn.co/image/ab6761610000e5ebd3258669d149a2e4e247a3d2,2025-08-25T15:33:45
78,A$AP Ferg,https://i.scdn.co/image/ab6761610000e5eb11b1fd4dfaa772c272ac98ec,2025-08-25T15:33:45
79,D'Angelo,https://i.scdn.co/image/c69197fa9d01ec73e2617525b920e76b550ba2e2,2025-08-25T15:33:46
80,Mr. Muthafuckin' eXquire,https://i.scdn.co/image/ab6761610000e5ebd47dd47bc2811e7ffb874264,2025-08-25T15:33:46
81,A$AP Rocky,https://i.scdn.co/image/ab6761610000e5eb5c58c41a506a0d6b32cc6cad,2025-08-25T15:33:46
82,Rae Sremmurd,https://i.scdn.co/image/ab6761610000e5ebca1568791bf7ac0cf34dbc66,2025-08-25T15:33:46
83,Honey Cone,https://i.scdn.co/image/ab6761610000e5ebdf31ebe6fc07f26a78e01c98,2025-08-25T15:33:46
84,Al Green,https://i.scdn.co/image/ab6761610000e5eb64382b1015df52a6bc32c3b7,2025-08-25T15:33:46
85,Lenny Williams,https://i.scdn.co/image/ab6761610000e5eb7911ff1f44347baf728dec87,2025-08-25T15:33:46
86,FU-Schnickens,https://i.scdn.co/image/ab67616d0000b273ecc60b5b950e2297fb9a307c,2025-08-25T15:33:46
87,Beyoncé,https://i.scdn.co/image/ab6761610000e5eb7eaa373538359164b843f7c0,2025-08-25T15:33:46
88,Sam Smith,https://i.scdn.co/image/ab6761610000e5ebd6b2f9db8528fc0cec4cd6c7,2025-08-25T15:33:46
89,John Legend,https://i.scdn.co/image/ab6761610000e5eb01784e44ffd1a339350f4417,2025-08-25T15:33:46
90,Towkio,https://i.scdn.co/image/ab6761610000e5eb7651f44a0b5099c00c7a932e,2025-08-25T15:33:46
91,Tut,https://i.scdn.co/image/ab67616d0000b273d3b4b52cee13c7b785145ab2,2025-08-25T15:33:46
92,Raekwon,https://i.scdn.co/image/ab6761610000e5ebd922d993d9c110580d51f724,2025-08-25T15:33:47
94,Rihanna,https://i.scdn.co/image/ab6761610000e5eb373e1be0410d4212bf72acab,2025-08-25T15:36:41
95,The Worship Initiative,https://i.scdn.co/image/ab67616d0000b273df689c19d158bdd1ea50b1d2,2025-08-25T15:36:42
96,Open Mike Eagle,https://i.scdn.co/image/ab6761610000e5ebbd165384cddda352ca49ef0f,2025-08-25T15:36:42
97,Earl Sweatshirt,https://i.scdn.co/image/ab6761610000e5eb0c35182f50b3a0404adc56cd,2025-08-25T15:36:43
98,Toro y Moi,https://i.scdn.co/image/ab6761610000e5eb39b201e2a11f41de823c85e0,2025-08-25T15:36:43
99,A Tribe Called Quest,https://i.scdn.co/image/ab6761610000e5eb774d73ae6796b6f437d89db9,2025-08-25T15:36:44
100,Deltron 3030,https://i.scdn.co/image/ab6761610000e5eba94efd9c009b574902667a0a,2025-08-25T15:36:45
101,Charli XCX,https://i.scdn.co/image/ab6761610000e5eb936885667ef44c306483c838,2025-08-25T15:36:45
102,Gang Starr,https://i.scdn.co/image/ab6761610000e5eb85ee94998a936ef47231db39,2025-08-25T15:36:46
103,Wale,https://i.scdn.co/image/ab6761610000e5eb204ce9bb25bd19a056cac78a,2025-08-25T15:36:47
104,J. Cole,https://i.scdn.co/image/ab6761610000e5eb4b053c29fd4b317ff825f0dc,2025-08-25T15:36:47
105,RZA,https://i.scdn.co/image/ab6761610000e5ebf01db23743dc11902c9d3a6c,2025-08-25T15:36:48
106,The Roots,https://i.scdn.co/image/ab6761610000e5eb7e92a85b9e31236380cd38f2,2025-08-25T15:36:49
107,Jazz Cartier,https://i.scdn.co/image/ab6761610000e5eb947615626afe4bea83800ed7,2025-08-25T15:36:49
108,Snoop Dogg,https://i.scdn.co/image/ab6761610000e5eb9a398209a4ef3360dce2dec4,2025-08-25T15:36:50
109,Ras Kass & Apollo Brown feat. Pharoahe Monch & Rakaa Iriscience,https://i.scdn.co/image/ab6761610000e5eb814631f08b93b61c5ccdfdba,2025-08-25T15:36:51
110,Action Bronson,https://i.scdn.co/image/ab6761610000e5ebaef8392a62c123944b6383b2,2025-08-25T15:36:51
111,Skepta,https://i.scdn.co/image/ab6761610000e5eb247e3bd61bd004869b5bffc3,2025-08-25T15:36:52
112,Q-Tip,https://i.scdn.co/image/de7804e485499fb93165fb84bb6d655232c561e2,2025-08-25T15:36:53
113,Miguel,https://i.scdn.co/image/ab6761610000e5eb35e36c368fdcd26aba296bd1,2025-08-25T15:36:53
114,Kid Cudi,https://i.scdn.co/image/ab6761610000e5eb5f00bb6dd7a7008d14156630,2025-08-25T15:36:54
115,MF DOOM,https://i.scdn.co/image/ab6761610000e5eb6c8167ef48a872b6f190078f,2025-08-25T15:36:54
116,Gorillaz,https://i.scdn.co/image/ab6761610000e5eb8699856fde13105fa01279ad,2025-08-25T15:36:55
117,Chief Keef,https://i.scdn.co/image/ab6761610000e5ebf3d48b48b4603bd55f489655,2025-08-25T15:36:55
118,The Mouse Outfit,https://i.scdn.co/image/ab6761610000e5eba273957e1ede5d85ddc9e86c,2025-08-25T15:36:56
119,Akon,https://i.scdn.co/image/ab6761610000e5eb8c5984726ddb2c2d90ada28d,2025-08-25T15:36:57
120,Selena Gomez,https://i.scdn.co/image/ab6761610000e5eb815e520e3ce7fe210046ba66,2025-08-25T15:36:57
121,Lucki Eck$,,2025-08-25T15:36:58
122,N.W.A,https://i.scdn.co/image/4f36d3f900eaf8381b0d3f5febe0e5bf8c94dbea,2025-08-25T15:36:58
123,Kano,https://i.scdn.co/image/ab6761610000e5eb62c429f07a580decf69d15ad,2025-08-25T15:36:59
124,Anderson .Paak,https://i.scdn.co/image/ab6761610000e5eb96287bd47570ff13f0c01496,2025-08-25T15:36:59
125,Leather Corduroys,,2025-08-25T15:37:00
126,Drake & Future,https://i.scdn.co/image/ab6761610000e5eba443e3075d2e42d3bd737dec,2025-08-25T15:37:01
127,Madvillain,https://i.scdn.co/image/bc99e9cb1976fcecb929d819b3dfc6f6fabca500,2025-08-25T15:37:01
128,Aphex Twin,https://i.scdn.co/image/ab6761610000e5ebaa3c91d792eb520a5d58daa5,2025-08-25T15:37:02
129,Tame Impala,https://i.scdn.co/image/ab6761610000e5ebe412a782245eb20d9626c601,2025-08-25T15:37:02
130,Three 6 Mafia,https://i.scdn.co/image/ab6761610000e5eb697a2395da5148557c36af55,2025-08-25T15:37:03
131,UGK,https://i.scdn.co/image/cf95005638faa49084ee28837830fb4727df5420,2025-08-25T15:37:03
132,Justin Timberlake,https://i.scdn.co/image/ab6761610000e5eb7a5cfe2597665a3d160e805e,2025-08-25T15:37:04
133,Wet,https://i.scdn.co/image/ab6761610000e5ebb7016deef94cdf024107712e,2025-08-25T15:37:05
134,Christina Perri,https://i.scdn.co/image/ab6761610000e5eb9bbbc124c9f0f75af892d97d,2025-08-25T15:37:05
135,Phonte,https://i.scdn.co/image/ab6761610000e5ebb9ed3a2176781bc9e4a60a24,2025-08-25T15:37:06
136,Bryson Tiller,https://i.scdn.co/image/ab6761610000e5eb078fdd734b7f0aa782328428,2025-08-25T15:37:07
137,Electronaut,https://i.scdn.co/image/ab67616d0000b27394688e58c3ea7ed58f733907,2025-08-25T15:37:07
138,Super Bowl Masters,,2025-08-25T15:37:08
139,Bruno Mars,https://i.scdn.co/image/ab6761610000e5ebc36dd9eb55fb0db4911f25dd,2025-08-25T15:37:08
140,Pharrell Williams,https://i.scdn.co/image/ab6761610000e5ebf0789cd783c20985ec3deb4e,2025-08-25T15:37:09
141,Joan Jett & the Blackhearts,https://i.scdn.co/image/ab6761610000e5eb18b65165ad4f5f1c188efc0b,2025-08-25T15:37:10
142,Kirk Knight,https://i.scdn.co/image/ab6761610000e5eb688a9a9e0c595942da267fa5,2025-08-25T15:37:11
143,Common,https://i.scdn.co/image/ab6761610000e5eb6354c88f58d8a99b91e0d965,2025-08-25T15:37:11
144,Iglooghost,https://i.scdn.co/image/ab6761610000e5ebc25aae4b8e48acf1de6d2a11,2025-08-25T15:37:12
145,Justin Bieber,https://i.scdn.co/image/ab6761610000e5eb86e362deb9f22566331fbdeb,2025-08-25T15:37:13
147,Logic,https://i.scdn.co/image/ab6761610000e5eb646477c13fe9ffb656d3607d,2025-08-25T15:37:14
148,BADBADNOTGOOD & Ghostface Killah,https://i.scdn.co/image/ab6761610000e5ebbb2efc4fc976f6aae6a4291b,2025-08-25T15:37:14
149,B.o.B,https://i.scdn.co/image/ab6761610000e5ebc9a97fba42e640d955fedf46,2025-08-25T15:37:15
150,Big Punisher,https://i.scdn.co/image/ab6761610000e5eb4dd28760ce53bdbc747fd598,2025-08-25T15:37:16
151,OutKast,https://i.scdn.co/image/ab6761610000e5eb0cb3f95b9f8f7337e135a925,2025-08-25T15:37:17
152,Busta Rhymes,https://i.scdn.co/image/ab6761610000e5eb7b31aba081ef084510cde4e3,2025-08-25T15:37:17
153,Jamie xx,https://i.scdn.co/image/ab6761610000e5eb5b2ba819fa89b17d6ae81567,2025-08-25T15:37:18
154,Fetty Wap,https://i.scdn.co/image/ab6761610000e5eb8ffb1b02e4435c5176b28ed2,2025-08-25T15:37:18
155,Big Grams,https://i.scdn.co/image/420dd4b210b5419b5f20a121fab69a9811fe5f4f,2025-08-25T15:37:19
156,Vaults,https://i.scdn.co/image/ab6761610000e5eb58b739891ab03a2f2cd8d4a8,2025-08-25T15:37:20
157,Frank Sinatra,https://i.scdn.co/image/fc4e0f474fb4c4cb83617aa884dc9fd9822d4411,2025-08-25T15:37:21
158,Ellie Goulding,https://i.scdn.co/image/ab6761610000e5ebc3cd7dc428871e8985d62b9a,2025-08-25T15:37:21
159,LAW رجل من الناس,https://i.scdn.co/image/ab67616d0000b2734e332a7c37751a8d3b01f0a6,2025-08-25T15:37:22
160,Smoke DZA,https://i.scdn.co/image/ab6761610000e5eb4449092233c92af320ab21e4,2025-08-25T15:37:23
161,Berner,https://i.scdn.co/image/ab6761610000e5eb6aa487996d7c599223d724bb,2025-08-25T15:37:23
162,amielea-x,https://i.scdn.co/image/ab6761610000e5eb8077a1548935c7898bb23f7a,2025-08-25T15:37:24
163,SINGLES/ALBUMS/MIXTAPES,https://i.scdn.co/image/ab6761610000e5eb9bb3756f2ee29fae00557129,2025-08-25T15:37:24
164,PRO ERA RADIO.,https://i.scdn.co/image/ab6761610000e5ebb815eb299be55eb6d68844ad,2025-08-25T15:37:26
165,JJ DOOM,https://i.scdn.co/image/ab6761610000e5eb801c34b0efea8a4b8f744cdc,2025-08-25T15:37:26
166,Captain Murphy,https://i.scdn.co/image/ab67616d0000b273990f85abdf17c2009709b7a3,2025-08-25T15:37:27
167,Czarface,https://i.scdn.co/image/ab6761610000e5ebb53ba4bbe0c428fa03cbf542,2025-08-25T15:37:27
168,Bishop Nehru,https://i.scdn.co/image/ab6761610000e5ebff0ab5c5a6ba86b99f087344,2025-08-25T15:33:49
169,PYRMDPLAZA,https://i.scdn.co/image/ab67616d0000b2736e71cf8f152b927761d75ffc,2025-08-25T15:33:49
170,KYLE,https://i.scdn.co/image/ab6761610000e5ebeb77665897ce533f73f59bf6,2025-08-25T15:33:49
171,A Great Big World,https://i.scdn.co/image/ab6761610000e5eb46416642da7b30327821d26e,2025-08-25T15:33:49
172,Ane Brun,https://i.scdn.co/image/ab6761610000e5ebf7b515a8e1c68b3cf08531f6,2025-08-25T15:33:49
173,Method Man & Redman,https://i.scdn.co/image/ab67616d0000b273faefde0d6cf0fb7a4174a81c,2025-08-25T15:33:49
174,Ice Cube,https://i.scdn.co/image/ab6761610000e5eb650e79afafd00492e33d7b8c,2025-08-25T15:33:49
175,Bone Thugs-N-Harmony,https://i.scdn.co/image/ab6761610000e5ebb60f40ed17d0ef8d1a630c00,2025-08-25T15:33:49
176,Black Milk & Danny Brown,https://i.scdn.co/image/ab6761610000e5eb4db42019fbbd78bcbb776611,2025-08-25T15:33:50
177,Statik Selektah,https://i.scdn.co/image/ab6761610000e5eb7d158cba1e961dcde00823e4,2025-08-25T15:33:50
178,Elzhi,https://i.scdn.co/image/ab6761610000e5ebf8b193e533dc4255db612f40,2025-08-25T15:33:50
179,Large Professor,https://i.scdn.co/image/ab67616d0000b273b8e85bb1055b5ee58a983328,2025-08-25T15:33:50
180,Anirudh Ravichander,https://i.scdn.co/image/ab6761610000e5eb0f0be2054fe9594026a6b843,2025-08-25T15:33:50
181,Flying Lotus,https://i.scdn.co/image/ab6761610000e5eb7bcc6d696b2e860c4c6e7dc5,2025-08-25T15:33:50
182,Revs Boogie,https://i.scdn.co/image/ab67616d0000b2731eab9b0f76fe5a47b63ec6a5,2025-08-25T15:33:50
183,Mac Miller,https://i.scdn.co/image/ab6761610000e5ebed3b89aa602145fde71a163a,2025-08-25T15:33:50
184,Arctic Monkeys,https://i.scdn.co/image/ab6761610000e5eb7da39dea0a72f581535fb11f,2025-08-25T15:33:50
185,CyHi The Prynce,https://i.scdn.co/image/ab6761610000e5eb57637a7c3cb67b5a49dd37bc,2025-08-25T15:33:50
186,Diplo,https://i.scdn.co/image/ab6761610000e5ebdf01727aa674ddefa777797a,2025-08-25T15:33:50
187,Big L,https://i.scdn.co/image/ab6761610000e5eba4f78bbc847304a2bc118e10,2025-08-25T15:33:51
188,Sean Price,https://i.scdn.co/image/ab6761610000e5ebcce72dbf9ccf498849346883,2025-08-25T15:33:51
189,Dizzee Rascal,https://i.scdn.co/image/ab6761610000e5eb2d2ffbc3afe1bdc91f403485,2025-08-25T15:33:51
190,Naughty By Nature,https://i.scdn.co/image/ab6761610000e5eb4cfb4db377be25e51eecc324,2025-08-25T15:33:51
191,Doom Starks,https://i.scdn.co/image/ab67616d0000b2733e6c3c7ba4e1648308b05a8d,2025-08-25T15:33:51
192,Clear Soul Forces,https://i.scdn.co/image/ab6761610000e5ebdfde65ae72fc246d2ed899e0,2025-08-25T15:33:51
193,Apollo Brown,https://i.scdn.co/image/ab6761610000e5eb08b6f2d956f8c6d2f494179b,2025-08-25T15:33:51
194,L'Orange,https://i.scdn.co/image/ab6761610000e5eb59248fa8eb53f34531fe43d5,2025-08-25T15:33:51
195,Nirvana,https://i.scdn.co/image/84282c28d851a700132356381fcfbadc67ff498b,2025-08-25T15:33:51
196,Carpenters,https://i.scdn.co/image/ed45f575339b044d7168780a15ff457b85be851a,2025-08-25T15:33:51
197,Add-2,https://i.scdn.co/image/ab67616d0000b2735b0ed770c98f396e159571f8,2025-08-25T15:33:51
198,Viktor Vaughn,https://i.scdn.co/image/ab67616d0000b273d97a55d6ace2bf9e8ccb8cb1,2025-08-25T15:33:51
199,Neutral Milk Hotel,https://i.scdn.co/image/ab6761610000e5eb3c0a3cafde53be39a91f373e,2025-08-25T15:33:51
200,Pharoahe Monch,https://i.scdn.co/image/ab6761610000e5eb8569e668d97d93d6df2c2716,2025-08-25T15:33:52
201,J Dilla,https://i.scdn.co/image/ab6761610000e5ebc68a069a1c70eca57b2828d2,2025-08-25T15:33:52
202,Keith Ape,https://i.scdn.co/image/ab6761610000e5eb6df9bd8f22f717e825d5659a,2025-08-25T15:33:52
203,Kool G Rap,https://i.scdn.co/image/fd61510dc68309087e06154abf9b097a454e3ce1,2025-08-25T15:33:52
204,The Left,https://i.scdn.co/image/ab67616d0000b27306b7fa2c84379214c2abda29,2025-08-25T15:33:52
476,Killa Sin,,2025-08-25T15:39:08
205,GZA/Genius,https://i.scdn.co/image/99b354cef6f088bc6d5400fffee5095b2a038cfe,2025-08-31T20:14:03
206,Chali 2na,https://i.scdn.co/image/ab6761610000e5eb6131b2a2e2603da3c5b17a65,2025-08-25T15:33:52
207,Organized Konfusion,https://i.scdn.co/image/f14234deecd2c37eb125d8d3138af0332cbd8cec,2025-08-25T15:33:52
208,Slum Village,https://i.scdn.co/image/ab6761610000e5ebd3e282b54f0709be5376764a,2025-08-25T15:33:52
209,Rapper Big Pooh,https://i.scdn.co/image/ab6761610000e5ebeb94265b96d7ef1f67e89b6a,2025-08-25T15:33:52
210,Mello Music Group,https://i.scdn.co/image/ab6761610000e5ebf0272d7395ed9ca29fb4a682,2025-08-25T15:33:52
211,Oddisee,https://i.scdn.co/image/ab6761610000e5eb7107fa871c65e7abbff237d6,2025-08-25T15:33:52
212,Unknown Varyable,https://i.scdn.co/image/ab6761610000e5ebea97e98274d974dacf48b69b,2025-08-25T15:33:52
213,Crooklyn Dodgers,https://i.scdn.co/image/ab67616d0000b273c4e6c2036634ba67a958f34f,2025-08-25T15:33:52
214,Bugzy Malone,https://i.scdn.co/image/ab6761610000e5eb70a36a937dcbcde67f9a6d20,2025-08-25T15:33:52
215,The Black Keys,https://i.scdn.co/image/ab6761610000e5eb2383f032c2aebc76cf3780ed,2025-08-25T15:33:53
216,KAYTRANADA,https://i.scdn.co/image/ab6761610000e5eb9b9d4fdf5e4cf58e2fa93167,2025-08-25T15:33:53
217,Hopsin,https://i.scdn.co/image/ab6761610000e5eb9291e55f0add696c11e6c545,2025-08-25T15:33:53
218,Ab-Soul,https://i.scdn.co/image/ab6761610000e5eb53e37d2ad6497c8e5768149a,2025-08-25T15:33:53
219,Nas & Damian Marley,,2025-08-25T15:37:28
220,Method Man,https://i.scdn.co/image/85fc66422f44f641ba86e39107c290fb9e9ea7b2,2025-08-25T15:33:53
221,Jay Electronica,https://i.scdn.co/image/ab6761610000e5eb17385ceb1d72a778ce30ccc2,2025-08-25T15:33:53
222,Donnie Trumpet & The Social Experiment,https://i.scdn.co/image/ab6761610000e5ebb0ee02de5a77950c244051e3,2025-08-25T15:33:53
223,The Chemical Brothers,https://i.scdn.co/image/ab6761610000e5ebae05213e52565bfd7e7489b3,2025-08-25T15:33:53
224,The Alchemist,https://i.scdn.co/image/8a0d2c9a5bb08a3fd8e6ad457014022cb232525b,2025-08-25T15:33:53
225,The Notorious B.I.G.,https://i.scdn.co/image/1b4858fbd24046a81cace5ee18d19c868262b91f,2025-08-25T15:33:53
226,Jeru the Damaja,https://i.scdn.co/image/ab6761610000e5ebfd0f291e6ded9d699e522304,2025-08-25T15:33:54
227,Young Jeezy,https://i.scdn.co/image/ab6761610000e5eb075a4c9d6da66addd8247c12,2025-08-25T15:33:54
228,Wiley,https://i.scdn.co/image/ab6761610000e5eb704bca279377f7a1bd828b53,2025-08-25T15:33:54
229,Twista,https://i.scdn.co/image/ab6761610000e5eb710d4af3acce3fb0bfd97746,2025-08-25T15:33:54
230,Kid Ink,https://i.scdn.co/image/ab6761610000e5ebf4904a817005f3b96f4e6e53,2025-08-25T15:33:54
231,Xzibit,https://i.scdn.co/image/ab6761610000e5eb7b6ac506853c6453a28d4a64,2025-08-25T15:33:54
232,Sufjan Stevens,https://i.scdn.co/image/ab6761610000e5ebd3dfaf556b10df573a5ab1f5,2025-08-25T15:33:54
233,Doomtree,https://i.scdn.co/image/3d905096e5579fb1a789a847661c1a9ec2988705,2025-08-25T15:33:54
234,Flight of the Conchords,https://i.scdn.co/image/ab6772690000c46cca389bd3b03be11e3eb7256d,2025-08-25T15:33:54
235,DJ Jazzy Jeff,https://i.scdn.co/image/3194246bd54b76c376e2be5a21a61dd7b93aeeb9,2025-08-25T15:33:54
236,Ti,https://i.scdn.co/image/ab6761610000e5eb22102415297132237b78829d,2025-08-25T15:33:55
237,DANGERDOOM,https://i.scdn.co/image/135934b2b384817e7727d303c23a22dfe84ace90,2025-08-25T15:33:55
238,OG Maco,https://i.scdn.co/image/06c92b0aacdd52bec7f16eb948bb8b19163a59e3,2025-08-25T15:33:55
239,Wanz,https://i.scdn.co/image/ab6761610000e5eb12149c88d09db865891ffd0e,2025-08-25T15:33:55
240,After The Smoke,https://i.scdn.co/image/ab67616d0000b273f3fe62e826c4f496efe92b92,2025-08-25T15:33:55
241,Thaiboy Digital,https://i.scdn.co/image/ab6761610000e5ebbe2dfe98c26ead5955f58bcf,2025-08-25T15:33:55
242,Blu,https://i.scdn.co/image/ab6761610000e5ebd3ad55d6ae967d802ebe68dd,2025-08-25T15:33:55
243,The Pharcyde,https://i.scdn.co/image/db124909dcc277881bf55ed159bd417d82e2ced1,2025-08-25T15:33:55
244,RUN-DMC,https://i.scdn.co/image/1bf54468fa9c772af8f514a20a99631fd35b2dbc,2025-08-25T15:33:55
245,Grandmaster Flash & The Furious Five,https://i.scdn.co/image/f884587e168f6975d41975795402ae0793794d43,2025-08-25T15:33:55
246,"P. Diddy, Black Rob & Mark Curry",https://i.scdn.co/image/ab6761610000e5eb5065f82653e9ad00fdcafa42,2025-08-25T15:33:55
247,Black Star,https://i.scdn.co/image/ab6772690000c46c4fb3d1d728a560f53532b687,2025-08-25T15:33:55
248,billy woods,https://i.scdn.co/image/ab6761610000e5eb5175bd62c4f1c1d8436a0a16,2025-08-25T15:33:55
249,Cannibal Ox,https://i.scdn.co/image/ab6761610000e5ebcddeff9c8d25fe79ffbe7178,2025-08-25T15:33:55
250,Little Brother,https://i.scdn.co/image/ab6761610000e5eb28413c172b9b0e9700b77e54,2025-08-25T15:33:56
251,Rich Homie Quan,https://i.scdn.co/image/ab6761610000e5ebf4b802f5eb81d33fd2db292f,2025-08-25T15:33:56
252,William Bell,https://i.scdn.co/image/ab6761610000e5ebaa8961b85ea3306f34739a43,2025-08-25T15:33:56
253,Public Enemy,https://i.scdn.co/image/ab6761610000e5ebbec3cbe75ac982c675655e88,2025-08-25T15:33:56
254,Crooklyn Dodgers '95,,2025-08-25T15:37:29
255,Das EFX,https://i.scdn.co/image/7ae9c82726ca12f46bf8fd0b9df70922e21215e0,2025-08-25T15:33:56
256,Rapsody,https://i.scdn.co/image/ab6761610000e5ebff937725369c064d38beaf4a,2025-08-25T15:33:56
257,Stalley,https://i.scdn.co/image/ab6761610000e5ebfd2c7dd9ef0305c04dd9eab7,2025-08-25T15:33:56
258,Hank Crawford,https://i.scdn.co/image/ac169261794acef9bd156579c1a2a076a20c4ba7,2025-08-25T15:33:56
259,David Ruffin,https://i.scdn.co/image/b380a73e72a5f4ced0b236c57b0ef610c6c7f13f,2025-08-25T15:33:56
260,AZ,https://i.scdn.co/image/ab6761610000e5eb6de585ce055095290e66eaef,2025-08-25T15:37:29
261,Canibus,https://i.scdn.co/image/ab6761610000e5ebc73857fef8c76efb648a5687,2025-08-25T15:37:30
262,Styles P,https://i.scdn.co/image/88fbbb15d32892b5ba74304448160cbb9cc41b19,2025-08-25T15:37:30
263,Cam'ron,https://i.scdn.co/image/ab6761610000e5eb7455f2c344f66269f98948a4,2025-08-25T15:37:31
264,The-Dream,https://i.scdn.co/image/ab6761610000e5eba01ad0bea0957a2e3b7c3ced,2025-08-25T15:37:31
265,Ahmad Jamal,https://i.scdn.co/image/ab6761610000e5eb272e70fd5f5f4d76666a110f,2025-08-25T15:37:32
266,The New Birth,https://i.scdn.co/image/be8c24d6773ed813a2629cf4cf5ad7c4dc0ccff5,2025-08-25T15:37:32
267,Curtis Mayfield,https://i.scdn.co/image/ab6761610000e5ebeea0f2f51d7969bbb4000f92,2025-08-25T15:37:33
268,Etta James,https://i.scdn.co/image/ab6761610000e5eb058531dfd9746a96ad85265f,2025-08-25T15:37:34
269,Bill Withers,https://i.scdn.co/image/96b85aec6907206572527e1eeec6569d5e977a38,2025-08-25T15:37:34
270,Chaka Khan,https://i.scdn.co/image/ab6761610000e5eb87b0c6a4811964bd1b7d701f,2025-08-25T15:37:35
271,Bobby "Blue" Bland,https://i.scdn.co/image/7a3cfae4df22dcd8b4cce106108d5171761095ba,2025-08-25T15:37:35
272,Graham Nash,https://i.scdn.co/image/ab6761610000e5eb1d6c46596058fce09f33b93f,2025-08-25T15:37:36
273,Luther Vandross,https://i.scdn.co/image/ab6761610000e5ebc609e4ef97e896a2b32b1473,2025-08-25T15:37:36
274,The Whatnauts,https://i.scdn.co/image/ab67616d0000b27335b57667b31844a79ecfccda,2025-08-25T15:37:37
275,Kay Gee's,https://i.scdn.co/image/ab6761610000e5eb7731feab3e0564c220981bdf,2025-08-25T15:37:38
276,Mandrill,https://i.scdn.co/image/ab67616d0000b2736c0730d207d02e20479d7eea,2025-08-25T15:37:38
277,Marvin Gaye,https://i.scdn.co/image/cf79bd3e5c787e2ec152eeb1ea5538b0d4cf1434,2025-08-25T15:37:39
278,The New York Community Choir,https://i.scdn.co/image/ab6761610000e5eb46d119d62b0a3d49777cafd4,2025-08-25T15:37:39
279,Linda Lewis,https://i.scdn.co/image/ab6772690000c46c7b62f09542a9deb61836ab5d,2025-08-25T15:37:40
280,Gil Scott-Heron,https://i.scdn.co/image/68e093d4aec6cc8f0d00dbec6d441364c5a3b3b6,2025-08-25T15:37:40
281,DJ 2-Tone Jones,https://i.scdn.co/image/ab6761610000e5eb2da16ab9de9213025bc75037,2025-08-25T15:37:42
282,Run-D.M.C.,,2025-08-25T15:37:42
283,Pete Rock,https://i.scdn.co/image/ab6761610000e5ebeec4209972c20ba63730bb00,2025-08-25T15:37:43
284,Royce da 5'9",https://i.scdn.co/image/ab6761610000e5eb1111efbdf1cd6abd9f6fc5f0,2025-08-25T15:37:43
285,MF Grimm,https://i.scdn.co/image/ab6761610000e5eb64b24a708af79a2c80cf4458,2025-08-25T15:37:44
286,2Pac,https://i.scdn.co/image/ab6761610000e5eb7f5cc432c9c109248ebec1ac,2025-08-25T15:37:44
287,Beanie Sigel,https://i.scdn.co/image/2b2362d5b249e25e9407def35523332fa702eff1,2025-08-25T15:37:45
288,Cocoa Brovaz,https://i.scdn.co/image/ab67616d0000b273994a5d6fe1d32b073b2cdb9b,2025-08-25T15:37:46
289,Gravediggaz,https://i.scdn.co/image/11c9c61bee6e89768d831dec5d4b58ebae1a9d05,2025-08-25T15:37:46
290,Traxburner,https://i.scdn.co/image/ab6761610000e5eb09250c557c94da5d752fc23d,2025-08-25T15:37:47
291,Pete Rock & C.L. Smooth,https://i.scdn.co/image/f206b28b49faedc145f993eec554cb03055f7fd8,2025-08-25T15:37:48
292,Reflection Eternal,https://i.scdn.co/image/436203c557548bd3985c0eb53d25092c3871a0a6,2025-08-25T15:37:49
293,Afu-Ra,https://i.scdn.co/image/ab6761610000e5eb1cfc6557c8363b9cfc81b6f7,2025-08-25T15:37:49
294,Jamie Foxx,https://i.scdn.co/image/a3823abbd476fa00cdf95a9f5cbbe09d2f96add2,2025-08-25T15:37:50
295,Hieroglyphics,https://i.scdn.co/image/ab6761610000e5eb09cfc2da310368fd6a6dce39,2025-08-25T15:37:51
296,Ricky Gervais,https://i.scdn.co/image/25de6839c083f3b9971032ef57feaaeeeda5837d,2025-08-25T15:37:51
297,Teaching Rachel,,2025-08-25T15:37:52
298,Shad,https://i.scdn.co/image/ab6761610000e5eb42984bcad063d1b6e28c1d13,2025-08-25T15:37:52
299,Casey Veggies,https://i.scdn.co/image/ab6761610000e5ebae2674dcb675d1edd6f23652,2025-08-25T15:37:53
300,Guilty Simpson,https://i.scdn.co/image/ab6761610000e5eb22ccbb6f4715d456b8cd9c42,2025-08-25T15:37:53
301,Federal Reserve,https://i.scdn.co/image/ab67616d0000b27355215a33f2c39fc7b1529fea,2025-08-25T15:37:54
302,M.O.P.,https://i.scdn.co/image/ab6761610000e5eb5cc50382a0668ae107a972d2,2025-08-25T15:37:55
303,Bobby Shmurda,https://i.scdn.co/image/ab6761610000e5ebee12e6771607433caee705a3,2025-08-25T15:37:55
304,Juelz Santana,https://i.scdn.co/image/3181f9da53d969400dc55574f2b227dc461d2e12,2025-08-25T15:37:56
305,Mase,https://i.scdn.co/image/80b9f130819e4e6f6783805f30d1ce148b75a50e,2025-08-25T15:37:57
306,Ja Rule,https://i.scdn.co/image/ab6761610000e5ebb47b549b590b63e52c68b89b,2025-08-25T15:37:57
307,D-Sisive,https://i.scdn.co/image/ab6761610000e5eb57d6f5e540484b577e74f158,2025-08-25T15:37:58
308,2Mex,https://i.scdn.co/image/ab67616d0000b27359adaad6db606c3a814cf4ae,2025-08-25T15:37:58
309,Homeboy Sandman,https://i.scdn.co/image/ab6761610000e5eb65ce39894128fc4d317a366c,2025-08-25T15:37:59
310,Shabazz Palaces,https://i.scdn.co/image/ab6761610000e5eb3533ae416f92932247cc67dd,2025-08-25T15:38:00
311,Funky DL,https://i.scdn.co/image/ab6761610000e5eb83ebe7689354006df96a569d,2025-08-25T15:38:00
312,Dot Rotten,,2025-08-25T15:38:01
313,Jason Derülo,https://i.scdn.co/image/ab6761610000e5eb94cf6c87c82ddb0eade61eb0,2025-08-25T15:38:01
315,O.C.,https://i.scdn.co/image/ab67616d0000b273e79452d0690a42007921f10a,2025-08-25T15:38:02
316,Freestyle Fellowship,https://i.scdn.co/image/ab6761610000e5eb62a029f3e34e39cc76634857,2025-08-25T15:38:04
317,DJ Grand Wizard Theodore,,2025-08-25T15:38:04
318,Azealia Banks,https://i.scdn.co/image/ab6761610000e5eb1b227136246869eb248cafef,2025-08-25T15:38:05
319,Vic Spencer,https://i.scdn.co/image/ab6761610000e5eb5ef76b9318e28cc317f064bb,2025-08-25T15:38:05
320,Tkay Maidza,https://i.scdn.co/image/ab6761610000e5eb358b8bc9bb44e6b87b6d4ca1,2025-08-25T15:38:06
321,Young Fathers,https://i.scdn.co/image/ab6761610000e5ebbea3573b4a8ee78897d8f0a9,2025-08-25T15:38:06
322,SpaceGhostPurrp,https://i.scdn.co/image/8140a37f5ea7e2f5cea0e459d30dfe9a026900c6,2025-08-25T15:38:07
323,Ludacris,https://i.scdn.co/image/adcc1cb654e89f2e404688ae0d1bbc942ce02e5d,2025-08-25T15:38:08
324,Dillon Cooper,https://i.scdn.co/image/ab6761610000e5eb45a4cb20eb8034be572d2795,2025-08-25T15:38:08
325,J-me,https://i.scdn.co/image/ab67616d0000b273d3fa76ace4b92b48282d7eac,2025-08-25T15:38:09
326,Heralds of Change (Mike Slott x Hudson Mohawke) feat. Oddisee,https://i.scdn.co/image/ab6761610000e5eb7d9da67d1100afe6cf81746c,2025-08-25T15:38:09
327,Rustie,https://i.scdn.co/image/ab6761610000e5eb34d991ba9696cd4fbfea8634,2025-08-25T15:38:10
328,The Sugarhill Gang,https://i.scdn.co/image/84503403de5be5f9805fca3e31535d65a4087ae8,2025-08-25T15:38:11
329,Roll Deep,https://i.scdn.co/image/ecc3a0d5f148ea7bc9d3150595269b2810133785,2025-08-25T15:38:12
330,Ras Kass,https://i.scdn.co/image/ab6761610000e5eb2891c6b38b39e17a668c3296,2025-08-25T15:38:13
331,Main Source,https://i.scdn.co/image/ab67616d0000b273d2e1a298ed360cdf65d1f224,2025-08-25T15:38:14
332,Lords of the Underground,https://i.scdn.co/image/c8630682d26ab7cc3aa94495b80d78d66531da6b,2025-08-25T15:38:14
333,"A-Trak feat. Juicy J, Jim Jones, Flatbush Zombies, El-P & Flosstradamus",https://i.scdn.co/image/ab6761610000e5eb21aab07a9dd7731204e9e2d4,2025-08-25T15:38:15
334,Nujabes,https://i.scdn.co/image/ab6761610000e5eb57f19d2f179b00207bfb3155,2025-08-25T15:38:16
335,Dumbfoundead,https://i.scdn.co/image/ab6761610000e5eb44f8dad2e9b97da7f3737a29,2025-08-25T15:38:16
336,BUSDRIVER,https://i.scdn.co/image/ab6761610000e5ebf9b978a8664af3caaf976111,2025-08-25T15:38:17
337,Hail Mary Mallon,https://i.scdn.co/image/ab6761610000e5eb513cd687b07c95f4ff8b38d9,2025-08-25T15:38:17
338,Cozz,https://i.scdn.co/image/ab6761610000e5eb97874da6d3c85cc23358fbea,2025-08-25T15:38:18
339,Jurassic 5,https://i.scdn.co/image/ab6761610000e5eb2b867caebf8d276cfed1a62d,2025-08-25T15:38:19
340,Ratatat,https://i.scdn.co/image/2f0c6c465a83cd196e651e3d4e7625ba799a6f60,2025-08-25T15:38:20
341,Hannibal Buress,https://i.scdn.co/image/ab6761610000e5eb0700ae269bb9d6ecb76f41a5,2025-08-25T15:38:20
342,DJ Premier,https://i.scdn.co/image/ab6761610000e5ebba05f3f8bdbb0a9efbf4de6e,2025-08-25T15:38:21
343,Neneh Cherry,https://i.scdn.co/image/ab6761610000e5eb72aecba283cf67c2f058980e,2025-08-25T15:38:21
344,DJ Premier & Bumpy Knuckles,https://i.scdn.co/image/ab67616d0000b273b15c3dd6d14d5cc3137614de,2025-08-25T15:38:22
345,Blaq Poet,https://i.scdn.co/image/ab67616d0000b27351c1ef78bd439526662b8fde,2025-08-25T15:38:22
346,Da Youngsta's,https://i.scdn.co/image/ab67616d0000b273f4dbd88bae76b645742cf55c,2025-08-25T15:38:23
347,Beastie Boys,https://i.scdn.co/image/705bcd56dc5dbf9ebc578a3ba8094e6d622862c2,2025-08-25T15:38:24
348,Camp Lo,https://i.scdn.co/image/ab6761610000e5ebe0d131b5817f56f990ecee94,2025-08-25T15:38:24
349,Andre Nickatina,https://i.scdn.co/image/62613d0f3cb36995b553137326d87980795cad52,2025-08-25T15:38:25
350,Mac Dre,https://i.scdn.co/image/e6d05c5e622f7e4b0e471b4f86fcc2cbf553abcc,2025-08-25T15:38:25
351,Devin The Dude,https://i.scdn.co/image/eea1ea8a759abb2045ee6b1628a1be88fefc7f76,2025-08-25T15:33:59
352,The Underachievers,https://i.scdn.co/image/ab6761610000e5eb485397824ddecb9ba7977137,2025-08-25T15:33:59
353,Bashy,https://i.scdn.co/image/ab6761610000e5eb84811d504c27550269826e75,2025-08-25T15:33:59
354,Durrty Goodz,https://i.scdn.co/image/ab67616d0000b273c1fe2dd3adf6145e4f4da3f3,2025-08-25T15:33:59
355,Blu & Exile,https://i.scdn.co/image/ab6761610000e5eb120b9ba326497ec198a31b2c,2025-08-25T15:33:59
356,Death Grips,https://i.scdn.co/image/ab6761610000e5ebd7f3f929aa8032fdcff1d349,2025-08-25T15:33:59
357,Jake One,https://i.scdn.co/image/ab6761610000e5ebc59746cfb900f52343e29521,2025-08-25T15:34:00
358,FKA twigs,https://i.scdn.co/image/ab6761610000e5eb1a8242e65195789d352c97bd,2025-08-25T15:34:00
359,Murs,https://i.scdn.co/image/ab67616d0000b2735792cf777478e8b0c27d9d5d,2025-08-25T15:34:00
360,Consequence,https://i.scdn.co/image/ab6761610000e5eb36ab4776acd63fbdd13c4809,2025-08-25T15:34:00
361,Eric B. & Rakim,https://i.scdn.co/image/3749993d2b60bbbaa02602a09737f2107cbae4dd,2025-08-25T15:34:00
362,Sum 41,https://i.scdn.co/image/ab6761610000e5eb625af80b68ae4eb559c6c417,2025-08-25T15:34:00
363,Lost Frequencies,https://i.scdn.co/image/ab6761610000e5eb976d55989fb4a20e346d0936,2025-08-25T15:34:00
364,Martin Garrix,https://i.scdn.co/image/ab6761610000e5ebf5b8ee60f1f4ee3453aba40b,2025-08-25T15:34:00
365,Chris Brown,https://i.scdn.co/image/ab6761610000e5eba48397e590a1c70e2cda7728,2025-08-25T15:34:00
366,Jeremih,https://i.scdn.co/image/ab6761610000e5eb8ddeab89a67542470e2631c8,2025-08-25T15:34:00
367,Eminem,https://i.scdn.co/image/ab6761610000e5eba00b11c129b27a88fc72f36b,2025-08-25T15:34:00
368,O.T. Genasis,https://i.scdn.co/image/ab6761610000e5eb6aea835a2e35e92e7a65eec9,2025-08-25T15:34:01
369,Fashawn,https://i.scdn.co/image/ab6761610000e5eb7be42fcb720c787136aab61b,2025-08-25T15:34:01
370,Dwele,https://i.scdn.co/image/aa89f602bf1630354e7e43a977492634e1f77814,2025-08-25T15:34:01
371,Dilated Peoples,https://i.scdn.co/image/ab6761610000e5eb12ecc9ad5f3c9a80d8ac30e6,2025-08-25T15:34:01
372,Adrian Younge,https://i.scdn.co/image/ab6761610000e5eb892bfa72a0cd8e4907eded3c,2025-08-25T15:34:01
373,Frànçois & The Atlas Mountains,https://i.scdn.co/image/ab6761610000e5eb63fb242769803c1ee9983b09,2025-08-25T15:34:01
374,PMD,https://i.scdn.co/image/ab6761610000e5eb39e8bf1091792971c11053b9,2025-08-25T15:34:01
375,DJ Noize,https://i.scdn.co/image/ab6761610000e5eb69a6614abd40a3cf67f1d596,2025-08-25T15:34:02
376,Talib Kweli,https://i.scdn.co/image/ab6761610000e5ebaa21eb7ae46564e77e8ec4bf,2025-08-25T15:34:02
377,Nina Simone,https://i.scdn.co/image/ab6761610000e5eb136c51c848c26a6cce7f9e56,2025-08-25T15:34:02
378,Your Old Droog,https://i.scdn.co/image/ab6761610000e5ebdd0202a8016ea8f402041a14,2025-08-25T15:34:02
379,Lethal Bizzle,https://i.scdn.co/image/ab6761610000e5eb5888e85cf6ef199b09d37109,2025-08-25T15:34:02
380,R.A. the Rugged Man,https://i.scdn.co/image/ab6761610000e5eb256d85bb42b212a4a20f1804,2025-08-25T15:34:02
381,Rakim,https://i.scdn.co/image/8d38481927c46840efeda04eaf5cd617dc78f53c,2025-08-25T15:34:02
382,Led Zeppelin,https://i.scdn.co/image/207803ce008388d3427a685254f9de6a8f61dc2e,2025-08-25T15:34:02
383,Audio Push,https://i.scdn.co/image/ab6761610000e5eb52da1322375797300945dedb,2025-08-25T15:34:02
384,RJD2,https://i.scdn.co/image/ab6772690000c46c16219753479e23ca12c34c46,2025-08-25T15:34:02
385,Metal Fingers,https://i.scdn.co/image/ab6761610000e5ebcc6a699909a804a72ce7fb3d,2025-08-25T15:34:02
386,The Revelations,https://i.scdn.co/image/ab67616d0000b273b287deb2d713120934eaba44,2025-08-25T15:34:02
387,Dag Savage,https://i.scdn.co/image/ab67616d0000b273c28976c1eb708bcf83a4e528,2025-08-25T15:34:03
388,Binary Star,https://i.scdn.co/image/ab67616d0000b2731cfd9a02870dda06868fb7a6,2025-08-25T15:34:03
389,Qwel & Maker,https://i.scdn.co/image/ab67616d0000b273631117466eb6322d3726e501,2025-08-25T15:34:03
390,Bryant Dope,https://i.scdn.co/image/ab6772690000c46c8cda392d3642943af0c18da7,2025-08-25T15:34:03
391,The Bullitts,https://i.scdn.co/image/a793b9a937c64719c9540b9281a1a6eb72c6afaf,2025-08-25T15:34:03
392,Yancey Boys (Illa J & Frank Nitti),https://i.scdn.co/image/ab6761610000e5ebc613e7f6bde3bd8d60c28508,2025-08-25T15:34:03
393,Locksmith,https://i.scdn.co/image/ab67616d0000b273c24b739fb41636afd259a6b3,2025-08-25T15:34:03
394,Idle Warship,https://i.scdn.co/image/e7e24963c94f567bc72304f4f4a1a7a0eab98ba0,2025-08-25T15:34:03
395,Corinne Bailey Rae,https://i.scdn.co/image/ab6761610000e5ebdcb57d08016c41fca3e221ab,2025-08-25T15:34:04
396,"Meth, Ghost & Rae",https://i.scdn.co/image/ab6761610000e5eb99b30e429b7018587944127d,2025-08-25T15:34:04
397,Gunplay,https://i.scdn.co/image/73ecbc705b7f91445d48f6f0d4f71c5be70cf5c0,2025-08-25T15:34:04
398,Reuben Keeney,https://i.scdn.co/image/ab6761610000e5eb8088da61fcf3fc9a940b5fbc,2025-08-25T15:34:04
399,Gorgon City,https://i.scdn.co/image/ab6761610000e5eb2dfd67315653c7cc324203d5,2025-08-25T15:34:04
400,Rudimental,https://i.scdn.co/image/ab6761610000e5ebf74070a7e4a3e7743f68b058,2025-08-25T15:34:04
401,SBTRKT,https://i.scdn.co/image/ab6761610000e5eb19664961471f5f59f747b34c,2025-08-25T15:34:04
402,F.E.A.R.,https://i.scdn.co/image/ab67616d0000b273c21e91ec5095f242f6e781b1,2025-08-25T15:34:04
403,Terror Squad,https://i.scdn.co/image/ab67616d0000b2732e49046fecfba5be6bc7b92a,2025-08-25T15:34:04
404,Group Home,https://i.scdn.co/image/ab67616d0000b27350a8b929d44ff747f193dd6d,2025-08-25T15:34:04
405,Poor Righteous Teachers,https://i.scdn.co/image/1776c9c5e6848ec19f98497c6ced143ce52a4539,2025-08-25T15:34:04
406,Jedi Mind Tricks,https://i.scdn.co/image/ab6761610000e5eb6a4baff10c1c2881ff5fb9b4,2025-08-25T15:34:05
407,Zeds Dead,https://i.scdn.co/image/ab6761610000e5ebdfbefb11a6ceee765d4cd98f,2025-08-25T15:34:05
408,Ray West,https://i.scdn.co/image/ab67616d0000b273117cd6e6fbab9ae335478ea5,2025-08-25T15:34:05
409,Sha-Cronz,,2025-08-25T15:38:26
410,EPMD,https://i.scdn.co/image/05b891a72c523a052a810172525bd317693530e4,2025-08-25T15:34:05
411,C.L. Smooth,https://i.scdn.co/image/58d9ba5012103acbc841734c01fd1d58be3eab12,2025-08-25T15:34:05
412,Black Sheep,https://i.scdn.co/image/05b6bfb62f7bc86622b384d5b88aa974a4b30318,2025-08-25T15:34:05
413,Biz Markie,https://i.scdn.co/image/fb9816f075a073e0ac0be700ca8bbc558bdc9e4a,2025-08-25T15:34:05
414,Ultramagnetic MC's,https://i.scdn.co/image/ab67616d0000b273889d4abdba0ff0cfdf1dc32d,2025-08-25T15:34:05
415,DJ Format,https://i.scdn.co/image/ab67616d0000b273cdd0027fc85d98faf8bce54e,2025-08-25T15:34:05
416,Shyheim,https://i.scdn.co/image/ab6761610000e5eb41366dc920db7e66fd5361fb,2025-08-25T15:34:05
417,Slick Rick,https://i.scdn.co/image/ab6761610000e5eb62e114bb9cc9dc8f85aa6f53,2025-08-25T15:34:05
418,Charles Brown,https://i.scdn.co/image/66295f4c2d97d8100613cd3cd3f2ec5e50b0d39a,2025-08-25T15:34:05
419,The Drifters,https://i.scdn.co/image/9cebb08480116550d85b6268d9adb1c2aee718f7,2025-08-25T15:34:05
420,The Avalanches,https://i.scdn.co/image/ab6761610000e5eb348fb7d638c8f86c675122e2,2025-08-25T15:34:05
421,Craig Mack,https://i.scdn.co/image/ab6761610000e5ebcf5ab797320113c32969faa3,2025-08-25T15:34:05
422,Streetlife,https://i.scdn.co/image/ab67616d0000b2732ca649bf758bb0d73984340c,2025-08-25T15:34:05
423,Inspectah Deck,https://i.scdn.co/image/ab6761610000e5ebab727b90f310a86dade4ce60,2025-08-25T15:34:06
424,Ol' Dirty Bastard,https://i.scdn.co/image/cdcf0ecd5b041452681badedca98f7d3b8494c52,2025-08-25T15:34:06
425,DJ Clue,https://i.scdn.co/image/ce83977db3854f2c348650acf202ed538dcf921d,2025-08-25T15:34:06
426,"Buckwild, Celph Titled",,2025-08-25T15:38:26
427,Daft Punk,https://i.scdn.co/image/ab6761610000e5ebd3aa7cc0e419b6c459b08e8e,2025-08-25T15:38:27
428,Ghetts,https://i.scdn.co/image/ab6761610000e5eb9fbac89f2e1c8467168fd49f,2025-08-25T15:38:28
429,Ras Kass & Apollo Brown feat. 4 Rax,https://i.scdn.co/image/ab6761610000e5ebc9d822b045558c55e9babdf5,2025-08-25T15:38:30
430,Tech N9ne,https://i.scdn.co/image/ab6761610000e5eb8b1697a78fbe50647333a84f,2025-08-25T15:38:31
431,Jimi Hendrix,https://i.scdn.co/image/ab6761610000e5eb31f6ab67e6025de876475814,2025-08-25T15:38:32
432,The Jam,https://i.scdn.co/image/ee4cebe3c187f4f18502fd99b69e316c1caa2254,2025-08-25T15:38:33
433,My Passion,https://i.scdn.co/image/ab67616d0000b2736ebc5638c6be8717114e51f2,2025-08-25T15:38:33
434,"Diamond District (Oddisee, yU & Uptown XO)",https://i.scdn.co/image/ab6761610000e5eb5c076b0d1bf62a9a5e1e782c,2025-08-25T15:38:34
435,Black And Brown United,https://i.scdn.co/image/ab67616d0000b2736f66263d9d6d878b811f574e,2025-08-25T15:38:35
436,Tragedy Khadafi,https://i.scdn.co/image/ab67616d0000b273f5341006e70ca26cc73e65eb,2025-08-25T15:38:35
437,Roc Marciano,https://i.scdn.co/image/ab6761610000e5eb7b3b1cd2bb89a3706592ec2e,2025-08-25T15:38:37
438,Killah Priest,https://i.scdn.co/image/8b92e8deb3dd5a68f86f31b2ff8738b4afcde682,2025-08-25T15:38:38
439,Jon Connor,https://i.scdn.co/image/ab6761610000e5eb885d3d2612da61fc9f2bda59,2025-08-25T15:38:38
440,Trinity (AG Sadat X DJ Jab),https://i.scdn.co/image/ab67616d0000b2734c6a056e22f53d21689a1fe9,2025-08-25T15:38:39
441,Fredro Starr,https://i.scdn.co/image/ab6761610000e5eb11bbe018d615f01f95935769,2025-08-25T15:38:39
442,Slaughterhouse,https://i.scdn.co/image/ab67616d0000b27324f8873ba91923cfab0a4e48,2025-08-25T15:38:40
443,Skull Snaps,https://i.scdn.co/image/ab67616d0000b27356b7b0fd304900f55707c422,2025-08-25T15:38:40
444,Bad Meets Evil,https://i.scdn.co/image/570d46c60960d93990710d83a5f8012217eb7aec,2025-08-25T15:38:42
445,Real Estate,https://i.scdn.co/image/ab6761610000e5eb586710fe90b9ddc8a483a78e,2025-08-25T15:38:42
446,Mary Lou Williams,https://i.scdn.co/image/58deeea6ddd88100240abb119748da77ebf1d84f,2025-08-25T15:38:43
447,Leaders of the New School,https://i.scdn.co/image/ab67616d0000b273b94c9082c2c9b728cee80d0a,2025-08-25T15:38:43
448,One9,https://i.scdn.co/image/5bb443424a1ad71603c43d67f5af1a04da6bb3c8,2025-08-25T15:38:44
449,Jon Hopkins,https://i.scdn.co/image/ab6761610000e5eb1c0c0e567366e8b528e7c6b7,2025-08-25T15:38:44
450,DJ Shadow,https://i.scdn.co/image/ab6761610000e5eb745460b0ffdbf5144c34498d,2025-08-25T15:38:45
451,Menahan Street Band,https://i.scdn.co/image/ab6761610000e5eb46dc0fd03399b8a9dfed982d,2025-08-25T15:38:46
452,EMC,https://i.scdn.co/image/ab67616d0000b273713d7c3baecf7c9e93a73bc4,2025-08-25T15:38:47
453,Saukrates,https://i.scdn.co/image/ab6761610000e5eb742f597a3dbd7b6af07b6e5d,2025-08-25T15:38:47
454,Macy Gray,https://i.scdn.co/image/ab6761610000e5eb1f2b77b2426a741478bbbaf6,2025-08-25T15:38:48
455,Legendary Street Team 2,,2025-08-25T15:38:48
456,J.T. Money/Master Fuol/Pastor Troy,https://i.scdn.co/image/ab67616d0000b2738139be10efea076378e61090,2025-08-25T15:38:49
457,Yasiin Bey & Preservation,https://i.scdn.co/image/ab6761610000e5eb696776ec074a35c358b68eb6,2025-08-25T15:38:50
458,Stevie Wonder,https://i.scdn.co/image/c59faacbed7aa770266bad048660810eca204108,2025-08-25T15:38:51
459,P.R,https://i.scdn.co/image/ab6761610000e5eb9da58553237aa14c666308c1,2025-08-25T15:38:51
460,Marco Polo,https://i.scdn.co/image/ab6761610000e5ebd2e43102079faba0ab341e06,2025-08-25T15:38:52
461,Kool G Rap; M.O.P.,https://i.scdn.co/image/ab6761610000e5eb25fc30401f1b8b28e06774f1,2025-08-25T15:38:54
462,Apathy,https://i.scdn.co/image/ab6761610000e5eb89d4d1087a0bdd1e7b0c1beb,2025-08-25T15:38:57
463,Inspectah Deck & 7L & Esoteric,https://i.scdn.co/image/ab6761610000e5ebe55dc40257412b5aa30d1ef2,2025-08-25T15:38:58
464,K-Ci,https://i.scdn.co/image/ab67616d0000b2730a52a1f78bcfa93ba7694868,2025-08-25T15:38:58
465,Total,https://i.scdn.co/image/ab6761610000e5ebcb8b049018f1140fec3e066c,2025-08-25T15:38:59
466,7L & Esoteric,https://i.scdn.co/image/ab67616d0000b273f4decabdc417293bb78cac0e,2025-08-25T15:39:00
467,Prince Po,https://i.scdn.co/image/64ebf104482879e52d625ac201c8333949350b0c,2025-08-25T15:39:00
468,Blackalicious,https://i.scdn.co/image/ab6761610000e5eb772e43ea0f6e9e2e03eef2f5,2025-08-25T15:39:01
469,Michel Chion,https://i.scdn.co/image/ab67616d0000b2730efd35285fb3d0e9d782bfc9,2025-08-25T15:39:02
470,Styles & Breeze,https://i.scdn.co/image/ab67616d0000b273b9f04361f27cb117b7fbe2b2,2025-08-25T15:39:04
471,The High & Mighty,https://i.scdn.co/image/ab67616d0000b27356d7e325a73cedb8eec16f0d,2025-08-25T15:39:04
472,Hi-Tek,https://i.scdn.co/image/ab6761610000e5eb1ba6d8de55916ccc744ac645,2025-08-25T15:39:05
473,Akala,https://i.scdn.co/image/ab67616d0000b27376a91f022309d9859eb76cf9,2025-08-25T15:39:06
474,John Coltrane Quartet,https://i.scdn.co/image/ab67616d0000b273a3d4884d3433efed2c4a0563,2025-08-25T15:39:07
475,Spotify Landmark,https://i.scdn.co/image/ab67616d0000b273a4eea7237e36b6dc9e2c05f3,2025-08-25T15:39:07
477,The Lady of Rage,https://i.scdn.co/image/150c178ec9f4f20d342b9e9559df545b287e323a,2025-08-25T15:39:09
478,Scarface,https://i.scdn.co/image/ab6761610000e5ebae0c2f874279460a00c476c6,2025-08-25T15:39:10
479,Lisa Stansfield,https://i.scdn.co/image/ab6761610000e5ebf5030c0934958ec99d386bc4,2025-08-25T15:39:10
480,Blackstar,https://i.scdn.co/image/ab6761610000e5eb4ed0c87e0b78795089fca000,2025-08-25T15:39:11
481,Buckshot,https://i.scdn.co/image/ab6761610000e5eb8a9b870d6675a20dcc3240f1,2025-08-25T15:39:11
482,KRS-One,https://i.scdn.co/image/ab6761610000e5eb1efb82b7712facda2cf50e20,2025-08-25T15:39:12
483,Zack De La Rocha,https://i.scdn.co/image/ab6761610000e5ebc4f9d35a3fec310067c3afea,2025-08-25T15:39:13
484,Gang Starr Presents Big Shug,https://i.scdn.co/image/ab6761610000e5eb2979ba829c88f4e8d504bc3b,2025-08-25T15:39:13
485,Bahamadia,https://i.scdn.co/image/ab6761610000e5eb5611427203c940d794c13419,2025-08-25T15:39:14
486,Termanology,https://i.scdn.co/image/ab6761610000e5eb29a70635a745acda3f42309f,2025-08-25T15:39:15
487,Weather Report,https://i.scdn.co/image/7746f2d9c6b1c0b8bb8f0e6cf9d5f64790d5597e,2025-08-25T15:39:15
488,Herbie Hancock,https://i.scdn.co/image/ab6761610000e5ebca17170af02af227d6ea0c31,2025-08-25T15:39:16
489,Screamin' Jay Hawkins,https://i.scdn.co/image/502cf9b57a3191d240e4ef7c2ca8a654045e45da,2025-08-25T15:39:17
490,Little Vic,https://i.scdn.co/image/ab6761610000e5ebae4fb6536f89d1f0bd63efdb,2025-08-25T15:39:18
491,Jaz-O & The Immobilarie,https://i.scdn.co/image/ab6761610000e5eb6443c67d281e82b861470a80,2025-08-25T15:39:18
492,Louis Jordan,https://i.scdn.co/image/a4967666a99d0034ed706a8be9cc4412c945f383,2025-08-25T15:39:19
493,SebastiAn,https://i.scdn.co/image/ab6761610000e5ebfea5e67c21857e7c997d3efc,2025-08-25T15:39:19
494,Screwball,https://i.scdn.co/image/ab67616d0000b273804a5ad786e2cadab331078f,2025-08-25T15:39:20
495,Sauce Money,https://i.scdn.co/image/ab67616d0000b273edb9a2b8956f0e487bedd5d9,2025-08-25T15:39:21
496,TEF,https://i.scdn.co/image/ab6761610000e5eb44f5efbadec644751ec871b7,2025-08-25T15:39:21
497,Special Teamz,https://i.scdn.co/image/ab6761610000e5eb08be66211479a6651ee681a1,2025-08-25T15:39:22
498,DJ Honda,https://i.scdn.co/image/ab67616d0000b2738cbde3619c261ae29b23c26f,2025-08-25T15:39:22
499,Digable Planets,https://i.scdn.co/image/9e795364ea04bdc8c3f72599d443bda0e3f647b3,2025-08-25T15:39:23
500,Blahzay Blahzay,https://i.scdn.co/image/ab6761610000e5eb6f97108e23a1785bbff37c92,2025-08-25T15:39:24
501,Madlib,https://i.scdn.co/image/ab6761610000e5ebdb860c843b90fdea28f670d6,2025-08-25T15:39:25
502,Army Of The Pharaohs,https://i.scdn.co/image/ab6761610000e5ebbb08fa425eacfb2d7a719e01,2025-08-25T15:39:25
503,Charli Baltimore,https://i.scdn.co/image/ab67616d0000b2736afe7e9839b53a7fe303ca31,2025-08-25T15:39:26
504,Boogie Down Productions,https://i.scdn.co/image/324281df29e31fe201be16eb5329061e21ed3a47,2025-08-25T15:39:26
505,"Busta Rhymes feat. Q-Tip, Lil Wayne & Kanye West",https://i.scdn.co/image/ab6761610000e5eb1ebb81323a96e465ad20b932,2025-08-25T15:39:27
506,Scientifik,https://i.scdn.co/image/ab67616d0000b273f0e1e4eb209b0d2971e22117,2025-08-25T15:39:28
507,KMD,https://i.scdn.co/image/ab67616d0000b273a049672caf582b864bc98d68,2025-08-25T15:39:29
508,Childish Gambino,https://i.scdn.co/image/ab6761610000e5ebc3dc5429b676b16d451e5f77,2025-08-25T15:39:29
509,Odd Future,https://i.scdn.co/image/ab6761610000e5ebafabd1197a5096bda6772745,2025-08-25T15:34:09
510,Cypress Hill,https://i.scdn.co/image/ab6761610000e5ebcc9097281a479a76d696c5bf,2025-08-25T15:34:09
511,AlunaGeorge,https://i.scdn.co/image/ab6761610000e5eb7261f020417f3931cc3db324,2025-08-25T15:34:09
512,Lorde,https://i.scdn.co/image/ab6761610000e5ebaa69380a8d5203257611662d,2025-08-25T15:34:09
513,CJ FLY,https://i.scdn.co/image/ab6761610000e5eb9208afadfe3feffcecfd290c,2025-08-25T15:34:09
514,Common Sense,https://i.scdn.co/image/ab67616d0000b27330717dc915b3dfef79589422,2025-08-25T15:34:09
515,King Geedorah,https://i.scdn.co/image/ab67616d0000b273de20cdc5935096897bb687fc,2025-08-25T15:34:09
516,Troy Ave,https://i.scdn.co/image/ab6761610000e5eb9bc3d74c4e3beada644156ca,2025-08-25T15:34:10
517,Chase N. Cashe,https://i.scdn.co/image/ab6761610000e5ebc82fba013e1a725fd812659c,2025-08-25T15:34:10
518,Arlissa,https://i.scdn.co/image/ab6761610000e5eb0ee33f4d987455626f16e829,2025-08-25T15:34:10
519,"Busta Rhymes featuring Jamal, Redman, Keith Murray, Rampage The Last Boy Scout, Lord Have Mercy",https://i.scdn.co/image/ab6761610000e5ebc7a48fa52157a18655653431,2025-08-25T15:34:10
520,Pro Era,https://i.scdn.co/image/ab6761610000e5ebb55d84558d9d4e22b44ca122,2025-08-25T15:34:10
521,Generation Match,,2025-08-25T15:39:30
522,The Jackson Conti Band,,2025-08-25T15:39:30
523,Erick Arc Elliott,,2025-08-25T15:39:31
524,Daedelus,https://i.scdn.co/image/ab6761610000e5ebdaf99f05ea3d60fac53acacf,2025-08-25T15:34:10
525,HAIM,https://i.scdn.co/image/ab6761610000e5eb09f7ea29906a367f0648e0bc,2025-08-25T15:34:10
526,The Foreign Exchange,https://i.scdn.co/image/ab6761610000e5eb53e980172a2da3e514c21547,2025-08-25T15:34:10
527,MED,https://i.scdn.co/image/9862cc0877c4cc169d89d0a792a441edc6e0bd78,2025-08-25T15:34:10
528,Eliza Doolittle,https://i.scdn.co/image/ab6761610000e5eb41cfb54a7892a47b84dbf313,2025-08-25T15:34:10
529,Quasimoto,https://i.scdn.co/image/2f67da356f964d7848a11f9951f6a1009565d750,2025-08-25T15:34:10
530,Charles Bradley,https://i.scdn.co/image/ab6761610000e5eb5b855b0ad3f90d4addabf7f2,2025-08-25T15:34:11
531,Lee Fields & The Expressions,https://i.scdn.co/image/ab6761610000e5eb2ab0f0d7e19354bbe50c3546,2025-08-25T15:34:11
532,Xavier Naidoo,https://i.scdn.co/image/ab6761610000e5eb57ecaad62e5b5c2b09475cd8,2025-08-25T15:34:11
533,Ariana Grande,https://i.scdn.co/image/ab6761610000e5eb6725802588d7dc1aba076ca5,2025-08-25T15:34:11
534,JID,https://i.scdn.co/image/ab6761610000e5eb02e4e47e711e07e363ecc6e0,2025-08-25T15:34:11
535,SahBabii,https://i.scdn.co/image/ab6761610000e5eb6a379e26fd4999a0b9bc9baa,2025-08-25T15:34:11
536,Rich Gang,https://i.scdn.co/image/ab6761610000e5ebaf64d7ee4c1d60a58482a37d,2025-08-25T15:34:11
537,KIDS SEE GHOSTS,https://i.scdn.co/image/ab6761610000e5eb22c693c66a5494d88194d543,2025-08-25T15:34:11
538,Kenya Vaun,https://i.scdn.co/image/ab6761610000e5ebb0946da0fbd5860b7fbe2c1f,2025-08-25T15:34:11
539,Loe Shimmy,https://i.scdn.co/image/ab6761610000e5eb1636cf42f0555444dadb55a5,2025-08-25T15:34:11
540,The Purist,https://i.scdn.co/image/ab6761610000e5eb54323095f72cde9f8206f937,2025-08-25T15:34:11
541,Curren$y,https://i.scdn.co/image/ab6761610000e5ebbba49d18d45cacc36cd6622d,2025-08-25T15:34:11
542,True Tiger,https://i.scdn.co/image/ab67616d0000b273846180b0b28d1524bbda9779,2025-08-25T15:34:12
543,Maxsta,https://i.scdn.co/image/ab6761610000e5eb14a7e9d67d537f72e5b95b42,2025-08-25T15:34:12
544,B Live,https://i.scdn.co/image/ab6761610000e5eba6320f0c1014f1bb0e4c509d,2025-08-25T15:34:12
545,Frisco,https://i.scdn.co/image/ab6761610000e5eb988d16139c8061f75f6bdcef,2025-08-25T15:34:12
546,Frisco ft. McLean,https://i.scdn.co/image/ab67616d0000b273fdb9263ef4a58f6fdbc7ff59,2025-08-25T15:34:12
547,Omarion,https://i.scdn.co/image/ab6761610000e5eb8b09a264a0e22193f0786c1b,2025-08-25T15:34:13
548,B2K,https://i.scdn.co/image/190ee6dd8c41f65ad097df2629544a99f345afaa,2025-08-25T15:34:13
549,Hans Zimmer,https://i.scdn.co/image/ab6761610000e5eb371632043a8c12bb7eeeaf9d,2025-08-25T15:34:13
550,Teamheadkick,https://i.scdn.co/image/ab67616d0000b2732cab37d60e56247f531f99a8,2025-08-25T15:34:13
551,Sharky Major,https://i.scdn.co/image/ab6761610000e5eb45367c67de289af6062a8c2c,2025-08-25T15:34:13
552,Zeph Ellis,https://i.scdn.co/image/ab6761610000e5eb15760c01d5969c01f32c72f8,2025-08-25T15:34:13
553,Dice Raw,https://i.scdn.co/image/ab6761610000e5eb2de8bfd615a706462a45393c,2025-08-25T15:34:13
554,Jme,https://i.scdn.co/image/ab6772690000c46c13137dacea4065956acd259c,2025-08-25T15:34:14
555,Big Hits 2012,https://i.scdn.co/image/ab67616d0000b27304f876c684852442f512fb58,2025-08-25T15:34:14
556,LION BABE,https://i.scdn.co/image/ab6761610000e5ebff857f70a9cb27de578d6591,2025-08-25T15:34:14
557,Ben Phipps,https://i.scdn.co/image/ab6761610000e5ebeb1983113c1d4fd86e2853ee,2025-08-25T15:34:14
558,Yuna,https://i.scdn.co/image/ab6761610000e5eb332583960ae0f0a1aa243dea,2025-08-25T15:34:14
559,The Internet,https://i.scdn.co/image/ab6761610000e5ebc32c5dcda378eb561f81b1f9,2025-08-25T15:34:14
560,Adventure Club,https://i.scdn.co/image/ab6761610000e5eb8c540c015b04311b0661eb09,2025-08-25T15:34:14
561,Joji,https://i.scdn.co/image/ab6761610000e5eb4111c95b5f430c3265c7304b,2025-08-25T15:34:14
562,Frédéric Chopin,https://i.scdn.co/image/ab6761610000e5ebe55372097569b7b56b439365,2025-08-25T15:34:14
563,Remble,https://i.scdn.co/image/ab6761610000e5eb1cbbd8be327bf2b83e539393,2025-08-25T15:34:14
564,A Boogie Wit da Hoodie,https://i.scdn.co/image/ab6761610000e5ebebe9d9f649d6ef85497f71af,2025-08-25T15:34:14
565,dj honda,https://i.scdn.co/image/ab6761610000e5eb0b8e261012555a8906b0f1be,2025-08-25T15:34:14
566,Ludovico Einaudi,https://i.scdn.co/image/ab6761610000e5eb86008946f7c35b22282d7e8c,2025-08-25T15:34:14
567,Maurice Ravel,https://i.scdn.co/image/0d8f2b3e9ab748e7767fd31ff9386e06e5834e2b,2025-08-25T15:34:14
568,Felix Mendelssohn,https://i.scdn.co/image/32bf53aa73dbb81c615a91324efea0bcfff4b440,2025-08-25T15:34:14
569,John Field,https://i.scdn.co/image/965dc3c1fac12cd23dfa5525222a500157984785,2025-08-25T15:34:15
570,Alexander Scriabin,https://i.scdn.co/image/b2183c87f1ac1d61113e11c813cf94b2cc353b8b,2025-08-25T15:34:15
571,Daniel Caesar,https://i.scdn.co/image/ab6761610000e5ebe4d94f7cbebb17504c25d419,2025-08-25T15:34:15
572,Sonder,https://i.scdn.co/image/ab6761610000e5ebfc55ad52c4f90c036acc8c15,2025-08-25T15:34:15
573,Brent Faiyaz,https://i.scdn.co/image/ab6761610000e5eb2af1d912483f27af21eba49f,2025-08-25T15:34:15
574,Jhené Aiko,https://i.scdn.co/image/ab6761610000e5ebbc7ca5ae34cffbb572660ee3,2025-08-25T15:34:15
575,Post Malone,https://i.scdn.co/image/ab6761610000e5ebe17c0aa1714a03d62b5ce4e0,2025-08-25T15:34:15
576,Doja Cat,https://i.scdn.co/image/ab6761610000e5ebd00e581a19eb0b8a0ae74c76,2025-08-25T15:34:15
577,Muzio Clementi,https://i.scdn.co/image/f3e7d02361ce21473419b587d17a618a6b10d998,2025-08-25T15:34:15
578,Wolfgang Amadeus Mozart,https://i.scdn.co/image/ab6761610000e5eb7fa9108c6dadb8c3ec21da88,2025-08-25T15:34:15
579,Franz Liszt,https://i.scdn.co/image/9ec531e3712e68c72ae3cf06f17e4055a615c4bf,2025-08-25T15:34:15
580,London Symphony Orchestra,https://i.scdn.co/image/ab6761610000e5eb5a5d168879568c94e86c61aa,2025-08-25T15:34:15
581,Mike WiLL Made-It,https://i.scdn.co/image/ab6761610000e5eba1b8879b06ed8204f15d9bc0,2025-08-25T15:34:16
582,Tyga,https://i.scdn.co/image/ab6761610000e5ebc0aa5c92c47f7e766074edce,2025-08-25T15:34:16
583,Niccolò Paganini,https://i.scdn.co/image/ce53589936d5094e156198f0fb316d7efa788020,2025-08-25T15:34:16
584,Ludwig van Beethoven,https://i.scdn.co/image/ab6761610000e5eba636b0b244253f602a629796,2025-08-25T15:34:16
585,Swedish House Mafia,https://i.scdn.co/image/ab6761610000e5eb2a69903cac5dbe1f233ffb79,2025-08-25T15:34:16
586,Gesaffelstein,https://i.scdn.co/image/ab6761610000e5ebd1b0c16bf77cfe30c09b4951,2025-08-25T15:34:16
587,XXXTENTACION,https://i.scdn.co/image/ab6761610000e5ebf0c20db5ef6c6fbe5135d2e4,2025-08-25T15:34:16
588,Johann Sebastian Bach,https://i.scdn.co/image/a2ec08fe69ecec2748fbc764aede8f1b03ae8f88,2025-08-25T15:34:16
589,Maroon 5,https://i.scdn.co/image/ab6761610000e5ebf8349dfb619a7f842242de77,2025-08-25T15:34:16
590,BROCKHAMPTON,https://i.scdn.co/image/ab6761610000e5eb5685a95f87c28ae5efc5ba48,2025-08-25T15:34:16
591,Kavinsky,https://i.scdn.co/image/ab6761610000e5eb2dc7b3180bad1885c6ee1320,2025-08-25T15:34:16
592,Tory Lanez,https://i.scdn.co/image/ab6761610000e5ebbd5d3e1b363c3e26710661c3,2025-08-25T15:34:16
593,NAV,https://i.scdn.co/image/ab6761610000e5eb6c786d705c8c7e20c877d114,2025-08-25T15:34:16
594,The Noise,https://i.scdn.co/image/ab6761610000e5eb0de3d4ffd202bd3542dfabcf,2025-08-25T15:34:16
595,Joe Hisaishi,https://i.scdn.co/image/ab6761610000e5eb255e3fb8af57399bc9975c61,2025-08-25T15:34:17
596,Shigeru Nagata,https://i.scdn.co/image/ab67616d0000b273f06ee8a01796bf1994df80dd,2025-08-25T15:34:17
597,YGTUT,https://i.scdn.co/image/ab6761610000e5eb85a2be5f5a6f97fb43abc287,2025-08-25T15:34:17
598,Giacomo Puccini,https://i.scdn.co/image/98aef2b83b0148a90f9c60a163e08197f9d8606b,2025-08-25T15:34:17
599,Adekunle Gold,https://i.scdn.co/image/ab6761610000e5eb986c7bbcb6b3d60176c27b78,2025-08-25T15:34:17
600,Nao,https://i.scdn.co/image/ab6761610000e5eb18839b880317c10d078d3b79,2025-08-25T15:34:17
601,EARTHGANG,https://i.scdn.co/image/ab6761610000e5ebc0fdef3fa0f8d02f4bbe455a,2025-08-25T15:34:17
602,Emeryld,https://i.scdn.co/image/ab6761610000e5eb0a66b6eb0d75021dd04de6f7,2025-08-25T15:39:31
603,Chuck Strangers,https://i.scdn.co/image/ab6761610000e5ebdfb93cd8c3e14d84470619e3,2025-08-25T15:39:32
604,Dreamville,https://i.scdn.co/image/ab6761610000e5eb080d11275f15655a11b2610d,2025-08-25T15:39:33
605,Zelooperz,https://i.scdn.co/image/ab6761610000e5eb1fd13b577c4e7d08b06c9a5f,2025-08-25T15:39:33
606,o k h o,https://i.scdn.co/image/ab6761610000e5ebaef13cb21ebb3ce1e5d573f1,2025-08-25T15:39:34
607,Like,https://i.scdn.co/image/ab6761610000e5eb484e326315e09b3f382a7960,2025-08-25T15:39:34
608,WESTSIDE BOOGIE,https://i.scdn.co/image/ab6761610000e5eb91ddb9259985ccc7361452e4,2025-08-25T15:39:35
609,Pink Siifu,https://i.scdn.co/image/ab6761610000e5eb264221eb91f0c8eb16b34c2a,2025-08-25T15:39:35
610,Super Helpful Kwame,https://i.scdn.co/image/ab6761610000e5eb2c2df5472bfde84f9fff460f,2025-08-25T15:39:36
611,Prodigy,https://i.scdn.co/image/ab6761610000e5eb27e2ec52c59c77445bc3494a,2025-08-25T15:39:37
612,Paul White,https://i.scdn.co/image/ab6761610000e5eba47120421cfeaac58a25571b,2025-08-25T15:39:38
613,Lazar Berman,https://i.scdn.co/image/5f269e478a0f6eca0a0b34c310adfc5d7f622799,2025-08-25T15:39:38
614,Norman Perry,https://i.scdn.co/image/ab6761610000e5eb2d36710de941bc051f4d6ef4,2025-08-25T15:39:39
615,Peewee Longway,https://i.scdn.co/image/ab6761610000e5eb4ff8940e951d730928fc470b,2025-08-25T15:39:39
616,Bas,https://i.scdn.co/image/ab6761610000e5eb765400c3d2b3a23e55008735,2025-08-25T15:39:40
617,Jharrel Jerome,https://i.scdn.co/image/ab6761610000e5ebeab455307eb5c1074afcf65c,2025-08-25T15:39:41
618,Channel Tres,https://i.scdn.co/image/ab6761610000e5ebca28bfdecbfca08d150ed84e,2025-08-25T15:39:41
619,Black Soprano Family,https://i.scdn.co/image/ab6761610000e5eb7890a5eb7cd18c3fcb07f45c,2025-08-25T15:39:42
620,SZA,https://i.scdn.co/image/ab6761610000e5ebfd0a9fb6c252a3ba44079acf,2025-08-25T15:39:42
621,Johannes Brahms,https://i.scdn.co/image/d5c6af18beb1411ab49c2976647e0d370bf66a88,2025-08-25T15:39:43
622,Aram Khachaturian,https://i.scdn.co/image/bca34d6a52cd261605378f031da75b7bc50aa834,2025-08-25T15:39:43
623,"Tyler, The Creator",https://i.scdn.co/image/ab6761610000e5ebdf2728294ff77dd11eeb18fb,2025-08-25T15:39:44
624,Calvin Harris,https://i.scdn.co/image/ab6761610000e5eb1e4bcd2bef1896648762dd6b,2025-08-25T15:39:45
625,John Mayer,https://i.scdn.co/image/ab6761610000e5ebe926dd683e1700a6d65bd835,2025-08-25T15:39:45
626,Xavier Omär,https://i.scdn.co/image/ab6761610000e5eb9fa962fb2c2a4049dc8037ff,2025-08-25T15:39:46
627,Duckwrth,https://i.scdn.co/image/ab6761610000e5ebfbc97d5ad893d58596c6c10d,2025-08-25T15:39:47
628,Yung Bae,https://i.scdn.co/image/ab6761610000e5eb574176e26ef6f458527d100e,2025-08-25T15:39:47
629,Sabrina Carpenter,https://i.scdn.co/image/ab6761610000e5eb78e45cfa4697ce3c437cb455,2025-08-25T15:39:48
630,WC,https://i.scdn.co/image/d273e8e435b0c21657812fac2f709623c532c89e,2025-08-25T15:39:49
631,D12,https://i.scdn.co/image/ab6761610000e5eb4f52827861ae9b860a5e62f6,2025-08-25T15:39:49
632,Warren G,https://i.scdn.co/image/ab6761610000e5eb5c9383166226bbe48213b064,2025-08-25T15:39:50
633,Cru,https://i.scdn.co/image/ab6761610000e5eb6c3eef79c518f0b9cac1a517,2025-08-25T15:39:51
634,Baby Keem,https://i.scdn.co/image/ab6761610000e5ebd6f2323c1971fd5a70cd0255,2025-08-25T15:39:51
635,REASON,https://i.scdn.co/image/ab6761610000e5eb9af6fc84f6e69ecfc82d23af,2025-08-25T15:39:52
636,Yann Tiersen,https://i.scdn.co/image/ab6761610000e5eb38c055afa566dd9f0c56fec1,2025-08-25T15:39:52
637,Dustin O'Halloran,https://i.scdn.co/image/ab6761610000e5eba5ff55ae477ef5bf21a77063,2025-08-25T15:39:53
638,James Heather,https://i.scdn.co/image/ab6761610000e5eb2c58203521cb05b4a48a2478,2025-08-25T15:39:53
639,Fabrizio Paterlini,https://i.scdn.co/image/ab6761610000e5eb612df214c0169a732d032f27,2025-08-25T15:39:54
640,Eazy-E,https://i.scdn.co/image/86dccc14ded05c08b96d314a5b0ddf95bb01f013,2025-08-25T15:39:55
641,Hampus Bjorklund,https://i.scdn.co/image/ab67616d0000b273a83bde8bb3726da3efe40c35,2025-08-25T15:39:55
642,Kurtis Blow,https://i.scdn.co/image/a37afc9b09c33a9cde2f9dfbd8119f0609cbbd71,2025-08-25T15:39:56
643,Wham!,https://i.scdn.co/image/ab6761610000e5eb4c1be07897c5be99c3c3c884,2025-08-25T15:39:56
644,The Pogues,https://i.scdn.co/image/636a1b47b11d0d512b4153c9d1b0625eea39f885,2025-08-25T15:39:57
645,Boney M.,https://i.scdn.co/image/ab6761610000e5ebaf50264c42782538634391f9,2025-08-25T15:39:57
646,Darlene Love,https://i.scdn.co/image/d7d6a7209389a3985020c999b5584bf020772b24,2025-08-25T15:39:58
647,Brenda Lee,https://i.scdn.co/image/ab6761610000e5eb4ea49bdca366a3baa5cbb006,2025-08-25T15:39:59
648,The Jackson 5,https://i.scdn.co/image/19f768d93f6c80f7d4ca5b906e1c0376a3704389,2025-08-25T15:39:59
649,The Ronettes,https://i.scdn.co/image/ab6761610000e5ebc47897b69089f59e31817f26,2025-08-25T15:40:00
650,Elvis Presley,https://i.scdn.co/image/ab6761610000e5eb9a93e273380982dff84c0d7c,2025-08-25T15:40:00
651,Bing Crosby,https://i.scdn.co/image/ab6761610000e5ebc3cc7f45922b9adade39ef19,2025-08-25T15:40:01
652,Dean Martin,https://i.scdn.co/image/ab6761610000e5eb63066e18f9af780b2bc73b4f,2025-08-25T15:40:01
653,Tony Bennett,https://i.scdn.co/image/ab6761610000e5ebcd9641c8b449440a77ee19cc,2025-08-25T15:40:02
654,Andy Williams,https://i.scdn.co/image/ab6761610000e5eb5888acdca5e748e796b4e69b,2025-08-25T15:40:03
655,Peggy Lee,https://i.scdn.co/image/ab6761610000e5ebd4a26542545d9aad6c5b49be,2025-08-25T15:40:03
656,Julie London,https://i.scdn.co/image/66ce0fab7aceb0dd691fb04a9c77858fc489e43e,2025-08-25T15:40:04
657,Nat King Cole,https://i.scdn.co/image/ab6761610000e5eb0ec0ea710ed8ce9e490d9c7b,2025-08-25T15:40:04
658,Doris Day,https://i.scdn.co/image/177e8ea19a5da187ddc33cc76d6d65b764fdf277,2025-08-25T15:40:05
659,Perry Como,https://i.scdn.co/image/67994599f4a13b71c23e0fdfc2ffbf9ab94bb513,2025-08-25T15:40:05
660,Alma Cogan,https://i.scdn.co/image/ab67616d0000b27349685d9fd0189d8f96b452f5,2025-08-25T15:40:06
661,The Crystals,https://i.scdn.co/image/ce8e36caccc0fe528b69eae944e3a200ff46a788,2025-08-25T15:40:07
662,Bobby Helms,https://i.scdn.co/image/ab6761610000e5ebbec4ae689dc30a2b59a19038,2025-08-25T15:40:07
663,Burl Ives,https://i.scdn.co/image/ab6761610000e5ebcec2dd52046443079ba66472,2025-08-25T15:40:08
664,The Platters,https://i.scdn.co/image/ab6761610000e5eba0035d75c9430827d6961a9d,2025-08-25T15:40:08
665,Jim Reeves,https://i.scdn.co/image/c39b7fb88bc85c058de0c1151184e6a7f8afe98b,2025-08-25T15:40:09
666,Smokey Robinson & The Miracles,https://i.scdn.co/image/cafa138375c190dc626b6fcb06079fb1c2954e7c,2025-08-25T15:40:09
667,Engelbert Humperdinck,https://i.scdn.co/image/ab6761610000e5eb0f3aa6415854de11e7d9c532,2025-08-25T15:34:19
668,Dickie Valentine,https://i.scdn.co/image/ab67616d0000b273af9192c3cb68f4cd37fcbb1e,2025-08-25T15:34:19
669,Mike Oldfield,https://i.scdn.co/image/b04f41784ba49ed0875cbd018e0e0e55c94344eb,2025-08-25T15:34:19
670,Bert Jansch,https://i.scdn.co/image/ab6761610000e5eb2a5531afbe1714c51458f650,2025-08-25T15:34:20
671,Mud,https://i.scdn.co/image/ab67616d0000b27379fb80e5cd7fbc8be0f08b9a,2025-08-25T15:34:20
672,Cliff Richard,https://i.scdn.co/image/ab6761610000e5ebb237a1fbb5c5568ebe44a296,2025-08-25T15:34:20
673,David Essex,https://i.scdn.co/image/8ce134ff39b5578f9ed010c1e70809e37a63c730,2025-08-25T15:34:20
674,Adam Faith,https://i.scdn.co/image/ab67616d0000b27351b0a4279cb115aa8844d165,2025-08-25T15:34:20
675,Chris de Burgh,https://i.scdn.co/image/ab6761610000e5eb6dc7b79aead8085199d75560,2025-08-25T15:34:20
676,Pentatonix,https://i.scdn.co/image/ab6761610000e5ebd910f1c80f8283f62540792b,2025-08-25T15:34:20
677,Frankie Goes To Hollywood,https://i.scdn.co/image/ab6761610000e5ebe7efd9cceef0829d1439b11e,2025-08-25T15:34:20
678,Céline Dion,https://i.scdn.co/image/ab6761610000e5ebc3b380448158e7b6e5863cde,2025-08-25T15:34:20
679,Ella Fitzgerald,https://i.scdn.co/image/3c1d23141059785c8a863137d176319329dc17ef,2025-08-25T15:34:20
680,James Brown & The Famous Flames,https://i.scdn.co/image/9f18124c9c8b2c4071cdd7baf5ceffd6eed7b839,2025-08-25T15:34:20
681,Jethro Tull,https://i.scdn.co/image/ab6761610000e5ebe1d4d487ce0407b9ecb96743,2025-08-25T15:34:20
682,The Spinners,https://i.scdn.co/image/ab6761610000e5ebc973e7f9d1a3be98df8b8dbc,2025-08-25T15:34:20
683,Bob B. Soxx & The Blue Jeans,https://i.scdn.co/image/ab67616d0000b2739de667afdec61811511d84af,2025-08-25T15:34:20
684,The Beach Boys,https://i.scdn.co/image/ab6761610000e5eba6132f35731872a047c7588f,2025-08-25T15:34:20
685,The Weavers,https://i.scdn.co/image/21e3c45c776432254b28fa84a0e05046e9089f2f,2025-08-25T15:34:21
686,Friedrich Burgmüller,https://i.scdn.co/image/ab67616d0000b273b9cf667a7a8f4fba75c3f70b,2025-08-25T15:34:21
687,Cookin Soul,https://i.scdn.co/image/ab6761610000e5eb39a2f18e968a3afad27b57e4,2025-08-25T15:34:21
688,Luniz,https://i.scdn.co/image/ab67616d0000b273c1ea4aac1ad07a38c59dd30c,2025-08-25T15:34:21
689,Benny The Butcher,https://i.scdn.co/image/ab6761610000e5ebe5a89f3458b25633745115a4,2025-08-25T15:34:21
690,Capone-N-Noreaga,https://i.scdn.co/image/0758224a5805a6cc1a68463de16105b18adfe871,2025-08-25T15:34:21
691,Earthling,https://i.scdn.co/image/ab67616d0000b27397a0838d3073769adac351e3,2025-08-25T15:34:21
692,Makaveli,https://i.scdn.co/image/ab6761610000e5eb2275cee3b8cca367d8e2ea79,2025-08-25T15:34:21
693,Snak The Ripper,https://i.scdn.co/image/ab6761610000e5ebc6096d70fcb44789617ded01,2025-08-25T15:34:21
694,Thelonious Martin,https://i.scdn.co/image/ab6761610000e5eb54bed6ecbbe31a8c2147aa38,2025-08-25T15:34:21
695,Ahmad Lewis,https://i.scdn.co/image/a606b87bd970def63150669549818a748d048ddf,2025-08-25T15:34:21
696,Too $hort,https://i.scdn.co/image/ab6761610000e5ebe1000f5b1cde8889cf4dc44b,2025-08-25T15:34:21
697,Damian Marley,https://i.scdn.co/image/f05f2667aac2bbccd9bf8fcc658b647533257f16,2025-08-25T15:34:22
698,Blacksmith Music Presents Talib Kweli,https://i.scdn.co/image/ab67616d0000b27375f908bda62495bcb2c8c0f5,2025-08-25T15:34:22
699,Immortal Technique,https://i.scdn.co/image/ab6761610000e5eb3ef26ad9da922d14fa7b1ff6,2025-08-25T15:34:22
700,Jim Jones,https://i.scdn.co/image/ab6761610000e5eb6065a9b1476c620495fe3c1a,2025-08-25T15:34:22
701,BJ The Chicago Kid,https://i.scdn.co/image/ab6761610000e5eb5c57299410c9b68fee2ed781,2025-08-25T15:34:22
702,Edvard Grieg,https://i.scdn.co/image/a5dc4df4f87b534afc7b21116bc7680492210656,2025-08-25T15:34:22
703,Alexander Borodin,https://i.scdn.co/image/8125f954593fd7d345da95c593fada8b7248d873,2025-08-25T15:34:22
704,Ottorino Respighi,https://i.scdn.co/image/6f1664190b39f8b288ab3ce0e32884cc33cfb2cd,2025-08-25T15:34:22
705,Jean Sibelius,https://i.scdn.co/image/9bd18051343041184db5c72f965dc81c5f061dc1,2025-08-25T15:34:22
706,Arnold Schoenberg,https://i.scdn.co/image/6baf76a199780038b113c76aaa8d62e467fb45b5,2025-08-25T15:34:22
707,Anton Webern,https://i.scdn.co/image/b929feeb5e970ed126c05205be78327998bc1b90,2025-08-25T15:34:22
708,Gustav Holst,https://i.scdn.co/image/ef09684355a52775e8ff4c9fc2d9fc35714e264a,2025-08-25T15:34:22
709,John Cage,https://i.scdn.co/image/04eb2f5359d2ba75c9c5b37cf29b7debbaf63b22,2025-08-25T15:34:22
710,Run The Jewels,https://i.scdn.co/image/ab6761610000e5ebea5eda58996c7f08d423d522,2025-08-25T15:34:22
711,Danger Mouse,https://i.scdn.co/image/ab6761610000e5eb02b986f57904bca3190d8f2b,2025-08-25T15:34:22
712,Flume,https://i.scdn.co/image/ab6761610000e5eb49e5e399ec5df65a1a5cdd92,2025-08-25T15:34:22
713,Robert Schumann,https://i.scdn.co/image/795f15e4d860456a306055ccc995075c5dad9fa6,2025-08-25T15:34:23
714,Sergei Prokofiev,https://i.scdn.co/image/c3b40885e23fd20cfd503871f57172a640d107ea,2025-08-25T15:34:23
715,Cordae,https://i.scdn.co/image/ab6761610000e5eb9161ad9d53d8c24e2c79d5a5,2025-08-25T15:34:23
716,Antonín Dvořák,https://i.scdn.co/image/f1cd0eea7fb3b75bfad16a10af1dc0dd0763efba,2025-08-25T15:34:23
717,Pyotr Ilyich Tchaikovsky,https://i.scdn.co/image/9a7c31f43e22a95f6d3c57baf4f87a3a9d2b93e0,2025-08-25T15:34:23
718,Steve Lacy,https://i.scdn.co/image/ab6761610000e5eb2297f6d794be503fc5fd031f,2025-08-25T15:34:23
719,Bladee,https://i.scdn.co/image/ab6761610000e5eb43633ee607e147dfd024a198,2025-08-25T15:34:23
720,Conway the Machine,https://i.scdn.co/image/ab6761610000e5ebd95a080cb8504a480d3c5b32,2025-08-25T15:34:23
721,JPEGMAFIA,https://i.scdn.co/image/ab6761610000e5eb2341a6c97594cb2d675f4e89,2025-08-25T15:34:23
722,Injury Reserve,https://i.scdn.co/image/ab6761610000e5eb2a8b5966bf18ebc260d6f697,2025-08-25T15:34:24
723,BADBADNOTGOOD,https://i.scdn.co/image/ab6761610000e5eb4fbd8eb6ef7f24c18dcb8666,2025-08-25T15:34:24
724,Saba,https://i.scdn.co/image/ab6761610000e5ebed8fc47f905709e79b06f12e,2025-08-25T15:34:24
725,Mereba,https://i.scdn.co/image/ab6761610000e5eb4b10018234a1c2b236d70924,2025-08-25T15:34:24
726,21 Savage,https://i.scdn.co/image/ab6761610000e5eb4f8f76117470957c0e81e5b2,2025-08-25T15:34:24
727,Lil Pump,https://i.scdn.co/image/ab6761610000e5eb6bc83a52ca96ea7e6ac30c7f,2025-08-25T15:34:24
728,Roddy Ricch,https://i.scdn.co/image/ab6761610000e5eb88d7900663b237167c4be332,2025-08-25T15:34:24
729,Lil Baby,https://i.scdn.co/image/ab6761610000e5eb514da623c55dc9d2155705dd,2025-08-25T15:34:24
730,Mustard,https://i.scdn.co/image/ab6761610000e5eb54406b7007a449aeaac06c44,2025-08-25T15:34:24
731,Quality Control,https://i.scdn.co/image/ab67616d0000b273f5c547a4335523f10a802f94,2025-08-25T15:40:10
732,DDG,https://i.scdn.co/image/ab6761610000e5ebdd76ea387ac3397391cb5b5f,2025-08-25T15:40:10
733,DaBaby,https://i.scdn.co/image/ab6761610000e5ebbd6918901c1714560669f570,2025-08-25T15:40:11
734,Pressa,https://i.scdn.co/image/ab6761610000e5eb4febe4f9428d1de12fceb9cc,2025-08-25T15:40:12
735,JACKBOYS,https://i.scdn.co/image/ab6761610000e5eb440b705481183f0ddaa521d7,2025-08-25T15:40:12
736,Lil Tecca,https://i.scdn.co/image/ab6761610000e5eb5433d9d8519ad0635d8bd869,2025-08-25T15:40:13
737,YoungBoy Never Broke Again,https://i.scdn.co/image/ab6761610000e5eb776e469c846c205685141317,2025-08-25T15:40:13
738,Joyner Lucas,https://i.scdn.co/image/ab6761610000e5ebf94c47d61b62caf79c57b091,2025-08-25T15:40:14
739,Jay Critch,https://i.scdn.co/image/ab6761610000e5ebb6a1300ce86b52326975142a,2025-08-25T15:40:14
740,Sauce Walka,https://i.scdn.co/image/ab6761610000e5eb07b95e899bb48105bc75fb6c,2025-08-25T15:40:15
741,THE SCOTTS,https://i.scdn.co/image/ab6761610000e5ebd51dd9e8a876c829dedcc8d1,2025-08-25T15:40:16
742,György Ligeti,https://i.scdn.co/image/c253000305809c1424a3dd1d016f82f36dedeff4,2025-08-25T15:40:16
743,Edward Elgar,https://i.scdn.co/image/8691898841248ffbc5e984334879337c81a268fd,2025-08-25T15:40:17
744,Symba,https://i.scdn.co/image/ab67616d0000b2739c556dd6f34e7b41223c246d,2025-08-25T15:40:17
1321,The Homegirl,,2025-09-01T17:13:36.267703
745,A$AP Mob,https://i.scdn.co/image/ab6761610000e5eb566918b7180f8965defe862e,2025-08-25T15:40:18
746,Aaron May,https://i.scdn.co/image/ab6761610000e5eb8c9f2973b268e7958a216b9c,2025-08-25T15:40:18
747,Sheck Wes,https://i.scdn.co/image/ab6761610000e5ebf8728bd0c78cf9df934e17a4,2025-08-25T15:40:19
748,NLE Choppa,https://i.scdn.co/image/ab6761610000e5ebe2c985e8509fc8788a5a5208,2025-08-25T15:40:20
749,H.E.R.,https://i.scdn.co/image/ab6761610000e5eb417db49cde3ed1c5a65e3514,2025-08-25T15:40:20
750,Ella Mai,https://i.scdn.co/image/ab6761610000e5eb4349cc98c1606d1be4fb375d,2025-08-25T15:40:21
751,Damu The Fudgemunk,https://i.scdn.co/image/ab6761610000e5ebab446dadec714fda9d3d4225,2025-08-25T15:40:21
752,Mach-Hommy,https://i.scdn.co/image/ab6761610000e5eb0951eed046371267e421dfdb,2025-08-25T15:40:22
753,Ben Howard,https://i.scdn.co/image/ab6761610000e5eb5aaa4c336f25c59cd9b1825a,2025-08-25T15:40:22
754,Bankroll Fresh,https://i.scdn.co/image/ab6761610000e5eb38a160c9f2df2cb992c6b257,2025-08-25T15:40:23
755,Marlon Craft,https://i.scdn.co/image/ab6761610000e5eb3a7215b26592dab23e90d364,2025-08-25T15:40:24
756,Kofi Stone,https://i.scdn.co/image/ab6761610000e5ebe76255e43ddeec3c97f87713,2025-08-25T15:40:24
757,Diddy,https://i.scdn.co/image/ab67616d0000b2736af4bd99c9a95bbc008c53c4,2025-08-25T15:40:25
758,Souls Of Mischief,https://i.scdn.co/image/ab6761610000e5eb77f22a53b5c7965572c5480c,2025-08-25T15:40:25
759,Gustav Mahler,https://i.scdn.co/image/269aaec4775a72c6574dc856fc1f3f4a84c3d023,2025-08-25T15:40:26
760,Carl Philipp Emanuel Bach,https://i.scdn.co/image/a7f58bb72ec822ff375bff4003b60fa781250306,2025-08-25T15:40:26
761,MIKE,https://i.scdn.co/image/ab6761610000e5eb1cb30dd690ad62b3a98d4540,2025-08-25T15:40:27
762,Maxo,https://i.scdn.co/image/ab6761610000e5ebf01fead2ef599314acf1e6c8,2025-08-25T15:40:28
763,Griselda,https://i.scdn.co/image/ab6761610000e5eb9a31d3c3f5d6803d276acf7b,2025-08-25T15:40:28
764,X-Ecutioners,https://i.scdn.co/image/ab67616d0000b273eeb5d940509f3320ca16c601,2025-08-25T15:40:29
765,LL COOL J,https://i.scdn.co/image/ab6761610000e5ebfdfbad2b88a64e661a6e6400,2025-08-25T15:40:29
766,Prozack Turner,https://i.scdn.co/image/ab6761610000e5ebc19eb1b0cede4715d322bb41,2025-08-25T15:40:30
767,Passport Rav,https://i.scdn.co/image/ab6761610000e5eb85aadc61afc1818dc22e081b,2025-08-25T15:40:31
768,Daily Bread,https://i.scdn.co/image/ab6761610000e5eb57a44a2c3d508e602f13d8c4,2025-08-25T15:40:31
769,Lil Duke,https://i.scdn.co/image/ab6761610000e5eb71e931a8b3ba80fb0011966d,2025-08-25T15:40:32
770,Young Money,https://i.scdn.co/image/ca134959a6212f3931540a4c59a08e5c0774978d,2025-08-25T15:40:32
771,Polo G,https://i.scdn.co/image/ab6761610000e5ebbedf3bdf589da06d1567196c,2025-08-25T15:40:33
772,Wiz Khalifa,https://i.scdn.co/image/ab6761610000e5ebc66b0a8c3268f0b6556f64a8,2025-08-25T15:40:33
773,2 Chainz,https://i.scdn.co/image/ab6761610000e5ebf556662d187b9191c421be1c,2025-08-25T15:40:34
774,Free Nationals,https://i.scdn.co/image/ab6761610000e5eb5ef812b9c4f227331fe33120,2025-08-25T15:40:35
775,Piero Piccioni,https://i.scdn.co/image/ab6761610000e5ebdd9c371428da68927911ab51,2025-08-25T15:40:35
776,The Warner Bros. Studio Orchestra,https://i.scdn.co/image/ab67616d0000b273d17cc4c347ad9f7fad655d0a,2025-08-25T15:40:36
777,TV Girl,https://i.scdn.co/image/ab6761610000e5ebd80695211689a9c8c3fee3b0,2025-08-25T15:40:36
778,Lata Mangeshkar,https://i.scdn.co/image/ab6761610000e5eba0199b159c0c5a9f62333d32,2025-08-25T15:40:37
779,Sade,https://i.scdn.co/image/ab6761610000e5eb92883b0e094a36d2f43ad284,2025-08-25T15:40:37
780,The RH Factor,https://i.scdn.co/image/ab67616d0000b2738b669367dd770eec5e9ab345,2025-08-25T15:40:38
781,Federico Albanese,https://i.scdn.co/image/ab6761610000e5eb9f7e03d64fb459ba84fb7fc2,2025-08-25T15:40:38
782,Hit-Boy,https://i.scdn.co/image/ab6761610000e5eb614fe6ff0971f2d16d36735f,2025-08-25T15:40:39
783,Kari Faux,https://i.scdn.co/image/ab6761610000e5ebaa4761ff01e686afe6f9dc21,2025-08-25T15:40:40
784,Fugees,https://i.scdn.co/image/dd757e1fca99ac0a3da9aa6c2969bc696cc672ce,2025-08-25T15:40:40
785,Scorcher,https://i.scdn.co/image/ab6761610000e5eb3682f21058f5a452ba7e0991,2025-08-25T15:40:41
786,Larry June,https://i.scdn.co/image/ab6761610000e5eb1c0b980410ff1016569fb371,2025-08-25T15:40:41
787,Quavo,https://i.scdn.co/image/ab6761610000e5ebd52229f479361a2375f6021c,2025-08-25T15:40:42
788,Ruff Sqwad,https://i.scdn.co/image/ab6761610000e5eb28d066ff497aa4ceb7a51a52,2025-08-25T15:40:42
789,Tempa T,https://i.scdn.co/image/ab67616d0000b2738c6403a3121be72278ff40ce,2025-08-25T15:40:43
790,KAYTRAMINÉ,https://i.scdn.co/image/ab6761610000e5ebb05f625e8f337fd8756d253f,2025-08-25T15:40:44
791,Baka Not Nice,https://i.scdn.co/image/ab6761610000e5eb8ae5a2b841dfb7e912a5cf46,2025-08-25T15:40:44
792,Smiley,https://i.scdn.co/image/ab6761610000e5eb0612e91e7f1583019092e3d9,2025-08-25T15:40:45
793,Popcaan,https://i.scdn.co/image/ab6761610000e5ebf502679688eab84d1612616e,2025-08-25T15:40:45
794,Roy Woods,https://i.scdn.co/image/ab6761610000e5eb7c13ceffc147ea0974efe8ec,2025-08-25T15:40:46
795,Lord Finesse,https://i.scdn.co/image/ab6761610000e5ebd38352c378204e4b087c36f6,2025-08-25T15:40:46
796,Rich The Kid,https://i.scdn.co/image/ab6761610000e5eb831fd7e9e9fe1b0217791b94,2025-08-25T15:40:47
797,Juice WRLD,https://i.scdn.co/image/ab6761610000e5eb23a60030944f7853c21565ef,2025-08-25T15:40:48
798,Ski Mask The Slump God,https://i.scdn.co/image/ab6761610000e5ebd9531e79636e5bfa61817e43,2025-08-25T15:40:48
799,Lil Yachty,https://i.scdn.co/image/ab6761610000e5eb86c7c38d4c8c461dba55035c,2025-08-25T15:40:49
800,Aminé,https://i.scdn.co/image/ab6761610000e5eb31ad986e8e1328db4b3d83cd,2025-08-25T15:40:49
801,Slums Attack,https://i.scdn.co/image/ab6761610000e5eb972d3fa79c216cb27c77c07b,2025-08-25T15:40:50
802,Ace Hood,https://i.scdn.co/image/ab6761610000e5eb4d61f646972dbb1e2920af7c,2025-08-25T15:40:50
803,Boldy James,https://i.scdn.co/image/ab6761610000e5eb6983b18102a3e5723a09ed3f,2025-08-25T15:40:51
804,Funk Flex,https://i.scdn.co/image/ab6761610000e5eb22397cf46134ee18480af1b3,2025-08-25T15:40:52
805,Bow Wow,https://i.scdn.co/image/ab6761610000e5ebdabcde5a80653290a9f0afad,2025-08-25T15:40:53
806,Marshmello,https://i.scdn.co/image/ab6761610000e5eb3b2498dc8a8c6eceed0a2db3,2025-08-25T15:40:53
807,Venna,https://i.scdn.co/image/ab6761610000e5ebbd00c0c7f3ee2c8553b70b95,2025-08-25T15:40:54
808,Lil Durk,https://i.scdn.co/image/ab6761610000e5eb09791422702c3fa9780468d4,2025-08-25T15:40:54
809,Robert Glasper,https://i.scdn.co/image/ab6761610000e5ebeac91c1b242fe7aff48894f5,2025-08-25T15:40:55
810,Rejjie Snow,https://i.scdn.co/image/ab6761610000e5eb445a187695b168f852c77e0d,2025-08-25T15:40:56
811,CHASE B,https://i.scdn.co/image/ab6761610000e5eb19a9e8e2d21b723e59b66f95,2025-08-25T15:40:56
812,Pale Jay,https://i.scdn.co/image/ab6761610000e5eb8f9248427efd447ee9bb61a3,2025-08-25T15:40:57
813,Ciscero,https://i.scdn.co/image/ab6761610000e5ebd808e2042059571f6aee89fb,2025-08-25T15:40:57
814,Bluestaeb,https://i.scdn.co/image/ab6761610000e5ebdb519279fde7216a382a97b9,2025-08-25T15:40:58
815,Erick the Architect,https://i.scdn.co/image/ab6761610000e5eb325a3bd9068581716736991f,2025-08-25T15:40:58
816,Kali Uchis,https://i.scdn.co/image/ab6761610000e5eb6a5bff9f9278d4eea13bb67e,2025-08-25T15:40:59
817,Felly,https://i.scdn.co/image/ab6761610000e5eb98dc4b9ca2a9fd954b71dfe3,2025-08-25T15:41:00
818,Grand Puba,https://i.scdn.co/image/b3ab7d05f1f1e375cb27cacd01f94628f234761a,2025-08-25T15:41:00
819,Loyle Carner,https://i.scdn.co/image/ab6761610000e5ebaab29c742b716ec24525ee56,2025-08-25T15:41:01
820,Coops,https://i.scdn.co/image/ab6761610000e5eb35fadba1a92622a618ee895a,2025-08-25T15:41:01
821,Thomas Chong,https://i.scdn.co/image/ab67616d0000b273d639fd7f48c97f3f9cbf731c,2025-08-25T15:41:02
822,Rory,https://i.scdn.co/image/ab6761610000e5eb6d5590106ab1671e39953868,2025-08-25T15:41:02
823,EI8HT,https://i.scdn.co/image/ab6761610000e5eb85569817422608fc0bf18321,2025-08-25T15:41:03
824,AKTHESAVIOR,https://i.scdn.co/image/ab6761610000e5ebc970a4a1e1d1e17daf7326ec,2025-08-25T15:41:03
825,Moneybagg Yo,https://i.scdn.co/image/ab6761610000e5eb6d2f8e8fbf5b13b1baa1eeff,2025-08-25T15:41:04
826,$NOT,https://i.scdn.co/image/ab6761610000e5eba404df8d0bcfe7afd3aab17d,2025-08-25T15:41:05
827,Shqipet Nuk Falim,https://i.scdn.co/image/ab6761610000e5ebbc8ddfa8da54adfa8030c604,2025-08-25T15:41:05
828,J Hus,https://i.scdn.co/image/ab6761610000e5eb5e58d093b8bedfa530c2dd61,2025-08-25T15:41:06
829,Central Cee,https://i.scdn.co/image/ab6761610000e5ebf6469f2cbf0a7e78744a3173,2025-08-25T15:41:06
830,Unknown T,https://i.scdn.co/image/ab6761610000e5eb437ee39e7b3183d544f5b6c6,2025-08-25T15:41:07
831,Outcast Music,https://i.scdn.co/image/ab6761610000e5eb51a642c58bcb71d4757cd874,2025-08-25T15:41:07
832,Taylor Swift,https://i.scdn.co/image/ab6761610000e5ebe672b5f553298dcdccb0e676,2025-08-25T15:41:08
833,Rema,https://i.scdn.co/image/ab6761610000e5ebdc3fcc7b3eb99a22b3180eea,2025-08-25T15:41:09
834,Mora,https://i.scdn.co/image/ab6761610000e5ebe6252cc367480d8fe43e711f,2025-08-25T15:41:09
835,Becky G,https://i.scdn.co/image/ab6761610000e5eb1b7aaeedafb29af4c513ebd3,2025-08-25T15:41:10
836,Shenseea,https://i.scdn.co/image/ab6761610000e5eb7e1485fb5dde259c4f4f7432,2025-08-25T15:41:10
837,Big Boss Vette,https://i.scdn.co/image/ab6761610000e5eb8d477474cec3d719f5bdb350,2025-08-25T15:41:11
838,Pop Money,https://i.scdn.co/image/ab6761610000e5eb57ad8ef0f13ffb56a97b47d8,2025-08-25T15:41:11
839,Toosii,https://i.scdn.co/image/ab6761610000e5ebb2a97cb30b566deaed613770,2025-08-25T15:41:12
840,Claude Debussy,https://i.scdn.co/image/5e1155c852578ddf5d2cfea94ccb3a8a65efa882,2025-08-25T15:41:13
841,Anton Rubinstein,https://i.scdn.co/image/28d12fa87cee91d248eeccd40921702904502d41,2025-08-25T15:41:14
842,Smif-N-Wessun,https://i.scdn.co/image/ab6761610000e5eb551f3873c1e00fc5a16df5f1,2025-08-25T15:41:14
843,MIKE DEAN,https://i.scdn.co/image/ab6761610000e5eb8db30739ee006f152d0c8bc6,2025-08-25T15:41:15
844,Eladio Carrion,https://i.scdn.co/image/ab6761610000e5eb78a3800c3ef6e6e5f5cfc9a2,2025-08-25T15:41:15
845,Jack Harlow,https://i.scdn.co/image/ab6761610000e5ebb645c02cfa05103299775097,2025-08-25T15:41:16
846,The Diplomats,https://i.scdn.co/image/ab6761610000e5eb560208af03b9ecfc2390bace,2025-08-25T15:41:16
847,Mackenzy Mackay,https://i.scdn.co/image/ab6761610000e5eb7e4a673bdd1ddf8d258e1a4c,2025-08-25T15:41:17
848,goddard.,https://i.scdn.co/image/ab6761610000e5eb7e432894dac1dcc995699458,2025-08-25T15:41:18
849,Chance Peña,https://i.scdn.co/image/ab6761610000e5eb70b9f80b23919f61e6309623,2025-08-25T15:41:18
850,Everyone You Know,https://i.scdn.co/image/ab6761610000e5ebe2755b5c89a6debbab75d56d,2025-08-25T15:41:19
851,Doktor,https://i.scdn.co/image/ab6761610000e5ebc4adcae9006d5cf3474b13c9,2025-08-25T15:41:19
852,Unglued,https://i.scdn.co/image/ab6761610000e5eb47aacb2d69d0d015129de98e,2025-08-25T15:41:20
853,DJ Hybrid,https://i.scdn.co/image/ab6761610000e5ebdb77f7a4bdd8b66a11a7d1c9,2025-08-25T15:41:20
854,Jam Thieves,https://i.scdn.co/image/ab6761610000e5eb15c8eff48bc64490c0d76d89,2025-08-25T15:41:21
855,808 State,https://i.scdn.co/image/ab6761610000e5ebdae40b58c56780699ce60348,2025-08-25T15:41:22
856,BICEP,https://i.scdn.co/image/ab6761610000e5eb5f50134ddc05a12e03b02ca2,2025-08-25T15:41:22
857,HAAi,https://i.scdn.co/image/ab6761610000e5ebed5bc85edadb50962f7cb04a,2025-08-25T15:41:23
858,Midland,https://i.scdn.co/image/ab6761610000e5eb1fa1d4022a25751ca38a9182,2025-08-25T15:41:23
859,Patrick Holland,https://i.scdn.co/image/ab6761610000e5eb1e278438df137df743662ec2,2025-08-25T15:41:24
860,DJ Seinfeld,https://i.scdn.co/image/ab6761610000e5ebce087a46152d40b1049e0238,2025-08-25T15:41:24
861,Ross from Friends,https://i.scdn.co/image/ab6761610000e5eb837ddd3bcfc37cc7ad7d1174,2025-08-25T15:41:25
862,Catz 'n Dogz,https://i.scdn.co/image/ab6761610000e5ebe22525d6757a4cf627a1d694,2025-08-25T15:41:26
863,DMX Krew,https://i.scdn.co/image/75c798a319e6c11bcba22d743cb75feb1b94ea09,2025-08-25T15:41:26
864,Crazy P,https://i.scdn.co/image/ab6761610000e5ebddafa75c75a839e9639fdce3,2025-08-25T15:41:27
865,Galaxy 2 Galaxy,https://i.scdn.co/image/ab67616d0000b273bfb572c775f90a8c96eda02c,2025-08-25T15:41:27
866,KSDMR,https://i.scdn.co/image/ab6761610000e5eba4d18856377004b755aaefa6,2025-08-25T15:41:28
867,Schatrax,https://i.scdn.co/image/ab67616d0000b273acbf5c8c322d5497c2655683,2025-08-25T15:41:29
868,Caribou,https://i.scdn.co/image/ab6761610000e5ebd25c967e7df50abe5581d4f5,2025-08-25T15:41:29
869,Mella Dee,https://i.scdn.co/image/ab6761610000e5eb2c3e01c71c6208a0facc7a3f,2025-08-25T15:41:30
870,Tiga,https://i.scdn.co/image/ab6761610000e5eb06d27241c3f071b175e33346,2025-08-25T15:41:30
871,Camo & Krooked,https://i.scdn.co/image/ab6761610000e5eb1ba473a65521940e36db0f87,2025-08-25T15:41:31
872,Tinashe,https://i.scdn.co/image/ab6761610000e5eba669f860c74c9007934d2cb6,2025-08-25T15:41:31
873,Snakehips,https://i.scdn.co/image/ab6761610000e5ebb72a1f15f8a3c15f726db58a,2025-08-25T15:41:32
874,Key Glock,https://i.scdn.co/image/ab6761610000e5eb491b2242456d456e76cd0c58,2025-08-25T15:41:33
875,Pop Smoke,https://i.scdn.co/image/ab6761610000e5eb597f9edd2cd1a892d4412b09,2025-08-25T15:41:33
876,Max B,https://i.scdn.co/image/fc9e3f5acf8255daa7b368d68a825ceb0325c967,2025-08-25T15:41:34
877,The Pussycat Dolls,https://i.scdn.co/image/ab6761610000e5eb292575f7d081016e04dff9ee,2025-08-25T15:41:34
878,Skepta Featuring Preeya Kalidas,https://i.scdn.co/image/ab67616d0000b2738e670b7215fa864ac0b92fd0,2025-08-25T15:41:35
879,Little Simz,https://i.scdn.co/image/ab6761610000e5eba22264dfbad2d96ffc6ee2e0,2025-08-25T15:41:36
880,Cooli Highh,https://i.scdn.co/image/ab6761610000e5ebbd711d5a7451786e42231645,2025-08-25T15:41:37
881,Naomi Sharon,https://i.scdn.co/image/ab6761610000e5eb7fac770a7f844d0a18f61d77,2025-08-25T15:41:37
882,Durdenhauer,https://i.scdn.co/image/ab6761610000e5ebe629f73f323458c0b364350a,2025-08-25T15:41:38
883,Mura Masa,https://i.scdn.co/image/ab6761610000e5eb3aca38c42551f532b6fefc16,2025-08-25T15:41:38
884,Erik Satie,https://i.scdn.co/image/dd55078caac8105a3799c9d29f5172410da0c904,2025-08-25T15:41:39
885,Camille Saint-Saëns,https://i.scdn.co/image/f565d81f8dcfdec438207f6d8b34689f3489232a,2025-08-25T15:41:39
886,Dora Bondy,https://i.scdn.co/image/ab6761610000e5eb4283092019ea12453b7fa056,2025-08-25T15:41:40
887,Tavlı,https://i.scdn.co/image/ab6761610000e5ebe9154cad468f4a433d5ceef7,2025-08-25T15:41:41
888,Internet Money,https://i.scdn.co/image/ab6761610000e5eb30cc15d302e22803fcb5ad34,2025-08-25T15:41:41
889,R3ezy,https://i.scdn.co/image/ab67616d0000b273c6eb4c5237313468c8077dc8,2025-08-25T15:41:42
890,101 Strings Orchestra,https://i.scdn.co/image/ab6761610000e5ebf458711200ddf25ef28cee95,2025-08-25T15:41:42
891,Michael Forster,https://i.scdn.co/image/ab67616d0000b2733e7240e6de0c36121437b215,2025-08-25T15:41:43
892,Giuseppe Verdi,https://i.scdn.co/image/29dcc5fb26df65b722073e5246c6a430e9968aa7,2025-08-25T15:41:43
893,Carl Maria von Weber,https://i.scdn.co/image/148c2358afaf0ed694852458a320fbc1ba8ea86a,2025-08-25T15:41:44
894,Léo Delibes,https://i.scdn.co/image/c12a6d385c87030706a0f36dd8798deb299c87a4,2025-08-25T15:41:45
895,Zdeněk Fibich,https://i.scdn.co/image/6da9c7e7760f5e107ed65e55ccddaa28be73b968,2025-08-25T15:41:45
896,Daniel Barenboim,https://i.scdn.co/image/ab6761610000e5eb078ae88e99727476235d816f,2025-08-25T15:41:46
897,Andrea Guerra,https://i.scdn.co/image/ab6761610000e5eb814e50402c91a325bd724ba9,2025-08-25T15:41:46
898,Boot Camp Clik,https://i.scdn.co/image/d35c2cd0c8fb3155c29bf50a1ce93569dacdaab4,2025-08-25T15:41:48
899,Doc Ish,https://i.scdn.co/image/ab6761610000e5ebb9201c3f815c109835da3b6d,2025-08-25T15:41:49
900,Erick Sermon,https://i.scdn.co/image/ab6761610000e5ebbefe81411481dc554cb3aa74,2025-08-25T15:41:49
901,Coco Jones,https://i.scdn.co/image/ab6761610000e5eb2d9ad9587f724ff6649cb8f9,2025-08-25T15:41:50
902,Bobby Caldwell,https://i.scdn.co/image/ab6761610000e5eb859f0afbeb1e9631fdc20783,2025-08-25T15:41:50
903,Omar Apollo,https://i.scdn.co/image/ab6761610000e5ebae8080a07532b843b42acec1,2025-08-25T15:41:51
904,Shierro,https://i.scdn.co/image/ab6761610000e5eba64904ffccdec83cab3c6e19,2025-08-25T15:41:51
905,Kina,https://i.scdn.co/image/ab6761610000e5eb258397c8073298023c532668,2025-08-25T15:41:52
906,LoFi Waiter,https://i.scdn.co/image/ab6761610000e5eb2576a1099bd554479e2e0e12,2025-08-25T15:41:53
907,Phlocalyst,https://i.scdn.co/image/ab6761610000e5eb0343c8cb1b8615e700b45017,2025-08-25T15:41:53
908,Ouflen,https://i.scdn.co/image/ab6761610000e5ebe1ff65f39b333f5f700d19cd,2025-08-25T15:41:54
909,bomull,https://i.scdn.co/image/ab6761610000e5eb7f546af6f7aa8a7d262bf3e7,2025-08-25T15:41:54
910,Breakfast For Brunch,https://i.scdn.co/image/ab6761610000e5eba348db341047c550c67e43bf,2025-08-25T15:41:55
911,Wun Two,https://i.scdn.co/image/ab6761610000e5eb9ffdb939c47a56017bc14371,2025-08-25T15:41:55
912,Galva-Nice,https://i.scdn.co/image/ab67616d0000b27343436d819bf073a2dd66742c,2025-08-25T15:41:56
913,Starlies,https://i.scdn.co/image/ab6761610000e5ebadc8fbd5fdd45d50d1efb6fc,2025-08-25T15:41:57
914,SP-Mato,https://i.scdn.co/image/ab6761610000e5eb5cc0152550ef14f4d2966d8d,2025-08-25T15:41:57
915,Alek Faith,https://i.scdn.co/image/ab6761610000e5eba1246aae97bc548f3a43968e,2025-08-25T15:41:58
916,DJ Khaled,https://i.scdn.co/image/ab6761610000e5eb084f36c2ae2da4a02494e1e5,2025-08-25T15:41:58
917,Vladimir Horowitz,https://i.scdn.co/image/ab6761610000e5eba0c5bd974ec30d1cb6833747,2025-08-25T15:41:59
918,Bedřich Smetana,https://i.scdn.co/image/ab6761610000e5ebdc2b5a5750076de09ae73500,2025-08-25T15:41:59
919,Vasily Rogal-Levitsky,https://i.scdn.co/image/ab6772690000c46c207693bc72c4fef1f0634c2b,2025-08-25T15:42:00
920,Dmitri Shostakovich,https://i.scdn.co/image/28f745db0a77d0e70db1c0be305f51b3478706aa,2025-08-25T15:42:01
921,Salt-N-Pepa,https://i.scdn.co/image/ab6761610000e5eb0675a243b8f4b5301f514206,2025-08-25T15:42:01
922,Junior M.A.F.I.A.,https://i.scdn.co/image/ab67616d0000b273bcb142272cf0b0033b88e5bb,2025-08-25T15:42:02
923,M.I.A.,https://i.scdn.co/image/ab6761610000e5ebd75b03e7f83d62dcd55617ca,2025-08-25T15:42:02
924,Tyla,https://i.scdn.co/image/ab6761610000e5eba1fca104a7abe5a7031b887d,2025-08-25T15:42:03
925,The Prodigy,https://i.scdn.co/image/ab6761610000e5eb147841812056c247407811f3,2025-08-25T15:42:03
926,José Feliciano,https://i.scdn.co/image/ab6761610000e5eb5f8c900bf430e6bfae9ec7c2,2025-08-25T15:42:04
927,Yeat,https://i.scdn.co/image/ab6761610000e5ebbcb7b5ea25215172d09d4e2e,2025-08-25T15:42:05
928,Charles Leclerc,https://i.scdn.co/image/ab6761610000e5eba21ed369cb3ddc4ecb03d1e8,2025-08-25T15:42:05
929,Volker Bertelmann,https://i.scdn.co/image/800b4ed9b7ba7bacd48ea8344f20142ceea4ff9a,2025-08-25T15:42:06
930,Franz Schubert,https://i.scdn.co/image/ffd1ed5399935c49e9c34ba3681a899104998299,2025-08-25T15:42:06
931,Eugene List,https://i.scdn.co/image/ab67616d0000b273ae085a4957858e42ebad867c,2025-08-25T15:42:07
932,ペーター・フランクル,,2025-08-25T15:42:07
933,Antonio Vivaldi,https://i.scdn.co/image/9785700bae86f991f78183076861c7342a4bcf90,2025-08-25T15:42:08
934,Samuel Barber,https://i.scdn.co/image/706c37ad9b22c417bdbff2cc0611c1dcb54fcaa4,2025-08-25T15:42:09
935,Víkingur Ólafsson,https://i.scdn.co/image/ab6761610000e5eb4718bebe82eb2ad2cce9191a,2025-08-25T15:42:09
936,D Double E,https://i.scdn.co/image/ab6761610000e5eb8535d86470d6147986ca93c7,2025-08-25T15:42:10
937,Jaden,https://i.scdn.co/image/ab6761610000e5eb7fcdd9f3bc9e12baf89b1016,2025-08-25T15:42:10
938,WILLOW,https://i.scdn.co/image/ab6761610000e5eb0e6e067240dd48810379dc81,2025-08-25T15:42:11
939,Rome Streetz,https://i.scdn.co/image/ab6761610000e5ebfa8492ca76e0bfe5f4c16a1c,2025-08-25T15:42:11
940,Raz Fresco,https://i.scdn.co/image/ab6761610000e5eb4cda0c8c4caabed1831b87e5,2025-08-25T15:42:12
941,Eartha Kitt,https://i.scdn.co/image/ab6761610000e5ebfa589cdca77cfcd16bb576c1,2025-08-25T15:42:12
942,our distant worlds,https://i.scdn.co/image/ab6761610000e5eb4aefadff581e321469704524,2025-08-25T15:42:13
943,Les Moray,https://i.scdn.co/image/ab6761610000e5eb484bc7391c3299ae905de7a4,2025-08-25T15:42:14
944,Denzel Sachs,https://i.scdn.co/image/ab6761610000e5ebdf410d9fb95de5338774adbf,2025-08-25T15:42:14
945,Roddy Doyle Trio,https://i.scdn.co/image/ab67616d0000b273a2f48fa73b1148daedae5c23,2025-08-25T15:42:15
946,Barry Snyder Band,https://i.scdn.co/image/ab6761610000e5ebd47da7212064b8fbe2c00629,2025-08-25T15:42:15
947,Art Silver Trio,https://i.scdn.co/image/ab6761610000e5eb7fb7817c4b5f636e8f21869d,2025-08-25T15:42:16
948,Steve Luke & Holloway,https://i.scdn.co/image/ab67616d0000b2733deae961f768526d93819824,2025-08-25T15:42:17
949,Lyla Lee Band,https://i.scdn.co/image/ab67616d0000b273daeb1c79b1904e988b02cfd7,2025-08-25T15:42:17
950,Irvin Smith,https://i.scdn.co/image/ab6761610000e5eb528d15c148b06c9cab482a4f,2025-08-25T15:42:18
951,Sydney Taylor Band,https://i.scdn.co/image/ab6761610000e5eb251526e8fe3eb33f3424361e,2025-08-25T15:42:18
952,Dennis Riley-Jones,https://i.scdn.co/image/ab67616d0000b2733e9e386f38933b8b12d6039b,2025-08-25T15:42:19
953,Dan Evans-Parker,https://i.scdn.co/image/ab6761610000e5eb4de58266c7134547f1d2f998,2025-08-25T15:42:19
954,Luke Marantz Trio,https://i.scdn.co/image/ab67616d0000b2737dd63512c9940c8e5da5974c,2025-08-25T15:42:20
955,Grayville Trio,https://i.scdn.co/image/ab67616d0000b273b9dd6a2777fc2978b7a6806b,2025-08-25T15:42:21
956,Kingsley Thomas,https://i.scdn.co/image/ab6761610000e5eb3fb8b4c1c2f955b7917ff082,2025-08-25T15:42:21
957,Jeff Laine & Co,https://i.scdn.co/image/ab6761610000e5eb4023211f066d4f5da52cbe8e,2025-08-25T15:42:22
958,Flatland Park,https://i.scdn.co/image/ab67616d0000b273864331ef2ff0254a73988547,2025-08-25T15:42:22
959,Vlad Kotsky,https://i.scdn.co/image/ab67616d0000b27356999717694701ca3db63db7,2025-08-25T15:42:23
960,Holy Eve Trio,https://i.scdn.co/image/ab67616d0000b273e9334589d5faedb85f92c4e6,2025-08-25T15:42:23
961,Ron de Lauren,https://i.scdn.co/image/ab67616d0000b27316b1ead4e5d4535848a01b62,2025-08-25T15:42:24
962,Ron Bladworth,https://i.scdn.co/image/ab6761610000e5eb5acc8f820f34be0c0df42905,2025-08-25T15:42:25
963,Kyle Mendes Jazz Trio,https://i.scdn.co/image/ab67616d0000b2738007c04c995db782a9e62dea,2025-08-25T15:42:25
964,Nordic Light Trio,https://i.scdn.co/image/ab6761610000e5eb12366fe9208326b131a4637b,2025-08-25T15:42:26
965,Graydon Poole,https://i.scdn.co/image/ab67616d0000b2738e445472465c35006b903e88,2025-08-25T15:42:26
966,Katy Healy,https://i.scdn.co/image/ab67616d0000b273655c40c050e8e40faf894844,2025-08-25T15:42:27
967,Zander Jazz Trio,https://i.scdn.co/image/ab67616d0000b273da7a72e1ed95cef12d8ccb6e,2025-08-25T15:42:27
968,Carl Bagge Trio,https://i.scdn.co/image/ab6761610000e5ebc32dbaff97de360edbeb6400,2025-08-25T15:42:28
969,Sonny Magic Trio,https://i.scdn.co/image/ab67616d0000b273ea33439e1a1e00459335e91c,2025-08-25T15:42:29
970,Kuipers & Winter,https://i.scdn.co/image/ab67616d0000b273ab1b1d7723618845a63871a5,2025-08-25T15:42:29
971,Christian Glass,https://i.scdn.co/image/ab6761610000e5eb2891d665c4f137679444e566,2025-08-25T15:42:30
972,Milad Greenland,https://i.scdn.co/image/ab6761610000e5ebd9e0765654f89d4b3209415e,2025-08-25T15:42:30
973,Rossdale Junction,https://i.scdn.co/image/ab67616d0000b2736876ab73697ee062974ac60e,2025-08-25T15:42:31
974,The Mill Basin Band,https://i.scdn.co/image/ab6761610000e5eb5f2dbd5220a8c34cf8edb887,2025-08-25T15:42:31
975,Daisy Luckett,https://i.scdn.co/image/ab67616d0000b273a4ac23e8afde61dd5e845d5b,2025-08-25T15:42:32
976,Red Brick Lane,https://i.scdn.co/image/ab67616d0000b273419c84ce1df8e8874c323366,2025-08-25T15:42:33
977,Paul Moretti Trio,https://i.scdn.co/image/ab67616d0000b273ea50bd9667ba821b2481ee2d,2025-08-25T15:42:33
978,Charlie James-Walker,https://i.scdn.co/image/ab67616d0000b27382aaae52e85abd5b60587f72,2025-08-25T15:42:34
979,Wonder Eve,https://i.scdn.co/image/ab6761610000e5eb0ec89269d0de70c50ea15dc6,2025-08-25T15:42:34
980,Holborns,https://i.scdn.co/image/ab67616d0000b27344b25adecf211e3af519dfa6,2025-08-25T15:42:35
981,Hudson Harris & Haim,https://i.scdn.co/image/ab6761610000e5eb1e61b18468ad10f6cd01d7b3,2025-08-25T15:42:35
982,Eli Starr Trio,https://i.scdn.co/image/ab67616d0000b27380dc14d486debe1f3e2a3adc,2025-08-25T15:42:36
983,Fulton Street Players,https://i.scdn.co/image/ab6761610000e5eb50b11adec6919e6954dbd532,2025-08-25T15:42:37
984,Francis Graden,https://i.scdn.co/image/ab6761610000e5ebe73bd34ee587714bb690fe61,2025-08-25T15:42:37
985,Manfred Flynn,https://i.scdn.co/image/ab67616d0000b273448e77d8c735637c182df5c8,2025-08-25T15:42:38
986,The Dox Band,https://i.scdn.co/image/ab6761610000e5ebc00012bc20dd6734ab79d2bb,2025-08-25T15:42:38
987,Vendla,https://i.scdn.co/image/ab6761610000e5eb26a115c7626a61c24fce5105,2025-08-25T15:42:39
988,Basinettes,https://i.scdn.co/image/ab67616d0000b2739965a92dc8c2bf9e6ac9b437,2025-08-25T15:42:39
989,Ennio Máno,https://i.scdn.co/image/ab6761610000e5ebb814f63c01a4f940e23829db,2025-08-25T15:42:40
990,Henri La Mer,https://i.scdn.co/image/ab6761610000e5ebb1aaeaf1e1ba08a8efca1221,2025-08-25T15:42:40
991,Christopher Colman,https://i.scdn.co/image/ab6761610000e5eb94a332d382497f82cb6ae9e4,2025-08-25T15:42:41
992,Rebecca McCarthey,https://i.scdn.co/image/ab67616d0000b273e40439f13009569cb805f679,2025-08-25T15:42:42
993,Gabriel Fauré,https://i.scdn.co/image/965d539c15af1d86ec4875f05ec21d32414c3e64,2025-08-25T15:42:42
994,Georges Bizet,https://i.scdn.co/image/4a640bd1a558a58cc4dc3b8effec7747ae55ce17,2025-08-25T15:42:43
995,Emmy Meli,https://i.scdn.co/image/ab6761610000e5ebc1ab614a7746072849a6a01e,2025-08-25T15:42:43
996,Ozuna,https://i.scdn.co/image/ab6761610000e5eb463e10d5f1a533ddd6eb9a04,2025-08-25T15:42:44
997,Saweetie,https://i.scdn.co/image/ab6761610000e5eb0214fabf2d511f3a395f2cde,2025-08-25T15:42:44
998,Blagoje Bersa,https://i.scdn.co/image/ab67616d0000b27320453d42f7d98de7db937a17,2025-08-25T15:42:45
999,John Powell,https://i.scdn.co/image/ab6761610000e5eb7407d140005a90a2fcb34c43,2025-08-25T15:42:46
1000,Shakatak,https://i.scdn.co/image/1ca3c3d5561fb9122fda71ef01ea16ca67c85ec5,2025-08-25T15:42:46
1001,Fleetwood Mac,https://i.scdn.co/image/ab6761610000e5ebc8752dd511cda8c31e9daee8,2025-08-25T15:42:47
1002,"Earth, Wind & Fire",https://i.scdn.co/image/ab6761610000e5eb9722e16a886767adf1178f92,2025-08-25T15:42:47
1003,Al Jarreau,https://i.scdn.co/image/ded65a0f20d78c52655b56688dccd4f5f7b2d331,2025-08-25T15:42:48
1004,Rick Astley,https://i.scdn.co/image/ab6761610000e5eb019782a5d4654e00db2a28a0,2025-08-25T15:42:48
1005,Lindsey Buckingham,https://i.scdn.co/image/ab6761610000e5eba00ac0d57e56f8215531d2da,2025-08-25T15:42:49
1006,Glass Animals,https://i.scdn.co/image/ab6761610000e5ebeb2cc96b0ed023c5e3675b6f,2025-08-25T15:42:50
1007,Champaign,https://i.scdn.co/image/ab67616d0000b2735f55ad7f9a33a6f0d5ec9105,2025-08-25T15:42:50
1008,George Gershwin,https://i.scdn.co/image/0031f27d5c6ee70820cb6e115b19f846d2fab31b,2025-08-25T15:42:51
1009,Leon Bates,https://i.scdn.co/image/ab67616d0000b273991a52dbde6c1841f4a06d8e,2025-08-25T15:42:51
1010,Peter Breiner,https://i.scdn.co/image/ab6761610000e5ebdb1022110da349ae85bd40be,2025-08-25T15:42:52
1011,Joseph Haydn,https://i.scdn.co/image/e9a9521ffd11cf06717c699acc48c32ec6ac7d21,2025-08-25T15:42:52
1012,Johann Strauss II,https://i.scdn.co/image/7c66e77f061dcfe1da26d682f228d0e957035e8d,2025-08-25T15:42:53
1013,Miles Davis Quintet,https://i.scdn.co/image/7e2b6815b5973d47cccbad1d834089231d9b737e,2025-08-25T15:42:54
1014,Louis Armstrong,https://i.scdn.co/image/ab6772690000c46c53b6519baafe8f4d6135453e,2025-08-25T15:42:54
1015,Blue Mitchell,https://i.scdn.co/image/942f51daddd819a9ca176baddb82e42bef2b8105,2025-08-25T15:42:55
1016,"Harry Connick, Jr.",https://i.scdn.co/image/ab6761610000e5eb5246fd018fecb5f3cce9d906,2025-08-25T15:42:55
1017,Harry James,https://i.scdn.co/image/ab6761610000e5eba939797f5630c78721831c23,2025-08-25T15:42:56
1018,Terence Blanchard,https://i.scdn.co/image/ab6761610000e5ebd24c21368050b4b281a63e53,2025-08-25T15:42:56
1019,Kenny Baker's Dozen,https://i.scdn.co/image/ab67616d0000b273a299ed3dc7ac1eeb46355d50,2025-08-25T15:42:57
1020,Kenny Baker,https://i.scdn.co/image/f3680f978b8e78368b64607ce5198c5ba223b373,2025-08-25T15:42:58
1021,Angelstar Jazz Trio,https://i.scdn.co/image/ab67616d0000b273cfb8bcccbdeb3e736994b84a,2025-08-25T15:42:58
1022,Scott Leonard Jazz Band,https://i.scdn.co/image/ab6761610000e5ebaf8d6a0085e4011a19b2c34c,2025-08-25T15:42:59
1023,Atlantic Five Jazz Band,https://i.scdn.co/image/ab6761610000e5eb0ef82b6172d55bce95d1db1a,2025-08-25T15:42:59
1024,Cole Porter,https://i.scdn.co/image/ab6761610000e5eb7b8595bef60047fe0d2bf093,2025-08-25T15:43:00
1025,Beegie Adair,https://i.scdn.co/image/ab6761610000e5eba5041d108685e8fd79413be1,2025-08-25T15:43:00
1026,Judy Garland,https://i.scdn.co/image/eb176061d33ff8d04daee54b00a6f4206d1c0ef5,2025-08-25T15:43:01
1027,Glenn Miller,https://i.scdn.co/image/ab6761610000e5ebbf2be3724ebe17f9258a2180,2025-08-25T15:43:02
1028,The Dave Brubeck Quartet,https://i.scdn.co/image/b6f7dc3c16f95e6df120af205d4007f518b01e0e,2025-08-25T15:43:02
1029,Russ Morgan and His Orchestra,https://i.scdn.co/image/ab67616d0000b273e2396b4d7b9ddd35fc422540,2025-08-25T15:43:03
1030,Cyril Chambers,https://i.scdn.co/image/ab67616d0000b27306ca4f31602ac6aa2aaed7fd,2025-08-25T15:43:03
1031,Miles Davis Quartet,https://i.scdn.co/image/ab67616d0000b27364351626df25d938db9b9f2f,2025-08-25T15:43:04
1032,Inon Zur,https://i.scdn.co/image/30d1e569a32524e1f02a191aa6e6bce39a00b6e2,2025-08-25T15:43:04
1033,The Ink Spots,https://i.scdn.co/image/ab67616d0000b273383811a9b3081023c612fb7b,2025-08-25T15:43:05
1034,Tex Beneke,https://i.scdn.co/image/ab67616d0000b2737c705a56add607b1b6d910ea,2025-08-25T15:43:05
1035,Roy Brown,https://i.scdn.co/image/59319291ea902fcb1f4ad14e6b49ab671f0edbd4,2025-08-25T15:43:06
1036,Danny Kaye,https://i.scdn.co/image/ab6761610000e5ebf0116b08cd813376a9381d78,2025-08-25T15:43:07
1037,Billie Holiday,https://i.scdn.co/image/4efa6b6871a0f672b78b3d16fd5a03c6cd212d58,2025-08-25T15:43:07
1038,Gerhard Trede,https://i.scdn.co/image/ab6761610000e5ebe4b14909841a565c8f516b8e,2025-08-25T15:43:08
1039,Charles Gounod,https://i.scdn.co/image/49e5be304bfd0629f5d1873aaa9ab251df1cc9e6,2025-08-25T15:43:08
1040,Philip Glass,https://i.scdn.co/image/ab6761610000e5eb6165e2f3712049f0b05f36a0,2025-08-25T15:43:09
1041,Howard Shore,https://i.scdn.co/image/ab6761610000e5eb845fb635fad84bdcda4bf51f,2025-08-25T15:43:09
1042,Strandz,https://i.scdn.co/image/ab6761610000e5eb0f23d9d271120abf7d4ef8cd,2025-08-25T15:43:10
1043,Headie One,https://i.scdn.co/image/ab6761610000e5ebb9c2b9dced33e289fb9a281b,2025-08-25T15:43:11
1044,Digga D,https://i.scdn.co/image/ab6761610000e5ebffdc9617850e7b15a946c607,2025-08-25T15:43:11
1045,RAYE,https://i.scdn.co/image/ab6761610000e5eb5e4949a1e3073b5a34b9d938,2025-08-25T15:43:12
1046,Oxlade,https://i.scdn.co/image/ab6761610000e5eb2cdb1148e14bf21f3adc78de,2025-08-25T15:43:12
1047,Pianissimo Brothers,https://i.scdn.co/image/ab6761610000e5eb7f973b822b6e598651156883,2025-08-25T15:43:13
1048,Lang Lang,https://i.scdn.co/image/ab6761610000e5eb15c1582cd95a6521f41ec712,2025-08-25T15:43:13
1049,Flo Milli,https://i.scdn.co/image/ab6761610000e5eb2dd4342359c7b3aca2bca63c,2025-08-25T15:43:14
1050,Janos Sebestyen,https://i.scdn.co/image/ab6761610000e5ebfc3887d79f3432f9f6fcddcc,2025-08-25T15:43:15
1051,Seattle Symphony Orchestra,https://i.scdn.co/image/ab6761610000e5eb8e797d57fac1a04762fd11af,2025-08-25T15:43:15
1052,Ignaz Friedman,https://i.scdn.co/image/f50cee23b3459e3d89b23914237e1cc4e7a2e120,2025-08-25T15:43:16
1053,Eteri Andjaparidze,https://i.scdn.co/image/ab67616d0000b27345407c03646ae63b74735b44,2025-08-25T15:43:16
1054,Federico Mompou,https://i.scdn.co/image/85cf0757aa58d0498ed27d9ed9ffffe3d0770d61,2025-08-25T15:43:17
1055,George Frideric Handel,https://i.scdn.co/image/6391390229a5fb88e8e0d71e3e942b427d12d9a8,2025-08-25T15:43:17
1056,mikeeysmind,https://i.scdn.co/image/ab6761610000e5eb7820168963f934dd9bb9319d,2025-08-25T15:43:18
1057,Vangelis,https://i.scdn.co/image/ab6761610000e5eb4eb15436c35fface06216543,2025-08-25T15:43:19
1058,Soundtrack Orchestra,https://i.scdn.co/image/ab67616d0000b273e45af02903844b0096801c0b,2025-08-25T15:43:19
1059,Random Piano,https://i.scdn.co/image/ab6761610000e5eb46222b801cddc02f47739143,2025-08-25T15:43:20
1060,Patrik Pietschmann,https://i.scdn.co/image/ab6761610000e5eb4bfd0019ea09a3243043a646,2025-08-25T15:43:20
1061,Sigvaldi Kaldalóns,https://i.scdn.co/image/ab67616d0000b2735bafa23ce097c57d8295ad47,2025-08-25T15:43:21
1062,¥$,https://i.scdn.co/image/ab6761610000e5eba670555775b5381ac0519658,2025-08-25T15:43:21
1063,Stromae,https://i.scdn.co/image/ab6761610000e5ebcc129f1c9b5047760d66aae2,2025-08-25T15:43:22
1064,Masego,https://i.scdn.co/image/ab6761610000e5eba12539a9a66ddf0b498d4d4a,2025-08-25T15:43:23
1065,SiR,https://i.scdn.co/image/ab6761610000e5eb8fad33ba0d5ff81d0c453ce9,2025-08-25T15:43:23
1066,Medhane,https://i.scdn.co/image/ab6761610000e5eb0258312013971daf115b0750,2025-08-25T15:43:24
1067,RISSA,https://i.scdn.co/image/ab6761610000e5eb2a453d3d51390888043039e6,2025-08-25T15:43:24
1068,Ray Lozano,https://i.scdn.co/image/ab6761610000e5eb8d73c8ab904a754eaf483d7e,2025-08-25T15:43:25
1069,Bathe,https://i.scdn.co/image/ab6761610000e5eb54250ea5cc36cd413e010308,2025-08-25T15:43:25
1070,Isaiah Falls,https://i.scdn.co/image/ab6761610000e5ebb13f39b8a9b7b0d49de4be91,2025-08-25T15:43:26
1071,BLK ODYSSY,https://i.scdn.co/image/ab6761610000e5ebd074c960182cf1b5e97c8d6a,2025-08-25T15:43:27
1072,Adi Oasis,https://i.scdn.co/image/ab6761610000e5ebea0f8cc62eb7393ac8db8732,2025-08-25T15:43:27
1073,Sideshow,https://i.scdn.co/image/ab6761610000e5eb326fb11815a388f05bd4c7c1,2025-08-25T15:43:28
1074,[ K S R ],https://i.scdn.co/image/ab6761610000e5ebef2d2f6451f13d3fcfe00b8f,2025-08-25T15:43:28
1075,Amy Winehouse,https://i.scdn.co/image/ab6761610000e5eb2ceb023b10da17590878e88c,2025-08-25T15:43:29
1076,Spectre,https://i.scdn.co/image/ab67616d0000b2736832923a1875cb5e79c58d71,2025-08-25T15:43:29
1077,Snoh Aalegra,https://i.scdn.co/image/ab6761610000e5eb04ae2067ae0171af5cbf1cf1,2025-08-25T15:43:30
1078,Cleo Sol,https://i.scdn.co/image/ab6761610000e5ebc7ef033a721654291ccf2ea9,2025-08-25T15:43:30
1079,KIRBY,https://i.scdn.co/image/ab6761610000e5eb2faa1735a7d542da4b3d8f91,2025-08-25T15:43:31
1325,Syke 800,,2025-09-01T22:44:06.495729
1080,Tommy Richman,https://i.scdn.co/image/ab6761610000e5ebf92ed9c2af5378613aa730c6,2025-08-25T15:43:32
1081,Young Nudy,https://i.scdn.co/image/ab6761610000e5eb03775f1dcd383778c1e8832d,2025-08-25T15:43:32
1082,Lancey Foux,https://i.scdn.co/image/ab6761610000e5eb6a5e4d353a3c3d2b45e9871d,2025-08-25T15:43:33
1083,Sexyy Red,https://i.scdn.co/image/ab6761610000e5ebd341871daa2c688ea24dcf02,2025-08-25T15:43:33
1084,MAVI,https://i.scdn.co/image/ab6761610000e5ebd81228a8099c46c5863d92ef,2025-08-25T15:43:34
1085,Billie Eilish,https://i.scdn.co/image/ab6761610000e5eb4a21b4760d2ecb7b0dcdc8da,2025-08-25T15:43:34
1086,Jodeci,https://i.scdn.co/image/84e787711167de186090aca0887af07f5f2fc767,2025-08-25T15:43:35
1087,Junkie XL,https://i.scdn.co/image/40d50d5b2574beca6795f74cf1cae1bdaadab8b4,2025-08-25T15:43:36
1088,Glenn Miller Orchestra,https://i.scdn.co/image/ab67616d0000b27370ff4245e2892810007a9415,2025-08-25T15:43:36
1089,Jack Shaindlin,https://i.scdn.co/image/ab67616d0000b273e065f8c0786fcd2352e7c966,2025-08-25T15:43:37
1090,Buddy Holly,https://i.scdn.co/image/ff6c6ecd90618f5fb0f8fbf51bf8477586c8843b,2025-08-25T15:43:37
1091,KingTrey,https://i.scdn.co/image/ab6761610000e5ebb232fe0f6d30dbd2c00fd20f,2025-08-25T15:43:38
1092,lavender,https://i.scdn.co/image/ab6761610000e5eba1c3d4923f7a90ee8d4e7388,2025-08-25T15:43:38
1093,mynameisntjmack,https://i.scdn.co/image/ab6761610000e5eb6b21dfb8c443d99909e18ba0,2025-08-25T15:43:39
1094,Vansire,https://i.scdn.co/image/ab6761610000e5ebf44b9228f7c27e00783d1c8d,2025-08-25T15:43:40
1095,Stoic,https://i.scdn.co/image/ab6761610000e5eb6eafc749d257c018d709a1c9,2025-08-25T15:43:40
1096,Machinedrum,https://i.scdn.co/image/ab6761610000e5ebe312066b16d4d70a559ab0c2,2025-08-25T15:43:41
1097,John Wells,https://i.scdn.co/image/ab6761610000e5ebd4efe98ab7d0d498abd59f0f,2025-08-25T15:43:41
1098,CARRTOONS,https://i.scdn.co/image/ab6761610000e5eb444602d8b1a05e34ab6be1ea,2025-08-25T15:43:42
1099,DARGZ,https://i.scdn.co/image/ab6761610000e5eb182d35cfb5d2a0d291a42ddc,2025-08-25T15:43:43
1100,Kris the $pirit,https://i.scdn.co/image/ab6761610000e5eb6c31a25e6c21f15fb7acc7a6,2025-08-25T15:43:44
1101,Darci,https://i.scdn.co/image/ab6761610000e5eb20c2518bdcdeb36f426e0566,2025-08-25T15:43:44
1102,ROSSY,https://i.scdn.co/image/ab6761610000e5ebd2618939cb8bc0585b4b0b9b,2025-08-25T15:43:45
1103,The Potash Twins,https://i.scdn.co/image/ab6761610000e5eb33a7d156a887f24fb5b926be,2025-08-25T15:43:45
1104,Just Juice,https://i.scdn.co/image/ab6761610000e5ebd8e7077a41d5087ba625856d,2025-08-25T15:43:46
1105,Amir Obe,https://i.scdn.co/image/ab6761610000e5eb4730d241958ca29897670b57,2025-08-25T15:43:47
1106,Anonymuz,https://i.scdn.co/image/ab6761610000e5ebcc349a639be0f39c7423ba7a,2025-08-25T15:43:47
1107,Ye Ali,https://i.scdn.co/image/ab6761610000e5eb676905d03fac73b492a0244c,2025-08-25T15:43:48
1108,The Streets,https://i.scdn.co/image/ab6761610000e5eb4b7d7580bc3796bb446537fb,2025-08-25T15:43:48
1109,Paul "Bunyan" Rosenberg,,2025-08-25T15:43:49
1110,Eagles,https://i.scdn.co/image/ab6761610000e5eb0767e116a2307495e37cd7fb,2025-08-25T15:43:50
1111,Jim Croce,https://i.scdn.co/image/9f9b40704e3361c93ea8a8b7a86a5d9ee755466e,2025-08-25T15:43:50
1112,Django Reinhardt,https://i.scdn.co/image/ab6761610000e5ebc97909d061299645edfdbe5c,2025-08-25T15:43:51
1113,Chris Isaak,https://i.scdn.co/image/ab6761610000e5ebf0026b72dcfa06ef8fd3c49b,2025-08-25T15:43:51
1114,Tomaso Albinoni,https://i.scdn.co/image/7e3f4a3a9d4f5807aa1929709967429ae166a592,2025-08-25T15:43:52
1115,GnuS Cello,https://i.scdn.co/image/ab6761610000e5eba90ea084bca013f024afbfe8,2025-08-25T15:43:52
1116,Stefano Romanti,https://i.scdn.co/image/ab6761610000e5eb551e4f3cee2a5e35d412c120,2025-08-25T15:43:53
1117,Johann Pachelbel,https://i.scdn.co/image/4c8a440d9c6b4429feb7df77b4fdad86bcabe66f,2025-08-25T15:43:54
1118,James Last,https://i.scdn.co/image/ab6761610000e5eb395e1f225bba2ec88c2026e1,2025-08-25T15:43:54
1119,Valentin Silvestrov,https://i.scdn.co/image/ab6761610000e5eb2c8adcc618320814f0c551ec,2025-08-25T15:43:55
1120,Rachel Portman,https://i.scdn.co/image/ab6761610000e5ebecdcf117a93f2cab88a9faf8,2025-08-25T15:43:55
1121,Domenico Cimarosa,https://i.scdn.co/image/ab6772690000c46c36b2f14e904e702a8068678c,2025-08-25T15:43:56
1122,Yiruma,https://i.scdn.co/image/ab6761610000e5eb4e45a9bfdc9dc3095d684b83,2025-08-25T15:43:56
1123,Christoph Willibald Gluck,https://i.scdn.co/image/48b9b2909457ffacdd795badab855875c73dbab5,2025-08-25T15:43:57
1124,Astor Piazzolla,https://i.scdn.co/image/ab6761610000e5eb571b2c4c9be25fa0b9691cac,2025-08-25T15:43:57
1125,Valentina Lisitsa,https://i.scdn.co/image/ab6761610000e5eb0fcfc4662d94dad49e635eaf,2025-08-25T15:43:58
1126,CHUNG,https://i.scdn.co/image/ab6761610000e5ebd1784dc1c1e9e40447b752f8,2025-08-25T15:43:59
1127,jev.,https://i.scdn.co/image/ab6761610000e5eb793ad5129fc4fd592ff83770,2025-08-25T15:43:59
1128,Blvck Svm,https://i.scdn.co/image/ab6761610000e5eb21b3a67eae6ddd40a1186d1a,2025-08-25T15:44:00
1129,MESSIAH!,https://i.scdn.co/image/ab6761610000e5eb782fb45d8426e8543f616430,2025-08-25T15:44:00
1130,Bob Dylan,https://i.scdn.co/image/ab6761610000e5eb791742524609864273747ef5,2025-08-25T15:44:01
1131,Free Party,https://i.scdn.co/image/ab6761610000e5ebb5c3f61f45dfb56c5a4d0862,2025-08-25T15:44:01
1132,Ambré,https://i.scdn.co/image/ab6761610000e5ebfad82101aaf17e4992c54195,2025-08-25T15:44:02
1133,Poo Bear,https://i.scdn.co/image/ab6761610000e5eba6e357c9453766329810229c,2025-08-25T15:44:03
1134,Naar,https://i.scdn.co/image/ab6761610000e5eb97a6056b6cefda601f4abe6d,2025-08-25T15:44:03
1135,Lou Phelps,https://i.scdn.co/image/ab6761610000e5eb11bed6ccff24e68e97446e2a,2025-08-25T15:44:04
1136,Tommy Newport,https://i.scdn.co/image/ab6761610000e5eba542313175fa463ea7670ec2,2025-08-25T15:44:04
1137,TOBi,https://i.scdn.co/image/ab6761610000e5eb18bd9f96ed9527cc1716bf2b,2025-08-25T15:44:05
1138,Lex Aura,https://i.scdn.co/image/ab6761610000e5eb7bef39e0acfd2dc69d052be4,2025-08-25T15:44:05
1139,Morgan Adams Quartet Plus Two,,2025-08-25T15:44:06
1140,Ryder,https://i.scdn.co/image/ab6761610000e5eb31371c47e7a8e442b3561457,2025-08-25T15:44:07
1141,André 3000,https://i.scdn.co/image/ab6761610000e5eb3d4e529331e396b79792cf1f,2025-08-25T15:44:07
1142,Ezra Collective,https://i.scdn.co/image/ab6761610000e5eba38669cf5ce055735f7829e6,2025-08-25T15:44:08
1143,Tom Misch,https://i.scdn.co/image/ab6761610000e5ebb52fc43462304eb6ae5bba5f,2025-08-25T15:44:08
1144,Knucks,https://i.scdn.co/image/ab6761610000e5ebd731f829b01a61c368256c6a,2025-08-25T15:44:09
1145,ENNY,https://i.scdn.co/image/ab6761610000e5eb70e7dfa93912c83f24ee2770,2025-08-25T15:44:09
1146,Joesef,https://i.scdn.co/image/ab6761610000e5eba234089a1a7d7331b37483f2,2025-08-25T15:44:10
1147,Future Utopia,https://i.scdn.co/image/ab6761610000e5eb1ccacf76ab2b4ef7b780ee5f,2025-08-25T15:44:10
1148,DJ HANSEN,https://i.scdn.co/image/ab6761610000e5ebd529845bee1a4817f8b03a07,2025-08-25T15:44:11
1149,Thundercat,https://i.scdn.co/image/ab6761610000e5eb299e78573ac6393aa9079d19,2025-08-25T15:44:12
1150,Hotel Ugly,https://i.scdn.co/image/ab6761610000e5eb939033cc36c08ab68b33f760,2025-08-25T15:44:12
1151,Lil Double 0,https://i.scdn.co/image/ab6761610000e5ebb4aa3bc64a3ff1eb6a68bd7f,2025-08-25T15:44:13
1152,Uncle Murda,https://i.scdn.co/image/ab6761610000e5ebf498b1f956695b8a44c4e657,2025-08-25T15:44:13
1153,9th Wonder,https://i.scdn.co/image/ab6761610000e5ebcbfb52c894bec74e592c1fe1,2025-08-25T15:44:14
1154,MiMS,https://i.scdn.co/image/ab6761610000e5ebbd97e3a71f58e62682c6fabf,2025-08-25T15:44:14
1155,Salva,https://i.scdn.co/image/ab6761610000e5eba5a741150a5b4c1973990d92,2025-08-25T15:44:15
1156,Cardi B,https://i.scdn.co/image/ab6761610000e5eba23286f24edd4a7dbdc6311d,2025-08-25T15:44:15
1157,French Montana,https://i.scdn.co/image/ab6761610000e5ebadb2f8e09c3e3171956aafe4,2025-08-25T15:44:16
1158,Keane,https://i.scdn.co/image/ab6761610000e5eb92f6dba2793814a1c5aa8d35,2025-08-25T15:44:17
1159,Maxo Kream,https://i.scdn.co/image/ab6761610000e5ebcb38cedfa83aa5eecc386655,2025-08-25T15:44:18
1160,Pete & Bas,https://i.scdn.co/image/ab6761610000e5ebee3f614c84b9a473cbdb8e07,2025-08-25T15:44:18
1161,Linkin Park,https://i.scdn.co/image/ab6761610000e5eb527d95dabbe8b8b527e8136f,2025-08-25T15:44:19
1162,Nate Dogg,https://i.scdn.co/image/fd5d1f379a33ee26e2dfaf296bbab0970ec95ede,2025-08-25T15:44:19
1163,Nessa Barrett,https://i.scdn.co/image/ab6761610000e5ebd9135876f44bfb446e78c07c,2025-08-25T15:44:20
1164,DJ Muggs,https://i.scdn.co/image/ab6761610000e5eb6bef2dcf0dded8ba9845dbc6,2025-08-25T15:44:21
1165,Moka Only,https://i.scdn.co/image/ab6761610000e5eba7112aab6874096e03859c6a,2025-08-25T15:44:21
1166,Million Eyes,https://i.scdn.co/image/ab6761610000e5eb3e97fe0da37fbc6ef6466905,2025-08-25T15:44:22
1167,Hikaru Shirosu,https://i.scdn.co/image/ab6761610000e5eb300c824520fe76aa9ceb7f08,2025-08-25T15:44:22
1168,Yu-Peng Chen,https://i.scdn.co/image/ab6761610000e5eb4d6a491aecf0e36870aa3a21,2025-08-25T15:44:23
1169,Satoshi Takebe,https://i.scdn.co/image/ab67616d0000b273960d6a1107245b7b70725b9f,2025-08-25T15:44:23
1170,Takumi Kaneko,https://i.scdn.co/image/ab67616d0000b273c682410ddb9be0beb2d0c9fb,2025-08-25T15:44:24
1171,Rolelush,https://i.scdn.co/image/ab6761610000e5eb7ebeca07dc5780999f7234a3,2025-08-25T15:44:25
1172,Katsu Hoshi,https://i.scdn.co/image/ab67616d0000b273fda59b9def4055642220404d,2025-08-25T15:44:25
1173,Kota the Friend,https://i.scdn.co/image/ab6761610000e5eb49bae3fce62e87986492ed8c,2025-08-25T15:44:26
1174,PlayThatBoiZay,https://i.scdn.co/image/ab6761610000e5eb1a3afb2be0ae21b76617d773,2025-08-25T15:44:26
1175,Shaquille O'Neal,https://i.scdn.co/image/ab6761610000e5eb9340be800dee8ccc4a3ac402,2025-08-25T15:44:27
1176,YG Hootie,https://i.scdn.co/image/ab6761610000e5eb38776b74ec838135d52a9df0,2025-08-25T15:44:27
1177,Mariah Carey,https://i.scdn.co/image/ab6761610000e5eb15ec13e02524c3cc65fe77d3,2025-08-25T15:44:28
1178,Phil Collins,https://i.scdn.co/image/ab6761610000e5ebd4e38c4e3e5c82774740e28d,2025-08-25T15:44:29
1179,Rick James,https://i.scdn.co/image/e6c035ae9b2a8dd5cf6a3c5f4a0b274d5ff2a605,2025-08-25T15:44:29
1180,Lionel Richie,https://i.scdn.co/image/ab6761610000e5eb002684808eb17d8b3645b57c,2025-08-25T15:44:30
1181,ABBA,https://i.scdn.co/image/ab6761610000e5eb81a5ec3c9b4a6750440904d8,2025-08-25T15:44:30
1182,New Order,https://i.scdn.co/image/ab6761610000e5eba080a8e96758f416301578f9,2025-08-25T15:44:31
1183,Roy Ayers Ubiquity,https://i.scdn.co/image/ab6772690000c46cce17bb88489d99b88d3dca0d,2025-08-25T15:44:31
1184,Lipps Inc.,https://i.scdn.co/image/ab6761610000e5ebcf5fb42825076ab99ff7a991,2025-08-25T15:44:32
1185,The Pointer Sisters,https://i.scdn.co/image/ab6772690000c46c8c57ac844d8c2170149462e3,2025-08-25T15:44:33
1186,Japan,https://i.scdn.co/image/ab6761610000e5ebd6303454ba06d4934fcc43c6,2025-08-25T15:44:33
1187,Michael Jackson,https://i.scdn.co/image/ab6761610000e5eb997cc9a4aec335d46c9481fd,2025-08-25T15:44:34
1188,Hajaj,https://i.scdn.co/image/ab6761610000e5eb9ecb7fa9a074666dc5b70083,2025-08-25T15:44:34
1189,Nia Archives,https://i.scdn.co/image/ab6761610000e5eb55888ad142d602809ce631f8,2025-08-25T15:44:35
1190,Sister Sledge,https://i.scdn.co/image/ab6761610000e5eb3e3e634435f477df50760eae,2025-08-25T15:44:35
1191,Mark Ronson,https://i.scdn.co/image/ab6761610000e5eb105cc9628c315b29d299fbb4,2025-08-25T15:44:36
1192,Village People,https://i.scdn.co/image/ab6761610000e5eb60571cd7326957308bad6380,2025-08-25T15:44:37
1193,Jalen Ngonda,https://i.scdn.co/image/ab6761610000e5ebc25c1a242016e8199d9669ea,2025-08-25T15:44:37
1194,ROSÉ,https://i.scdn.co/image/ab6761610000e5ebcfb4350222919670128ff2dc,2025-08-25T15:44:38
1195,ILLIT,https://i.scdn.co/image/ab6761610000e5eb67a8574e6bf7fa212bb4921b,2025-08-25T15:44:38
1196,Coldplay,https://i.scdn.co/image/ab6761610000e5eb1ba8fc5f5c73e7e9313cc6eb,2025-08-25T15:44:39
1197,Playboi Carti,https://i.scdn.co/image/ab6761610000e5ebba50ca67ffc3097f6ea1710a,2025-08-25T15:44:40
1198,Ozer,https://i.scdn.co/image/ab6761610000e5eb82b60e294df3ca457b9c72c4,2025-08-25T15:44:40
1199,Devin Malik,https://i.scdn.co/image/ab6761610000e5eb2316074fd6e9b3520cf19bc3,2025-08-25T15:44:41
1200,Levi Deiter,https://i.scdn.co/image/ab6761610000e5eb831de8537262d4687cc62930,2025-08-25T15:44:41
1201,Spectacular Diagnostics,https://i.scdn.co/image/ab6761610000e5ebf26e0eb2e73c3feab0a98a1f,2025-08-25T15:44:42
1202,Nell,https://i.scdn.co/image/ab6761610000e5eb453552d1ff5af95f30546312,2025-08-25T15:44:42
1203,Bun B,https://i.scdn.co/image/ffecc1334ae47af66883410d7bd7ff66cff5b4e0,2025-08-25T15:44:43
1204,Doechii,https://i.scdn.co/image/ab6761610000e5ebca2fee52c41d3f58ceb6474b,2025-08-25T15:44:44
1205,BANKS,https://i.scdn.co/image/ab6761610000e5ebd288efeb8eec2d65d2e52bcb,2025-08-25T15:44:44
1206,Armand Hammer,https://i.scdn.co/image/ab6761610000e5ebac229df1d92909cf8bf59ca3,2025-08-25T15:44:45
1207,WIL$ON,https://i.scdn.co/image/ab6761610000e5eb4eb24ae7af992a6cefac8928,2025-08-25T15:44:45
1208,Conductor Williams,https://i.scdn.co/image/ab6761610000e5eb9e3861f97016ae56c21ff6ec,2025-08-25T15:44:46
1209,Ray Vaughn,https://i.scdn.co/image/ab6761610000e5eb09de797e63b9d9dafe1bf3cd,2025-08-25T15:44:46
1210,TheHouse,https://i.scdn.co/image/ab6761610000e5ebb25b0de1fb04a66e5fc1cda2,2025-08-25T15:44:47
1211,Wiki,https://i.scdn.co/image/ab6761610000e5ebf94d0a359a8e31b4a25860af,2025-08-25T15:44:48
1212,Domo Genesis,https://i.scdn.co/image/ab6761610000e5eb326a61a99773406cc8a6b0dd,2025-08-25T15:44:48
1213,Justice,https://i.scdn.co/image/ab6761610000e5ebf140c161d9f9cc9afe85b6ed,2025-08-25T15:44:49
1214,The Marías,https://i.scdn.co/image/ab6761610000e5ebaf586afa2b397f1288683a76,2025-08-25T15:44:49
1215,Dust Raps the Blues,https://i.scdn.co/image/ab6761610000e5eb7dc035378216b05933075e74,2025-08-25T15:44:50
1216,Atm Krown,https://i.scdn.co/image/ab6761610000e5eb5d05d541cc39711782a358ee,2025-08-25T15:44:50
1217,A$AP Twelvyy,https://i.scdn.co/image/ab6761610000e5eba708d986c863c5a8456293f2,2025-08-25T15:44:51
1218,Omen,https://i.scdn.co/image/ab6761610000e5ebcaae0fe9594846bdf63f0e6e,2025-08-25T15:44:52
1219,Musiq Soulchild,https://i.scdn.co/image/ab6761610000e5ebc9d43ed95cf5550a1cb7aa43,2025-08-25T15:44:52
1220,Terrace Martin,https://i.scdn.co/image/ab6761610000e5ebb729c16b539c36327a43c946,2025-08-25T15:44:53
1221,Anti Lilly,https://i.scdn.co/image/ab6761610000e5eb4d3be665b0b644ccbb5e75ab,2025-08-25T15:44:53
1222,La Brigida Orquesta,https://i.scdn.co/image/ab6761610000e5eb2405da3ee2ef7bf724775a9c,2025-08-25T15:44:54
1223,Frizzy P & Mr Cole,https://i.scdn.co/image/ab6761610000e5eb340d9c4f571b2779b75a3ed9,2025-08-25T15:44:54
1224,Aim,https://i.scdn.co/image/ab6761610000e5eb7643e844cfdd7f91a051a69f,2025-08-25T15:44:55
1225,Beatchild,https://i.scdn.co/image/ab6761610000e5ebc1fa6f98bd2968a59806d77a,2025-08-25T15:44:56
1226,RUBII,https://i.scdn.co/image/ab6761610000e5eba8cfa58acae3fad75d641066,2025-08-25T15:44:56
1227,Suff Daddy,https://i.scdn.co/image/ab6761610000e5eb55d45cacce44faac2afd0092,2025-08-25T15:44:57
1228,Strange Fruit Project,https://i.scdn.co/image/ab67616d0000b273d75038a29ee43c2e769adb78,2025-08-25T15:44:57
1229,One Self,https://i.scdn.co/image/ab6761610000e5eb4a41a47af2882af302620479,2025-08-25T15:44:58
1230,Potatohead People,https://i.scdn.co/image/ab6761610000e5ebb43f7d04f4cef96acd2e9757,2025-08-25T15:44:58
1231,Uyama Hiroto,https://i.scdn.co/image/ab6761610000e5ebb39ab08531f982ef40c43d7f,2025-08-25T15:44:59
1232,Rae & Christian,https://i.scdn.co/image/2526d2fa753075547fb7d0ce038a41db469d3495,2025-08-25T15:45:00
1233,LeRoyce,https://i.scdn.co/image/ab6761610000e5ebdad809978cc81c8bbf52790a,2025-08-25T15:45:00
1234,Nicole Bus,https://i.scdn.co/image/ab6772690000c46c3a8ee77c1ba306e91a129250,2025-08-25T15:45:01
1235,London Metropolitan Orchestra,https://i.scdn.co/image/ab67616d0000b273ed59cea75575ea8166c23bdb,2025-08-25T15:45:01
1236,Glass Trio,https://i.scdn.co/image/ab6761610000e5eb65001e0a7661cd5115ca99e6,2025-08-25T15:45:02
1237,Miles Davis,https://i.scdn.co/image/423e826b3c1b23930a255d7cbc2daf733f795507,2025-08-25T15:45:03
1238,Antônio Carlos Jobim,https://i.scdn.co/image/25438d99922a46a53792e1496b31159ad386806a,2025-08-25T15:45:03
1239,Mitski,https://i.scdn.co/image/ab6761610000e5eb4bdb3888818637acb71c4a13,2025-08-25T15:45:04
1240,Lana Del Rey,https://i.scdn.co/image/ab6761610000e5ebb99cacf8acd5378206767261,2025-08-25T15:45:04
1241,Solange,https://i.scdn.co/image/ab6761610000e5eb631cf0aa859e5a20e836f14f,2025-08-25T15:45:05
1242,Alexey Shor,https://i.scdn.co/image/ab67616d0000b27318002514a1078c84740c9b94,2025-08-25T15:45:05
1243,LISA,https://i.scdn.co/image/ab6761610000e5eb5cd3b3af8b72e32be78571ec,2025-08-25T15:45:06
1244,Blue Ivy,https://i.scdn.co/image/ab6742d3000053b7eb013fc3c69937d8b94d0b5f,2025-08-25T15:45:07
1245,Remy Banks,https://i.scdn.co/image/ab6761610000e5ebfeca80609abac9484c082cd8,2025-08-25T15:45:07
1246,Fridayy,https://i.scdn.co/image/ab6761610000e5eb719091b5ac1dd89efe0512cd,2025-08-25T15:45:08
1247,Rascal Flatts,https://i.scdn.co/image/ab6761610000e5eb6772748e5cd3c3de721f8c03,2025-08-25T15:45:08
1248,Infinity Knives,https://i.scdn.co/image/ab6761610000e5ebcb7829cf739763199fef4c27,2025-08-25T15:45:09
1249,6ix,https://i.scdn.co/image/ab6761610000e5eb9e8e97e2841b3ab3be1c7e62,2025-08-25T15:45:09
1250,Bobby V.,https://i.scdn.co/image/ab6761610000e5ebcf100186c3b280c3fd7c731e,2025-08-25T15:45:10
1251,Lloyd,https://i.scdn.co/image/ab6761610000e5eb5de0901c4bcb8d0352b71c3f,2025-08-25T15:45:11
1252,JBEE,https://i.scdn.co/image/ab6761610000e5eb86d91abe5201ae7f5dbcabb0,2025-08-25T15:45:11
1253,A.R. Rahman,https://i.scdn.co/image/ab6761610000e5ebb19af0ea736c6228d6eb539c,2025-08-25T15:45:12
1254,$hoey,https://i.scdn.co/image/ab6761610000e5eb572ddfd1c3138c007a1d98e3,2025-08-25T15:45:12
1255,Duki,https://i.scdn.co/image/ab6761610000e5eb0f682e8d99b232d621a25c3b,2025-08-25T15:45:13
1256,Bryce Vine,https://i.scdn.co/image/ab6761610000e5ebef4095d07eb0637ae48fd0d3,2025-08-25T15:45:13
1257,Paula Perry,https://i.scdn.co/image/e9999cea5fc08edd1476c4e2f9387c367b846d3e,2025-08-25T15:45:14
1258,Pyotr Godunov,https://i.scdn.co/image/ab67616d0000b2737dc2f5ea55af1d521a0713c6,2025-08-25T15:45:15
1259,Martin Bloch,https://i.scdn.co/image/ab6761610000e5ebc40255c857767671799296c5,2025-08-25T15:45:15
1260,C418,https://i.scdn.co/image/ab6761610000e5eba9b8234e3071836212561d19,2025-08-25T15:45:16
1261,D.I.T.C.,https://i.scdn.co/image/ab67616d0000b2739180ec245c2d22d169155c79,2025-08-25T15:45:16
1262,Dua Lipa,https://i.scdn.co/image/ab6761610000e5eb0c68f6c95232e716f0abee8d,2025-08-25T15:45:17
1263,Lil Tjay,https://i.scdn.co/image/ab6761610000e5eb61a229ac35bdd68d42bffe32,2025-08-25T15:45:17
1264,NxWorries,https://i.scdn.co/image/ab6761610000e5eb89fa062521347470d69ba4c2,2025-08-25T15:45:18
1265,Katy Perry,https://i.scdn.co/image/ab6761610000e5eb0988562f78810e47a6e3325f,2025-08-25T15:45:18
1266,Wretch 32,https://i.scdn.co/image/ab6761610000e5eb809e4584351a840dc8b33c94,2025-08-25T15:45:19
1267,D-Block Europe,https://i.scdn.co/image/ab6761610000e5ebb136231528a99ff2de5d3a8d,2025-08-25T15:45:20
1268,Foggieraw,https://i.scdn.co/image/ab6761610000e5eb52a79f9350194a38a762c3e6,2025-08-25T15:45:20
1269,Zaamwé,https://i.scdn.co/image/ab6761610000e5ebbd9ff1eafd9d8bc1e2f403f6,2025-08-25T15:45:21
1270,Øneheart,https://i.scdn.co/image/ab6761610000e5eb42cb036251a6e79cdb99ec69,2025-08-25T15:45:21
1271,Fred again..,https://i.scdn.co/image/ab6761610000e5eb04a3b69e7f2bf27020773d8c,2025-08-25T15:45:22
1272,KNEECAP,https://i.scdn.co/image/ab6761610000e5ebc07b6d26c0ae6faa9a90152f,2025-08-25T15:45:23
1273,MOLIY,https://i.scdn.co/image/ab6761610000e5ebb2d26d40cf819efd11f999ab,2025-08-25T15:45:23
1274,Sam Gellaitry,https://i.scdn.co/image/ab6761610000e5eb4847cccd103ac9260b041689,2025-08-25T15:45:24
1275,KTmelodies,https://i.scdn.co/image/ab6761610000e5eb2f3de575a5d2eec893858afa,2025-08-25T15:45:24
1276,Imagine Dragons,https://i.scdn.co/image/ab6761610000e5ebab47d8dae2b24f5afe7f9d38,2025-08-25T15:45:25
1277,Arcane,https://i.scdn.co/image/ab6761610000e5eba056b2ecc1a70ab57cdcc10b,2025-08-25T15:45:25
1278,Trigga,https://i.scdn.co/image/ab67616d0000b2735115809003aa6c888854c5b2,2025-08-25T15:45:26
1279,Cookie,https://i.scdn.co/image/ab6761610000e5eb689a14c12bb3396818c4a89e,2025-08-25T15:45:27
1280,P Money,https://i.scdn.co/image/ab6761610000e5ebfc60626f1d09e2caa67f401f,2025-08-25T15:45:27
1281,Lilly Wood and The Prick,https://i.scdn.co/image/ab6761610000e5eb76a8e34c1a5af31964a4bbf7,2025-08-25T15:45:28
1282,The Lonely Island,https://i.scdn.co/image/cf8fbdf34903d500441a746108ee0fdfa17cd388,2025-08-25T15:45:29
1283,Pi’erre Bourne,https://i.scdn.co/image/ab6761610000e5eb0654f82c997f5da62667924c,2025-08-25T15:45:29
1284,Morad,https://i.scdn.co/image/ab6761610000e5eb78be1444357da95706de5d12,2025-08-25T15:45:30
1285,HUGEL,https://i.scdn.co/image/ab6761610000e5eb343b799b41a8c308fb4a72c2,2025-08-25T15:45:30
1286,Bizarrap,https://i.scdn.co/image/ab6761610000e5eb14add0d3419426b84158b913,2025-08-25T15:45:31
1287,Bad Bunny,https://i.scdn.co/image/ab6761610000e5eb81f47f44084e0a09b5f0fa13,2025-08-25T15:45:31
1288,Jordan Ward,https://i.scdn.co/image/ab6761610000e5eb45e98a4d0e5d51006d72acdf,2025-08-25T15:45:32
1289,Tate McRae,https://i.scdn.co/image/ab6761610000e5eb0ac65fc565cc8b59d561ee34,2025-08-25T15:45:33
1290,SoFaygo,https://i.scdn.co/image/ab6761610000e5ebac01d197d00d16cee2f2dc7d,2025-08-25T15:45:33
1291,Jermaine Dupri,https://i.scdn.co/image/ab6761610000e5eb5b35a576c4e67e75bdc2fa68,2025-08-25T15:45:34
1292,Talal Madah,https://i.scdn.co/image/ab6761610000e5ebcee3835ef33e3f16da1f3cca,2025-08-25T15:45:34
1293,Amr Diab,https://i.scdn.co/image/ab6761610000e5ebab35bf72eb23fa275fdc2dcb,2025-08-25T15:45:35
1294,Hassan Abou Seoud,https://i.scdn.co/image/ab67616d0000b273b253d2e4bcd98f8078a5a3dd,2025-08-25T15:45:36
1295,Myriam Fares,https://i.scdn.co/image/ab6761610000e5eb9ab6a7662e3f486c80e8d4ab,2025-08-25T15:45:36
1296,Dr Samy Farag,https://i.scdn.co/image/ab67616d0000b2734a2e2bf92d728dae0d7105af,2025-08-25T15:45:37
1297,Hakim,https://i.scdn.co/image/ab6761610000e5eb4a64c616124866952c71dcd3,2025-08-25T15:45:37
1298,Zac Brown Band,https://i.scdn.co/image/ab6761610000e5eb8b236b26cb2d93cfc9f1ada1,2025-08-25T15:45:38
1299,Ye,https://i.scdn.co/image/ab6761610000e5eb763ebf2c9db1346288731802,2025-08-25T15:45:38
1300,ILOVEMAKONNEN,https://i.scdn.co/image/ab6761610000e5ebfc3b69ca13052ab7c7a2be1d,2025-08-25T15:45:39
1301,Hermitude,https://i.scdn.co/image/ab6761610000e5ebae21c044715480a57467e0d3,2025-08-25T15:45:40
1302,Masta Ace & Marco Polo,https://i.scdn.co/image/ab6761610000e5ebce848aa8cb2990243659920d,2025-08-25T15:45:41
1303,Big Sad 1900,https://i.scdn.co/image/ab6761610000e5eb137c70759a85c5aa0770a932,2025-08-25T15:45:41
1304,véløma,https://i.scdn.co/image/ab6761610000e5eb3d6bbc173b084d110a4247e3,2025-08-25T15:45:42
1305,Bay Swag,https://i.scdn.co/image/ab6761610000e5ebf5566e35b8e44eeff67c7f25,2025-08-25T15:45:42
1306,Frances Yip,https://i.scdn.co/image/ab67616d0000b2737ff64ba75fffa22b2509cbcd,2025-08-25T15:45:43
1307,Mable John,https://i.scdn.co/image/ab67616d0000b27321f2113ac59c266f64cb7744,2025-08-25T15:45:43
1308,Droogie Otis,https://i.scdn.co/image/ab6761610000e5eb0c9e5930886957b0f8a8149a,2025-08-25T15:45:44
1310,Number Wun Playa,https://i.scdn.co/image/ab67616d0000b273f24ccc10211a6704b2b994b8,2025-08-25T15:45:45
1311,Tame Tiger,https://i.scdn.co/image/ab6761610000e5eb78f5000deaab6e3f02f5d9ae,2025-08-31T20:14:04
1312,WUNNAI,https://i.scdn.co/image/ab67616d0000b27331191a1c6aa47565dc0f0f7b,2025-08-31T20:14:04
1313,Mist,https://i.scdn.co/image/ab6761610000e5ebcb1c735cbe0b2d7c1cba808c,2025-08-31T20:14:04
1314,Gunaviani,https://i.scdn.co/image/ab6761610000e5eb61156075c690e8b16e687c19,2025-08-31T20:14:05
1315,Gunna Da Slime,,2025-08-31T20:14:05
1316,The Clash,https://i.scdn.co/image/ab6761610000e5eb2fc4d22f2e060511db2ae971,2025-08-31T20:14:05
1317,The Kooks,https://i.scdn.co/image/ab6761610000e5ebdb445115fc89f2ede86dab8a,2025-08-31T20:14:06
1318,Reason,https://i.scdn.co/image/ab6761610000e5ebf3e6811069333f318955d3d7,2025-08-31T20:14:06
4,Lupe Fiasco,https://i.scdn.co/image/ab6761610000e5eb17e0a43f3aaa0c48410c4b68,2025-09-01T00:22:20.112332
2,Kendrick Lamar,https://i.scdn.co/image/ab6761610000e5eb39ba6dcd4355c03de0b50918,2025-09-01T16:28:38.165642
1319,Slim 400,https://i.scdn.co/image/ab67616d0000b27333bcb296e03919054efbd676,2025-09-01T16:37:48.701288
1320,Kamaiyah,https://i.scdn.co/image/ab6761610000e5ebef463e2dcc83c8316e1bcbbf,2025-09-01T17:04:34.450617
1331,JasonMartin,https://i.scdn.co/image/ab6761610000e5eb12097b6ea5bac519a5783760,2025-09-01T23:31:43.127727
1322,Joe Moses,https://i.scdn.co/image/ab6761610000e5eb8b98c47c8142830c4e103f5b,2025-09-01T17:13:36.267703
1323,Jay 305,https://i.scdn.co/image/ab6761610000e5eb7729801ab464aa4ed67737ac,2025-09-01T17:13:36.267703
314,Ty Dolla $ign,https://i.scdn.co/image/ab6761610000e5ebdeccf223fe80d308aba91b64,2025-09-01T23:31:43.127727
93,YG,https://i.scdn.co/image/ab6761610000e5eb29831a7ff6177ec357478850,2025-09-01T23:31:43.127727
1309,808 Supply,https://i.scdn.co/image/ab6761610000e5eb956f5f36f1e1361bd83125f3,2025-09-01T23:31:43.127727
1324,Sad Boy,https://i.scdn.co/image/ab67616d0000b27365c7c12f6d6c238e51be3783,2025-09-01T22:20:28.505875
1326,Duce,https://i.scdn.co/image/ab67616d0000b273274559c48a29aeff72e5d0f8,2025-09-01T22:44:06.495729
1327,Marley Bleu,,2025-09-01T22:44:06.495729
1328,Burnt Out,https://i.scdn.co/image/ab67616d0000b2730840943111a50ed4f786d8ce,2025-09-01T22:44:06.495729
1329,AD,https://i.scdn.co/image/ab6761610000e5ebc53c1a30c9a5e208c82d96c9,2025-09-01T22:44:06.495729
1330,Bricc Baby,https://i.scdn.co/image/ab6761610000e5eba124ad661b26cc061979372f,2025-09-01T22:44:06.495729
146,Lil Wayne,https://i.scdn.co/image/ab6761610000e5eb998010cd1075921b5faf16b2,2025-09-01T22:51:30.962124
3,Drake,https://i.scdn.co/image/ab6761610000e5eb4293385d324db8558179afd9,2025-09-01T22:57:28.353256