id,name,duration_ms,popularity,release_date,release_precision,last_fetched
2,untitled 06 | 06.30.2014.,208013,63,2016-03-04,day,
3,untitled 05 | 09.21.2014.,338426,64,2016-03-04,day,
4,untitled 04 | 08.14.2014.,110066,51,2016-03-04,day,
5,untitled 03 | 05.28.2013.,154346,56,2016-03-04,day,
6,untitled 02 | 06.23.2014.,258826,63,2016-03-04,day,
7,untitled 01 | 08.19.2014.,247746,51,2016-03-04,day,
8,Jealousy,173114,68,2024-01-31,day,
10,Crew (feat. Brent Faiyaz & Shy Glizzy),176702,77,2017-03-24,day,
11,Nosetalgia,216066,62,2013-10-31,day,
12,Hood Politics,292520,60,2015-03-16,day,
13,Chains & Whips,243906,78,2025-07-11,day,
14,"gnx (feat. hitta j3, youngthreat, peysoh)",193539,65,2024-11-22,day,
15,heart pt. 6,292461,72,2024-11-22,day,
17,reincarnated,275740,72,2024-11-22,day,
18,man at the garden,233173,69,2024-11-22,day,
20,wacced out murals,317092,72,2024-11-22,day,
22,Righteous Minds,224042,67,2012-06-12,day,
24,These Walls,300973,65,2015-03-16,day,
26,King Kunta,234693,74,2015-03-16,day,
27,Wesley's Theory,287360,70,2015-03-16,day,
28,Problem,241453,52,2016-03-25,day,
30,Cocaina (feat. Young Thug),318933,35,2015-07-31,day,
31,Slam the Door,188440,62,2021-04-16,day,
32,Dome (feat. Duke),231293,50,2015-04-16,day,
33,Out Yo Way,288387,43,2017-01-27,day,
34,Jump Out the Face (feat. Future),161906,60,2015-06-29,day,
36,Unicorn Purp (feat. Young Thug & Gunna),246915,53,2019-01-18,day,
37,Dream (feat. Yak Gotti),181400,47,2015-04-16,day,
39,Can't Have Everything,228437,58,2017-03-18,day,
40,Mannequin Challenge (feat. Juice WRLD),162400,45,2019-12-20,day,
41,High Fashion,213365,40,2016-01-08,day,
42,Who,192026,52,2016-10-13,day,
43,Drippin',186453,47,2016-03-25,day,
44,Memo,195413,56,2016-03-25,day,
45,PLUTOSKI,179022,62,2024-09-20,day,
46,So Be It,194866,76,2025-07-11,day,
48,STREET SWEEPER (feat. Future),192400,65,2020-07-24,day,
49,With That (feat. Duke),202533,59,2015-04-16,day,
51,WHERE WAS YOU,272941,78,2025-07-13,day,
54,Special (feat. Offset and Solo Lucci),263592,40,2016-02-05,day,
55,Hercules,280831,54,2016-02-05,day,
56,Ridin' (feat. Lil Durk),248888,39,2016-02-05,day,
57,Call Casting,232705,49,2017-01-27,day,
58,Bread Winners (feat. Young Butta),226325,33,2016-02-05,day,
59,3 Headed Snake (feat. Young Thug),241995,58,2019-02-22,day,
60,Sacrifices,307593,58,2017-03-18,day,
61,I Do This (feat. Young Thug & Mozzy),249721,50,2017-12-10,day,
62,King TROUP,225669,49,2016-02-05,day,
63,For My People (feat. Duke),240134,41,2016-02-05,day,
64,"My Boys (feat. Ralo, Trouble and Lil Durk)",304076,33,2016-02-05,day,
65,F Cancer (Boosie) [feat. Quavo],249639,46,2016-02-05,day,
66,Twerk It,228720,38,2024-12-25,day,
67,All Over (feat. Metro Boomin),186386,39,2024-12-25,day,
68,"Hey, I",207320,45,2024-12-25,day,
69,Thief in the Night (feat. Trouble),219880,49,2024-12-25,day,
70,WAGING WAR,315182,57,2025-07-25,day,
71,FEIGNING,165680,44,2020-05-22,day,
72,MOTW,152680,55,2020-05-22,day,
73,GIMMICK,128639,46,2020-05-22,day,
74,Grindin',264760,60,2002-04-01,day,
75,Young Boy,265666,46,2002-04-01,day,
76,Virginia,237440,61,2002-04-01,day,
77,Real,214693,45,2014-03-18,day,
78,Shitsville,211186,48,2014-03-18,day,
79,Thuggin’,226520,57,2014-03-18,day,
80,BLINDFOLD (feat. Lil Baby),154666,66,2020-05-22,day,
81,WUNNA,158240,62,2020-05-22,day,
82,SKYBOX,178093,57,2020-05-22,day,
84,DOLLAZ ON MY HEAD (feat. Young Thug),197760,72,2020-05-22,day,
85,Wild Wild West (feat. Gunna),236300,51,2019-02-22,day,
86,ARGENTINA,149133,55,2020-05-22,day,
87,DIRTY DIANA,129826,55,2020-07-24,day,
88,FAR (feat. Young Thug),179400,47,2020-05-22,day,
89,DO BETTER,152386,59,2020-05-22,day,
90,DON'T PLAY AROUND,190640,40,2020-05-22,day,
91,TOP FLOOR (feat. Travis Scott),169906,70,2020-05-22,day,
96,ROCKSTAR BIKERS & CHAINS,129320,54,2020-05-22,day,
97,"Link Up (Metro Boomin & Don Toliver, Wizkid feat. BEAM & Toian) - Spider-Verse Remix (Spider-Man: Across the Spider-Verse )",195386,64,2023-06-02,day,
98,"Calling (Spider-Man: Across the Spider-Verse) (Metro Boomin & Swae Lee, NAV, feat. A Boogie Wit da Hoodie)",219453,71,2023-06-02,day,
99,"All The Way Live (Spider-Man: Across the Spider-Verse) (Metro Boomin & Future, Lil Uzi Vert)",245240,63,2023-06-02,day,
100,"Am I Dreaming (Metro Boomin & A$AP Rocky, Roisee)",256026,76,2023-06-02,day,
101,"Annihilate (Spider-Man: Across the Spider-Verse) (Metro Boomin & Swae Lee, Lil Wayne, Offset)",231746,71,2023-06-02,day,
102,Bodies,178708,74,2025-06-20,day,
103,MOTW,152680,44,2020-07-24,day,
104,FEIGNING,165680,41,2020-07-24,day,
105,GIMMICK,128639,41,2020-07-24,day,
106,WUNNA FLO (feat. Yak Gotti),177213,46,2020-07-24,day,
107,DOLLAZ ON MY HEAD (feat. Young Thug),197760,49,2020-07-24,day,
108,200 FOR LUNCH,149106,69,2020-07-24,day,
109,With Them,197746,60,2016-03-25,day,
9,Samurai,194786,64,2024-06-28,day,2025-09-01T00:11:36.739288
19,squabble up,157992,81,2024-11-22,day,2025-09-01T00:11:37.160102
21,Family (feat. Dora and Dolly),243478,30,2016-02-05,day,2025-09-01T00:11:37.407805
23,Show Me,220386,69,2022-07-22,day,2025-09-01T00:11:37.628886
25,Institutionalized,271773,60,2015-03-16,day,2025-09-01T00:11:37.887304
29,Offended (feat. Young Thug & 21 Savage),255483,49,2016-10-28,day,2025-09-01T00:11:38.106323
35,Take It to Trial (feat. Yak Gotti),170266,57,2021-04-16,day,2025-09-01T00:11:38.32882
38,Sup Mate (feat. Future),238026,64,2019-08-16,day,2025-09-01T00:11:38.567528
47,FWU,171000,80,2025-06-27,day,2025-09-01T00:11:38.849515
50,STILL IN THE PAINT (with LAZER DIM 700 & Bktherula),233085,64,2024-11-15,day,2025-09-01T00:11:39.057537
52,Ace Trumpets,154066,72,2025-07-11,day,2025-09-01T00:11:39.277105
83,ADDYS (feat. Nechie),179373,39,2020-05-22,day,2025-09-01T00:11:39.745632
92,I'M ON SOME,143146,40,2020-05-22,day,2025-09-01T00:11:39.959249
93,COOLER THAN A BITCH (feat. Roddy Ricch),197000,44,2020-05-22,day,2025-09-01T00:11:40.174316
94,NASTY GIRL / ON CAMERA,230600,46,2020-05-22,day,2025-09-01T00:11:40.419293
95,MET GALA,149133,48,2020-05-22,day,2025-09-01T00:11:40.678665
110,Phoenix,237626,44,2024-12-25,day,
111,She Notice,205813,42,2024-12-25,day,
112,Big Racks (feat. Lil Uzi Vert),248160,46,2024-12-25,day,
113,today i did good,173786,62,2024-05-10,day,
114,let it breathe (feat. Roddy Ricch),200786,69,2024-05-10,day,
115,sakpase,133266,75,2025-08-08,day,
116,at my purest (feat. Offset),193466,75,2025-08-08,day,
118,You Ain't Gotta Lie (Momma Said),241680,62,2015-03-16,day,
121,Momma,283120,59,2015-03-16,day,
122,Alright,219333,79,2015-03-16,day,
123,u,268493,60,2015-03-16,day,
124,My Way Home,103373,38,2005-01-01,day,
125,"Hell on Earth, Pt. 2 (feat. Benny The Butcher & Conway The Machine)",235737,52,2021-09-24,day,
126,HiiiPower,279854,64,2011-07-02,day,
127,A.D.H.D,215509,73,2011-07-02,day,
128,When It Rains It Pours,242226,71,2005-01-01,day,
129,Hol' Up,173158,61,2011-07-02,day,
130,F*ck Your Ethnicity,224671,56,2011-07-02,day,
131,Blue Laces 2,250920,59,2018-02-16,day,
132,Bang Bang,222320,65,1999-11-16,day,
133,Ryder Music,231586,56,2005-03-03,day,
134,Tonight's Da Night,201373,57,1992-09-22,day,
135,Drive Slow,272226,47,2005-01-01,day,
136,Unexplainable,150979,61,2017-08-18,day,
137,Ocean Views,230080,56,2017-12-10,day,
138,U Not Like Me,255666,57,2003-02-06,day,
139,We Up (feat. Kendrick Lamar),198560,43,2014-12-08,day,
141,Window Shopper,192240,71,2005-01-01,day,
142,Hustler's Ambition,242560,50,2007-01-01,day,
144,Pornography,231826,61,2015-09-04,day,
145,Amazing (feat. Jacquees),218080,42,2015-04-16,day,
147,Never Had It (feat. Young Dolph),254520,52,2015-04-16,day,
148,Check,230693,65,2015-04-16,day,
149,Can't Tell (feat. T.I. and Boosie BadAzz),368213,46,2015-04-16,day,
151,bottom,177346,55,2023-06-16,day,
155,idk nomore,179480,48,2023-06-16,day,
156,back to the moon,193333,66,2023-06-16,day,
158,Slippery (feat. Gucci Mane),304041,67,2017-01-27,day,
159,Get Right Witcha,257545,59,2017-01-27,day,
160,Bad and Boujee (feat. Lil Uzi Vert),343150,71,2017-01-27,day,
161,T-Shirt,242407,67,2017-01-27,day,
162,"Go Off (with Lil Uzi Vert, Quavo & Travis Scott)",217560,54,2017-03-03,day,
163,It's Like That,290280,51,1984-03-27,day,
164,Sucker M.C.'s (Krush-Groove 1),189946,42,1984-03-27,day,
165,untitled 05 09.21.2014.,,,,day,
166,untitled 04 08.14.2014.,,,,day,
167,untitled 03 05.28.2013.,,,,day,
168,untitled 02 06.23.2014.,,,,day,
169,untitled 01 08.19.2014.,,,,day,
170,pick up the phone (feat. Quavo),252256,66,2016-09-16,day,
171,outside,176488,57,2016-09-16,day,
172,Kelly Price (feat. Travis Scott),363934,61,2017-01-27,day,
174,What the Price,248506,51,2017-01-27,day,
175,Life Is What You Make It (feat. DMX),244733,45,1999-04-06,day,
176,Nas Is Like,237026,65,1999-04-06,day,
177,2nd Childhood - Explicit Album Version,,,,day,
183,Get Down,244253,64,2002-12-13,day,
184,Nasty,184906,31,2012-07-17,day,
185,Accident Murderers,277653,25,2012-07-17,day,
186,Loco-Motive,220866,29,2012-07-17,day,
187,Your Love,194143,34,2015-08-21,day,
188,Get Up Get Down,199858,17,2015-08-21,day,
189,Slumber,216121,17,2015-08-21,day,
190,Alchemy,189001,27,2015-08-21,day,
191,71 / End Credits,395946,41,2016-09-30,day,
192,Wanna Know,245667,47,2016-09-30,day,
193,Breathe,235078,39,2016-09-30,day,
194,Panic Attack,326867,46,2016-09-30,day,
195,JKYL+HYD,256325,47,2016-03-11,day,
197,Samantha,220774,59,2017-01-27,day,
198,Thiago Silva,201967,67,2016-05-13,day,
199,Ultralight Beam,320680,65,2016-06-10,day,
200,Relax with Me,167466,53,2013-07-01,day,
201,Wild Bitches,215826,53,2013-07-01,day,
203,Finished I Ain't,260105,23,2011-02-04,day,
204,Them Waters,302453,9,2013-05-06,day,
205,Freakshow,245120,30,2017-08-18,day,
206,Survive It,263346,33,2011-02-04,day,
215,Control (feat. Jay Electronica & Big Sean),450230,40,2014-09-15,day,
216,WHateva U Want,230906,46,2016-07-08,day,
217,Groovy Tony / Eddie Kane,379946,44,2016-07-08,day,
218,JoHn Muir,219026,53,2016-07-08,day,
219,Ride Out,287360,42,2016-07-08,day,
220,Nights,307151,79,2016-08-20,day,
221,Good Guy,66786,63,2016-08-20,day,
222,Self Control,249667,76,2016-08-20,day,
223,Pink + White,184516,86,2016-08-20,day,
224,Ivy,249191,82,2016-08-20,day,
225,Nikes,314075,70,2016-08-20,day,
226,Loca,161573,37,2015-06-30,day,
227,Birds & Bees,162013,35,2015-06-30,day,
228,Norf Norf,183160,63,2015-06-30,day,
229,Lift Me Up,271960,43,2015-06-30,day,
119,The Blacker The Berry,328826,61,2015-03-16,day,2025-09-01T00:11:41.143076
120,How Much A Dollar Cost,261746,61,2015-03-16,day,2025-09-01T00:11:41.358056
140,If I Can't,196626,72,2003-02-06,day,2025-09-01T00:11:41.590379
146,Halftime,226733,60,2015-04-16,day,2025-09-01T00:11:42.117821
150,fukumean,125040,79,2023-06-16,day,2025-09-01T00:11:42.362579
152,rodeo dr,176946,57,2023-06-16,day,2025-09-01T00:11:42.596878
153,ca$h $hit,131493,57,2023-06-16,day,2025-09-01T00:11:42.840111
154,paybach,173533,49,2023-06-16,day,2025-09-01T00:11:43.085868
157,back at it,186173,53,2023-06-16,day,2025-09-01T00:11:43.374325
178,Rewind,133933,43,2001-12-18,day,2025-09-01T00:11:44.185117
179,You're da Man,206106,45,2001-12-18,day,2025-09-01T00:11:44.405353
180,Got Ur Self A Gun,228626,53,2001-12-18,day,2025-09-01T00:11:44.629835
181,Purple,219466,60,2002-01-01,year,2025-09-01T00:11:44.848425
182,Made You Look,203000,55,2002-12-13,day,2025-09-01T00:11:45.061922
202,Wus Good / Curious,212880,74,2013-07-01,day,2025-09-01T00:11:45.489166
207,Break from Toronto,99213,82,2013-07-01,day,2025-09-01T00:11:46.024727
208,Welcome to the Party,114160,65,2013-07-01,day,2025-09-01T00:11:46.242347
210,Vibe With,162293,34,2016-08-05,day,2025-09-01T00:11:46.80125
211,No Problem (feat. Lil Wayne & 2 Chainz),304606,64,2016-05-27,day,2025-09-01T00:11:47.297207
212,Wednesday Night Interlude,212280,62,2015-02-12,day,2025-09-01T00:11:47.512145
213,Black And Brown,221994,27,2010-09-14,day,2025-09-01T00:11:47.738612
214,Everyday Was,251587,34,2014-10-28,day,2025-09-01T00:11:47.953207
230,blkjuptr,198880,36,2016-06-03,day,
231,Vibe,274825,42,2014-08-12,day,
232,Blue Boss - Triple J Live at the Wireless,224512,11,2018-07-22,day,
233,Fables (feat. Chronixx),,,,day,
234,Polaroids,277685,34,2015-01-20,day,
235,The Beginning,166956,13,2016-10-21,day,
236,"Father, Father",206769,37,2016-10-21,day,
237,Fall in Love (feat. Ciscero),184571,45,2016-08-26,day,
238,4r Da Squaw,232571,61,2016-09-02,day,
239,Be Yourself,86943,62,2016-08-20,day,
240,Soul Food,228480,27,2014-08-25,day,
241,Cadillactica,268946,32,2014-08-25,day,
242,Sacrilegious,211436,42,2012-01-14,day,
243,Big Body,223360,41,2016-07-08,day,
244,Dope Dealer,222146,52,2016-07-08,day,
245,By Any Means,214333,48,2016-07-08,day,
246,Black THougHts,222320,36,2016-07-08,day,
247,Str8 Ballin,249306,42,2016-07-08,day,
248,Neva CHange,270226,42,2016-07-08,day,
249,Take Care,277386,76,2011-11-15,day,
250,Headlines,235986,84,2011-11-15,day,
251,Jungle,320400,73,2015-02-12,day,
252,Fountains (with Tems),192417,71,2021-09-03,day,
253,Feedback,147240,58,2016-06-10,day,
254,Famous,196040,70,2016-06-10,day,
255,Pt. 2,130293,62,2016-06-10,day,
256,Know That (feat. Talib Kweli),,,,day,
257,New World Water,191840,39,1999-10-12,day,
258,UMI Says,305280,54,1999-10-12,day,
259,Got,207600,40,1999-10-12,day,
260,Speed Law,256453,48,1999-10-12,day,
261,Ms. Fat Booty,223546,66,1999-10-12,day,
262,Love,263200,42,1999-10-12,day,
263,Fear Not Of Man,268666,40,1999-10-12,day,
264,May-December,209066,39,1999-10-12,day,
265,Mathematics,246440,59,1999-10-12,day,
266,Mr. Nigga (feat. Q-Tip),,,,day,
267,Habitat,279306,37,1999-10-12,day,
268,Brooklyn,309986,41,1999-10-12,day,
269,Block Episode,228466,32,2005-02-15,day,
270,Too Long,154200,22,2005-02-15,day,
271,The Release,48026,15,2005-02-15,day,
272,Celebrate,226186,50,2016-01-15,day,
273,Silicon Valley,244840,44,2016-01-15,day,
274,Room in Here (feat. The Game & Sonyae Elise),239173,46,2016-01-15,day,
275,6 Man,167653,59,2015-02-12,day,
276,Wednesday Night Interlude (feat. PARTYNEXTDOOR),,,,day,
277,Now & Forever,281320,65,2015-02-12,day,
278,Animals,227253,40,2015-08-21,day,
279,It's All on Me (feat. Justus & BJ the Chicago Kid),,,,day,
280,We'll Be Fine,247946,60,2011-11-15,day,
281,The Art of Peer Pressure,324533,55,2012-10-22,day,
282,Backseat Freestyle,212653,60,2012-01-01,year,
283,"Bitch, Don’t Kill My Vibe",310720,66,2012-01-01,year,
284,Sherane a.k.a Master Splinter’s Daughter,273640,51,2012-10-22,day,
285,Ring Ring Ring (Ha Ha Hey),305693,43,1991-05-14,day,
286,Intro,134369,22,1991-05-14,day,
287,Jive Turkeys - Instrumental,110152,2,2013-05-23,day,
288,One,226333,43,2000-02-08,day,
289,Nutmeg (feat. RZA),265026,42,2000-02-08,day,
290,Ali Bomaye,372706,62,2012-01-01,day,
291,Ryda,209440,44,2015-04-24,day,
292,Hashtag (Feat Jelly Roll),,,,day,
293,Kreation (Intro),200453,19,2014-08-25,day,
294,Lac Lac,332666,7,2014-08-25,day,
295,Mt. Olympus (Reprise),251640,27,2014-08-25,day,
296,Anywhere But Here (feat. Emily Panic),211240,29,2012-05-15,day,
297,Butane (Champion's Anthem) [feat. El-P],198026,31,2012-05-15,day,
298,Ghetto Gospel,280493,24,2012-05-15,day,
299,Don't Die,248133,33,2012-05-15,day,
300,Reagan,249973,40,2012-05-15,day,
301,JoJo's Chillin,177520,23,2012-05-15,day,
302,Gumbo,243247,50,2015-09-11,day,
303,Easy Bake (feat. Kendrick Lamar & SZA),291812,43,2015-09-11,day,
304,Necessary,200720,35,2015-09-11,day,
305,The Message,241567,24,2015-09-11,day,
306,Money Trees Deuce (feat. Lance Skiiiwalker),321045,38,2015-09-11,day,
307,Fly on the Wall (feat. Busta Rhymes & Macy Gray),279010,34,2015-09-11,day,
308,Vice City (feat. Black Hippy),283751,52,2015-09-11,day,
309,90059,240931,25,2015-09-11,day,
310,Telegram (Going Krazy) [feat. Lance Skiiiwalker],240303,29,2015-09-11,day,
311,The Ways (feat. Sir),275219,30,2015-09-11,day,
312,Wanna Ride (feat. Isaiah Rashad),246840,34,2015-09-11,day,
313,"To Me, To You (feat. Jay Electronica)",311294,18,2015-12-11,day,
314,Wishin' (feat. Common),259800,18,2014-12-09,day,
315,Courtesy,210964,24,2014-12-09,day,
316,You Should Know (feat. Dwele),274049,22,2014-12-09,day,
317,U Looz,94048,18,2015-12-11,day,
318,"Dat Sound Good (feat. Ab-Soul, Mac Miller)",211453,32,2014-12-09,day,
319,PRhyme,234043,22,2014-12-09,day,
320,Journey Throo Da Darkside,146000,26,1994-11-22,day,
321,Bobyahed2dis,203680,31,1994-11-22,day,
322,Dr. Trevis,97293,18,1994-11-22,day,
323,Sorry,330506,57,2015-12-04,day,
324,Mind Right,230840,37,2024-12-25,day,
325,I'll Tell You What - Prod. By Ricky Racks and Wheezy,,,,day,
326,Phoenix - Prod. By GooseWithAnotherOne,,,,day,
327,Twerk It - Prod. By Isaac Flame,,,,day,
328,All Over - Prod. By Metro Boomin and Southside,,,,day,
329,She Notice - Prod. By Wheezy,,,,day,
330,Up,214466,37,2024-12-25,day,
331,Don't Know (Feat. Shad Da God) - Prod. By LondonOnDaTrack,,,,day,
332,Thief In The Night (Feat Trouble) - Prod. By C4 and Supah Mario,,,,day,
333,Big Racks (Intro by Lil Uzi Vert) - Prod. By Southside,,,,day,
334,Constantly Hating (feat. Birdman),267440,46,2015-04-16,day,
335,Lie4,191785,31,2012-03-13,day,
336,Radio Song,141858,31,2012-03-13,day,
337,Pac Blood,152257,36,2012-03-13,day,
338,Die Like a Rockstar,145454,38,2012-03-13,day,
339,XXX,110487,39,2012-03-13,day,
340,30,198403,32,2012-03-13,day,
341,Oh Hail No (feat. Mr. Motherfucking Exquire & Danny Brown),221146,28,2012-01-01,year,
342,Southern Fried,277480,26,2012-05-15,day,
343,Go!,114186,33,2012-05-15,day,
344,Untitled (feat. Scar),233960,38,2012-05-15,day,
345,"Big Beast (feat. Bun B, T.I., and Trouble)",234720,34,2012-05-15,day,
346,R.A.P. Music,266200,30,2012-05-15,day,
347,Willie Burke Sherwood,263520,24,2012-05-15,day,
348,Jesus Walks,193733,69,2004-02-10,day,
349,Spaceship,324226,65,2004-02-10,day,
350,I'll Fly Away,69706,53,2004-02-10,day,
351,All Falls Down,223506,80,2004-02-10,day,
352,Graduation Day,81786,53,2004-02-10,day,
353,We Don't Care,239880,65,2004-02-10,day,
354,Last Call,760973,60,2004-02-10,day,
355,Family Business,278893,67,2004-02-10,day,
356,Through The Wire,221226,74,2004-02-10,day,
357,Lil Jimmy Skit,53640,47,2004-02-10,day,
358,School Spirit Skit 2,43533,47,2004-02-10,day,
359,School Spirit,182386,55,2004-02-10,day,
360,School Spirit Skit 1,78693,47,2004-02-10,day,
361,Breathe In Breathe Out,246933,55,2004-02-10,day,
362,Slow Jamz,316053,71,2004-02-10,day,
363,The New Workout Plan,322800,62,2004-02-10,day,
364,Get Em High,289493,58,2004-02-10,day,
365,Never Let Me Down,324440,62,2004-02-10,day,
366,After Hours,202414,74,2024-06-20,day,
367,Folded,238120,86,2025-06-11,day,
368,Get It,179999,42,2013-06-26,day,
369,Job Well Done (feat. Until the Ribbon Breaks),179746,33,2013-06-26,day,
370,Sea Legs,220040,40,2013-06-26,day,
371,All My Life,187973,40,2014-10-27,day,
372,Close Your Eyes (And Count to Fuck) (feat. Zack De La Rocha),234160,56,2014-10-27,day,
373,Blockbuster Night Pt. 1 - Live From SXSW / 2015,210294,12,2016-05-26,day,
374,Oh My Darling Don't Cry,204840,50,2014-10-27,day,
375,Jeopardy,201986,43,2014-10-27,day,
376,untitled 06 l 06.30.2014.,208013,27,2016-03-04,day,
377,untitled 05 l 09.21.2014.,,,,day,
378,untitled 04 l 08.14.2014.,,,,day,
379,untitled 03 l 05.28.2013.,,,,day,
380,untitled 02 l 06.23.2014.,,,,day,
381,untitled 01 l 08.19.2014.,,,,day,
382,untitled 08 l 09.06.2014.,,,,day,
383,Pusha Man,154368,36,2023-04-30,day,
384,"Good Ass Intro (ft. BJ The Chicago Kid, Lili K., Kiara Lanier, Peter Cottontale, Will for the O'mys, & JP Floydd for Kids These Days)",,,,day,
385,Zenith ft. Joey BadA$$,,,,day,
386,Story: No Title,168882,38,2016-10-14,day,
387,Narcotics5,,,,day,
388,Knotty Head - UK Remix,246386,24,2016-12-16,day,
389,Sick & Tired,242498,40,2016-10-14,day,
390,Gook,166623,45,2016-10-14,day,
391,ULT,247054,50,2016-10-14,day,
392,If Tomorrow's Not Here,335463,42,2016-10-14,day,
393,305 To My City,255826,45,2013-01-01,day,
394,The Language,224040,51,2013-01-01,day,
395,Connect,296400,51,2013-01-01,day,
396,"Hold On, We're Going Home",227880,77,2013-01-01,day,
397,From Time,322160,68,2013-01-01,day,
398,Worst Behavior,270200,55,2013-01-01,day,
399,Forever,357706,71,2009-05-15,day,
400,Star67,294973,64,2015-02-12,day,
401,6 God,180666,61,2015-02-12,day,
402,Madonna,177840,56,2015-02-12,day,
403,No Tellin',310933,58,2015-02-12,day,
404,Know Yourself,275840,67,2015-02-12,day,
405,10 Bands,177733,62,2015-02-12,day,
406,Energy,181933,70,2015-02-12,day,
407,Legend,241853,63,2015-02-12,day,
408,"Fo Yo Sorrows (ft. George Clinton, Too Short & Sam Chris)",,,,day,
409,Be Still (ft. Janelle Monáe),,,,day,
410,Hustle Blood (ft. Jamie Foxx),,,,day,
411,You Ain't No DJ (ft. Yelawolf),,,,day,
412,Tangerine,254693,26,2010-01-01,day,
413,Get Wit It [Feat. Snoop Dogg],279309,20,2017-06-16,day,
414,Shutterbugg (ft. Cutty),,,,day,
415,Follow Us (ft. Vonnegutt),,,,day,
416,Turns Me On (ft. Sleepy Brown & Joi),,,,day,
417,Daddy Fat Sax,156506,25,2010-01-01,day,
418,Feel Me (Intro),88253,19,2010-01-01,day,
419,The Closing (feat. Raekwon),157293,27,1997-06-03,day,
420,Second Coming (feat. Tekitha),279600,30,1997-06-03,day,
421,"Black Shampoo (feat. U-God, Method Man, Tekitha & Dom Pachino)",229933,29,1997-06-03,day,
422,"Heaterz (feat. Raekwon, Inspectah Deck, Ol' Dirty Bastard, U-God & Cappadonna)",326266,37,1997-06-03,day,
423,"Hellz Wind Staff (feat. Streetlife, Ghostface Killah, Inspectah Deck, Method Man, RZA & Raekwon)",292226,36,1997-06-03,day,
424,"Duck Seazon (feat. Raekwon, RZA & Method Man)",342360,41,1997-06-03,day,
425,"Dog Shit (feat. Ol' Dirty Bastard, RZA & Method Man)",214826,37,1997-06-03,day,
426,The M.G.M. (feat. Ghostface Killah & Raekwon),158693,37,1997-06-03,day,
427,"Bells of War (feat. U-God, Method Man, RZA, Masta Killa, Raekwon & Ghostface Killah)",312133,38,1997-06-03,day,
428,The Projects,197906,37,1997-06-03,day,
429,The City (feat. Inspectah Deck),245706,36,1997-06-03,day,
430,"Impossible (feat. RZA, U-God, Ghostface Killah & Tekitha)",268933,43,1997-06-03,day,
431,"Triumph (feat. Ol' Dirty Bastard, Inspectah Deck, Method Man, Cappadonna, U-God, RZA, GZA, Masta Killa, Ghostface Killah & Raekwon)",338186,61,1997-06-03,day,
432,Intro (feat. RZA & GZA),122800,33,1997-06-03,day,
433,"As High as Wu-Tang Get (feat. Ol' Dirty Bastard, GZA & Method Man)",158133,50,1997-06-03,day,
434,"Visionz (feat. Method Man, Raekwon, Masta Killa, Inspectah Deck & Ghostface Killah)",189266,48,1997-06-03,day,
435,"Cash Still Rules / Scary Hours (Still Don't Nothing Move but the Money) (feat. Raekwon, Method Man & Ghostface Killah)",181600,45,1997-06-03,day,
436,"For Heavens Sake (feat. Inspectah Deck, Masta Killa & Cappadonna)",253706,45,1997-06-03,day,
437,"Reunited (feat. GZA, Ol' Dirty Bastard, RZA & Method Man)",321733,55,1997-06-03,day,
438,Bezzle,294626,37,2003-08-18,day,
439,T.I. vs. T.I.P.,232773,29,2003-08-18,day,
440,Let Me Tell You Something,220493,35,2003-08-18,day,
441,Be Easy,198026,43,2003-08-18,day,
442,I Can't Quit,257826,31,2003-08-18,day,
443,Holy Holy (Ft. Ab-Soul & BJ The Chicago Kid),,,,day,
444,Hollywood LA (ft. Lili K),,,,day,
445,16 Shots,345746,29,2016-06-03,day,
446,OMG,230946,2,2017-09-01,day,
447,Magic (Ft. Jesse Boykins III),,,,day,
448,VICTORY,212386,19,2021-03-26,day,
449,Tweakin' (Ft. Chance The Rapper),,,,day,
450,Lovely Day,,,,day,
451,DIRT ON MY NAME,181013,39,2020-08-21,day,
452,U Mad,299800,47,2015-04-20,day,
453,Acquainted,348853,73,2015-08-28,day,
454,The Hills,242253,86,2015-08-28,day,
455,Often,249040,80,2015-08-28,day,
456,Tell Your Friends,334333,66,2015-08-28,day,
457,Intro: Here We Come,210160,19,1996-01-01,day,
458,Church (feat. Teddy Verseti),241773,66,2007-06-05,day,
459,Ballin',192626,67,2013-07-01,day,
460,TBH,123080,58,2013-07-01,day,
461,Make a Mil,171366,60,2013-07-01,day,
462,Right Now,243493,65,2013-07-01,day,
463,The Cross,227960,38,2002-12-13,day,
464,Memory Lane (Sittin' in da Park),248213,59,1994-04-19,day,
465,Halftime,260799,58,1994-04-19,day,
466,The World Is Yours,290573,67,1994-04-19,day,
467,Life's a Bitch (feat. AZ & Olu Dara),210840,61,1994-04-19,day,
468,N.Y. State of Mind,293973,71,1994-04-19,day,
469,The Genesis,105320,50,1994-04-19,day,
470,Politics As Usual,221133,40,1996-06-25,day,
471,Can't Knock The Hustle,317800,48,1996-06-25,day,
472,So Ghetto,240800,40,1999-12-28,day,
473,Diamonds From Sierra Leone - Live At Abbey Road Studios,247600,33,2006-01-01,day,
474,The Storm - Skit,60840,40,1998-05-01,day,
475,Fuckin' Wit' D,138026,45,1998-05-01,day,
476,Ruff Ryders' Anthem,214440,71,1998-05-01,day,
477,Intro,249933,52,1998-05-01,day,
478,No Compadre [Prod. By Southside],,,,day,
479,Really Love,185647,36,2022-07-22,day,
480,SOUTH OF FRANCE,108953,54,2024-09-20,day,
481,News or Something,213586,64,2016-01-17,day,
482,It's the Way '99,303606,44,2019-06-17,day,
483,Free At Last [Prod. By Southside],,,,day,
484,Da Fam On Da Gram (Skit),,,,day,
485,Trap Niggas [Prod. By Southside],,,,day,
486,Fergivicious,230520,34,2013-08-19,day,
487,Hood Pope,210746,38,2013-08-19,day,
488,Lord (feat. Bone Thugs-n-Harmony),317186,33,2013-08-19,day,
489,Shabba (feat. A$AP Rocky),275866,60,2013-08-19,day,
490,Let It Go,282640,40,2013-08-19,day,
491,When We Get By,344893,50,1995-07-03,day,
492,Cruisin',384666,55,1995-07-03,day,
493,I Can Tell,235533,58,2015-09-04,day,
494,Flying High (feat. Toro y Moi),208626,53,2015-09-04,day,
495,Maria I'm Drunk (feat. Justin Bieber & Young Thug),349933,70,2015-09-04,day,
496,Impossible,242506,65,2015-09-04,day,
497,Antidote,262693,72,2015-09-04,day,
498,Skyfall ft. Young Thug,,,,day,
499,Dont Play ft. Big Sean & The 1975,,,,day,
500,Drugs You Should Try It,208487,70,2014-08-18,day,
501,Hoes Prelude ft. Gorgeous Black,,,,day,
502,How Much a Dollar Cost (feat. James Fauntleroy & Ronald Isley),,,,day,
503,For Sale? (interlude),291720,56,2015-03-16,day,
504,"These Walls (feat. Bilal, Anna Wise & Thundercat)",,,,day,
505,"Institutionalized (feat. Bilal, Anna Wise & Snoop Dogg)",,,,day,
506,For Free? (interlude),130893,58,2015-03-16,day,
507,luther (with sza),177598,85,2024-11-22,day,
508,Backyard,270441,60,2014-08-18,day,
509,Quintana Pt. 2,186206,59,2014-08-18,day,
510,Mamacita (feat. Rich Homie Quan & Young Thug),272772,64,2014-08-18,day,
511,Days Before Rodeo: The Prayer,200412,58,2014-08-18,day,
512,"Back Home (feat. Mos Def, Acyde & Yams)",278093,49,2015-05-26,day,
513,"Everyday (feat. Rod Stewart, Miguel & Mark Ronson)",260986,80,2015-05-26,day,
514,Dreams (Interlude),136773,46,2015-05-26,day,
515,M'$ (feat. Lil Wayne),233400,55,2015-05-26,day,
516,Better Things,199466,54,2015-05-26,day,
517,Westside Highway (feat. James Fauntleroy),,,,day,
518,Wavybone (feat. Juicy J & UGK),303000,55,2015-05-26,day,
519,Pharsyde (feat. Joe Fox),222333,67,2015-05-26,day,
520,Max B (feat. Joe Fox),241133,50,2015-05-26,day,
521,Jukebox Joints (feat. Joe Fox & Kanye West),323960,73,2015-05-26,day,
522,Electric Body (feat. ScHoolboy Q),255253,57,2015-05-26,day,
523,Demons,180066,66,2011-10-31,day,
524,JD,105826,50,2015-05-26,day,
525,Excuse Me,238053,63,2015-05-26,day,
526,L$D,238306,73,2015-05-26,day,
527,"Fine Whine (feat. Joe Fox, Future & M.I.A.)",218546,61,2015-05-26,day,
528,Canal St. (feat. Bones),227426,64,2015-05-26,day,
529,Holy Ghost (feat. Joe Fox),191200,60,2015-05-26,day,
530,Without You (feat. Rapsody),199346,45,2016-01-15,day,
531,Am I Wrong (feat. ScHoolboy Q),253520,56,2016-01-15,day,
532,Put Me Thru,160760,55,2016-01-15,day,
533,The Season | Carry Me,328813,46,2016-01-15,day,
534,The Waters (feat. BJ the Chicago Kid),174253,49,2016-01-15,day,
535,Heart Don't Stand a Chance,312360,57,2016-01-15,day,
536,The Bird,217773,52,2016-01-15,day,
537,Big Ego's,238306,60,1999-11-16,day,
538,Still D.R.E.,270586,82,1999-11-16,day,
539,Forgot About Dre,222293,78,1999-11-16,day,
540,The Watcher (Feat. Eminem & Knoc-Turn'al),,,,day,
541,Lolo - Intro,41053,46,1999-11-16,day,
542,No Flex Zone,231066,55,2015-01-06,day,
543,Unlock the Swag (feat. Jace of Two-9),,,,day,
544,Lit Like Bic,274760,42,2015-01-06,day,
545,Innocent 'Til Proven Guilty,211026,19,2009-03-30,day,
546,I Wish You Were Here,198493,47,1975-09-19,day,
547,Coming Home,190276,40,2020-02-21,day,
548,'Cause I Love You,429120,55,1978-06-18,day,
549,All Of The Lights (Interlude),62253,58,2010-11-22,day,
550,POWER,292093,78,2010-11-22,day,
551,Gorgeous (feat. Kid Cudi & Raekwon),357653,68,2010-11-22,day,
552,Dark Fantasy,280786,68,2010-11-22,day,
553,Theme Song,228040,13,2010-01-01,day,
554,Back Up Plan,223200,23,2010-01-01,day,
555,The Train Part II (Sir Lucious Left Foot Save The Day) [Ft. Sam Chris],,,,day,
556,Shine Blockas (ft. Gucci Mane),,,,day,
557,Night Night (Ft. B.o.B & Joi),,,,day,
558,Lookin For Ya (Feat. Andre 3000 & Sleepy Brown),,,,day,
559,Royal Flush (featuring Raekwon and André 3000),195360,2,2008-04-25,day,
560,"Shine Blockas (Remix) [Ft. Gucci Mane, Bun B & Project Pat]",,,,day,
561,Glass House (feat. Curren$y & Wiz Khalifa),197615,23,2020-05-29,day,
562,Prove It - feat. J. Cole,202183,38,2019-07-12,day,
563,Hometown Hero,,,,day,
564,Just Touched Down,,,,day,
565,Country Sh*t (Remix),241880,34,2011-01-01,day,
566,Return of 4Eva (feat. Big Sant),201317,23,2020-05-29,day,
567,I Heard It All (Bonus Track),,,,day,
568,Voices,232765,18,2020-05-29,day,
569,As Small As A Giant,251939,19,2020-05-29,day,
570,I Gotta Stay,219753,17,2020-05-29,day,
571,2000 & Beyond,240555,22,2020-05-29,day,
572,Neva Go Back,232780,0,2020-05-29,day,
573,Moon & Stars,229013,33,2011-01-01,day,
574,No Wheaties (feat. Smoke DZA & Curren$y),188451,22,2020-05-29,day,
575,They Got Us,205301,0,2020-05-29,day,
576,Get Up 2 Come Down (feat. CeeLo Green & Sleepy Brown),277238,31,2017-10-27,day,
577,Life,210586,21,2014-08-25,day,
578,Props,336373,13,1991-01-01,year,
579,La Schmoove,297360,37,1991-01-01,year,
580,Monster,219040,52,2014-10-28,day,
581,Radical (Prod By Metro Boomin),,,,day,
582,Alright,313533,42,1995-07-03,day,
583,Brown Sugar,262893,60,1995-07-03,day,
584,Dollar And A Dream,352973,27,2015-10-09,day,
585,Standing On Ferraris,251586,15,2016-01-22,day,
586,Step Up (Feat Dej Loaf and Sha Sha),,,,day,
587,On Me,285640,41,2015-10-09,day,
588,Wicked Games,323746,68,2012-11-13,day,
589,Twenty Eight,258453,60,2012-11-13,day,
590,The Knowing,340333,48,2012-11-13,day,
591,High For This,247226,66,2012-11-13,day,
592,Bad Bad Bad (feat. Keyshia Cole),218413,13,2009-12-07,day,
593,I Think Im In Love (Feat. Jason Ceaser,,,,day,
594,Spotlight (feat. Usher),233746,27,2009-12-07,day,
595,"Bingo (feat. Soulja Boy Tell'Em, Waka Flocka Flame)",235573,22,2009-12-07,day,
596,Low Life (feat. The Weeknd),313546,82,2016-04-13,day,
597,Swim Good,257186,70,2011-01-01,day,
598,There Will Be Tears,,,,day,
599,Lovecrimes,,,,day,
600,Songs for Women,,,,day,
601,We All Try,,,,day,
602,Nature Feels,,,,day,
603,American Wedding,,,,day,
604,Cayendo (Side A - Acoustic),202200,66,2020-04-03,day,
605,Higher,327733,40,1995-07-03,day,
606,Lady,346266,61,1995-07-03,day,
607,Lay Me Down (feat. John Legend),219535,66,2015-11-06,day,
608,Hold On Longer,158093,33,2013-08-30,day,
609,.WAV Theory,126860,6,2019-08-09,day,
610,Oscillate,180458,4,2019-08-09,day,
611,Heaven Only Knows,224082,40,2019-08-09,day,
612,Break You Off,203563,5,2019-08-09,day,
613,Reflection,332746,48,2020-11-20,day,
614,Addicted,80055,3,2019-08-09,day,
615,I Know You,214821,14,2019-08-09,day,
616,RN,173139,5,2019-08-09,day,
617,God In Me (Feat. Leather Corduroys),,,,day,
618,Free Your Mind (feat. Donnie Trumpet),,,,day,
619,Involved,168458,14,2019-08-09,day,
620,Clean Up (Feat. Chance The Rapper),,,,day,
621,Piss On Your Grave (feat. Kanye West),166320,56,2015-09-04,day,
622,Night Call (feat. Swae Lee & Chief Keef),,,,day,
623,Pray 4 Love (feat. The Weeknd),307000,64,2015-09-04,day,
624,90210,339066,80,2015-09-04,day,
625,Wasted (feat. Juicy J),235680,54,2015-09-04,day,
626,Oh My Dis Side (feat. Quavo),351253,62,2015-09-04,day,
627,Blessed (feat. Kendrick Lamar),303287,15,2012-01-14,day,
628,You Got Me (feat. Akon),215173,37,2005-12-06,day,
629,Studio Luv,217373,42,2005-12-06,day,
630,T-Pain Mashup (with Kurt Hugo Schneider),184527,55,2017-10-27,day,
631,I'm Sprung,231040,74,2005-12-06,day,
632,Rappa Ternt Sanga (Intro),108000,23,2005-12-06,day,
633,Backseat Action (feat. Shawnna),219386,35,2007-06-05,day,
634,Bartender (feat. Akon),238800,77,2007-06-05,day,
635,Show U How (feat. Teddy Pain & Teddy Penderazdoun),194653,37,2007-06-05,day,
636,Tipsy,189746,41,2007-06-05,day,
637,Prophecy,223637,23,2015-05-02,day,
638,Corner Stories ft. Michael Da Vinci,,,,day,
639,Fall of Goliath,143680,20,2015-05-02,day,
640,BUFFALO (feat. Shane Powers),159964,52,2015-04-13,day,
641,DEATHCAMP (feat. Cole Alexander),189702,60,2015-04-13,day,
642,THE BROWN STAINS OF DARKEESE LATIFAH PART 6-12 (REMIX) (feat. ScHoolboy Q),191868,50,2015-04-13,day,
643,SMUCKERS (feat. Lil Wayne & Kanye West),334363,64,2015-04-13,day,
644,"FIND YOUR WINGS (feat. Roy Ayers, Sydney Bennett & Kali Uchis)",179042,62,2015-04-13,day,
645,House Of Balloons / Glass Table Girls,405213,73,2012-11-13,day,
646,What You Need,196360,59,2012-11-13,day,
647,Glaciers of Ice (feat. Ghostface Killah & Masta Killa),320960,41,1995-01-01,year,
648,Ice Water (feat. Ghostface Killah & Cappadonna),218133,43,1995-01-01,year,
649,Shark Niggas (Biters),98773,34,1995-01-01,year,
650,Can It Be All So Simple (Remix) (feat. Ghostface Killah),338160,40,1995-01-01,year,
651,"Guillotine (Swordz) (feat. Ghostface Killah, Inspectah Deck & GZA (Genius))",262973,53,1995-01-01,year,
652,Church,367066,34,2012-01-01,day,
653,Pray,298160,44,2012-01-01,day,
654,"Deep Water (feat. Kendrick Lamar, Justus & Anderson .Paak)",,,,day,
655,Issues,221933,35,2015-08-21,day,
656,Deep Cover,226000,52,2000-12-06,day,
657,"Darkside/Gone (feat. King Mez, Marsha Ambrosius & Kendrick Lamar)",,,,day,
658,All in a Day's Work (feat. Anderson .Paak & Marsha Ambrosius),,,,day,
659,Talk About It (feat. King Mez & Justus),,,,day,
660,R.I.P.C.D.,245280,40,2016-03-11,day,
661,Bounce,241520,51,2016-03-11,day,
662,The Odyssey,363360,35,2016-03-11,day,
663,"Represent For The South - Feat. Lil Wayne, Young Jezzy",214280,2,2009-11-22,day,
664,Walkin' On Air (feat. Meek Mill),,,,day,
665,Escape 120,227786,35,2015-01-20,day,
666,On & On,280828,45,2015-01-20,day,
667,Christ Conscious,173793,54,2015-01-20,day,
668,Get Away  (Prod. by Jahaan Sweet),,,,day,
669,Smokin',227800,39,2001-12-18,day,
670,I Was Drunk When I Wrote This (prod. by Star King),,,,day,
671,Noble Drew Ali (prod. by CONSTROBUZ),,,,day,
672,Hoes I Don't Remember ft. Adrian Marcel & Joe Black (prod. by CONSTROBUZ),,,,day,
673,The Emperor's Soundtrack,176560,33,2006-06-27,day,
674,Needed Me,191600,81,2016-01-28,day,
675,Mean What You Say,596760,0,2012-01-10,day,
676,Fakin Jax' (feat. Pete Rock),,,,day,
677,"To Each His Own (feat. Q-Tip, Large Professor)",,,,day,
678,Krossroads,274400,0,2017-03-24,day,
679,Because He Lives,257733,46,2022-07-29,day,
680,Square One,261160,0,2017-03-24,day,
681,Think Twice (feat. Pete Rock),,,,day,
682,Step Up,167586,0,2015-10-09,day,
683,No More Words,238013,0,2017-03-24,day,
684,Doug Stamper (feat. Hannibal Buress),288319,0,2014-06-10,day,
685,Thirsty Ego Raps,230086,0,2014-06-10,day,
686,Qualifiers,211409,0,2014-06-10,day,
687,Dark Comedy Morning Show (feat. Toy Light),203255,0,2014-06-10,day,
688,Jazz (Prod. by OnGaud),,,,day,
689,Vibe (Prod. by OnGaud),,,,day,
690,Comfortable,255402,34,2014-08-12,day,
691,Healer (feat. Jean Deaux) (Prod. by Dream Koala & OnGaud),,,,day,
692,The Waters (Prod. by High Klassfied & Da P),,,,day,
693,Thc,111727,31,2014-08-12,day,
694,Shipwrecked (feat. The Mind) (Prod. by THEMpeople),,,,day,
695,Live from Chattanooga,214848,33,2015-05-02,day,
696,20 Wave Caps (feat. Domo Genesis),132373,47,2013-08-16,day,
697,Sunday (feat. Frank Ocean),205800,61,2013-08-16,day,
698,Burgundy (feat. Vince Staples),127413,50,2013-08-16,day,
699,Pre (feat. SK La' Flare),172493,45,2013-08-16,day,
700,Furthest Thing,267373,60,2013-01-01,day,
701,Rose Quartz,253119,51,2013-01-22,day,
702,Come Down,169726,64,2016-01-15,day,
703,Your Prime,237106,41,2016-01-15,day,
704,Water Fall (Interluuube),118053,40,2016-01-15,day,
705,Lite Weight (feat. The Free Nationals United Fellowship Choir),206360,47,2016-01-15,day,
706,Parking Lot,234333,14,2016-01-15,day,
707,Steve Biko (Stir It Up),191533,54,1993-11-09,day,
708,Heaven's Arms,245600,31,2012-01-01,day,
709,"All That (Lady) (Feat. Lil Wayne, Big Sean, Fabulous & Jeremih)",,,,day,
710,Smooth,259366,42,1995-07-03,day,
711,"Shit, Damn, Motherfucker",314165,41,1995-07-03,day,
712,Me And Those Dreamin' Eyes Of Mine,286800,47,1995-07-03,day,
713,Jonz In My Bonz,356000,41,1995-07-03,day,
714,Come Get Some (ft. Louieville from O.G.C.),,,,day,
715,Who Got Da Props,270066,52,1993-10-19,day,
716,Mind Control,245520,21,2014-08-25,day,
717,My Sub Pt. 3 (Big Bang),191973,32,2014-08-25,day,
718,Stardate (feat. Joseph Gordon-Levitt),,,,day,
719,Need Ur Luv,225887,30,2015-02-09,day,
720,I Love Kanye,44826,60,2016-06-10,day,
721,Freestyle 4,123386,54,2016-06-10,day,
722,Runnin',266666,42,2005-01-01,year,
723,Dreams,286453,59,2005-01-01,year,
724,Westside Story,223066,62,2005-01-01,year,
725,Award Tour (feat. Trugoy The Dove),226440,61,1993-11-09,day,
726,Keep It Leave (Little Bitty Bitch) (Prod by Metro Boomin),,,,day,
727,Spaghetti Factory (Prod by Metro Boomin),,,,day,
728,The Blanguage (Prod by Metro Boomin),,,,day,
729,Tuscan Leather,366400,57,2013-01-01,day,
730,Red Nation (feat. Lil Wayne),,,,day,
731,See No Evil,284293,43,2012-01-01,day,
732,Discipline,257066,52,1999-07-13,day,
733,Full Clip,217440,66,1999-07-13,day,
734,The Battlefield (Feat. AZ & Kool G Rap),,,,day,
735,The Ghetto (ft. Nas & will.i.am) (Prod. will.i.am),,,,day,
736,Magnus Carlsen (ft. Anderson .Paak) (Prod. Bongo),,,,day,
737,Intro,75226,33,2015-08-21,day,
738,The Girls on Drugs,249271,44,2015-03-31,day,
739,The Middle Finger,240528,29,2015-03-31,day,
740,The Pessimist (feat. J. Cole),272435,37,2015-03-31,day,
741,The White Shoes,270113,34,2015-03-31,day,
742,The Helium Balloon,287605,28,2015-03-31,day,
743,The Intro About Nothing,260392,32,2015-03-31,day,
744,Money Dance,457346,37,2015-12-04,day,
745,Desperado,186466,69,2016-01-28,day,
746,Work,219320,79,2016-01-28,day,
747,Fuck Your Ethnicity,,,,day,
748,Power Trip,264569,51,2024-02-16,day,
749,Cherry Range,206704,16,2003-10-07,day,
750,"Why (What's Goin On?) - The Mic (ft. Skillz, Ol' Dirty Bastard, Dice Raw and Dave Chapelle) - Din Da Da",,,,day,
751,Duck Down!,236026,31,2004-07-13,day,
752,Stay Cool,214386,38,2004-07-13,day,
753,Silver Surfer Intermission,,,,day,
754,How We Do It,,,,day,
755,• Talk Of The Town,282506,21,2016-02-03,day,
756,This Is The Life - Album Version (Edited),265440,4,2008-01-01,day,
757,That's That Shit,257640,62,2006-01-01,day,
758,Vato,284653,60,2006-01-01,day,
759,Woo,235586,73,2016-01-28,day,
760,Animal Sacrifice,264837,19,2014-10-27,day,
761,Strawberry,195100,18,2014-10-27,day,
762,Please Don't Let Me,223522,0,2014-10-27,day,
763,H20,,,,day,
764,How To Kill God,291066,23,2014-10-27,day,
765,Rich Is Gangsta,196653,41,2014-01-01,day,
766,Consideration - Dirty South Remix,217840,16,2017-12-08,day,
767,Sex With Me,206400,71,2016-01-28,day,
768,Pose,144226,50,2016-01-28,day,
769,Goodnight Gotham,88493,49,2016-01-28,day,
770,Close To You,223213,56,2016-01-28,day,
771,Higher,120626,59,2016-01-28,day,
772,Love On The Brain,224000,84,2016-01-28,day,
773,Never Ending,202506,53,2016-01-28,day,
774,Same Ol’ Mistakes,397093,63,2016-01-28,day,
775,"Yeah, I Said It",133080,63,2016-01-28,day,
776,Kiss It Better,253080,80,2016-01-28,day,
777,James Joint,72080,61,2016-01-28,day,
778,Brad Jordan (feat. Michael Da Vinci),248488,40,2014-01-28,day,
779,Banana,210793,41,2014-01-28,day,
780,Heavenly Father,260632,60,2014-01-28,day,
781,Modest,221136,42,2014-01-28,day,
782,Menthol (feat. Jean Deaux),177207,45,2014-01-28,day,
783,Tranquility,259552,39,2014-01-28,day,
784,Soliloquy,106463,43,2014-01-28,day,
785,West Savannah (feat. SZA),167276,68,2014-01-28,day,
786,Ronnie Drake (feat. SZA),198298,55,2014-01-28,day,
787,R.I.P. Kevin Miller,229218,44,2014-01-28,day,
788,Cilvia Demo,183031,49,2014-01-28,day,
789,Webbie Flow (U Like),187823,42,2014-01-28,day,
790,Hereditary,86587,40,2014-01-28,day,
791,Doe-Active (Prod by Stelios Phili) (DatPiff Exclusive),,,,day,
792,Baby Blue (feat. Chance the Rapper),280160,59,2015-03-23,day,
793,Back 2 Back,187411,57,2025-08-22,day,
794,Dance On Glass,181480,17,2008-11-04,day,
795,Life Is Better,267000,18,2010-11-02,day,
796,Move,349453,21,2008-11-04,day,
797,ManWomanBoogie,185626,28,2008-11-04,day,
798,WeFight/WeLove,287386,31,2008-11-04,day,
799,You,181826,20,2008-11-04,day,
800,Official,198720,20,2008-11-04,day,
801,Gettin Up,197680,40,2008-11-04,day,
802,Won't Trade,161386,43,2008-11-04,day,
803,Johnny Is Dead,181493,23,2008-11-04,day,
804,I Don't Care,242800,38,2004-07-13,day,
805,Star/Pointro,456146,33,2004-07-13,day,
806,The Next Movement,250200,0,1999-02-23,day,
807,Table of Contents (Parts 1 & 2),,,,day,
808,Act Won (Things Fall Apart),53800,34,1999-02-23,day,
809,Holy Shit,132127,7,2015-04-15,day,
810,Dead Or Alive,194946,50,2015-09-18,day,
811,There He Go,200129,47,2012-01-14,day,
812,Tomorrow,306213,35,2014-05-16,day,
813,BOOM!,177840,31,2004-07-13,day,
814,Web,196720,42,2004-07-13,day,
815,Guns Are Drawn,315786,52,2004-07-13,day,
816,Don't Say Nuthin',215840,56,2004-07-13,day,
817,...goingtohell,244013,30,2015-06-26,day,
818,Hollywood Dreams,196840,28,2015-06-26,day,
819,what's normal anyway,193760,29,2015-06-26,day,
820,waves - Tame Impala Remix,253346,65,2016-02-26,day,
821,Enter Galactic (Love Connection Part I),260200,45,2009-01-01,day,
822,Up Up & Away (The Wake & Bake Song),,,,day,
823,These Worries,255520,47,2010-11-09,day,
824,Mr. Rager,294226,74,2010-11-09,day,
825,MANIAC,178240,46,2010-11-09,day,
826,The Mood,155693,42,2010-11-09,day,
827,Wild’n Cuz I’m Young,254000,42,2010-11-09,day,
828,Erase Me - Main,192253,67,2010-11-09,day,
829,Ashin’ Kusher,228493,47,2010-11-09,day,
830,Mojo So Dope,210586,60,2010-11-09,day,
831,Marijuana,260200,57,2010-11-09,day,
832,We Aite (Wake Your Mind Up),86613,40,2010-11-09,day,
833,Don’t Play This Song,222893,47,2010-11-09,day,
834,REVOFEV,183173,50,2010-11-09,day,
835,Scott Mescudi Vs. The World,235293,52,2010-11-09,day,
836,NWA (feat. Kurupt),214093,29,2015-06-26,day,
837,coffee,286573,64,2015-06-24,day,
838,Highlights,199866,56,2016-06-10,day,
839,Basement Freestyle,244020,54,2014-08-18,day,
840,Sloppy Toppy ft. Migos  Pewee Longway,,,,day,
841,Zombies,254092,54,2014-08-18,day,
842,Hold My Liquor,326946,63,2013-06-18,day,
843,New Slaves,256093,64,2013-06-18,day,
844,Bound 2,229146,81,2013-06-18,day,
845,Low Lights,131773,52,2016-06-10,day,
846,Gold Digger,207626,65,2005-01-01,day,
847,Touch The Sky,236600,61,2005-01-01,day,
848,Heard 'Em Say,203733,49,2005-01-01,day,
849,Thinkin Bout You,200746,83,2012-07-10,day,
850,"End and Golden Girl (Feat. Tyler, The Creator)",,,,day,
851,Forrest Gump,194840,69,2012-07-10,day,
852,Pink Matter,268813,79,2012-07-10,day,
853,Bad Religion,175453,72,2012-07-10,day,
854,Monks,200240,67,2012-07-10,day,
855,White (feat. John Mayer),,,,day,
856,Lost,234093,82,2012-07-10,day,
857,Fertilizer,39640,58,2012-07-10,day,
858,Sierra Leone,148760,67,2012-07-10,day,
859,Love Is Only a Feeling,152041,75,2017-07-06,day,
860,Thymethymethyme,224706,4,2013-05-06,day,
861,Plastic Bag Brain,274546,13,2013-05-06,day,
862,Dial Tones (feat. Lucy Rose),,,,day,
863,Earned It (Fifty Shades Of Grey),277724,77,2021-02-05,day,
864,Shameless,253506,64,2015-08-28,day,
865,Pilot Jones,184080,63,2012-07-10,day,
866,Where Ya At (feat. Drake),208026,64,2015-07-17,day,
867,I Serve the Base,190893,68,2015-07-17,day,
868,Thought It Was a Drought,265213,62,2015-07-17,day,
869,All Of The Lights,299613,78,2010-11-22,day,
870,Can't Feel My Face,213520,82,2015-08-28,day,
871,Facts (Charlie Heat Version),200733,55,2016-06-10,day,
872,Living On The Sun ft. Angel Mae & Swayvo Sax,,,,day,
873,Who Else (Prod. by TJ Osinulu),,,,day,
874,Canada Dry (Prod. by J Money),,,,day,
875,Drink More Water (feat. Ebony) (Prod. by Spacetime),,,,day,
876,Black Sheep,197661,30,2014-08-12,day,
877,All Alone,213333,56,2005-05-23,day,
878,November Has Come,165093,68,2005-05-23,day,
879,Every Planet We Reach Is Dead,295266,57,2005-05-23,day,
880,El Mañana,235360,65,2005-05-23,day,
881,Feel Good Inc.,222640,87,2005-05-23,day,
882,The Abyss (feat. Lana Del Rey),282873,75,2025-01-31,day,
883,Real Life,223373,57,2015-08-28,day,
884,Angel,377346,61,2015-08-28,day,
885,Prisoner (feat. Lana Del Rey),,,,day,
886,Dark Times (feat. Ed Sheeran),,,,day,
887,As You Are,340493,65,2015-08-28,day,
888,In The Night,235653,72,2015-08-28,day,
889,Bitch Better Have My Money,219305,73,2015-03-26,day,
890,Holy Water,241792,21,2015-05-02,day,
891,Intro,90837,11,2015-05-02,day,
892,G35,264000,40,2016-07-27,day,
893,Blocka La Flame,,,,day,
894,Hell of a Night,,,,day,
895,Bad Mood / Shit On You,340306,38,2013-09-22,day,
896,Shot You Down (feat. Jay Rock & ScHoolboy Q),426996,49,2014-01-28,day,
897,Sunday Morning,92501,12,2015-05-02,day,
898,Sheba With Angel Mae,137215,29,2015-05-02,day,
899,Kids These Days,162090,1,2015-05-02,day,
900,Uptown (feat. A$AP Ferg),,,,day,
901,Chaz  Interlude (Feat. Toro Y Moi),,,,day,
902,Meadow Creek,,,,day,
903,A Queens Story,275360,22,2012-07-17,day,
904,Loco-Motive ft Large Professor,,,,day,
905,No Introduction,255293,24,2012-07-17,day,
906,GHOST!,289066,55,2010-11-09,day,
907,The End,260573,45,2010-11-09,day,
908,Lil One,207986,50,2015-07-17,day,
909,Groupies,187253,49,2015-07-17,day,
1142,Lord Vader Kush II,273863,31,2015-06-09,day,
910,Wicked [Prod. By Metro Boomin  Southside],,,,day,
911,"Sasquatch (feat. Tyler, The Creator)",168240,47,2013-08-16,day,
912,Chum,243773,58,2013-08-16,day,
913,Riot!,66133,60,2018-11-30,day,
914,Permanent Scar,245480,21,2012-04-16,day,
915,Inside The Mattress [Prod. By Nard  B],,,,day,
916,Guardian Angel,248450,8,2015-04-15,day,
917,Pyramids,592920,78,2012-07-10,day,
918,Crack Rock,224146,72,2012-07-10,day,
919,Super Rich Kids,304760,76,2012-07-10,day,
920,Not Just Money,59760,56,2012-07-10,day,
921,Sweet Life,262680,71,2012-07-10,day,
922,New Religion,236466,23,2015-04-24,day,
923,The Valley,163369,10,2015-04-15,day,
924,Back to the Topic (freestyle),,,,day,
925,Before I'm Gone,263765,53,2010-11-12,day,
926,Too Deep for the Intro,225247,61,2010-11-12,day,
927,Blame Game,469866,60,2010-11-22,day,
928,Devil In A New Dress,351946,78,2010-11-22,day,
929,Cash Talk (Prod by Metro Boomin/ 808 Mafia),,,,day,
930,Speed Racer (Prod by Metro Boomin),,,,day,
931,Free Gucci (Prod by Metro Boomin),,,,day,
932,Here (Prod by Metro Boomin),,,,day,
933,Air It Out ft MPA Wicced (Prod by Metro Boomin/ 808 Mafia),,,,day,
934,Every Morning ft Skooly (Prod by Metro Boomin/ 808 Mafia),,,,day,
935,Warrior (Prod by Metro Boomin),,,,day,
936,Who Will Survive In America,98200,53,2010-11-22,day,
937,Lost In The World,256586,63,2010-11-22,day,
938,Hell Of A Life,327786,66,2010-11-22,day,
939,Runaway,547733,82,2010-11-22,day,
940,So Appalled,397666,61,2010-11-22,day,
941,Monster,378893,74,2010-11-22,day,
942,Centurion (feat. Vince Staples),183960,43,2013-08-16,day,
943,Knight (feat. Domo Genesis),193920,47,2013-08-16,day,
944,Hoarse,232373,42,2013-08-16,day,
945,"Whoa (feat. Tyler, The Creator)",196426,52,2013-08-16,day,
946,Molasses (feat. RZA),136440,57,2013-08-16,day,
947,Guild (feat. Mac Miller),233720,45,2013-08-16,day,
948,Uncle Al,52626,40,2013-08-16,day,
949,523,91626,38,2013-08-16,day,
950,Ultimate,189974,61,2015-01-01,day,
951,The Birds Pt. 1,214186,51,2012-11-13,day,
952,The Zone (feat. Drake),,,,day,
953,Thursday,320026,45,2012-11-13,day,
954,Lonely Star,349213,49,2012-11-13,day,
955,Loft Music,363640,50,2012-11-13,day,
956,Coming Down,295453,66,2012-11-13,day,
957,The Party & The After Party,459386,64,2012-11-13,day,
958,The Morning,312426,67,2012-11-13,day,
959,Heaven Or Las Vegas,353306,43,2012-11-13,day,
960,Rolling Stone,230546,47,2012-11-13,day,
961,Love Sosa,246213,77,2012-01-01,day,
962,I Dont Like (feat. Lil Reese),,,,day,
963,Commercial,78240,15,2005-02-15,day,
964,Amazing featuring Young Jeezy,,,,day,
965,Coldest Winter,164333,37,2008-11-24,day,
966,Hardknock,318375,53,2012-06-12,day,
967,Killuminati Feat Capital STEEZ (Prod By Knxwledge),,,,day,
968,FromdaTomb Feat Chuck Strangers (Prod By Chuck Strangers Scratches By Statik Selektah),,,,day,
969,My Baby,248293,48,2024-12-25,day,
970,Los Awesome,252840,11,2014-01-01,day,
971,Gangsta,231773,47,2014-01-01,day,
972,Let's Get It On,232733,30,2005-12-06,day,
973,I'm Sprung (feat. Dizzee Rascal) - UK Remix,283253,26,2005-12-06,day,
974,I'm High (feat. Styles P),,,,day,
975,Ridge Road,274813,23,2005-12-06,day,
976,Blow Ya Mind,256506,33,2005-12-06,day,
977,My Place,219973,24,2005-12-06,day,
978,Ur Not The Same (feat. Akon),257506,37,2005-12-06,day,
979,Dance Floor (feat. Tay Dizm),309053,28,2005-12-06,day,
980,Say It,240480,28,2005-12-06,day,
981,Goin' Thru Alot (feat. Bone Crusher),,,,day,
982,Have It Interlude,196026,21,2005-12-06,day,
983,Como Estas (feat. Taino),214133,27,2005-12-06,day,
984,Crenshaw/808s and Cocaine (ft. Anderson .Paak & Sonyae)(Prod. THX/Fred Wreck),,,,day,
985,See You In My Nightmares featuring Lil Wayne,,,,day,
986,Bad News,238773,34,2008-11-24,day,
987,Like I Can,167065,74,2014-05-26,day,
988,Flaws,232133,18,2024-12-24,day,
989,Superstar (feat. Matthew Santos),289000,73,2007-01-01,day,
990,Hi-Definition (ft. Snoop Dogg & Pooh Bear),,,,day,
991,"Paris, Tokyo",270653,57,2007-01-01,day,
992,LF95,310080,18,2020-07-24,day,
993,Madonna (And Other Mothers In the Hood) Ft. Nikki Jean,,,,day,
994,Deliver,232826,38,2015-01-20,day,
995,Prisoner 1 & 2 Ft. Ayesha Jaco,,,,day,
996,About F*ck Up Some Commas - Commentary,84125,11,2015-07-15,day,
997,Kno The Meaning,225213,55,2015-07-17,day,
998,Real Sisters,173800,55,2015-07-17,day,
999,The Percocet & Stripper Joint,148453,73,2015-07-17,day,
1000,Trap Niggas,183800,60,2015-07-17,day,
1001,Blood On the Money,282253,53,2015-07-17,day,
1002,Rich $ex,240160,59,2015-07-17,day,
1003,Colossal,183760,50,2015-07-17,day,
1004,Blow a Bag,194240,52,2015-07-17,day,
1005,Slave Master,199746,53,2015-07-17,day,
1006,Rotation,167613,52,2015-07-17,day,
1007,Freak Hoe,174733,53,2015-07-17,day,
1008,Stick Talk,171333,63,2015-07-17,day,
1009,Samurai,194786,48,2024-05-17,day,
1010,Celebration,198440,38,2005-01-01,day,
1011,Hey Mama,305066,46,2005-01-01,day,
1012,Diamonds From Sierra Leone,238400,45,2005-01-01,day,
1013,Skit #2 (Kanye West/Late Registration),31333,28,2005-01-01,day,
1014,Addiction,267093,43,2005-01-01,day,
1015,Bring Me Down,199000,38,2005-01-01,day,
1016,Roses,245840,48,2005-01-01,day,
1017,Crack Music,270866,38,2005-01-01,day,
1018,Skit #1 (Kanye West/Late Registration),33573,31,2005-01-01,day,
1019,Say You Will,377600,37,2008-11-24,day,
1020,Put You on Game,182693,35,2007-01-01,day,
1021,Hello/Goodbye (Uncool) (ft. UNKLE),,,,day,
1022,Dumb It Down (ft. Gemstones & Graham Burris),,,,day,
1023,Gotta Eat,204173,33,2007-01-01,day,
1024,Little Weapon (ft. Bishop G & Nikki Jean),,,,day,
1025,Streets on Fire,279973,39,2007-01-01,day,
1026,Intruder Alert (feat. Sarah Green),240280,35,2007-01-01,day,
1027,Hip-Hop Saved My Life (ft. Nikki Jean),,,,day,
1028,Gold Watch,252600,41,2007-01-01,day,
1029,The Coolest,312933,40,2007-01-01,day,
1030,Go Go Gadget Flow,250386,38,2007-01-01,day,
1031,Free Chilly (ft. Sarah Green & Gemstones),,,,day,
1032,"Kick, Push",254466,65,2006-06-27,day,
1033,Just Might Be OK (feat. Gemini),264346,35,2006-06-27,day,
1034,Real (feat. Sarah Green),241466,37,2006-06-27,day,
1035,"Girls, Girls, Girls",275373,51,2001-09-11,day,
1036,Izzo (H.O.V.A.),240626,57,2001-09-11,day,
1037,Takeover,313106,49,2001-09-11,day,
1038,The Ruler's Back,228626,48,2001-09-11,day,
1039,Spring,95880,24,2015-01-20,day,
1040,Deeper,199053,31,2021-02-26,day,
1041,Shak out (feat. Sparkz),197706,26,2013-05-20,day,
1042,Every Single Time (feat. Dr. Syntax),183913,29,2013-05-20,day,
1043,"Genocide (feat. Kendrick Lamar, Marsha Ambrosius & Candice Pillay)",,,,day,
1044,Gringo [Bonus Track],,,,day,
1045,Change Clothes,258426,50,2003-11-14,day,
1046,Encore,250973,51,2003-11-14,day,
1047,What More Can I Say,295160,49,2003-11-14,day,
1048,Where Are They Now,164480,26,2007-01-23,day,
1049,Carry On Tradition,229480,29,2007-01-23,day,
1050,You Can't Kill Me,194986,28,2007-01-23,day,
1051,Good For You,221280,75,2015-10-09,day,
1052,Money Over Bullshit,256079,31,2007-01-23,day,
1053,Witchcraft,241084,52,2014-08-07,day,
1054,Finesse,205557,37,2014-08-07,day,
1055,Trap Talk,216084,41,2014-08-07,day,
1056,Told Me,184084,39,2014-08-07,day,
1057,Blur My Hands Ft. Guy Sebastian,,,,day,
1058,Mural,528880,50,2015-01-20,day,
1059,99 Problems,234626,64,2003-11-14,day,
1060,Moment Of Clarity,264066,48,2003-11-14,day,
1061,Threat,245626,45,2003-11-14,day,
1062,Dirt Off Your Shoulder,245173,63,2003-11-14,day,
1063,"Chopper Ft. Billy Blue, Buk Of Psychodrama, Trouble, Trae Tha Truth, Fam-Lay & Glasses Malone",,,,day,
1064,December 4th,272360,47,2003-11-14,day,
1065,HOT ONE (with TiaCorine & A$AP Ferg),165280,63,2024-07-19,day,
1066,Vomitspit,168013,59,2004-11-16,day,
1067,Potholderz,200653,61,2004-11-16,day,
1068,Complexion (A Zulu Love) [feat. Rapsody],,,,day,
1069,My 1st Song,285000,46,2003-11-14,day,
1070,Allure,292493,47,2003-11-14,day,
1071,Lucifer,192040,55,2003-11-14,day,
1072,Justify My Thug,244066,40,2003-11-14,day,
1073,Black&Blue,198630,59,2024-05-24,day,
1074,3230,172680,35,2015-06-30,day,
1075,Might Be Wrong (feat. Haneef Talib aka GeNNo & eeeeeeee),,,,day,
1076,Birds & Bees (feat. Daley),,,,day,
1077,Fuck Tha Police,345717,69,1988-08-08,day,
1078,Señorita,188026,43,2015-06-30,day,
1079,Hang N' Bang (feat. A$ton Matthews),,,,day,
1080,Dopeman (feat. Joey Fatts & Kilo Kish),,,,day,
1081,Street Punks,186866,38,2015-06-30,day,
1082,Lemme Know (feat. Jhené Aiko & DJ Dahi),,,,day,
1083,Wonderbread,118218,1,2013-10-08,day,
1084,25 Bucks (feat. Purity Ring),210880,40,2013-10-08,day,
1085,Suicide,178026,31,2007-06-05,day,
1086,I Got It,114120,26,2007-06-05,day,
1087,The Instrumental (feat. Jonah Matranga),206413,39,2006-06-27,day,
1088,I Gotcha,238680,42,2006-06-27,day,
1089,Remember Me - 12" Vocal Mix,195933,18,2005-06-17,day,
1090,Brown Eyes,229893,36,2005-06-17,day,
1091,T-shirt Weather in the Manor,316466,41,2016-03-04,day,
1092,9 to 5,130000,25,2005-06-17,day,
1093,Fly Away,235213,25,2005-12-06,day,
1094,Summertime,259213,44,2015-06-30,day,
1095,Like It Is,276160,31,2015-06-30,day,
1096,C.N.B.,253386,31,2015-06-30,day,
1097,Jump off the Roof (feat. Snoh Aalegra),,,,day,
1098,07 ALREADY Ft. SIR (prod. MIKOS Da GAWD),,,,day,
1099,05 MISS RIGHT (prod. Anderson .Paak),,,,day,
1100,04 MIGHT BE (prod. LO DEF),,,,day,
1101,03 THE CITY (prod. DK),,,,day,
1102,Milk N' Honey,258272,36,2014-10-28,day,
1103,Welcome To Heartbreak featuring Kid Cudi,,,,day,
1104,BACC (Bonus),130681,51,2014-08-18,day,
1105,Grey,219916,56,2014-08-18,day,
1106,GAZZILLION EAR - JNEIRO JAREL / DAVE SITEK REMIX,208626,19,2019-03-27,day,
1107,A Baltimore Love Thing,257773,46,2005-03-03,day,
1108,Ski Mask Way,185586,48,2005-03-03,day,
1109,Get In My Car,245906,56,2005-03-03,day,
1110,Outta Control,201826,55,2005-03-03,day,
1111,Piggy Bank,255173,53,2005-03-03,day,
1112,I'm Supposed To Die Tonight,231026,60,2005-03-03,day,
1113,This Is 50,184213,46,2005-03-03,day,
1114,I Don't Know Why,236400,15,2005-06-17,day,
1115,Sometimes,215626,24,2005-06-17,day,
1116,P's and Q's,248106,52,2005-06-17,day,
1117,How We Livin',228106,16,2005-06-17,day,
1118,Mic Check 1-2,191466,29,2005-06-17,day,
1119,Typical Me (feat. Ghetto),274400,24,2005-06-17,day,
1120,Remember Me,,,,day,
1121,Hands on the Wheel (feat. Asap Rocky),197131,64,2012-01-14,day,
1122,Gang Bang Anyway (ft. Jay Rock & ScHoolboy Q) (Prod. Bongo),,,,day,
1123,Yay Yay,271773,47,2013-04-16,day,
1124,Prescription/Oxymoron,429666,39,2014-01-01,day,
1125,Druggys WitH Hoes Again,218977,28,2011-10-11,day,
1126,Love Me Forever - Chopped n Screwed,296986,31,2024-12-25,day,
1127,No No No ft Birdman - Prod. By LondonOnDaTrack (Bonus),,,,day,
1128,Raw (Might Just),210400,59,2024-12-25,day,
1129,Piece of Mind,218634,44,2015-01-20,day,
1130,Paper Trail$,194738,63,2015-01-20,day,
1131,No. 99,171125,37,2015-01-20,day,
1132,Belly of the Beast,236518,35,2015-01-20,day,
1133,Like Me,266382,46,2015-01-20,day,
1134,Hazeus View,219504,49,2015-01-20,day,
1135,Big Dusty,293360,39,2015-01-20,day,
1136,Crime Pays,182680,59,2019-06-28,day,
1137,OD,285653,48,2015-04-16,day,
1138,Knocked Off (feat. Birdman),196586,42,2015-04-16,day,
1139,Is There Any Love,210599,32,2022-07-15,day,
1140,Down & Out,248566,42,2022-07-15,day,
1141,Survival Tactics Feat Capital STEEZ (Prod. By Vin Skully),,,,day,
1143,Envy Me,270007,35,2015-06-09,day,
1144,Microphone Preem (feat. Slaughterhouse),240468,19,2015-12-11,day,
1145,"Underground Kings (feat. Schoolboy Q, Killer Mike)",254049,18,2014-12-09,day,
1146,We Ain't,286786,49,2005-01-01,year,
1147,No More Fun And Games,157906,36,2005-01-01,year,
1148,The Documentary,251346,42,2005-01-01,year,
1149,Start From Scratch,247333,49,2005-01-01,year,
1150,Put You On The Game,254133,56,2005-01-01,year,
1151,Church For Thugs,240893,42,2005-01-01,year,
1152,Don't Need Your Love,266200,44,2005-01-01,year,
1153,How We Do,235533,75,2005-01-01,year,
1154,Higher,245013,48,2005-01-01,year,
1155,Hate It Or Love It,206400,80,2005-01-01,year,
1156,Apple Pie,219360,68,2015-09-04,day,
1157,My World,243026,35,2009-01-01,day,
1158,Heart Of A Lion (Kid Cudi Theme Music),261359,39,2009-01-01,day,
1159,Solo Dolo (Nightmare),266306,41,2009-01-01,day,
1160,Simple As...,151333,38,2009-01-01,day,
1161,Soundtrack 2 My Life,235626,57,2009-01-01,day,
1162,In My Dreams (Cudder Anthem),199000,36,2009-01-01,day,
1163,Eye (feat. Stacy Epps),117773,50,2004-03-24,day,
1164,Fancy Clown (feat. Viktor Vaughn),115826,62,2004-03-24,day,
1165,Strange Ways,111666,51,2004-03-24,day,
1166,Hardcore Hustle (feat. Wildchild),81920,46,2004-03-24,day,
1167,Figaro,145706,58,2004-03-24,day,
1168,Operation Lifesaver aka Mint Test,90133,47,2004-03-24,day,
1169,Shadows of Tomorrow (feat. Quasimoto),156186,47,2004-03-24,day,
1170,Money Folder,182800,50,2004-03-24,day,
1171,Do Not Fire! (Instrumental),52826,46,2004-03-24,day,
1172,Curls,95506,55,2004-03-24,day,
1173,Rainbows,171840,49,2004-03-24,day,
1174,Sickfit (Instrumental),81880,48,2004-03-24,day,
1175,Raid (feat. MED),150520,60,2004-03-24,day,
1176,Bistro,67520,55,2004-03-24,day,
1177,Meat Grinder,131866,64,2004-03-24,day,
1178,Accordion,118853,60,2004-03-24,day,
1179,All Me,271573,57,2013-01-01,day,
1180,Best Friend,212666,53,2024-12-25,day,
1181,Avril 14th,125520,62,2001-10-22,day,
1182,Elephant,211226,71,2012-01-01,day,
1183,The Less I Know The Better,216320,86,2015-07-17,day,
1184,Murder,232200,46,1996-07-30,day,
1185,Gimme What I Don't Know (I Want),315306,35,2013-09-27,day,
1186,What's My Name?,263173,76,2010-01-01,day,
1187,Halo,261746,18,2009-04-13,day,
1188,You're the Best - Soul Circuit Remix,326986,9,2015-10-30,day,
1189,a thousand years,285120,83,2011-10-18,day,
1190,I'm In It,234853,55,2013-06-18,day,
1191,I Am A God,231506,58,2013-06-18,day,
1192,Black Skinhead,188013,71,2013-06-18,day,
1193,On Sight,156480,73,2013-06-18,day,
1194,03’ Adolescence,264213,62,2014-12-09,day,
1195,Wet Dreamz,239266,80,2014-12-09,day,
1196,January 28th,242697,67,2014-12-09,day,
1197,Blood On The Leaves,359800,62,2013-06-18,day,
1198,Otis (feat. Otis Redding),,,,day,
1199,No Church in the Wild (feat. Frank Ocean),,,,day,
1200,In Da Club,193466,82,2003-02-06,day,
1201,Many Men (Wish Death),256240,77,2003-02-06,day,
1202,Dance in the Reign,234000,21,2011-09-27,day,
1203,Some More (Prod by Metro Boomin/ TM-88/ Sony Digital),,,,day,
1204,Don't,198293,84,2015-10-02,day,
1205,S&M,243600,83,2010-01-01,day,
1206,Only Girl (In The World) - The Bimbo Jones Club,437466,37,2010-11-16,day,
1207,Love The Way You Lie (Part II) - Pt. 2,296226,68,2010-11-16,day,
1208,Skin,303733,59,2010-01-01,day,
1209,Complicated,257506,45,2010-11-16,day,
1210,Raining Men,224840,45,2010-11-16,day,
1211,Man Down,267000,72,2010-11-16,day,
1212,California King Bed,251600,67,2010-01-01,day,
1213,Only Girl (In The World),235493,84,2010-01-01,day,
1214,Fading,199666,47,2010-01-01,day,
1215,Cheers (Drink To That),261746,56,2010-01-01,day,
1216,Rihanna & Drake What's My Name?,480000,19,2010-12-20,day,
1217,What's My Name? (Rihanna & Drake Tribute),265200,0,2010-12-19,day,
1218,Coffee (F***ing) (feat. Wale),314053,47,2015-05-01,day,
1219,Simple Things (Remix) (feat. Chris Brown & Future),237797,51,2015-10-16,day,
1220,Sure Thing,195373,84,2010-11-26,day,
1221,When I Was Your Man,213826,87,2012-12-07,day,
1222,Happy - From "Despicable Me 2",232720,81,2014-03-03,day,
1223,No Church In The Wild,272506,74,2011-08-08,day,
1224,Crazy In Love - Remix,226400,67,2015-09-04,day,
1225,Perfect,242640,48,2015-10-09,day,
1226,Calling Your Name,303866,40,2024-12-25,day,
1227,Power,195373,55,2024-12-25,day,
1228,Oh Lord - Prod. By Ricky Racks and TM88,,,,day,
1229,The Season/Carry Me,328813,14,2016-01-15,day,
1230,Miss Right,198713,42,2014-10-28,day,
1231,Exchange,194613,80,2015-10-02,day,
1232,Stick Around,210285,42,2015-11-20,day,
1233,I Hate Myself for Loving You,246800,68,1988-05-23,day,
1234,Shook Ones Pt. II,325506,75,1995-04-25,day,
1235,Never Made Love (feat. Rich Homie Quan),276080,38,2024-12-25,day,
1236,Dead Friends (feat. Nonamegypsy & Thundercat),,,,day,
1237,Forever Ready/Band On A Bible (Interlude),,,,day,
1238,Orbz a.k.a. Some Wise Quote Drake Never Said (prod. by The MFK),,,,day,
1239,I Know (Feat. Mick Jenkins),,,,day,
1240,All for Nothing,283598,20,2015-10-30,day,
1241,The Sequence,194013,51,2015-10-02,day,
1242,Open Interlude,161946,52,2015-10-02,day,
1243,"The Next Episode (feat. Snoop Dogg, Kurupt & Nate Dogg)",,,,day,
1244,All of Me - Live from Spotify Milan,291960,52,2013-11-22,day,
1245,Glory (From the Motion Picture Selma),272727,49,2014-12-11,day,
1246,Tonight (Best You Ever Had) (feat. Ludacris),239453,63,2012-04-09,day,
1247,You & I (Nobody in the World),252653,57,2013-08-30,day,
1248,Ordinary People,281466,63,2005-12-06,day,
1249,All of Me,269560,85,2013-08-30,day,
1250,"Sorry, Blame It On Me",295746,70,2022-03-04,day,
1251,I Wanna Love You,247066,76,2006-01-01,day,
1252,Right Now (Na Na Na),240746,79,2008-01-01,day,
1253,Beautiful,312986,73,2008-01-01,day,
1254,Don't Matter,293053,76,2006-01-01,day,
1255,Ten Nine Fourteen,190173,47,2015-10-02,day,
1256,For However Long,124853,56,2015-10-02,day,
1257,Xiangjiao,172162,17,2015-10-30,day,
1258,No Sense,275040,66,2015-11-13,day,
1259,Stainless,199573,48,2015-11-13,day,
1260,Just Might Be,232946,53,2015-04-16,day,
1261,Numbers,207693,49,2015-04-16,day,
1262,Knight Time,226315,18,2015-10-30,day,
1263,5 Minutes (Feat. Joey Bada$$),,,,day,
1264,Martyrs (prod. by OnGaud),,,,day,
1265,514 (Prod. by OnGaud),,,,day,
1266,Dehydration (feat. The Mind) (Prod. by DJ Dahi),,,,day,
1267,The Future (Feat. The Mind),,,,day,
1268,Gunshowers (feat. Elzhi),,,,day,
1269,Am I Wrong (feat. ScHoolboy Q),256695,27,2015-11-10,day,
1270,Ghetto,235306,69,2005-01-01,day,
1271,Gangsta,255733,36,2005-01-01,day,
1272,Bananza (Belly Dancer),238493,52,2006-01-01,day,
1273,Trouble Nobody,202506,36,2006-01-01,day,
1274,How We Feeling,191819,3,2012-01-14,day,
1275,Gangsta in Designer (No Concept),228466,33,2012-01-14,day,
1276,Grooveline Pt. 1 (feat. Dom Kennedy & Curren$Y),300025,4,2012-01-14,day,
1277,Sexting,201778,30,2012-01-14,day,
1278,Raymond 1969,290755,3,2012-01-14,day,
1279,Tookie Knows (Interlude),85942,2,2012-01-14,day,
1280,My Hatin Joint,254682,35,2012-01-14,day,
1281,Oxy Music,227810,36,2012-01-14,day,
1282,Sex Drive (feat. J Hene Aiko),202232,31,2012-01-14,day,
1283,No Type,200080,69,2015-01-06,day,
1284,I'll Be in the Sky,245925,28,2010-04-27,day,
1285,About the Money (feat. Young Thug),270120,60,2014-06-03,day,
1286,Same Old Love,229080,70,2015-10-09,day,
1287,Heartless,211000,64,2008-11-24,day,
1288,Enemy,,,,day,
1289,Step Up,,,,day,
1290,Shakem Off Feat. Ludacis  K. Camp (Produced by WOLFE de MCHLS) (DatPiff Exclusive),,,,day,
1291,Piece On Chain (Produced by Big K.R.I.T.) (DatPiff Exclusive),,,,day,
1292,No Static 2.0 (feat. Warren G),187613,25,2021-08-13,day,
1293,86  (Produced by Big K.R.I.T.) (DatPiff Exclusive),,,,day,
1294,King Pt. 4 (Produced by Kenneth Whalum) (DatPiff Exclusive),,,,day,
1295,Regular and Complex (GNB) (Prod. By Erick Arc Elliott),,,,day,
1296,Your Favorite Rap Song,779560,38,2016-03-11,day,
1297,Death (Prod. By Erick Arc Elliott),,,,day,
1298,Bliss (Prod. By Erick Arc Elliott),,,,day,
1299,Nephilim (Prod. By Erick Arc Elliott),,,,day,
1300,Amerikkkan Pie (Prod. By Erick Arc Elliott),,,,day,
1301,Drug Test,166120,33,2011-01-01,day,
1302,The City,341453,45,2011-01-01,day,
1303,Down,187711,13,2015-10-30,day,
1304,Scorpio,210358,15,2015-10-30,day,
1305,One Knight,261966,16,2015-10-30,day,
1306,Brokeland,155094,22,2015-10-30,day,
1307,Heaven Is for Real,246443,17,2015-10-30,day,
1308,Take Kare (feat. Rich Gang & Lil Wayne),268066,46,2024-12-25,day,
1309,"Circles - feat. Q-Tip, Eric Bellinger & Sha Sha",,,,day,
1310,Super Lyrical,208226,40,1998-04-28,day,
1311,Superheroes Ft. ASAP Rocky,,,,day,
1312,Aquemini,319240,55,1998-09-29,day,
1313,Woo Hah!! Got You All in Check,271973,52,1996-01-01,year,
1314,Beast,226440,33,2024-12-25,day,
1315,Bout (Damn) Time - Prod. By LondonOnDaTrack,,,,day,
1316,Pull Up on a Kid (feat.Yak Gotti),218973,42,2024-12-25,day,
1317,Go Crazy - Prod. By GooseWithAnotherOne,,,,day,
1318,I Know There's Gonna Be (Good Times),213622,55,2015-06-01,day,
1319,Paint,237923,31,2014-10-28,day,
1320,Get 'Em Up,248659,32,2014-10-28,day,
1321,Already (feat. SiR),194011,45,2014-10-28,day,
1322,Trap Queen,222093,70,2015-09-25,day,
1323,Zipcodes,267173,42,2022-07-22,day,
1324,World Domination (Prod. by MF DOOM),,,,day,
1325,My Jeep,275673,36,2013-10-29,day,
1326,Lights On,260720,29,2015-09-25,day,
1327,Run for Your Life,236093,31,2015-09-25,day,
1328,Miki Doralude,50128,23,2014-10-28,day,
1329,Drugs,292989,31,2014-10-28,day,
1330,I Miss That Whip,188839,33,2014-10-28,day,
1331,Put You On,163735,32,2014-10-28,day,
1332,Might Be,237165,52,2014-10-28,day,
1333,The City,214230,35,2014-10-28,day,
1334,Hate Bein' Sober,280173,73,2012-01-01,day,
1335,Metaphysics,160546,44,2025-08-15,day,
1336,Special,237453,41,2005-01-01,year,
1337,Where I'm From,188480,49,2005-01-01,year,
1338,Flaws,232133,37,2024-12-25,day,
1339,BONUS Young Thug - No No No ft Birdman - Prod. By LondonOnDaTrack,,,,day,
1340,Young Thug - Raw (Might Just) - Prod. By Treasure Fingers,,,,day,
1341,Up - Prod. By Wheezy,,,,day,
1342,Young Thug - She Notice - Prod. By Wheezy,,,,day,
1343,"Young Thug - Hey, I - Prod. By LondonOnDaTrack",,,,day,
1344,In Da Club,,,,day,
1345,Club Soda feat. Action Bronson (Prod. By Erick Arc Elliott),,,,day,
1346,Day 'N' Nite (Nightmare),221240,71,2009-01-01,day,
1347,Own It,252053,54,2013-01-01,day,
1348,Pain (feat. OverDoz.),233266,52,2013-01-01,year,
1349,Dance On the Moon (feat. Paul Wall & Theophilus London),291367,38,2013-09-22,day,
1350,Bounce,277026,17,2008-10-28,day,
1351,Young Thug - Phoenix - Prod. By GooseWithAnotherOne,,,,day,
1352,Feel It,236586,60,2017-06-16,day,
1353,Young Thug - All Over - Prod. By Metro Boomin and Southside,,,,day,
1354,Paranoid featuring Mr. Hudson,,,,day,
1355,Love Lockdown,270306,46,2008-11-24,day,
1356,Young Thug - Big Racks (Intro by Lil Uzi Vert) - Prod. By Southside,,,,day,
1357,Young Thug - Don't Know ft Shad Da God - Prod. By LondonOnDaTrack,,,,day,
1358,Young Thug - Thief In The Night ft Trouble - Prod. By C4 and Supah Mario,,,,day,
1359,Dedicated (Feat Future and Sonyae),,,,day,
1360,Young Thug - Mind Right Prod. By Wheezy,,,,day,
1361,I'll Tell You What,214720,37,2024-12-25,day,
1362,Giraffe Pussy,,,,day,
1363,Next Caller,83162,9,2014-10-27,day,
1364,Gang Related (ft. Asia) (Prod. Bongo),,,,day,
1365,From Adam,225733,39,2015-10-16,day,
1366,New York Skit (Prod. Stat Quo),,,,day,
1367,LA (Feat Snoop Dogg Will.I.Am and Fergie),,,,day,
1368,Just Another Day,230866,26,2015-10-09,day,
1369,Mula (Feat Kanye West),,,,day,
1370,Summertime (Feat Jelly Roll),,,,day,
1371,That's All,241826,39,2024-12-25,day,
1372,Again (feat. Gucci Mane),177120,51,2024-12-25,day,
1373,Overdosin,181773,35,2024-12-25,day,
1374,Be Me See Me,216653,41,2024-12-25,day,
1375,Freaky,333546,38,2024-12-25,day,
1376,Mine,162213,42,2024-12-25,day,
1377,No Way,273253,49,2024-12-25,day,
1378,Stunna,249026,42,2024-12-25,day,
1379,Rarri (feat. Young Ralph),197080,40,2024-12-25,day,
1380,DRUGS  (PRODUCED BY LO_DEF),,,,day,
1381,Angel Duster,309839,40,2014-10-27,day,
1382,Soda & Soap (Featuring Jean Grae),252866,31,2004-08-03,day,
1383,The Proposition,98600,15,2004-08-03,day,
1384,The B-Side,254066,5,1995-01-01,year,
1385,Step Up - feat. Dej Loaf & Sha Sha,,,,day,
1386,15 RIGHT THERE (prod. Ta - Ku),,,,day,
1387,Jet Black (feat. Brandy),208395,55,2019-04-12,day,
1388,"11 PAINT (prod. LO DEF, THADXEUS WHITE)",,,,day,
1389,Bubblin (feat. Busta Rhymes) - Remix,212290,33,2018-07-13,day,
1390,"09 I MISS THAT WHIP (prod. KELSTRO, LO D",,,,day,
1391,06 PUT YOU ON (prod. LO DEF),,,,day,
1392,Gang Bang Anyway - feat. Jay Rock & ScHoolboy Q,,,,day,
1393,On Me (feat. Kendrick Lamar),,,,day,
1394,"Work REMIX (feat. A$AP Rocky, French Montana, Trinidad James & ScHoolboy Q)",283693,65,2013-08-19,day,
1395,Murda Something (feat. Waka Flocka Flame),199853,38,2013-08-19,day,
1396,BLACK FLAG FREESTYLE (with That Mexican OT),207320,62,2024-07-19,day,
1397,Where You Belong - From "Fifty Shades Of Grey" Soundtrack,297773,54,2015-02-09,day,
1398,One Last Night - From The "Fifty Shades Of Grey" Soundtrack,199893,51,2015-02-09,day,
1399,Witchcraft - From The "Fifty Shades Of Grey" Soundtrack,171520,43,2015-02-09,day,
1400,Crazy In Love - From The "Fifty Shades of Grey" Soundtrack,,,,day,
1401,On Me - feat. Kendrick Lamar,,,,day,
1402,"LA - feat. Snoop Dogg, Will.I.Am & Fergie",,,,day,
1403,Just another day,141866,47,2015-08-21,day,
1404,100 - feat. Drake,,,,day,
1405,"New York, New York",141266,22,2015-10-09,day,
1406,The Documentary 2,278546,28,2015-10-09,day,
1407,Mula - feat. Kanye West,,,,day,
1408,Hashtag - feat. Jelly Roll,,,,day,
1409,Made In America - feat. Mvrcus Blvck,,,,day,
1410,Dollar And A Dream - feat. AB Soul,,,,day,
1411,Standing On Ferraris,251586,30,2015-10-09,day,
1412,Don't Trip,299640,34,2015-10-09,day,
1413,Love Me Like You Do - From The "Fifty Shades of Grey" Soundtrack,,,,day,
1414,Can't Get Right,297493,33,2012-01-01,day,
1415,See No Evil,284306,0,2012-01-01,day,
1416,Diamonds,225146,75,2012-12-11,day,
1417,JJ DOOM - GUV'NOR (BADBADNOTGOOD Version,,,,day,
1418,Jay Electronica - Road To Perdition,,,,day,
1419,Unique (feat. Anderson .Paak),220133,35,2015-11-06,day,
1420,Movin' On Feat. Louie Lastic,,,,day,
1421,Lost Generation,234920,22,2014-08-25,day,
1422,Saturdays = Celebration,254320,34,2014-08-25,day,
1423,Angels,226360,21,2014-08-25,day,
1424,Mo Better Cool,285400,17,2014-08-25,day,
1425,Third Eye,239946,21,2014-08-25,day,
1426,Do You Love Me,228186,17,2014-08-25,day,
1427,Standby (Interlude),99453,13,2014-08-25,day,
1428,Mind Control,245453,28,2014-08-25,day,
1429,King Of The South,212093,34,2014-08-25,day,
1430,Pay Attention,250480,25,2014-08-25,day,
1431,Kreation (Intro),200453,14,2014-08-25,day,
1432,Never Go Back,,,,day,
1433,No Wheaties,188440,14,2011-06-01,day,
1434,Just Touched Down,,,,day,
1435,Children of the World,190498,27,2020-05-29,day,
1436,Yoko (feat. Wiz Khalifa & Big K.R.I.T.),218906,24,2011-12-20,day,
1437,Viktorious,136121,23,2020-05-29,day,
1438,Moon & Stars feat Devin the Dude,,,,day,
1439,Wale- The Need To Know,,,,day,
1440,05. Play No Games (feat. Chris Brown & T,,,,day,
1441,Bryson Tiller - Don't,,,,day,
1442,Kirk Knight - "Dead Friends" ft. Noname,,,,day,
1443,Kirk Knight - "Knight Time" (Prod. by Ki,,,,day,
1444,Scared Now,299106,0,2012-01-01,day,
1445,Jesus Piece,233880,43,2012-01-01,day,
1446,The Don,182013,29,2012-07-17,day,
1447,Deadly Medley (feat. Royce Da 5'9 & Elzhi),222693,0,2019-12-13,day,
1448,Guv'nor,183737,46,2012-08-20,day,
1449,Denny Cascade,,,,day,
1450,Parental Discretion Iz Advised,315998,44,1988-08-08,day,
1451,I Just Wanna ft. Mac Miller,,,,day,
1452,Gangsta Gangsta,336917,63,1988-08-08,day,
1453,21 Questions,224440,78,2003-02-06,day,
1454,SWITCH IT UP | ZWITCH 1T UP,175906,46,2018-07-27,day,
1455,"Hustlers (feat. The Game, Marsha)",246786,36,2007-01-23,day,
1456,Kush & Corinthians (feat. BJ The Chicago Kid),304668,52,2011-07-02,day,
1457,Long Live A$AP,289586,62,2013-01-01,year,
1458,Between Friends Ft. Earl Sweatshirt (Prod. Flying Lotus),,,,day,
1459,Gone,333293,41,2005-01-01,day,
1460,Renegade,337760,61,2001-09-11,day,
1461,Name Me King,241680,44,2012-01-01,day,
1462,Colder,382066,4,2020-05-08,day,
1463,PYRMDPLAZA & Gravez - UsVsU,,,,day,
1464,FUN,416266,28,2013-08-05,day,
1465,"Git Up, Git Out (feat. Goodie Mob)",447026,49,1994-04-26,day,
1466,Mighty Morphin Foreskin (Prod. Flying Lotus),,,,day,
1467,All That (Lady),214733,43,2012-01-01,day,
1468,Pray,298160,0,2012-01-01,day,
1469,Public Service Announcement (Interlude),173000,60,2003-11-14,day,
1470,Send It Up,178040,54,2013-06-18,day,
1471,Guilt Trip,243746,58,2013-06-18,day,
1472,Cocoa Butter Kisses,307187,53,2023-04-30,day,
1473,Skew It on the Bar-B (feat. Raekwon),195106,48,1998-09-29,day,
1474,Jerome (feat. Joey Bada$$) (Prod. by Kirk Knight),,,,day,
1475,Pitch Black (Feat. Rome Fortune),,,,day,
1476,Big Pimpin',283066,68,1999-12-28,day,
1477,Say Something,229400,68,2014-01-16,day,
1478,Halo,232986,34,2013-10-04,day,
1479,Halo,261160,74,2008-01-01,year,
1480,Cereal Killer,240733,43,1999-01-01,day,
1481,Super Bowl LIX Halftime Show - Live,800699,60,2025-02-09,day,
1482,That Night (feat. Kool AD & SAFE),,,,day,
1483,Ordinary Pleasure,183752,46,2019-01-18,day,
1484,No Role Modelz,292799,84,2014-12-09,day,
1485,Pot of Gold (feat. Chris Brown),,,,day,
1486,Martians Vs Goblins,228826,53,2011-01-01,day,
1487,Good Girls Go Bad (feat. Drake),,,,day,
1488,Ice Cups,313652,4,2015-10-08,day,
1489,Nostalgia (Funcoland),248754,3,2015-10-08,day,
1490,Long Island Iced Tea (Intro),73712,1,2015-10-08,day,
1491,Da Mystery of Chessboxin',287493,60,1993-11-09,day,
1492,Talk That Shit,,,,day,
1493,Like Me (feat. Steven A. Clark),,,,day,
1494,"Tomorrow's Gone ft. Danny Brown, Nacho Picasso & Flatbush Zombies (prod. by DJ SicksentZ)",,,,day,
1495,My Summer Vacation,236560,46,1991-10-29,day,
1496,Show Me What You Got,223080,40,2006-11-21,day,
1497,Who Do You Love? (Feat. Drake),,,,day,
1498,Bandz (feat. Meek Mill),244195,33,2013-09-22,day,
1499,40 Below,205244,18,2015-08-21,day,
1500,Still Dreaming,217826,67,2007-01-23,day,
1501,The Exclusive (ft. Percee P),,,,day,
1502,What You Say,,,,day,
1503,Fakin Jax' (feat. Pete Rock),,,,day,
1504,In The Darkness Feat. Wolfe de MCHLS (Produced by WOLFE de MCHLS) (DatPiff Exclusive),,,,day,
1505,How Bout That Money Feat. Young Dolph (Produced by Big K.R.I.T.) (DatPiff Exclusive),,,,day,
1506,Champagne Poetry,336511,72,2021-09-03,day,
1507,Wu-Tang Forever,217600,55,2013-01-01,day,
1508,Started From the Bottom,174120,65,2013-01-01,day,
1509,Shakem Off Feat. Ludacis  K. Camp (Produced by WOLFE de MCHLS),,,,day,
1510,Shawty I'm On,254637,10,2015-11-20,day,
1511,No Static ft. Warren G  (Produced by Big K.R.I.T.),,,,day,
1512,86  (Produced by Big K.R.I.T.),,,,day,
1513,Thuggish Ruggish Bone,281773,71,1994-06-21,day,
1514,Loosie,172410,0,2011-11-01,day,
1515,Wake Up,147693,1,2011-11-01,day,
1516,Sound Check,68247,0,2011-11-01,day,
1517,Black & Brown,,,,day,
1518,In My Hood,231120,55,2005-03-03,day,
1519,Blackout,223306,43,1999-01-01,day,
1520,Alive (Nightmare),246760,49,2009-01-01,day,
1521,Carry On (feat. Joey Bada$$ & Freddie Gibbs),207711,2,2014-08-19,day,
1522,The Cool,226653,39,2006-06-27,day,
1523,Drunk by Myself,243640,32,2002-01-01,year,
1524,"Kick, Push II",251693,36,2006-06-27,day,
1525,American Terrorist (feat. Matthew Santos),280520,37,2006-06-27,day,
1526,Pressure (feat. Jay-Z),287040,38,2006-06-27,day,
1527,Hurt Me Soul,262893,46,2006-06-27,day,
1528,Daydreamin' (feat. Jill Scott),234306,62,2006-06-27,day,
1529,Sunshine,235520,44,2006-06-27,day,
1530,He Say She Say (feat. Gemini & Sarah Green),252253,42,2006-06-27,day,
1531,Detroit State of Mind (Remix),192414,10,2011-12-20,day,
1532,Street Dreams,279933,56,1996-07-02,day,
1533,Da Grind (Featuring Apocalypse),207693,44,2004-08-03,day,
1534,G.O.M.D,301064,70,2014-12-09,day,
1535,Paper Hearts (prod. by Dan Freeman),,,,day,
1536,Summertime - feat. Jelly Roll,,,,day,
1537,Bitch You Ain't Shit,185826,28,2015-10-09,day,
1538,Dedicated - feat. Future & Sonyae,,,,day,
1539,Uncle Skit,124213,18,2015-10-09,day,
1540,Straight From The Golden,228425,8,2012-03-16,day,
1541,Informations (feat. Kool Ad),,,,day,
1542,"Hate It Or Love It (G-Unit Remix) (Bonus Track) (Feat. The Game, Tony Yayo, Young Buck)",,,,day,
1543,Rigamortus,168591,62,2011-07-02,day,
1544,Aale Saachu Putta Kannala - From "Vil Ambu",267204,27,2015-07-06,day,
1545,Compton,248093,51,2012-10-22,day,
1546,Real (feat. Anna Wise of Sonnymoon),,,,day,
1547,"Sing About Me, I'm Dying Of Thirst",723573,60,2012-10-22,day,
1548,Swimming Pools (Drank) - Extended Version,313786,68,2012-01-01,year,
1549,m.A.A.d city,350120,66,2012-10-22,day,
1550,good kid,214120,55,2012-01-01,year,
1551,Embrace The Martian,215080,45,2022-07-15,day,
1552,Day ‘n’ Nite,168000,46,2022-07-15,day,
1553,The Prayer,219093,63,2022-07-15,day,
1554,Man On The Moon (The Anthem),207253,40,2022-07-15,day,
1555,D.D.,275493,51,2012-11-13,day,
1556,Big Brother,287560,62,2007-09-11,day,
1557,Homecoming,203493,79,2007-09-11,day,
1558,The Glory,212706,65,2007-09-11,day,
1559,Drunk and Hot Girls,313226,60,2007-09-11,day,
1560,Stronger,311866,81,2007-09-11,day,
1561,Champion,167600,73,2007-09-11,day,
1562,Good Morning,195093,72,2007-09-11,day,
1563,How Bout That Money (feat. Young Dolph),249061,21,2021-08-13,day,
1564,Porchlight,228026,23,2012-01-01,day,
1565,No Vaseline,313546,67,1991-10-29,day,
1566,Black Korea,46773,33,1991-10-29,day,
1567,It's My Ego,226105,55,2024-11-22,day,
1568,Death (feat. Khalid Abdul Muhammad),,,,day,
1569,Southernplayalisticadillacmuzik,317506,52,1994-04-26,day,
1570,Welcome to Atlanta (Interlude),57760,31,1994-04-26,day,
1571,Ain't No Thang,338933,46,1994-04-26,day,
1572,Myintrotoletuknow,160173,37,1994-04-26,day,
1573,Monday's Worst,233960,27,2013-10-15,day,
1574,Return of the "G",289160,47,1998-09-29,day,
1575,Da Art of Storytellin' (Pt. 1),222653,61,1998-09-29,day,
1576,West Savannah,246280,46,1998-09-29,day,
1577,Slump,308733,44,1998-09-29,day,
1578,Synthesizer (feat. George Clinton),311653,43,1998-09-29,day,
1579,Rosa Parks,324373,65,1998-09-29,day,
1580,4th Commandment Broken,192052,41,2014-08-07,day,
1581,Never Catch Me (feat. Kendrick Lamar),,,,day,
1582,Slum Villain (feat. Joey Bada$$),163927,1,2014-08-19,day,
1583,Between Villians (Feat. Viktor Vaughn & Earl Sweatshirt),,,,day,
1584,Sunday's Best,127213,32,2013-10-15,day,
1585,Threatz,190000,38,2013-09-09,day,
1586,CuDi Get,140100,33,2022-07-15,day,
1587,Intro,186813,29,2006-06-27,day,
1588,"Save Me  (Prod. By Caleb Stone, Dream Panther & Pyramidvritra)",,,,day,
1589,Suplexes Inside of Complexes and Duplexes,167437,35,2023-06-23,day,
1590,"My Team, SUPREME (Prod. By Erick Arc Elliott)",,,,day,
1591,"The Imperial (feat. Action Bronson, Royce Da 5' 9"" & Black Thought)",254014,3,2014-08-19,day,
1592,Intro,59265,26,2022-07-15,day,
1593,Cleveland Is The Reason,225586,41,2022-07-15,day,
1594,CuDi Spazzin',186026,31,2022-07-15,day,
1595,Whenever,123560,34,2022-07-15,day,
1596,Mr. Miracle,192492,62,2025-08-18,day,
1597,Outro,733240,26,2006-06-27,day,
1598,Maui Wowie,143466,54,2022-07-15,day,
1599,Pillow Talk,204280,39,2022-07-15,day,
1600,Da Rockwilder,136093,65,1999-01-01,day,
1601,MRAZ (Prod. By Erick Arc Elliott),,,,day,
1602,Murder,232013,13,2014-03-14,day,
1603,Just What I Am,228026,66,2013-04-12,day,
1604,Huzzah,208333,24,2012-01-01,day,
1605,Do I Wanna Know?,272394,87,2013-09-09,day,
1606,I Wanna Be Yours,183956,91,2013-09-09,day,
1607,Knee Socks,257563,75,2013-09-09,day,
1608,Snap Out Of It,193030,79,2013-09-09,day,
1609,Why'd You Only Call Me When You're High?,161123,84,2013-09-09,day,
1610,Fireside,181049,67,2013-09-09,day,
1611,Mad Sounds,215011,63,2013-09-09,day,
1612,No. 1 Party Anthem,243131,87,2013-09-09,day,
1613,I Want It All,185406,64,2013-09-09,day,
1614,Arabella,207356,76,2013-09-09,day,
1615,One For The Road,206051,68,2013-09-09,day,
1616,R U Mine?,201726,81,2013-09-09,day,
1617,SeeSaw,268788,47,2015-06-01,day,
1618,Obvs,231039,50,2015-06-01,day,
1619,The Rest Is Noise,298305,43,2015-06-01,day,
1620,I Gotcha,238680,10,2006-06-27,day,
1621,"Kick, Push",253533,17,2006-06-27,day,
1622,Huzzah,331937,27,2022-08-05,day,
1623,Chonkyfire,371253,41,1998-09-29,day,
1624,T.G.I.F.,142960,33,2022-07-15,day,
1625,Save My Soul (The CuDi Confession),123306,34,2022-07-15,day,
1626,Never Running Again (prod. by CONSTROBUZ),,,,day,
1627,Street Lights,189906,43,2008-11-24,day,
1628,RoboCop,274360,36,2008-11-24,day,
1629,Napoleon (Prod. M16),,,,day,
1630,Sky Might Fall,220906,44,2009-01-01,day,
1631,Nosetalgia (feat. Kendrick Lamar),,,,day,
1632,Numbers On The Boards,163586,52,2013-10-31,day,
1633,"The Last Huzzah! (feat. Despot, Das Racist, Danny Brown & El-P) [Bonus Track]",,,,day,
1634,Home Sweet Home,217026,23,2005-06-17,day,
1635,…eXxx Studio ft. Cokey Briccz & Goldie Glo (prod. by Street Scott) [BONUS],,,,day,
1636,Rock Steady (feat. Action Bronson & RiFF RAFF & Mr MFN eXquire),213478,5,2013-10-07,day,
1637,01 - All Day (Feat. Allan Kingdom & Theophilus London),,,,day,
1638,Ozwald's Moment,,,,day,
1639,Chains ft. Heron (prod. by Georgia Anne Muldrow),,,,day,
1640,Illest Niggaz Breathin' ft. Goldie Glo (prod. by J5atron),,,,day,
1641,Vanilla Rainbows (prod. by Curtis Mayfield),,,,day,
1642,Cherry Raindrops (prod. by CONSTROBUZ),,,,day,
1643,The Cauldron (prod. by KLVN Key-Nyata),,,,day,
1644,Bedtime Story [Prod. Louie Lastic],,,,day,
1645,Bitter Raps  (Prod. By DK The Punisher),,,,day,
1646,I Told You So,,,,day,
1647,Between Villians (Feat. Viktor Vaughn & Earl Sweatshirt),,,,day,
1648,Put It On,217626,64,1995-03-28,day,
1649,Boom Bye Yeah,193666,40,2005-11-22,day,
1650,Beware,195106,55,1998-04-28,day,
1651,Chief Forever,198194,31,2015-06-09,day,
1652,Feel Me Flow,212760,67,1995-01-01,year,
1653,Rose Quartz/Like Crazy,341211,16,2015-04-15,day,
1654,Sleep Sound,232622,43,2015-06-01,day,
1655,Gosh,291018,53,2015-06-01,day,
1656,See You In My Nightmares,258120,35,2008-11-24,day,
1657,Paranoid,277906,43,2008-11-24,day,
1658,Amazing,238333,41,2008-11-24,day,
1659,Welcome To Heartbreak,262933,41,2008-11-24,day,
1660,Ride Or Die,288266,31,1998-11-29,day,
1661,If I Should Die,295333,32,1998-11-29,day,
1662,Hard Knock Life (Ghetto Anthem),238466,65,1998-11-29,day,
1663,Victory Laps,,,,day,
1664,Crosshairs,146853,62,2005-10-17,day,
1665,Ninja Rap,244120,11,2013-09-17,day,
1666,Not That Guy,220715,20,2015-09-25,day,
1667,Walk with Me (feat. Vinnie Paz & Blacastan),,,,day,
1668,Gettin' By,201602,30,2015-09-25,day,
1669,Walk with Me,246691,21,2015-09-25,day,
1670,Still Standin',184657,29,2015-09-25,day,
1671,There's Always Radio,194168,20,2015-09-25,day,
1672,Brass Tacks,184653,28,2015-09-25,day,
1673,Detonate (feat. M.O.P.),,,,day,
1674,What You Were Lookin' For (feat. Oddisee),,,,day,
1675,Put It On Her,171840,31,2015-09-25,day,
1676,Fell In the Sun,227333,37,2015-09-25,day,
1677,Gin and Juice,211866,73,1993-11-23,day,
1678,The Giver,202784,5,2015-08-21,day,
1679,Perception (feat. The Mind),222245,6,2015-08-21,day,
1680,Dr. Bipolar - Instrumental,157912,3,2015-09-30,day,
1681,"This New World (feat. Blu, Montage One & DJ Trackstar)",,,,day,
1682,The Wanderer - Instrumental,180882,3,2015-09-30,day,
1683,"Meanwhile, Back Home (feat. Open Mike Eagle)",,,,day,
1684,Twenty Fifty Three (feat. Mr. Lif),,,,day,
1685,The Green Ray - Instrumental,152695,4,2015-09-30,day,
1686,The Traveler (feat. J-Live),,,,day,
1687,Time? Astonishing! Intro - Instrumental,101796,3,2015-09-30,day,
1688,Mr. Carter,316266,53,2008-01-01,day,
1689,"Chopper (feat. Billy Blue, Buk of Psychodrama, Trouble, Trae Tha Truth, Fam Lay & Glasses Malone)",572546,33,2015-01-20,day,
1690,Winter,91626,26,2015-01-20,day,
1691,No Scratches (feat. Nikki Jean),262026,30,2015-01-20,day,
1692,Little Death (feat. Nikki Jean),269266,36,2015-01-20,day,
1693,Body of Work (feat. Troi & Terrace Martin),353786,33,2015-01-20,day,
1694,Prisoner 1 & 2 (feat. Ayesha Jaco),516000,39,2015-01-20,day,
1695,Fall,73840,29,2015-01-20,day,
1696,Dots & Lines,392400,39,2015-01-20,day,
1697,Blur My Hands (feat. Guy Sebastian),327586,37,2015-01-20,day,
1698,Summer,86986,30,2015-01-20,day,
1699,Phone Home,191666,34,2008-01-01,day,
1700,Dr. Carter,264493,37,2008-01-01,day,
1701,Born to Shine (feat. Run The Jewels),252573,33,2015-09-25,day,
1702,Goldmine Junkie,222400,31,2015-09-25,day,
1703,Widescreen,,,,day,
1704,I Need out of This World (feat. Mindsone),,,,day,
1705,Suspended Animation (feat. MC Paul Barman),,,,day,
1706,The Recipe - Bonus Track,352853,63,2012-10-22,day,
1707,God Gave Me Style,181720,64,2005-03-03,day,
1708,How to Rob a Industry Nigga (feat. Madd Rapper),,,,day,
1709,Lord Pretty Flacko Jodye 2 (LPFJ2),126960,73,2015-05-26,day,
1710,Mamacita,352506,38,1998-09-29,day,
1711,Don't Play (feat. The 1975 & Big Sean),285954,50,2014-08-18,day,
1712,Neva Eva (feat. Barrel Brothers),,,,day,
1713,"Slumber (feat. Saba, Sean Deaux & Donnie Trumpet)",216121,4,2015-08-21,day,
1714,Piano,128770,22,2015-08-21,day,
1715,Over,233560,63,2010-01-01,day,
1716,Stakes Is High,330408,47,1996-07-02,day,
1717,Survival Test,235666,24,2003-01-01,year,
1718,Shutterbugg,215240,26,2010-01-01,day,
1719,Drum Machine (feat. Skrillex),227306,37,2015-09-25,day,
1720,Days I Used to Know - Instrumental,55000,2,2015-09-30,day,
1721,Upwards. To Space! - Instrumental,151022,3,2015-09-30,day,
1722,About Lil One - Commentary,75848,9,2015-07-15,day,
1723,About Groupies - Commentary,73656,9,2015-07-15,day,
1724,About Where Ya At - Commentary,79245,11,2015-07-15,day,
1725,About I Serve the Base - Commentary,101958,13,2015-07-15,day,
1726,About Thought It Was a Drought - Commentary,61343,14,2015-07-15,day,
1727,Intro - Commentary,57934,14,2015-07-15,day,
1728,I'm Good,119046,11,2015-01-20,day,
1729,Yoko,170666,5,2015-01-20,day,
1730,Feel It,220000,8,2015-01-20,day,
1731,The Trip (Feat. Fabienne),,,,day,
1732,All You,202000,8,2015-01-20,day,
1733,4u/Lately,280000,18,2015-01-20,day,
1734,In The Morning,212866,39,2018-05-25,day,
1735,Cruisin,236000,15,2015-01-20,day,
1736,Smells Like Teen Spirit,301920,55,1991-09-26,day,
1737,Planet Shrooms (feat. J.K. the Reaper),,,,day,
1738,Bwoii (Feat. Nell & J.K. The Reaper),,,,day,
1739,Captain Sea Fonk,,,,day,
1740,Underwater,,,,day,
1741,Past the Wudz Intro (feat. Big Rube),,,,day,
1742,Ice Age (feat. Mike Dece),,,,day,
1743,Ronald Reagan Era,216899,55,2011-07-02,day,
1744,Czarface Intro,76293,15,2013-02-19,day,
1745,Hazmat Rap,177506,27,2013-02-19,day,
1746,Poisonous Thoughts (Feat. Mr. MFN eXquire),244173,21,2013-02-19,day,
1747,Cheap Whores & Champagne,211946,1,2012-01-01,day,
1748,(They Long To Be) Close To You - 1991 Remix,220733,25,2004-02-10,day,
1749,First Evergreen (Prod. By Will,,,,day,
1750,Wheel It,233196,24,2025-06-28,day,
1751,32 Ave Intro,114362,33,2015-06-09,day,
1752,Preach,236973,68,2015-02-12,day,
1753,Back To Back,170637,66,2015-07-31,day,
1754,Hotline Bling,267066,80,2016-05-06,day,
1755,0 To 100 / The Catch Up,275226,69,2013-07-14,day,
1756,Ni**as In Paris,219333,16,2011-08-08,day,
1757,Young Black Boy (feat. Jamila Woods),,,,day,
1758,BRB,294626,3,2015-09-04,day,
1759,Stop Play Rewind,288507,16,2015-09-04,day,
1760,Prey For The Poor,229157,5,2015-09-04,day,
1761,Day 'n' Nite,222066,54,2015-05-28,day,
1762,Up Up & Away,227360,49,2009-01-01,day,
1763,It Ain't Hard to Tell,202106,64,1994-04-19,day,
1764,Represent,252600,62,1994-04-19,day,
1765,CLUB BEAT,154276,35,2025-05-30,day,
1766,Lickupon,164426,49,2003-01-01,year,
1767,Vaudeville Villain,151773,53,2003-01-01,year,
1768,Overture,34786,35,2003-01-01,year,
1769,Greenbax (Introlude),48492,31,2015-01-20,day,
1770,Save The Children,215167,38,2015-01-20,day,
1771,Dirty Harry (feat. Bootie Brown),230426,73,2005-05-23,day,
1772,O Green World,275000,62,2005-05-23,day,
1773,Kids with Guns,225773,67,2005-05-23,day,
1774,Last Living Souls,195400,57,2005-05-23,day,
1775,Kool Aid (feat. Rapsody & Sam Trump),,,,day,
1776,Say Goodbye,252969,3,2015-09-04,day,
1777,Mortal Man,727106,56,2015-03-16,day,
1778,Love Yourz,211496,74,2014-12-09,day,
1779,Apparently,292865,68,2014-12-09,day,
1780,Used To,268480,58,2015-02-12,day,
1781,Company,252640,63,2015-02-12,day,
1782,C.R.E.A.M. (Cash Rules Everything Around Me),252026,73,1993-11-09,day,
1783,Player's Ball,261266,57,1994-04-26,day,
1784,The Fool,113146,49,1998-02-20,day,
1785,King of Carrot Flowers Pt. 1,120426,58,1998-02-20,day,
1786,"Scenario (feat. Busta Rhymes, Dinco D & Charlie Brown) - LP Mix",250133,57,1991-09-24,day,
1787,75 Bars (Black's Reconstruction),195880,9,2008-04-29,day,
1788,Behind Closed Doors,191720,31,2019-10-18,day,
1789,Intro,183680,16,2019-10-18,day,
1790,The Message,234093,63,1996-07-02,day,
1791,Album Intro,144573,36,1996-07-02,day,
1792,Hannah Montana (Trap Symphony Mix),,,,day,
1793,One Time (Trap Symphony Mix),,,,day,
1794,Trouble on My Mind,212506,58,2011-11-08,day,
1795,Day 'N' Nite (nightmare) - Original Clean,221226,36,2009-01-01,day,
1796,P.I.M.P.,249480,78,2003-02-06,day,
1797,Big City,181493,23,2004-08-03,day,
1798,Intro,67133,49,2005-05-23,day,
1799,Mince Meat,152933,45,2005-10-17,day,
1800,El Chupa Nibre,156253,52,2005-10-17,day,
1801,Camay (feat. Raekwon & Cappadonna),271933,33,1996-01-01,year,
1802,Fish (feat. Raekwon & Cappadonna),230466,40,1996-01-01,year,
1803,Winter Warz,310573,45,1996-01-01,day,
1804,Verbal Intercourse (feat. Ghostface Killah & Nas),211840,47,1995-01-01,year,
1805,Rainy Dayz (feat. Ghostface Killah & Blue Raspberry),362760,42,1995-01-01,year,
1806,Incarcerated Scarfaces,282666,49,1995-01-01,year,
1807,Criminology (feat. Ghostface Killah),227106,49,1995-01-01,year,
1808,Knowledge God,264533,43,1995-01-01,year,
1809,Knuckleheadz (feat. Ghostface Killah & U-God),243093,44,1995-01-01,year,
1810,Striving for Perfection,104133,37,1995-01-01,year,
1811,Secrets Safe Local Celebrity Freestyle,364956,5,2015-04-15,day,
1812,The Downtown Cliche,238576,6,2015-04-15,day,
1813,Switch,179670,11,2015-04-15,day,
1814,Feel Something,231706,14,2015-04-15,day,
1815,Won't Do,232413,0,2006-10-16,day,
1816,Intro/ 50 Cent / The Massacre,41333,39,2005-03-03,day,
1817,Wake Up Mr. West,41066,34,2005-01-01,day,
1818,Just A Lil Bit,237706,79,2005-03-03,day,
1819,Disco Inferno,214226,74,2005-03-03,day,
1820,Candy Shop,209106,80,2005-03-03,day,
1821,Gatman and Robbin (feat. Eminem),,,,day,
1822,A Day in the Life of Denzel Curry Pt. 2,,,,day,
1823,N64,,,,day,
1824,Mystical Virus Pt. 3:The Scream (Feat. Lil Ugly Mane & Mike G),,,,day,
1825,Dark & Violent (feat. J.K. The Rapper & Nell),,,,day,
1826,Parents,,,,day,
1827,Numb  (Prod. By Sweetestlove),,,,day,
1828,Let Me Rap,181620,23,2014-06-24,day,
1829,8 Ball - Remix,292779,45,1988-08-08,day,
1830,Hallelujah,182453,57,2012-01-01,day,
1831,Goodbye Lisa,60226,14,2005-02-15,day,
1832,Don't Understand,236733,23,2005-02-15,day,
1833,If It Ain't Ruff,214333,50,1988-08-08,day,
1834,"IT G MA REMIX (feat. A$AP Ferg, Father, Dumbfoundead, Waka Flocka Flame)",300000,43,2015-07-27,day,
1835,"4,5,6",200226,27,1995-09-05,day,
1836,Compton's N The House - Remix,320574,43,1988-08-08,day,
1837,100 Miles And Runnin',275626,47,1996-07-02,day,
1838,A Bitch Iz A Bitch,190600,55,1989-03-27,day,
1839,Straight Outta Compton - Extended Mix / Edit,266193,50,1996-07-02,day,
1840,Bonus Beats,183093,32,1989-03-27,day,
1841,Something 2 Dance 2,203755,40,1988-08-08,day,
1842,Quiet On Tha Set,239704,51,1988-08-08,day,
1843,Dope Man,378373,55,1987-01-01,day,
1844,I Ain't Tha 1,294944,42,1988-08-08,day,
1845,A B***** Is A B***** - Edited,,,,day,
1846,Bonus Beats - 2002 Digital Remaster,,,,day,
1847,Express Yourself - Extended Mix,282666,37,1989-03-27,day,
1848,Something 2 Dance 2 - Edited;2000 Digital Remaster,,,,day,
1849,Quiet On Tha Set - Edited;2000 Digital Remaster,,,,day,
1850,Arrested (Insert),57026,34,1996-07-02,day,
1851,I Ain't Tha 1 - Edited;2000 Digital Remaster,,,,day,
1852,Compton's N The House - Edited,,,,day,
1853,Something Like That - Edited;2000 Digital Remaster,,,,day,
1854,8 Ball - Remix / Remastered/2000,272733,24,1988-01-01,year,
1855,Parental Discretion Iz Advised - Edited;2000 Digital Remaster,,,,day,
1856,If It Ain't Ruff - Edited,,,,day,
1857,Gangsta Gangsta - Edited,,,,day,
1858,Straight Outta Compton - Edited,,,,day,
1859,Dopeman - Remix,320172,47,1988-08-08,day,
1860,Express Yourself,265101,60,1988-08-08,day,
1861,Something Like That,215923,41,1988-08-08,day,
1862,Straight Outta Compton,258687,70,1988-08-08,day,
1863,24's,261506,55,2003-08-18,day,
1864,Let's Get Away,278720,46,2003-08-18,day,
1865,Doin' My Job,253253,40,2003-08-18,day,
1866,No More Talk,233453,29,2003-08-18,day,
1867,Long Live Da Game,134226,23,2003-08-18,day,
1868,Be Better Than Me,300320,24,2003-08-18,day,
1869,Touchdown,282600,50,2007-06-11,day,
1870,Drones over Bklyn,349760,25,2012-01-01,year,
1871,Works Every Time (feat. Paul Banks),215640,23,2012-01-01,year,
1872,The Full Retard,219813,38,2012-01-01,year,
1873,Pause 4 Porno - Album Version (Edited),83453,13,1999-11-16,day,
1874,"Some L.A. Niggaz (Feat. DeFari, Xzibit, Knoc-Turn'al, Time Bomb, King T, MC Ren & Kokane)",,,,day,
1875,Ed-Ucation (Skit) (Feat. Eddie Griffin),,,,day,
1876,Murder Ink (feat. Hittman & Ms. Roq),,,,day,
1877,The Car Bomb (Skit) (Feat. Mel-Man & Charis Henry),,,,day,
1878,Bitches Ain't Shit,288800,53,1992-12-15,day,
1879,"Let's Get High (feat. Hittman, Kurupt & Ms. Roq)",,,,day,
1880,Forgot About Dre (feat. Eminem),,,,day,
1881,Light Speed - Instrumental,160360,28,1999-11-17,day,
1882,"Bar One (Skit) (feat. Traci Nelson, Ms. Roq & Eddie Griffin)",,,,day,
1883,What's The Difference,244200,75,1999-11-16,day,
1884,"Xxplosive (feat. Hittman, Kurupt, Nate Dogg & Six-Two)",,,,day,
1885,The Message (feat. Mary J. Blige & Rell),,,,day,
1886,Bang Bang (Feat. Knoc-Turn'al & Hittman),,,,day,
1887,Ackrite (feat. Hittman),,,,day,
1888,Some L.A. Niggaz,265213,49,1999-11-16,day,
1889,Binoculars,180200,30,2012-05-22,day,
1890,Battle Axe (feat. Mu),,,,day,
1891,Frozen (Feat. Kool G. Rap),,,,day,
1892,Gas Mask,201613,32,2012-05-22,day,
1893,Tha Shiznit,280613,58,1993-11-23,day,
1894,Unorthodox [Prod. By DJ Premier] (Bonus),,,,day,
1895,Da God,184933,23,2007-01-30,day,
1896,Violent,214200,24,2007-01-30,day,
1897,Stop,99026,0,2006-02-07,day,
1898,Cardiac,228026,18,2007-01-30,day,
1899,P-BODY feat.Rock (of Heltah Skeltah),,,,day,
1900,Like You,208266,22,2007-01-30,day,
1901,Intro (Jesus Price) - Instrumental,104034,16,2020-09-18,day,
1902,room for 1zone,,,,day,
1903,Stoned at the MOMA,,,,day,
1904,Cinema (Feat. Justice Kareem),,,,day,
1905,Path Of Destruction,,,,day,
1906,Firehouse (Feat. Ka),,,,day,
1907,Columbian Ties (Feat. True Master),,,,day,
1908,Paper Plate,168400,46,2013-05-14,day,
1909,Naked,,,,day,
1910,#LongLiveSteelo [Prod. By Kirk Knight],,,,day,
1911,Down On My Luck,209472,40,2014-01-01,day,
1912,Electric Body,,,,day,
1913,Don't Like.1,283653,58,2012-01-01,day,
1914,"In The Wind (feat. Joey Bada$$, Big K.R.I.T. & Chauncy Sherod)",241260,2,2015-07-07,day,
1915,Oh My God (feat. Busta Rhymes),208840,54,1993-11-09,day,
1916,Comin' Thru,209880,57,2009-06-23,day,
1917,Queens,210893,27,2019-10-18,day,
1918,Maintain,257306,18,1994-08-16,day,
1919,Stray Bullet,221826,23,1994-08-16,day,
1920,Keep It Koming,235733,17,1994-08-16,day,
1921,3-2-1,203840,19,1994-08-16,day,
1922,Bring It On,194560,28,1994-08-16,day,
1923,I Got Cha Opin,255200,36,1993-10-19,day,
1924,Powaful Impak!,251440,30,1993-10-19,day,
1925,Surviving the Times,283800,40,2007-11-06,day,
1926,Rhinestone Cowboy,239826,51,2004-03-24,day,
1927,Great Day,136920,51,2004-03-24,day,
1928,Hold Tight,192626,31,2009-01-26,day,
1929,Once Upon a Time,319972,19,2010-10-12,day,
1930,CB4,225639,21,2009-01-26,day,
1931,Raise It Up,267492,25,2009-01-26,day,
1932,Losers,281146,58,2015-08-28,day,
1933,100 (feat. Drake),,,,day,
1934,I Need A Doctor,283733,69,2011-02-01,day,
1935,Drop Bombs,93200,19,1994-08-16,day,
1936,Black Sunday,191200,22,1994-08-16,day,
1937,Thirteen,232240,22,1994-08-16,day,
1938,The Extinction Agenda,237000,27,1994-08-16,day,
1939,Stress,240400,30,1994-08-16,day,
1940,Intro,121200,18,1994-08-16,day,
1941,Take 'Em To War feat. B-1 & MF Grimm,,,,day,
1942,It's a Shame,242573,34,1995-09-05,day,
1943,Intro,62266,16,1995-09-05,day,
1944,It's A Shame (Soul Remix) (Prod. By Prince Markie Dee & Mark C. Rooney),,,,day,
1945,Fast Life (Vinyl Reanimators Remix) (feat. Nas),,,,day,
1946,Money On My Brain feat. B-1 & MF Grimm,,,,day,
1947,It's a Shame (Da Butcher's mix),,,,day,
1948,Ghetto Knows,267866,26,1995-09-05,day,
1949,Fast Life feat. Nas,295946,22,2007-06-12,day,
1950,Blowin' Up In The World,264026,35,1995-09-05,day,
1951,For Da Brothaz,225240,42,1995-09-05,day,
1952,Executioner Style,245466,25,1995-09-05,day,
1953,Schemes,381934,4,2015-12-11,day,
1954,Pyramid,147091,4,2015-12-11,day,
1955,Kings,172445,4,2015-12-11,day,
1956,Out of My Head (feat. Trey Songz),204013,46,2011-03-04,day,
1957,Valleys,336337,7,2015-12-11,day,
1958,All Caps,130479,70,2004-03-24,day,
1959,Dark Comedy Late Show,315120,30,2015-02-03,day,
1960,Augmentation,209188,23,2015-03-24,day,
1961,Requiem (feat. Oddisee & Phonte),,,,day,
1962,A List of Withouts,256243,22,2015-04-28,day,
1963,Belong to the World,266720,26,2015-04-28,day,
1964,First Choice,227919,28,2015-04-28,day,
1965,Counter-Clockwise,236441,24,2015-04-28,day,
1966,Contradiction's Maze (feat. Maimouna Youseff),,,,day,
1967,War Drums,340645,4,2013-09-17,day,
1968,Sparring Session,255157,7,2013-09-17,day,
1969,Straight Music,129991,11,2012-10-30,day,
1970,Title Track,150360,5,2012-10-30,day,
1971,STFU Part 2,178258,7,2012-10-30,day,
1972,Pyrex,154807,7,2012-10-30,day,
1973,Bar-Barian,129597,14,2012-10-30,day,
1974,One,111866,30,2007-01-30,day,
1975,King Kong,140000,0,2012-02-21,day,
1976,Church,235333,16,2007-01-30,day,
1977,Oops Upside Your Head Featuring Steele (of Smif N Wessun),,,,day,
1978,Sucker,163120,36,2015-02-09,day,
1979,Divine [Prod. Louie Lastic],,,,day,
1980,Planet Paradise [Prod. Louie Lastic],,,,day,
1981,Meditation (feat. Jazmine Sullivan & KAYTRANADA),258784,51,2017-03-24,day,
1982,Didn't Wanna Do That,164066,29,2013-08-19,day,
1983,Dump Dump,214826,40,2013-08-19,day,
1984,4:02,215266,24,2013-08-19,day,
1985,Chaz  Interlude ft. Toro Y Moi,,,,day,
1986,Valerie,286680,56,2012-11-13,day,
1987,Gone,486773,44,2012-11-13,day,
1988,All Day,310906,58,2015-03-02,day,
1989,"Assassination Day (feat. Raekwon, RZA & Masta Killa)",,,,day,
1990,260 (feat. Raekwon),166840,35,1996-01-01,year,
1991,Ghost Deini (feat. Superb) (feat. Superb),243840,15,2000-02-08,day,
1992,Mighty Healthy,201693,46,2000-02-08,day,
1993,Iron's Theme (Conclusion),118426,27,2000-02-08,day,
1994,"Leflaur Leflah Eshkoshka (feat. Heltah Skeltah, O.G.C. As The Fab 5)",,,,day,
1995,Gettin Ass Gettin Ass,75573,12,1996-01-01,day,
1996,Da Wiggy (feat. Da Rockness Monstas),,,,day,
1997,Call Of The Wild,266773,26,1998-01-01,day,
1998,Soldiers Gone Psyco,220160,33,1996-01-01,day,
1999,Place To Be,165840,26,1996-01-01,day,
2000,Therapy (feat. Vinia Mojica),,,,day,
2001,"Clan's, Posse's, Crew's & Click's",,,,day,
2002,Grate Unknown,258066,15,1996-01-01,day,
2003,Who Dat ?,103466,21,1996-01-01,day,
2004,Undastand,255866,36,1996-01-01,day,
2005,Letha Brainz Blo,259666,36,1996-01-01,day,
2006,Return of The Crooklyn Dodgers,304840,42,1995-08-29,day,
2007,This Is What It Sounds Like (Worldwind),279666,32,2005-11-15,day,
2008,U DA MAN,279586,4,2007-09-25,day,
2009,Method Man,350640,60,1993-11-09,day,
2010,C.R.E.A.M.,220013,35,1994-01-31,day,
2011,Clan In Da Front,273240,52,1993-11-09,day,
2012,Shame On a Nigga,177226,60,1993-11-09,day,
2013,Bring Da Ruckus,251266,59,1993-11-09,day,
2014,Poisonous Darts (feat. Raekwon),,,,day,
2015,The Faster Blade (feat. Raekwon),148026,36,1996-01-01,year,
2016,Wildflower (Feat. Jamie Sommer),,,,day,
2017,Daytona 500 (feat. Raekwon & Cappadonna),280306,39,1996-01-01,year,
2018,Can't Feel My Face - Martin Garrix Remix,252933,50,2015-11-06,day,
2019,Pain (feat. Future),,,,day,
2020,KOTMS II INTRO (with Kingpin Skinny Pimp),31706,38,2024-07-19,day,
2021,Relegation Riddim,279891,37,2015-03-27,day,
2022,M.E.N,240362,54,2015-07-24,day,
2023,DRIVE ME CRAZY,242876,29,2015-01-27,day,
2024,Set Me Free (Feel My Pain),233386,38,2013-04-01,day,
2025,SuperLove,193163,42,2013-12-06,day,
2026,No Words - Skit,96000,22,2015-07-24,day,
2027,DO BETTER,231888,59,2022-12-16,day,
2028,You Can't Dance,217240,19,1985-11-18,day,
2029,I Can't Live Without My Radio,327400,40,1985-11-18,day,
2030,Nah Mean,,,,day,
2031,As We Enter,147906,51,2010-05-18,day,
2032,OMG,231520,30,2017-07-28,day,
2033,50 Shots,238148,20,2015-08-21,day,
2034,Who Ya Rollin Wit,266746,19,2004-01-01,day,
2035,Hip Hop Is Dead,225560,47,2007-01-23,day,
2036,Look Thru My Eyes,230426,49,1998-05-01,day,
2037,Rule (feat. Amerie),272200,45,2001-12-18,day,
2038,The Flyest (feat. AZ),278040,41,2001-12-18,day,
2039,Destroy & Rebuild,324266,36,2001-12-18,day,
2040,2nd Childhood,231493,44,2001-12-18,day,
2041,One Mic,268666,50,2001-12-18,day,
2042,Ether,277706,56,2001-12-18,day,
2043,Stillmatic (The Intro),131226,40,2001-12-18,day,
2044,Exhibit C,331440,51,2009-12-22,day,
2045,Start,45640,55,2012-07-10,day,
2046,Miracle,,,,day,
2047,The Great (Czar Guitar),145356,27,2015-06-16,day,
2048,Galvanize,393813,66,2005-01-01,day,
2049,Go,260696,61,2015-07-17,day,
2050,The Hidden Hand,184853,5,2015-08-07,day,
2051,Hazardous Materials,208400,6,2015-08-07,day,
2052,Noon Chuckas,204213,10,2015-08-07,day,
2053,The Scrapyards,169346,6,2015-08-07,day,
2054,Gluttony (feat. Your Old Droog and Fashawn),,,,day,
2055,Better Things,186960,10,2015-08-07,day,
2056,The Man with the Horn,165560,10,2015-08-07,day,
2057,Flamethrowers Pt. 2,180066,9,2015-08-07,day,
2058,Sheet Music (feat. Havoc and Sean Price),,,,day,
2059,Reversals,190346,9,2015-08-07,day,
2060,The Filth (Intro),54933,5,2015-08-07,day,
2061,One More Chance - 2005 Remaster,283026,52,1994-09-13,day,
2062,"Shabba REMIX (feat. Shabba Ranks, Busta Rhymes & Migos)",296613,37,2013-11-22,day,
2063,Doe-Active,205786,28,2014-11-17,day,
2064,Do It To Ya,265649,17,2014-03-18,day,
2065,Meet The Flockers (feat. Tee Cee),,,,day,
2066,I'm a Real 1,168333,60,2013-01-02,day,
2067,I Just Wanna Party (feat. ScHoolboy Q & Jay Rock),,,,day,
2068,See You in Hell,351738,24,2015-04-15,day,
2069,New to Me,247353,6,2015-04-15,day,
2070,Yap Yap,,,,day,
2071,Fear & Doubt (Ft. Kenna & Joey Purp),,,,day,
2072,Wings,242560,24,2017-07-28,day,
2073,Can't tell (ft T.I. & Boosie Badazz),,,,day,
2074,Constantly Hating (ft Birdman),,,,day,
2075,Come Clean - E New Y Radio,297040,44,1994-05-24,day,
2076,My Mind Spray,225160,31,1994-05-24,day,
2077,Ain't The Devil Happy,224373,39,1994-05-24,day,
2078,Perverted Monks In Tha House (Theme),62026,21,1994-05-24,day,
2079,You Can't Stop The Prophet,234733,44,1994-05-24,day,
2080,Da Bichez,232306,43,1994-05-24,day,
2081,Mental Stamina,141266,35,1994-05-24,day,
2082,Perverted Monks In Tha House,73293,22,1994-05-24,day,
2083,Brooklyn Took It,203466,26,1994-05-24,day,
2084,D. Original,215706,36,1994-05-24,day,
2085,Intro / Life,50200,20,1994-05-24,day,
2086,Make Munne,264973,25,1993-10-19,day,
2087,Son Get Wrec,208840,23,1993-10-19,day,
2088,Black Smif-n-Wessun,261106,30,1993-10-19,day,
2089,Buck Em Down,279106,39,1993-10-19,day,
2090,Ack Like U Want It,297080,28,1993-10-19,day,
2091,Who Got The Props - MW Smooth Mix,281906,12,2009-06-22,day,
2092,Niguz Talk Shit,258973,27,1993-10-19,day,
2093,Fuck Wit Dre Day (And Everybody's Celebratin'),291053,64,1992-12-15,day,
2094,The Chronic (Intro),117093,47,1992-12-15,day,
2095,I Don't Like (Remix),279040,61,2013-10-22,day,
2096,The Champ,249306,42,2006-01-01,day,
2097,Kilo (Feat. Raekwon),,,,day,
2098,Shakey Dog,224533,33,2006-01-01,day,
2099,Just To Get A Rep,187760,26,1999-07-13,day,
2100,Above The Clouds,225306,26,1999-07-13,day,
2101,The Militia - Remix,218133,35,1999-07-13,day,
2102,I'm The Man,244266,39,1992-05-05,day,
2103,Soliloquy Of Chaos,194200,17,1999-07-13,day,
2104,DWYCK,243266,49,1994-03-08,day,
2105,"Like I Never Left (feat. Diddy, Ludacris, Pharrell, Pusha T & Casino)",1549965,38,2015-07-17,day,
2106,Never Gon Lose,187034,54,2015-03-21,day,
2108,Marvins Room,347226,77,2011-11-15,day,
2109,Crew Love,208813,71,2011-11-15,day,
2110,I Be U,232666,39,2014-04-22,day,
2111,Never Satisfied (feat. Drake),115640,44,2014-04-22,day,
2112,I Won (feat. Kanye West),239733,56,2014-04-22,day,
2113,Honest,200493,54,2014-04-22,day,
2114,My Momma (feat. Wiz Khalifa),220693,32,2014-04-22,day,
2115,"Move That Dope (feat. Pharrell, Pusha T & Casino)",340480,55,2014-04-22,day,
2116,56 Nights,227248,61,2015-03-21,day,
2117,Trap N*ggas,174573,15,2015-07-17,day,
2118,March Madness,244511,67,2015-03-21,day,
2119,No Compadre,217581,41,2015-03-21,day,
2120,Now,161488,38,2015-03-21,day,
2121,Diamonds in Africa,,,,day,
2122,Purple Coming In,262973,8,2015-07-17,day,
2123,Forever Eva,216186,40,2015-01-15,day,
2124,Where I Came From,160240,43,2015-01-15,day,
2125,Just Like Bruddas,230546,40,2015-01-15,day,
2126,Peacoat,181320,44,2015-01-15,day,
2127,No Basic,186853,40,2015-01-15,day,
2128,Aintchu (feat. Juvenile),167000,36,2015-01-15,day,
2129,Lay Up,167573,55,2015-01-15,day,
2130,Oooooh (feat. Young Scooter),189066,39,2015-01-15,day,
2131,White Dress,,,,day,
2132,Blue Suede,218040,48,2014-09-23,day,
2133,Limos,212360,44,2014-09-23,day,
2134,Like Me (feat. BJ the Chicago Kid),,,,day,
2135,Daily Routine,177959,49,2012-06-12,day,
2136,Waves,211630,60,2012-06-12,day,
2137,That's Not Me,185967,66,2016-05-06,day,
2138,Nobody Made Me,183573,20,2011-01-01,year,
2139,Eskimo - Interlude,56800,25,2004-04-05,day,
2140,Wot Do U Call It?,199560,41,2004-04-05,day,
2141,Fight Night,216247,65,2014-02-25,day,
2142,Handsome And Wealthy,210556,65,2014-02-25,day,
2143,One Time,281173,40,2015-07-31,day,
2144,Migos Origin,219266,30,2015-07-31,day,
2145,Dab Daddy,201826,26,2015-07-31,day,
2146,Memoirs,193853,25,2015-07-31,day,
2147,Overnight Celebrity (feat. Miri Ben-Ari),233360,69,2004-01-27,day,
2148,Adrenaline Rush,223466,52,1997-01-01,year,
2149,"Fake Neptune (feat. Buckshot, Steele, and Louieville)",,,,day,
2150,Boom Clap,169866,57,2014-10-17,day,
2151,Gold Coins,182306,28,2015-02-09,day,
2152,Breaking Up,137746,32,2015-02-09,day,
2153,London Queen,171346,33,2015-02-09,day,
2154,Break the Rules,203907,59,2015-02-09,day,
2155,Shit Iz Real - Buckshot's New Vocal Version,138773,5,2014-04-08,day,
2156,U Da Man,264266,25,1993-10-19,day,
2157,How Many MC's...,220040,42,1993-10-19,day,
2158,Enta Da Stage,172106,32,1993-10-19,day,
2159,Slave,163773,28,1993-10-19,day,
2160,Tammy's Song (Her Evils),161670,51,2011-07-02,day,
2161,Sunshine (feat. Anthony Hamilton),226013,55,2004-01-27,day,
2162,Get It Wet,242960,45,1997-01-01,year,
2163,This Could Be Us,206306,77,2015-01-06,day,
2164,Be Real (feat. DeJ Loaf) - PrRob x DJ Mad Future House Remix,196695,19,2015-07-17,day,
2165,Get Your Walk On,219840,53,2000-04-02,day,
2166,My Name (feat. Eminem & Nate Dogg),272506,57,2002-08-13,day,
2167,"Alkaholik (feat. Erik Sermon, J Ro & Tash)",219160,54,2000-04-02,day,
2168,X,255546,48,2009-07-23,day,
2169,Bitch Please,235346,0,2025-08-22,day,
2170,Slow Jamz (feat. Kanye West & Jamie Foxx),212146,62,2004-01-27,day,
2171,Aquafina,250960,21,2015-05-19,day,
2172,Lumberjack Match,166388,30,2015-06-16,day,
2173,Benz,,,,day,
2174,Faneto,206654,71,2015-06-16,day,
2175,Semi on Em,170685,60,2015-12-11,day,
2176,Badmon,,,,day,
2177,Ab-Souls Outro (feat. Ab-Soul),350001,48,2011-07-02,day,
2178,Blow My High (Members Only),215791,61,2011-07-02,day,
2179,"Bitch, Don’t Kill My Vibe",310720,65,2012-10-22,day,
2180,6PM In New York - Bonus Track,,,,day,
2181,Black Lip Bastard (Rmx) (feat. Black Hippy),348783,41,2012-05-11,day,
2182,I Just Wanna,317845,39,2015-08-04,day,
2183,Superheroes,241946,46,2015-08-04,day,
2184,Unstoppable,204705,25,2015-08-04,day,
2185,What A Feeling,209800,21,2015-07-31,day,
2186,Handsome & Wealthy (Trap Symphony Mix),,,,day,
2187,Revs Boogie - Blackout Session,204000,25,2025-07-10,day,
2188,Do It Like We  (Prod. By Caleb Stone & Alexander Spit),,,,day,
2189,P's & Q's,153039,31,2015-08-21,day,
2190,"Beats, Rhymes & Life",269010,20,2013-09-17,day,
2191,Onion Head,181000,40,2005-11-22,day,
2192,One Two Yall,211933,22,2005-11-22,day,
2193,Bag of Shit (feat. Loudmouf Choir),170914,13,2013-12-17,day,
2194,Peep My Words,151333,31,2005-11-22,day,
2195,Heartburn,242666,31,2005-11-22,day,
2196,Murdah Type Thinkin (feat. Roc Marciano),274939,13,2013-12-17,day,
2197,Thank Me Now,328573,44,2010-01-01,day,
2198,Find Your Love,208946,61,2010-01-01,day,
2199,Up All Night,234333,59,2010-01-01,day,
2200,Show Me A Good Time,210360,48,2010-01-01,day,
2201,The Resistance,225360,61,2010-01-01,day,
2202,Karaoke,227973,48,2010-01-01,day,
2203,Fireworks,313266,59,2010-01-01,day,
2204,Ramona Park Legend Pt. 1,36280,29,2015-06-30,day,
2205,Chicago,364613,60,2005-07-05,day,
2206,"Decatur, or, Round of Applause for Your Step-Mother!",183906,42,2005-07-05,day,
2207,"A short reprise for Mary Todd, who went insane, but for very good reasons",47640,40,2005-07-05,day,
2208,Jacksonville,324720,44,2005-07-05,day,
2209,"John Wayne Gacy, Jr.",199920,48,2005-07-05,day,
2210,Come On! Feel the Illinoise! Part I: The World's Columbian Exposition Part II: Carl Sandburg Visits Me In A Dream,405626,46,2005-07-05,day,
2211,"The Black Hawk War, or, How to Demolish an Entire Civilization and Still Feel Good About Yourself in the Morning, or, We Apologize for the Inconvenience But You're Going to Have to Leave Now, or...",,,,day,
2212,"Concerning the UFO sighting near Highland, Illinois",128985,48,2005-07-05,day,
2213,Ziggy Starfish (Anxiety Raps),175356,39,2015-02-03,day,
2214,Stay Still Awake (Up Before Ayybody),114779,13,2015-02-03,day,
2215,Trickeration,228848,17,2015-02-03,day,
2216,Raps for When It's Just You and the Abyss,250286,15,2015-02-03,day,
2217,Split Pants in Detroit (Or Hyrule),80457,19,2015-02-03,day,
2218,Void (feat. Leonardo Safari & Fortebowie),,,,day,
2219,Smoke 2049,,,,day,
2220,Funky Ride,390533,38,1994-04-26,day,
2221,Claimin' True,283760,35,1994-04-26,day,
2222,Int'l Players Anthem (I Choose You) (feat. Outkast),258986,47,2014-03-14,day,
2223,Immaculation ft. Azizi Gibson and Jeremiah Jae,,,,day,
2224,Drive Thru (Prod. SAMIYAM),,,,day,
2225,Gone Fishing Ft. Jeremiah Jae (Prod. Flying Lotus),,,,day,
2226,Hovercrafts and Cows (Prod. Flying Lotus),,,,day,
2227,The Killing Joke (Prod. Flying Lotus),,,,day,
2228,Gloe (Prod. Jeremiah Jae),,,,day,
2229,Jalapenos (Prod. Jeremiah Jae),,,,day,
2230,Children of the Atom (Prod. Madlib and Flying Lotus),,,,day,
2231,Be Real (feat. DeJ Loaf),206720,59,2015-03-04,day,
2232,Final Boss,274853,23,2015-01-27,day,
2233,Down On My Luck - Zoo Station Remix,312380,7,2014-07-27,day,
2234,Think About It,194613,34,2008-04-22,day,
2235,Hiphopopotamus vs. Rhymenoceros [feat. Rhymenoceros and the Hiphopopotamus],,,,day,
2236,Inner City Pressure,207160,35,2008-04-22,day,
2237,Foux du Fafa,166417,40,2008-04-22,day,
2238,Hush,155882,3,2012-10-30,day,
2239,The Genesis of the Omega,120620,7,2012-10-30,day,
2240,The Hardest Nigga Out,167648,3,2020-09-18,day,
2241,Battering Bars (feat. Pumpkin Head),172698,4,2012-10-30,day,
2242,By The Way (feat. Torae),144474,3,2012-10-30,day,
2243,Bully Rap (feat. Realm Reality),225901,7,2012-10-30,day,
2244,Frankenberry (feat. Buckshot),140688,4,2012-10-30,day,
2245,"Solomon Grundy (feat. Ike Eyes, Ill Bill)",228147,4,2012-10-30,day,
2246,Body (feat. Nemzzz) - UK Remix,168000,53,2024-09-06,day,
2247,Canal St.,,,,day,
2248,Holy Ghost,,,,day,
2249,I Still Luv You,298213,28,2003-08-18,day,
2250,Look What I Got,185613,33,2003-08-18,day,
2251,W.K.Y.A.,,,,day,
2252,Ms. Fat Booty 2,208653,31,2002-01-01,day,
2253,Makin' It Blend,234866,23,2002-01-01,day,
2254,Oh No,239933,52,2002-01-01,day,
2255,"Upper Echelon ft. T.I., 2 Chainz",,,,day,
2256,Serial Killa,213000,51,1993-11-23,day,
2257,Lodi Dodi,301386,53,1993-11-23,day,
2258,G Funk Intro,144106,51,1993-11-23,day,
2259,What They Do,357200,61,1996-09-24,day,
2260,The Next Movement,250200,51,1999-02-23,day,
2261,Dun,76933,23,2011-12-02,day,
2262,Finality (4th Movement),91360,20,2011-12-02,day,
2263,Will To Power (3rd Movement),63813,19,2011-12-02,day,
2264,Possibility (2nd Movement),55266,22,2011-12-02,day,
2265,Redford (For Yia-Yia & Pappou),111960,29,2011-12-02,day,
2266,Tip The Scale,257693,28,2011-12-02,day,
2267,I Remember,194933,28,2011-12-02,day,
2268,The OtherSide,243120,38,2011-12-02,day,
2269,One Time,235706,30,2011-12-02,day,
2270,Make My,267373,34,2011-12-02,day,
2271,Sleep,135626,31,2011-12-02,day,
2272,Hip Hop,196440,54,1999-10-12,day,
2273,i,274192,88,2024-05-04,day,
2274,Poetic Justice,300160,67,2012-01-01,year,
2275,Auditorium,,,,day,
2276,I Still Love You,196210,23,2021-02-19,day,
2277,Rubber Band Man,347506,53,2003-08-18,day,
2278,No More Talk,422744,18,2016-11-04,day,
2279,Trap Muzik,240186,28,2003-08-18,day,
2280,I Can't Quit,220066,34,1999-01-14,day,
2281,Notorious Thugs - 2014 Remaster,366880,69,1997-03-04,day,
2282,Mode,181280,35,2015-07-24,day,
2283,Alone (feat. Joey Bada$$),211428,1,2015-07-07,day,
2284,How You Feel (feat. Mick Jenkins),152000,0,2015-07-07,day,
2285,How I Move (feat. Eric Blakk Soul Keith),,,,day,
2286,Promise Land,189871,17,2015-03-24,day,
2287,Stop (feat. Steve Roxx),,,,day,
2288,We Be Runnin' This,163733,0,2013-09-17,day,
2289,The Genie,162977,4,2013-09-17,day,
2290,Boat To Sail,211000,41,1976-01-01,day,
2291,Stakes (“Supervillain Theme” demo),76136,38,2025-01-31,day,
2292,America's Most Blunted (feat. Quasimoto),234040,52,2004-03-24,day,
2293,Lucile,,,,day,
2294,Solo Dojo,,,,day,
2295,Mexican Coke (prod. Knox Fortune),,,,day,
2296,Chicken Talk,,,,day,
2297,Adios,,,,day,
2298,Developers,,,,day,
2299,Marijuana Smoker,,,,day,
2300,RMS/Launch,,,,day,
2301,Hip-Hop (Interlude) [Prod. Teklun],,,,day,
2302,Ricky,247026,32,2011-01-01,day,
2303,Throw Away (Prod By Nard B),,,,day,
2304,F ck Up Some Commas (Prod By DJ Spinz / Southside),,,,day,
2305,The Intro,60240,10,2015-05-12,day,
2306,Lemonade,246013,46,2009-12-07,day,
2307,Freq Freq (feat. Kooley High),276129,10,2013-09-17,day,
2308,Continue?,181168,7,2013-09-17,day,
2309,Solar Heat,262758,5,2013-09-17,day,
2310,He Say She Say,265714,2,2013-09-17,day,
2311,Fresh Ta Def,157333,22,2013-09-17,day,
2312,Unlimited Bounce,254916,2,2013-09-17,day,
2313,Eve,200848,1,2013-09-17,day,
2314,Nuclear Reaction,255447,1,2013-09-17,day,
2315,Ain't Playin',265894,2,2013-09-17,day,
2316,Pipe It Up,206266,45,2015-07-31,day,
2317,Wishy Washy,300745,40,2014-11-10,day,
2318,Versace,195474,42,2013-07-09,day,
2319,Versace (Remix),246047,54,2015-01-06,day,
2320,Freak No More,207682,51,2014-02-25,day,
2321,Eyes Wide Open (feat. Ras Kass),,,,day,
2322,Promise Land (Apollo Brown Remix),196768,11,2015-03-24,day,
2323,Augmentation (L'Orange Remix),179263,5,2015-03-24,day,
2324,"Kings (feat. Jalen Santoy, Novej, Lute)",,,,day,
2325,Candlelight (feat. Marv Won),,,,day,
2326,Gamma Ray,204943,2,2015-04-28,day,
2327,Insane,200752,3,2015-04-28,day,
2328,100%,204476,9,2015-04-28,day,
2329,Orange Faygo,183913,5,2015-04-28,day,
2330,Tha Numbas,185454,4,2015-04-28,day,
2331,Mars On Life,222393,5,2015-04-28,day,
2332,Cheese In the Sky,222429,1,2015-04-28,day,
2333,Pharsyde,,,,day,
2334,Max B,,,,day,
2335,Jukebox Joints,,,,day,
2336,Fine Whine,,,,day,
2337,Feelin' The Love,210093,29,2014-09-23,day,
2338,Space Hos,209480,54,2005-10-17,day,
2339,Ka-Bang! (feat. MF Doom),172291,31,2015-06-16,day,
2340,Nightcrawler (feat. Method Man),202483,46,2015-06-16,day,
2341,Czartacus,157384,30,2015-06-16,day,
2342,Don the Armor,78506,21,2015-06-16,day,
2343,"The Chase, Part II",242373,44,1993-11-09,day,
2344,Keep It Rollin' (feat. Large Professor),186066,43,1993-11-09,day,
2345,Clap Your Hands,196493,43,1993-11-09,day,
2346,Electric Relaxation,243800,54,1993-11-09,day,
2347,We Can Get Down,259120,47,1993-11-09,day,
2348,Midnight (feat. Raphael Saadiq),265026,46,1993-11-09,day,
2349,Sucka Nigga,245080,47,1993-11-09,day,
2350,8 Million Stories,260893,46,1993-11-09,day,
2351,Red Alert,226441,22,2015-06-16,day,
2352,World Premier (feat. Large Professor),170225,28,2015-06-16,day,
2353,That's Love,245725,39,2015-04-28,day,
2354,The Ways,208040,24,2004-08-03,day,
2355,Do It Man (Featuring Big Noyd),176266,25,2004-08-03,day,
2356,Fats Crib (Skit),,,,day,
2357,F.A.Y. (Featuring Strick),214600,24,2004-08-03,day,
2358,Beautiful,264400,38,2004-08-03,day,
2359,Son of Yvonne,195053,38,2012-07-17,day,
2360,H.O.O.D.,225666,26,2004-08-03,day,
2361,Fats Belvedere,38906,18,2004-08-03,day,
2362,Good Ol Love,226866,47,2004-08-03,day,
2363,Quintana (feat. Wale),294436,42,2013-09-22,day,
2364,U Guessed It,146064,44,2014-09-25,day,
2365,To: Nate Dogg,219428,34,2020-03-31,day,
2366,OIAM,242066,17,2014-01-14,day,
2367,Diamonds,325714,46,2014-11-17,day,
2368,Six Degrees (feat. Danny Brown),,,,day,
2369,Chapter Six,161137,64,2011-07-02,day,
2370,No Make-Up (Her Vice) (feat. Colin Munroe),235921,49,2011-07-02,day,
2371,Junkyard Dogs (feat. Juju of the Beatnuts),213028,21,2015-06-16,day,
2372,My Good Girl,,,,day,
2373,Hey!,226546,43,1999-10-19,day,
2374,"Doom, Are You Awake? (Skit)",72573,37,1999-10-19,day,
2375,Who You Think I Am?,204160,46,1999-10-19,day,
2376,The Hands of Doom (Skit),110160,39,1999-10-19,day,
2377,Red And Gold Featuring King Ghidra,,,,day,
2378,"Tick, Tock - 12"" Version",264453,30,1999-10-19,day,
2379,Go With the Flow,216920,53,1999-10-19,day,
2380,Back in the Days (Skit),45306,40,1999-10-19,day,
2381,The Finest,240986,50,1999-10-19,day,
2382,Rhymes Like Dimes,258613,65,1999-10-19,day,
2383,Doomsday,298053,72,1999-10-19,day,
2384,Ill Mind of Hopsin 7,350482,44,2015-07-24,day,
2385,Icerink (Interlude),34293,9,2004-04-05,day,
2386,Got Somebody,239866,8,2004-04-05,day,
2387,Reasons,249200,10,2004-04-05,day,
2388,Avalanche (Interlude),83560,8,2004-04-05,day,
2389,"My One (feat. Tory Lanez, Kranium & Dappy)",186874,45,2019-07-05,day,
2390,Doorway,230760,15,2004-04-05,day,
2391,Goin' Mad,219373,15,2004-04-05,day,
2392,Pick U R Self Up,242800,14,2004-04-05,day,
2393,The Game,190200,14,2004-04-05,day,
2394,Little Death Ft. Nikki Jean,,,,day,
2395,Baba Says Cool for Thought,46920,29,2007-01-01,day,
2396,Go Baby (ft. Gemstones),,,,day,
2397,Fighters (ft. Matthew Santos),,,,day,
2398,Rocket Man,,,,day,
2399,It Ain't Hard to Tell,202106,39,2014-04-15,day,
2400,One Love (feat. Q-Tip),325653,27,2014-04-15,day,
2401,Memory Lane (Sittin' in da Park),248213,32,2014-04-15,day,
2402,Halftime,260799,33,2014-04-15,day,
2403,The World Is Yours,290573,46,2014-04-15,day,
2404,Life's a Bitch (feat. AZ & Olu Dara),210840,35,2014-04-15,day,
2405,Below The Heavens pt. I,,,,day,
2406,Dancing In The Rain,267826,34,2007-07-17,day,
2407,Be (Intro),144200,0,2005-05-24,day,
2408,How I Got Over,213773,0,2010-06-22,day,
2409,When The People Cheer,181493,25,2014-05-16,day,
2410,Never,234293,21,2014-05-16,day,
2411,The Day,224106,0,2010-06-22,day,
2412,Radio Daze,256346,0,2010-06-22,day,
2413,Dear God 2.0,230750,0,2010-06-22,day,
2414,Walk Alone,234750,0,2010-06-22,day,
2415,Sin City,268386,41,2012-01-01,day,
2416,Blue Sky,243933,31,2011-12-20,day,
2417,Walk This Way,,,,day,
2418,It's Tricky,,,,day,
2419,The Message - Extended Version,430013,50,2010-01-01,day,
2420,good kid,,,,day,
2421,Money Trees,386906,81,2012-01-01,year,
2422,Pops Belief,295440,11,2011-12-20,day,
2423,The Believer - feat. John Legend,223466,21,2011-12-20,day,
2424,Sweet,217000,21,2011-12-20,day,
2425,Bad Boy For Life,253066,61,2001-01-01,year,
2426,Brown Skin Lady,346666,49,1998-09-29,day,
2427,Definition,206493,55,1998-09-29,day,
2428,Rapid Eye Movement,262466,21,2014-04-15,day,
2429,Losing My Mind (feat. deNaUn),,,,day,
2430,Wake Me up When It S Over,231026,16,2015-04-15,day,
2431,Flashiago/A Sober Drowning (Interlude),378853,5,2015-04-15,day,
2432,Deadly Class (feat. Meyhem Lauren),179676,23,2015-06-16,day,
2433,When Gods Go Mad (feat. GZA),256285,25,2015-06-16,day,
2434,Sgt. Slaughter,130295,21,2015-06-16,day,
2435,U Guessed It Ft. 2 Chainz (prod. By Brandon Thomas),,,,day,
2436,U-Boats (Feat. Elucid),,,,day,
2437,Woodhull,116440,19,2015-03-31,day,
2438,Flatlands,81720,17,2015-03-31,day,
2439,The Big Nothing,175920,18,2015-03-31,day,
2440,Lost Blocks (Feat. Elucid),,,,day,
2441,Opposite of Desolate,212520,9,2015-03-03,day,
2442,Cipher Unknown (Intro),119291,5,2015-03-03,day,
2443,Gray Duck,244826,24,2015-01-27,day,
2444,.38 Airweight,250106,17,2015-01-27,day,
2445,My Own Nation,217853,14,2015-01-27,day,
2446,Runnin',296266,66,1995-01-01,day,
2447,Cheatin',223746,24,2005-09-13,day,
2448,Not Enough,270680,11,2005-09-13,day,
2449,The Becoming,125880,33,2005-09-13,day,
2450,Beautiful Morning,140546,10,2005-09-13,day,
2451,Welcome to the Minstrel Show (feat. Yahzarah),77680,23,2005-09-13,day,
2452,Iron Rose (Skylab 3 Remix),256517,11,2015-03-03,day,
2453,Harm in Change,241390,35,2013-01-22,day,
2454,"Flex (Ooh, Ooh, Ooh)",176744,65,2015-02-10,day,
2455,On & On (feat. Maverick Sabre & Dyemond Lewis),,,,day,
2456,Blind Threats (feat. Raekwon),,,,day,
2457,Always Up To Something,247266,9,2015-05-26,day,
2458,Jerome (feat. Joey Bada3837) (Prod. by Kirk Knight),,,,day,
2459,Zatar,125866,30,2006-01-24,day,
2460,Rose Quartz/like Crazy,,,,day,
2461,Forever Ready Band On A Bible (Interlude),,,,day,
2462,Strung Out,190893,22,1969-01-01,day,
2463,SpottieOttieDopaliscious,426853,59,1998-09-29,day,
2464,Intro,129153,54,2014-12-09,day,
2465,Note To Self,875306,51,2014-12-09,day,
2466,Hello,219173,54,2014-12-09,day,
2467,St. Tropez,257872,58,2014-12-09,day,
2468,Fire Squad,288123,63,2014-12-09,day,
2469,A Tale Of 2 Citiez,269721,64,2014-12-09,day,
2470,Harder Than You Think,249521,62,2007-08-07,day,
2471,Return Of The Crooklyn Dodgers (Final Mix With Intro) (Street),,,,day,
2472,No More Mr. Nice Guy,,,,day,
2473,They Want EFX,221400,49,1992-04-07,day,
2474,Gunshowers feat. eLZhi,,,,day,
2475,The Man,382518,13,2014-10-07,day,
2476,Soul Food Feat. Raphael Saadiq,,,,day,
2477,Navajo Rugs (feat. De La Soul),443893,11,2014-10-27,day,
2478,The Season (prod. J Dilla),,,,day,
2479,Investigative Reports,229800,47,1995-11-07,day,
2480,Shadowboxin',209973,61,1995-11-07,day,
2481,4th Chamber,276967,58,1995-11-07,day,
2482,One Plus One Featuring NAS,168720,27,2009-07-01,day,
2483,I Juswanna Chill,208866,49,2009-07-01,day,
2484,Wildflower,234306,47,1973-01-01,year,
2485,Common Man,192586,32,1973-01-01,day,
2486,Chinatown Wars - Remix,224385,17,2009-03-17,day,
2487,The Juks,247906,4,2001-11-20,day,
2488,"Troublemakers (Feat, Raekwon, Method Man & Redman)",,,,day,
2489,Ghetto,249093,26,2010-01-01,day,
2490,The Mask (ft. Ghostface),,,,day,
2491,Diamonds & Wood (feat. Smoke D),313533,33,2003-06-16,day,
2492,"Front, Back & Side to Side",314666,32,2003-06-16,day,
2493,Mo Money Mo Murder (Homicide),392186,40,1995-10-10,day,
2494,Sugar Hill,249760,47,1995-10-10,day,
2495,I Feel For You,183813,27,1995-10-10,day,
2496,Rather Unique,289600,46,1995-10-10,day,
2497,Ho Happy Jackie,214640,43,1995-10-10,day,
2498,Fan Mail - Album Version (Edited),216440,3,2002-01-01,day,
2499,Uncut Raw,179880,30,1995-10-10,day,
2500,Intro,78240,18,1995-10-10,day,
2501,Where Do We Go From Here,173426,21,2010-07-27,day,
2502,Hoe Cakes,234146,73,2004-11-16,day,
2503,Beautiful Life (feat. Action Bronson & Joey Bada$$),201848,3,2015-07-07,day,
2504,Another Level (feat. Rapsody),194623,0,2015-07-07,day,
2505,Intro (feat. Hannibal Buress),81598,0,2015-07-07,day,
2506,Licorice,138946,32,2006-01-24,day,
2507,White Willow Bark,126239,32,2006-01-24,day,
2508,Benzoin Gum,125506,33,2006-01-24,day,
2509,Saffron,124039,44,2006-01-24,day,
2510,the valley,185746,34,2015-06-26,day,
2511,DEAL,257959,26,2015-06-26,day,
2512,a beautiful exit,184586,30,2015-06-26,day,
2513,Apollo Kids - Clyde Smith Skit,,,,day,
2514,Hard,230226,13,2009-07-01,day,
2515,Mad Scientist,261333,26,2009-07-01,day,
2516,Funky 2 Listen 2,174160,18,2009-07-01,day,
2517,That Bullsh*t,222373,15,2009-07-01,day,
2518,Spartibus,240466,14,2003-07-22,day,
2519,No Return,293400,25,2003-07-22,day,
2520,M-Sea-Cresy,230133,15,2003-07-22,day,
2521,Levitibus,240400,18,2003-07-22,day,
2522,Genabis,252240,17,2003-07-22,day,
2523,Intro,32826,10,2003-07-22,day,
2524,Interlude 3,51279,8,2018-07-02,day,
2525,Vinny's Theme,,,,day,
2526,Call My Name,95870,21,2018-07-02,day,
2527,Promises,,,,day,
2528,"The Look of Love, Pt. 1",218079,51,2009-04-15,day,
2529,Yessir! (Feat. Raekwon) (Prod. By Doom),,,,day,
2530,Coffin Nails,176760,60,2004-03-23,day,
2531,Lactose and Lecithin,154586,38,2003-01-01,year,
2532,The Drop,205733,42,2003-01-01,year,
2533,Open Mic Nite Part Two (feat. Lord Sear and Hydro),,,,day,
2534,A Modern Day Mugging,163786,36,2003-01-01,year,
2535,Saliva,148826,52,2003-01-01,year,
2536,Kava Kava Root,115212,27,2006-01-24,day,
2537,Dragon's Blood Resin,129306,28,2006-01-24,day,
2538,Coriander,122866,27,2006-01-24,day,
2539,Podina,124546,27,2006-01-24,day,
2540,Fo-Ti,150866,27,2006-01-24,day,
2541,Calamus,125612,29,2006-01-24,day,
2542,Sumac Berries,125039,28,2006-01-24,day,
2543,Bergamont,128371,28,2006-01-24,day,
2544,Sarsaparilla,124372,30,2006-01-24,day,
2545,Orange Blossoms,118972,27,2006-01-24,day,
2546,Bergamot,123532,33,2006-01-24,day,
2547,Fenugreek,122346,28,2006-01-24,day,
2548,Burdock Root,125412,32,2006-01-24,day,
2549,Emblica Officinalis,130371,30,2006-01-24,day,
2550,Lavender Buds,133532,50,2006-01-24,day,
2551,Arabic Gum,134212,30,2006-01-24,day,
2552,Arrow Root,130798,48,2006-01-24,day,
2553,Vinca Rosea,121372,33,2006-01-24,day,
2554,Pennyroyal,130639,36,2006-01-24,day,
2555,Agrimony,127839,32,2006-01-24,day,
2556,Harlem Streets,221240,31,2004-01-01,day,
2557,Down And Out,248626,56,2004-01-01,day,
2558,The Morning,275080,48,2012-01-01,day,
2559,New God Flow.1,357320,46,2022-04-01,day,
2560,Mercy.1,326346,55,2012-01-01,day,
2561,Clique,293613,63,2012-01-01,day,
2562,To The World,230946,41,2012-01-01,day,
2563,Bliss,210053,36,2012-01-01,day,
2564,Creepers,194226,41,2012-01-01,day,
2565,Higher,274480,39,2012-01-01,day,
2566,Cold.1,216253,44,2012-01-01,day,
2567,Jeru the Damaja - Ya Playin Yaself (Mugwort),,,,day,
2568,Ghostface Killah - Mighty Healthy / Cam'ron - That's Me (Mullein),,,,day,
2569,Calculated Amalgamation,167573,11,2011-03-22,day,
2570,Through The Wire - Live At Abbey Road Studios,212773,33,2006-01-01,day,
2571,Hold U,256440,28,2005-02-15,day,
2572,"Street Bullies (Feat. Shawn Wiggs, Sheek Louch & Sun God)",,,,day,
2573,I Declare War,175600,15,2013-04-16,day,
2574,Rise of The Black Suits,177480,19,2013-04-16,day,
2575,Beware of The Stare,199266,17,2013-04-16,day,
2576,How You Like Me Baby,194666,14,2010-01-01,day,
2577,Ghetto Child,,,,day,
2578,Love Again (Akinyele Back) (feat. Gangsta Boo),225093,41,2014-10-27,day,
2579,All Due Respect (feat. Travis Barker),167840,43,2014-10-27,day,
2580,"Lie, Cheat, Steal",208466,47,2014-10-27,day,
2581,Tougher Colder Killer (feat. Killer Mike & Despot),219000,31,2012-01-01,year,
2582,Late,230493,41,2005-01-01,day,
2583,It's Impossible,203693,26,1995-11-04,day,
2584,Move on Up - Single Edit,165789,64,1970-01-01,year,
2585,My Funny Valentine,290773,6,2008-09-23,day,
2586,"Let Us Love - Live at Carnegie Hall, New York, NY - October 1972",319906,19,1973-04-21,day,
2587,Through the Fire,288653,63,1984-01-01,year,
2588,White Dress,216440,21,2013-08-06,day,
2589,They.Resurrect.Over.New. (feat. Ab-Soul & Troi),338626,31,2015-01-20,day,
2590,Adoration of the Magi (feat. Crystal "Røvél" Torres),306093,36,2015-01-20,day,
2591,Madonna (And Other Mothers in the Hood) [feat. Nikki Jean],283120,30,2015-01-20,day,
2592,Make Her Say,216413,48,2009-01-01,day,
2593,Cudi Zone,259040,49,2009-01-01,day,
2594,Complexion (A Zulu Love) (feat. Rapsody),,,,day,
2595,Dopeman,113373,38,2015-06-30,day,
2596,Lemme Know,222040,37,2015-06-30,day,
2597,Good Night,185973,61,2007-09-11,day,
2598,Late,,,,day,
2599,Diamonds From Sierra Leone - Bonus Track,238400,32,2005-08-30,day,
2600,Workout Plan - Live At Abbey Road Studios,171666,28,2006-01-01,day,
2601,Crack Music - Live At Abbey Road Studios,167853,27,2006-01-01,day,
2602,Touch The Sky - Live - Abbey Road Studios,242840,11,2005-01-01,day,
2603,Ain't No Love In The Heart Of The City - Single Version,233560,64,1974-01-01,day,
2604,Chicago,171440,44,1971-01-01,year,
2605,Midnight Marauders Tour Guide,45333,40,1993-11-09,day,
2606,Key To The City,179629,13,2012-03-16,day,
2607,MellowWithMe,212053,2,2015-05-11,day,
2608,Too Lost,175568,36,2020-05-08,day,
2609,A House Is Not a Home,427693,54,1981-07-23,day,
2610,I'll Erase Away Your Pain,194973,38,2013-06-26,day,
2611,Heavenly Dream,313706,20,1979-04-09,day,
2612,Peace And Love (Amani Na Mapenzi) - Movement IV (Encounter),363440,22,1970-01-01,year,
2613,One Time 4 Your Mind,198800,52,1994-04-19,day,
2614,One Love (feat. Q-Tip),325653,55,1994-04-19,day,
2615,Righteous Minds (Prod By Bruce LeeKix),,,,day,
2616,Don t Front Feat CJ Fly (Prod By Statik Selektah),,,,day,
2617,Snakes Feat T nah Apex (Prod By J Dilla),,,,day,
2618,Daily Routine (Prod By Chuck Strangers),,,,day,
2619,Suspect Feat PRO ERA Capital STEEZ CJ Fly Chuck Strangers Dyemond Lewis NYCk Caution Kirk,,,,day,
2620,Where It'$ At?,248837,48,2012-06-12,day,
2621,Distant Lover,256733,57,1973-08-28,day,
2622,What Means The World To You,279466,29,1998-01-01,year,
2623,So Bad,204199,21,2014-12-16,day,
2624,Killa Cam / Roll That Skit,264600,49,2004-01-01,day,
2625,Rude Boy (Skit),88560,21,2004-01-01,day,
2626,Since You Came in My Life,223173,15,2014-02-14,day,
2627,Old Smokey,199693,14,1972-10-03,day,
2628,Home Is Where the Hatred Is,201520,47,1971-01-01,day,
2629,My Yout (Feat. Collie Buddz) [Prod. By Chuck Strangers],,,,day,
2630,DARK AURA,173856,64,2025-08-18,day,
2631,Alowha [Prod. By Kirk Knight],,,,day,
2632,"Hold On, Be Strong",72586,39,1998-09-29,day,
2633,All On Me Ft. OG Brylan Kerr (prod. By Phresh Produce),,,,day,
2634,"No Pressure (prod. by Zaytoven, Deko, OG Parker,  OG Maco)",,,,day,
2635,Been Thuggin (prod. By Stroud),,,,day,
2636,12 Bricks (prod. By FKi),,,,day,
2637,Break the Rules (Femme Remix),,,,day,
2638,Lipgloss (feat. CupcakKe),234755,63,2017-03-10,day,
2639,Caught in the Middle,181720,27,2015-02-09,day,
2640,Die Tonight,171444,28,2015-02-09,day,
2641,Hanging Around,198441,28,2015-02-09,day,
2642,Famous,231616,37,2015-02-09,day,
2643,Body of My Own,165187,31,2015-02-09,day,
2644,Doing It (feat. Rita Ora),228520,44,2015-02-09,day,
2645,The Rain,207373,29,2022-03-04,day,
2646,Smack That,212360,84,2006-01-01,day,
2647,Blown Away,209013,54,2006-01-01,day,
2648,Shake Down,232346,48,2006-01-01,day,
2649,Blue Hype,,,,day,
2650,Wu-Tang Clan Ain't Nuthing ta F' Wit,216040,63,1993-11-09,day,
2651,Can It Be All So Simple / Intermission,414600,51,1993-11-09,day,
2652,Wu-Tang: 7th Chamber,365200,52,1993-11-09,day,
2653,Hey Ma,220960,64,2002-01-01,day,
2654,Accident Murderers ft Rick Ross,,,,day,
2655,AMERICAN WASTELAND,90297,41,2022-04-29,day,
2656,Hero,240000,41,2008-01-01,day,
2657,Patience,345093,57,2010-05-18,day,
2658,Breath Chant,230214,40,2020-06-15,day,
2659,You Can't Stop Us Now (Feat. Eban Thomas of The Stylistics And The Last P...,,,,day,
2660,Queens Get The Money,132213,22,2008-01-01,day,
2661,Sucker M.C.'s (Krush-Groove 1),,,,day,
2662,Enemies All Around Me,135760,15,2013-04-16,day,
2663,The Center of Attraction,245400,13,2013-04-16,day,
2664,Blood On The Cobblestones,155066,16,2013-04-16,day,
2665,FourFiveSeconds,188238,76,2015-01-24,day,
2666,I Wish,257213,31,2015-06-23,day,
2667,My My Baby,156666,12,2015-06-23,day,
2668,Clap Ya Hands (I Feel Good),205786,9,2015-06-23,day,
2669,Beat Goes On,228840,16,2015-06-23,day,
2670,On & On,,,,day,
2671,Cosmic Slop,201853,12,2015-06-23,day,
2672,PR 4 Prez,156573,9,2015-06-23,day,
2673,Heaven & Earth,219133,16,2015-06-23,day,
2674,The Rise of the Ghostface Killah,204538,15,2018-01-26,day,
2675,An Unexpected Call (The Set Up),155466,14,2013-04-16,day,
2676,Love Don't Live Here No More (Feat. Kandace Springs),,,,day,
2677,Life’s A Rebirth,171826,6,2015-06-26,day,
2678,The Sure Shot (Parts One & Two),,,,day,
2679,Murder Spree,171800,12,2013-04-16,day,
2680,The Catastrophe,308120,12,2013-04-16,day,
2681,Pursuit of Happiness (Nightmare),295293,71,2009-01-01,day,
2682,Can't Stop,161294,19,2023-06-09,day,
2683,Boom - Explicit Album Version,233493,48,2001-12-31,day,
2684,Chapter Ten,75535,48,2011-07-02,day,
2685,Poe Mans Dreams (His Vice) (feat. GLC),261874,60,2011-07-02,day,
2686,Keisha's Song (Her Pain) (feat. Ashtro Bot),227291,53,2011-07-02,day,
2687,Young Lady,264546,42,2013-04-12,day,
2688,Make Her Say - New Album Version (Explicit),,,,day,
2689,Man On The Moon,211133,48,2009-01-01,day,
2690,Skit #4 (Kanye West/Late Registration),78666,27,2005-01-01,day,
2691,Cocaine Castle,266960,31,2013-08-19,day,
2692,"F**k Out My Face (feat. B-Real, Onyx & Aston Matthews)",236493,32,2013-08-19,day,
2693,Make A Scene (feat. Maad Moiselle),177040,24,2013-08-19,day,
2694,Head in the Clouds - Bonus Remix,256532,13,2007-09-25,day,
2695,Outro,108319,12,2007-09-25,day,
2696,See No Evil,187546,11,2007-09-25,day,
2697,Gangsta Pastries (Feat. Chico Stick),,,,day,
2698,Earth,263428,32,2007-09-25,day,
2699,Gossip feat. UGK & Big K.R.I.T.,,,,day,
2700,Hit 'Em Up - Single Version,312626,80,1998-01-01,day,
2701,Can't C Me,330760,69,1996-02-13,day,
2702,Let's Grow,226400,22,2002-01-01,day,
2703,Get That Dough,243640,17,2002-01-01,day,
2704,Get Up,232560,24,2002-01-01,day,
2705,16 Bars,63640,19,2002-01-01,day,
2706,Cold World,331000,47,1995-11-07,day,
2707,Swordsmen,,,,day,
2708,Living In The World Today,263173,51,1995-11-07,day,
2709,Duel of the Iron Mic,,,,day,
2710,Liquid Swords,270800,56,1995-11-07,day,
2711,Off Peak Dreams,198206,30,2015-03-02,day,
2712,"You First (feat. Rapper Big Pooh, Quelle Chris, Oh No)",,,,day,
2713,Celebrity Reduction Prayer (feat. Open Mike Eagle & Oddisee),,,,day,
2714,Pnt (feat. Apollo Brown & Ras Kass),,,,day,
2715,Homicide,169705,20,2015-03-10,day,
2716,Sober Thoughts - Chris McClenney Remix,180000,20,2015-04-28,day,
2717,The Dogs of War (Feat. Kool G Rap & Shawn Wiggs),,,,day,
2718,It's A Thin Line Between Love and Hate,,,,day,
2719,Loyalty,,,,day,
2720,Here I Go Again (feat. AZ & Rell),,,,day,
2721,How It's Done [Prod. JFK/Jaylen!],,,,day,
2722,Fuck Being Polite [Prod. Lakim],,,,day,
2723,Cameras / Good Ones Go Interlude - Medley,434960,74,2011-11-15,day,
2724,Lord Knows,307640,65,2011-11-15,day,
2725,Make Me Proud,219893,68,2011-11-15,day,
2726,No Lie (feat. Wizkid),203853,31,2019-06-12,day,
2727,CNTRL [Prod. Fingalick],,,,day,
2728,Constant Elevation,150173,26,2000-02-08,day,
2729,Fairytalez,286933,14,1997-01-01,day,
2730,Defective Trip,303733,28,2000-02-08,day,
2731,Unexplained,178826,31,1997-01-01,day,
2732,Da Bomb,250106,23,1997-01-01,day,
2733,Dangerous Mindz,294826,25,1997-01-01,day,
2734,CHERRY BOMB,269352,55,2015-04-13,day,
2735,Collard Greens,299960,74,2014-01-01,day,
2736,Los Awesome,252840,41,2014-01-01,day,
2737,I SEE,184390,23,2025-05-28,day,
2738,When I Die,,,,day,
2739,Bedtime Story,,,,day,
2740,Sober Thoughts,199578,19,2015-03-10,day,
2741,Teach Me - Bonus,258919,11,2015-01-20,day,
2742,Run Up On Ya - Bonus,248319,36,2015-01-20,day,
2743,Curry Chicken,213330,37,2015-01-20,day,
2744,O.C.B.,223050,39,2015-01-20,day,
2745,Black Beetles,230765,34,2015-01-20,day,
2746,Black Males  Feat. Epicmustdie (Prod. By Caleb Stone),,,,day,
2747,J#m#sh#  (Prod. By Beewirks),,,,day,
2748,Save You  (Prod. By Strider Hiryu),,,,day,
2749,Fuck Being Polite,,,,day,
2750,Work Out,235320,80,2011-09-27,day,
2751,Twilite Speedball,,,,day,
2752,Supermagic,,,,day,
2753,I Gave You Power,232866,51,1996-07-02,day,
2754,Red Balloon - Bonus Track,208973,30,2014-10-17,day,
2755,So over You,188800,29,2015-02-09,day,
2756,Nothing in the Way,371158,14,2015-03-02,day,
2757,U Guessed It (Remix),210128,19,2014-11-30,day,
2758,Lose the Ground (feat. Yu & Tall Black Guy),,,,day,
2759,Circles Around Circles (feat. L'orange & Gift of Gab of Blackalicious),,,,day,
2760,Dark Comedy Late Show (feat. Open Mike Eagle & Exile),,,,day,
2761,Word to the Wise (feat. Oddisee),,,,day,
2762,Trouble (feat. Apollo Brown & Masta Ace),,,,day,
2763,The Run,196668,9,2015-03-10,day,
2764,Sometimes I Feel (feat. L'Orange & Kool Keith),,,,day,
2765,"FUCKING YOUNG / PERFECT (feat. Charlie Wilson, Chaz Bundick, Sydney Bennett & Kali Uchis)",401572,63,2015-04-13,day,
2766,"Rodeo Tour Houston,Texas Part 1",,,,day,
2767,Cold Win,197320,14,2013-05-06,day,
2768,Doing It Wrong,265120,72,2011-11-15,day,
2769,King Kunta (Fitness Workout Version),,,,day,
2770,RUN,285565,27,2024-02-04,day,
2771,PILOT (feat. Sydney Bennett),209412,52,2015-04-13,day,
2772,Cold Blooded,298562,29,2000-01-01,day,
2773,Shutdown,188874,30,2015-04-26,day,
2774,Everyday,,,,day,
2775,Anotha One,258512,32,2012-05-01,day,
2776,"BLOW MY LOAD (feat. Wanya Morris, Dâm-Funk, Austin Feinstein & Sydney Bennett)",190284,56,2015-04-13,day,
2777,"OKAGA, CA (feat. Alice Smith, Leon Ware & Clem Creevy)",397384,53,2015-04-13,day,
2778,KEEP DA O'S (feat. Pharrell Williams & Coco O.),248544,46,2015-04-13,day,
2779,"2SEATER (feat. Aaron Shaw, Samantha Nelson & Austin Feinstein)",409779,59,2015-04-13,day,
2780,Buck 50-Stroke of Death-Woodrow The Base Head Skit,,,,day,
2781,Teddy Skit,64440,18,2001-10-16,day,
2782,Only One,280226,55,2015-01-08,day,
2783,Goldie,192066,64,2013-01-01,year,
2784,Long Live A$AP,,,,day,
2785,Last Day (feat. The Lox) - 2014 Remaster,259666,50,1997-03-04,day,
2786,Fuck You Tonight (feat. R. Kelly) - 2005 Remaster,342453,29,2005-10-04,day,
2787,Kick in the Door - 2014 Remaster,286186,52,1997-03-04,day,
2788,Nasty Boy - 2014 Remaster,333840,40,1997-03-04,day,
2789,Playa Hater - 2014 Remaster,237933,41,1997-03-04,day,
2790,Ten Crack Commandments - 2014 Remaster,204026,63,1997-03-04,day,
2791,Going Back to Cali - 2014 Remaster,307426,60,1997-03-04,day,
2792,Miss U - 2014 Remaster,299333,49,1997-03-04,day,
2793,Notorious Thugs (feat. Bone Thugs-n-Harmony) - 2007 Remaster,367226,59,2007-03-02,day,
2794,B.I.G. Interview [Bonus Track],,,,day,
2795,I Got a Story to Tell - 2014 Remaster,283053,53,1997-03-04,day,
2796,Niggas Bleed - 2014 Remaster,291040,53,1997-03-04,day,
2797,Mo Money Mo Problems (feat. Puff Daddy & Mase) - 2014 Remaster,257399,74,1997-03-04,day,
2798,B.I.G. (Interlude) - 2014 Remaster,48133,36,1997-03-04,day,
2799,What's Beef? - 2014 Remaster,315360,51,1997-03-04,day,
2800,I Love The Dough (feat. Jay-Z & Angela Winbush) - 2014 Remaster,311533,53,1997-03-04,day,
2801,Hypnotize - 2014 Remaster,229826,81,1997-03-04,day,
2802,Somebody's Gotta Die - 2014 Remaster,266733,47,1997-03-04,day,
2803,Life After Death (Intro) - 2014 Remaster,99200,37,1997-03-04,day,
2804,Freestyle,216133,12,2005-11-15,day,
2805,Bring The Noise,226040,48,1988-06-28,day,
2806,He Got Game,286200,56,1998-04-21,day,
2807,Evolve (Prod. Exile),,,,day,
2808,They Reminisce Over You (T.R.O.Y.),286693,60,1992-05-26,day,
2809,Wavybone,,,,day,
2810,Back Home,,,,day,
2811,M'$,,,,day,
2812,West Side Highway,176906,49,2015-05-26,day,
2813,Keep Up,214000,37,2013-12-17,day,
2814,Lonely - Old Version,,,,day,
2815,I Tried,287480,63,2007-01-01,year,
2816,Mo'murda,344933,55,1995-07-25,day,
2817,Foe Tha Love of $,272440,66,1994-06-21,day,
2818,1st of Tha Month,314680,65,1995-07-25,day,
2819,Tha Crossroads,223546,68,1995-07-25,day,
2820,Work,178506,46,2013-01-22,day,
2821,Old English,201960,39,2014-07-01,day,
2822,Ray Gun (feat. DOOM),,,,day,
2823,Plug Tunin' (Last Chance to Comprehend),246788,35,1989-03-03,day,
2824,Rapp Snitch Knishes,172893,74,2004-11-16,day,
2825,You (Ha Ha Ha),187878,31,2013-04-01,day,
2826,Nuclear Seasons,281480,31,2013-04-01,day,
2827,Experience Dedication,143400,26,2000-10-17,day,
2828,Blade: The Art of Ox,275337,26,2015-03-03,day,
2829,Metal Gear,300564,9,2013-12-03,day,
2830,Defeat,204013,40,2000-10-24,day,
2831,This Will Be - Intro,100826,14,2010-12-20,day,
2832,"Swimming Pools (feat. Kendrick Lamar, Schoolboy Q, Ab-Soul & Jay Rock)",283888,30,2013-05-14,day,
2833,"Shadow of Death (feat. Kendrick Lamar, Schoolboy Q, Ab-Soul & Jay Rock)",218869,18,2013-05-14,day,
2834,Money Trees,395613,42,2014-09-15,day,
2835,"Ballin (feat. Kendrick Lamar, Jay Rock & Bow Wow)",255930,17,2013-05-14,day,
2836,East 2Da Westside (feat. Cory Gunz),138360,15,2014-09-15,day,
2837,Gettin By (feat. Lloyd Banks),237920,20,2014-09-15,day,
2838,Don't Kill My Vibe 2013 (feat. Kendrick Lamar & Rick Ross),249703,20,2013-05-14,day,
2839,The Heart Pt3,270938,41,2014-09-15,day,
2840,The Recipe,257652,46,2013-05-14,day,
2841,"What They'll Say (feat. Gary Clark Jr, Maimouna Youseff)",,,,day,
2842,Fight Delays,51749,17,2015-04-28,day,
2843,Meant It When I Said It,254639,19,2015-04-28,day,
2844,Book Covers (feat. Nick Hakim),,,,day,
2845,Want Something Done,206413,26,2015-04-28,day,
2846,Respect the Mustache,173718,7,2011-11-21,day,
2847,Make Your Move,269386,49,2003-01-01,day,
2848,No Church in the Wild (feat. Frank Ocean),,,,day,
2849,Part II,244600,59,2001-01-01,day,
2850,The Fine Print,,,,day,
2851,One Smart Nigger,,,,day,
2852,Lockjaw (Feat. Trunks),,,,day,
2853,Take Me To Your Leader,,,,day,
2854,Anti-Matter (feat. Mr. Fantastik),,,,day,
2855,Greenbacks - 12" Version,237613,32,1999-10-19,day,
2856,The Final Hour,,,,day,
2857,Red and Gold,282680,54,1999-10-19,day,
2858,?,188893,52,1999-10-19,day,
2859,Fazers,,,,day,
2860,Guinesses,,,,day,
2861,Fig Leaf Bi-Carbonate,199360,46,2004-11-16,day,
2862,Gumbo,49440,46,2004-11-16,day,
2863,Fillet-O-Rapper,63680,46,2004-11-16,day,
2864,Poo-Putt Platter,73613,47,2004-11-16,day,
2865,Deep Fried Frenz,299626,57,2004-11-16,day,
2866,Big Brother,604446,19,2019-11-08,day,
2867,Fed Up Wit the Bullshit,232066,38,1995-03-28,day,
2868,I Don't Understand It,260226,36,1995-03-28,day,
2869,Lifestylez Ov Da Poor & Dangerous,201240,46,1995-03-28,day,
2870,Da Graveyard,323760,47,1995-03-28,day,
2871,Street Struck,249626,55,1995-03-28,day,
2872,Danger Zone,216600,42,1995-03-28,day,
2873,All Black,260800,44,1995-03-28,day,
2874,8 Iz Enuff,298840,44,1995-03-28,day,
2875,"No Endz, No Skinz",208733,48,1995-03-28,day,
2876,MVP,218866,57,1995-03-28,day,
2877,Microwave Mayo (Prod. By Jake One),,,,day,
2878,Still Dope (Feat. Empress Starhh Tha Femcee) (Prod. By Doom),,,,day,
2879,Cellz (Prod. By Doom) (Co-Prod. By & Feat. Mr. Chop),,,,day,
2880,Angelz (Feat. Tony Starks) (Prod. By Doom),,,,day,
2881,Batty Boyz (Prod. By Doom),,,,day,
2882,Lightworks (Prod. By J Dilla),,,,day,
2883,Rap Ambush (Prod. By Jake One),,,,day,
2884,Absolutely (Prod. By Madlib),,,,day,
2885,All Outta Ale,206066,43,2002-10-01,day,
2886,The Time We Faced Doom (Skit),124746,41,1999-10-19,day,
2887,Path of Exile. Part 1.,,,,day,
2888,Best Night Of My Life (feat. Wiz Khalifa),184906,29,2010-12-20,day,
2889,The Sound Of Eden - 12" Version,300699,36,2023-08-18,day,
2890,Remember To Remember (feat. Lights),,,,day,
2891,"Progress (Part 1: American Pie, Part 2: The Future Is Here)",427766,6,2013-10-15,day,
2892,Stylin (feat. Saukrates),,,,day,
2893,Grace (Interlude),59477,4,2013-10-15,day,
2894,Dreams,212790,6,2013-10-15,day,
2895,He Say She Say,303902,6,2013-10-15,day,
2896,Fam Jam (Fe Sum Immigrins),224338,16,2013-10-15,day,
2897,Y'all Know Me,204243,8,2013-10-15,day,
2898,Illusive Dreams,201113,20,2022-02-11,day,
2899,Ready To Rock,249951,35,2012-06-12,day,
2900,Life Changes (feat. Phil Beaudreau),235053,29,2013-01-22,day,
2901,I Can Do No Wrong,201398,44,2012-11-13,day,
2902,Miss Me,305520,53,2010-01-01,day,
2903,Light Up,274146,48,2010-01-01,day,
2904,Unforgettable,233901,84,2017-07-14,day,
2905,Fancy,319386,73,2010-01-01,day,
2906,15 Minutes,246093,26,2010-12-20,day,
2907,Blame It,289746,66,2008-12-11,day,
2908,Gorgeous,302613,26,2010-12-20,day,
2909,Fall For Your Type (feat. Drake),269533,55,2010-12-20,day,
2910,Winner (feat. Justin Timberlake & T.I.),242373,43,2010-12-20,day,
2911,Living Better Now (feat. Rick Ross),246266,26,2010-12-20,day,
2912,Freak (feat. Rico Love),274440,14,2010-12-20,day,
2913,Baby's In Love (feat. Kid Ink),209693,19,2015-05-15,day,
2914,Hollywood,244880,12,2015-05-15,day,
2915,Vegas Confessions,224186,10,2015-05-15,day,
2916,Text Message,246666,18,2015-05-15,day,
2917,Tease (feat. Pharrell),175533,28,2015-05-15,day,
2918,Another Dose,234866,17,2015-05-15,day,
2919,Like A Drum (feat. Wale),356173,27,2015-05-15,day,
2920,You Changed Me (feat. Chris Brown),242266,49,2015-05-15,day,
2921,"Dozen Roses, Pt. 1",74306,12,2015-05-15,day,
2922,"Dipsh*ts (feat. Cam'ron, A-Trak & Juelz Santana)",,,,day,
2923,Oh Boy,204706,2,2002-01-01,day,
2924,Fire,136640,33,2014-09-23,day,
2925,The God Smile,316946,29,2015-03-31,day,
2926,"Raw (feat. Godly MC, Toine, Kev Brown) - Oddisee Remix",,,,day,
2927,Sleeping Pill,245533,16,2010-12-20,day,
2928,Hit It Like This,168213,17,2010-12-20,day,
2929,Extravaganza (feat. Kanye West),255933,23,2005-01-01,year,
2930,Unpredictable (feat. Ludacris) - Main,219866,38,2005-01-01,year,
2931,Ante Up (Robbin Hoodz Theory),248693,53,2000-08-29,day,
2932,X Chords,131480,8,2013-10-15,day,
2933,Deadly Medley,222693,18,2010-09-14,day,
2934,Dismal,232733,10,2013-10-15,day,
2935,Perfected On Puritan Ave.,206773,8,2013-10-15,day,
2936,Sonny Jr. (Dreams) (feat. Robert Glasper & Dwele),,,,day,
2937,Ghetto DEMF (feat. Quelle Chris),,,,day,
2938,Codes & Cab Fare (feat. Black Thought),,,,day,
2939,Interpret Sabotage (feat. Mel),,,,day,
2940,Poison (Bonus Track),,,,day,
2941,Money Bags (Paradise),271266,11,2013-10-15,day,
2942,Without U,289000,9,2008-10-28,day,
2943,The Rooster,237133,39,2003-01-01,year,
2944,The Way You Move (feat. Sleepy Brown),234000,74,2003-01-01,year,
2945,Bowtie (feat. Sleepy Brown & Jazze Pha),236640,40,2003-01-01,year,
2946,Unhappy,199360,41,2003-01-01,year,
2947,GhettoMusick,236720,47,2003-01-01,year,
2948,Intro,69720,36,2000-10-31,day,
2949,A History Of Modern Dance,221559,12,2014-06-10,day,
2950,The Ritual (Prod. Just Blaze and Jeremiah Jae),,,,day,
2951,Between Villians (Feat. Viktor Vaughn & Earl Sweatshirt),,,,day,
2952,Bobby Bitch,160383,54,2014-10-14,day,
2953,Hot N*gga,194561,69,2014-07-25,day,
2954,Z (Explicit),,,,day,
2955,Darlin' (feat. Red Pill & Blockhead),,,,day,
2956,"House Rag (feat. Quelle Chris & I, Ced)",,,,day,
2957,Other Side,222346,3,2014-12-16,day,
2958,Horse & Carriage (feat. Mase),240840,20,1998-01-01,year,
2959,Welcome To New York City,309600,45,2002-01-01,day,
2960,Salute Remix,308009,15,2010-08-29,day,
2961,C.F.W.U. (CANTFUCKWITHUS),178233,10,2014-12-16,day,
2962,El Topo (Prod. Alejandro Jodorowsky),,,,day,
2963,Grins,232733,45,2013-04-01,day,
2964,Stay Away,227626,39,2013-04-01,day,
2965,Take My Hand,266266,26,2013-04-01,day,
2966,Holy Grail,338413,62,2013-07-04,day,
2967,Empire State Of Mind,276920,83,2009-09-08,day,
2968,Numb / Encore,205733,78,2004-11-30,day,
2969,Very Much Money (Ice King Dream),214039,23,2014-06-10,day,
2970,Golden Age Raps,173611,16,2014-06-10,day,
2971,Big Pretty Bridges (3 Days off in Albuquerque),,,,day,
2972,Deathmate Black,249971,10,2014-06-10,day,
2973,Sadface Penance Raps,86582,11,2014-06-10,day,
2974,Idaho,236529,12,2014-06-10,day,
2975,Jon Lovitz (Fantasy Booking Yarn),142103,11,2014-06-10,day,
2976,I'm A Chicken Head (Skit),86000,20,2004-01-01,day,
2977,Girls,207506,34,2004-01-01,day,
2978,Leave Me Alone Pt. 2,242280,31,2004-01-01,day,
2979,Welcome to Purple Haze (Skit),75226,22,2004-01-01,day,
2980,Get Down,157400,32,2004-01-01,day,
2981,More Gangsta Music,266960,34,2004-01-01,day,
2982,Intro (Cam'Ron/Purple Haze),130332,25,2004-01-01,day,
2983,Ray Gun (feat. DOOM),,,,day,
2984,Street Knowledge (feat. Tree),,,,day,
2985,"Wu Banga 101 (feat. GZA, Cappadonna, Masta Killa & Raekwon)",263200,40,2000-02-08,day,
2986,Gunshowers (Feat. Elzhi),,,,day,
2987,Six Degrees (feat. Danny Brown),,,,day,
2988,Mono,58016,30,2015-02-19,day,
2989,Experience,157117,31,2015-02-19,day,
2990,Best I Ever Had,258760,56,2010-01-01,day,
2991,Cece's Interlude,154120,61,2010-01-01,day,
2992,Shut It Down,419306,65,2010-01-01,day,
2993,Legend Has It,205866,58,2016-12-25,day,
2994,Roses,369573,71,2003-01-01,year,
2995,Survival of the Fittest,224533,70,1995-04-25,day,
2996,Oh Boy,204706,64,2002-01-01,day,
2997,The Roc (Just Fire),264866,41,2002-01-01,day,
2998,Dead Or Alive,247106,38,2002-01-01,day,
2999,I Just Wanna,249293,24,2002-01-01,day,
3000,Stop Calling,366200,20,2002-01-01,day,
3001,On Fire Tonight,340106,22,2002-01-01,day,
3002,Come Home With Me,301533,33,2002-01-01,day,
3003,Daydreaming - Album Version (Edited),,,,day,
3004,Live My Life (Leave Me Alone),191933,32,2002-01-01,day,
3005,Losing Weight Part 2,366093,31,2002-01-01,day,
3006,Intro (Cam'ron/Come Home With Me),164866,24,2002-01-01,day,
3007,Smoke,230278,45,2014-05-30,day,
3008,Wanna Hurt Mase?,263173,28,1997-01-01,year,
3009,New York,258213,60,2004-01-01,day,
3010,Not Enough Words,196160,39,2011-11-22,day,
3011,Nightmares (feat. Willie Green),239000,13,2018-08-17,day,
3012,To The Moon (feat. Motem),,,,day,
3013,Rollercoaster (feat. Murs & Ariano),249560,5,2010-01-01,year,
3014,Loads,189439,8,2014-02-09,day,
3015,Forerunner Foray,228756,33,2014-07-29,day,
3016,Wash Your Hands,161037,27,2012-08-20,day,
3017,Nuclear Seasons,281480,42,2013-04-01,day,
3018,Martyrs,219338,34,2014-08-12,day,
3019,How Can I,235386,23,2013-04-01,day,
3020,Peaches N Cream (feat. Charlie Wilson),283760,24,2015-05-11,day,
3021,Chain Smoker,210562,50,2013-04-30,day,
3022,What I Like,181613,41,2013-04-01,day,
3023,Cloud Aura (feat. Brooke Candy),164306,34,2013-04-01,day,
3024,So Far Away,201213,42,2013-04-01,day,
3025,The Goings On (feat. Ralph Real),,,,day,
3026,Own Appeal,274285,41,2013-12-17,day,
3027,Killin' Time,226285,37,2013-12-17,day,
3028,Yeezus Was a Mortal Man,261549,24,2013-12-17,day,
3029,Tangible Dream,280589,22,2013-12-17,day,
3030,"Juicy - New York, New York",,,,day,
3031,People Don't Stray,242373,31,2006-10-23,day,
3032,How Can I,235386,32,2013-04-01,day,
3033,You're the One,195320,33,2013-04-01,day,
3034,Lock You Up,211466,33,2013-04-01,day,
3035,Earthquake,,,,day,
3036,Normal Human Being,,,,day,
3037,Microphone,,,,day,
3038,Patiently Waiting,288866,67,2003-02-06,day,
3039,What Up Gangsta,179466,62,2003-02-06,day,
3040,Mighty Morphin Foreskin,,,,day,
3041,The Evolution From Zev Love X to MF DOOM,201000,23,2024-11-15,day,
3042,Gas Drawls,223493,56,1999-10-19,day,
3043,Dead Bent,142320,44,1999-10-19,day,
3044,Kim & Cookie (Interlude),72533,35,2000-10-31,day,
3045,Spaghetti Junction,237160,45,2000-10-31,day,
3046,Snappin' & Trappin' (feat. Killer Mike & J-Sweet),259693,40,2000-10-31,day,
3047,Ms. Jackson,270506,82,2000-10-31,day,
3048,I'm Cool (Interlude),42040,36,2000-10-31,day,
3049,Gasoline Dreams (with Khujo Goodie),214706,46,2000-10-31,day,
3050,The Wrong Nigga To Fuck Wit,168333,41,1991-10-29,day,
3051,Peaches N Cream Ft. Charlie Wilson,,,,day,
3052,Wiggle,,,,day,
3053,Thirsty Ego Raps,230086,16,2014-06-10,day,
3054,Informations (feat. Kool A.D.),,,,day,
3055,Drop That Kitty (feat. Charli XCX & Tinashe),216635,43,2015-02-17,day,
3056,After Thoughts,325095,38,2013-10-01,day,
3057,Liberation (with Cee-Lo),526373,45,1998-09-29,day,
3058,Nathaniel,70280,33,1998-09-29,day,
3059,"Y'All Scared (feat. T-Mo, Big Gipp & Khujo)",290173,37,1998-09-29,day,
3060,Da Art of Storytellin' (Pt. 2),172026,44,1998-09-29,day,
3061,Call of da Wild (feat. Goodie Mob),366400,37,1994-04-26,day,
3062,I'm a Joestar (Black Power Fantasy),183915,19,2020-10-16,day,
3063,Dark Comedy ALBUM REVIEW,,,,day,
3064,Runnin' - Philippians RMX,331106,30,1995-01-01,day,
3065,Word...Life,296819,28,1994-05-24,day,
3066,Da'Pro,,,,day,
3067,Son Of Yvonne,,,,day,
3068,Nineteen Seventy Something,,,,day,
3069,Fkn Dead,40285,31,2014-10-06,day,
3070,Cold Dead,94276,29,2014-10-06,day,
3071,Tesla,114497,30,2014-10-06,day,
3072,Theme,84040,28,2014-10-06,day,
3073,Round We Go,253733,22,2003-07-21,day,
3074,Holiday,220626,58,2011-01-01,day,
3075,2 For - Feat Wiley,,,,day,
3076,Sittin' Here,245560,31,2003-07-21,day,
3077,65 Hunnid,185986,37,2014-09-23,day,
3078,"Sorry My Love, It's You Not Me (feat. Lucy Rose)",,,,day,
3079,Buggin' Out,217466,58,1991-09-24,day,
3080,Excursions,234626,57,1991-09-24,day,
3081,Msi musmiD,249013,5,2013-05-06,day,
3082,Dorsal Morsel,318000,6,2013-05-06,day,
3083,Sloth Trot,401520,9,2013-05-06,day,
3084,Meltdown (feat. Woodpecker Wooliams),,,,day,
3085,Exhibit C - Explicit,,,,day,
3086,Talking In My Sleep,259613,10,2024-03-22,day,
3087,I Guess,232469,6,2015-03-23,day,
3088,Losing Out feat. Royce da 5'9,,,,day,
3089,When The Sky Falls,125793,20,2013-04-20,day,
3090,If I Were President (Skit),61466,30,1992-11-24,day,
3091,Soul Flower - Remix,263240,43,1992-11-24,day,
3092,I'm That Type Of Nigga,316826,47,1992-11-24,day,
3093,4 Better Or 4 Worse,303066,41,1992-11-24,day,
3094,It's Jiggaboo Time (Skit),86440,31,1992-11-24,day,
3095,4 Better Or 4 Worse (Interlude),36733,34,1992-11-24,day,
3096,Flim Flam (Interlude),74800,28,1994-04-26,day,
3097,Disciples,,,,day,
3098,Señorita,,,,day,
3099,My Fantasy,233404,12,1999-07-06,day,
3100,"Trap Queen (feat. Azealia Banks, Quavo & Gucci Mane)",255059,33,2015-05-05,day,
3101,Subway Theme,,,,day,
3102,Ice Princess,223450,39,2014-11-07,day,
3103,Jello Bowl Full of Stupidity,153768,1,2020-02-28,day,
3104,U-Huh,209000,17,2015-11-13,day,
3105,Baby Blue (feat. Chance the Rapper),280160,24,2015-03-03,day,
3106,"Yes, I Helped You Pack (feat. Etta Bond)",,,,day,
3107,Elevators (Me & You),265200,56,1996-08-27,day,
3108,Skipping Rocks,250105,33,2011-09-06,day,
3109,You (Ha Ha Ha),187878,43,2013-04-01,day,
3110,Nuclear Seasons - Original,224055,15,2011-11-20,day,
3111,I Heard,222792,49,2013-06-11,day,
3112,Jazzy Belle,251666,55,1996-08-27,day,
3113,Wheelz of Steel,243266,50,1996-08-27,day,
3114,ATLiens,230693,69,1996-08-27,day,
3115,Two Dope Boyz (In a Cadillac),162000,53,1996-08-27,day,
3116,You May Die (Intro),66133,39,1996-08-27,day,
3117,Peaches (Intro),51560,31,1994-04-26,day,
3118,Mystikal Maze,252400,25,2012-06-11,day,
3119,Lyrical Healing,76040,22,2015-03-30,day,
3120,We Can Get Down,236837,2,2017-01-13,day,
3121,Passing Me By - Roche Remix,296706,16,2007-03-27,day,
3122,Ya Mama,260906,47,1992-11-24,day,
3123,Southernplayalisticadillacmuzik,251293,23,2001-12-04,day,
3124,Leave The Bones Behind (Feat. Blu & Ab),,,,day,
3125,Everyday Was (Instrumental),251707,11,2015-04-27,day,
3126,Dark Sunshine - Instrumental,71000,2,2011-12-19,day,
3127,LOL - Instrumental,181160,1,2011-12-19,day,
3128,WTF - Instrumental,71853,3,2011-12-19,day,
3129,Dada - Instrumental,122946,1,2011-12-19,day,
3130,Jordan VIII - Instrumental,92360,2,2011-12-19,day,
3131,Zap - Instrumental,210920,1,2011-12-19,day,
3132,Loosie - Instrumental,178613,2,2011-12-19,day,
3133,Wake Up - Instrumental,141053,6,2011-12-19,day,
3134,Sound Check - Instrumental,68240,1,2011-12-19,day,
3135,600,83791,4,2013-04-20,day,
3136,Computer Ugly Ugly,153325,4,2013-04-20,day,
3137,SUPERVILLAINZ,168853,37,2009-03-23,day,
3138,More Rhymin' (Prod. By Jake One),,,,day,
3139,Rock Co.Kane Flow - feat. MF DOOM,185266,56,2004-10-05,day,
3140,"Is It Me ft Tate Dumonde, Crystal Renee (Prod. Sekou Muhammed, Jeff Leahr  TEC BEATZ)",,,,day,
3141,Barry White (Prod. Million $ Mano),,,,day,
3142,3 16 (Prod. M 16),,,,day,
3143,Basquiat (Prod. Grizzly),,,,day,
3144,Be Great (Prod. TEC BEATZ & Anomaly),,,,day,
3145,The Need Superficial,179836,12,2012-06-12,day,
3146,American Greed,203584,13,2012-06-12,day,
3147,Let It Go,247281,18,2012-06-12,day,
3148,That Real,221916,17,2012-06-12,day,
3149,Do It All,213268,16,2012-06-12,day,
3150,State of Elevation,219947,44,2013-10-21,day,
3151,The Good Fight,189750,31,2011-09-27,day,
3152,The Bizness,262062,36,1996-07-02,day,
3153,El Chupa Nibre (remix),,,,day,
3154,"H20 (feat. Pharoahe Monch, Rakaa Iriscience, & Indjnous)",281885,0,2014-10-27,day,
3155,Never in a Million Years,134325,27,2011-03-01,day,
3156,Life's a B*tch,353882,0,2011-12-20,day,
3157,It Ain't Hard To Tell,228989,27,2011-12-20,day,
3158,Worse Before Better (Feat. Tranqill),,,,day,
3159,The Pleasure in Pleather,207424,12,2015-03-02,day,
3160,Better Not Butter,253402,13,2015-03-02,day,
3161,That Ring Down the Drain Kind of Feeling (feat. Nadine Shah),,,,day,
3162,Work,217590,36,2015-05-04,day,
3163,Taking Over,172196,41,2015-05-04,day,
3164,96 F**kries,172877,56,2015-05-04,day,
3165,Pulse 8,137745,40,2015-05-04,day,
3166,Remain Raw,210337,1,2015-04-28,day,
3167,Blow Ya Mind,234838,3,2015-04-28,day,
3168,Get Down,240968,6,2015-04-28,day,
3169,Bpswr,217552,21,2015-04-28,day,
3170,Part of the World,,,,day,
3171,96 Bars of Revenge,224213,49,2011-02-13,day,
3172,Don't Get Rude (feat. Skepta),,,,day,
3173,Nas Is Like,,,,day,
3174,Master P (Prod by Tec Beatz),,,,day,
3175,Yeah & Nah,208741,21,2013-12-17,day,
3176,Beach Dr.,322857,40,2011-09-06,day,
3177,Comatose,294426,4,2013-05-06,day,
3178,12 Deaf (feat. Dave Okumu),,,,day,
3179,Attak,181106,42,2014-08-25,day,
3180,Rapper's Delight,235840,62,2010-01-01,day,
3181,Counter-Clockwise,,,,day,
3182,Passin' Me By,303493,69,1992-11-24,day,
3183,Black Skinhead (Blkkk SkkkN Head),,,,day,
3184,Trap Queen,221293,29,2024-07-04,day,
3185,Eternal Sunshine (The Pledge),,,,day,
3186,Turtles,126688,30,2014-10-06,day,
3187,The Protest,117254,28,2014-10-06,day,
3188,Your Potential//The Beyond,105977,25,2014-10-06,day,
3189,Obligatory Cadence,176380,26,2014-10-06,day,
3190,Stirring,30516,36,2014-10-06,day,
3191,Descent Into Madness (feat. Thundercat),,,,day,
3192,Moment of Hesitation,138220,26,2014-10-06,day,
3193,Eyes Above,72797,25,2014-10-06,day,
3194,Ready err Not,105624,26,2014-10-06,day,
3195,Siren Song,157835,29,2014-10-06,day,
3196,"Coronus, the Terminator",160136,36,2014-10-06,day,
3197,Stirring,200937,15,2024-10-18,day,
3198,Turkey Dog Coma,189630,29,2014-10-06,day,
3199,The Matrimony (feat. Usher),395950,56,2015-03-31,day,
3200,The Bloom (AG3),322248,33,2015-03-31,day,
3201,The Glass Egg,287273,26,2015-03-31,day,
3202,The Success,177983,26,2015-03-31,day,
3203,The Need to Know (feat. SZA),216831,60,2015-03-31,day,
3204,The One Time in Houston,347681,29,2015-03-31,day,
3205,Screen Door,247013,32,2014-09-23,day,
3206,Nose Art,118320,28,2010-05-03,day,
3207,Celebrate,205640,28,2007-08-20,day,
3208,Shake a Leg,200026,25,2009-10-19,day,
3209,The Avenue,216400,37,2005-01-01,day,
3210,When I'm 'Ere,184840,41,2005-01-01,day,
3211,Nite Nite,285706,44,2005-06-17,day,
3212,Mic Check 1-2,,,,day,
3213,"P's and Q's (Remix) [feat. Lethal B, Ghetto and Demon]",251986,16,2005-03-14,day,
3214,Reload It - feat. Demon & D Double E,227066,31,2005-06-17,day,
3215,Ghetto Kid - feat. Ghetto,184066,21,2005-06-17,day,
3216,Pickled!,133693,30,2010-05-03,day,
3217,Clock Catcher,72626,29,2010-05-03,day,
3218,Ya Mama,262133,8,2001-01-01,day,
3219,Drop,338906,13,2001-01-01,day,
3220,One Beer,258586,72,2004-11-16,day,
3221,Potholderz feat. Count Bass D,,,,day,
3222,Beef Rap,279666,53,2004-11-16,day,
3223,GMO,261432,30,2012-08-20,day,
3224,Snatch That Dough - Skit,,,,day,
3225,Borin Convo,139585,29,2012-08-20,day,
3226,Dawg Friendly,157993,26,2012-08-20,day,
3227,Rhymin Slang - Dave Sitek Remix,158053,0,2013-08-20,day,
3228,Bite the Thong,233809,29,2012-08-20,day,
3229,Banished,188999,34,2012-08-20,day,
3230,Waterlogged - Skit,,,,day,
3231,Oh Shit,269533,51,1992-11-24,day,
3232,Runnin' - Instrumental,302306,40,1995-01-01,day,
3233,Drop,334466,54,1995-01-01,day,
3234,True Story,194453,21,2012-01-01,year,
3235,Jus' a Rascal,208040,41,2003-07-21,day,
3236,Skit 1,,,,day,
3237,Marvel Team-Up,147706,18,2013-02-19,day,
3238,Czar Refaeli (ft. Oh No),,,,day,
3239,For My Dogs,251240,42,1998-05-01,day,
3240,ATF,116133,43,1998-05-01,day,
3241,Stop Being Greedy,216906,54,1998-05-01,day,
3242,Crime Story,227693,46,1998-05-01,day,
3243,How's It Goin' Down,282906,50,1998-05-01,day,
3244,Damien,222160,57,1998-05-01,day,
3245,X-Is Coming,258532,47,1998-05-01,day,
3246,Let Me Fly,252800,55,1998-05-01,day,
3247,Get At Me Dog,186333,32,2010-01-26,day,
3248,Otha Fish,323466,7,2001-01-01,day,
3249,Passin' Me By,303400,26,2001-01-01,day,
3250,4 Better Or 4 Worse (Interlude),37960,4,2001-01-01,day,
3251,Return Of The B-Boy,214040,5,2001-01-01,day,
3252,Pack The Pipe,305226,7,2001-01-01,day,
3253,Quinton's On The Way (Skit),130173,3,2001-01-01,day,
3254,Oh Shit,269626,9,2001-01-01,day,
3255,It's Jiggaboo Time (Skit),88106,3,2001-01-01,day,
3256,BPSWR,217782,8,2015-02-24,day,
3257,La La (ft. 'DJ Dez' on the cutz),,,,day,
3258,tainted (ft. dwele),,,,day,
3259,Disco,185306,16,2002-08-13,day,
3260,All-Ta-Ment,222261,11,2002-08-13,day,
3261,One,230373,10,2002-08-13,day,
3262,Trinity (Interlude ft. 'DJ Dez' on the cutz),,,,day,
3263,Early (feat. BOOTS),224066,38,2014-10-27,day,
3264,Return of the Mecca,344640,26,1992-05-26,day,
3265,Call of Da Wild (featuring Th,,,,day,
3266,Rolling Stone,216569,46,2011-01-11,day,
3267,9 Milli Bros. (Feat. Wu-Tang Clan),,,,day,
3268,Anything Goes,348533,13,1996-01-01,day,
3269,Call Ya Bluff,187933,44,2015-03-30,day,
3270,Crumblin' Erb,309866,46,1994-04-26,day,
3271,Hootie Hoo,238906,45,1994-04-26,day,
3272,Player's Ball (Reprise),139920,35,1994-04-26,day,
3273,D.E.E.P.,331293,33,1994-04-26,day,
3274,"Git Up, Git Out (featuring Th",,,,day,
3275,True Dat (Interlude),76000,28,1994-04-26,day,
3276,Souternplayalisticadillacmuzi,,,,day,
3277,Player's Ball (Original),,,,day,
3278,Hyyerr,212106,39,2009-01-01,day,
3279,Slippin',305466,61,1998-12-22,day,
3280,Bow E3,181973,33,2007-06-04,day,
3281,It Ain't Safe,223411,59,2016-05-06,day,
3282,Wu Banga 101-Iron's Theme-Conclusion,,,,day,
3283,Cherchez LaGhost (feat. U-God),191426,38,2000-02-08,day,
3284,Belt Holders (feat. Raekwon),145200,8,2010-09-22,day,
3285,Who Would You Fuck,164426,29,2000-02-08,day,
3286,Malcolm,255266,33,2000-02-08,day,
3287,Stay True (feat. 60 Second Assassin),99400,34,2000-02-08,day,
3288,$4 Vic / Nothing but Me and You (Ftl),503080,26,2012-01-01,year,
3289,Stay Down (feat. Nick Diamonds),190533,28,2012-01-01,year,
3290,For My Upstairs Neighbor (Mums the Word),195640,24,2012-01-01,year,
3291,Sign Here,171866,19,2012-01-01,year,
3292,The Jig Is Up,198626,24,2012-01-01,year,
3293,Gremlins,125967,0,2013-10-08,day,
3294,Large Professor,188255,20,1991-01-01,day,
3295,Hands Up,199800,34,2014-09-23,day,
3296,Just Hanging Out,250415,29,1991-01-01,day,
3297,Snake Eyes,210047,27,1991-01-01,day,
3298,Intro,32840,34,2005-01-01,year,
3299,Forever (Prod by Tec Beatz / Brandon Black / Jeff Leahr),,,,day,
3300,Type of Way,261320,60,2013-04-30,day,
3301,"1Train (feat. Kendrick Lamar, Joey Bada$$, Yelawolf, Danny Brown, Action Bronson & Big K.R.I.T.)",372173,61,2013-01-01,year,
3302,Get Money (Prod by Jayo),,,,day,
3303,Weak People (Prod by Esteyban / Tec Beatz),,,,day,
3304,Protective Custody,,,,day,
3305,Chief Rocka,247400,56,1993-01-01,day,
3306,Still Strugglin' - Instrumental,165483,4,2007-08-28,day,
3307,Novacane,302346,81,2011-01-01,day,
3308,Hilary $Wank,202500,47,2013-10-29,day,
3309,Piss Test - Remix,,,,day,
3310,Control (feat. Jay Electronica & Big Sean),450230,35,2014-01-07,day,
3311,Constipation,206937,31,2011-04-05,day,
3312,Oh Hail No (With Mr. Motherfucking Exquire And Danny Brown),,,,day,
3313,Drones Over BKLYN,,,,day,
3314,Works Every Time (with Paul Banks of Interpol),,,,day,
3315,The Full Retard,,,,day,
3316,Oh Hail No,,,,day,
3317,Tougher Colder Killer,,,,day,
3318,"Git Up, Git Out - Dirty Version",,,,day,
3319,Xplosion (feat. B-Real),248840,41,2000-10-31,day,
3320,Feather (feat. Cise Starr & Akin from CYNE),175360,67,2005-11-11,day,
3321,Awkward,227466,57,2013-04-01,day,
3322,WOLF,109893,56,2013-04-01,day,
3323,Leflaur Leflah Eshkoshka,303299,41,1996-01-01,day,
3324,Cool and Calm,169227,30,2011-11-01,day,
3325,Ego Death,360360,32,2014-09-08,day,
3326,Octoberfest,211053,25,2014-11-10,day,
3327,Free Chilly - feat. Sarah Green and GemStones Interlude Explicit,,,,day,
3328,N.Y. State of Mind,293973,53,2014-04-15,day,
3329,The Waters,174253,17,2016-01-15,day,
3330,Jazz,260160,49,2014-08-12,day,
3331,X Gon' Give It To Ya,219253,38,2010-01-26,day,
3332,Where The Hood At,287426,34,2010-01-26,day,
3333,Peg Cuffs and Pocket Tees [Plain and Simple],,,,day,
3334,Negro League [Such N Such],,,,day,
3335,Deadline,125725,20,2013-01-22,day,
3336,27,147008,26,2015-04-06,day,
3337,Feasting,159079,20,2015-04-06,day,
3338,Shame,249706,44,2015-04-06,day,
3339,Knock Tha Hustle (feat. J Cole,,,,day,
3340,Sike,34377,4,1999-07-06,day,
3341,Yall Don't Wanna Fuck Ft. M.O.P.,,,,day,
3342,Blackout,300160,47,1998-12-22,day,
3343,Major League,,,,day,
3344,702-386-5397,243000,3,2016-12-02,day,
3345,What's Golden,188560,53,2002-01-01,day,
3346,Holla At Me,295413,54,1996-02-13,day,
3347,Ghetto Gospel,238053,67,2004-01-01,day,
3348,Shorty Wanna Be A Thug,231653,63,1996-02-13,day,
3349,Loud Pipes,226533,53,2006-08-22,day,
3350,Song Cry,302360,53,2001-09-11,day,
3351,Never Change,237066,49,2001-09-11,day,
3352,Villematic,193094,51,2010-11-12,day,
3353,Two Words,266213,62,2004-02-10,day,
3354,I Don't Know You Either,173812,29,2010-07-27,day,
3355,The Red,202106,0,2007-05-08,day,
3356,Champion Sound,143653,27,2003-01-01,year,
3357,Nowadayz,188426,27,2003-01-01,year,
3358,McNasty Filth,175786,28,2003-01-01,year,
3359,L.A. To Detroit,79693,22,2003-01-01,year,
3360,Skit #4,,,,day,
3361,1112,,,,day,
3362,Skit #3,,,,day,
3363,Hip Hop Fury,,,,day,
3364,"High Price, Small Reward",,,,day,
3365,"Breaker, Breaker",,,,day,
3366,Crash Your Crew,,,,day,
3367,Skit #2,,,,day,
3368,Skit #1,,,,day,
3369,Beneath The Surface,,,,day,
3370,Amplified Sample,,,,day,
3371,As I Read My S-A,182000,22,1991-01-15,day,
3372,My Thoughts,243746,35,2022-06-28,day,
3373,Sassy,153373,17,1992-01-01,day,
3374,Golden Terra Of Rap,207706,4,2010-10-05,day,
3375,John T.,152983,14,2011-08-07,day,
3376,wEaRe aT WaR,155500,10,2012-01-24,day,
3377,"Rap Addiction (feat. Lil' Fame, Shabeeno)",,,,day,
3378,Who Got Gunz - feat. Fat Joe & M.O.P.,,,,day,
3379,Wake Em Up,217493,9,1993-01-01,year,
3380,My Advice 2 You,151812,54,1998-03-31,day,
3381,Dadaa,184306,24,2008-09-02,day,
3382,Mic Stance,250453,29,2000-10-24,day,
3383,Equality,277320,41,2000-10-24,day,
3384,Cooky Puss,199640,24,1994-02-08,day,
3385,Sucker M.C.'s (Krush-Groove 1),,,,day,
3386,Doomsday feat. Pebbles The Invisible Girl,,,,day,
3387,Hive (feat. Vince Staples & Casey Veggies),277240,55,2013-08-16,day,
3388,Coolie High,241133,51,1997-01-28,day,
3389,Easy Rider,259301,26,2014-08-05,day,
3390,My Homeboys Chevy,171426,44,2008-06-17,day,
3391,The Mac Named Dre,266746,24,2002-01-01,day,
3392,Smoke Dope And Rap,276200,45,1993-06-17,day,
3393,Doobie Ashtray,316360,42,2013-08-15,day,
3394,Gold Soul Theory,183863,41,2013-07-19,day,
3395,The New,49893,0,2006-02-07,day,
3396,Light My Fire,35640,0,2006-02-07,day,
3397,Waves,98506,42,2006-02-07,day,
3398,Workinonit,177120,0,2006-02-07,day,
3399,Canada Dry,170486,29,2014-08-12,day,
3400,Heron Flow - Live,197657,17,2018-10-26,day,
3401,Comfortable (feat. No Name Gypsy),,,,day,
3402,Healer (feat. Jean Deaux),,,,day,
3403,Shipwrecked (feat. The Mind),,,,day,
3404,Kush Coma (feat. A$AP Rocky & Zelooperz),281011,43,2013-10-08,day,
3405,Everything I Am,227893,74,2007-09-11,day,
3406,Jayou,178973,47,2008-02-06,day,
3407,Made in America (feat. Frank Ocean),,,,day,
3408,That's My Bitch,202560,51,2011-08-08,day,
3409,New Day,272853,53,2011-08-08,day,
3410,Gotta Have It,140746,3,2011-08-08,day,
3411,Ni**as In Paris,,,,day,
3412,Lift Off (feat. Beyoncé),,,,day,
3413,Can't Tell Me Nothing,271600,81,2007-09-11,day,
3414,Good Life,207000,74,2007-09-11,day,
3415,Hypnotize - 2007 Remaster,230000,70,2007-03-02,day,
3416,The What,238266,31,2011-05-17,day,
3417,Request Denied,272573,24,2012-01-01,year,
3418,A Tree Never Grown,,,,day,
3419,"Trashwang (feat. Na-Kel Smith, Jasper Dolphin, Lucas, L-Boy, Taco, Left Brain & Lee Spielman)",282560,51,2013-04-01,day,
3420,PartyIsntOver/Campfire/Bimmer (feat. Frank Ocean & Laetitia Sadier),438493,60,2013-04-01,day,
3421,48,247293,59,2013-04-01,day,
3422,Slater (feat. Frank Ocean),233853,56,2013-04-01,day,
3423,Uno,167213,50,2014-03-18,day,
3424,G Tearz (Prod. By Erick Arc Elliott),,,,day,
3425,Minephuck (Prod. By Erick Arc Elliott),,,,day,
3426,Black Boys Remix Two,,,,day,
3427,Black Boys,240146,25,2024-02-13,day,
3428,4 O'Clock,241106,33,2024-02-13,day,
3429,My Nightmare,,,,day,
3430,Battle Hype,667093,8,2011-05-16,day,
3431,Don't Ask Me,295000,9,2011-05-16,day,
3432,Steady Mobbin',250040,46,1991-10-29,day,
3433,My World Is...,222786,30,2007-07-17,day,
3434,One Four Love Pt. 2,,,,day,
3435,One For Love Instrumental,,,,day,
3436,One Four Love Pt. 1,,,,day,
3437,Marinatin',246026,11,1996-01-01,day,
3438,On Earth As It Is...,289306,10,1996-01-01,day,
3439,Mr. Martyr,184096,24,2013-06-11,day,
3440,Freefalling,127181,24,2013-06-11,day,
3441,Bones,51690,16,2013-06-11,day,
3442,Queen Is Dead,162382,22,2013-06-11,day,
3443,Only Child,122581,21,2013-06-11,day,
3444,Come To Life,165041,28,2013-06-11,day,
3445,Thank Yah (Prod. By Doom),,,,day,
3446,Bumpy's Message (Feat. Bumpy Knuckles) (Prod. By Doom) (Co-Prod. By & Feat. Mr. Chop),,,,day,
3447,I've Seen Footage,202853,57,2012-04-23,day,
3448,Dime Piece feat. Dwele - Remix,195280,0,2006-08-21,day,
3449,Body Movin' feat. J. Rocc & Karriem Riggins,137560,0,2006-08-21,day,
3450,Jungle Love feat. MED & Guilty Simpson,164666,0,2006-08-21,day,
3451,So Far To Go feat. Common & D'Angelo,336813,0,2006-08-21,day,
3452,Baby feat. Guilty Simpson & Madlib,208320,0,2006-08-21,day,
3453,Love feat. Pharoahe Monch,194546,0,2006-08-21,day,
3454,Love Jones,61306,0,2006-10-16,day,
3455,E=MC2 Feat. Common,,,,day,
3456,Geek Down feat. Busta Rhymes,113013,0,2006-08-21,day,
3457,Space Hoes,,,,day,
3458,Vats Of Urine,107853,41,2005-10-17,day,
3459,No Names,187226,42,2005-10-17,day,
3460,Basket Case,154573,42,2005-10-17,day,
3461,A.T.H.F.,183413,46,2005-10-17,day,
3462,Old School Rules,160426,50,2005-10-17,day,
3463,Perfect Hair,123493,44,2005-10-17,day,
3464,The Mask,192226,47,2005-10-17,day,
3465,Sofa King,177066,57,2005-10-17,day,
3466,Rising Down,220026,21,2008-04-29,day,
3467,Trap Door (feat. MF Doom),134133,35,2008-10-07,day,
3468,Glow feat eLZhi & Royce da 5'9,188573,16,2008-10-07,day,
3469,Exhibit C - Clean,,,,day,
3470,"Just Begun (Featuring Jay Electronica, J Cole & Mos Def)",,,,day,
3471,Viagra Skit,104306,18,2015-03-30,day,
3472,Beast Mode,216186,31,2015-03-30,day,
3473,No Snakes Alive,214728,13,2000-11-28,day,
3474,Lavender Buds,185186,61,2004-03-23,day,
3475,Sirens,180326,23,2015-04-06,day,
3476,GET UP,231105,36,2014-02-03,day,
3477,Made In America,292066,51,2011-08-08,day,
3478,Otis,178213,5,2011-08-08,day,
3479,Wisdom Body (feat. Ghostface Killah),158400,38,1995-01-01,year,
3480,Preface,106787,33,2014-08-11,day,
3481,Let Me Talk,261959,12,2010-04-13,day,
3482,Grass Is Always Greener,195973,35,2015-03-30,day,
3483,Ludaversal Intro,215426,29,2015-03-30,day,
3484,Automobile,195800,37,1991-05-28,day,
3485,"The Good, The Bad, The Ugly (feat. Kanye West) - Clean Album Version",251800,34,2007-03-06,day,
3486,Why,247600,23,1994-08-16,day,
3487,Stankonia (Stanklove) (feat. Big Rube & Sleepy Brown),411026,35,2000-10-31,day,
3488,Slum Beautiful (feat. Cee-Lo),247560,36,2000-10-31,day,
3489,Toilet Tisha,264706,35,2000-10-31,day,
3490,"Gangsta Sh*t (feat. Slimm Calhoun, C-Bone & T-Mo)",281266,39,2000-10-31,day,
3491,Red Velvet,232640,40,2000-10-31,day,
3492,Humble Mumble (feat. Erykah Badu),290666,45,2000-10-31,day,
3493,We Luv Deez Hoez (feat. Backbone & Big Gipp),250466,42,2000-10-31,day,
3494,B.O.B. - Bombs Over Baghdad,304226,62,2000-10-31,day,
3495,I'll Call Before I Come (feat. Gangsta Boo & Eco),258399,10,2000-10-31,day,
3496,Prove Me Wrong,237609,28,2012-05-01,day,
3497,The Pursuit,235312,18,2012-05-01,day,
3498,Sit N' Prey (Feat. Dessy Hings & T'Nah Apex) [Prod. By Navie D.],,,,day,
3499,Word Is Bond [Prod. by Statik Selektah],,,,day,
3500,47 Goonz (Feat. Dirty Sanchez & Nyck Caution) [Prod. By Lee Bannon],,,,day,
3501,Sweet Dreams (Prod. By Navie D),,,,day,
3502,Losing My Mind,197733,15,2014-04-15,day,
3503,Time2,194293,18,2014-04-15,day,
3504,Post Traumatic Stress Disorder,223906,13,2014-04-15,day,
3505,Rapid Eye Movement feat Black Thought,,,,day,
3506,Why I Love You (feat. Mr. Hudson),201453,68,2011-08-08,day,
3507,Murder to Excellence,300960,54,2011-08-08,day,
3508,Who Gon Stop Me,256706,52,2011-08-08,day,
3509,Welcome to the Jungle,174133,47,2011-08-08,day,
3510,Right On Time (Prod. By Kirk Knight),,,,day,
3511,Death Of YOLO (Feat. Smoke Dza) [Prod. By Bruce Leekix],,,,day,
3512,My Yout (Feat. Collie Buddz) [Prod. By Chuck Strangers],,,,day,
3513,Hillary $wank [Prod. By Lee Bannon],,,,day,
3514,Unbelievable - 2005 Remaster,223693,26,1994-09-13,day,
3515,Dead Man's Tetris (feat. Captain Murphy & Snoop Dogg),,,,day,
3516,Believe (Prod by The Freshman),,,,day,
3517,What We Have (Prod by Mannie Fresh / Brandon Black),,,,day,
3518,TV  (Prod by Fr23sh Preauxdeuce / Tec Beatz),,,,day,
3519,Intro (Prod by Jayo / Tec Beatz),,,,day,
3520,I Ain't No Joke,232760,53,1987-07-07,day,
3521,Follow The Leader,334973,13,2005-06-14,day,
3522,I Know You Got Soul,284466,47,1987-07-07,day,
3523,Paid In Full,228666,55,1987-07-07,day,
3524,Don't Sweat The Technique,261600,36,2005-06-14,day,
3525,Whoa,199179,61,2019-08-16,day,
3526,06 Long Time 2,,,,day,
3527,05 Brain Cells [prod. by Peter Cotto,,,,day,
3528,04 Windows (Ft Alex Wiley and Akenya,,,,day,
3529,03 Nostalgia,,,,day,
3530,02 Missing You [prod. by Thomas Fool,,,,day,
3531,"01 14,400 Minutes [prod. by DJ SuchN",,,,day,
3532,In Too Deep,207093,75,2001-01-01,day,
3533,Tell Me - Radio Edit,,,,day,
3534,Animals,304228,71,2013-06-17,day,
3535,Swimming Pools (Drank),247840,64,2012-01-01,day,
3536,Ayo,225226,74,2015-02-24,day,
3537,Goldie,,,,day,
3538,Juice,30300,0,2013-04-30,day,
3539,Grown Simba,232720,47,2009-06-15,day,
3540,Thought @ Work,60040,22,2002-01-01,year,
3541,Life In Marvelous Times,,,,day,
3542,Quiet Dog Bite Hard,,,,day,
3543,Priority,,,,day,
3544,Re:Definition,182973,0,1998-09-29,day,
3545,"Sex, Love & Money",249960,19,2004-10-19,day,
3546,Birthday Sex,226506,75,2009-01-01,day,
3547,Sunshine Men,273841,28,1999-07-06,day,
3548,7th Seal,323813,16,1999-07-06,day,
3549,"Like Father, Like Son",327480,46,2005-01-01,year,
3550,Don't Worry,251440,38,2005-01-01,year,
3551,Touch It,214960,60,2006-01-01,day,
3552,Robin Lench,73026,26,1991-10-29,day,
3553,Interlude (That's Love),149875,1,2013-04-30,day,
3554,Party Over (feat. Big Noyd),341160,42,1995-04-25,day,
3555,My Nigga - Remix,239600,58,2014-03-18,day,
3556,Hiding Place,204266,13,2005-09-13,day,
3557,For No Reason Ft. Mean Green,,,,day,
3558,Jupiter's Journey,257985,4,1999-07-06,day,
3559,Convolutions,46889,5,1999-07-06,day,
3560,Legal Alien,225071,7,1999-07-06,day,
3561,5 O'Clock Follies,356911,7,1999-07-06,day,
3562,Dedications,121391,4,1999-07-06,day,
3563,We Will Not Tolerate (A cappella) - Remastered 2021,94588,0,2022-01-21,day,
3564,120 Seconds,123898,11,1999-07-06,day,
3565,Physical Form,229773,12,1999-07-06,day,
3566,Intro,95112,8,2018-07-02,day,
3567,"The Black Hawk War, or, How to Demolish an Entire Civilization and Still Feel Good About Yourself in the Morning, or, We Apologize for the Inconvenience but You're Going to Have to Leave Now, or, 'I Have Fought the Big Knives and Will     Continue to Fight Them Until They Are Off Our Lands!'",,,,day,
3568,Now Or Never - Bonus Track,256213,63,2012-10-22,day,
3569,Black Boy Fly (Bonus Track),279146,48,2012-10-22,day,
3570,The Monster,250188,56,2013-11-05,day,
3571,Represent (Prod Will Sessions),,,,day,
3572,The World Is Yours Represent Intro (Prod Will Sessions),,,,day,
3573,Memory Lane (Prod Will Sessions),,,,day,
3574,Halftime (Prod Will Sessions),,,,day,
3575,Genesis (Prod Will Sessions),,,,day,
3576,Pete Rock Shout,410601,0,2011-12-20,day,
3577,It Aint t Hard To Tell (Prod Will Sessions),,,,day,
3578,One Love (Prod Will Sessions),,,,day,
3579,Lifes A Bitch Feat. Royce da 5'9 and Stokley Williams of Mint Condition (Prod Will Sessions),,,,day,
3580,My Gun Go Off,192080,43,2007-01-01,day,
3581,Intro,50453,33,2007-01-01,day,
3582,Fuck The World,252560,46,1995-03-14,day,
3583,Old School,279200,55,1995-03-14,day,
3584,Can U Get Away,345800,48,1995-03-14,day,
3585,It Ain't Easy,293933,54,1995-03-14,day,
3586,Lord Knows,270000,48,1995-03-14,day,
3587,Heavy In The Game,261826,47,1995-03-14,day,
3588,Young Niggaz,293333,45,1995-03-14,day,
3589,Temptations,300573,57,1995-03-14,day,
3590,So Many Tears,239226,65,1995-03-14,day,
3591,Me Against The World,279133,62,1995-03-14,day,
3592,If I Die 2Nite,241800,52,1995-03-14,day,
3593,Intro,100333,39,1995-03-14,day,
3594,Under Ground Kings,212613,64,2011-11-15,day,
3595,9AM in Dallas - Edited Version,219440,28,2010-01-01,day,
3596,"1 Train (feat. Kendrick Lamar, Joey Bada$$, Yelawolf, Danny Brown, Action Bronson & Big K.R.I.T.)",,,,day,
3597,"F**kin' Problems (feat. Drake, 2 Chainz & Kendrick Lamar)",233786,77,2013-01-01,year,
3598,Fashion Killa,236280,80,2013-01-01,year,
3599,Amnesia,235693,32,2011-01-01,year,
3600,Look Out,259026,47,2009-06-01,day,
3601,That's Not Me - Remix,208920,36,2014-01-01,day,
3602,Big Poppa - 2005 Remaster,252746,42,1994-09-13,day,
3603,Pan-Fried (feat. Kojo Funds),210346,39,2019-08-30,day,
3604,2 Of Amerikaz Most Wanted (ft. Snoop Doggy Dogg),246533,71,1996-02-13,day,
3605,Do It Again (Put Ya Hands Up),278533,42,1999-12-28,day,
3606,Obama Speaks Fuckemweball,38844,3,2012-11-15,day,
3607,Ray Gun (feat. DOOM),,,,day,
3608,Bittersweet Poetry (feat. John Mayer),,,,day,
3609,Otis (feat. Otis Redding),,,,day,
3610,Ni**as In Paris,,,,day,
3611,Us,223386,30,1991-10-29,day,
3612,Doing Dumb Shit,225066,30,1991-10-29,day,
3613,"Colour Blind Feat. Deadly Threat, J-Dee, Kam, King Tee & The MAAD Circle",,,,day,
3614,True To The Game,250426,33,1991-10-29,day,
3615,Horny Lil' Devil,222066,29,1991-10-29,day,
3616,I Wanna Kill Sam,202426,30,1991-10-29,day,
3617,The Birth Feat. Dr. Khallid Muhammad,,,,day,
3618,Death Feat. Dr. Khallid Muhammad,,,,day,
3619,Alive On Arrival,191066,29,1991-10-29,day,
3620,Man's Best Friend,126000,29,1991-10-29,day,
3621,A Bird In The Hand,137426,38,1991-10-29,day,
3622,Look Who's Burnin',233173,30,1991-10-29,day,
3623,Givin' Up The Nappy Dug Out,255200,35,1991-10-29,day,
3624,Revolutionary Warfare featuring Lake,,,,day,
3625,No Idea's Original,,,,day,
3626,The World Is Yours,,,,day,
3627,One Woman Man,,,,day,
3628,Pies,206440,24,2004-04-05,day,
3629,Dr. Knockboot,145133,29,1999-04-06,day,
3630,The Corner - Last Poet Reprise,227866,20,2025-05-23,day,
3631,Apollo Kids (feat. Raekwon),234173,38,2000-02-08,day,
3632,Ghost Deini (feat. Superb),245626,42,2000-02-08,day,
3633,Intro By Redman,45722,44,2025-08-22,day,
3634,The Cross,203322,6,2014-12-01,day,
3635,Whoo Kid/Kay Slay Sh*t!,153333,23,2006-10-24,day,
3636,Gunz Come Out,264560,50,2005-03-03,day,
3637,Cold Lampin' With Flavor,257399,29,1988-06-28,day,
3638,Don't Believe The Hype,319360,48,1988-06-28,day,
3639,Blueprint (Momma Loves Me),220733,42,2001-09-11,day,
3640,All I Need,265826,45,2001-09-11,day,
3641,Hola' Hovito,273160,43,2001-09-11,day,
3642,U Don't Know,199440,56,2001-09-11,day,
3643,Jigga That Nigga,204026,42,2001-09-11,day,
3644,"The Good, The Bad, The Ugly",148333,35,2011-01-01,day,
3645,Doo Rags,243000,39,2002-01-01,year,
3646,Hate Me Now (feat. Diddy),284000,57,1999-04-06,day,
3647,"N.Y. State of Mind, Pt. ll",216106,46,1999-04-06,day,
3648,K-I-SS-I-N-G,255640,35,1999-04-06,day,
3649,Big Things,219600,31,1999-04-06,day,
3650,Break Ya Neck,231240,68,2001-11-07,day,
3651,Jerome (feat. Joey Bada$$ (Prod. by Kirk Knight),,,,day,
3652,He Lives,,,,day,
3653,Da Cipha Interlude,,,,day,
3654,Battle,237160,17,2002-01-01,day,
3655,The Grimy Way,234306,8,2003-08-26,day,
3656,Legendary Street Team,243240,22,2002-01-01,day,
3657,Sharp Shooters,257426,32,2002-01-01,day,
3658,I Made It,205520,26,2006-11-21,day,
3659,30 Something,253213,34,2006-11-21,day,
3660,Do U Wanna Ride featuring John Legend,,,,day,
3661,Lost One - Album Version (Edited),221800,24,2006-11-21,day,
3662,All Day,137038,0,2024-08-15,day,
3663,Respect the Game,192098,64,2018-11-30,day,
3664,Life Goes On,301600,56,1998-01-01,day,
3665,I Ain't Mad At Cha,293226,54,1998-01-01,day,
3666,Troublesome '96,277266,60,1998-01-01,day,
3667,Re:Definition,182973,48,1998-09-29,day,
3668,LVL,220133,79,2013-01-01,year,
3669,PMW (All I Really Need) (feat. ScHoolboy Q),234773,64,2013-01-01,year,
3670,Angels,227080,62,2013-01-01,year,
3671,Ghetto Symphony (feat. Gunplay & A$AP Ferg),237733,60,2013-01-01,year,
3672,Jodye,260760,47,2013-01-01,year,
3673,Suddenly,270706,52,2013-01-01,year,
3674,Phoenix,233880,59,2013-01-01,year,
3675,Wild for the Night (feat. Skrillex & Birdy Nam Nam),212640,65,2013-01-01,year,
3676,Hell (feat. Santigold),231786,56,2013-01-01,year,
3677,Between Villians (Feat. Viktor Vaughn & Earl Sweatshirt),,,,day,
3678,Exhibit C (Prod. Just Blaze),,,,day,
3679,Bar-Barian,162953,0,2013-11-13,day,
3680,Blockbuster Night Part 1,,,,day,
3681,Creative Control,107483,39,1994-05-24,day,
3682,Street Knowledge (feat. Tree),,,,day,
3683,Nasty,160006,24,2023-09-16,day,
3684,A Better Tomorrow,264440,33,2014-11-28,day,
3685,Keep Watch,265373,27,2014-11-28,day,
3686,Ruckus in B Minor,324733,29,2014-11-28,day,
3687,Hustler's Ambition,237613,63,2005-01-01,day,
3688,"The Spark (feat. Action Bronson, Joey Bada$$ & Mike Posner)",176970,8,2013-06-18,day,
3689,Experience,315426,77,2013-01-01,day,
3690,Food,203769,40,2015-02-19,day,
3691,Nuggets of Wisdom,131026,39,2015-02-19,day,
3692,Sticks 'n' Stones,201480,33,2009-06-01,day,
3693,Gold Digger,208040,45,2005-01-01,day,
3694,F**kin' Problems,,,,day,
3695,CoCo,239573,60,2014-11-10,day,
3696,Satellite (Remix),215679,36,2019-03-01,day,
3697,It's a Good Thing,262253,11,2015-02-24,day,
3698,Thieves In The Night,311960,52,1998-09-29,day,
3699,Respiration,365333,51,1998-09-29,day,
3700,Carolina Agents,217760,5,2005-10-04,day,
3701,A.N.G.E.L. - Interlude,139644,33,2003-01-01,day,
3702,Twuneanunda,201293,25,2003-01-01,day,
3703,Find A Way,249573,49,2003-01-01,day,
3704,"You Can't Hide, You Can't Run (prod. by Evidence)",,,,day,
3705,"Right Back at You (feat. Ghostface Killah, Raekwon & Big Noyd)",293066,46,1995-04-25,day,
3706,Watch Dem Niggas (feat. Foxy Brown),244733,44,1996-07-02,day,
3707,Nas Is Coming (feat. Dr. Dre),341000,47,1996-07-02,day,
3708,Not Tha Average,263560,24,1996-01-01,day,
3709,Scientifical Madness,254640,29,1996-01-01,day,
3710,Revenge Of The Prophet (Part 5),245133,25,1996-01-01,day,
3711,One Day,134493,37,1996-01-01,day,
3712,Physical Stamina,185040,23,1996-01-01,day,
3713,Whatever,196426,40,1996-01-01,day,
3714,Tha Bullshit,120840,41,1996-01-01,day,
3715,True Skillz,197906,22,2003-09-23,day,
3716,Tha Frustrated Nigga,,,,day,
3717,Ballad of the Black Gold,333573,6,2020-05-01,day,
3718,Outta Control (Remix) (Feat. 50 Cent) (Bonus Track),,,,day,
3719,Up North Trip,298000,48,1995-04-25,day,
3720,Temperature's Rising (feat. Crystal Johnson),300200,51,1995-04-25,day,
3721,Give Up the Goods (Just Step),243133,60,1995-04-25,day,
3722,(Just Step Prelude),66333,38,1995-04-25,day,
3723,Eye for a Eye (Your Beef Is Mines) (feat. Nas & Raekwon),288306,53,1995-04-25,day,
3724,Drink Away the Pain (Situations) (feat. Q-Tip),285866,42,1995-04-25,day,
3725,Dead Presidents II,266066,52,1996-06-25,day,
3726,Brooklyn's Finest,275640,48,1996-06-25,day,
3727,Money Is My Bitch,242893,34,1999-04-06,day,
3728,K-I-SS-I-N-G,237546,6,2007-02-20,day,
3729,I Want to Talk to You,276200,31,1999-04-06,day,
3730,You Won't See Me Tonight (feat. Aaliyah),262773,39,1999-04-06,day,
3731,Ghetto Prisoners,240600,33,1999-04-06,day,
3732,We Will Survive,300293,34,1999-04-06,day,
3733,Favor for a Favor (feat. Scarface),247000,39,1999-04-06,day,
3734,Small World,285400,38,1999-04-06,day,
3735,Album Intro,170893,28,1999-04-06,day,
3736,Undying Love,263040,36,1999-04-06,day,
3737,The Rep Growz Bigga,295533,35,1998-03-31,day,
3738,The Militia,288577,49,1998-03-31,day,
3739,Silent Murder,204853,26,2021-07-02,day,
3740,Live Nigga Rap (feat. Mobb Deep),225066,46,1996-07-02,day,
3741,Shootouts,226026,45,1996-07-02,day,
3742,Suspect,252173,41,1996-07-02,day,
3743,Black Girl Lost (feat. JoJo Hailey),262960,40,1996-07-02,day,
3744,The Set Up (feat. Havoc),241640,45,1996-07-02,day,
3745,Above The Clouds,221626,63,1998-03-31,day,
3746,Frame (ft. Cocoa Brovaz),,,,day,
3747,One-Two,223266,12,2005-11-15,day,
3748,Showdown (ft. Q-Tip),,,,day,
3749,Evil Dee Is On the Mix,59373,8,2005-11-15,day,
3750,Weight of the World,209800,18,2005-11-15,day,
3751,Five (Interlude),73440,6,2005-11-15,day,
3752,War Zone,201560,24,2005-11-15,day,
3753,The Onslaught (ft. Busta Rhymes),,,,day,
3754,Intro,43733,6,2005-11-15,day,
3755,Outro (ft. Rock from Heltah Skeltah),,,,day,
3756,Throw Your Hands in the Air,259693,14,2005-11-15,day,
3757,Duress,,,,day,
3758,Two Turntables & a Mic,236800,26,2005-11-15,day,
3759,Buckshot (Interlude),71666,5,2005-11-15,day,
3760,Maybe One Day (feat. Black Spade),240880,5,2012-07-17,day,
3761,Samsonite Man (feat. Blu),313022,25,2009-01-01,year,
3762,Outta Control - Remix- Album Version (Explicit),,,,day,
3763,Ante Up (Robbin Hoodz Theory),249160,31,2009-05-15,day,
3764,Eye for a Eye (Your Beef Is Mines) (feat. Nas & Raekwon),288306,32,2020-04-24,day,
3765,Smoke It,177920,28,2006-05-02,day,
3766,Trife Life,320160,45,1995-04-25,day,
3767,09 Family (ft Vic Mensa and Sulaiman,,,,day,
3768,11 Fuck You Tahm Bout,,,,day,
3769,(The Infamous Prelude),132626,38,1995-04-25,day,
3770,Doe Or Die,279382,32,1995-10-10,day,
3771,"Shook Ones, Part 2",256333,37,2000-09-05,day,
3772,Troublemakers,220573,17,2010-01-01,day,
3773,Beware of The Stare - Instrumental,199266,10,2013-04-16,day,
3774,Got It Twisted,224626,46,2004-08-10,day,
3775,Soldier's Story,235800,7,2002-11-26,day,
3776,Like Water [Prod. By Statik Selektah],,,,day,
3777,I Get Physical,304200,31,1994-01-01,day,
3778,Get Away (The Spirit of Wu-Tang),180053,21,2013-04-28,day,
3779,We Movin (prod. Statik Selektah),,,,day,
3780,Find a Way,203066,60,1998-09-29,day,
3781,Simon Says,173373,62,2019-10-18,day,
3782,Straighten It Out,253413,44,1992-05-26,day,
3783,Act Like You Know,243600,25,1992-05-26,day,
3784,Lots Of Lovin (feat. Terri Robinson & Tabitha Brace),,,,day,
3785,Ghettos of the Mind,302986,23,1992-05-26,day,
3786,For Pete's Sake,354640,31,1992-05-26,day,
3787,The Start of Your Ending (41st Side),264333,50,1995-04-25,day,
3788,Cradle to the Grave,297000,45,1995-04-25,day,
3789,(The Grave Prelude),50160,35,1995-04-25,day,
3790,Q.U. - Hectic,286506,43,1995-04-25,day,
3791,Free Nation Rebel Soldier 2,170212,17,2014-12-09,day,
3792,The Trees [OnGaud],,,,day,
3793,The Knowledge of Good and Evil,,,,day,
3794,La vérité,183426,22,2014-12-03,day,
3795,This Way,245826,54,2004-04-06,day,
3796,"You Can't Hide, You Can't Run",259573,54,2006-02-21,day,
3797,She Needs Me Feat. Javonte,,,,day,
3798,Heavy Artillery,254040,32,2011-01-01,day,
3799,Good Girls Go Bad,278066,35,2011-01-01,day,
3800,Red Nation,229480,59,2011-01-01,day,
3801,"Gravel Pit (feat. RZA, Method Man, Ghostface Killah, Raekwon & U-God)",253466,56,2004-10-26,day,
3802,Quiet Storm,265493,58,1999-08-17,day,
3803,Get Away (The Spirit of Wu-Tang),,,,day,
3804,Rock Co.Kane Flow (feat. MF Doom),185266,0,2004-10-05,day,
3805,Dope Fiend Rental [feat. ScHoolboy Q],175207,26,2013-10-08,day,
3806,To Be Real (Prod by Narcotics / Tec Beatz / Brandon Black),,,,day,
3807,Everyday People ft. Alanna (Prod by Organized Noize / Tez Beatz),,,,day,
3808,Price & Shining Armor (feat. Ruste Juxx),184912,6,2012-10-30,day,
3809,48 Laws Pt. 1,298707,18,2014-10-27,day,
3810,Hey Ya!,235213,83,2003-01-01,year,
3811,Spot Rusherz,193400,37,1995-01-01,year,
3812,Protect Ya Neck,291266,65,1993-11-09,day,
3813,The Narrow Path,311386,27,2007-07-17,day,
3814,Show Me The Good Life (feat. Aloe Blacc & Joseph),,,,day,
3815,Cold Hearted (feat. Miguel Jontel),,,,day,
3816,Simply Amazin',211440,27,2007-07-17,day,
3817,Dancing In The Rain,266164,41,2024-01-07,day,
3818,Warning - 2005 Remaster,220440,34,1994-09-13,day,
3819,Machine Gun Funk - 2005 Remaster,255893,34,1994-09-13,day,
3820,Everyday Struggles,,,,day,
3821,Last Real Nigga Alive,304973,39,2002-12-13,day,
3822,A1 Everything ft. Kendrick Lamar,,,,day,
3823,Biochemical Equation,236200,42,2005-10-07,day,
3824,Lyrical Swords,205893,39,2005-10-18,day,
3825,Fourth and Back,266746,17,2007-06-20,day,
3826,Don't See Us,270160,32,1999-02-23,day,
3827,Q.U. - Hectic,286506,24,2020-04-24,day,
3828,History,,,,day,
3829,Wahid,,,,day,
3830,Casa Bey,,,,day,
3831,Roses,,,,day,
3832,Revelations,,,,day,
3833,Close Edge,190106,3,2022-03-28,day,
3834,Pretty Dancer,,,,day,
3835,Pistola,,,,day,
3836,No Hay Nada Mas,,,,day,
3837,The Embassy,,,,day,
3838,Humble Pi,245051,21,2014-10-27,day,
3839,Bomb,199426,20,2014-06-03,day,
3840,Harold's,169506,21,2014-06-03,day,
3841,No Idea's Original,184000,32,2002-01-01,year,
3842,Nothing Lasts Forever,232240,34,2002-01-01,year,
3843,U Gotta Love It,198266,34,2002-01-01,year,
3844,My Way,235293,37,2002-01-01,year,
3845,The Truth,236160,32,2019-10-18,day,
3846,Broken Again,257013,19,2014-04-15,day,
3847,Scream,148866,10,2014-04-15,day,
3848,Bad MF,187266,21,2014-04-15,day,
3849,Heroin Addict,65560,10,2014-04-15,day,
3850,Party For Your Right To Fight,205493,25,1988-06-28,day,
3851,Rebel Without A Pause,302666,49,1988-06-28,day,
3852,Mind Terrorist,81333,26,1988-06-28,day,
3853,Hey You,234493,33,1995-01-01,day,
3854,She Said,315640,46,1995-01-01,day,
3855,Shade Business,225266,9,2013-02-05,day,
3856,"The Matrix (feat. Pharoahe Monch, Sean Price, & DJ Premier)",,,,day,
3857,Hell Yeah (Feat. Fat Ray),,,,day,
3858,Losing Out (feat. Royce Da 5'9"),,,,day,
3859,Hold it Down,263200,10,2008-10-28,day,
3860,Without U (feat. Colin Munroe),289000,0,2008-10-28,day,
3861,Give the Drummer Sum,234440,11,2008-10-28,day,
3862,Long Story Short,304040,0,2008-10-28,day,
3863,Dark Sunshine,72521,0,2011-11-01,day,
3864,LOL,181093,0,2011-11-01,day,
3865,WTF,71859,0,2011-11-01,day,
3866,Dada,122957,0,2011-11-01,day,
3867,Jordan VIII,92373,0,2011-11-01,day,
3868,Zap,210487,0,2011-11-01,day,
3869,Back When,202093,21,2012-07-17,day,
3870,You Wouldn't Understand Ft Victoria Monet,,,,day,
3871,Daughters,200213,31,2012-07-17,day,
3872,Fetus,200066,15,2002-09-24,day,
3873,Poppa Was a Playa,224306,33,2002-01-01,year,
3874,Black Zombie,215760,31,2002-01-01,year,
3875,Detroit State of Mind,285207,0,2011-12-20,day,
3876,Halftime,131935,22,2011-12-20,day,
3877,Memory Lane,227502,0,2011-12-20,day,
3878,Motown 25,237026,16,2024-03-22,day,
3879,Fudge Pudge,331040,23,1991-10-29,day,
3880,Close Edge,190120,19,2004-10-19,day,
3881,Sunshine,265786,38,2004-10-19,day,
3882,Word War 4,,,,day,
3883,New God Flow,294906,50,2012-01-01,day,
3884,Friday Night Lights (Intro),,,,day,
3885,Sincere - Re-Cue'D,338693,45,2000-12-04,day,
3886,O.D.B. Tribute,111133,21,2005-10-18,day,
3887,I'll Still Kill,223506,64,2007-01-01,day,
3888,Jerome (feat. Joey Bada$$),,,,day,
3889,The Science,183853,9,2024-03-22,day,
3890,Survival Tactics (feat. Capital STEEZ),,,,day,
3891,FromdaTomb$,204866,54,2012-06-12,day,
3892,Time's Up,206981,46,1994-05-24,day,
3893,Really Love,344346,53,2014-12-15,day,
3894,Born 2 Live,289133,24,1994-05-24,day,
3895,O-Zone,247221,23,1994-05-24,day,
3896,N.Y. State of Mind,292000,21,2007-11-06,day,
3897,Life's a Bitch (feat. AZ & Olu Dara),210320,16,2007-11-06,day,
3898,It Ain't Hard to Tell,202786,18,2007-11-06,day,
3899,Get By Side A (Remix) [feat. Jay Z & Busta Rhymes],246752,38,2015-03-09,day,
3900,Keynote Speaker,134933,20,2002-12-16,day,
3901,When the People Cheer (feat. Modesty Lycan & Greg Porn),,,,day,
3902,Never (feat. Patty Crash),,,,day,
3903,Theme from Middle of the Night - 2004 Remaster,150800,10,1959-01-01,year,
3904,Do What U Feel,253893,39,1996-12-10,day,
3905,Picture Me Rollin',314906,55,1998-01-01,day,
3906,Pennyroyal,169796,50,2012-06-12,day,
3907,World Domination,162761,54,2012-06-12,day,
3908,Hardknock (feat. CJ Fly),,,,day,
3909,White Dress,215186,63,2012-10-22,day,
3910,Bad To The Bone,159880,12,2014-11-25,day,
3911,514,235646,28,2014-08-12,day,
3912,Dehydration (feat. The Mind),,,,day,
3913,Who Else,215890,25,2014-08-12,day,
3914,The Way To The Forest,368733,7,2014-12-03,day,
3915,Bois,325346,6,2014-12-03,day,
3916,Sunday's Best,127103,7,2013-03-19,day,
3917,La vérité,,,,day,
3918,Where It'$ At (Feat. Kirk Knight),,,,day,
3919,Don't Front (Feat. CJ Fly),,,,day,
3920,Funky Ho'$,269357,49,2012-06-12,day,
3921,Bonita Applebum,217240,53,1999-10-26,day,
3922,Check the Rhime,219093,35,1999-10-26,day,
3923,Benzie Box (ft. Cee-Lo),,,,day,
3924,Summer Knights,116050,50,2012-06-12,day,
3925,AmeriKKKa's Most Wanted,248160,45,1990-03-16,day,
3926,The Nigga Ya Love To Hate,193200,52,1990-03-16,day,
3927,All I Need - Remix,222066,26,2001-08-20,day,
3928,Bring The Pain,189760,58,1994-11-15,day,
3929,Tear It Off,252826,11,1999-08-30,day,
3930,4 Seasons (feat. Ja Rule & L.L. Cool J),261333,36,1999-01-01,day,
3931,Y.O.U.,243333,42,1999-01-01,day,
3932,Mi Casa,163800,39,1999-01-01,day,
3933,G.M.C.,213080,38,2003-01-01,year,
3934,Mr. Clean,133666,41,2003-01-01,year,
3935,POW 2011 - Original Edit,223503,9,2011-02-06,day,
3936,POW 2011 - Original Edit [Explicit],,,,day,
3937,Exhibit A - Dirty,,,,day,
3938,Fuck You,205453,63,1999-11-16,day,
3939,Big Ego's - Instrumental,209466,32,1999-11-17,day,
3940,Fuck You - Instrumental,187600,36,1999-11-17,day,
3941,Colors of You feat. Mike Posner (Prod. J Dilla),,,,day,
3942,Life Of The Party,260680,21,2020-04-17,day,
3943,"Bird's Eye View (feat. Raekwon, Joey Bada$$ & Black Thought)",214293,6,2013-04-16,day,
3944,War And Peace,197893,33,1998-11-17,day,
3945,Fuck Dying,243506,46,1998-11-17,day,
3946,Dr. Frankenstein,294011,31,1998-11-17,day,
3947,Pushin' Weight,274600,37,1998-11-17,day,
3948,W.A.R. Ft. Immortal Technique And Vernon Reid,,,,day,
3949,Evolve,160186,15,2011-03-22,day,
3950,The Wanton Song - Remaster,248720,48,1975-02-24,day,
3951,Francine,321399,11,2014-10-27,day,
3952,The Black Bond,142866,17,2012-07-17,day,
3953,Cherry Wine Ft Amy Winehouse,,,,day,
3954,Stay,225040,36,2012-07-17,day,
3955,98 Freestyle,129692,56,2016-07-15,day,
3956,Tis The Season (feat. Joey Bada$$),263226,27,2013-09-09,day,
3957,Play Dis Only At Night,307426,27,2001-01-01,year,
3958,A Little Soul,341200,43,2001-01-01,year,
3959,Saliva (Instrumental),177226,12,2004-01-01,year,
3960,Saliva (Vocal),,,,day,
3961,Bergamont,,,,day,
3962,Sarsaparilla,,,,day,
3963,Fenugreek,,,,day,
3964,Vervain,,,,day,
3965,White Willow Bark,,,,day,
3966,Benzoin Gum,,,,day,
3967,Zatar,,,,day,
3968,Next Level,201066,10,2004-04-05,day,
3969,"God Knows (feat. Bun B, Jared Evan & Pos Of De La Soul)",340452,0,2014-08-19,day,
3970,Get Away (feat. Joe Scudda & Colin Munroe),213992,0,2014-08-19,day,
3971,Rise Above (feat. Astro & Dessy Hinds),206917,0,2014-08-19,day,
3972,Something To Cry For (feat. Boldy James),241221,0,2014-08-19,day,
3973,Overdose (feat. B-Real & JFK),173579,0,2014-08-19,day,
3974,Heltah Selektah (feat. Sean Price & Rock),126741,0,2014-08-19,day,
3975,"Down Like This (feat. Sheek Louch, Pharoahe Monch & Crooked I)",269210,0,2014-08-19,day,
3976,"Drunk & High (feat. Noreaga, Termanology & Reks)",221756,0,2014-08-19,day,
3977,Long Time (feat. Action Bronson),212856,0,2014-08-19,day,
3978,Fugazi (Introducing Sincere) [feat. Sincere],,,,day,
3979,"My Time (feat. Black Dave, CJ Fly, Nyck Caution & Josh Xantus)",195789,1,2014-08-19,day,
3980,"Alarm Clock (feat. Ab-Soul, Jon Connor & Logic)",205333,6,2014-08-19,day,
3981,Back For You (feat. Dilated Peoples),182684,1,2014-08-19,day,
3982,"All The Way (Pimp Hop) [feat. Snoop Dogg, Wais P, Ransom & CharlieRED]",230563,0,2014-08-19,day,
3983,The Thrill Is Back (feat. Styles P & Talib Kweli),165884,0,2014-08-19,day,
3984,What Goes Around (feat. Lil Fame & Ea$y Money),139204,0,2014-08-19,day,
3985,Boom - Street Version,235760,33,2000-01-01,year,
3986,Caterpillar (feat. Eminem & King Green),283076,53,2018-05-04,day,
3987,I Goes In,189693,4,2015-01-20,day,
3988,Fame,215108,14,2007-09-25,day,
3989,Everything Is Falling Down,217750,20,2011-09-27,day,
3990,The Illest Villains,115360,48,2004-03-24,day,
3991,How I'm Living,264240,24,1996-01-01,day,
3992,Me Or The Papes,265533,52,1996-01-01,day,
3993,Wrath Of The Math,57600,25,1996-01-01,day,
3994,Less Than an Hour (Theme from "Rush Hour 3"),196053,19,2007-11-06,day,
3995,Made You Look,203360,26,2007-11-06,day,
3996,Got Ur Self A Gun,228746,21,2007-11-06,day,
3997,IJUSWANNACHILL,,,,day,
3998,If I Ruled the World (Imagine That) (feat. Lauryn Hill),283053,36,2007-11-06,day,
3999,No One Will Ever Love You,227880,28,2017-10-06,day,
4000,The Message (Skit),,,,day,
4001,"A Better Tomorrow (feat. Inspectah Deck, Masta Killa, U-God, RZA & Method Man)",295200,40,1997-06-03,day,
4002,It's A Thin Line Between Love and Hate,239142,18,2014-12-09,day,
4003,Loyalty,117575,13,2014-12-09,day,
4004,Here I Go Again (feat. AZ and Rell),,,,day,
4005,Run,199520,37,2004-04-20,day,
4006,Death Of YOLO (Feat. Smoke Dza) [Prod. By Bruce Leekix],,,,day,
4007,Runaway,314493,53,2013-06-18,day,
4008,Kerney Sermon - Skit,46066,41,2013-06-18,day,
4009,Higher,229115,49,2010-11-12,day,
4010,Blow Up,299632,47,2010-11-12,day,
4011,Best Friend - Friday Night Lights,205416,43,2010-11-12,day,
4012,The Autograph,223164,47,2010-11-12,day,
4013,2Face,286401,46,2010-11-12,day,
4014,Let Nas Down (Made Nas Proud Remix) feat. Nas,,,,day,
4015,When It Rains feat. Aloe Blacc,176605,41,2014-02-04,day,
4016,Revenge is Sweet [The Brown Tape],195134,13,2018-01-26,day,
4017,NoitavO,,,,day,
4018,Thank You,240413,47,2013-01-01,day,
4019,I Am Forgiven (Prod. B!nk),,,,day,
4020,Monochrome,,,,day,
4021,Beautiful Raw,241348,15,2013-05-07,day,
4022,NNY feat. ANTHM,,,,day,
4023,They Die By Dawn feat. Mos Def & Jay Electronica [Abridged],,,,day,
4024,Quicksand feat. Common & Dezi Paige (Prod. J Dilla),,,,day,
4025,Fleming Street (prod. Mike TopNoch),,,,day,
4026,Soul On Ice,219501,25,2010-09-28,day,
4027,Made You Look,,,,day,
4028,Life's a Bitch feat. AZ,,,,day,
4029,Rewind feat. Lei-an,,,,day,
4030,You Know My Style,,,,day,
4031,Church,332973,24,2004-10-05,day,
4032,The Grind Date,202560,33,2004-10-05,day,
4033,Much More - feat. Yummy Bingham,245493,43,2004-10-05,day,
4034,Verbal Clap,195426,25,2004-10-05,day,
4035,The Future,229973,26,2004-10-05,day,
4036,We The People,251023,14,2012-05-01,day,
4037,Disclaimer,168443,13,2012-05-01,day,
4038,Nautica,235050,14,2012-05-01,day,
4039,Hero v.s. Villain (Epilogue),178666,36,1999-10-19,day,
4040,? Featuring Kurious,,,,day,
4041,The Mic,182306,41,1999-10-19,day,
4042,Operation: Greenbacks featuring Megalon,,,,day,
4043,Gas Drawls (Original 12" Version),,,,day,
4044,Dead Bent (Original 12" Version),,,,day,
4045,Cost Me A Lot,197916,44,2010-11-12,day,
4046,Buss It Up (feat. Vybz Kartel),286159,32,2007-10-01,day,
4047,Can't Hold We Down (feat. Popcaan),267546,47,2019-08-30,day,
4048,Back Home,,,,day,
4049,"Chip Roll, Sausage In Batter",,,,day,
4050,Rude Boy,,,,day,
4051,Flow of the Year (feat. Jme),214253,41,2016-03-04,day,
4052,Pass Out (KA Freestyle),,,,day,
4053,Track Burglar,,,,day,
4054,You Are Young,,,,day,
4055,Just to Get By,97000,41,2009-06-15,day,
4056,You Can't Fade Me/JD's Gaffilin',312933,34,1990-03-16,day,
4057,Robbin' Hood (Cause It Ain't All Good),303893,21,1994-11-22,day,
4058,Grown Man Sport,276373,1,2017-03-24,day,
4059,High All The Time,269360,57,2003-02-06,day,
4060,Grown Man Sport,,,,day,
4061,Center of Attention,282813,0,2017-03-24,day,
4062,I Used to Love H.E.R.,278706,48,1994-10-25,day,
4063,Resurrection,227826,50,1994-10-25,day,
4064,Oh My Gosh (Produced By JME),,,,day,
4065,Think Twice (feat. Pete Rock),,,,day,
4066,Mind Over Matter,,,,day,
4067,Props,245173,0,2017-03-24,day,
4068,"To Each His Own (feat. Q-Tip, Large Professor)",,,,day,
4069,Square One,,,,day,
4070,Hot Sex,165666,33,1998-09-29,day,
4071,God Lives Through,255546,45,1993-11-09,day,
4072,Lyrics to Go,249026,44,1993-11-09,day,
4073,No More Words,,,,day,
4074,Microphonist Wanderlust,,,,day,
4075,Don't You Love It,262346,0,2017-03-24,day,
4076,Krossroads,,,,day,
4077,The Life I Live,,,,day,
4078,Six Directions of Boxing,290760,21,2012-10-22,day,
4079,Just Blowin' In The Wind,274066,15,2012-10-22,day,
4080,Built For This,264506,24,2012-10-22,day,
4081,Rivers of Blood,,,,day,
4082,Get Your Way (Sex Is a Weapon),250786,16,2012-10-22,day,
4083,I Forgot to Be Your Lover (feat. Tre Williams),202253,9,2012-11-07,day,
4084,"Tick, Tock",378066,26,2012-10-22,day,
4085,Chains,221786,8,2012-10-21,day,
4086,Black Out,251800,16,2012-10-22,day,
4087,The Baddest Man Alive,230906,39,2012-10-22,day,
4088,Props,,,,day,
4089,Center of Attention,,,,day,
4090,Microphonist Wanderlust,,,,day,
4091,Don't You Love It,,,,day,
4092,Mind Over Matter,,,,day,
4093,Our Dreams,,,,day,
4094,Smooth Sailing Remix,,,,day,
4095,Mef vs. Chef 2,,,,day,
4096,Criminology 2.5,,,,day,
4097,Options,190560,15,2012-05-01,day,
4098,The Formula,229586,18,2012-05-01,day,
4099,Angels Sing,242127,13,2012-05-01,day,
4100,The First 48,243228,13,2012-05-01,day,
4101,Signs,120350,13,2012-05-01,day,
4102,"Power Circle (feat. Kendrick Lamar, Rick Ross, Meek Mill, Wale & Stalley)",470638,11,2013-10-29,day,
4103,6 Foot 7 Foot,248586,63,2011-01-01,day,
4104,Adorn,193146,69,2012-01-01,year,
4105,Malta,428503,3,2011-07-08,day,
4106,Lights - Shook Remix,229002,5,2011-01-01,day,
4107,Voodoo,213800,51,2023-03-10,day,
4108,Voodoo,214120,63,2023-07-21,day,
4109,Not Giving In (feat. John Newman & Alex Clare) - Bondax Remix,203611,16,2012-11-12,day,
4110,Odyssey,315624,9,2012-02-27,day,
4111,Wildfire,201000,44,2011-06-27,day,
4112,I Was There,300363,3,2012-08-20,day,
4113,Lean Back,247426,68,2004-07-15,day,
4114,Go With the Flow - Raw Rhymes,223373,30,1999-10-19,day,
4115,Go With the Flow - 12" Version,223000,32,1999-10-19,day,
4116,Greenbacks (Original 12" Version),,,,day,
4117,Hey! (Original 12" Version),,,,day,
4118,Blood in the Streets (feat. AZ),,,,day,
4119,Everybody's Crazy,215266,28,2002-01-01,year,
4120,Blaze a 50,169626,35,2002-01-01,year,
4121,Sway & Tech Radio Promo,,,,day,
4122,G.U.R.U.,217242,27,2010-09-28,day,
4123,Speak Ya Clout,214840,19,1999-07-13,day,
4124,I'm The Man - Feat. Jeru The Damaja And Lil Dap,,,,day,
4125,99.9 Percent,229551,31,2021-07-09,day,
4126,Kindness For Weakness,249280,38,2006-02-21,day,
4127,Cut My Teeth,220320,14,2014-08-11,day,
4128,Show Me The Way (feat. Aloe Blacc),248160,37,2014-08-11,day,
4129,In The Zone,256226,4,2013-02-05,day,
4130,Here They Cum ft. Das EFX,,,,day,
4131,Take A Walk,307133,41,2005-02-15,day,
4132,Three Bricks (feat. Notorious B.I.G. & Raekwon),,,,day,
4133,Iron's Theme (Intermission),90440,30,2000-02-08,day,
4134,Stroke Of Death (Feat. RZA),,,,day,
4135,Stay True aka Deck's Beat,,,,day,
4136,Woodrow The Basehead (Skit),,,,day,
4137,Louder Than a Bomb,217800,34,1988-06-28,day,
4138,Who Loves You More,307031,16,2011-09-27,day,
4139,The Life of Kings,207343,30,2011-09-27,day,
4140,Back To The Rap,193760,6,2013-02-05,day,
4141,Swing Your Own Thing,219066,11,2013-02-05,day,
4142,Fake Homeyz ft. Top Quality And 3rd Eye,,,,day,
4143,I Saw It Cummin',242226,12,2013-02-05,day,
4144,I'll Wait (Feat. Zone 7),322506,3,2013-02-05,day,
4145,JFK 2 LAX,214666,52,1998-03-31,day,
4146,Royalty,311400,45,1998-03-31,day,
4147,Work,177666,65,1998-03-31,day,
4148,Robbin Hood Theory,224040,41,1998-03-31,day,
4149,You Know My Steez,247626,57,1998-03-31,day,
4150,Rock Dis Funky Joint,311080,36,1990-01-01,year,
4151,Twinz (Deep Cover 98),228106,42,2001-04-03,day,
4152,Funky Child,271066,45,1993-01-01,day,
4153,Here I Stand (The Streets Been Good to Me),293400,7,2005-10-18,day,
4154,Alowha [Prod. By Kirk Knight],,,,day,
4155,We Can't Win,203053,22,1995-10-10,day,
4156,No Diggety,241360,30,1995-09-26,day,
4157,Mic Checka - Remix,309066,30,2001-07-03,day,
4158,Real Hip-Hop - Pete Rock Remix,240933,24,1995-09-26,day,
4159,Baknaffek,214266,19,2001-07-03,day,
4160,Real Hip-Hop,247613,51,1995-09-26,day,
4161,Check Yo Self,273106,69,1994-11-22,day,
4162,On The Eve Of War (Meldrick Taylor Mix),178293,28,2004-09-21,day,
4163,Paper Plate (Instrumental),,,,day,
4164,Basic Instructions Before Leaving Earth,,,,day,
4165,I Gotcha Back,301000,40,1995-11-07,day,
4166,Swordsman,201066,43,1995-11-07,day,
4167,Hell's Wind Staff / Killah Hills 10304,308626,45,1995-11-07,day,
4168,Labels,174226,44,1995-11-07,day,
4169,Gold,237200,46,1995-11-07,day,
4170,Fantastic Ocean Sounds,138083,28,2016-08-26,day,
4171,Caught Up,219514,13,2012-05-01,day,
4172,Two Sleepy People,165840,0,2019-03-08,day,
4173,The Formula,252626,46,1989-01-01,year,
4174,Just Walk,250024,18,2012-05-01,day,
4175,The First 48,196026,0,2011-09-30,day,
4176,Signs,286580,39,2024-10-31,day,
4177,Setbacks,210612,38,2020-04-07,day,
4178,Time's Up - Remix Instrumental,213462,39,1994-10-18,day,
4179,Nautical Reflections: Meditative Bliss,119280,0,2023-07-14,day,
4180,THE UNEXPECTED,265093,27,2008-10-28,day,
4181,Dead Price (feat. Sean Price),195040,21,2014-07-01,day,
4182,Ray's Café,190124,2,2014-01-21,day,
4183,Intro,37894,0,2014-01-21,day,
4184,When I B On Tha Mic,222933,62,1999-11-30,day,
4185,Exhibit C - Instrumental,331440,21,2009-12-22,day,
4186,Everything Is Fair,178333,44,1991-09-24,day,
4187,Check the Rhime,216693,64,1991-09-24,day,
4188,What?,148706,44,1991-09-24,day,
4189,Infamous Date Rape,173573,44,1991-09-24,day,
4190,Vibes and Stuff,257825,49,1991-09-24,day,
4191,"Show Business (feat. Diamond D, Lord Jamar & Sadat X)",233440,46,1991-09-24,day,
4192,Verses from the Abstract (feat. Vinia Mojica & Ron Carter),238893,49,1991-09-24,day,
4193,Butter,218773,52,1991-09-24,day,
4194,Rap Promoter,133000,49,1991-09-24,day,
4195,Alligator,331360,26,2013-06-11,day,
4196,Triple Backflip,171440,34,2013-06-11,day,
4197,Strictly 4 My Jeeps,165433,37,2013-06-11,day,
4198,The Rockers feat. Wiz Khalifa,188653,36,2013-06-11,day,
4199,My Black Nina,,,,day,
4200,Wu-Tang: 7th Chamber - Part II - Conclusion,370160,48,1993-11-09,day,
4201,Tearz,257760,55,1993-11-09,day,
4202,Strictly Business,285413,45,1988-06-07,day,
4203,You Gots To Chill,261840,50,1988-06-07,day,
4204,Da Joint,208360,55,1997-09-16,day,
4205,RING THE ALARM,260122,43,2017-04-07,day,
4206,#LongLiveSteelo (feat. T'nah Apex),,,,day,
4207,Unorthodox,216857,41,2013-01-14,day,
4208,95 Till Infinity,267440,47,2013-10-29,day,
4209,My Yout - Remix,220522,39,2013-10-29,day,
4210,Waves,213340,36,2012-11-13,day,
4211,The Spiteful Chant,,,,day,
4212,Backseat Freestyle,212653,59,2012-10-22,day,
4213,Virus,266240,41,2000-01-01,year,
4214,Can't Truss It,321573,43,1991-10-01,day,
4215,Mama Said Knock You Out,289693,63,1990-08-27,day,
4216,O.P.P. (Re-Recorded),250173,51,2011-12-13,day,
4217,Looking At The Front Door - Uncut,204768,26,2023-07-26,day,
4218,Just A Friend,242133,12,2011-12-06,day,
4219,Give the Drummer Some,223040,32,1988-01-01,year,
4220,Fight the Power,282640,55,1990-04-10,day,
4221,Description Of A Fool,341733,24,1999-10-26,day,
4222,It's My Thing,342346,36,1988-06-07,day,
4223,Eric B. Is President,378533,41,1987-07-07,day,
4224,Here Come the Lords,258000,38,1993-01-01,day,
4225,Housewife,242680,52,1999-11-16,day,
4226,Ed-Ucation,92146,44,1999-11-16,day,
4227,Murder Ink,148293,53,1999-11-16,day,
4228,The Car Bomb,60893,43,1999-11-16,day,
4229,Bitch Niggaz,253560,54,1999-11-16,day,
4230,Let's Get High,147426,55,1999-11-16,day,
4231,The Next Episode,161506,79,1999-11-16,day,
4232,Light Speed,160973,51,1999-11-16,day,
4233,Bar One,50653,45,1999-11-16,day,
4234,Xxplosive,215200,70,1999-11-16,day,
4235,The Watcher,206546,69,1999-11-16,day,
4236,The Message - Instrumental,307426,37,1999-11-17,day,
4237,Ackrite,219933,52,1999-11-16,day,
4238,Pause 4 Porno,92680,40,1999-11-16,day,
4239,Wu Block Part II,226231,11,2012-07-17,day,
4240,Wu Block,232747,16,2012-07-17,day,
4241,What I'm Here 4,165233,56,1998-03-31,day,
4242,Above The Clouds,225013,20,2006-12-26,day,
4243,Moment Of Truth,247333,59,1998-03-31,day,
4244,Finest Ones,264733,31,1999-11-30,day,
4245,Unlisted Bonus Track,,,,day,
4246,You Are Now In The Clouds With (The Koochie Monstas),231440,21,2007-07-17,day,
4247,The World Is (Below The Heavens..),268720,33,2007-07-17,day,
4248,No Greater Love,256933,27,2007-07-17,day,
4249,First Things First (feat. Miguel Jontel),,,,day,
4250,So(ul) Amazin' (Steel Blazin'),280693,31,2007-07-17,day,
4251,The 6th Sense,318800,41,2000-01-01,day,
4252,Free,214480,8,2007-01-01,day,
4253,Can I Kick It?,251573,69,1990-01-01,year,
4254,Strictly Business,284066,15,1988-06-07,day,
4255,Higher,209960,27,1999-11-23,day,
4256,Wait Up,222533,30,1999-11-23,day,
4257,Beyond Disco,206779,2,2012-02-27,day,
4258,Copper Canyons,243547,6,2012-02-27,day,
4259,Statement Of Intent,198250,4,2012-02-27,day,
4260,Pencil,238360,37,2013-05-14,day,
4261,Now or Never,246016,50,2024-05-30,day,
4262,Sean Price,259866,27,1996-01-01,day,
4263,Brick City Mashin'!,190640,42,1998-12-08,day,
4264,Furious Anger,233106,14,2003-03-25,day,
4265,Sittin' In My Car,226600,46,1994-01-01,day,
4266,Please Come Home For Christmas,170945,24,2013-08-26,day,
4267,White Christmas,200226,14,1954-01-01,day,
4268,Sleigh Ride,180522,0,2020-10-30,day,
4269,Flava in Ya Ear,217466,54,1994-01-01,day,
4270,DOCTOR,196798,51,2024-07-11,day,
4271,Electric Relaxation,226133,66,1999-10-26,day,
4272,N.Y. State Of Mind - Clean Album Version,294000,13,2004-01-01,year,
4273,The World Is Yours - Clean Album Version,290466,31,2004-01-01,year,
4274,Machine Gun Funk - 2005 Remaster,255893,61,1994-09-13,day,
4275,Street Talkin',221200,58,1999-01-01,day,
4276,Skills,200933,52,2003-01-01,day,
4277,Execute Them,220533,15,2011-05-17,day,
4278,The What,237480,57,1994-09-13,day,
4279,A Star Is Born,210120,1,2007-08-28,day,
4280,Return Of The Iron Man,,,,day,
4281,Pop Shots,216720,3,2007-08-28,day,
4282,Iron Maiden,286733,25,1996-08-19,day,
4283,The Militia - Feat. Big Shug And Freddie Foxxx,,,,day,
4284,Mass Appeal,221026,63,1994-03-08,day,
4285,Three Bricks,298106,22,2006-01-01,day,
4286,Momma,288226,18,2006-01-01,day,
4287,Underwater,123400,24,2006-01-01,day,
4288,Big Girl,215906,27,2006-01-01,day,
4289,Barbershop,116760,21,2006-01-01,day,
4290,Dogs Of War,244253,22,2006-01-01,day,
4291,Jellyfish,230893,22,2006-01-01,day,
4292,Clipse of Doom,189160,25,2006-01-01,day,
4293,Be Easy,199600,34,2006-01-01,day,
4294,Whip You With A Strap,171840,33,2006-01-01,day,
4295,Bad Mouth Kid (Skit),70093,19,2006-01-01,day,
4296,R.A.G.U.,159773,27,2006-01-01,day,
4297,Columbus Exchange (Skit)/ Crackspot,,,,day,
4298,Heart Street Directions (Skit),54600,19,2006-01-01,day,
4299,Beauty Jackson,92360,25,2006-01-01,day,
4300,9 Milli Bros,254640,29,2006-01-01,day,
4301,Kilo,240266,32,2006-01-01,day,
4302,The Return Of Clyde Smith (Skit),64426,19,2006-01-01,day,
4303,Agent Orange - Bonus Track (Explicit),256640,8,2007-01-01,day,
4304,Trilogy,562066,6,2007-01-01,day,
4305,So Good,195280,23,2007-01-01,day,
4306,Hold On,229813,6,2007-01-01,day,
4307,Bar Tap,188320,6,2007-01-01,day,
4308,Body Baby,198746,7,2007-01-01,day,
4309,Let's Go,256640,9,2007-01-01,day,
4310,When The Gun Draws - Dirty,196680,8,2007-01-01,day,
4311,What It Is,176133,8,2007-01-01,day,
4312,Welcome To The Terrordome,211386,10,2007-01-01,day,
4313,Push,172093,29,2007-01-01,day,
4314,Desire - Dirty,,,,day,
4315,Compton,,,,day,
4316,Swimming Pools (Drank) - Extended Version,313786,61,2012-10-22,day,
4317,People's Champ,248507,12,2012-05-01,day,
4318,"Push (Feat. Showtyme, Mela Machinko & Tower of Power)",,,,day,
4319,Desire,212386,25,2007-01-01,day,
4320,Jezebel,216946,30,2003-07-21,day,
4321,Hold Ya Mouf (Feat. God’s Gift),,,,day,
4322,No Type,200080,6,2021-08-17,day,
4323,"It's Yourz (feat. Raekwon, U-God, RZA, Inspectah Deck & Ghostface Killah)",256893,47,1997-06-03,day,
4324,"Older Gods (feat. Ghostface Killah, Raekwon & GZA)",185960,42,1997-06-03,day,
4325,"Severe Punishment (feat. U-God, GZA, Raekwon, RZA & Masta Killa)",289733,43,1997-06-03,day,
4326,Do It!,245760,21,2003-07-21,day,
4327,Live O,214933,20,2003-07-21,day,
4328,Wot U On?,290200,22,2003-07-21,day,
4329,Heat,254906,56,2003-02-06,day,
4330,Trilogy Act 2 (Feat. Dwele),,,,day,
4331,Haile Selassie Karate,142800,10,2011-03-22,day,
4332,Moon Stars (Feat. Devin The Dude),,,,day,
4333,No Wheaties (feat. Smoke DZA & Curren$y),,,,day,
4334,The Funeral,181040,19,2012-05-22,day,
4335,My House,258111,14,2007-09-25,day,
4336,The Fox,147840,12,2007-09-25,day,
4337,Half Baked,218660,12,2007-09-25,day,
4338,Gingy,239674,12,2007-09-25,day,
4339,Head In The Clouds,248243,13,2007-09-25,day,
4340,The Hunt for the Gingerbread Man,237074,13,2007-09-25,day,
4341,Chokehold (feat. Paradime),,,,day,
4342,How We Live (feat. Hassaan Mackey),,,,day,
4343,Ruff Ryders Anthem,232426,43,1998-01-01,day,
4344,Party Up,274053,32,2010-01-26,day,
4345,I'm A Leader,,,,day,
4346,This Year,,,,day,
4347,Cant Test My Crew Ft Wiley,,,,day,
4348,Rotten And Voltage Ft Voltage,,,,day,
4349,MC's Don't Bother Me,,,,day,
4350,Is It War,,,,day,
4351,I'm Not One Of Them,,,,day,
4352,Oi Wot U Lookin At,249973,13,2011-05-16,day,
4353,iPod Generation (Produced By Kano),,,,day,
4354,Get Wild Ft. Aidonia And Wiley (Produced By Boys Noize),,,,day,
4355,m.A.A.d city (feat. MC Eiht),,,,day,
4356,Works Every Time,,,,day,
4357,Everywhere,226440,15,2004-09-06,day,
4358,Stand Up Tall,189826,40,2004-09-06,day,
4359,Eraserheads (feat. Vinnie Paz of Jedi Mind Tricks),,,,day,
4360,Out To Lunch (feat. Treach of Naughty By Nature),,,,day,
4361,Graftin',205320,18,2004-09-06,day,
4362,Remember the Days,224333,22,2005-01-01,day,
4363,Shake a Leg,195320,27,2005-01-01,day,
4364,Bus Stop,259613,12,2005-01-01,day,
4365,Flying Away,188040,15,2005-01-01,day,
4366,Intro,37400,7,2005-01-01,day,
4367,Badman,186000,31,2007-08-20,day,
4368,Talk Dirty (feat. 2 Chainz),,,,day,
4369,Lose Yourself to Dance (feat. Pharrell Williams),353893,70,2013-05-20,day,
4370,Statistics (feat. Invincible),,,,day,
4371,Change,89506,20,2012-05-22,day,
4372,Intro,175560,12,2014-01-20,day,
4373,Pick U R Self Up,,,,day,
4374,Skepta,148226,32,2009-06-01,day,
4375,Party Up,268866,71,1999-12-21,day,
4376,Drink Irish,,,,day,
4377,Too Much of a Good Thing,201602,16,2014-10-27,day,
4378,Deliver Us From Evil,225100,36,2014-10-27,day,
4379,Roses,,,,day,
4380,Stick to Ya Gunz (feat. Kool G Rap),,,,day,
4381,new jack city (feat. teflon),,,,day,
4382,Firing Squad (Skit),41466,10,1996-07-21,day,
4383,Intro,50293,11,1996-07-21,day,
4384,Dr. Carter,,,,day,
4385,3 Peat,199426,46,2008-01-01,day,
4386,The Jungle,253080,16,2014-04-15,day,
4387,SideFx feat Dr. Pete,,,,day,
4388,Mrs. Officer,286906,67,2008-01-01,day,
4389,Tie My Hands,319400,40,2008-01-01,day,
4390,Got Money,244626,47,2008-01-01,day,
4391,A Milli,221840,69,2008-01-01,day,
4392,"Piñata (feat. Domo Genesis, G-Wiz, Casey Veggies, Sulaiman, Meechy Darko & Mac Miller)",,,,day,
4393,Lakers (feat. Ab-Soul & Polyester The Saint),,,,day,
4394,"Giraffe P*ssy (feat. Royce da 5'9"", Xzibit, Bishop Lamont)",,,,day,
4395,Please Don't Let Me,223522,41,2014-10-27,day,
4396,High (feat. Danny Brown),177640,55,2014-03-18,day,
4397,Scarface,126866,47,2014-03-18,day,
4398,Supplier,48506,41,2014-03-18,day,
4399,"Dat Sound Good (feat. Ab-Soul, Mac Miller)",,,,day,
4400,Up Down (feat. D Double E),,,,day,
4401,Old School (ft. Talib Kweli),,,,day,
4402,The Return Of Clyde Smith (Intro),,,,day,
4403,Reputation,191195,22,2012-11-13,day,
4404,Am I A Psycho,244306,56,2011-06-07,day,
4405,Gunshowers feat. eLZhi,,,,day,
4406,Intro,132352,12,2007-09-25,day,
4407,100 Stacks feat. JFK & Strong Arm Steady,156988,0,2013-06-18,day,
4408,"Reloaded feat. Pain In Da Ass, Action Bronson, Big Body Bes, Termanology & Tony Touch",122716,0,2013-06-18,day,
4409,Pinky Ring (feat. Prodigy of Mobb Deep),172110,0,2013-06-18,day,
4410,"My Hoe feat. Blu, Evidence & Reks",231534,0,2013-06-18,day,
4411,"Make Believe feat. Freddie Gibbs, Termanology & Ea$y Money",241348,1,2013-06-18,day,
4412,Love & War feat. Ea$y Money & Freeway,206058,0,2013-06-18,day,
4413,"Live From The Era (feat. Pro Era, Chuck Strangers, Joey Bada$$, Kirk Knight, Dessy Hinds, A-La-Soul, & CJ Fly) {co-produced by The Alchemist}",318687,0,2013-06-18,day,
4414,"Gz, Pimps, Hustlers",274754,10,2013-06-18,day,
4415,"Game Break feat. Lecrea, Termanology & Posdnuos (of De La Soul)",,,,day,
4416,"Funeral Season (feat. Styles P, Bun B & Hit Boy)",240298,0,2013-06-18,day,
4417,East Coast (feat. Noreaga & Lil Fame of M.O.P.),167441,0,2013-06-18,day,
4418,Camouflage Dons (feat. Smif N Wessun & Flatbush Zombies),173352,0,2013-06-18,day,
4419,Bring Em Up Dead feat. Joell Ortiz,216000,0,2013-06-18,day,
4420,"Bird Eye's View (feat. Raekwon, Joey Bada$$ & Black Thought)",214293,9,2013-06-18,day,
4421,The Truth feat. Common & Talib Kweli,,,,day,
4422,Fuck You (Got You),,,,day,
4423,Where The Hood At,286266,69,2003-01-01,day,
4424,Together,179200,46,2024-05-17,day,
4425,Family (feat. Vic Mensa and Sulaiman),,,,day,
4426,Who Am I - Explicit Album Version,222200,11,2001-12-31,day,
4427,W.A.R.,264960,16,2011-03-22,day,
4428,Long Time (ft. Peedi Peedi & Bunny Sigler),,,,day,
4429,Here I Come (Ft. Dice Raw of Nouveau Riche & Malik B.),,,,day,
4430,Baby,170893,16,2006-08-29,day,
4431,Take It There,170733,14,2006-08-29,day,
4432,In The Music,246973,24,2006-08-29,day,
4433,Don't Feel Right,248426,26,2006-08-29,day,
4434,Game Theory,241040,21,2006-08-29,day,
4435,False Media,163960,15,2006-08-29,day,
4436,Hell (feat. Canibus),,,,day,
4437,Official,227680,19,2019-10-18,day,
4438,Rape,154506,18,2019-10-18,day,
4439,Trilogy Act 3 (Feat. Tone),,,,day,
4440,Foxey Lady,198773,59,1967-05-12,day,
4441,Crosstown Traffic,146573,58,1968-10-25,day,
4442,Are You Experienced?,255613,44,1967-05-12,day,
4443,Fire,163800,55,1967-05-12,day,
4444,Purple Haze,170813,69,1967-05-12,day,
4445,Creepin on ah Come Up,290960,44,1994-06-21,day,
4446,Down foe My Thang,288640,44,1994-06-21,day,
4447,No Surrender,216760,51,1994-06-21,day,
4448,Mr. Quija,80893,32,1994-06-21,day,
4449,Intro,85306,32,1994-06-21,day,
4450,Poisonous Darts,135573,35,1996-01-01,year,
4451,"Assassination Day (feat. Raekwon, RZA & Inspektah Deck)",257133,40,1996-01-01,year,
4452,Fasta Blade,,,,day,
4453,Roosevelt Franklin,238400,8,1991-10-29,day,
4454,"Somehow, someway",517866,14,1997-01-01,day,
4455,Walk Into The Sun,304533,15,1991-10-29,day,
4456,Shutterbugg,215240,48,2010-01-01,day,
4457,Follow Us,215133,24,2010-01-01,day,
4458,Turns Me On,209506,28,2010-01-01,day,
4459,ODB,,,,day,
4460,DNA,176710,34,2012-03-13,day,
4461,Monopoly,164533,4,2012-03-13,day,
4462,The Eton Rifles,237560,47,1979-11-17,day,
4463,In the City,137800,50,1977-05-20,day,
4464,That's Entertainment - Remastered,216266,33,1980-11-28,day,
4465,English Rose - 1997 Remaster,169333,45,1978-11-03,day,
4466,Going Underground,174506,57,1979-11-17,day,
4467,Town Called Malice,173706,29,1982-03-12,day,
4468,The Train Pt. 2 (Sir Lucious Left Foot Saves The Day),320960,23,2010-01-01,day,
4469,Shine Blockas,225640,37,2010-01-01,day,
4470,Night Night,225320,21,2010-01-01,day,
4471,Fo Yo Sorrows,222080,32,2010-01-01,day,
4472,Be Still,310253,23,2010-01-01,day,
4473,Hustle Blood,240586,23,2010-01-01,day,
4474,You Ain't No DJ,331213,25,2010-01-01,day,
4475,General Patton,192333,29,2010-01-01,day,
4476,Wu-Tang Reunion,213626,21,2014-11-28,day,
4477,Never Let Go,322200,19,2014-11-28,day,
4478,Ron O'Neal,268466,19,2014-11-28,day,
4479,Necklace,251440,18,2014-11-28,day,
4480,Pioneer The Frontier,238693,19,2014-11-28,day,
4481,Preacher's Daughter,313186,22,2014-11-28,day,
4482,Miracle,303266,18,2014-11-28,day,
4483,Poor Lil Rich,199200,50,2003-02-06,day,
4484,Ruff Ryders' Anthem - Re-Recorded,231040,38,2023-06-07,day,
4485,Niggaz Done Started Something,309226,47,1998-05-01,day,
4486,The Convo,213840,43,1998-05-01,day,
4487,Prayer - Skit,152133,38,1998-05-01,day,
4488,I Can Feel It,252106,57,1998-05-01,day,
4489,22 offs,95277,34,2019-06-28,day,
4490,Long time,225000,33,2019-06-28,day,
4491,Brain Cells (prod. by Peter Cottontale),,,,day,
4492,Windows,175500,36,2019-06-28,day,
4493,Nostalgia,203613,37,2019-06-28,day,
4494,Missing You (Prod. by Thomas Fool),,,,day,
4495,"14,400 Minutes (Prod. by DJ SuchN)",,,,day,
4496,Speak Lord,,,,day,
4497,Dogs Out,243826,37,2003-01-01,day,
4498,Siick,292687,33,2025-07-08,day,
4499,Asleep In The Asylum,242666,3,2011-01-01,day,
4500,These Bammas,,,,day,
4501,Dry Snitch (feat. Smack Man & Head Arabic),,,,day,
4502,I Remain Calm,247760,29,1995-01-17,day,
4503,Hell's Wind Staff/Killah Hills 10304,,,,day,
4504,B.I.B.L.E. (Basic Instruction Before Leaving Earth),,,,day,
4505,Poet Laureate II,438560,23,2003-07-22,day,
4506,Back Like That (Feat. Ne-Yo),242000,42,2006-01-01,day,
4507,I Declare War,191791,19,2018-01-26,day,
4508,UNOWHTMSAYN,203860,4,2012-03-16,day,
4509,Mighty Healthy,,,,day,
4510,Da Mystery Of Chessboxin',,,,day,
4511,Got Your Money,,,,day,
4512,We Go Off,149218,14,2011-09-27,day,
4513,Not Here Anymore,229531,21,2011-09-27,day,
4514,Eternally,277906,17,2011-09-27,day,
4515,Crash Your Crew (feat. Ol' Dirty Bastard),,,,day,
4516,Beneath The Surface (feat. Killah Priest & RES),,,,day,
4517,Intro,194506,0,2010-10-11,day,
4518,Daytona 500,,,,day,
4519,Wu Tang Vs The Beatles (Intro),,,,day,
4520,The Battlefield (feat. Kool G Rap and AZ),,,,day,
4521,Twelve Reasons To Die,196546,12,2013-04-16,day,
4522,Blood in the Streets (feat. AZ),,,,day,
4523,Like I Ain't,222904,61,2019-04-19,day,
4524,We Miss You Man Man (skit),46573,20,2011-06-07,day,
4525,"Worldwide Choppers (feat. Ceza, JL B.Hood, Uso, Yelawolf, Twista, Busta Rhymes, D-Loc and Twisted Insane)",326426,40,2011-06-07,day,
4526,He's A Mental Giant,234146,44,2011-06-07,day,
4527,Am I A Psycho? (ft. B.o.B. & Hopsin),,,,day,
4528,Technicians,232333,34,2011-06-07,day,
4529,The Pledge (Intro),42853,7,2011-06-07,day,
4530,Please Don't Go,,,,day,
4531,Courtesy,210964,17,2015-12-11,day,
4532,Coriander,,,,day,
4533,Podina,,,,day,
4534,Fo Ti,,,,day,
4535,Coffin Nails,,,,day,
4536,Calamus,,,,day,
4537,Sumac Berries,,,,day,
4538,Orange Blossoms,,,,day,
4539,Bergamot Wild,,,,day,
4540,Licorice,,,,day,
4541,Burdock Root,,,,day,
4542,Emblica Officinalis,,,,day,
4543,Lavender Buds,,,,day,
4544,Arabic Gum,,,,day,
4545,Elder Blossoms,,,,day,
4546,Vinca Rosea,,,,day,
4547,Safed Musli,,,,day,
4548,Pennyroyal,,,,day,
4549,Agrimony,,,,day,
4550,Saffron,,,,day,
4551,Ruckus In B Minor,324733,11,2014-11-04,day,
4552,Revolutionary Warfare (feat. Lake),209080,34,2002-12-13,day,
4553,Warrior Song (feat. Alicia Keys),282453,33,2002-12-13,day,
4554,Mastermind,247813,34,2002-12-13,day,
4555,Thugz Mansion (N.Y.) (feat. 2Pac & J. Phoenix),247413,39,2002-12-13,day,
4556,Book of Rhymes,234160,40,2002-12-13,day,
4557,I Can,253720,60,2002-12-13,day,
4558,Hey Nas (feat. Kelis & Claudette Ortiz),245413,33,2002-12-13,day,
4559,Zone Out (feat. Bravehearts),228613,30,2002-12-13,day,
4560,Black And Brown United,215666,0,2003-12-13,day,
4561,WTF,,,,day,
4562,DARE (feat. Shaun Ryder & Roses Gabor),244999,79,2005-05-23,day,
4563,CL Smooth Unplugged,251360,20,2006-10-31,day,
4564,I Can't Help It,225800,5,2006-10-31,day,
4565,American Me,245946,5,2006-10-31,day,
4566,Rock Da Spot,250666,38,1996-12-10,day,
4567,Bowtie (Postlude),35000,29,2003-01-01,year,
4568,Alluminatti,234626,28,2001-01-25,day,
4569,The City,,,,day,
4570,Detroit187,185225,28,2012-03-13,day,
4571,Bruiser Brigade,224961,30,2012-03-13,day,
4572,Crown (feat. Diane Coffee),225720,38,2014-10-27,day,
4573,Great Things,230059,38,2014-09-22,day,
4574,Grey For Summer,217091,9,2014-10-28,day,
4575,Unorthodox [Prod. By DJ Premier] (Bonus),,,,day,
4576,#LongLiveSteelo [Prod. By Kirk Knight],,,,day,
4577,95 Til' Infinity [Prod. By Lee Bannon],,,,day,
4578,Trap Door [Prod. By Alchemist],,,,day,
4579,Sit N' Prey (Feat. Dessy Hings & T'Nah Apex) [Prod. By Navie D.],,,,day,
4580,Word Is Bond [Prod. by Statik Selektah],,,,day,
4581,Sweet Dreams (Prod. By Navie D),,,,day,
4582,Right On Time (Prod. By Kirk Knight),,,,day,
4583,Love Movin',214893,24,2006-08-21,day,
4584,Love (Featuring Pharoahe Monch),,,,day,
4585,Tigallo For Dolo,174546,20,2010-04-21,day,
4586,Whatever You Say,327453,29,2003-02-25,day,
4587,Scrap or Die,236285,26,2012-03-13,day,
4588,Fields,153235,28,2012-03-13,day,
4589,EWNESW,143032,28,2012-03-13,day,
4590,Party All the Time,208365,37,2012-03-13,day,
4591,Nosebleeds,96899,28,2012-03-13,day,
4592,Adderall Admiral,103237,29,2012-03-13,day,
4593,Outer Space,164026,30,2012-03-13,day,
4594,Blunt After Blunt,205833,32,2012-03-13,day,
4595,Monopoly,164533,38,2012-03-13,day,
4596,Tell Me What I Don't Know,151979,43,2016-09-30,day,
4597,Bruiser Brigade (feat. Dopehead),,,,day,
4598,I Will,195535,35,2012-03-13,day,
4599,The Outsiderz (feat. Papoose & Lil Cease),259409,10,2012-07-17,day,
4600,Ready 4 War,202351,9,2012-07-17,day,
4601,Block 36th Chamber,184036,11,2012-07-17,day,
4602,The Heist,155855,10,2012-07-17,day,
4603,Fine Line (feat. Saukrates),,,,day,
4604,Who Wanna Rap (feat. Streetlife),,,,day,
4605,We don't no ho,208200,25,2001-01-01,day,
4606,Let's Do It,275266,26,2001-01-01,day,
4607,America's Most,215533,34,2001-01-01,day,
4608,Cisco Kid (feat. Cypress Hill),,,,day,
4609,Round and Round (Remix),,,,day,
4610,Chi-City,207000,41,2005-01-01,day,
4611,Love Is...,250426,44,2005-01-01,day,
4612,Testify,156893,44,2005-01-01,day,
4613,Faithful,213080,49,2005-01-01,day,
4614,GO!,224160,0,2005-05-24,day,
4615,Warriorz,283133,24,2000-08-29,day,
4616,Face Off,246573,21,2000-08-29,day,
4617,Space Bound,278640,68,2010-06-18,day,
4618,Welcome to Brownsville,239866,24,2000-08-29,day,
4619,I Wonder,243440,81,2007-09-11,day,
4620,As the Rhyme Goes On,240666,37,1987-07-07,day,
4621,Move the Crowd,227333,35,1987-07-07,day,
4622,My Melody,407133,39,1987-07-07,day,
4623,Eric B. Is On The Cut,229733,28,1987-07-07,day,
4624,Never Dead (feat. M. Sayyid as Curis Strifer),207373,35,2003-01-01,year,
4625,let me watch (feat. apani b),,,,day,
4626,Rae Dawn,180600,31,2012-01-17,day,
4627,A Dead Mouse,235933,41,2003-01-01,year,
4628,Upper Echelon,218968,3,2013-05-07,day,
4629,Before He Walked (feat. Nelly & Abby Dobson),,,,day,
4630,Works Every Time,,,,day,
4631,Oh Hail No,,,,day,
4632,This Way (feat. Kanye West) (prod. by Kanye West),,,,day,
4633,Tres Leches (Triboro Trilogy) (ft. Mobb Deep's Prodigy & Wu-Tang's Rebel INS),,,,day,
4634,Tougher Colder,,,,day,
4635,My Sub,189387,33,2021-08-13,day,
4636,Rotation,198120,36,2021-08-13,day,
4637,Shake It (feat. Joi),181621,18,2021-08-13,day,
4638,Highs & Lows,240000,33,2021-08-13,day,
4639,American Rapstar,189890,25,2021-08-13,day,
4640,Sookie Now (feat. David Banner),,,,day,
4641,Hometown Hero,,,,day,
4642,Gumpshun,218659,19,2020-05-29,day,
4643,Neva Go Back,232780,23,2020-05-29,day,
4644,Moon Stars (Feat. Devin The Dude),,,,day,
4645,Something,290408,22,2020-05-29,day,
4646,No Wheaties (feat. Smoke DZA & Curren$y),,,,day,
4647,Good Enough,224060,23,2020-05-29,day,
4648,They Got Us,205301,25,2020-05-29,day,
4649,Glass House (feat. Currensy & Wiz Khalifa),196670,41,2010-04-14,day,
4650,See Me on Top,,,,day,
4651,Dreamin,246104,29,2021-08-13,day,
4652,"Caught, Can We Get a Witness?",293266,27,1988-06-28,day,
4653,Terminator X to the Edge of Panic,271400,35,1988-06-28,day,
4654,12 Long Time II (ft. Nico Segal) [pr,,,,day,
4655,10 Juke Juke [prod. by Caleb James],,,,day,
4656,07 22 Offs,,,,day,
4657,Prophets of Rage,198906,29,1988-06-28,day,
4658,Security of the First World,80400,26,1988-06-28,day,
4659,Black Steel in the Hour of Chaos,383533,38,1988-06-28,day,
4660,Night of the Living Baseheads,194666,35,1988-06-28,day,
4661,She Watch Channel Zero?!,229293,36,1988-06-28,day,
4662,Show 'Em Whatcha Got,116173,30,1988-06-28,day,
4663,Ya Moms Skit,,,,day,
4664,SUNSHINE SCREWFACE,,,,day,
4665,Life is Good,254093,5,2009-02-11,day,
4666,Little Brother feat. Talib Kweli,,,,day,
4667,Oh No feat. Mos Def & Nate Dogg,,,,day,
4668,Thieves In The Night Feat. Talib Kweli,,,,day,
4669,Cream Of The Planet (Prod. By Ski Beatz),,,,day,
4670,Jungle,144016,32,2018-08-03,day,
4671,Fresh Air (feat. Rum & DNA),,,,day,
4672,Squeeze (feat. Ka & Guilty Simpson),197093,20,2013-12-10,day,
4673,Ein Sof (Paradise),215000,11,2013-01-01,year,
4674,Sweet Dreams (Prod. By Navie D),,,,day,
4675,Rise Up (Feat. Talib Kweli),227106,12,2013-07-02,day,
4676,Rocket Ships (feat. Busta Rhymes),,,,day,
4677,The Dangerous Three (feat. Brother Ali & Masta Ace),,,,day,
4678,Sometimes Ft. Reef The Lost Cauze Eternia Everlast Immortal Technique Slug Sha Stimuli Grand Puba & D-Stroy,,,,day,
4679,That New York (Prod. The Audible Doctor),,,,day,
4680,Can't Lose,174500,5,2019-05-10,day,
4681,Heat,221332,31,2000-01-01,day,
4682,The Only One,215233,24,2012-09-04,day,
4683,More Out of Life (feat. Jasmine Mitchell),,,,day,
4684,O Heaven,199878,33,2012-09-04,day,
4685,I Am Jean,194052,14,2012-09-04,day,
4686,Ease Your Mind,268679,15,2012-09-04,day,
4687,A Letter,95972,24,2012-09-04,day,
4688,Who Gwan Test feat. Sparkz & Dubbul O,279278,23,2013-05-20,day,
4689,"Escape Music feat. Dr Syntax, Sparkz & Kosyne",192816,22,2013-05-20,day,
4690,Sit Back feat. Truthos Mufasa & Black Josh,213188,40,2013-05-20,day,
4691,Over The Rocks feat. Dr Syntax,164548,20,2013-05-20,day,
4692,Blaze It Up feat. Sparkz,189623,34,2013-05-20,day,
4693,Stay With Me feat. Dr Syntax,167868,24,2013-05-20,day,
4694,Air Max feat. Black Josh,182137,22,2013-05-20,day,
4695,Got Me Thinkin' feat. Sparkz,223772,46,2013-05-20,day,
4696,Mellow My Man / Jusufckwithis - Live / 1999,302000,15,1999-11-02,day,
4697,Proceed,275200,38,1995-01-17,day,
4698,"Step Into The Realm - Live At The Bowery Ballroom, New York / 1999",206666,18,1999-11-02,day,
4699,Keep Watch,257044,19,2014-03-18,day,
4700,Microphone,284684,31,2009-08-11,day,
4701,Peace Is Not The Word To Play (12" Mix),,,,day,
4702,How My Man Went Down in the Game,218788,11,2023-07-26,day,
4703,F*CK WHAT YOU THINK,277639,21,1994-04-22,day,
4704,Bonafied Funk,238093,25,1992-01-01,day,
4705,Just Hangin' Out (remix),,,,day,
4706,Peace Is Not the Word to Play (remix),,,,day,
4707,Fakin' The Funk - Sound Track Version,220206,34,2023-07-26,day,
4708,Just A Friendly Game Of Baseball - Remix,241333,15,1991-01-01,day,
4709,Watch Roger Do His Thing,,,,day,
4710,Live At The Barbeque,275144,38,1991-01-01,day,
4711,He Got So Much Soul (He Don't Need No Music),,,,day,
4712,Vamos A Rapiar,,,,day,
4713,Peace Is Not The Word To Play,187942,21,1991-01-01,day,
4714,Scratch & Kut,177191,20,1991-01-01,day,
4715,Just A Friendly Game of Baseball,202129,21,1991-01-01,day,
4716,North Star (Jewels),238480,36,1995-01-01,year,
4717,Heaven & Hell (feat. Ghostface Killah),296533,42,1995-01-01,year,
4718,"Wu-Gambinos  (Feat. Ghostface Killah, Method Man, RZA & Master Killa)",,,,day,
4719,Never Get Enough feat. Sparkz & Dubbul O,236740,19,2013-05-20,day,
4720,Built In A Day feat. Fox & Sparkz,162575,21,2013-05-20,day,
4721,Raise Your Hands feat. Dr Syntax & Sparkz,201641,12,2013-05-20,day,
4722,Children of the Stars feat. Sparkz & Dubbul O,200147,19,2013-05-20,day,
4723,The Shaman feat. Dr Syntax,182304,14,2013-05-20,day,
4724,It's Gonna Be on (feat. Dr. Syntax & Sammy B Side),177012,16,2013-05-20,day,
4725,Kickstart feat. Fox,229024,23,2013-05-20,day,
4726,Know My Face feat. Black Josh & Lyricalligraphy,123919,23,2013-05-20,day,
4727,We Ain't Goin' nowhere (feat. Dr. Syntax),150202,27,2013-05-20,day,
4728,Mr. Clean (instrumental),209625,14,2012-01-31,day,
4729,The Drop,205733,21,2012-01-17,day,
4730,Bully Rap (feat. Reakn Reality),,,,day,
4731,BBQ Sauce (feat. Pharoahe Monch),185150,5,2012-10-30,day,
4732,Dime Piece (Remix Featuring Dwele),,,,day,
4733,Body Movin',137560,25,2006-08-21,day,
4734,Over the Breaks,134120,26,2006-08-21,day,
4735,Take Notice,265373,19,2007-03-20,day,
4736,Baby (Featuring Madlib & Guilty Simpson),,,,day,
4737,Luv(sic.) pt3 (feat. Shing02),336866,63,2005-11-11,day,
4738,Reflection Eternal,257893,57,2005-11-11,day,
4739,Ordinary Joe (feat. Terry Callier),308040,49,2005-11-11,day,
4740,Demon Days,268400,53,2005-05-23,day,
4741,Don't Get Lost in Heaven,131866,52,2005-05-23,day,
4742,Fire Coming Out of the Monkey's Head,199000,55,2005-05-23,day,
4743,White Light,133066,52,2005-05-23,day,
4744,El Mañana,,,,day,
4745,6 Feet Deep,,,,day,
4746,Deathtrap,,,,day,
4747,Enter the Graveyard Chamber,194586,5,2018-03-09,day,
4748,Here Comes the Gravediggaz,,,,day,
4749,"Mommy, Whats A Gravedigga?",,,,day,
4750,Diary of a Madman,122680,21,1994-05-10,day,
4751,1-800 Suicide,261613,23,2017-03-10,day,
4752,Let's Organize,258600,28,1994-08-16,day,
4753,The Heist,185893,25,2003-01-01,year,
4754,The Red,202106,39,2003-01-01,year,
4755,Intro/It's Dark And Hell Is Hot,,,,day,
4756,A Christmas Fucking Miracle,261372,14,2014-04-25,day,
4757,36 Inch Chain - Live From SXSW / 2015,187722,8,2016-05-26,day,
4758,Banana Clipper,171493,18,2014-04-25,day,
4759,Run the Jewels,210520,22,2014-04-25,day,
4760,Double Trouble,350400,37,1999-02-23,day,
4761,It's A New Day,180088,22,2011-11-22,day,
4762,Get At Me Dog,243240,48,1998-05-01,day,
4763,Dynamite!,285666,0,1999-02-23,day,
4764,The Spark,176970,43,2013-06-18,day,
4765,Step Into the Realm,167746,17,1999-02-23,day,
4766,Becoming Unwritten,36880,3,2008-04-29,day,
4767,Walkinonit,75053,36,2006-02-07,day,
4768,Dilla Says Go,76400,37,2006-02-07,day,
4769,One for Ghost,78226,36,2006-02-07,day,
4770,Two Can Win,107293,45,2006-02-07,day,
4771,Donuts (Intro),,,,day,
4772,Last Donut of the Night,99600,41,2006-02-07,day,
4773,Bye.,87573,38,2006-02-07,day,
4774,Hi.,76720,35,2006-02-07,day,
4775,Stop,99026,45,2006-02-07,day,
4776,Time: The Donut of the Heart,98720,48,2006-02-07,day,
4777,Glazed,81133,37,2006-02-07,day,
4778,Strip Club,170720,21,2003-01-01,year,
4779,Strapped (ft. Guilty Simpson),,,,day,
4780,React (ft. Quasimoto),,,,day,
4781,The Mission,144320,21,2003-01-01,year,
4782,The Official,211520,33,2003-01-01,year,
4783,Shouts (Alt),107173,12,2007-03-20,day,
4784,Wild,139720,19,2007-03-20,day,
4785,Intro (Alt),48160,15,2007-03-20,day,
4786,Shouts,51800,16,2007-03-20,day,
4787,Crushin' (Yeeeeaah!),223200,24,2007-03-20,day,
4788,Interlude,49426,15,2007-03-20,day,
4789,Make'em NV,145066,20,2007-03-20,day,
4790,The $,163920,25,2007-03-20,day,
4791,Nothing Like This,153680,24,2007-03-20,day,
4792,Reckless Driving,161946,21,2007-03-20,day,
4793,Let's Take It Back,130479,25,2007-03-20,day,
4794,Acid Rain,216312,52,2013-04-30,day,
4795,NaNa (ft. Action Bronson),,,,day,
4796,Favorite Song (ft. Childish Gambino),,,,day,
4797,Everybody's Something (ft. Saba & BJ The Chicago Kid),,,,day,
4798,The Highs & The Lows (feat. Joey BadA$$),255609,62,2025-08-15,day,
4799,Control,450172,0,2023-04-19,day,
4800,Clock With No Hands,263293,22,2006-08-29,day,
4801,F.O.W.,129080,19,2009-06-23,day,
4802,Picture Me Rollin',314720,60,1996-02-13,day,
4803,Walk Alone,234946,33,2010-06-22,day,
4804,Doin' It Again,143640,33,2010-06-22,day,
4805,"Right On (Feat. Joanna Newsome, STS)",,,,day,
4806,The Day,224106,32,2010-06-22,day,
4807,DillaTUDE: The Flight Of Titus,42280,23,2010-06-22,day,
4808,Now Or Never,274226,38,2010-06-22,day,
4809,Fast Lane,249560,69,2011-01-01,day,
4810,Best Friend,251546,66,2005-01-01,day,
4811,GAZZILLION EAR - DR WHO DAT? REMIX,232679,28,2009-03-23,day,
4812,GAZZILLION EAR - THOM YORKE REMIX,253439,30,2009-03-23,day,
4813,Showtime At The Gallow,281373,14,2003-07-22,day,
4814,Indibisible,239426,13,2003-07-22,day,
4815,Taster's Choice (Skit),80600,24,1998-04-28,day,
4816,Intro,34093,26,1998-04-28,day,
4817,Calm Down,219066,27,2000-08-29,day,
4818,Follow Instructions,303333,28,2000-08-29,day,
4819,NIG-Gotiate,146626,16,2000-08-29,day,
4820,On the Frontline,186066,24,2000-08-29,day,
4821,RUN - Damian "Jr. Gong" Marley Version,268936,27,2024-02-04,day,
4822,Blockbuster Night Part 1,,,,day,
4823,Oh My Darling Don't Cry,204840,0,2014-10-27,day,
4824,Angel Duster,309173,0,2014-10-27,day,
4825,Crown (feat. Diane Coffee),225720,0,2014-10-27,day,
4826,Early (feat. Boots),,,,day,
4827,All Due Respect (feat. Travis Barker),,,,day,
4828,"Lie, Cheat, Steal",208466,0,2014-10-27,day,
4829,All My Life,187973,0,2014-10-27,day,
4830,Close Your Eyes (And Count To Fuck) (Feat. Zack De La Rocha),,,,day,
4831,Ghetto Dreams (ft. Nas),,,,day,
4832,What's The Difference - Instrumental Version,,,,day,
4833,The Next Episode - Instrumental Version,,,,day,
4834,Quality Control,288866,41,2000-01-01,day,
4835,Izzo / In the End,164866,51,2004-01-01,year,
4836,Talking Backwards,187733,47,2014-03-03,day,
4837,Like My Style (feat. Tony Yayo),,,,day,
4838,Heaven (feat. Jully Black),281400,45,2002-12-13,day,
4839,Dance,214400,37,2002-12-13,day,
4840,Dooinit,217666,33,2000-01-01,day,
4841,A Christmas Fucking Miracle,261440,36,2013-06-26,day,
4842,All 4 U,245320,12,2003-03-11,day,
4843,RUN - Damian "Jr. Gong" Marley Version,268936,34,2023-12-14,day,
4844,In Remembrance of Me,245933,30,2007-07-17,day,
4845,Banana Clipper (Feat. Big Boi),171493,44,2013-06-26,day,
4846,Run The Jewels,210626,53,2013-06-26,day,
4847,DDFH,185079,40,2013-06-26,day,
4848,36* Chain,172320,38,2013-06-26,day,
4849,Return of The Crooklyn Dodgers (Instrumental),,,,day,
4850,Hip Hop,227066,30,2004-02-24,day,
4851,Full Clip (STREET VERSION),,,,day,
4852,Countdown to Armageddon,100400,28,1988-06-28,day,
4853,Watermelon,158826,24,1994-10-25,day,
4854,Handcuffin Them Hoes (feat. Jim Jones),,,,day,
4855,Distortion,375773,4,2010-09-14,day,
4856,Life's a Bitch (feat. AZ) - Arsenal Mix,210173,26,2014-04-15,day,
4857,One Love - LG Main Mix,332653,22,2014-04-15,day,
4858,It Ain't Hard to Tell - Remix,169586,34,2014-04-15,day,
4859,Breaker 1/9,242226,18,1992-10-06,day,
4860,Thisisme,294133,24,1994-10-25,day,
4861,WMOE,33960,24,1994-10-25,day,
4862,Communism,136266,24,1994-10-25,day,
4863,Orange Pineapple Juice,207640,24,1994-10-25,day,
4864,Another Wasted Night With...,62266,18,1994-10-25,day,
4865,The LP,197066,44,2009-07-01,day,
4866,You Know My Steez,224666,34,1999-07-13,day,
4867,B.I. Vs. Friendship,277466,35,1998-03-31,day,
4868,Victory Laps (Instrumental),,,,day,
4869,Victory Laps (madvillainz remix),,,,day,
4870,The Other Side (feat. Bilal Oliver & Greg Porn),,,,day,
4871,Kool On (feat. Greg Porn & Truck North),228706,36,2011-12-02,day,
4872,Focused Up (Ft. Cormega & Tragedy Khadafi),,,,day,
4873,Geek Down,79520,35,2006-02-07,day,
4874,Anti-American Graffiti,113720,37,2006-02-07,day,
4875,Don't Cry,119386,55,2006-02-07,day,
4876,One Eleven,71013,37,2006-02-07,day,
4877,"The Twister (Huh, What)",76960,36,2006-02-07,day,
4878,Stepson of the Clapper,61400,36,2006-02-07,day,
4879,Lightworks,115280,38,2006-02-07,day,
4880,Airworks,104560,39,2006-02-07,day,
4881,Mash,91080,39,2006-02-07,day,
4882,The Diff'rence,112493,40,2006-02-07,day,
4883,People,83986,39,2006-02-07,day,
4884,No Come Down,208333,33,2013-06-26,day,
4885,I'm Housin',238840,8,1988-06-07,day,
4886,The Steve Martin,279706,5,1988-06-07,day,
4887,You're A Customer,322400,38,1988-06-07,day,
4888,It's My Thing,342600,13,1988-06-07,day,
4889,You Gots To Chill,254426,17,1988-06-07,day,
4890,Holla,274706,45,2001-11-07,day,
4891,Sunshine,220634,33,1996-07-02,day,
4892,Real People,168160,42,2005-01-01,day,
4893,Your World Don't Stop,213093,29,1995-10-10,day,
4894,Pin the Tail on the Donkey,227506,50,1991-09-03,day,
4895,"1, 2, 3",284893,26,1991-09-03,day,
4896,Bust (feat. Killer Mike),188893,38,2003-01-01,year,
4897,In Memory Of...,230066,35,1998-03-31,day,
4898,Next Time,186200,39,1998-03-31,day,
4899,Betrayal,329933,40,1998-03-31,day,
4900,Business Or Art,179253,20,2019-11-01,day,
4901,Bada Bing,267906,40,2005-10-17,day,
4902,Pass The Courvoisier Part II (feat. P. Diddy & Pharrell) - Remix,238600,55,2001-11-07,day,
4903,When Disaster Strikes,205000,31,1997-01-01,year,
4904,The Champion,,,,day,
4905,Check Yo Self,222466,40,2008-01-01,day,
4906,Rising to the Top (Grand Theft Auto Theme Song) (feat. Agallah),,,,day,
4907,Mad Mann,225773,22,2005-11-22,day,
4908,Shake Down,232866,24,2005-11-22,day,
4909,Adrenaline!,267626,37,1999-02-23,day,
4910,Understand (feat. Dice Raw & Greg Porn),,,,day,
4911,The Devil,244760,12,1964-01-01,year,
4912,Chicken Head Convention (Skit),77173,23,1996-12-10,day,
4913,Whateva Man,188546,41,1996-12-10,day,
4914,Smoke Buddah,154480,52,1996-12-10,day,
4915,Da Trunk (Skit),41400,28,2024-12-24,day,
4916,Pick It Up,251480,47,1996-12-10,day,
4917,Case Closed,178026,29,1996-12-10,day,
4918,Welcome (Interlude),126320,27,1996-12-10,day,
4919,Black Roses - Full Band Version,223600,36,2014-01-01,day,
4920,True Fuschnick,239133,37,1991-01-01,year,
4921,Too Much on My Mind,267626,12,1991-01-01,year,
4922,Case Of The P.T.A.,222733,36,1991-01-01,year,
4923,M.a.R.S.,242672,18,2012-03-16,day,
4924,Professor @ Large,126602,4,2012-03-16,day,
4925,Happy Days R Here (ft. Fame M.O.P.),,,,day,
4926,Method Man (remix) Skunk Mix,,,,day,
4927,Iz He 4 Real,95560,34,1996-12-10,day,
4928,Crossover,228760,38,1992-07-28,day,
4929,Club Soda feat. Action Bronson (Prod. By Erick Arc Elliott),,,,day,
4930,222  (Prod. By Erick Arc Elliott),,,,day,
4931,Travellin' Man,196000,0,1998-11-19,day,
4932,TP4  (Prod. By Obey City),,,,day,
4933,Thugnificense  (Prod. By Erick Arc Elliott),,,,day,
4934,The Results Are In,261040,27,2023-09-15,day,
4935,Run 4 Cover (feat. Ghostface & Streetlife),,,,day,
4936,Regular and Complex  (GNB) (Prod. By Erick Arc Elli,,,,day,
4937,Palm Trees  (Prod. By Erick Arc Elliott),,,,day,
4938,Nas: Time Is Illmatic,,,,day,
4939,We Disappear - Remaster 2023,289453,34,2013-06-03,day,
4940,Oh My God (Featuring The Beatnuts & Rahzel),230440,21,2004-08-03,day,
4941,The After Party,68200,13,2004-08-03,day,
4942,Barber Shop Chop,127554,4,2012-03-16,day,
4943,Light Years,189375,5,2012-03-16,day,
4944,Rewind That,321826,15,2014-07-22,day,
4945,Idol Eyes,289330,57,2024-11-01,day,
4946,Nobody's Smiling (feat. Malik Yusef),,,,day,
4947,What Do You Say (Move It Baby),242346,38,2020-10-30,day,
4948,Speak My Piece,231786,12,2014-07-22,day,
4949,Blak Majik (feat. Jhene Aiko),,,,day,
4950,Diamonds (feat. Big Sean),,,,day,
4951,No Fear,192760,11,2014-07-22,day,
4952,The Neighborhood (feat. Lil Herb & Cocaine 80s),,,,day,
4953,Ninteen Seventy Something,172506,20,2012-07-17,day,
4954,"Trophies, Tiaras and I Love You's",176385,0,2020-03-13,day,
4955,Reflecting,198493,50,2009-06-01,day,
4956,Lost Ones,263720,56,2011-09-27,day,
4957,Dealing,,,,day,
4958,Abaracadabra,,,,day,
4959,Extra Extra,,,,day,
4960,My World (Nas Salute),,,,day,
4961,Renaissance Man,,,,day,
4962,Open Eye Signal - Remaster 2023,468586,44,2013-06-03,day,
4963,"What Does Your Soul Look Like , Pt. 4",302293,43,1996-01-01,day,
4964,Transmission 1,35106,34,1996-01-01,day,
4965,Changeling,436200,39,1996-01-01,day,
4966,The Number Song,274266,39,1996-01-01,day,
4967,Building Steam With a Grain of Salt,399026,51,1996-01-01,day,
4968,Best Foot Forward,46533,37,1996-01-01,day,
4969,GOD Blessed The DEAD,137400,30,2023-09-15,day,
4970,Drug Parade (feat. Danny Brown),177680,29,2023-09-15,day,
4971,Death 2  (Prod. By Erick Arc Elliott),,,,day,
4972,Death  (Prod. By Erick Arc Elliott),,,,day,
4973,G Tearz  (Prod. By Erick Arc Elliott),,,,day,
4974,Minephuck  (Prod. By Erick Arc Elliott),,,,day,
4975,Bliss  (Prod. By Erick Arc Elliott),,,,day,
4976,Nephilim  (Prod. By Erick Arc Elliott),,,,day,
4977,Amerikkkan Pie  (Prod. By Erick Arc Elliott),,,,day,
4978,"Advanced Pawns (feat. Raekwon, RZA & Sen Dog)",,,,day,
4979,General Principles,,,,day,
4980,Exploitation of Mistakes,,,,day,
4981,Destruction of a Guard (feat. Raekwon),,,,day,
4982,those that's bout it,,,,day,
4983,Opening,,,,day,
4984,Celebrate,243266,25,2011-12-20,day,
4985,Victory Laps (Madvillainz Remix Instrumental),,,,day,
4986,Reppin For U (feat. AB),,,,day,
4987,Overdose,183706,0,2008-10-28,day,
4988,Real Niggaz,267466,47,1991-05-28,day,
4989,Motherless Child (feat. Raekwon),225493,35,1996-01-01,year,
4990,"Daytona 500 (Feat. Raekwon, Cappadonna & The Force MD's)",,,,day,
4991,Assassins,271893,16,2011-03-22,day,
4992,Rated "R",201200,31,1992-09-22,day,
4993,Come Get Me,331373,35,1999-11-23,day,
4994,Roll call,243626,18,2000-08-29,day,
4995,Born in the Trap,226560,30,2011-01-01,day,
4996,Days of Our Lives - feat. Common,231853,27,2004-10-05,day,
4997,He Comes - feat. Ghostface Killah,224426,34,2004-10-05,day,
4998,Jazz (We've Got),250240,62,1991-09-24,day,
4999,Back Down,243000,59,2003-02-06,day,
5000,Blood Hound (feat. Young Buck),,,,day,
5001,Skypager,132226,43,1991-09-24,day,
5002,Blow Your Mind - Remix,197893,7,2014-05-27,day,
5003,The Contender,228920,45,2008-10-14,day,
5004,The Traitor,162266,55,2008-10-14,day,
5005,Tired of Fighting,211573,44,2008-10-14,day,
5006,Make the Road by Walking,183213,52,2008-10-14,day,
5007,Be Easy (Feat. Trife),,,,day,
5008,Palm Trees (Prod. By Erick Arc Elliott),,,,day,
5009,LiveFromHell (Prod. By Harry Fraud),,,,day,
5010,G Building,216426,22,2000-08-29,day,
5011,Everyday (feat. The Product G&B),290133,21,2000-08-29,day,
5012,Movie Scene,241333,19,1991-01-01,year,
5013,Wanksta,219400,64,2003-02-06,day,
5014,Twin Hype Back (feat. Prince Paul as Chest Rockwell),,,,day,
5015,HAD TO GET IT,110623,20,2024-08-02,day,
5016,The ?,226462,45,2025-07-11,day,
5017,No Regrets,185440,24,2005-02-15,day,
5018,Revelations,230573,20,2004-08-03,day,
5019,Cellmate (Skit),,,,day,
5020,I Get Money,223720,60,2007-01-01,day,
5021,Like My Style,193253,52,2003-02-06,day,
5022,Steppin' It Up,201933,34,1998-09-29,day,
5023,Da Booty,200800,34,1998-09-29,day,
5024,Lifes On The Line,218466,51,2003-02-06,day,
5025,South Side,91040,12,2014-08-28,day,
5026,"Open Mic Nite Part One (feat. Lord Sear, Benn Grimm, Rodan and Louis Logic)",,,,day,
5027,Maaad Crew,267840,29,1999-01-01,day,
5028,"1,2,1,2",,,,day,
5029,Where We At (Skit),111160,27,1999-01-01,day,
5030,Pigs,254733,53,2013-04-01,day,
5031,"Big City of Dreams feat. Troy Ave, Push!, Meyhem Lauren & AG Da Coroner",261409,0,2013-06-18,day,
5032,21 & Over feat. Sean Price & Mac Miller,167134,1,2013-06-18,day,
5033,Home,177549,9,2013-06-18,day,
5034,Cheka,182773,32,1999-01-01,day,
5035,Dat's Dat Shit (feat. Mally G),259665,29,1999-01-01,day,
5036,A Special Joint (Intro),88200,27,1999-01-01,day,
5037,EI8HT IS ENUFF,191253,14,2009-07-05,day,
5038,Acknowledge,253306,42,2005-02-15,day,
5039,The Classes,59133,13,2005-02-15,day,
5040,Something's Wrong,250200,19,2005-02-15,day,
5041,Roommates Meet,74760,14,2005-02-15,day,
5042,Every Other Day,269400,27,2005-02-15,day,
5043,Let There Be Light,268413,30,2007-01-23,day,
5044,Blunt Ashes,243240,31,2007-01-23,day,
5045,Hold Down the Block,238040,36,2007-01-23,day,
5046,Not Going Back,249506,29,2007-01-23,day,
5047,Black Republican,225386,45,2007-01-23,day,
5048,Who Killed It?,190000,26,2007-01-23,day,
5049,Hip-Hop is Dead (Feat. Will.I.Am),,,,day,
5050,Wig Out,247360,20,1992-05-26,day,
5051,Soul Brother #1,270400,30,1992-05-26,day,
5052,Every Ghetto (feat. Blitz The Ambassador),208866,33,2001-12-18,day,
5053,What Goes Around (feat. Keon Bryce),299773,37,2001-12-18,day,
5054,My Country (feat. Millennium Thug),312893,32,2001-12-18,day,
5055,Gotta Make It To Heaven,240666,49,2003-02-06,day,
5056,Tunnel Vision,40906,0,2010-06-22,day,
5057,The Fire,221066,54,2010-06-22,day,
5058,Radio Daze,256346,29,2010-06-22,day,
5059,Dear God 2.0 (feat. Monsters of Folk),,,,day,
5060,Watch Yo Nuggets,229773,25,1992-09-22,day,
5061,So Ruff,224786,29,1992-09-22,day,
5062,News Break,37640,21,1992-09-22,day,
5063,Da Funk,138000,25,1992-09-22,day,
5064,Psycho Ward,88266,21,1992-09-22,day,
5065,Shock Body,229773,25,2002-12-16,day,
5066,The Game of Life,210573,20,2023-02-03,day,
5067,Invasion,282066,24,1996-01-01,day,
5068,Ya Playin' Yaself,226800,45,1996-01-01,day,
5069,Too Perverted,200093,30,1996-01-01,day,
5070,Extended Beat,229333,23,1987-07-07,day,
5071,Chinese Arithmetic,246800,25,1987-07-07,day,
5072,Let The Funk Flow,254520,38,1988-06-07,day,
5073,Jane 6,262306,11,1999-01-01,day,
5074,Symphony,180200,24,1999-01-01,day,
5075,Starkology,145080,12,2010-01-01,day,
5076,2getha Baby,181226,25,2010-01-01,day,
5077,Drama (Feat. Joell Ortiz & Game),,,,day,
5078,"Ghetto (feat. Raekwon, Cappadonna & U-God)",,,,day,
5079,I Gotcha' Back,,,,day,
5080,We Alright,227053,17,2008-10-05,day,
5081,Git Sum,,,,day,
5082,Don't Give Up On Us,218840,8,2008-10-05,day,
5083,The Message (skit),47333,2,2008-10-05,day,
5084,Say Now,256398,5,2008-10-05,day,
5085,Traffic,257333,11,2008-10-05,day,
5086,The Check In (skit),56453,2,2008-10-05,day,
5087,Leak It Out,208573,18,2008-10-05,day,
5088,The Airport (skit),97546,3,2008-10-05,day,
5089,Power of the Dollar,,,,day,
5090,Who We Be,196426,9,2008-10-05,day,
5091,Blu Collar Workers,272893,27,2007-07-17,day,
5092,Juicen' Dranks (feat. Taraach),,,,day,
5093,Good Times...,251010,8,2014-11-25,day,
5094,Loosey In The Store With Pennies (Extended Version),249581,20,2014-11-25,day,
5095,Nutty Bars,249239,11,2014-11-25,day,
5096,Quiet Storm Interlude,69660,5,2014-11-25,day,
5097,Bye Outro,63914,5,2014-11-25,day,
5098,You Know What Time It Is (Extended Version),262710,8,2014-11-25,day,
5099,U 47,152186,12,2014-11-25,day,
5100,Gunsmoke Cologne,190180,7,2014-11-25,day,
5101,Droog's Anthem,219962,10,2014-11-25,day,
5102,How High (Remix) (Bonus),,,,day,
5103,Big Dogs (bonus),,,,day,
5104,Well All Rite Cha' (Bonus),,,,day,
5105,Fire Ina Hole,261493,34,1999-01-01,day,
5106,Patience,,,,day,
5107,Friends,289133,13,2018-03-26,day,
5108,Leaders (feat. Stephen Marley),,,,day,
5109,Tribes At War (feat. K'naan),,,,day,
5110,In Da Club - A Cappella,,,,day,
5111,"Deadly Melody (feat. Masta Killa, U-God, RZA, Method Man, GZA, Streetlife & Ghostface Killah)",260200,37,1997-06-03,day,
5112,"Little Ghetto Boys (feat. Raekwon, RZA, Cappadonna, Ghostface Killah & Method Man)",289426,38,1997-06-03,day,
5113,"Maria (feat. Ol' Dirty Bastard, Cappadonna & RZA)",175373,37,1997-06-03,day,
5114,Store Frontin',,,,day,
5115,Dear Diary,181760,22,2005-02-15,day,
5116,Type I Hate,252866,17,2005-02-15,day,
5117,P.T.A.,239400,17,2005-02-15,day,
5118,I Like Dat,212600,16,2005-02-15,day,
5119,Dear Yvette,209533,16,2005-02-15,day,
5120,Alphabet Soup,164200,19,2005-02-15,day,
5121,Unfriendly Game,256506,26,2005-02-15,day,
5122,Sugar Hill - Remix,258546,23,1995-10-10,day,
5123,Hope - Acappella Version,185493,22,2007-01-23,day,
5124,Can't Forget About You,274266,34,2007-01-23,day,
5125,Play On Playa,213093,33,2007-01-23,day,
5126,The Count,131533,17,2004-08-03,day,
5127,Watching The Game,57266,13,2005-02-15,day,
5128,Last Rights,65066,11,2005-02-15,day,
5129,W.K.Y.A.,270880,22,2002-01-01,day,
5130,White,76280,61,2012-07-10,day,
5131,Thinkin Bout You - Spring Sampler / 2012,,,,day,
5132,My Generation (Feat. Lil Wayne & Joss Stone),,,,day,
5133,Auditorium feat. Slick Rick,,,,day,
5134,Fake Bonanza,251026,25,2006-01-01,day,
5135,Definition feat. Talib Kweli,,,,day,
5136,Brown Skin Lady feat. Talib Kweli,,,,day,
5137,Summertime,,,,day,
5138,Beautiful (Black Star Remix) feat. Talib Kweli & Mary J. Blige,,,,day,
5139,Respiration feat. Talib Kweli & Common,,,,day,
5140,History feat. Talib Kweli,,,,day,
5141,Travellin' Man,196000,39,2000-01-01,day,
5142,White Drapes,,,,day,
5143,I've Committed Murder,299000,30,1999-07-03,day,
5144,[Untitled Track],,,,day,
5145,Live at the Lounge (Outro),,,,day,
5146,Watcha,,,,day,
5147,Right and Exact,,,,day,
5148,The Mall,220933,34,1998-03-31,day,
5149,Make 'em Pay,261466,38,1998-03-31,day,
5150,New York Strait Talk,254466,33,1998-03-31,day,
5151,She Knowz What She Wantz,180626,39,1998-03-31,day,
5152,Crooklyn Dodgers - Crooklyn (Instrumental),,,,day,
5153,Shame (feat. BJ The Chicago Kid),183320,55,2014-03-18,day,
5154,Knicks,219960,46,2014-03-18,day,
5155,"Lakers (feat. Ab-Soul, Polyester the Saint)",270506,45,2014-03-18,day,
5156,Broken (feat. Scarface),248413,46,2014-03-18,day,
5157,"Robes (feat. Domo Genesis, Earl Sweatshirt)",304546,53,2014-03-18,day,
5158,Bomb (feat. Raekwon),223760,47,2014-03-18,day,
5159,Harold’s,169106,51,2014-03-18,day,
5160,One Love (feat. Sadat X) - One L Main Mix,343280,30,2014-04-15,day,
5161,Auditorium feat. The Ruler,,,,day,
5162,Montego Sunset,198786,43,2008-10-14,day,
5163,Home Again,202240,53,2008-10-14,day,
5164,Living For The City - Edit Version,221466,17,2020-06-26,day,
5165,Phuck It up Scratch (Interlude) (feat. Al B),123133,2,2013-02-05,day,
5166,Respect Mine,264866,4,2013-02-05,day,
5167,Steppin' Thru Hardcore,220640,3,2013-02-05,day,
5168,Oh No feat. Mos Def & Nate Dogg,,,,day,
5169,Love (prod. J Dilla),,,,day,
5170,Black Hand Side Feat. Styles P & Phonte,270586,0,2011-03-22,day,
5171,Rapid Eye Movement feat. Marco Polo,,,,day,
5172,We Will Make It feat. Cise Star & Blu,,,,day,
5173,Desire feat. Showtyme (Prod. The Alchemist),,,,day,
5174,Just a Beat,124866,17,1988-07-25,day,
5175,Eric B. Never Scared,318466,18,1988-07-25,day,
5176,Lyrics of Fury,251866,31,1988-07-25,day,
5177,Microphone Fiend,314600,47,1988-07-25,day,
5178,Follow the Leader,336866,42,1988-07-25,day,
5179,Let 'Em Have It "L",237800,39,1995-03-28,day,
5180,World's An Addiction Ft Anthony Hamilton,,,,day,
5181,Where's The Love Ft Cocaine 80s,,,,day,
5182,Bye Baby,239053,25,2012-07-17,day,
5183,Nazareth Savage (feat. Kelis),,,,day,
5184,Street's Disciple (feat. Olu Dara),237266,24,2004-11-30,day,
5185,"A Message to the Feds, Sincerely, We the People",135146,24,2004-11-30,day,
5186,Suicide Bounce (feat. Busta Rhymes),237773,26,2004-11-30,day,
5187,Superhero,151146,39,2005-05-10,day,
5188,No Snakes Alive Pt. 3,176813,19,2005-05-10,day,
5189,Intro (Fat Man Scoop),138293,22,2005-05-10,day,
5190,Safed Musli,129705,31,2006-01-24,day,
5191,It's Your World - Part 1 & 2 / Instrumental,514973,17,2025-05-23,day,
5192,Smoke Again,272562,32,2023-04-30,day,
5193,Cemantics,220240,11,2003-07-22,day,
5194,Psych Evaluation,231493,11,2003-07-22,day,
5195,Hip Hop,265400,7,2002-10-08,day,
5196,On (feat. Busta Rhymes),,,,day,
5197,Blaze Rhymez II,,,,day,
5198,Alive in Stereo,246800,7,2002-10-08,day,
5199,Large Pro,203426,6,2002-10-08,day,
5200,The Man,263666,11,2002-10-08,day,
5201,Kool,227866,11,2002-10-08,day,
5202,Born to Ball,228466,8,2002-10-08,day,
5203,In the Sun (feat. Q-Tip),,,,day,
5204,Akinyele,142640,11,2002-10-08,day,
5205,Stay Chisel,152693,32,2002-10-08,day,
5206,Brand New Sound,208440,6,2002-10-08,day,
5207,Ultimate,175200,12,2002-10-08,day,
5208,'Bout That Time,,,,day,
5209,Intro,96866,8,2002-10-08,day,
5210,Jungle Music,231026,30,1994-05-24,day,
5211,Statik,186733,25,1994-05-24,day,
5212,The Grand Prix Featuring U-God & Street Life (feat. U-God & Street Life),283866,16,1999-10-05,day,
5213,Femme Fatale,186066,15,1999-10-05,day,
5214,Uncontrolled Substance Featuring Shadii (feat. Shady),300333,19,1999-10-05,day,
5215,"9th Chamber (feat. LA the Darkman, Barretta 9, Killa Sin & Streetlife)",,,,day,
5216,Movas & Shakers,272893,28,1999-10-05,day,
5217,Intro,120666,11,1999-10-05,day,
5218,The Cause Featuring Streetlife (feat. Streetlife),274333,12,1999-10-05,day,
5219,Show N Prove,248133,15,1999-10-05,day,
5220,Hyperdermix,291866,14,1999-10-05,day,
5221,Friction Featuring Masta Killa (feat. Masta Killa),214173,15,1999-10-05,day,
5222,R.E.C. Room,195666,26,1999-10-05,day,
5223,Trouble Man,305933,13,1999-10-05,day,
5224,Lovin You Featuring La the Darkman (feat. La the Darkman),155706,15,1999-10-05,day,
5225,Elevation,195333,25,1999-10-05,day,
5226,Word on the Street,223573,16,1999-10-05,day,
5227,Longevity Featuring U-God (feat. U-God),280960,17,1999-10-05,day,
5228,Forget Me Not,229626,15,1999-10-05,day,
5229,"Simon Says (Remix) (feat. Lady Luck, Redman, Method Man, Shabaam Sahdeeq & Busta Rhymes)",,,,day,
5230,The Truth (feat. Common & Talib Kweli),,,,day,
5231,God Send (feat. Prince Po) [Organized Konfusion],,,,day,
5232,The Light,216240,25,2019-10-18,day,
5233,The Ass (feat. Apani),,,,day,
5234,The Next Shit,200520,22,2019-10-18,day,
5235,Right Here,176360,22,2019-10-18,day,
5236,No Mercy,269253,26,2019-10-18,day,
5237,Poo-Putt Platter,,,,day,
5238,Intro,32573,8,2007-01-01,day,
5239,Kookies,241520,52,2004-11-16,day,
5240,Let My People Go,235226,15,2011-03-22,day,
5241,Black Hand Side,270586,19,2011-03-22,day,
5242,Clap (One Day) Ft. Showtyme And DJ Boogie Blind,,,,day,
5243,The Warning (Feat. Idris Elba),52293,0,2011-03-22,day,
5244,Point of Viewz,254837,20,1994-05-24,day,
5245,Cold As Ice,244466,52,2000-08-29,day,
5246,DJ Premier Intro,46253,10,2004-01-10,day,
5247,Supa Emcees,220184,29,1996-07-02,day,
5248,Intro,155341,24,1996-07-02,day,
5249,Talkin' Bout Hey Love,147426,29,1991-05-14,day,
5250,It's Like That - feat. Carl Thomas,276946,28,2004-10-05,day,
5251,Shopping Bags (She Got from You),237506,27,2004-10-05,day,
5252,No - feat. Butta Verses,274800,24,2004-10-05,day,
5253,Come On Down - feat. Flavor Flav,301920,19,2004-10-05,day,
5254,Eht Dnarg Noisulli feat The Stepkids,,,,day,
5255,DWYCK,242266,24,1999-07-13,day,
5256,Who's Gonna Take The Weight?,233093,21,1999-07-13,day,
5257,Royalty,252173,25,1999-07-13,day,
5258,Tonz 'O' Gunz,234026,21,1999-07-13,day,
5259,I'm the Man,244533,22,1999-07-13,day,
5260,Ex-Girl To Next Girl,279840,24,1999-07-13,day,
5261,Intro,129893,17,1999-07-13,day,
5262,Niggonometry,191973,24,1998-01-01,day,
5263,Headz Ain't Redee - Beatminerz Remix,317173,16,2008-12-22,day,
5264,Murder MC's - B Side Vocals,320760,9,2007-12-04,day,
5265,Buck 'Em Down - Da Beatminerz Remix,294120,5,2013-05-21,day,
5266,I Got Cha Opin Remix - Jaguar Skills Original Remix Edit,194720,19,2014-04-08,day,
5267,F'cK IT UP,234880,6,2007-09-25,day,
5268,buckshots freestyle joint,,,,day,
5269,How Many Emcees - DJ Evil Dee Remix,,,,day,
5270,Time & Place,221933,9,2007-05-15,day,
5271,Nostalgia,290200,34,2007-05-15,day,
5272,Bad MF,187262,7,2014-01-29,day,
5273,Damage,218146,17,2014-04-15,day,
5274,End of the World - Outro,169040,16,1996-01-01,year,
5275,The Finish Line,306560,23,1996-01-01,year,
5276,"Keep It Movin' (feat. Rampage the Last Boy Scout, Dinco, Milo and Charlie Brown)",452573,24,1996-01-01,year,
5277,Still Shining,177760,30,1996-01-01,year,
5278,Hot Fudge,309306,23,1996-01-01,year,
5279,It's a Party (feat. Zhane),277666,43,1996-01-01,year,
5280,Everything Remains Raw,220800,45,1996-01-01,year,
5281,Do My Thing,219426,32,1996-01-01,year,
5282,The Coming - Intro / A Black Child Was Born/ The 8th Wonder/ Keep Falling Explicit LP Version,271840,20,1996-01-01,year,
5283,Black and Brown (feat. Danny Brown),,,,day,
5284,Brokest Rapper You Know,94760,24,2005-11-22,day,
5285,A Day to God Is 1000 Years,237093,28,2003-10-07,day,
5286,Don't Understand (feat. Greg Nice),,,,day,
5636,Watch Me,212240,9,2005-09-13,day,
5287,Block Episode (feat. Punch & Words),,,,day,
5288,Too Long (feat. Apocalypse),,,,day,
5289,Ooh (feat. Redman),,,,day,
5290,All Good?,299008,56,2000-08-08,day,
5291,Taking The Train,,,,day,
5292,The Pitch,,,,day,
5293,Bitties in the BK Lounge,339650,30,1991-05-14,day,
5294,Dilla Plugged In,,,,day,
5295,Whoodeeni,271212,21,2016-08-26,day,
5296,Pease Porridge,301640,29,1991-05-14,day,
5297,Definition:RE,,,,day,
5298,definition,,,,day,
5299,Astronomy,,,,day,
5300,Intro,161098,22,1996-10-15,day,
5301,I Did It,,,,day,
5302,Dedication,,,,day,
5303,Home Sweet Home Ft. Pav Bundy,,,,day,
5304,Slow Down,,,,day,
5305,Hoe-Tel Leftovers,,,,day,
5306,Fresh Fest ft. Reggie B,,,,day,
5307,Think I Am Ft. Big Daddy Kane & MF Doom,,,,day,
5308,Crush Hour ft. Pav Bundy,,,,day,
5309,Me and My Gang,,,,day,
5310,D Ski's Intro,,,,day,
5311,Old Timerz,230306,20,2000-08-29,day,
5312,"Ante Up (feat. Busta Rhymes, Teflon & Remi Martin) - Remix",247693,61,2000-08-29,day,
5313,Run 4 Cover (feat. Ghosface & Streetlife),,,,day,
5314,2 Deep,219066,27,1992-05-05,day,
5315,Take It Personal,190040,38,1992-05-05,day,
5316,"I'm The Man feat. Jeru The Damaja, Lil' Dap",,,,day,
5317,Soliloquy Of Chaos,194240,31,1992-05-05,day,
5318,Ex-Girl To Next Girl,278106,11,2006-01-01,day,
5319,Flip The Script,242226,24,1992-05-05,day,
5320,The Place Where We Dwell,,,,day,
5321,Dead Zone,176133,20,2013-02-19,day,
5322,Still Here,232200,28,2002-01-01,day,
5323,W.K.Y.A.,,,,day,
5324,Reagan - Clean Album,,,,day,
5325,JoJo's Chillin - Clean Album,,,,day,
5326,Born Survivor (feat. CORMEGA),,,,day,
5327,Big City,214440,12,2003-06-10,day,
5328,Keep Going,275440,5,2010-09-14,day,
5329,Welcome (Gotta Go),238066,9,2010-09-14,day,
5330,365,244400,6,2010-09-14,day,
5331,Intro,101290,33,1989-03-03,day,
5332,Verbal Intercourse Part 2,133599,11,2011-12-20,day,
5333,One Love,441656,17,2011-12-20,day,
5334,All Caps (instrumental),133880,32,2004-12-01,day,
5335,Rhinestone Cowboy (Instrumental),237939,21,2004-12-01,day,
5336,Lovin' I Lost,231413,19,2011-12-20,day,
5337,Gold,259186,19,2011-12-20,day,
5338,The Dreamer - feat. Maya Angelou,353893,21,2011-12-20,day,
5339,Award Tour (feat. Trugoy The Dove),207960,37,1999-10-26,day,
5340,Over Again (feat. Monica Blaire),,,,day,
5341,Oh Girl (Feat. Ali),,,,day,
5342,Right and Exact,,,,day,
5343,Redman Meets Reggie Noble,151266,24,1992-09-22,day,
5344,Funky Uncles,66293,18,1992-09-22,day,
5345,Hardcore,118600,23,1992-09-22,day,
5346,Blow Your Mind,234666,29,1992-09-22,day,
5347,Jam 4 U,185866,24,1992-09-22,day,
5348,Represent,189605,16,2011-12-20,day,
5349,Deion's House,153186,11,2013-10-15,day,
5350,Interpret Sabotage (feat. Mel),,,,day,
5351,Codes and Cab Fare (feat. Black Thought),,,,day,
5352,D.R.E.A.M. (Feat. Talib Kweli),,,,day,
5353,Sidefx (feat. Dr. Pete),,,,day,
5354,Sweet Lips,201064,14,2012-11-13,day,
5355,Red Velvet,252029,4,2013-12-10,day,
5356,Ballad Of The Black Gold,333573,21,2010-05-18,day,
5357,"Just Begun (Featuring Jay Electronica, J Cole & Mos Def)",,,,day,
5358,I Feel Good,,,,day,
5359,Dimethyltriptamine,,,,day,
5360,The Militia - Feat. Big Shug And Freddie Foxxx,,,,day,
5361,The World Is Yours - Tip Mix,268506,30,2014-04-15,day,
5362,It Ain't Hard to Tell - The Laidback Remix,216106,18,2014-04-15,day,
5363,It Ain't Hard to Tell - The Stink Mix,200893,18,2014-04-15,day,
5364,Bain De Soleil - Instrumental,176449,2,2013-05-23,day,
5365,GhettoMusick - Club Mix,,,,day,
5366,Apollo Kids (featuring Raekwon),,,,day,
5367,Worst Nightmare,215365,20,2013-03-05,day,
5368,Think I Am (feat. Big Daddy Kane & MF Doom),160653,23,2012-07-17,day,
5369,Da Mystery of Chessboxin',,,,day,
5370,Can It Be All So Simple/Intermission,,,,day,
5371,Clan in da Front,,,,day,
5372,Shame on a Nigga,,,,day,
5373,Gravel Pit,,,,day,
5374,It's Raw (Feat.Action Bronson),,,,day,
5375,Exhibit A - Clean,,,,day,
5376,Releasing Hypnotical Gases,315293,16,1991-10-29,day,
5377,Nuthin' But a "G" Thang,237573,77,1992-12-15,day,
5378,Signs,236480,69,2004-01-01,day,
5379,Rise and Shine,,,,day,
5380,Poppa Was a Player,,,,day,
5381,Solar Flares,236493,12,2022-12-09,day,
5382,Let Nas Down,277200,54,2013-06-18,day,
5383,"The Next Episode (feat. Snoop Dogg, Kurupt & Nate Dogg) vk.com/xclusives_zone",,,,day,
5384,Get By,227426,54,2002-12-16,day,
5385,Gimme the Loot,285946,64,1994-09-13,day,
5386,Things Done Changed,238106,50,1994-09-13,day,
5387,"Let's Get High (feat. Hittman, Kurupt & Ms. Roq) vk.com/xclusives_zone",,,,day,
5388,Still D.R.E. (feat. Snoop Dogg) vk.com/xclusives_zone,,,,day,
5389,Time 4 Sum Aksion,81840,15,1997-10-14,day,
5390,Saturday Nite-Bonus-Iron's The,,,,day,
5391,Hustlers (Ft. The Game & Marsha Ambrosius),,,,day,
5392,Can't Forget About You,274040,9,2007-01-01,day,
5393,Play on Playa (ft. Snoop Dogg),,,,day,
5394,Let There Be Light (ft. The Williams),,,,day,
5395,Still Dreaming (ft. Kanye West & Chrisette Michele),,,,day,
5396,Not Going Back (ft. Kelis),,,,day,
5397,Black Republican (ft. Jay-Z),,,,day,
5398,Hip Hop Is Dead (ft. will.i.am),,,,day,
5399,Czar Refaeli (Ft. Oh No),,,,day,
5400,Air 'Em Out,,,,day,
5401,Hazmat Rap,,,,day,
5402,Show Me The Good Life,325133,25,2007-07-17,day,
5403,The Hitman,204973,11,2011-03-22,day,
5404,How We Do (Feat. 50 Cent) (Produced By Dr. Dre & Mike Elizondo),,,,day,
5405,Background Niggaz,234400,19,2000-08-29,day,
5406,Gold Digger featuring Jamie Foxx (3:27),,,,day,
5407,Touch The Sky - Live At Abbey Road Studios,246453,32,2006-01-01,day,
5408,D-d Soundclash,256493,36,2000-10-24,day,
5409,Quotations,39120,17,2000-10-24,day,
5410,"Bigacts, littleacts",224933,26,2000-10-24,day,
5411,Visions,34920,16,2000-10-24,day,
5412,All My Love,218600,9,2007-05-15,day,
5413,The Radar,262093,9,2007-05-15,day,
5414,Speak Softly,233640,8,2007-05-15,day,
5415,Low Budget Allstar,249666,12,2007-05-15,day,
5416,Wrong One,221266,14,2007-05-15,day,
5417,Work,176266,39,1999-07-13,day,
5418,Step in the Arena,214706,20,1999-07-13,day,
5419,All For Tha Ca$h,150426,51,1999-07-13,day,
5420,Stay Tuned,151800,18,1992-05-05,day,
5421,Above The Clouds - feat. Inspectah Deck,,,,day,
5422,Who's Gonna Take The Weight?,236066,36,1991-01-15,day,
5423,Royalty - Feat. K-CI Jojo,,,,day,
5424,Tonz 'O' Gunz,235066,36,1994-03-08,day,
5425,I'm The Man - Feat. Jeru The Damaja And Lil Dap,,,,day,
5426,Words I Manifest - Remix,309826,28,1999-07-13,day,
5427,Discipline - Feat. Total,,,,day,
5428,Me and My Gang,215240,22,2012-07-17,day,
5429,Store Frontin',37293,9,2012-07-17,day,
5430,Da'Pro,180453,14,2012-07-17,day,
5431,Jazz Thing - Video Mix;,283933,32,1999-07-13,day,
5432,Code Of The Streets,209360,21,1999-07-13,day,
5433,The ? Remainz,216440,36,1999-07-13,day,
5434,1/2 & 1/2 - Feat. M.O.P.,,,,day,
5435,Gotta Get Over (Taking Loot),224626,24,1999-07-13,day,
5436,Speak Ya Clout - Feat. Jeru The Damaja And Lil Dap,,,,day,
5437,Take It Personal,185560,20,1999-07-13,day,
5438,Light of the Past,129813,21,2008-09-30,day,
5439,Pearls,161093,25,2008-09-30,day,
5440,Deeper,199053,55,2014-03-18,day,
5441,Gazzillion Ear - Acapella,248332,12,2010-02-01,day,
5442,That's That,135066,63,2009-03-23,day,
5443,MORE RHYMIN,98800,36,2009-03-23,day,
5444,Microwave Mayo,146186,36,2009-03-23,day,
5445,Cellz,261079,38,2009-03-23,day,
5446,Lightworks,112693,40,2009-03-23,day,
5447,Batty Boyz,196120,37,2009-03-23,day,
5448,Rap Ambush,88320,38,2009-03-23,day,
5449,Absolutely,163386,41,2009-03-23,day,
5450,Yessir! Feat. Raekwon,,,,day,
5451,Supervillain Intro,55146,31,2009-03-23,day,
5452,Lemon Grass,164075,28,2012-11-13,day,
5453,Meathead,186070,32,2020-05-08,day,
5454,Untitled A.K.A. Change the Beat (Bonus Track),415453,30,2003-01-01,year,
5455,Popsnot,279440,34,2003-01-01,year,
5456,"Open Mic Nite, Pt. 2 (feat. Lord Sear & Hydro)",193320,33,2003-01-01,year,
5457,Can I Watch? (feat. Apani B as Nikki),267440,52,2003-01-01,year,
5458,Raedawn,180600,41,2003-01-01,year,
5459,"Open Mic Nite, Pt. 1 (feat. Lord Sear, Benn Grimm as Brother Sambuca, Rodan as Dr. Moraue, & Louis Logic as Himself)",249333,33,2003-01-01,year,
5460,Do It Now,229546,45,1999-10-12,day,
5461,Black Gold Intro,,,,day,
5462,The World Is Yours_Represent Intro (Prod Will Sessions),,,,day,
5463,Curls (instrumental),98186,25,2004-12-01,day,
5464,Supervillain Theme (Instrumental),50520,1,2004-03-24,day,
5465,Sofa King - Danger Mouse Remix,169066,43,2005-10-17,day,
5466,No Names (Black Debbie),,,,day,
5467,Old School Rules (feat. Talib Kweli),,,,day,
5468,Benzi Box (Feat. Cee-Lo),,,,day,
5469,The Mask (feat. Ghostface),,,,day,
5470,Rapp Snitch Knishes feat. Mr. Fantastik,,,,day,
5471,Kon Queso,240266,54,2004-11-16,day,
5472,Guinnessez,281720,30,2024-11-15,day,
5473,Kon Karne,171600,51,2004-11-16,day,
5474,Fillet-O-Rapper,,,,day,
5475,Datura Stramonium,127132,32,2006-01-24,day,
5476,Orris Root Powder,121639,31,2006-01-24,day,
5477,Charnsuka,141892,26,2006-01-24,day,
5478,Word Association,208226,20,2002-01-01,day,
5479,The Frustrated Nigga,190560,37,1996-01-01,day,
5480,Children's Story,242040,59,1988-11-01,day,
5481,Saliva (Instrumental),,,,day,
5482,The Watchers (Prod. by B.o.B),,,,day,
5483,Cold As Ice (Prod. by Mike Caren & B.o.B),,,,day,
5484,Not Lost (Feat. T.I.) (Prod. by JR Rotem),,,,day,
5485,Shoot Up the Station (Prod. by Kutta),,,,day,
5486,"Higher (Feat. Playboy Tre, CyHi Da Prynce & Bun B) (Prod. by Polow da Don)",,,,day,
5487,Feet Don't Fail Me Now (Feat. T.I. & Spodee) (Prod. by Kutta),,,,day,
5488,How U Do That (Prod. by Kutta),,,,day,
5489,So So (Prod. by Jim Jonsin),,,,day,
5490,Heavy Rotation,315840,27,2001-10-23,day,
5491,The Platform,277200,37,2000-05-23,day,
5492,Love And War,226580,32,2004-04-06,day,
5493,Good As Gone,225813,20,2014-08-11,day,
5494,Sit n' Prey (feat. Dessy & T'nah Apex),,,,day,
5495,La Rhumba,260866,32,2001-08-28,day,
5496,My Yout (feat. Collie Buddz),,,,day,
5497,Slow It Down,259346,12,2005-09-13,day,
5498,Fast Lane,252720,15,2011-01-01,day,
5499,Marquee,255373,22,2007-05-15,day,
5500,Open Mic Nite Part Two Feat Lord Sear and Hydro,,,,day,
5501,Open Mic Nite Part One Feat Lord Sear Benn Grimm Rodan and Louis Logic,,,,day,
5502,Let Me Watch feat Apani B,,,,day,
5503,Intro,76466,9,1997-01-01,day,
5504,I Love You (Bitch),200066,23,2005-11-22,day,
5505,fake neptune,214360,21,2005-11-22,day,
5506,Ox Out the Cage,,,,day,
5507,Iron Galaxy,,,,day,
5508,The Anti-Circle,,,,day,
5509,Pass The Popcorn,,,,day,
5510,The Coming,181493,15,2014-05-16,day,
5511,Can't Front on Me,256839,25,1992-05-26,day,
5512,It's Like That,237866,20,1992-05-26,day,
5513,On And On (feat. Grap Luva),,,,day,
5514,B.I. Vs. Friendship - Feat. M.O.P.,,,,day,
5515,Step In The Arena,212933,12,2006-12-26,day,
5516,1st Word To What Was Last Said,134030,1,2022-12-09,day,
5517,Keep Reachin,234521,2,2022-12-09,day,
5518,Uno,168413,18,2014-06-03,day,
5519,U Already,280276,1,2022-12-09,day,
5520,Machine Rages,201676,2,2022-12-09,day,
5521,Chemical Calisthenics,201386,31,2002-04-30,day,
5522,Deadly Medley (feat. Royce Da 5'9 and Elzhi),,,,day,
5523,Ghost Deini (featuring Superb),,,,day,
5524,"Uzi (Pinky Ring) (feat. U-God, Raekwon, Ghostface Killah, RZA, Method Man, Inspectah Deck, Masta Killa & GZA)",320200,41,2001-12-18,day,
5525,"In the Hood (feat. RZA, Masta Killa, Inspectah Deck & Streetlife)",250826,32,2001-12-18,day,
5526,Brooklyn Zoo,217506,54,1995-01-01,year,
5527,Baby C'mon,206426,41,1995-01-01,year,
5528,Shimmy Shimmy Ya,161400,65,1995-01-01,year,
5529,Intro,287373,27,1995-01-01,year,
5530,Biscuits,169906,35,1994-11-15,day,
5531,Tical,236960,38,1994-11-15,day,
5532,Stay True (Deck’s Beat),,,,day,
5533,The Moment I Feared,214240,27,1988-11-01,day,
5534,"Piñata (feat. Domo Genesis, G-Wiz, Casey Veggies, Sulaiman, Meechy Darko, Mac Miller)",513706,45,2014-03-18,day,
5535,Me & My B*tch,,,,day,
5536,Everyday Struggles,,,,day,
5537,Go Hard,182960,24,1999-11-23,day,
5538,All In,189800,24,1999-11-23,day,
5539,Things We Do,245906,28,1999-11-23,day,
5540,Let's Ride,246493,48,1999-11-23,day,
5541,Moving With U,202040,23,1999-11-23,day,
5542,Breathe And Stop,243866,47,1999-11-23,day,
5543,Wu-Tang: 7th Chamber - Part II - Edit,,,,day,
5544,I Don't Know (feat. Jazzy Jeff),,,,day,
5545,Conant Gardens,184239,25,2010-10-12,day,
5546,Intro (Instrumental),80248,14,2011-07-05,day,
5547,Duck Seazon,,,,day,
5548,Sound The Horns,195386,55,2009-06-30,day,
5549,Bells of War,,,,day,
5550,Deadly Melody,,,,day,
5551,Impossible,,,,day,
5552,Prisoners of War,276293,15,1991-10-29,day,
5553,C.R.E.A.M. (Cash Rules Everything Around Me) - A Cappella,158426,38,1993-11-09,day,
5554,It's Like That,,,,day,
5555,Sucker M.C.'s (Krush-Groove 1),,,,day,
5556,Shake Your Rump,198253,57,1989-07-25,day,
5557,To All the Girls,89173,38,1989-07-25,day,
5558,Dead Wrong (feat. Eminem) - 2005 Remaster,297426,56,1999-01-01,year,
5559,Sum Shit I Wrote,270706,20,1994-10-25,day,
5560,Maintaining,229493,20,1994-10-25,day,
5561,Chapter 13 (Rich Man vs. Poor Man),323160,22,1994-10-25,day,
5562,"Dogs Of War (feat. Raekwon & Theodore Unit [Cappadonna, Shawn Wigs & Trife])",,,,day,
5563,Ghost Is Back,304453,15,2006-01-01,day,
5564,Clipse of Doom (Feat. Trife),,,,day,
5565,R.A.G.U. (Feat. Raekwon),,,,day,
5566,Tomorrow (feat. Raheem Devaughn),,,,day,
5567,The Unraveling (feat. Raheem DeVaughn),,,,day,
5568,The Coming (feat. Mercedes Martinez),,,,day,
5569,Dies irae,368800,9,1973-01-01,day,
5570,Family Reunion,,,,day,
5571,The Pit,,,,day,
5572,Mighty Meth,,,,day,
5573,Baby I Got Yo' Love,,,,day,
5574,Scalp 'em (NFN),,,,day,
5575,Masta's Chamber/The High Priestess of Chessboxin',,,,day,
5576,Marvel (feat. RZA),,,,day,
5577,All That I Got Is You (featuring Tekitha),205506,23,1996-01-01,year,
5578,"After The Smoke Is Clear (feat. Raekwon, RZA & The Delphonics)",,,,day,
5579,"Black Jesus (Feat. Raekwon, U-God & Popa Wu)",,,,day,
5580,Heaterz,,,,day,
5581,Hellz Wind Staff,,,,day,
5582,Dog Sh*t,,,,day,
5583,The Projects,,,,day,
5584,Triumph,339213,25,1997-02-11,day,
5585,Intro,266600,26,2000-11-20,day,
5586,Severe Punishment,,,,day,
5587,As High As Wu-Tang Get,,,,day,
5588,Cash Still Rules/Scary Hours (still don't nothing move but the money),,,,day,
5589,For Heavens Sake,,,,day,
5590,Reunited,,,,day,
5591,It's Yourz,256105,18,1997-06-03,day,
5592,A Better Tomorrow,,,,day,
5593,Maria,,,,day,
5594,Older Gods,,,,day,
5595,Savagely Attack (Ft. Ghostface Killah),,,,day,
5596,Rock Beast,,,,day,
5597,Cement 3's (Feat. Roc Marciano),,,,day,
5598,Clyde Smith,160040,27,2000-02-08,day,
5599,"Wu Banga 101 (feat. GZA, Cappadonna, Masta Killah & Raekwon) (feat. GZA, Cappadonna & Raekwon)",229760,20,2000-02-08,day,
5600,Child's Play,213040,32,2000-02-08,day,
5601,Stroke of Death,116426,33,2000-02-08,day,
5602,We Made It (featuring Superb),,,,day,
5603,STAY TRUE (FEATURING 60 SECOND ASSASSIN),,,,day,
5604,Woodrow the Base Head,184240,32,2000-02-08,day,
5605,"Buck 50 (feat. Cappadonna, Method Man & Redman) (feat. Cappadonna, Method Man & Redman)",242106,15,2000-02-08,day,
5606,Saturday Nite - Edit,,,,day,
5607,Nutmeg (featuring the RZA),,,,day,
5608,Momma (Feat. Megan Rochell),,,,day,
5609,Odd Couple (feat. Cappadonna),247960,11,2010-09-22,day,
5610,Firehouse,,,,day,
5611,Superstar,188000,16,2010-01-01,day,
5612,In Tha Park,227080,17,2010-01-01,day,
5613,Back Like That - Remix,245333,4,2006-01-01,day,
5614,Back Like That - Remix,241666,41,2006-01-01,day,
5615,The Crack,136280,25,2007-10-16,day,
5616,The Soul Controller,407960,15,1996-08-19,day,
5617,All That I Got Is You,320813,41,1996-01-01,year,
5618,After The Smoke Is Clear,197720,35,1996-01-01,year,
5619,Black Jesus (feat. Raekwon & U-God),277240,31,1996-01-01,year,
5620,Daytona 500 (feat. Raekwon & Cappadonna) - Radio Edit,280533,22,1996-08-19,day,
5621,Camay (featuring Raekwon & Cappadonna),272000,19,1996-08-19,day,
5622,Box In Hand (feat. Method Man & Street),194840,32,1996-01-01,year,
5623,Wildflower,206640,40,1996-01-01,year,
5624,Enemies All Around Me,130847,20,2018-01-26,day,
5625,Blood On The Cobblestones,215614,17,2018-01-26,day,
5626,Publicity,157706,52,1999-06-29,day,
5627,Murderous Verses,321097,1,2018-09-22,day,
5628,On The Eve Of War (Julio Caesar Chavez Mix),239800,38,2004-09-21,day,
5629,Stomp (feat. Greg Porn),143213,26,2011-12-02,day,
5630,Little Ghetto Boys,,,,day,
5631,The World Is Yours,376921,20,2011-12-20,day,
5632,The Genesis,156227,15,2011-12-20,day,
5633,Carmel City,232000,35,1994-01-01,day,
5634,In the House,327106,33,1994-01-01,day,
5635,Lighthouse (feat. Dice Raw),223800,29,2011-12-02,day,
5637,Imagine,282547,1,2011-05-16,day,
5638,Don't Ask Me - Radio Edit,212000,0,2011-06-13,day,
5639,Wots My Name,194560,2,2011-05-16,day,
5640,My Life,224533,3,2011-05-16,day,
5641,Are you an MC?,,,,day,
5642,Flamboyant,187093,55,2016-07-15,day,
5643,Beef,230295,1,2012-01-01,day,
5644,The Blast - (best of decade I version),,,,day,
5645,Oh No - (best of decade I version),,,,day,
5646,Heartbeatz,169960,42,2005-01-01,day,
5647,Respiration - (best of decade I version),,,,day,
5648,Ms. Fat Booty - (best of decade I version),,,,day,
5649,B-Boy Document '99,234760,47,1999-08-24,day,
5650,Body Rock - Dirty Version,,,,day,
5651,The Sun God,274826,44,2020-01-08,day,
5652,1999 - Street,255760,38,1999-01-01,year,
5653,Universal Magnetic - Live Album Version (Edited),169106,3,2006-01-01,day,
5654,World's An Addiction,301240,22,2012-07-17,day,
5655,Reach Out,226666,25,2012-07-17,day,
5656,Cherry Wine,356466,50,2012-07-17,day,
5657,You Wouldn't Understand,275826,23,2012-07-17,day,
5658,Lifes A Bitch (Feat. Royce da 5'9 and Stokley Williams of Mint Condition) (Prod Will Sessions),,,,day,
5659,Try,204600,0,2008-10-28,day,
5660,Her Ballad (Dymeclin) [Prod by. Zone],,,,day,
5661,Languages [Prod by. DJ Premier],,,,day,
5662,Y.E.T [Prod by. Madlib],,,,day,
5663,Misruled Order,300329,9,2012-11-13,day,
5664,Fickle Mind$ [Prod by. Ghost McGrady],,,,day,
5665,Educated Tug Shit,,,,day,
5666,"Fire in the Booth, Pt..1",465373,33,2016-09-23,day,
5667,Insert Truth Here,,,,day,
5668,Get Educated,,,,day,
5669,A Message,,,,day,
5670,I'm so Cool,,,,day,
5671,Who's the Gangsta?,,,,day,
5672,Absolute Power - 2016 Mix,346106,17,2016-09-23,day,
5673,Gas Mark 9,219186,22,2014-03-09,day,
5674,Memory Lane (Sittin' In Da Park) - Explicit Album Version,,,,day,
5675,Reporting Live (feat. Guilty Simpson),,,,day,
5676,Statistics (feat. Invincible),,,,day,
5677,Chokehold (feat. Paradime),,,,day,
5678,How We Live (feat. Hassaan Mackey),,,,day,
5679,Battle Axe (feat. Mu),,,,day,
5680,Get Busy,209440,9,2008-04-29,day,
5681,Astronomy (8th Light),203680,51,1998-09-29,day,
5682,Air 'em Out,161893,26,2013-02-19,day,
5683,Czar Refaeli (feat. Oh No of Gangrene),240333,18,2013-02-19,day,
5684,Cement 3's (feat. Roc Marciano),205053,29,2013-02-19,day,
5685,Shoguns (Feat. Cappadonna & Vinnie Paz),280786,19,2013-02-19,day,
5686,Word War 4,,,,day,
5687,Let It Off,262266,22,2013-02-19,day,
5688,It's Raw (Feat. Action Bronson),287920,26,2013-02-19,day,
5689,Marvel Team-up,,,,day,
5690,Savagely Attack (Feat. Ghostface Killah),200853,35,2013-02-19,day,
5691,Rock Beast,175013,27,2013-02-19,day,
5692,From The Dark Side,227733,24,1995-01-01,day,
5693,2 Cups Of Blood,90273,29,2005-09-13,day,
5694,Defective Trip (Trippin),,,,day,
5695,"Nowhere to Run, Nowhere to Hide",,,,day,
5696,K.O.S. (Determination),289200,41,1998-09-29,day,
5697,B Boys Will B Boys,156026,34,1998-09-29,day,
5698,Children's Story,212600,41,1998-09-29,day,
5699,Re:Definition,,,,day,
5700,Intro,71613,34,1998-09-29,day,
5701,Twice Inna Lifetime,338813,38,1998-09-29,day,
5702,@ 15,51853,3,2008-04-29,day,
5703,A Love Supreme Part I: Acknowledgement,431360,1,2002-01-01,day,
5704,Mobb Dizzle,257776,7,2023-01-28,day,
5705,Welcome,264333,13,2012-11-13,day,
5706,End,263340,3,2023-01-28,day,
5707,Ex-Girl To Next Girl,,,,day,
5708,Pete Rock - Explaining Greatness of Album,31317,0,2014-04-15,day,
5709,Nas - The Power of Lyrics,74532,0,2014-04-15,day,
5710,DJ Premier & Pete Rock - Nas' Influence on Hip-Hop,39029,0,2014-04-15,day,
5711,Faith Newman - Impact of Album,31061,0,2014-04-15,day,
5712,Nas - Illmatic Tributes,44502,0,2014-04-15,day,
5713,Large Professor - "Ain't Hard to Tell",42325,0,2014-04-15,day,
5714,Nas - "It Aint Hard To Tell",103770,0,2014-04-15,day,
5715,Nas - "Represent" Candy,35493,0,2014-04-15,day,
5716,Nas - "Represent",51634,0,2014-04-15,day,
5717,DJ Premier & Pete Rock - Session for "One Time for Your Mind",44892,0,2014-04-15,day,
5718,Nas - "One Time 4 Your Mind",111027,0,2014-04-15,day,
5719,Faith Newman - Innovation of Multiple Producers,43840,0,2014-04-15,day,
5720,Nas - "One Love",145645,0,2014-04-15,day,
5721,Nas - "Memory Lane",107982,0,2014-04-15,day,
5722,Nas - "Halftime",133258,0,2014-04-15,day,
5723,DJ Premier & Pete Rock - "Halftime",38602,0,2014-04-15,day,
5724,Large Professor - "Halftime",37536,0,2014-04-15,day,
5725,Pete Rock - Impact of "The World Is Yours",30890,0,2014-04-15,day,
5726,Nas - "The World is Yours",39331,0,2014-04-15,day,
5727,DJ Premier & Pete Rock - DJ Premier Meets Nas at Sessions,50410,0,2014-04-15,day,
5728,Pete Rock - Making of "The World Is Yours",63594,0,2014-04-15,day,
5729,Nas - His Father's Role,73406,0,2014-04-15,day,
5730,Nas - AZ's Verse on "Life's a Bitch",18768,0,2014-04-15,day,
5731,Large Professor - Illmatic as Chronicle of 90s,32725,0,2014-04-15,day,
5732,Nas - "New York State of Mind",70111,1,2014-04-15,day,
5733,DJ Premier & Pete Rock - Making of "NY State of Mind",39594,0,2014-04-15,day,
5734,Nas - "The Genesis",59267,0,2014-04-15,day,
5735,Faith Newman - "Genesis",34474,0,2014-04-15,day,
5736,Faith Newman - Hearing Demo,49152,0,2014-04-15,day,
5737,Faith Newman - Pursuing Nas to Sign,47893,0,2014-04-15,day,
5738,DJ Premier & Pete Rock - DJ Premiere First Hears Nas,52376,0,2014-04-15,day,
5739,Nas - Wanted to Do Something,46087,0,2014-04-15,day,
5740,Nas - Illmatic's Mindset,55978,0,2014-04-15,day,
5741,Bumpy's message,95946,27,2009-03-23,day,
5742,Supervillainz (Feat. Mobonix),,,,day,
5743,More Rhymin (Feat. Kurious),,,,day,
5744,Angelz (feat. Tony Starks),,,,day,
5745,Yessir! (feat. Raekwon),,,,day,
5746,Red 2 Go,198708,23,2013-10-08,day,
5747,Clean Up,181873,22,2013-10-08,day,
5748,Lonely,139866,23,2013-10-08,day,
5749,Torture,226055,0,2013-10-08,day,
5750,25 Bucks (feat. Purity Ring),210880,6,2013-10-08,day,
5751,The Return [feat. Freddie Gibbs],190140,31,2013-10-08,day,
5752,Side A,143339,25,2013-10-08,day,
5753,Yo Yeah,70000,34,1998-09-29,day,
5754,Hater Players,247800,41,1998-09-29,day,
5755,For The Future,217690,31,2015-04-21,day,
5756,Rollin',247173,10,2007-05-15,day,
5757,Heat,205026,6,2007-05-15,day,
5758,Hood Tales,247466,8,2007-05-15,day,
5759,Go Around,266066,9,2007-05-15,day,
5760,Lay It Down,286306,8,2007-05-15,day,
5761,History 101,262453,10,2007-10-16,day,
5762,Quantum Leap,229466,8,2007-10-16,day,
5763,Murdera,251480,10,2007-10-16,day,
5764,Ghetto,197280,8,2007-10-16,day,
5765,the prophet,247933,17,2007-10-16,day,
5766,Pops Rap III....All My Children,309106,23,2000-01-01,day,
5767,A Song for Assata,408531,28,2000-01-01,day,
5768,Geto Heaven Remix T.S.O.I.,,,,day,
5769,Payback Is a Grandmother,270837,24,2000-01-01,day,
5770,Thelonius,281693,33,2000-01-01,day,
5771,Nag Champa (Afrodisiac For The World),310640,0,2000-03-28,day,
5772,A Film Called Pimp,365360,27,2000-01-01,day,
5773,The 6th Sense (Something U Feel),,,,day,
5774,Time Travelin' Reprise,93133,24,2000-01-01,day,
5775,The Questions,249196,33,2000-01-01,day,
5776,Funky for You,356000,38,2000-01-01,day,
5777,Time Travelliing (A Tribute to Fela),,,,day,
5778,Bonita Applebum - Sir Piers and Si Ashton's Curious House Mix,414560,38,2014-03-14,day,
5779,I Left My Wallet in El Segundo,246826,46,1990-01-01,year,
5780,After Hours,278853,40,1990-01-01,year,
5781,Luck Of Lucien,282520,52,1990-01-01,year,
5782,Push It Along,454280,38,1990-01-01,year,
5783,Full Metal Intro,45133,5,2007-10-16,day,
5784,How Ill,212933,38,2007-10-16,day,
5785,Gonna Be a Beautiful Night,224437,15,2011-09-27,day,
5786,To Be Yours,92343,14,2011-09-27,day,
5787,Ball and Chain,236874,13,2011-09-27,day,
5788,Sendin My Love,213000,20,2011-09-27,day,
5789,The Mic feat. Pebbles The Invisible Girl,,,,day,
5790,Operation: Greenbacks feat. Megalon,,,,day,
5791,"Who You Think I Am? feat. K.D., King Ghidra, Kong, Megalon, Rodan, X-Ray",,,,day,
5792,Red And Gold feat. King Ghidra,,,,day,
5793,"Tick, Tick... feat. MF Grimm",,,,day,
5794,The Finest feat. Tommy Gunn,,,,day,
5795,Rhymes Like Dimes feat. DJ Cucumber Slice,,,,day,
5796,Mr. Nigga,312533,38,1999-10-12,day,
5797,Climb,242000,36,1999-10-12,day,
5798,Know That,243506,40,1999-10-12,day,
5799,Rock N Roll,302960,35,1999-10-12,day,
5800,Passion (Unreleased),,,,day,
5801,Questions,280640,15,1997-01-01,day,
5802,Push - Explicit,,,,day,
5803,We Tanking Off,164525,18,2014-02-04,day,
5804,Get Down,234415,22,2014-02-04,day,
5805,Renaissance Rap 2014 (feat. Lil Wayne & Raekwon),217955,20,2014-02-04,day,
5806,Butch & Sundance,171928,17,2014-02-04,day,
5807,For The Nasty,193011,30,2014-02-04,day,
5808,Abstract Dragon,131671,24,2014-02-04,day,
5809,"This Is Cool, Thank You 2014",219454,25,2014-02-04,day,
5810,The Archer,175573,12,2012-10-22,day,
5811,Rivers of Blood,280600,23,2012-10-22,day,
5812,"If It Ain't Rough, It Ain't Right",305506,20,1992-05-26,day,
5813,"The Basement (feat. Heavy D, Rob-O, Grap & Dida)",326160,31,1992-05-26,day,
5814,On and On,312000,22,1992-05-26,day,
5815,They Reminisce over You (T.R.O.Y.) - Instrumental Version,296786,34,1992-06-09,day,
5816,Anger in the Nation,333533,19,1992-05-26,day,
5817,Lot's of Lovin,308880,33,1992-05-26,day,
5818,Watts (feat. Big Time Watts),115560,37,2014-03-18,day,
5819,Side B (Dope Song),156743,27,2013-10-08,day,
5820,Float On [feat. Charli XCX],211418,30,2013-10-08,day,
5821,Way Up Here [feat. Ab-Soul],156716,19,2013-10-08,day,
5822,Handstand,175052,21,2013-10-08,day,
5823,Break It (Go),192797,24,2013-10-08,day,
5824,Smokin & Drinkin,173192,37,2013-10-08,day,
5825,Dip,211825,36,2013-10-08,day,
5826,Dubstep [feat. Scrufizzer],136279,21,2013-10-08,day,
5827,Will Grow (Interlude),68626,5,2007-10-16,day,
5828,Jamboree,213906,48,1999-04-27,day,
5829,Uptown Anthem,184266,50,1991-09-03,day,
5830,O.P.P,271066,66,1991-09-03,day,
5831,The Militia II - Feat. W.C. And Rakim,,,,day,
5832,Lovers,180929,1,2014-01-21,day,
5833,Go Back (feat. Milano & AG),143777,2,2014-01-21,day,
5834,Soul Kitchen,181468,1,2014-01-21,day,
5835,Have Fun,184366,0,2014-01-21,day,
5836,Gotta Luv It,217520,0,2014-01-21,day,
5837,YMI,207121,2,2014-01-21,day,
5838,Breaking Rules,245945,0,2014-01-21,day,
5839,War,236626,15,2007-05-15,day,
5840,Get Busy,264960,15,2007-05-15,day,
5841,Intro,83466,6,2007-05-15,day,
5842,Relax,241837,31,2015-04-21,day,
5843,9Xs Out Of 10,108866,27,1997-01-01,day,
5844,Invetro,271533,14,1997-01-01,day,
5845,Late Night Action,222186,21,2016-04-29,day,
5846,Open Your Eyes,201266,0,2008-06-24,day,
5847,"Method Man (feat. Method Man, Raekwon, GZA, RZA & Ghostface Killah) - Skunk Mix",189106,17,2004-10-26,day,
5848,Twelve Jewelz,171440,23,1997-01-01,day,
5849,You Know My Steez - Feat. The Lady Of Rage And Kurupt,,,,day,
5850,Credit Is Due,290506,16,1999-07-13,day,
5851,B.Y.S.,185626,18,1999-07-13,day,
5852,Betrayal - Feat. Scarface,,,,day,
5853,Now You're Mine,175800,18,1999-07-13,day,
5854,So Wassup?!,142933,28,1999-07-13,day,
5855,Trilogy - Album Version (Edited),562053,0,2007-01-01,day,
5856,So Good - Album Version (Edited),195280,0,2007-01-01,day,
5857,Hold On - Album Version (Edited),229773,0,2007-01-01,day,
5858,Let's Go - Album Version (Edited),256626,0,2007-01-01,day,
5859,Simon Says - Remix,375360,37,2019-10-18,day,
5860,Rap Life,173864,5,2014-03-18,day,
5861,I Will Not Apologize,274040,5,2008-04-29,day,
5862,Criminal,248840,9,2008-04-29,day,
5863,Can't Dance,254403,7,2014-02-03,day,
5864,Respiration,,,,day,
5865,Hater Players,,,,day,
5866,K.O.S. (Determination),,,,day,
5867,brown skin lady,,,,day,
5868,RE: DEFinition,,,,day,
5869,Definition,206471,0,1998-09-29,day,
5870,Astronomy (8th Light),203680,0,1998-09-29,day,
5871,Intro,54230,0,2022-07-29,day,
5872,"My Team, SUPREME  (Prod. By Erick Arc Elliott)",,,,day,
5873,MRAZ  (Prod. By Erick Arc Elliott),,,,day,
5874,introVERTz,168202,5,2023-01-28,day,
5875,Muffled / M.I.C,166791,5,2023-01-28,day,
5876,96 Blueprint,156133,2,2023-01-28,day,
5877,Flow 1,129828,10,2023-01-28,day,
5878,Thieves In The Night,231923,1,2024-04-14,day,
5879,Bitches And Drugs,,,,day,
5880,Breathe,214253,20,2008-01-01,day,
5881,You Can't Stop Us Now,185000,23,2008-01-01,day,
5882,Still Standing Ft. Jill Scott,,,,day,
5883,Eht Dnarg Noisulli,282493,9,2014-04-15,day,
5884,Haile Salassie Karate Ft. Mr. Porter,,,,day,
5885,Shine Ft. Mela Machinko,,,,day,
5886,R.A.P. Music - Clean Album,,,,day,
5887,Donuts (Outro),12666,0,2006-02-07,day,
5888,Youthful Expression,292626,39,1990-01-01,year,
5889,All the Places,340093,36,1994-01-01,day,
5890,Vivrant Thing,190826,54,1999-01-01,day,
5891,Do It,171266,22,1999-11-23,day,
5892,Web 20/20,166320,23,2010-06-22,day,
5893,Rusty,309693,59,2013-04-01,day,
5894,Answer,230066,72,2013-04-01,day,
5895,Domo23,158760,57,2013-04-01,day,
5896,Cowboy,195320,58,2013-04-01,day,
5897,Jamba,212493,58,2013-04-01,day,
5898,Wolf,,,,day,
5899,Constables,246153,17,1994-05-24,day,
5900,Audience Pleasers,218333,11,1991-10-29,day,
5901,Fudge Funk,64160,13,1991-10-29,day,
5902,Take You There,284533,42,1994-01-01,day,
5903,Tell Me,270066,21,1994-01-01,day,
5904,Worldwide,183240,20,1994-01-01,day,
5905,The Main Ingredient,307133,22,1994-01-01,day,
5906,Escape,317400,23,1994-01-01,day,
5907,I Got a Love,311306,35,1994-01-01,day,
5908,Sun Won't Come Out,260360,24,1994-01-01,day,
5909,Lil' Sodi,112499,15,2013-06-19,day,
5910,Known That (Feat. Talib Kweli),,,,day,
5911,My Green - Bonus,,,,day,
5912,Scared - Bonus,,,,day,
5913,Get In Where You Fit In,204133,24,2012-05-22,day,
5914,Homage (feat. Frank West),,,,day,
5915,Caged Birds (feat. Finale),,,,day,
5916,Protect Ya Neck - Shao Lin Version,278853,45,1993-11-09,day,
5917,Da Mystery of Chessboxin',,,,day,
5918,Born 2 Live - Remix,232523,15,1994-05-24,day,
5919,Outtro - Sabotage,165986,7,1994-10-18,day,
5920,Story,184806,19,1994-05-24,day,
5921,Ma Dukes,241648,18,1994-05-24,day,
5922,Let It Slide,264264,16,1994-05-24,day,
5923,No Main Topic,222538,19,1994-05-24,day,
5924,Ga Head,258366,17,1994-05-24,day,
5925,Stop Rapping,220914,0,2012-11-13,day,
5926,What I Gotta Say,229645,0,2012-11-13,day,
5927,Pay Attention,181042,30,2010-09-28,day,
5928,Great Solar Stance,175912,11,2021-07-09,day,
5929,Supahuman Theme [Interlude],83427,3,2021-07-09,day,
5930,Hold Tight,278133,6,2007-10-16,day,
5931,Kick Rocks,258720,11,2007-10-16,day,
5932,Airplay,231733,9,2007-10-16,day,
5933,Jus Buggn',206426,5,2007-10-16,day,
5934,NY,177853,6,2007-10-16,day,
5935,Dirty Bomb,235693,12,2007-10-16,day,
5936,Elec (Outro),164400,4,2008-10-28,day,
5937,Bond 4 Life (feat. Melanie Rutherford),,,,day,
5938,Tronic Summer,146000,0,2008-10-28,day,
5939,It's Your World/Pop's Reprise,,,,day,
5940,They Say,237040,51,2005-01-01,day,
5941,The Corner,225333,0,2005-05-24,day,
5942,Flavor Of The Month,259200,40,1991-01-01,day,
5943,Try Counting Sheep,263733,19,1991-01-01,day,
5944,Similak Child,266666,27,1991-01-01,day,
5945,To Whom It May Concern,243866,19,1991-01-01,day,
5946,The Choice Is Yours,243200,56,1991-01-01,day,
5947,U Mean I'm Not,84773,24,1991-01-01,day,
5948,Intro,49466,15,1991-01-01,day,
5949,butt... in the meantime,253160,26,1991-01-01,day,
5950,Smack (Feat. Ty Dolla $ign & IAMSU) [Prod. By Ced Capone & Hazebanga],,,,day,
5951,Turn Down [Prod. By Matthew Burnett],,,,day,
5952,Rowdy A [Prod. By Hit Boy Co-Prod. By Hazebanga],,,,day,
5953,Shorty Left (feat. Rapsody),193137,0,2012-11-13,day,
5954,The Change Up,161867,0,2012-11-13,day,
5955,Keep It Going,164585,0,2012-11-13,day,
5956,Pat Em Down,231325,0,2012-11-13,day,
5957,SAM,173671,0,2012-11-13,day,
5958,The Feeling,228087,0,2012-11-13,day,
5959,Crazy,182648,0,2012-11-13,day,
5960,The Big Bang,231084,0,2012-11-13,day,
5961,Mortal Thought,200000,32,1993-09-03,day,
5962,C.I.A. (Criminals In Action),320946,37,2002-01-01,day,
5963,Hip Hop Lives,172173,24,2007-05-22,day,
5964,MC's Act Like They Don't Know,295933,54,1995-10-10,day,
5965,Sound of da Police,258506,63,1993-09-03,day,
5966,Rock City (feat. Eminem) - Explicit Album Version,246133,30,2001-12-31,day,
5967,Step into a World (Rapture's Delight),290800,20,2013-06-10,day,
5968,Remember That,280266,31,1996-11-04,day,
5969,It's Been A Long Time,237666,54,1996-11-04,day,
5970,Jane,177933,6,1988-06-07,day,
5971,D.J. K La Boss,269133,4,1988-06-07,day,
5972,Get Off The Bandwagon,261720,6,1988-06-07,day,
5973,Life,319667,15,2002-11-26,day,
5974,Regardless,181090,16,2004-02-24,day,
5975,Soap - Skit,34600,37,1999-02-23,day,
5976,Step into a World (Rapture's Delight),289906,55,1997-05-20,day,
5977,Juicy,302760,75,1994-09-13,day,
5978,Everyday Struggle - 2005 Remaster,319320,55,1994-09-13,day,
5979,Words From The Nutcracker,88800,27,1994-03-08,day,
5980,DWYCK - Feat. Nice and Smooth,,,,day,
5981,Conspiracy,167773,23,1992-05-05,day,
5982,No Shame In My Game,235800,29,1992-05-05,day,
5983,Lovesick,207000,34,1991-01-15,day,
5984,Check The Technique,238760,33,1991-01-15,day,
5985,Beyond Comprehension,193573,23,1991-01-15,day,
5986,Execution Of A Chump,161933,29,1991-01-15,day,
5987,Form Of Intellect,220000,26,1991-01-15,day,
5988,Step in the Arena,217360,41,1991-01-15,day,
5989,Name Tag (Premier & The Guru),36333,22,1991-01-15,day,
5990,Tha Way It Iz,,,,day,
5991,Do Ya,,,,day,
5992,The Jig Is Up,,,,day,
5993,Platinum Plus (feat. Big Daddy Kane),217813,53,2016-07-15,day,
5994,The Big Picture (Intro),179066,40,2016-07-15,day,
5995,Interlude,67440,20,1996-04-02,day,
5996,Rugged Ruff,188600,35,1996-04-02,day,
5997,Intro,50466,20,1996-04-02,day,
5998,The Format,183440,53,2006-11-07,day,
5999,Stop What Ya Doin' (feat. Celph Titled & DJ Premier),275706,24,2011-08-23,day,
6000,Monotony,242586,25,2000-10-24,day,
6001,Everything's Gonna Be Alright,291866,42,1991-09-03,day,
6002,U Da Man - Original Mix,263577,2,2013-09-03,day,
6003,Wickedest Man Alive,261333,37,1991-09-03,day,
6004,Smoke in the Air,203466,10,2006-10-31,day,
6005,Gorilla Pimpin,264640,2,2006-10-31,day,
6006,Pictures In My Head - High Contrast Remix,258703,47,2017-11-30,day,
6007,Forbidden Fruit (ft Kendrick Lamar),,,,day,
6008,360 Questions,,,,day,
6009,"Snakes (feat. Killah Priest, RZA, Masta Killa & Buddah Monk)",,,,day,
6010,Drunk Game (Sweet Sugar Pie),260573,28,1995-01-01,year,
6011,Goin' Down,259866,32,1995-01-01,year,
6012,The Stomp,142960,33,1995-01-01,year,
6013,Don't U Know,266906,30,1995-01-01,year,
6014,Damage (feat. GZA-Genius),,,,day,
6015,Raw Hide (feat. Method Man & Raekwon),,,,day,
6016,Hippa To Da Hoppa,181626,45,1995-01-01,year,
6017,Organized Konfusion,287533,9,1991-10-29,day,
6018,The Rough Side of Town,286906,10,1991-10-29,day,
6019,Jiminez Criqueta,,,,day,
6020,Smash,232375,4,2022-12-09,day,
6021,Where U Eat,188195,1,2022-12-09,day,
6022,Ugly Brothers,272253,15,2005-04-11,day,
6023,The Turning Point,314506,23,2005-04-11,day,
6024,Another One Of Those Songs,220360,10,2005-04-11,day,
6025,Participation Prerequisite,251400,12,2005-04-11,day,
6026,3 Ft Deep,281666,19,2005-04-11,day,
6027,Intro,44026,6,2005-04-11,day,
6028,Talkin' Trash,166746,10,2005-12-05,day,
6029,Black Cloud - Nostalgia 77 Remix,307280,9,2005-12-05,day,
6030,I'M Good - DJ Format Remix,247186,11,2005-12-05,day,
6031,Another One Of Those Songs - Little Barrie Remix,192480,1,2005-12-05,day,
6032,Separated At Birth - Fingathing Remix,257920,2,2005-12-05,day,
6033,The Turning Point - Connie Price And The Keystones Remix,335333,1,2005-12-05,day,
6034,The Long Goodbye,251821,2,2012-02-27,day,
6035,MR DJ,255130,2,2012-02-27,day,
6036,Remember..,216044,1,2012-02-27,day,
6037,Mayor Of A Ghost Town,271336,1,2012-02-27,day,
6038,Horse Power,231136,9,2012-02-27,day,
6039,Live At The Place To Be,248609,3,2012-02-27,day,
6040,Notes In Quotation,251332,6,2012-02-27,day,
6041,Battle of the Planets,211488,2,2012-02-27,day,
6042,Dope Pusher,212869,2,2012-02-27,day,
6043,A Quick Ego Trip,113731,4,2012-02-27,day,
6044,Spaceship Earth,178776,6,2012-02-27,day,
6045,Lamina Mures Intro,41868,0,2022-12-09,day,
6046,Visionz,153910,1,2022-12-09,day,
6047,Hip Hop Hooray,267266,69,1993-02-23,day,
6048,Watch How It Go Down,240800,19,2008-09-30,day,
6049,Moon&Stars (Feat. Raz Fresco) [Prod by. Raz Fresco],,,,day,
6050,I Could Write A Rhyme,335920,13,2010-10-26,day,
6051,"Swashbuckling (feat. Apathy, Ryu & Esoteric)",,,,day,
6052,The Deal Maker,276813,18,2010-10-26,day,
6053,Open Your Eyes featuring The Merrick Park Baptist Gospel Choir,,,,day,
6054,Who Stole My Last Piece of Chicken (Remix),210666,7,1991-10-29,day,
6055,P.S. 48,102693,6,1991-10-29,day,
6056,Back Again (Featuring RES),,,,day,
6057,City Playgrounds,283360,17,2010-05-18,day,
6058,A Peace Of Light,110173,28,2010-06-22,day,
6059,The Show,224906,3,2008-04-29,day,
6060,Lost Desire,238493,4,2008-04-29,day,
6061,Unwritten,82746,4,2008-04-29,day,
6062,Singing Man,247693,3,2008-04-29,day,
6063,I Can't Help It,279933,4,2008-04-29,day,
6064,100% Dundee,233493,42,1999-02-23,day,
6065,Act Too (The Love Of My Life),294866,40,1999-02-23,day,
6066,Ain't Sayin' Nothin' New,274133,39,1999-02-23,day,
6067,Without a Doubt,254866,34,1999-02-23,day,
6068,Step Into the Relm,169333,42,1999-02-23,day,
6069,Sugah Shorty,,,,day,
6070,F*ckmaster Sex,,,,day,
6071,Retarded Fren,218381,33,2012-08-20,day,
6072,Still Kaps,88005,20,2012-08-20,day,
6073,Winter Blues,250567,35,2012-08-20,day,
6074,Snatch That Dough,46019,20,2012-08-20,day,
6075,Waterlogged,110928,25,2012-08-20,day,
6076,Mad Crew,264933,27,1993-09-03,day,
6077,Slap Them Up,238960,24,1993-09-03,day,
6078,I Can't Wake Up,214173,35,1993-09-03,day,
6079,Black Cop,179160,31,1993-09-03,day,
6080,Outta Here,268906,44,1993-09-03,day,
6081,Pillz,,,,day,
6082,Raw Addict,,,,day,
6083,No Games,152400,21,2003-01-01,year,
6084,The Exclusive,83973,18,2003-01-01,year,
6085,Strapped,193946,21,2003-01-01,year,
6086,React,165640,23,2003-01-01,year,
6087,Raw Shit,188666,28,2003-01-01,year,
6088,Heavy,226053,21,2003-01-01,year,
6089,We Can Make It Better,232000,34,2005-01-01,day,
6090,We Major,448000,49,2005-01-01,day,
6091,Diamonds From Sierra Leone - Remix - Album Version (Explicit),,,,day,
6092,Birdland,332720,8,2009-07-23,day,
6093,Chameleon,941360,52,1973-10-26,day,
6094,Cantaloupe Island,330093,42,1994-01-01,day,
6095,I Put a Spell on You,144360,34,1999-10-08,day,
6096,Teen Town,170826,39,1977-03-01,day,
6097,Climax,211892,31,2010-10-12,day,
6098,Tainted,266960,40,2002-08-13,day,
6099,Reunion,243333,39,2004-01-01,day,
6100,Selfish,225400,62,2004-01-01,day,
6101,I Think I Love You,221986,44,2005-01-01,day,
6102,Open Your Eyes,201266,38,2008-06-24,day,
6103,Burgundy Whip ft. Jimetta Rose,,,,day,
6104,Villuminati,307866,51,2013-06-18,day,
6105,KRS-One Attacks,171293,35,1993-09-03,day,
6106,Things Is About to Change,154106,5,2002-08-27,day,
6107,Warm Up,293586,2,2001-08-21,day,
6108,Stop Skeemin',176333,4,2004-01-01,year,
6109,The Real HipHop,185906,4,2008-02-05,day,
6110,Introducing,188293,5,2012-05-29,day,
6111,Harmony and Understanding,120000,3,2003-01-01,year,
6112,The Lessin,,,,day,
6113,The One And Only,229866,32,2002-01-01,day,
6114,The Exorcist - prod. DJ Premier,229400,27,2008-04-04,day,
6115,I Ain't Gone Under Yet,243484,13,1992-01-01,day,
6116,The Place We Dwell,147133,24,1992-05-05,day,
6117,718,243173,7,2011-10-11,day,
6118,Mysterious,124773,10,2008-09-02,day,
6119,I've Committed Murder featuring Mos Def - Gang Starr Remix - Main Street mix,,,,day,
6120,Come Clean - E New Y Radio,296727,0,2013-01-01,day,
6121,Ain't Nobody Here But Us Chickens - DJ Premier Remix,156680,4,2011-01-01,day,
6122,Step Correctly,282026,15,2010-10-26,day,
6123,Miss Those Days,257680,14,2010-10-26,day,
6124,"There Will Be Blood (feat. Sadat X, Grand Puba, A.G., O.C. & Diamond D)",,,,day,
6125,Tingin',225333,12,2010-10-26,day,
6126,Mad Ammo (feat. F.T. & R.A. The Rugged Man),,,,day,
6127,Hardcore Data,310586,14,2010-10-26,day,
6128,"The Matrix feat. Pharoahe Monch, Sean Price and DJ Premier",,,,day,
6129,Reppin For U feat. AB,,,,day,
6130,Hell Yeah feat. Fat Ray,,,,day,
6131,Without U feat. Colin Munroe,,,,day,
6132,Long Story Short feat. Dwele,,,,day,
6133,Bond 4 Life feat. Melanie Rutherford,,,,day,
6134,Hit 'Em - Street,162013,7,2007-05-10,day,
6135,What's Real,204160,36,2019-11-01,day,
6136,DWYCK,245560,16,2006-12-26,day,
6137,Shake The Room,232053,12,2022-06-28,day,
6138,Ding! - Street,200146,6,2007-05-10,day,
6139,Embody - DJ Premier 95 Break Remix,226979,5,2011-04-04,day,
6140,Seen It All,228773,26,2007-12-13,day,
6141,F.A.Y.B.A.N.,186293,14,2007-12-13,day,
6142,Intruder Alert,265933,9,2000-05-23,day,
6143,Unbelievable - 2005 Remaster,223720,54,1994-09-13,day,
6144,So Amazing,232840,7,2008-09-30,day,
6145,How We Rock,237026,10,2008-09-30,day,
6146,Shake This,261093,20,2009-10-20,day,
6147,My Friend,206666,16,2001-12-31,day,
6148,R4 Theme Song,,,,day,
6149,R4 Intro,71612,15,2021-08-13,day,
6150,Casualties Of A Dice Game,198266,36,2016-07-15,day,
6151,Sonny Jr. (Dreams) [feat. Robert Glasper & Dwele],,,,day,
6152,Ghetto DEMF (feat. Quelle Chris),,,,day,
6153,Time and Space,171146,15,2001-01-01,year,
6154,Alpha feat. Count Bass-D,,,,day,
6155,It's Time,52133,2,2008-09-30,day,
6156,"Lifetime Membership (feat. Saigon, Papoose)",,,,day,
6157,Married 2 Tha Game (feat. Styles P),,,,day,
6158,Main Event - Main Event,,,,day,
6159,Let Bygones Be Bygones,185358,3,2019-08-06,day,
6160,Writer's Block - DJ Premier Remix,287712,24,2011-08-09,day,
6161,Second Place,227134,19,2011-08-09,day,
6162,Something 2 Ride 2,231746,5,2009-10-20,day,
6163,Hood Love (Feat. Joell Ortiz and Bun B),,,,day,
6164,It Ain't Hard To Tell - Clean Album Version,202746,10,2004-01-01,year,
6165,Memory Lane (Sittin' In Da Park) - Explicit Album Version,,,,day,
6166,Trackhorn,134280,13,2008-09-02,day,
6167,Action Satisfaction,238560,35,2008-02-06,day,
6168,Concrete Schoolyard,321293,56,2008-02-06,day,
6169,Lesson 6: The Lecture,332800,30,2008-02-06,day,
6170,Quality Contro lntro,31200,24,2000-01-01,day,
6171,In the Flesh,245493,34,2008-02-06,day,
6172,Kissing You Goodbye,247013,0,2013-02-08,day,
6173,Bring It to the Cypher,286487,12,2003-01-01,year,
6174,Foundation,290386,15,2012-02-06,day,
6175,Ghetto Dreams - feat. Nas,234093,35,2011-12-20,day,
6176,Rockafella,283640,27,1994-11-22,day,
6177,Cosmic Slop,175626,27,1994-11-22,day,
6178,Boodah Session,31506,18,1994-11-22,day,
6179,Noorotic,212160,24,1994-11-22,day,
6180,A Million and 1 Buddah Spots,203466,29,1994-11-22,day,
6181,Da Journee,132426,22,1994-11-22,day,
6182,One More Chance,268706,62,2021-03-01,day,
6183,The Great Escape (feat. Homeboy Sandman & ADAD),,,,day,
6184,Berries And Juices,130008,12,2012-09-04,day,
6185,Don't Be Jelly,213253,15,2012-09-04,day,
6186,Growing Pains,248758,18,2012-09-04,day,
6187,Good Morning Neighbor,125026,21,2012-09-04,day,
6188,Mask Your Soul,114238,15,2012-09-04,day,
6189,Redford (For Yia-Yia & Pappou) (Feat. Sufjan Stevens),,,,day,
6190,every day,99860,0,2023-08-07,day,
6191,I'm Housin',238320,34,1988-06-07,day,
6192,Who Stole My Last Piece of Chicken,245200,7,1991-10-29,day,
6193,Outtakes,,,,day,
6194,In Da Spot ft. Milani The Artis,,,,day,
6195,It's on You,311826,25,1994-01-01,day,
6196,In the Flesh,349266,22,1994-01-01,day,
6197,Check It Out,237000,21,1994-01-01,day,
6198,Searching,305640,31,1994-01-01,day,
6199,Summer On Smash,259812,4,2012-07-17,day,
6200,Shine,160133,52,2019-11-07,day,
6201,Clap [One Day],209440,19,2011-03-22,day,
6202,The Life,,,,day,
6203,Agent Orange - Bonus Track (Edited),253853,0,2007-01-01,day,
6204,Desire - Clean,,,,day,
6205,Free - Album Version (Edited),214493,0,2007-01-01,day,
6206,Intro - Album Version (Edited),32400,0,2007-01-01,day,
6207,Sooper Luver Interview,52906,17,1992-09-22,day,
6208,How to Roll a Blunt,201720,35,1992-09-22,day,
6209,Sessed One Night,48733,17,1992-09-22,day,
6210,I'm a Bad,172106,22,1992-09-22,day,
6211,Get Loose (Featuring Chester French),,,,day,
6212,Long Hot Summer,142173,14,2010-05-18,day,
6213,47 Goonz (Feat. Dirty Sanchez & Nyck Caution) [Prod. By Lee Bannon],,,,day,
6214,Get on the Mic,229573,19,1994-01-01,day,
6215,Rest In Peace,,,,day,
6216,Slowes' Comb / The May 4th Movement Starring Doodlebug,296000,37,1994-10-10,day,
6217,Intro,33293,2,2003-09-23,day,
6218,Pause Tape,126626,0,2013-08-20,day,
6219,RHYMIN SLANG,140059,31,2012-08-20,day,
6220,BOOKHEAD,118760,13,2013-08-20,day,
6221,N.T. F/ Busta Rhymes,,,,day,
6222,King Push,172333,42,2013-10-31,day,
6223,Intro,82306,36,2024-09-27,day,
6224,Bring The Pain,188986,1,2013-01-01,day,
6225,Bullies Of The Block,299093,0,2013-01-01,day,
6226,Danger,221626,0,2013-01-01,day,
6227,The Choice Is Yours,203173,1,2013-01-01,day,
6228,Paid in Full,229240,2,2013-01-01,day,
6229,Indian Deli,107893,15,2007-08-24,day,
6230,OnThatNewThing,91306,14,2007-08-24,day,
6231,Masala,68586,16,2007-08-24,day,
6232,Freeze,96373,15,2007-08-24,day,
6233,Road Of The Lonely Ones,218466,48,2021-01-29,day,
6234,Movie Finale,104080,40,2007-08-24,day,
6235,Be Easy,,,,day,
6236,Girlfriend,,,,day,
6237,Hard To Get Ft. Mr. Porter,,,,day,
6238,Fall Back (feat. Kool G Rap),169133,52,2016-07-15,day,
6239,Say Your Prayers,84573,21,1991-01-15,day,
6240,Just to Get a Rep,162693,38,1991-01-15,day,
6241,ALONGWAYTOGO,253266,33,1994-03-08,day,
6242,Everyday Feat: Product G&b,,,,day,
6243,Pop Shots - produced by DJ Premier,214720,33,2005-01-01,year,
6244,Rise Of The Rebel,234720,23,2004-07-13,day,
6245,The Five Perfect Exertions,216973,25,2016-12-02,day,
6246,Think Back,,,,day,
6247,What a Mess,211840,21,2002-09-30,day,
6248,Everybody Wanna Know,251760,2,1997-01-01,year,
6249,Much Too Much,210466,24,1992-05-05,day,
6250,Royalty - Feat. K-CI Jojo,,,,day,
6251,Priority (Prod. by Soul Theory Beats),,,,day,
6252,02-Ghostface Killah - Superstar Feat Busta Rhymes,,,,day,
6253,01-Ghostface Killah - Purified Thoughts Feat Gza and Killah Priest,,,,day,
6254,Dead Zone,,,,day,
6255,Word War 4,,,,day,
6256,Poisonous Thoughts (Feat. Mr. MFN eXquire),,,,day,
6257,Let It Off,,,,day,
6258,It's Raw (Feat.Action Bronson),,,,day,
6259,Marvel Team-up,,,,day,
6260,Intro,,,,day,
6261,Quiet Dog,,,,day,
6262,The Ruler's Back,336160,32,1988-11-01,day,
6263,Treat Her Like a Prostitute,233866,28,1988-11-01,day,
6264,Stay A While,265093,25,1996-11-04,day,
6265,Guess Who's Back,250906,57,1996-11-04,day,
6266,The Saga Begins,262026,40,1996-11-04,day,
6267,Neck & Wrist (feat. JAY-Z & Pharrell Williams),209314,52,2022-04-22,day,
6268,Living in the World Today,,,,day,
6269,Get 'Em Ft. Guilty Simpson & Mr. Porter,,,,day,
6270,Sweet Serenade,219320,25,2014-01-01,day,
6271,Rising Up,259453,5,2008-04-29,day,
6272,Claymation (feat. Vinny Radio) - Bonus Track,232473,38,2023-06-23,day,
6273,"O.K. (feat. Tyler, The Creator) - Bonus Track",160868,51,2023-06-23,day,
6274,Remember,268366,49,2013-06-18,day,
6275,Home feat. Talib Kweli,177549,0,2013-06-18,day,
6276,Savage Beast (Instrumental),81653,18,2008-09-30,day,
6277,Never Go Pop,115186,26,2008-09-30,day,
6278,3.214,123760,43,2008-09-30,day,
6279,Roller Coaster Riders (Instrumental),92533,18,2008-09-30,day,
6280,Sermon,152493,22,2008-09-30,day,
6281,Butter King Jewels,218093,19,2008-09-30,day,
6282,Running Around with Another,169226,28,2008-09-30,day,
6283,Redd Spot (Interlude),44280,18,2008-09-30,day,
6284,Can't Reform Em,116653,21,2008-09-30,day,
6285,Fluid (Instrumental),80666,19,2008-09-30,day,
6286,Monkey Suit,138906,29,2008-09-30,day,
6287,Heat Niner,98440,19,2008-09-30,day,
6288,Fire in the Hole,154533,24,2008-09-30,day,
6289,Drainos,206573,19,2008-09-30,day,
6290,Invazion (Interlude),72986,18,2008-09-30,day,
6291,Space Ho's Coast to Coast,220546,28,2008-09-30,day,
6292,Borrowed Time,180400,26,2008-09-30,day,
6293,Boulder Holder,142040,33,2008-09-30,day,
6294,Start,155977,1,2023-01-28,day,
6295,Tis The Season Feat Joey Bada Hit Boy Prod By Hit Boy (DatPiff Exclusive),,,,day,
6296,Turn Down Prod By Matthew Burnett (DatPiff Exclusive),,,,day,
6297,Rowdy A Prod By Hit Boy Co-Prod By Hazebanga (DatPiff Exclusive),,,,day,
6298,Sincerely Yours,195813,7,2005-09-13,day,
6299,All for You (feat. Darien Brockington),279746,29,2005-09-13,day,
6300,Diary of a Mad Black Daddy,40733,21,2005-09-13,day,
6301,Lovin' It (feat. Joe Scudda),231720,47,2005-09-13,day,
6302,5th and Fashion,79973,20,2005-09-13,day,
6303,Say It Again,227293,10,2005-09-13,day,
6304,Rainbows (Instrumental),173253,20,2004-12-01,day,
6305,Thank You,309933,3,2013-10-15,day,
6306,Epilogue: Long Jawn,417977,13,2013-10-15,day,
6307,Grits,257813,47,2003-10-07,day,
6308,U.B.R. (Unauthorized Biography of Rakim),218813,21,2004-11-30,day,
6309,Watching Movies,220470,49,2013-06-18,day,
6310,Gees (feat. Schoolboy Q),175672,46,2013-06-18,day,
6311,Red Dot Music (feat. Action Bronson),367930,53,2013-06-18,day,
6312,Objects in the Mirror,258838,28,2013-06-18,day,
6313,I Am Who Am (Killin' Time) (feat. Niki Randa),301096,47,2013-06-18,day,
6314,Matches (feat. Ab-Soul),178410,44,2013-06-18,day,
6315,Bird Call,128720,42,2013-06-18,day,
6316,S.D.S.,184537,43,2013-06-18,day,
6317,Dang! (feat. Anderson .Paak),305350,70,2016-09-16,day,
6318,Avian,196756,50,2013-06-18,day,
6319,The Star Room,275283,49,2013-06-18,day,
6320,Motherfuckin' Villain - Instrumental,101840,1,2013-05-23,day,
6321,South Bronx,308558,37,1987-03-03,day,
6322,Poetry,299630,25,1987-03-03,day,
6323,Scenario - Young Nation Mix,310648,15,1991-09-22,day,
6324,Scenario (remix),317760,37,1998-09-29,day,
6325,Change in Speak,152724,38,1989-03-03,day,
6326,The Magic Number,195883,54,1989-03-03,day,
6327,A Remark You Made,410466,4,1996-03-27,day,
6328,Birdland,358400,25,1996-03-27,day,
6329,Ring the Alarm,231226,33,1991-01-01,year,
6330,Lost Boys,186320,44,2012-04-23,day,
6331,The Fever (Aye Aye),186973,49,2012-04-23,day,
6332,Get Got,171866,55,2012-04-23,day,
6333,Check Yo Self feat. DAS EFX,,,,day,
6334,- Bruiser Brigade feat. Dopehead,,,,day,
6335,Looseys,171773,25,1992-04-07,day,
6336,The Abstract & The Dragon,,,,day,
6337,Thank You (Kid Capri Remix),,,,day,
6338,Everything's Good (Good Ass Outro),333379,42,2013-04-30,day,
6339,East Coast,271373,22,1992-04-07,day,
6340,Dums Dums,232893,21,1992-04-07,day,
6341,Jussummen,210693,33,1992-04-07,day,
6342,Mic Checka,295373,42,1992-04-07,day,
6343,Straight Out the Sewer,202466,25,1992-04-07,day,
6344,Klap Ya Handz,248866,25,1992-04-07,day,
6345,Brooklyn To T-Neck,243840,19,1992-04-07,day,
6346,If Only,243560,25,1992-04-07,day,
6347,OMG,230946,25,2017-06-08,day,
6348,Magic Feat. Jesse Boykins III,,,,day,
6349,Fun!  (Interlude),,,,day,
6350,Tweakin' Feat. Chance The Rapper,,,,day,
6351,Indian Hump,154666,18,2007-08-24,day,
6352,Enter...Hot Curry,145426,16,2007-08-24,day,
6353,Burgundy Whip (acapella),160019,0,2013-02-19,day,
6354,Burgundy Whip (instrumental),162400,34,2017-03-24,day,
6355,This is Your Life (Gee-Mix),,,,day,
6356,The Arrangement,90773,13,2017-03-24,day,
6357,No Brain,128026,26,2008-09-30,day,
6358,Space Salvage - Instrumental,138142,1,2013-05-23,day,
6359,But How? (Jesus Pizzas) - Instrumental,143928,1,2013-05-23,day,
6360,Pass The 40,286840,21,1991-01-01,day,
6361,Black With N V (No Vision),235893,29,1991-01-01,day,
6362,Go To Hail,63200,12,1991-01-01,day,
6363,Hoes We Knows,260626,14,1991-01-01,day,
6364,Gimme The Finga,265426,15,1991-01-01,day,
6365,L A S M,131866,12,1991-01-01,day,
6366,La Menage (feat. Q-Tip),,,,day,
6367,Are You Mad,43200,14,1991-01-01,day,
6368,Strobelite Honey,185560,32,1991-01-01,day,
6369,Have U.N.E. Pull,227906,20,1991-01-01,day,
6370,Fantoms (ft. Joey Fatts),,,,day,
6371,Money Folder (instrumental),153680,21,2004-12-01,day,
6372,Raid (instrumental),156986,29,2004-12-01,day,
6373,Meat Grinder (instrumental),141266,28,2004-12-01,day,
6374,Accordion (Four Tet Remix - Instrumental),169706,19,2005-01-01,year,
6375,Gonads - Instrumental,210072,1,2013-05-23,day,
6376,Colossus,213320,60,2013-04-01,day,
6377,Dr. Aden (Prod. by Jack Splash),,,,day,
6378,Fallen Star,242761,13,2023-09-01,day,
6379,As Long As You Know (F/ Edo G),,,,day,
6380,Still an herb dealer,200635,11,2023-09-01,day,
6381,Yeah daddy,247257,8,2023-09-01,day,
6382,Overnite Gangsta,163689,10,2023-09-01,day,
6383,Jungles Of Da East,273839,15,2023-09-01,day,
6384,I Got Planz,193060,16,2023-09-01,day,
6385,Lawtown,218876,24,2023-09-01,day,
6386,Peso (Prod. By ASAP Ty Beats),,,,day,
6387,Eye Know,252671,58,1989-03-03,day,
6388,Gasface Refill - Bonus Track,225200,0,2020-05-29,day,
6389,Meth Vs. Chef,216200,39,1994-11-15,day,
6390,Can't Knock the Hustle (feat. Mary J. Blige),,,,day,
6391,Tonight's Da Nite - Remix,230186,21,1994-11-22,day,
6392,III. Telegraph Ave. ("Oakland" by Lloyd),210673,66,2013-12-10,day,
6393,II. Shadows,231746,55,2013-12-10,day,
6394,The Worst Guys (feat. Chance The Rapper),,,,day,
6395,Dial Up,44536,44,2013-12-10,day,
6396,II. Worldstar,244651,50,2013-12-10,day,
6397,I.Crawl,209473,52,2013-12-10,day,
6398,Buckeyes,,,,day,
6399,Myrtle Leaf,,,,day,
6400,Datura Stramonium,,,,day,
6401,It's My Thing - Dub Version,316320,6,1988-06-07,day,
6402,You’re A Customer - Dub Version,328946,9,1988-06-07,day,
6403,You Gots To Chill - Percapella,248213,2,1988-06-07,day,
6404,You Gots To Chill - Dub Version,249333,13,1988-06-07,day,
6405,I'm Housin' - U.K. Mix,326066,5,1988-06-07,day,
6406,"Comedy, Tragedy, History - 2016 Mix",209108,22,2016-09-23,day,
6407,I Hear Voices Pt. 2 - 12" Version,127186,35,1999-10-19,day,
6408,"Tick, Tick...",244506,44,1999-10-19,day,
6409,Encore,81266,18,1992-09-22,day,
6410,A day of Sooperman Luver,,,,day,
6411,That's That (Prod. By Doom),,,,day,
6412,More Rhymin' (Prod. By Jake One),,,,day,
6413,Absolutely (Prod. By Madlib),,,,day,
6414,Ballskin (Prod. by Jake One),,,,day,
6415,Gazzillion Ear (Prod. By J Dilla),232679,2,2009-03-23,day,
6416,A Day of Sooperman Lover,229026,26,1992-09-22,day,
6417,Preacher Porkchop,163040,14,1991-01-01,year,
6418,Peachfuzz,239800,43,1991-01-01,year,
6419,Boy Who Cried Wolf,216106,17,1991-01-01,year,
6420,808 Man,233826,19,1991-01-01,year,
6421,Mr. Hood Gets A Haircut,78306,14,1991-01-01,year,
6422,Hard Wit No Hoe,228386,21,1991-01-01,year,
6423,Trial 'N Error,249866,24,1991-01-01,year,
6424,Nitty Gritty (feat. Brand Nubian),335800,22,1991-01-01,year,
6425,Bananapeel Blues,234040,18,1991-01-01,year,
6426,Figure of Speech,224266,19,1991-01-01,year,
6427,Humrush,205000,22,1991-01-01,year,
6428,Subroc's Mission,240600,21,1991-01-01,year,
6429,Mr. Hood Meets Onyx,133240,17,1991-01-01,year,
6430,Boogie Man!,227293,23,1991-01-01,year,
6431,Who Me? (with An Answer From Dr. Bert),211600,31,1991-01-01,year,
6432,Mr. Hood at Piocalles Jewelry/Crackpot,169333,32,1991-01-01,year,
6433,Jane,178093,21,1988-06-07,day,
6434,Bout The Shoes - Feat. Boston Fielder,153641,20,2012-08-20,day,
6435,GMO - Feat. Beth Gibbons,187500,25,2022-08-22,day,
6436,The Signs - Feat. Gone The Hero,,,,day,
6437,So Wat Cha Sayin',297333,43,1989-04-01,day,
6438,? (Extended Raw Rhymes Version),226186,30,1999-10-19,day,
6439,"Tick, Tick (Original 12"" Main Mix Version)",,,,day,
6440,I Hear Voices Pt. 2 Featuring MF Grimm (Original 12" Clean Version),,,,day,
6441,I Hear Voices Pt. 1 (Original 12" Clean Version),,,,day,
6442,Rhymes Like Dimes (Instrumental),130466,33,1999-10-19,day,
6443,Doomsday (Instrumental),299213,40,1999-10-19,day,
6444,Time 4 Sumaksion,204800,47,1992-09-22,day,
6445,Strange Ways (instrumental),84706,21,2004-12-01,day,
6446,Cloud Aura - ft. Brooke Candy,275040,55,2019-09-13,day,
6447,Black Roses,208213,35,2013-04-01,day,
6562,TP4 (Prod. By Obey City),,,,day,
6448,Bumpy's Message (Feat. Bumpy Knuckles) (Prod. By Doom) (Co-Prod. By & Feat. Mr. Chop),,,,day,
6449,"Supervillainz (Feat. Kurious, Mobonix & Slug) (Prod. By Doom) (Co-Prod. By & Feat. Mr. Chop)",,,,day,
6450,Microwave Mayo (Prod. By Jake One),,,,day,
6451,Cellz (Prod. By Doom) (Co-Prod. By & Feat. Mr. Chop),,,,day,
6452,Angelz (Feat. Tony Starks) (Prod. By Doom),,,,day,
6453,Batty Boyz (Prod. By Doom),,,,day,
6454,Lightworks (Prod. By J Dilla),,,,day,
6455,Rap Ambush (Prod. By Jake One),,,,day,
6456,Yessir! (Feat. Raekwon) (Prod. By Doom),,,,day,
6457,Oldie,636213,59,2012-03-16,day,
6458,Hits from the Bong,160866,67,1993-07-20,day,
6459,Symphony 2000,243093,46,1999-01-01,day,
6460,You - Ha Ha Ha,249280,40,2022-02-25,day,
6461,My Yout (Feat. Collie Buddz) [Prod. By Chuck Strangers],,,,day,
6462,Hillary $wank [Prod. By Lee Bannon],,,,day,
6463,Stay Away,231666,12,2011-05-15,day,
6464,New York (Ya Out There),243973,40,1996-11-04,day,
6465,Skit,19066,0,1996-11-04,day,
6466,Haberdashery (Interlude),,,,day,
6467,Dope Skill (Featuring Carl Kavorkian),,,,day,
6468,R.A.P. G.A.M.E. (Featuring Manchild (Mars Ill) & Iz-Real),,,,day,
6469,Doom On Vik,,,,day,
6470,fall back-titty fat,,,,day,
6471,Back End,,,,day,
6472,Viktormizer (Intro),,,,day,
6473,Juke Juke (prod. by Caleb James),245000,33,2019-06-28,day,
6474,Right On Time (Prod. By Kirk Knight),,,,day,
6475,Death Of YOLO (Feat. Smoke Dza) [Prod. By Bruce Leekix],,,,day,
6476,Trap Door [Prod. By Alchemist],,,,day,
6477,Sit N' Prey (Feat. Dessy Hings & T'Nah Apex) [Prod. By Navie D.],,,,day,
6478,Word Is Bond [Prod. by Statik Selektah],,,,day,
6479,Alowha [Prod. By Kirk Knight],,,,day,
6480,Kaleidoscope Love,348527,46,2014-06-09,day,
6481,"Your Drums, Your Love",342291,33,2014-06-09,day,
6482,Attracting Flies,188958,38,2013-01-01,day,
6483,You Know You Like It,203853,33,2013-01-01,day,
6484,Outlines,227627,26,2013-01-01,day,
6485,"Satellite (Feat. Chuck Strangers, Kirk Knight & Dessy Hinds) [Prod. By Lee Bannon]",,,,day,
6486,Amethyst Rockstar (Feat. Kirk Knight) [Prod. By MF DOOM],,,,day,
6487,Let's Get Dirty (I Can't Get In Da Club),235533,41,2001-05-22,day,
6488,Cisco Kid,240226,42,2001-01-01,day,
6489,Left And Right - feat. Method Man And Redman,,,,day,
6490,A-YO,223666,43,2009-01-01,day,
6491,Da Rockwilder - Explicit Version,138613,10,2009-01-01,day,
6492,Sorry Bonita (Feat. Pro Era) [Prod. By Oddisee],,,,day,
6493,Reign (Prod. By Chuck Strangers),,,,day,
6494,Still Dope Feat. Empress Starhh,,,,day,
6495,Royals,190185,78,2013-09-27,day,
6496,Thuggin' - Vocal,201893,17,2011-12-13,day,
6497,Operation Greenbacks,226106,42,1999-10-19,day,
6498,Unorthodox [Prod. By DJ Premier] (Bonus),,,,day,
6499,Amethyst Rockstar (Feat. Kirk Knight) [Prod. By MF DOOM],,,,day,
6500,Tug-At-War (Produced By ESTA),,,,day,
6501,FLintroCK (Produced By Cy Fyre),,,,day,
6502,Accordian - Instrumental,113880,28,2004-12-01,day,
6503,Great Day (instrumental),139186,24,2004-12-01,day,
6504,Gobstopper,65172,38,2006-02-07,day,
6505,Rhyme or Reason,301721,48,2013-11-05,day,
6506,Brooklyn's Finest (feat. Notorious B.I.G.),,,,day,
6507,Communism - Dirty Version,,,,day,
6508,Watermelon,,,,day,
6509,All I Need,309946,59,2014-09-16,day,
6510,Warning,220440,61,1994-09-13,day,
6511,Love Game,296953,53,2013-11-05,day,
6512,Yesterday,157752,22,2021-08-13,day,
6513,Wake Up Saxaphone By Willie B,,,,day,
6514,8:04 AM,31079,17,2021-08-13,day,
6515,Rockin' And Rollin',208666,15,1998-06-30,day,
6516,357,204800,26,1998-06-30,day,
6517,Fastlane,188813,51,2003-06-17,day,
6518,Fazers,197133,58,2003-06-17,day,
6519,Rae Dawn (Acapella),,,,day,
6520,Modern Day Mugging (instrumental),187370,14,2012-01-31,day,
6521,Ready to Die,264546,60,1994-09-13,day,
6522,Just When You Thought It Was Over,,,,day,
6523,It's a Love Thing,290373,16,2006-10-31,day,
6524,Terrorism Interlude,83706,1,2006-10-31,day,
6525,Warm Outside,232600,3,2006-10-31,day,
6526,The Impossible,239920,1,2006-10-31,day,
6527,Black Heart Radio Interlude,51573,2,2006-10-31,day,
6528,Call on Me,232933,7,2006-10-31,day,
6529,American Me Intro,136720,2,2006-10-31,day,
6530,Can It Be All So Simple/Intermission,,,,day,
6531,Clan in da Front,,,,day,
6532,Shame on a Nigga,,,,day,
6533,Trapped,284106,45,1998-01-01,day,
6534,Unconditional Love,238306,56,1998-01-01,day,
6535,So Many Tears,238440,50,1998-01-01,day,
6536,How Do U Want It,287760,60,1998-01-01,day,
6537,Me Against the World,278493,49,1998-01-01,day,
6538,Hail Mary,312373,66,1998-01-01,day,
6539,God Bless the Dead,262200,50,1998-01-01,day,
6540,Temptations,300133,49,1998-01-01,day,
6541,2 Of Amerikaz Most Wanted,246666,59,1998-01-01,day,
6542,Keep Ya Head Up,263600,63,1998-01-01,day,
6543,Heartz of Men,281026,47,1998-01-01,day,
6544,To Live & Die In L.A.,272626,58,1998-01-01,day,
6545,All About U,273160,52,1998-01-01,day,
6546,Dear Mama,278733,54,1998-01-01,day,
6547,Toss It Up,282800,47,1998-01-01,day,
6548,How Long Will They Mourn Me?,232426,49,1998-01-01,day,
6549,Changes,268826,74,1998-01-01,day,
6550,Viking,195813,3,2013-12-18,day,
6551,This & That,209364,1,2013-12-18,day,
6552,Molly Ringwald,141724,15,2013-12-18,day,
6553,Brenda's Got a Baby,233426,48,1998-01-01,day,
6554,Next Levels,229320,63,2003-06-17,day,
6555,Krazy World,283920,49,2003-06-17,day,
6556,Suicidal Thoughts,170213,61,1994-09-13,day,
6557,Friend of Mine,208133,43,1994-09-13,day,
6558,Respect,321293,50,1994-09-13,day,
6559,Big Poppa,252746,80,1994-09-13,day,
6560,Me And My B*tch,,,,day,
6561,GOD Blessed the DEAD (Prod. By Erick Arc Elliott),,,,day,
6563,Drug Parade feat. Danny Brown (Prod. By Erick Arc Elliott),,,,day,
6564,222 (Prod. By Erick Arc Elliott),,,,day,
6565,Thugnificense (Prod. By Erick Arc Elliott),,,,day,
6566,Real Hip-Hop - Original Version,,,,day,
6567,Here We Go,245000,22,1995-09-26,day,
6568,Knockin' Niggaz Off,204933,31,1995-09-26,day,
6569,Intro,66466,13,1995-09-26,day,
6570,No Snakes Alive,212493,40,2003-06-17,day,
6571,Monster Zero,315373,41,2003-06-17,day,
6572,The Final Hour,49080,38,2003-06-17,day,
6573,#!*@ You Tonight,345506,30,2022-06-10,day,
6574,Life After Death,,,,day,
6575,2 Of Amerikaz Most Wanted - Album Version (Edited),217440,21,2006-01-01,day,
6576,Keep Ya Head Up - Album Version (Edited),230786,62,2003-11-11,day,
6577,Intro,203853,39,1994-09-13,day,
6578,The Life I Live,271733,0,2017-03-24,day,
6579,Think Twice,232533,0,2003-02-24,day,
6580,Ferris Wheel,170733,12,2002-12-10,day,
6581,The Fine Print,269360,42,2003-06-17,day,
6582,One Smart Nigger,159226,39,2003-06-17,day,
6583,I Wonder,218773,52,2003-06-17,day,
6584,Lockjaw,63000,52,2003-06-17,day,
6585,Take Me To Your Leader,128666,37,2003-06-17,day,
6586,Anti-Matter,206946,57,2003-06-17,day,
6587,Street Dreams,282506,10,1999-01-01,year,
6588,If I Ruled the World (Imagine That),169200,7,1999-01-01,year,
6589,Blaze A 50 - Explicit Version,,,,day,
6590,You Owe Me - Instrumental,287906,54,1999-11-23,day,
6591,New World,254893,31,1999-11-23,day,
6592,Hustlers and Killers,,,,day,
6593,Shoot 'em Up,173333,43,1999-11-23,day,
6594,Nastradamus - Instrumental,260173,34,1994-01-01,day,
6595,Nastradamus,251933,38,1999-11-23,day,
6596,One Mic - Remix Explicit,276280,11,2002-01-01,year,
6597,Street Dreams - Remix,267480,41,2007-11-06,day,
6598,I Can,164733,68,1972-01-01,year,
6599,Thief's Theme - Explicit Album Version,,,,day,
6600,Bridging the Gap,236653,39,2004-11-30,day,
6601,Where Y'all At,247120,5,2006-01-01,year,
6602,Shine On,162600,18,2007-01-01,day,
6603,Hero - Album Version (Edited),240093,12,2008-01-01,day,
6604,Nah Mean - Intanatty Remix,247053,42,2010-01-01,day,
6605,Hard To Love Somebody (Arlissa VS Nas) - 10 Below Remix,146500,17,2023-05-05,day,
6606,Hard To Love Somebody (Arlissa VS Nas) - Zed Bias Remix,,,,day,
6607,Hard To Love Somebody (Arlissa VS Nas) - The Nextmen Remix,,,,day,
6608,Hard To Love Somebody (Arlissa VS Nas),,,,day,
6609,Game Over - Original Mix,,,,day,
6610,Villian,270760,11,2013-10-15,day,
6611,Trouble,258399,52,2013-06-18,day,
6612,Touch It - Album Version/Vocal Up (Explicit),240146,44,2005-01-01,day,
6613,Outro,77400,8,1997-01-01,day,
6614,Deadliest Biz,183026,9,1997-01-01,day,
6615,What's Goin' On,272333,15,1997-01-01,day,
6616,Hidden Emotions,377040,10,1997-01-01,day,
6617,Repentance Day,318893,9,1997-01-01,day,
6618,Elimination Process,337066,14,1997-01-01,day,
6619,The Night the Earth Cried,272666,21,1997-01-01,day,
6620,Pit Of Snakes,259706,20,1997-01-01,day,
6621,Never Gonna Come Back,228893,16,1997-01-01,day,
6622,Jenifa Taught Me (Derwin's Revenge),205251,38,1989-03-03,day,
6623,Can U Keep a Secret,100759,34,1989-03-03,day,
6624,Cool Breeze on the Rocks,17933,0,1989-03-03,day,
6625,End Of The World - Outro Explicit LP Version,432052,11,2020-11-02,day,
6626,Flipmode Squad Meets Def Squad,,,,day,
6627,Intro,141008,42,2025-08-19,day,
6628,Mr. Muhammad,213253,35,1990-01-01,year,
6629,Rhythm (Devoted To The Art Of Moving Butts),242053,37,1990-01-01,year,
6630,Bonita Applebum,229840,46,1990-01-01,year,
6631,Footprints,240640,42,1990-01-01,year,
6632,P.L.O. Style,156360,32,1994-11-15,day,
6633,Release Yo' Delf,255333,48,1994-11-15,day,
6634,Sub Crazy,135040,31,1994-11-15,day,
6635,What The Blood Clot,204933,37,1994-11-15,day,
6636,Wu-Revolution,406426,36,1997-06-03,day,
6637,Method Man - Home Grown Version,310466,43,1993-11-09,day,
6638,Dessy Hinds NYCk Caution-Natural Prod By Marvel,,,,day,
6639,Oh My Gosh,154693,37,2009-06-01,day,
6640,Return of the Boom Bap,227000,27,1993-09-03,day,
6641,Brown Skin Woman,279360,23,1993-09-03,day,
6642,Uh Oh,246440,21,1993-09-03,day,
6643,Supervillain Intro (Prod. By Doom) (Co-Prod. By & Feat. Mr. Chop),,,,day,
6644,Electronic Dimensions,191972,5,2010-07-27,day,
6645,Steppin' Into Tomorrow (prelude),85679,6,2010-07-27,day,
6646,Mandingo Swing,134132,8,2010-03-23,day,
6647,The Struggle To Unite (One Africa),88146,8,2010-03-23,day,
6648,"Jungle Soundz, Part 1",,,,day,
6649,African Voodoo Queen (Drama),100972,12,2010-03-23,day,
6650,Raw Introduction To Afreaka,80252,10,2010-03-23,day,
6651,The Frontline (Liberation),120852,8,2010-03-23,day,
6652,Motherland,72079,8,2010-03-23,day,
6653,We Here - Instrumental,249649,17,2009-01-27,day,
6654,Timeless - Instrumental,191400,30,2009-01-27,day,
6655,Rap God,363521,74,2013-11-05,day,
6656,Berzerk,238746,65,2013-11-05,day,
6657,Welcome to the Show,71666,42,2006-02-07,day,
6658,The Factory,83786,33,2006-02-07,day,
6659,Thunder,54160,35,2006-02-07,day,
6660,X&Y,,,,day,
6661,Traduction,,,,day,
6662,Experience,128754,33,2002-04-30,day,
6663,Pursed Lips Reply,185318,21,2002-04-30,day,
6664,Playing Parties,188824,29,2002-04-30,day,
6665,Hoe Cakes (Beatboxappella),,,,day,
6666,Vomit Featuring Parallel Thoug,173684,22,2006-03-31,day,
6667,One Beer (Madlib Remix),175053,30,2024-10-08,day,
6668,Hot Guacamole Featuring MC Pau,,,,day,
6669,Change the Beat (Inhumanz Remix),,,,day,
6670,My Favorite Ladies (KMD Remix),,,,day,
6671,Hoe Cakes (Ant Remix),193960,30,2024-11-15,day,
6672,It Ain't Nuthin (The Chapter R,,,,day,
6673,Sweet Serenade,219293,50,2013-10-31,day,
6674,U-Love,60866,48,2006-02-07,day,
6675,Still Dope (Feat. Empress Starhh Tha Femcee) (Prod. By Doom),,,,day,
6676,The Results Are In (Prod. By Erick Arc Elliott),,,,day,
6677,Parking Lot,233906,51,2013-04-01,day,
6678,IFHY,319253,75,2013-04-01,day,
6679,Partyisntover/Campfire/Bimmer,,,,day,
6680,Ham 'N' Eggs,327706,34,1990-01-01,year,
6681,Juicen' Dranks,,,,day,
6682,"Straight Outta Compton - 2002 Digital Remaster,",,,,day,
6683,Just Playing,163480,54,1994-09-13,day,
6684,Who Shot Ya,319360,65,1994-09-13,day,
6685,Dr. Aden - (Prod. by Jack Splash),,,,day,
6686,The Watchers - (Prod. by B.o.B),,,,day,
6687,Cold As Ice - (Prod. by Mike Caren  B.o.B),,,,day,
6688,Not Lost - feat. T.I. - (Prod. by JR Rotem),,,,day,
6689,Shoot up the Station - (Prod. by Kutta),,,,day,
6690,Higher - feat. Playboy Tre - CyHi Da Prynce & Bun B - (Prod. by Polow da Don),,,,day,
6691,Feet Don't Fail Me Now - feat. T.I. & Spodee - (Prod. by Kutta),,,,day,
6692,Beast Mode - (Prod. by Infinity),,,,day,
6693,S.C.O.S.A. (Prod. By Erick Arc Elliott),,,,day,
6694,Al Bundy (Prod. By Darko),,,,day,
6695,"Mary, Nothing Above Thee (Prod. By Erick Arc Elliott)",,,,day,
6696,Breakfast AT ePiffanies feat. Erick Arc Elliott (Prod. By Erick Arc Elliott),260680,51,2013-09-11,day,
6697,Intro (Prod. By Erick Arc Elliott),,,,day,
6698,The Wire,245800,59,2013-01-01,day,
6699,Go Slow,257160,33,2013-01-01,day,
6700,Sadderdaze Feat Ab-Soul Prod By BrandUn DeShay (DatPiff Exclusive),,,,day,
6701,Ernee Feat Dirty Sanchez Prod By Lee Bannon (DatPiff Exclusive),,,,day,
6702,Tug-At-War Prod By Esta (DatPiff Exclusive),,,,day,
6703,FLintroCK Prod By Cy Fyre (DatPiff Exclusive),,,,day,
6704,Thank Yah (Prod. By Doom),,,,day,
6705,Flashing Lights,237506,84,2007-09-11,day,
6706,Barry Bonds,204306,61,2007-09-11,day,
6707,Hoe Cakes (Beatboxappella),,,,day,
6708,Strangers (Paranoid) (Featuring Bun B),,,,day,
6709,If I Knew Then (feat. Carmen Rodgers),244636,11,2013-09-24,day,
6710,Pubic Enemy,225786,34,1990-01-01,year,
6711,Move Somethin',,,,day,
6712,Experience Dedication,229386,2,2007-08-21,day,
6713,Meths Vs Chef,179213,42,2006-01-01,day,
6714,so what you sayin,,,,day,
6715,Burgundy Whip ft. Jimetta Rose,178480,38,2015-10-30,day,
6716,Wind(terlude),116146,14,2011-04-19,day,
6717,Melo,79906,11,2011-04-19,day,
6718,Morning,172960,13,2011-04-19,day,
6719,Since,148493,16,2011-04-19,day,
6720,Amnesia,177920,30,2011-04-19,day,
6721,No Wheaties Feat Curren$y & Smoke Dza,,,,day,
6722,Skinny Genes,186000,42,2010-07-09,day,
6723,Swimming Pools (Drank) - Extended Explicit Version,,,,day,
6724,Fakin Jax,339826,0,2017-03-24,day,
6725,They Die By Dawn,380288,14,2014-06-30,day,
6726,Professional,368720,45,2013-09-10,day,
6727,The Front,174960,34,2013-06-18,day,
6728,Seasons Change,171893,41,2013-06-18,day,
6729,Broad Factor,165120,37,2013-06-18,day,
6730,Call It Home,238826,17,2013-09-24,day,
6731,Shame ft. BJ The Chicago Kid,,,,day,
6732,ODB,,,,day,
6733,4th Chamber,,,,day,
6734,Labels,,,,day,
6735,Gold,,,,day,
6736,I Gotcha Back,,,,day,
6737,Hell's Wind Staff / Killah Hills 10304,,,,day,
6738,Shadowboxin',,,,day,
6739,Reality Check,160559,9,2009-05-12,day,
6740,Love Movin' feat. Black Thought,214893,0,2006-08-21,day,
6741,Smoking Room Only,,,,day,
6742,Glowing,,,,day,
6743,(Pimp) Strut,,,,day,
6744,"Hop, Skip & Jump",,,,day,
6745,You Remind Me,,,,day,
6746,You Put the Flame On It (feat. Menahan Street Band),191337,51,2013-04-02,day,
6747,Strictly Reserved For You (feat. Menahan Street Band),,,,day,
6748,Lights Out,157613,40,2012-10-30,day,
6749,Dust to Dust,175493,30,2008-10-14,day,
6750,Going the Distance,154733,40,2008-10-14,day,
6751,Esma,186146,32,2008-10-14,day,
6752,Birds,182480,29,2008-10-14,day,
6753,Karina,205760,35,2008-10-14,day,
6754,I Still Got It,217506,28,2012-03-13,day,
6755,Faithful Man,246026,32,2012-03-13,day,
6756,Whar,265906,20,2009-01-27,day,
6757,I've Never Seen...,,,,day,
6758,Luck Of Lucien,273173,32,1999-10-26,day,
6759,Stressed Out,293026,31,1999-10-26,day,
6760,Oh My God,205506,31,1999-10-26,day,
6761,Hot Sex,165626,29,1999-10-26,day,
6762,I Left My Wallet in El Segundo,246200,30,1999-10-26,day,
6763,Jazz (We've Got),250866,32,1999-10-26,day,
6764,If the Papes Come,254173,29,1999-10-26,day,
6765,Buggin' Out,218760,31,1999-10-26,day,
6766,Can I Kick It? - Contains Intro Of "Can I Kick It?",266760,18,2008-06-24,day,
6767,Beware of the Stare - Instrumental,,,,day,
6768,12 Reasons To Die,,,,day,
6769,The Sure Shot (Parts One & Two),,,,day,
6770,"Murder Spree (feat. U-God, Masta Killa, Inspectah Deck & Killa Sin)",,,,day,
6771,Revenge Is Sweet (feat. Masta Killa & Killa Sin),,,,day,
6772,The Rise Of the Ghostface Killah (feat. Masta Killa & Killa Sin),160924,40,2025-08-22,day,
6773,An Unexpected Call (The Set Up) (feat. Inspectah Deck),,,,day,
6774,Enemies All Around Me (feat. William Hart),,,,day,
6775,The Center Of Attraction (feat. Cappadonna),,,,day,
6776,Blood On The Cobblestones (feat. U-God & Inspectah Deck),,,,day,
6777,I Declare War (feat. Masta Killa),,,,day,
6778,Fashion Killa,,,,day,
6779,Hell,,,,day,
6780,LVL,,,,day,
6781,PMW (All I Really Need),,,,day,
6782,Get Down (Remix) [Feat. Q-Tip],237560,15,2007-06-12,day,
6783,Flava In Your Ear,218040,14,2008-06-24,day,
6784,Shouldn't Of,148772,25,2012-03-13,day,
6785,WitIt,163007,26,2012-03-13,day,
6786,Baseline,,,,day,
6787,Everyman,256359,21,2017-03-24,day,
6788,MICROPHONIST WANDERLUST,262426,38,2017-03-24,day,
6789,Dont You Love It,,,,day,
6790,Mind Over Matter,265480,32,2017-03-24,day,
6791,What You Say,265386,0,2017-03-24,day,
6792,To Each His Own,321853,0,2017-03-24,day,
6793,Handcuffin' Them Hoes,150160,10,2010-01-01,day,
6794,Drama,268040,13,2010-01-01,day,
6795,Black Tequila,223453,16,2010-01-01,day,
6796,Transylvania,192200,43,2011-05-09,day,
6797,"Big Beast - feat. Bun B, T.I., and Trouble [Clean]",,,,day,
6798,Phoenix,,,,day,
6799,Pain,,,,day,
6800,Honeymoon Avenue,339733,67,2013-01-01,day,
6801,Possibility - Album Version (2nd Movement ),,,,day,
6802,Marvel,310493,28,1996-01-01,year,
6803,#!*@ Me - Interlude,,,,day,
6804,Come On Feet,215320,32,2004-12-01,day,
6805,Real Eyes,202506,39,2004-12-01,day,
6806,Return of the Loop Digga,226053,33,2004-12-01,day,
6807,Low Class Conspiracy,187240,23,2005-05-03,day,
6808,What's It All About (feat. Busta Rhymes),216026,29,2009-01-26,day,
6809,Tell Me (feat. D'Angelo),,,,day,
6810,Hold Tight (feat. Q-Tip),,,,day,
6811,Jealousy,257212,24,2010-10-12,day,
6812,Pop's Rap,202373,19,1994-10-25,day,
6813,Go DJ,,,,day,
6814,Walk In,184493,41,2004-01-01,day,
6815,Money On The Floor,247160,42,2012-01-01,day,
6816,I Got This,202346,28,2012-01-01,day,
6817,Cool 2 Be Southern,202320,31,2012-01-01,day,
6818,Losing Out Feat. Royce Da 5'9",222693,3,2019-12-13,day,
6819,Body Music,242400,21,2013-01-01,day,
6820,"Your Drums, Your Love",342291,9,2012-01-01,day,
6821,untitled 07 | 2014 - 2016,496173,54,2016-03-04,day,
6822,Ecstasy (feat. Machine Gun Kelly),178240,48,2019-08-16,day,
6823,Hot (feat. Gunna),193026,72,2019-08-16,day,
6824,Bad Bad Bad (feat. Lil Baby),149040,79,2019-08-16,day,
6825,Surf (feat. Gunna),184093,63,2019-08-16,day,
6826,Light It Up,209253,60,2019-08-16,day,
6827,I'm Scared (feat. 21 Savage & Doe Boy),200733,49,2019-08-16,day,
6828,Jumped Out The Window,204026,49,2019-08-16,day,
6829,I Bought Her (feat. Lil Duke),201746,45,2019-08-16,day,
6830,What's the Move (feat. Lil Uzi Vert),251080,53,2019-08-16,day,
6831,Lil Baby,201893,57,2019-08-16,day,
6832,Tattoos,241813,49,2016-03-25,day,
6833,Worth It,186026,54,2016-03-25,day,
6834,Digits,176386,72,2016-03-25,day,
6835,"Slime Shit (feat. Yak Gotti, Duke & Peewee Roscoe)",278040,48,2016-03-25,day,
6836,2000 EXCURSION,222986,76,2025-07-13,day,
6837,F.I.C.O.,201746,72,2025-07-11,day,
6838,On McAfee (with Baby Kia),170066,69,2025-08-08,day,
6839,And We Vibing - Interlude,41111,64,2025-08-08,day,
6840,No Boo (with Jessie Reyez),215795,67,2025-08-08,day,
6841,Wholeheartedly (with Ty Dolla $ign & 6LACK),225763,68,2025-08-08,day,
6842,Sk8 (with Ciara & EARTHGANG),190663,69,2025-08-08,day,
6843,VCRs (with Vince Staples),238272,69,2025-08-08,day,
6844,"Community (with Clipse, Pusha T & Malice)",265527,70,2025-08-08,day,
6845,WRK,194095,60,2025-04-18,day,
6846,YouUgly (with Westside Gunn),283748,70,2025-08-08,day,
6847,"time reveals, be careful what you wish for",395186,57,2024-05-10,day,
6848,life’s changing,189253,57,2024-05-10,day,
6849,the time,171200,61,2024-05-10,day,
6850,conscience,143120,58,2024-05-10,day,
6851,$$$ (feat. Normani),181613,61,2024-05-10,day,
6852,blackjack,204386,65,2024-05-10,day,
6853,back in the a,173226,65,2024-05-10,day,
6854,on one tonight,90760,79,2024-05-10,day,
6855,treesh,132946,57,2024-05-10,day,
6856,prada dem (feat. Offset),165346,66,2024-05-10,day,
6857,hakuna matata,127853,76,2024-05-10,day,
6858,Cartier Gucci Scarf (feat. Lil Duke),198173,45,2019-08-16,day,
6859,Ice Melts,250770,57,2017-03-18,day,
6860,Viking,164571,62,2024-11-08,day,
6861,Lifestyle,269693,70,2014-06-05,day,
6862,Freeee (Ghost Town Pt. 2),206605,55,2018-06-08,day,
6863,4th Dimension,153351,64,2018-06-08,day,
6864,Fire,140526,56,2018-06-08,day,
6865,All da Smoke,204960,50,2017-10-20,day,
6866,Stunna,248999,31,2016-03-18,day,
6867,neck on a yacht,155080,63,2024-05-10,day,
6868,Summer,169728,35,2023-05-05,day,
6869,Let It Out,168350,63,2024-03-22,day,
6870,Reborn,324674,64,2018-06-08,day,
6871,Kids See Ghosts,245098,56,2018-06-08,day,
6872,Bloodsport,215066,43,1996-11-19,day,
6873,Extortion (feat. Method Man),211573,42,1996-11-19,day,
6874,More Trife Life,224600,37,1996-11-19,day,
6875,30 Girlfriends (Yeah Yeah),179890,0,2024-10-31,day,
6876,Steel Doors,174000,0,2024-10-31,day,
6877,Pimp Hand,181079,58,2014-01-01,year,
6878,Open Air,132603,54,2022-04-22,day,
6879,ANOTHA LATE NITE (with 454),176100,45,2024-11-15,day,
6880,M.T.B.T.T.F.,156013,73,2025-07-11,day,
6881,On The Set,218630,0,2024-10-31,day,
6882,Origami,203500,0,2024-10-31,day,
6883,Ruthless,152000,0,2024-10-31,day,
6884,Walk It Off,152500,0,2024-10-31,day,
6885,P.O.P. (with Key Nyata & Sauce Walka),242428,45,2024-11-15,day,
6886,Germany 86',126961,41,2024-03-01,day,
6887,Andrea,192004,46,2017-03-31,day,
6888,Ostertag (feat. Stove God Cooks),132062,41,2021-09-24,day,
6889,VCRs (with Vince Staples),238272,58,2025-08-07,day,
6890,Tapatio,173866,45,2018-10-31,day,
6891,Slang Like This,234355,25,2010-01-01,day,
6892,Bait Face,183253,0,2010-05-10,day,
6893,Modern Warfare 2,212588,0,2010-09-05,day,
6894,Too Many Man,215920,0,2009-06-01,day,
6895,Intro,194506,4,2010-10-11,day,
6896,Bringing it Home,189920,0,2010-10-11,day,
6897,Pass The Mic,186586,0,2010-10-11,day,
6898,Pride,252466,0,2010-10-11,day,
6899,Crep Collection,140186,0,2010-10-11,day,
6900,Wrong Side Of Town,206266,0,2010-10-11,day,
6901,She Said,269826,2,2010-10-11,day,
6902,Skit Mayhem,230960,0,2010-10-11,day,
6903,Headlock,258426,0,2010-10-11,day,
6904,Ice Box,256426,53,2006-01-01,year,
6905,Ice Box - Mr. Mig Mixshow Extended Remix,241413,1,2010-07-27,day,
6906,Ice Box - Radio Edit,240173,6,2008-08-15,day,
6907,O,280693,27,2010-07-27,day,
6908,"Bump, Bump, Bump (feat. P. Diddy)",279000,36,2010-07-27,day,
6909,Opening Titles,205333,0,2010-06-01,day,
6910,Seige,245680,0,2010-06-01,day,
6911,Code of Conduct,129026,0,2010-06-01,day,
6912,Modern Warfare 2 Metal "Head Huntin",236083,3,2010-12-19,day,
6913,Shark Attack - Remix,282866,0,2010-10-10,day,
6914,Is It War?,183720,0,2008-07-14,day,
6915,"Making Hits feat. Desperado, Little Dee & Brutal",236720,0,2008-07-14,day,
6916,From The Ghetto,212733,0,2008-06-30,day,
6917,Bazooka (Instrumental),460693,0,2008-07-14,day,
6918,Class A,207426,0,2008-06-30,day,
6919,Climax (Girl Sh**),202993,0,2000-06-03,day,
6920,What About Dice,198042,0,2011-06-07,day,
6921,Money Don't Mean A Thing,209954,19,2003-01-01,day,
6922,Hold On,222840,33,2003-01-01,day,
6923,Kick Out Of You,247292,22,2003-01-01,day,
6924,How I Deal (feat. Slum Village),222826,0,2010-06-29,day,
6925,Workin On It,78000,0,2008-06-24,day,
6926,La La,292800,18,2002-08-13,day,
6927,Thelonious (feat. Common),269306,0,2000-06-03,day,
6928,Who Are We - Bonus Track,247546,0,2000-06-03,day,
6929,Doin' It Again,143640,0,2010-06-22,day,
6930,The Fire,221066,0,2010-06-22,day,
6931,Web 20/20,166320,0,2010-06-22,day,
6932,Hustla - Bonus Track (Explicit),176280,0,2010-06-22,day,
6933,DillaTUDE: The Flight Of Titus,42280,0,2010-06-22,day,
6934,Won't Do,232533,48,2006-08-21,day,
6935,E=MC2,196386,0,2006-10-16,day,
6936,Geek Down,113026,24,2006-08-21,day,
6937,Love Jones,61600,24,2006-08-21,day,
6938,Love,194546,32,2006-08-21,day,
6939,Baby,208320,35,2006-08-21,day,
6940,E=MC2 feat. Common,197640,0,2006-08-21,day,
6941,Over The Breaks,134120,0,2006-08-21,day,
6942,Welcome To Detroit,49360,0,2003-02-24,day,
6943,Y’all Ain’t Ready,88773,0,2003-02-24,day,
6944,Think Twice,232533,44,2001-01-01,year,
6945,The Clapper,126066,0,2003-02-24,day,
6946,Come Get It,302826,0,2003-02-24,day,
6947,Pause,165573,0,2003-02-24,day,
6948,B.B.E. (Big Booty Express),132760,0,2003-02-24,day,
6949,Beej-N-Dem Pt. 2,169466,0,2003-02-24,day,
6950,Brazilian Groove (EWF),90360,0,2003-02-24,day,
6951,It’s Like That,245146,0,2003-02-24,day,
6952,Give It Up,188226,0,2003-02-24,day,
6953,Now Or Never,274226,0,2010-06-22,day,
6954,Right On,216026,0,2010-06-22,day,
6955,Step Into The Relm,169333,0,1999-02-23,day,
6956,The Seed (2.0),267920,0,2002-11-26,day,
6957,Dilltastic Vol Won(derful),28666,0,2006-08-29,day,
6958,"Can You Hear Me? (ayayaya) (feat. Skepta, JME & Ms D)",232615,31,2012-10-19,day,
6959,96 F**kries,172058,21,2012-01-15,day,
6960,Murking,180000,0,2012-06-17,day,
6961,Hard to Love Somebody,177815,0,2012-09-11,day,
6962,Hard To Love Somebody,187880,0,2012-12-06,day,
6963,Hard To Love Somebody - The Nextmen Remix,206452,0,2012-12-06,day,
6964,Shake It Down,175840,0,2003-02-24,day,
6965,African Rhythms,96093,0,2003-02-24,day,
6966,Love,227693,0,2010-12-21,day,
6967,Celebration,288640,51,2012-01-01,day,
6968,Angel,268093,36,2008-01-01,day,
6969,Never Can Say Goodbye,280266,0,2008-01-01,day,
6970,Nag Champa (Afrodisiac For The World),310640,37,2000-01-01,day,
6971,Won't Do - Instrumental,224339,0,2006-10-16,day,
6972,Honey Dew,193720,0,2018-02-14,day,
6973,Consideration,161066,0,2016-01-28,day,
6974,Mrs Mr - JackLNDN Remix,196513,0,2017-10-06,day,
6975,The Way Life Goes (feat. Oh Wonder),221746,78,2017-08-25,day,
6976,I Wanna Go,222026,0,2013-01-01,day,
6977,Deeper Conversation,257191,0,2011-03-15,day,
6978,"Hold On, We're Going Home - Live From Spotify Singapore / 2014",266280,0,2014-04-26,day,
6979,Mannequin,215346,0,2016-05-20,day,
6980,Sunset (feat. Yuna Zarai),245773,39,2013-09-23,day,
6981,Gold (feat. Yuna),257044,0,2013-10-22,day,
6982,Come As You Are,265846,0,2011-07-05,day,
6983,Glimpse of Us,233453,66,2022-06-10,day,
6984,SLOW DANCING IN THE DARK,209273,5,2018-10-26,day,
6985,YEAH RIGHT,174357,3,2018-10-26,day,
6986,"Chopin: Nocturne No. 20 in C-Sharp Minor, Op. Posth.",266200,65,2000-01-01,day,
6987,"Fantaisie-Impromptu in C-Sharp Minor, Op. 66",336093,49,2017-08-25,day,
6988,"Fantasy on Polish Airs, Op. 13: Largo non troppo",295466,46,2017-03-10,day,
6989,"Chopin: Nocturne No. 8 in D-Flat Major, Op. 27 No. 2",338253,57,2005-09-05,day,
6990,"Nocturne No. 19 in E Minor, Op. 72, No. 1",241986,54,2011-01-01,day,
6991,"Piano Concerto No. 2 in F Minor, Op. 21: I. Maestoso",864320,43,2021-08-27,day,
6992,"Nocturne in C Minor, KK IVb/8",214613,28,2021-08-13,day,
6993,I Was Never There,241066,83,2018-03-30,day,
6994,Starboy,230453,89,2016-11-25,day,
6995,The Party & The After Party,459659,76,2011-03-21,day,
6996,House Of Balloons / Glass Table Girls,407315,78,2011-03-21,day,
6997,"Nocturne in C Sharp Minor, KK IVa/16",301013,29,2021-08-13,day,
6998,"Nocturnes, Op. 62: No. 1 in B Major. Andante",469146,25,2021-08-13,day,
6999,"Nocturnes, Op. 62: No. 2 in E Major. Lento",405280,25,2021-08-13,day,
7000,"Nocturne in E Minor, Op. posth. 72/1",254080,32,2021-08-13,day,
7001,"Nocturnes, Op. 9: No. 1 in B Flat Minor. Larghetto",389240,35,2021-08-13,day,
7002,"Nocturnes, Op. 9: No. 3 in B Major. Allegretto",410200,31,2021-08-13,day,
7003,"Nocturnes, Op. 9: No. 2 in E Flat Major. Andante",305720,37,2021-08-13,day,
7004,"Nocturnes, Op. 32: No. 1 in B Major. Andante sostenuto",335760,33,2021-08-13,day,
7005,"Nocturnes, Op. 15: No. 3 in G Minor. Lento",374813,29,2021-08-13,day,
7006,"Nocturnes, Op. 27: No. 2 in D Flat Major. Lento sostenuto",433933,42,2021-08-13,day,
7007,"Nocturnes, Op. 15: No. 2 in F Sharp Major. Larghetto",207506,31,2021-08-13,day,
7008,"Nocturnes, Op. 27: No. 1 in C Sharp Minor. Larghetto",350226,30,2021-08-13,day,
7009,"Nocturnes, Op. 15: No. 1 in F Major. Andante cantabile",251453,32,2021-08-13,day,
7010,"Nocturnes, Op. 37: No. 2 in G Major. Andantino",357826,26,2021-08-13,day,
7011,"Nocturnes, Op. 32: No. 2 in A Flat Major. Lento",353733,27,2021-08-13,day,
7012,"Nocturnes, Op. 37: No. 1 in G Minor. Andante sostenuto",466933,27,2021-08-13,day,
7013,"Nocturnes, Op. 48: No. 1 in C Minor. Lento",348653,29,2021-08-13,day,
7014,"Nocturnes, Op. 55: No. 2 in E Flat Major. Lento sostenuto",321493,24,2021-08-13,day,
7015,Life Of The Party,296226,50,2012-11-13,day,
7016,The Zone,418506,53,2012-11-13,day,
7017,The Birds Pt. 1,214515,57,2011-08-18,day,
7018,The Birds Pt. 2,350640,55,2012-11-13,day,
7019,"Nocturne in C minor, B. 108",179066,33,2010-06-22,day,
7020,"3 Nocturnes, Op. 9: III. Allegretto",400533,28,2010-06-22,day,
7021,Outside,260092,45,2012-11-13,day,
7022,Initiation,260693,45,2012-11-13,day,
7023,The Fall,345160,43,2012-11-13,day,
7024,Same Old Song,312053,45,2012-11-13,day,
7025,Rocc Climbing (feat. Lil Yachty),175877,54,2021-09-24,day,
7026,Drowning (feat. Kodak Black),209269,62,2017-03-10,day,
7027,Studio,278066,68,2014-01-01,day,
7028,Prescription/Oxymoron,,,,day,
7029,TorcH,334906,37,2016-07-08,day,
7030,Lord Have Mercy,104253,38,2016-07-08,day,
7031,The Life - Album Version Edit (Explicit),189426,42,2002-01-01,day,
7032,Uknowhowwedu,214866,55,1996-04-02,day,
7033,Worst Comes To Worst - Edited,215973,61,2001-10-23,day,
7034,Travellin' Man (Remastered),318573,51,2009-06-22,day,
7035,"Nocturnes, Op. 48: No. 1 in C Minor",351946,38,1965-01-01,year,
7036,Blast,187026,51,2000-10-17,day,
7037,Closer,300266,33,2004-01-01,day,
7038,"The Isle of the Dead, Op. 29",1120000,40,2000-01-01,day,
7039,Mazurka No. 1 In F Sharp Minor Op. 6 No. 1,194466,28,1987-05-27,day,
7040,Mazurka No. 2 In C Sharp Minor Op. 6 No. 2,148293,24,1987-05-27,day,
7041,Mazurka No. 3 In E Op. 6 No. 3,96493,23,1987-05-27,day,
7042,Mazurka No. 4 In E Flat Minor Op. 6 No. 4,57693,22,1987-05-27,day,
7043,Nuvole Bianche,357706,72,2004-01-01,day,
7044,"Mazurka No. 5 in B Flat, Op. 7 No. 1",107293,25,1987-05-27,day,
7045,Mazurka No. 12 In A Flat Op. 17 No. 3,244066,20,1987-05-27,day,
7046,Mazurka No. 13 In A Minor Op. 17 No. 4,253293,27,1987-05-27,day,
7047,Mazurka No. 14 In G Minor Op. 24 No. 1,168360,22,1987-05-27,day,
7048,"Piano Concerto No. 2 In F Minor, Op. 21: 2. Larghetto",666000,36,1999-01-01,day,
7049,"Piano Concerto No. 2 In F Minor, Op. 21: 3. Allegro vivace",546000,38,1999-01-01,day,
7050,"Piano Concerto No. 1 in E minor, Op. 11: 2. Romance (Larghetto)",755000,41,1999-01-01,day,
7051,"Piano Concerto No. 1 In E Minor, Op. 11: 3. Rondo (Vivace)",593000,35,1999-01-01,day,
7052,"Piano Concerto No. 2 In F Minor, Op. 21: 1. Maestoso",936000,35,1999-01-01,day,
7053,"Piano Concerto No. 3 In D Minor, Op. 30: 1. Allegro ma non tanto",1003693,19,2011-01-01,day,
7054,"Piano Concerto No. 3 In D Minor, Op. 30: 2. Intermezzo (Adagio)",692346,15,2011-01-01,day,
7055,"Ravel: Miroirs, M. 43: III. Une barque sur l'océan",420186,38,2016-01-15,day,
7056,"Lieder ohne Worte, Book 2, Op. 30 (Excerpts): No. 6 in F-Sharp Minor, MWV U 110 ""Venetianisches Gondellied""",172880,0,2019-06-28,day,
7057,Nocturne No. 2 in C Minor,223066,47,1999-08-23,day,
7058,"Nocturnes, Op. 48: I. Lento",368173,46,2010-06-22,day,
7059,Mazurka No. 6 In A Minor Op. 7 No. 2,194160,24,1987-05-27,day,
7060,Mazurka No. 7 In F Minor Op. 7 No. 3,139293,22,1987-05-27,day,
7061,Mazurka No. 8 In A Flat Op. 7 No. 4,66226,20,1987-05-27,day,
7062,Mazurka No. 9 In C Op. 7 No. 5,44706,20,1987-05-27,day,
7063,Mazurka No. 10 In B Flat Op. 17 No. 1,117306,21,1987-05-27,day,
7064,Mazurka No. 11 In E Minor Op. 17 No. 2,116773,24,1987-05-27,day,
7065,"Piano Sonata No. 4 in F sharp major, Op. 30: 1. Andante",188173,17,1997-01-01,day,
7066,"Piano Sonata No. 4 in F sharp major, Op. 30: 2. Prestissimo volando",300840,18,1997-01-01,day,
7067,"Quatre Morceaux, Op. 56",302933,11,1997-01-01,day,
7068,"Polonaise, Op. 21",377186,1,2015-05-15,day,
7069,"4 Preludes, Op. 22: No. 1 in G-Sharp Minor",95160,1,2015-05-15,day,
7070,"Piano Sonata No. 5 in F Sharp Major, Op. 53",713000,20,1997-01-01,day,
7071,"Piano Sonata No. 6, Op. 62",688000,12,1997-01-01,day,
7072,"Nocturnes, Op. 9: No. 2 in E-Flat Major. Andante",266053,39,1965-01-01,year,
7073,"Nocturnes, Op. 9: No. 3 in B Major",406946,32,1965-01-01,year,
7074,"Nocturnes, Op. 15: No. 3 in G Minor",303000,30,1965-01-01,year,
7075,"Nocturnes, Op. 27: No. 1 in C-Sharp Minor",337973,30,1965-01-01,year,
7076,"Nocturnes, Op. 27: No. 2 in D-Flat Major",373000,36,1965-01-01,year,
7077,"Nocturnes, Op. 32: No. 1 in B Major",282013,28,1965-01-01,year,
7078,"Nocturnes, Op. 32: No. 2 in A-Flat",345906,29,1965-01-01,year,
7079,worldstar money (interlude),126312,70,2018-02-14,day,
7080,Heaven Or Las Vegas,353732,50,2011-08-18,day,
7081,Montreal,250520,52,2012-11-13,day,
7082,XO / The Host,443986,49,2012-11-13,day,
7083,Hell on Earth (Front Lines),274093,62,1996-11-19,day,
7084,What I'm After,260373,0,1998-05-18,day,
7085,Itz A Set Up,229200,37,1998-03-31,day,
7086,"3 Nocturnes, Op. 15: I. Andante cantabile",298333,27,2010-06-22,day,
7087,"3 Nocturnes, Op. 15: II. Larghetto",216093,29,2010-06-22,day,
7088,"3 Nocturnes, Op. 15: III. Lento",309666,26,2010-06-22,day,
7089,"Nocturnes, Op. 27: I. Larghetto",340066,27,2010-06-22,day,
7090,Japanese Denim,270846,23,2016-10-21,day,
7091,What You Heard,238242,78,2019-02-22,day,
7092,Girl With The Tattoo Enter.lewd,102813,78,2010-11-26,day,
7093,Poison,212992,76,2016-08-03,day,
7094,Die For You,260253,85,2016-11-24,day,
7095,Lovely,291098,61,2016-09-20,day,
7096,All I Want Is You (feat. J. Cole),295920,74,2010-11-26,day,
7097,Stay Ready (What A Life),382760,76,2013-01-01,day,
7098,The Worst,254493,72,2013-01-01,day,
7099,3:16AM,200720,57,2013-01-01,day,
7100,Bed Peace,256079,70,2013-01-01,day,
7101,Blinding Lights,200040,89,2020-03-20,day,
7102,One Right Now (with The Weeknd),193506,68,2021-11-05,day,
7103,In Your Eyes,237520,76,2020-03-20,day,
7104,Pray For Me,211420,76,2021-02-05,day,
7105,Heartless,198266,78,2020-03-20,day,
7106,Love Me Harder,236133,81,2014-08-22,day,
7107,I Like You (A Happier Song) (with Doja Cat),192840,76,2022-06-03,day,
7108,Woman,172626,81,2021-06-25,day,
7109,Need to Know,210560,79,2021-06-25,day,
7110,You Right,186173,77,2021-06-25,day,
7111,Kiss Me More (feat. SZA),208866,12,2021-04-09,day,
7112,Been Like This,177373,71,2021-06-25,day,
7113,Streets,226986,82,2019-11-07,day,
7114,Better Than Me,202373,55,2019-11-07,day,
7115,"Work, Pt. II (feat. Gang Starr)",185853,0,2011-05-31,day,
7116,All For Tha Ca$h,,,,day,
7117,"Dat Sound Good (feat. Ab-Soul, Mac Miller)",211453,24,2015-12-11,day,
7118,PRhyme,234043,16,2015-12-11,day,
7119,U Looz,94048,22,2014-12-09,day,
7120,You Should Know (feat. Dwele),274049,17,2015-12-11,day,
7121,Wishin' (feat. Common),259800,18,2015-12-11,day,
7122,"To Me, To You (feat. Jay Electronica)",311294,22,2014-12-09,day,
7123,"Underground Kings (feat. Schoolboy Q , Killer Mike)",254049,16,2015-12-11,day,
7124,"Piano Concerto in F sharp minor, Op. 20: 1. Allegro",460106,1,2015-05-15,day,
7125,"Piano Concerto in F sharp minor, Op. 20: 2. Andante",514546,1,2015-05-15,day,
7126,"Piano Concerto in F sharp minor, Op. 20: 3. Allegro",663186,1,2015-05-15,day,
7127,Hell Of A Night,272453,59,2014-01-01,day,
7128,Break The Bank,354853,53,2014-01-01,day,
7129,The Purge,294053,44,2014-01-01,day,
7130,Grooveline Pt. 2,258372,41,2014-01-01,day,
7131,CHopstix (feat. Travis Scott),180453,48,2019-04-26,day,
7132,THat Part,313573,59,2016-07-08,day,
7133,Wanderlust,306773,47,2013-09-10,day,
7134,King Of The Fall,301594,61,2020-09-25,day,
7135,Save Your Tears,215627,54,2020-03-20,day,
7136,Party Monster,249213,77,2016-11-25,day,
7137,Mask Off,204600,82,2017-06-30,day,
7138,"Sonatina No. 1 in C Major, Op. 36: I. Allegro - for Piano",72013,16,2014-09-22,day,
7139,"Sonatina no. 1 in c major, op. 36: ii. andante - for Piano",74813,14,2014-09-22,day,
7140,"Sonatina No. 1 in C Major, Op. 36: III. Vivace - for Piano",56893,14,2014-09-22,day,
7141,"Fantasia in D Minor, K. 397 (Fragment)",347314,23,2021-09-03,day,
7142,"Fantasia in D Minor, K. 397",336800,24,2018-11-16,day,
7143,"Liebestraum No. 3 in A-Flat Major, S. 541 / 3",293146,60,2011-07-25,day,
7144,Boléro (Ravel),934067,49,1995-01-01,year,
7145,Comin Out Strong (feat. The Weeknd),254369,62,2017-07-27,day,
7146,Drinks On Us,311163,48,2015-03-06,day,
7147,Freaky Deaky,215281,62,2022-02-25,day,
7148,Wicked Games,325305,72,2011-03-21,day,
7149,Been Away,223629,75,2020-02-07,day,
7150,La Campanella,551173,45,2010-06-10,day,
7151,La Campanella,287986,50,2011-07-25,day,
7152,"La campanella in G-Sharp Minor (From ""Grandes études de Paganini"", S. 141/3)",,,,day,
7153,"Piano Sonata No. 8 in C Minor, Op. 13 ""Pathétique"": I. Grave - Allegro di molto e con brio",569400,35,1984-01-01,day,
7154,"Piano Sonata No. 8 in C Minor, Op. 13 ""Pathétique"": II. Adagio cantabile",320466,44,1984-01-01,day,
7155,Reminder,218880,81,2016-11-25,day,
7156,Moth To A Flame (with The Weeknd),234000,81,2022-04-15,day,
7157,False Alarm,220306,63,2016-11-25,day,
7158,Rockin’,232880,62,2016-11-25,day,
7159,Secrets,265600,64,2016-11-25,day,
7160,True Colors,206013,61,2016-11-25,day,
7161,Sidewalks,231360,71,2016-11-25,day,
7162,Six Feet Under,237573,66,2016-11-25,day,
7163,Love To Lay,223293,58,2016-11-25,day,
7164,Attention,197653,61,2016-11-25,day,
7165,Lost in the Fire (feat. The Weeknd),202093,81,2019-03-08,day,
7166,Hardest To Love,211400,64,2020-03-20,day,
7167,After Hours,361026,81,2020-03-20,day,
7168,Call Out My Name,228373,85,2018-03-30,day,
7169,Try Me,221106,70,2018-03-30,day,
7170,Wasted Times,220293,67,2018-03-30,day,
7171,Hurt You,230026,70,2018-03-30,day,
7172,Privilege,170573,63,2018-03-30,day,
7173,Touchable,122647,58,2021-07-16,day,
7174,A Lonely Night,220173,63,2016-11-25,day,
7175,All I Know,321026,61,2016-11-25,day,
7176,I Feel It Coming,269186,77,2016-11-25,day,
7177,Fuck Love,146520,81,2017-08-25,day,
7178,"Prelude in C Major, BWV 933",87506,6,2020-02-08,day,
7179,"Prelude in C Major, BWV 939",45000,8,2020-02-08,day,
7180,Little Preludes BWV 927 in F Major,41306,3,2022-06-01,day,
7181,Little Preludes BWV 928 in F Major,71093,2,2022-06-01,day,
7182,Little Preludes BWV 933 in C Major,94813,3,2022-06-01,day,
7183,Little Preludes BWV 943 in C Major,122520,2,2022-06-01,day,
7184,Little Preludes BWV 934 in C Minor,131440,4,2022-06-01,day,
7185,Little Preludes BWV 935 in D Minor,101800,4,2022-06-01,day,
7186,"The Well-Tempered Clavier, Book 1: Prelude No. 1 in C Major, BWV 846",144240,32,1993-01-01,year,
7187,"The Well-Tempered Clavier, Book 1: Fugue No. 1 in C Major, BWV 846",116933,29,1993-01-01,year,
7188,"Prelude & Fugue No. 2 in C Minor, BWV 847: Prelude",128600,34,1993-01-01,year,
7189,"Prelude & Fugue No. 2 in C Minor, BWV 847: Fugue No. 2 in C Minor, BWV 847",95120,29,1993-01-01,year,
7190,"Prelude & Fugue No. 3 in C-Sharp Major, BWV 848: Prelude",65146,31,1993-01-01,year,
7191,"The Well-Tempered Clavier, Book 1: Prelude No. 4 in C-Sharp Minor, BWV 849",161400,30,1993-01-01,year,
7192,"Prelude & Fugue No. 3 in C-Sharp Major, BWV 848: Fugue No. 3 in C-Sharp Major, BWV 848",123640,31,1993-01-01,year,
7193,"The Well-Tempered Clavier, Book 1: Fugue No. 4 in C-Sharp Minor, BWV 849",186373,29,1993-01-01,year,
7194,Ordinary Life,221920,61,2016-11-25,day,
7195,The Town,307346,47,2013-09-10,day,
7196,Adaptation,283933,45,2013-09-10,day,
7197,Love In The Sky,267920,44,2013-09-10,day,
7198,Belong To The World,307173,43,2013-09-10,day,
7199,Live For,222666,42,2013-09-10,day,
7200,Kiss Land,455333,54,2013-09-10,day,
7201,Call Out My Name - A Cappella,224746,54,2018-03-30,day,
7202,What They Want,267200,49,2014-01-01,day,
7203,Hoover Street,396373,39,2014-01-01,day,
7204,Man Of The Year,216013,69,2014-01-01,day,
7205,His & Her Fiend,175333,37,2014-01-01,day,
7206,Wow Freestyle (feat. Kendrick Lamar),175213,63,2018-06-15,day,
7207,ELEMENT.,208733,70,2017-04-14,day,
7208,HUMBLE.,177000,84,2017-04-14,day,
7209,LOYALTY. FEAT. RIHANNA.,227360,75,2017-04-14,day,
7210,"Bitch, Don’t Kill My Vibe - Remix",278520,52,2012-01-01,year,
7211,LOVE. FEAT. ZACARI.,213400,83,2017-04-14,day,
7212,Dedication (feat. Kendrick Lamar),245813,58,2018-02-16,day,
7213,Memories Remix (feat. Nipsey Hussle & YG),189486,49,2021-06-11,day,
7214,Who Do You Love?,233515,68,2014-03-18,day,
7215,I Just Wanna Party,212245,58,2014-03-18,day,
7216,BOOGIE,193154,61,2017-12-15,day,
7217,HEAT,272378,44,2017-06-09,day,
7218,GUMMY,261000,51,2017-08-25,day,
7219,QUEER,227648,46,2017-08-25,day,
7220,JELLO,240000,42,2017-08-25,day,
7221,Odd Look,252853,54,2013-09-10,day,
7222,Odd Look,253546,60,2013-01-01,day,
7223,Love/Paranoia,185773,66,2015-07-17,day,
7224,Professional,368720,56,2013-09-10,day,
7225,The Color Violet,226466,84,2021-12-10,day,
7226,Interlude,116573,40,2017-02-24,day,
7227,Do It,250013,53,2021-11-06,day,
7228,You Right - Extended,246040,57,2021-06-27,day,
7229,Frequency Change,59117,35,2018-11-26,day,
7230,Alone Again,250053,65,2020-03-20,day,
7231,Pretty,375400,43,2013-09-10,day,
7232,One Summer Day,189800,64,2001-07-18,day,
7233,Opening Song - Merry-Go-Round of Life,153573,57,2004-11-19,day,
7234,The Flower Garden,178506,63,2004-11-19,day,
7235,The Path of the Wind - Instrumental,196773,53,1988-01-01,year,
7236,First Impression,98866,35,1993-01-01,year,
7237,The Ocean Waves,362093,45,1993-01-01,year,
7238,Tears In The Rain,444653,48,2013-09-10,day,
7239,A Seaside Street,209306,30,1993-01-01,year,
7240,Alone Late at Night,261906,35,1993-01-01,year,
7241,On a Sunny Day,218066,32,1993-01-01,year,
7242,A Cheerful Drunk,219066,23,1993-01-01,year,
7243,A Tree-Lined Boulevard in the Wind,228693,30,1993-01-01,year,
7244,When a Heart Sets Out for a Journey,248106,28,1993-01-01,year,
7245,If I Could Be the Sea (Ending),282360,29,1993-01-01,year,
7246,Fall of Goliath,143674,1,2015-05-02,day,
7247,Corner Stories,187377,1,2015-05-02,day,
7248,Prophecy,223635,2,2015-05-02,day,
7249,Living On the Sun,294087,7,2015-05-02,day,
7250,Live from Chattanooga,214832,5,2015-05-02,day,
7251,Holy Water,241790,1,2015-05-02,day,
7252,Highs & Lows,259071,19,2015-05-02,day,
7253,Kairos (The Trip),218986,18,2015-05-02,day,
7254,Hangin',184490,21,2015-05-02,day,
7255,Kids These Days,162112,19,2015-05-02,day,
7256,Corner Stories 2,354389,19,2015-05-02,day,
7257,Bad Guys,305621,19,2015-05-02,day,
7258,Sheba With Angel Mae,137196,4,2015-05-02,day,
7259,Sunday Service,259867,2,2015-05-02,day,
7260,Living Sacrifice,205717,0,2015-05-02,day,
7261,Sunday Morning,92500,0,2015-05-02,day,
7262,"La bohème, Act II: Arranci, datteri!",172706,0,1973-01-01,day,
7263,"La bohème, Act II: Oh! ... Essa! ... Musetta!",210426,0,1973-01-01,day,
7264,"The Isle of the Dead, Op. 29",1253173,12,1984-09-01,day,
7265,5 Star,150280,47,2022-07-15,day,
7266,Okay,186299,60,2020-08-21,day,
7267,Antidote (feat. Adekunle Gold),202626,52,2021-09-24,day,
7268,"La bohème, Act II: Quando men vo – Fuori il danaro!",321506,0,1973-01-01,day,
7269,Wat's Wrong (feat. Zacari & Kendrick Lamar),330783,67,2016-09-02,day,
7270,Park,173290,53,2016-09-02,day,
7271,Bday (feat. Deacon Blues & Kari Faux),232978,45,2016-09-02,day,
7272,Silkk da Shocka (feat. Syd),166086,60,2016-09-02,day,
7273,Tity and Dolla (feat. Hugh Augustine & Jay Rock),298035,53,2016-09-02,day,
7274,Stuck in the Mud (feat. SZA),423170,51,2016-09-02,day,
7275,A lot,205539,39,2016-09-02,day,
7276,AA,210061,47,2016-09-02,day,
7277,Dressed Like Rappers,206320,46,2016-09-02,day,
7278,Don't Matter,176982,39,2016-09-02,day,
7279,Glimpse of Us,233453,82,2022-11-04,day,
7280,Feeling Like The End,102480,1,2022-11-04,day,
7281,Die For You,211666,76,2022-11-04,day,
7282,Before The Day Is Over,213706,1,2022-11-04,day,
7283,Dissolve,177400,1,2022-11-04,day,
7284,Momma Told Me,234893,37,2015-11-05,day,
7285,Missed Calls,270746,46,2015-11-05,day,
7286,Hope You’re Happy,228120,26,2019-05-03,day,
7287,Meditate (feat. J.I.D.),278083,51,2017-09-01,day,
7288,Diamonds,134453,22,2015-11-05,day,
7289,UP,215346,41,2019-09-06,day,
7290,Proud Of U (feat. Young Thug),238200,47,2019-09-06,day,
7291,Backwood Falls,71217,36,2018-03-16,day,
7292,"Waltz in F Minor, Op. 70 No. 2 (Alternative Version)",118780,6,2018-08-03,day,
7293,"Waltz in E Minor, Op. Posth., B. 56",186970,17,2018-08-03,day,
7294,"Waltz in E Major, Op. Posth., B. 44",151450,6,2018-08-03,day,
7295,"Waltz in E-Flat Major, Op. Posth., B. 46",180740,7,2018-08-03,day,
7296,"Sostenuto in E-Flat Major, Op. Posth., B. 133",102990,7,2018-08-03,day,
7297,Simba,303280,21,2015-11-05,day,
7298,Under The Sun (with J. Cole & Lute feat. DaBaby),202040,69,2019-07-05,day,
7299,"1993 (with J. Cole, JID, Cozz & EARTHGANG feat. Smino & Buddy)",210466,54,2019-07-05,day,
7300,NEVER,241682,60,2017-03-10,day,
7301,Off Deez (with J. Cole),213357,58,2018-11-26,day,
7302,Bigger Than Me,188571,38,2019-09-16,day,
7303,Fetti,79254,17,2015-12-25,day,
7304,"3 Grandes valses brillantes, Op. 34: No. 1 in A-Flat Major",307970,9,2018-08-03,day,
7305,"Waltz in D-Flat Major, Op. 64 No. 1 ""Minute""",122690,29,2018-08-03,day,
7306,"Waltz in A-Flat Major, Op. 69 No. 1 ""L'adieu"" (Ed. J. Fontana)",274160,21,2018-08-03,day,
7307,"Waltz in G-Flat Major, Op. 70 No. 1 (Ed. J. Fontana)",132060,10,2018-08-03,day,
7308,"Waltz in F Minor, Op. 70 No. 2 (Ed. J. Fontana)",199770,9,2018-08-03,day,
7309,High For This,249102,68,2011-03-21,day,
7310,Mission Road,110500,0,2016-09-30,day,
7311,Bitter Raps,269124,23,2014-06-24,day,
7312,Don't Panic,194733,26,2011-08-11,day,
7313,Players,146279,37,2009-01-26,day,
7314,So Far to Go,336813,51,2006-08-21,day,
7315,Pour the Wine (feat. Peso Gordon & Chuck Strangers),252934,9,2022-09-07,day,
7316,Lawns I Like,232097,32,2013-01-02,day,
7317,TEMPTATION,244197,67,2017-04-07,day,
7318,Survival Tactics,202784,64,2012-06-12,day,
7319,Killuminati,153740,54,2012-06-12,day,
7320,Snakes,259439,58,2012-06-12,day,
7321,Don't Front,261670,0,2012-06-12,day,
7322,#longlivesteelo,171074,41,2013-10-29,day,
7323,My Yout,211564,34,2013-10-29,day,
7324,DEVASTATED,207058,64,2017-04-07,day,
7325,Third Eye Sh*t,706612,48,2012-06-12,day,
7326,Conflicted,169926,42,2022-02-11,day,
7327,Party And Bullshit,219706,70,1993-04-20,day,
7328,It Was A Good Day,260079,71,2001-12-04,day,
7329,Self Conscience - Dirty Version,195293,44,2000-11-06,day,
7330,The 18th Letter (Always And Forever),180933,45,1996-11-04,day,
7331,Flashiago/A Sober Drowning (Interlude),,,,day,
7332,• 100 Roses,151173,31,2016-02-03,day,
7333,• Red Alert,201760,34,2016-02-03,day,
7334,Rose Quartz/Like Crazy,,,,day,
7335,Too Good to Be True,228780,11,2015-04-15,day,
7336,What It's Worth,285650,30,2014-10-28,day,
7337,Losing Out (feat. Royce Da 5'9),295200,2,2008-10-28,day,
7338,Wake Up,147693,27,2011-11-01,day,
7339,Loosie,172410,20,2011-11-01,day,
7340,Zap,210487,18,2011-11-01,day,
7341,Jordan VIII,92373,17,2011-11-01,day,
7342,Dada,122957,15,2011-11-01,day,
7343,WTF,71859,13,2011-11-01,day,
7344,LOL,181093,17,2011-11-01,day,
7345,Dark Sunshine,72521,12,2011-11-01,day,
7346,Black and Brown,221994,27,2011-11-01,day,
7347,Sound Check,68247,18,2011-11-01,day,
7348,36 Chamber Flow,118353,2,2013-12-18,day,
7349,Lion's Den,148762,15,2017-02-10,day,
7350,"Rella (feat. Hodgy, Domo Genesis & Tyler, The Creator)",190253,44,2012-03-16,day,
7351,"Piano Concerto No. 2 in C Minor, Op. 18: I. Moderato",706000,38,2003-01-01,day,
7352,"Piano Concerto No. 2 in C Minor, Op. 18: II. Adagio sostenuto",735000,37,2003-01-01,day,
7353,"Piano Concerto No. 2 in C Minor, Op. 18: III. Allegro scherzando",694000,37,2003-01-01,day,
7354,Chaconne in sol maggiore : Variazione 9,63840,30,2010-12-21,day,
7355,N.A.S.A,151720,35,2014-03-25,day,
7356,S.O.S.,174003,16,2010-01-01,year,
7357,Address,186697,34,2017-06-09,day,
7358,Terrorist Threats (feat. Danny Brown & Jhene Aiko),264284,42,2012-05-11,day,
7359,Freddie Soprano,236953,10,2013-06-19,day,
7360,Nowhere 2 Go,176595,19,2010-01-01,year,
7361,Will Remain,272990,23,2018-08-10,day,
7362,Hold it Down,263200,0,2008-10-28,day,
7363,Hell Yeah (feat. Fat Ray),215226,0,2008-10-28,day,
7364,Reppin For You (feat. AB),256239,0,2008-10-28,day,
7365,Wave Gods,190261,49,2021-12-24,day,
7366,"Full Circle (feat. The Firm, AZ, Foxy Brown & Cormega)",231472,38,2020-08-21,day,
7367,Spicy (feat. Fivio Foreign & A$AP Ferg),166523,50,2020-08-21,day,
7368,Shabba (feat. A$AP Rocky),,,,day,
7369,Lord (feat. Bone Thugs-n-Harmony),,,,day,
7370,Murda Something (feat. Waka Flocka Flame),,,,day,
7371,Make A Scene (feat. Maad Moiselle),,,,day,
7372,Ghetto Symphony (feat. Gunplay & A$AP Ferg),,,,day,
7373,PMW (All I Really Need) (feat. ScHoolboy Q),,,,day,
7374,Hell (feat. Santigold),,,,day,
7375,Pain (feat. OverDoz.),,,,day,
7376,"1Train (feat. Kendrick Lamar, Joey Bada$$, Yelawolf, Danny Brown, Action Bronson & Big K.R.I.T.)",,,,day,
7377,"Fine Whine (feat. Joe Fox, Future & M.I.A.)",,,,day,
7378,Electric Body (feat. ScHoolboy Q),,,,day,
7379,"Everyday (feat. Rod Stewart, Miguel & Mark Ronson)",,,,day,
7380,27’s,128000,15,2018-10-02,day,
7381,Forever Ready/Band on a Bible,279353,8,2015-04-15,day,
7382,Big On Big,290793,43,2017-01-27,day,
7383,Deadz (feat. 2 Chainz),274096,53,2017-01-27,day,
7384,All Ass,294658,45,2017-01-27,day,
7385,Cocaine,225112,15,2016-11-04,day,
7386,Night Job,194226,54,2016-01-16,day,
7387,"Back Home (feat. Mos Def, Acyde & Yams)",,,,day,
7388,Blind Threats,269653,42,2014-01-01,day,
7389,Brand New 911,178786,55,2022-07-22,day,
7390,Michael & Quincy,167724,42,2023-04-28,day,
7391,Do Better,231818,37,2022-10-21,day,
7392,For Real (feat. Kemba),185306,32,2020-09-23,day,
7393,Gold Rings (feat. Pusha T),222776,44,2022-09-30,day,
7394,Orpheus (Intro),81863,14,2019-07-30,day,
7395,Pandemic Flow,217872,0,2022-09-09,day,
7396,Drowning (feat. Kodak Black),209269,76,2017-09-29,day,
7397,ZEZE (feat. Travis Scott & Offset),228759,76,2018-12-14,day,
7398,Sit N' Prey,262035,39,2013-10-29,day,
7399,Yesterday,71426,40,2007-05-10,day,
7400,Mr. Me Too,221906,58,2006-11-27,day,
7401,The Games We Play,166120,61,2018-05-25,day,
7402,Mercy,329320,69,2012-01-01,day,
7403,Heart Of The City (Ain't No Love),223240,62,2001-09-11,day,
7404,Lyrical Exercise,226066,39,2001-09-11,day,
7405,Land Of The Snakes,254453,61,2013-06-18,day,
7406,Power Trip (feat. Miguel),241160,79,2013-06-18,day,
7407,Mo Money - Interlude,77640,47,2013-06-18,day,
7408,She Knows (feat. Amber Coffman & Cults),296520,73,2013-06-18,day,
7409,Rich Niggaz,276093,62,2013-06-18,day,
7410,Where's Jermaine? - Skit,36666,40,2013-06-18,day,
7411,Forbidden Fruit (feat. Kendrick Lamar),268666,62,2013-06-18,day,
7412,Chaining Day,284506,51,2013-06-18,day,
7413,Ain't That Some Shit - Interlude,147413,45,2013-06-18,day,
7414,MIDDLE CHILD,213593,77,2019-01-23,day,
7415,[The Jackie] (with J. Cole & Lil Tjay),204434,51,2022-04-15,day,
7416,KOD,191436,60,2018-04-20,day,
7417,Snow On Tha Bluff,235480,63,2020-06-16,day,
7418,ATM,216726,57,2018-04-20,day,
7419,Can't Get Enough,225960,71,2011-09-27,day,
7420,Deja Vu,264746,68,2016-12-09,day,
7421,Crooked Smile (feat. TLC),278573,68,2013-06-18,day,
7422,Photograph,218953,55,2018-04-20,day,
7423,Nobody's Perfect,190653,66,2011-09-27,day,
7424,In The Morning,234386,70,2011-09-27,day,
7425,1985 - Intro to “The Fall Off”,190176,58,2018-04-20,day,
7426,Lights Please,208160,60,2011-09-27,day,
7427,SOS,117773,61,2022-12-09,day,
7428,Sky Walker (feat. Travis Scott),259333,75,2017-12-01,day,
7429,Don’t Forget My Love,199090,60,2022-03-04,day,
7430,Weekend (feat. Miguel),208080,76,2015-09-18,day,
7431,"16 Waltzes, Op. 39 (1867 version): No. 3 in G-Sharp Minor",52200,41,1995-12-31,day,
7432,"3 Pieces, Op. 2: Prelude in B Major, Op. 2, No. 2",59093,24,2000-02-09,day,
7433,"Children's Album No. 1 ""Pictures of Childhood"": No. 1, Andantino",96240,33,2021-03-12,day,
7434,"Étude in D-sharp minor, Op. 8, No. 12",127080,28,1942-01-01,year,
7435,"24 Preludes, Op. 11: No. 1 in C Major",62506,27,2000-02-09,day,
7436,WUSYANAME (feat. Youngboy Never Broke Again & Ty Dolla $ign),121572,72,2021-06-25,day,
7437,See You Again (feat. Kali Uchis),180386,89,2017-07-21,day,
7438,EARFQUAKE,190066,79,2019-05-17,day,
7439,Yonkers,249333,60,2011-05-09,day,
7440,Slide (feat. Frank Ocean & Migos),230813,68,2017-02-24,day,
7441,In My Room,133680,69,2019-11-02,day,
7442,Chanel,210285,76,2017-03-10,day,
7443,911 / Mr. Lonely (feat. Frank Ocean & Steve Lacy),255653,71,2017-07-21,day,
7444,Moon River,188323,77,2018-02-14,day,
7445,Biking,277520,66,2017-04-10,day,
7446,Where This Flower Blooms (feat. Frank Ocean),194933,70,2017-07-21,day,
7447,Solo,257380,72,2016-08-20,day,
7448,Purity (feat. Frank Ocean),262360,65,2018-05-25,day,
7449,"4 Preludes, Op. 22: No. 2 in C-Sharp Minor",68733,1,2015-05-15,day,
7450,"12 Etudes, Op. 8: No. 12 in D-Sharp Minor",177346,2,2015-05-15,day,
7451,"12 Etudes For Piano, Op. 8: No. 12 - Alternative Version (WoO 22)",177413,1,2015-05-15,day,
7452,White Ferrari,248807,84,2016-08-20,day,
7453,Provider,243238,63,2017-08-27,day,
7454,Dear April (Side A - Acoustic),231040,63,2020-04-03,day,
7455,DHL,268893,60,2019-10-19,day,
7456,Born Sinner (feat. James Fauntleroy),209360,53,2013-06-18,day,
7457,Miss America,225866,46,2013-06-18,day,
7458,Seigfried,334570,73,2016-08-20,day,
7459,Wildfire (feat. Frank Ocean),85840,57,2013-08-20,day,
7460,5 Minutes,207673,31,2015-10-30,day,
7461,Blind Man,242195,49,2018-07-27,day,
7462,Peppermint Tea,189412,23,2022-12-02,day,
7463,Tarantino,154368,33,2022-06-17,day,
7464,Sacrifices (with EARTHGANG & J. Cole feat. Smino & Saba),382306,64,2019-07-05,day,
7465,Can’t Punk Me (feat. EARTHGANG),203377,56,2022-10-31,day,
7466,WATERBOYZ (with JID & J. Cole),303400,52,2022-02-25,day,
7467,Super Bounce,218017,54,2020-08-21,day,
7468,"L.O.V.E. (feat. EARTHGANG, Jon Batiste & Sherwyn)",169200,29,2022-03-02,day,
7469,Chain Swang,171389,0,2022-12-16,day,
7470,"4 Preludes, Op. 22: No. 3 in B Major",69640,1,2015-05-15,day,
7471,"4 Preludes, Op. 22: No. 4 in B Minor",68013,1,2015-05-15,day,
7472,"Piano Sonata No. 3 in F sharp minor, Op. 23: 1. Drammatico",381853,1,2015-05-15,day,
7473,"Piano Sonata No. 3 in F sharp minor, Op. 23: 2. Allegretto",139453,1,2015-05-15,day,
7474,"Piano Sonata No. 3 in F sharp minor, Op. 23: 3. Andante",303666,1,2015-05-15,day,
7475,"Piano Sonata No. 3 in F sharp minor, Op. 23: 4. Presto con fuoco",355146,0,2015-05-15,day,
7476,"9 Mazurkas, Op. 25: No. 1 in F Minor",231146,1,2015-05-15,day,
7477,"9 Mazurkas, Op. 25: No. 2 in C Major",258106,1,2015-05-15,day,
7478,"9 Mazurkas, Op. 25: No. 3 in E Minor",164653,0,2015-05-15,day,
7479,"Prelude and Nocturne for the Left Hand, Op. 9: No. 2 Nocturne in D Flat Major",374866,2,2015-05-15,day,
7480,"2 Impromptus, Op. 10: No. 1 in F-Sharp Minor",273093,2,2015-05-15,day,
7481,"Waltz in F Minor, Op. 1",222013,8,2015-05-15,day,
7482,"3 Pieces for piano, Op. 2: No. 1. Etude in C Sharp Minor",163586,3,2015-05-15,day,
7483,"3 Pieces for piano, Op. 2: No. 2. Prelude in B",73000,3,2015-05-15,day,
7484,"3 Pieces for piano, Op. 2: No. 3 Impromptu A La Mazur",103666,2,2015-05-15,day,
7485,"10 Mazurkas, Op. 3: No. 1 in B Minor",289106,2,2015-05-15,day,
7486,"Nocturnes, Op. 9: No. 1 in B-Flat Minor",325893,39,1965-01-01,year,
7487,"Nocturnes, Op. 15: Nocturne in F Major, No. 1",260000,31,1965-01-01,year,
7488,"Nocturnes, Op. 15: No. 2 in F-Sharp Major",236013,33,1965-01-01,year,
7489,Drop The World,229226,61,2010-01-01,day,
7490,Nonsense,163648,84,2022-07-15,day,
7491,A Nonsense Christmas,153099,50,2022-12-07,day,
7492,Keep Their Heads Ringin',310226,68,1995-03-07,day,
7493,Ni**as In Paris,219333,80,2011-08-08,day,
7494,Pound Cake / Paris Morton Music 2,433800,62,2013-01-01,day,
7495,The Streets - Re-Twist,227866,35,2002-01-01,day,
7496,Bagpipes From Baghdad,283066,54,2009-05-15,day,
7497,My Band,298773,71,2004-01-01,day,
7498,Gimme Your's,187506,45,1995-10-10,day,
7499,Regulate,248866,74,1994-06-07,day,
7500,Cartoon,398207,0,2013-07-12,day,
7501,HOT WIND BLOWS (feat. Lil Wayne),155292,66,2021-06-25,day,
7502,Just Another Case,215640,59,1997-01-01,day,
7503,2000 Seasons,253068,49,2015-07-21,day,
7504,scapegoats,76831,48,2021-09-10,day,
7505,Extinct,222248,53,2020-10-09,day,
7506,DontGetIt,592000,36,2008-01-01,day,
7507,trademark usa,270670,48,2022-10-28,day,
7508,durag activity (with Travis Scott),224457,45,2022-10-28,day,
7509,fine china,128582,43,2022-10-28,day,
7510,first order of business,168758,42,2022-10-28,day,
7511,a life of pain,112239,42,2022-10-28,day,
7512,naked freestyle,108500,53,2022-10-28,day,
7513,16,156040,47,2022-10-28,day,
7514,killstreaks (with Don Toliver & PinkPantheress),215679,55,2022-10-28,day,
7515,issues,219813,44,2022-10-28,day,
7516,lost souls (with Brent Faiyaz),269727,66,2022-10-28,day,
7517,no sense,173333,53,2022-10-28,day,
7518,Pern,266693,36,2016-09-30,day,
7519,Umrika,83520,0,2015-08-24,day,
7520,Biomes,162946,53,2017-08-18,day,
7521,Veloma,167947,41,2009-12-13,day,
7522,Rue des trois frères,111442,62,2010-10-29,day,
7523,Waltz,64788,60,2020-06-05,day,
7524,Distractions,75775,48,2020-03-27,day,
7525,The hall is dancing,63262,51,2019-11-22,day,
7526,When Orange is the Sky,99049,47,2020-06-05,day,
7527,Snow,158036,52,2018-02-23,day,
7528,"My Piano, The Clouds",166173,46,2014-02-04,day,
7529,My Misty Mornings,202736,50,2018-02-23,day,
7530,Historiette No. 5,197982,49,2016-03-28,day,
7531,Rudolph The Red Nose Reindeer - Recorded at Spotify Studios,96872,0,2020-11-30,day,
7532,"You're A Mean One, Mr. Grinch",108986,54,2018-11-09,day,
7533,Merry Muthafuckin' Xmas,356240,31,1992-12-10,day,
7534,Christmas In Hollis,178613,43,1988-09-16,day,
7535,The Christmas Waltz,167246,28,2022-09-30,day,
7536,Christmas Rappin',235213,14,2003-01-01,day,
7537,Last Christmas,262714,0,2020-10-30,day,
7538,Fairytale of New York (feat. Kirsty MacColl),272466,56,1988-09-05,day,
7539,Mary's Boy Child / Oh My Lord,242364,0,2020-10-30,day,
7540,Christmas (Baby Please Come Home),165706,0,2020-10-30,day,
7541,Rockin' Around The Christmas Tree,126266,63,1964-10-19,day,
7542,Santa Claus Is Coming To Town,144013,46,1970-10-15,day,
7543,Sleigh Ride,181266,53,1963-01-01,year,
7544,Blue Christmas,129173,53,1957-10-15,day,
7545,White Christmas,173033,64,2024-12-06,day,
7546,Let It Snow! Let It Snow! Let It Snow!,117146,59,1959-01-01,day,
7547,Winter Wonderland,132670,0,2020-10-30,day,
7548,It's the Most Wonderful Time of the Year,151906,0,2020-10-30,day,
7549,I Saw Mommy Kissing Santa Claus,157613,29,1963-01-01,year,
7550,Happy Holiday,116893,7,1997-01-01,day,
7551,Warm December - Remastered 1992,118613,25,1956-01-01,year,
7552,The Christmas Song (Merry Christmas To You),192160,54,1962-01-01,year,
7553,I'll Be Home for Christmas,145377,0,2020-10-30,day,
7554,I Wish It Could Be Christmas Forever,189949,0,2020-10-30,day,
7555,Never Do a Tango with an Eskimo,132506,20,1997-05-19,day,
7556,Rudolph the Red-Nosed Reindeer,151634,0,2020-10-30,day,
7557,Jingle Bell Rock,130973,61,1957-12-02,day,
7558,Holly Jolly Christmas,133239,0,2020-10-30,day,
7559,Jingle Bells - Remastered 1999,120693,47,1957-09-01,month,
7560,Christmas Time,127333,28,1963-01-01,year,
7561,Silent Night,131200,32,1962-01-01,year,
7562,Silver Bells,175600,20,1963-11-01,day,
7563,Frosty The Snowman,159413,29,1970-10-15,day,
7564,What Christmas Means To Me,148146,30,2019-10-25,day,
7565,Away In A Manger/ Coventry Carol - Medley,149613,4,1970-01-01,day,
7566,Winter World Of Love,197733,34,1968-01-01,year,
7567,Senor Santa Claus,142075,0,2020-10-30,day,
7568,The Christmas Waltz,164933,14,1946-01-01,year,
7569,It's Christmas Time Again,180600,24,2006-01-01,day,
7570,I'd Like You For Christmas,155560,21,2010-10-01,day,
7571,Christmas Alphabet,126973,4,1954-03-04,day,
7572,In Dulce Jubilo,171226,31,1975-01-01,year,
7573,In The Bleak Mid Winter,144040,16,1993-01-01,day,
7574,Lonely This Christmas,213160,40,2005-12-20,day,
7575,Mistletoe and Wine,245333,35,1991-11-18,day,
7576,A Winter's Tale,250826,27,1991-01-01,day,
7577,Lonely Pup (In a Christmas Shop),107840,14,2003-12-08,day,
7578,A Spaceman Came Travelling,242933,23,2007-01-01,day,
7579,"Mary, Did You Know?",199833,0,2020-10-30,day,
7580,The Power Of Love,332506,60,1984-10-20,day,
7581,O Holy Night,320743,0,2020-10-30,day,
7582,Baby It's Cold Outside,163706,25,1995-08-29,day,
7583,Christmas In Heaven,173559,5,1966-11-01,day,
7584,"Ring Out, Solstice Bells - 2003 Remaster",223840,31,1977-02-04,day,
7585,The Twelve Days of Christmas - Live,232600,13,2022-04-22,day,
7586,The Bells of St. Mary,174753,0,2020-10-30,day,
7587,Christmas Time Is Here,238680,17,2008-10-14,day,
7588,Someday At Christmas,163613,31,1970-10-15,day,
7589,C-H-R-I-S-T-M-A-S,166825,0,2020-10-30,day,
7590,O Come All Ye Faithful,164871,0,2020-10-30,day,
7591,Here Comes Santa Claus (Right Down Santa Claus Lane),114809,0,2020-10-30,day,
7592,Christmas Island,137880,29,1960-01-01,day,
7593,Mele Kalikimaka - Single Version,172173,23,1996-11-19,day,
7594,Marshmallow World,144002,0,2020-10-30,day,
7595,Little Saint Nick - 1991 Remix,118840,48,1964-11-09,day,
7596,Ring Those Christmas Bells,138626,8,1952-01-01,year,
7597,We Wish You a Merry Christmas,147906,16,2014-01-01,day,
7598,The Christmas Blues,175400,13,1954-01-01,year,
7599,Soffia la notte,204461,53,2007-01-01,day,
7600,Chopin: Polonaise in G Minor,107853,5,2005-10-03,day,
7601,"25 Études faciles et progressives, Op. 100: No. 13, Consolation",82413,9,2019-08-09,day,
7602,"25 Études faciles et progressives, Op. 100: No. 9, La chasse",63080,5,2019-08-09,day,
7603,"25 Études faciles et progressives, Op. 100: No. 8, La gracieuse",67160,7,2019-08-09,day,
7604,"Polonaise in G minor, Op. posth.",156133,15,1996-01-01,day,
7605,"Polonaise No. 2 in E flat minor, Op. 26 No. 2",445333,10,1996-01-01,day,
7606,"Polonaise No. 3 in A, Op. 40 No. 1 - ""Military""",303093,12,1996-01-01,day,
7607,"Sonatina In G Major, Anh. 5 No. 1",98507,0,2016-01-01,day,
7608,She Needs Me (Remix),195790,55,2010-09-14,day,
7609,Amsterdam 2009 Remix,101333,21,2021-09-30,day,
7610,Lacrimosa,205493,48,1999-04-26,day,
7611,"Polonaise No. 6 in A flat, Op. 53 -""Heroic""",375866,14,1996-01-01,day,
7612,"Polonaise No. 7 in A-Flat Major, Op. 61 ""Polonaise-Fantaisie""",836200,11,1996-01-01,day,
7613,"Fantasy in B minor, Op. 28",567720,5,2015-05-15,day,
7614,Bada$$ Savior,106046,21,2020-06-09,day,
7615,Comfortable,265240,46,2008-01-01,day,
7616,Faded,210991,13,2013-05-30,day,
7617,Still Can't Fade It,215800,9,1999-05-17,day,
7618,Ecstasy,343600,49,2000-02-29,day,
7619,I Got 5 On It,253533,75,1995-07-04,day,
7620,History,279533,35,2009-01-01,day,
7621,Nuthin But A G'Thang,235892,0,2020-01-15,day,
7622,You Know How We Do It,232786,68,2001-12-04,day,
7623,Anti-Matter,,,,day,
7624,Holy Are You,246653,21,2009-11-17,day,
7625,Trouble On Central,187426,49,2018-07-20,day,
7626,'97 Hov,250736,53,2018-11-23,day,
7627,Dear God,264440,41,1996-01-01,day,
7628,Mellow My Man,281866,0,1995-01-17,day,
7629,Why (What's Goin On?),260493,29,2004-07-13,day,
7630,Black Gangstas,179826,39,1997-06-17,day,
7631,Drop A Gem On 'Em,257506,50,1996-11-19,day,
7632,If I Ruled the World (Imagine That) (feat. Lauryn Hill),282373,69,1996-07-02,day,
7633,1st Transmission (Earthead),269026,12,1995-01-01,day,
7634,Secretz Of War,253653,29,2003-11-11,day,
7635,Hail Mary,309800,68,1996-11-05,day,
7636,California Love - Original Version,284906,80,1998-01-01,day,
7637,Ambitionz Az A Ridah,278386,76,1996-02-13,day,
7638,Do For Love,281600,76,1997-01-01,day,
7639,Dear Mama,280000,69,1995-03-14,day,
7640,All Eyez On Me (ft. Big Syke),307773,78,1996-02-13,day,
7641,Keep Ya Head Up,262506,68,1993-02-16,day,
7642,We The People....,172013,50,2016-11-11,day,
7643,Forgotten,174242,41,2012-05-22,day,
7644,Eight Hours a Day,230149,37,2014-04-29,day,
7645,It Was A Good Day,260306,56,2008-01-01,day,
7646,Just a Friend,238266,56,1994-08-07,day,
7647,Heart Of The City (Ain't No Love) - Live On MTV Unplugged / 2001,245106,33,2001-12-18,day,
7648,Malcom Interlude,131371,41,2014-12-02,day,
7649,Les,317293,10,2011-11-15,day,
7650,Tha Crossroads,,,,day,
7651,1st of Tha Month,,,,day,
7652,Notorious Thugs (feat. Bone Thugs-n-Harmony) - 2007 Remaster,,,,day,
7653,Juicy - 2007 Remaster,301466,59,2007-03-02,day,
7654,Big Poppa - 2007 Remaster,249866,72,2007-03-02,day,
7655,Dead Wrong (feat. Eminem) - 2007 Remaster,297226,54,2007-03-02,day,
7656,Unbelievable - 2007 Remaster,220040,43,2007-03-02,day,
7657,Intro - 2005 Remaster,203853,23,1994-09-13,day,
7658,Things Done Changed - 2005 Remaster,238106,31,1994-09-13,day,
7659,Gimme the Loot - 2005 Remaster,285946,38,1994-09-13,day,
7660,Ready to Die - 2005 Remaster,264546,39,1994-09-13,day,
7661,Fuck Me (Interlude) - Interlude; 2005 Remaster,91106,20,1994-09-13,day,
7662,One More Chance - 2005 Remaster,283026,31,1994-09-13,day,
7663,Juicy - 2005 Remaster,302760,49,1994-09-13,day,
7664,This D.J.,203026,65,1994-06-07,day,
7665,Back in the Day - Remix,303373,50,1994-05-20,day,
7666,Just Another Day,441826,54,1993-10-26,day,
7667,Otha Fish,321506,48,1992-11-24,day,
7668,Ain't No Fun,249360,13,2011-05-24,day,
7669,Never Seen Before,172906,29,1997-09-16,day,
7670,EPMD 2 (feat. Eminem & EPMD),214434,48,2021-08-06,day,
7671,40-16 Building,175038,39,2021-12-24,day,
7672,Ultra Black,198391,28,2020-08-14,day,
7673,Road To Zion,317333,50,2005-01-01,day,
7674,"Affirmative Action (feat. AZ, Cormega & Foxy Brown)",259800,58,1996-07-02,day,
7675,Take It In Blood,288266,50,1996-07-02,day,
7676,Ms. Hill,224280,0,2005-11-22,day,
7677,Furious Anger,231493,46,1999-06-22,day,
7678,Harlem Streets,232040,45,2003-11-18,day,
7679,B.I.B.L.E. (Basic Instructions Before Leaving Earth),272866,50,1995-11-07,day,
7680,Giannis (feat. Anderson .Paak),198906,45,2019-06-28,day,
7681,Universal Studios (feat. Wiz Khalifa),226899,47,2018-07-27,day,
7682,9 Shots,133493,48,2015-08-14,day,
7683,Laps Around the Sun,122080,30,2021-02-19,day,
7684,"Piano Concerto No. 1 in F-Sharp Minor, Op. 1: III. Allegro vivace",448133,30,2003-01-01,day,
7685,Wanna Get To Know You,265026,63,2003-01-01,day,
7686,Compton,,,,day,
7687,Worldwide Steppers,203367,59,2022-05-13,day,
7688,Rich Spirit,202285,72,2022-05-13,day,
7689,Count Me Out,283642,76,2022-05-13,day,
7690,Crown,264299,58,2022-05-13,day,
7691,Savior,224466,64,2022-05-13,day,
7692,family ties (with Kendrick Lamar),252069,66,2021-08-27,day,
7693,DNA.,185946,79,2017-04-14,day,
7694,range brothers (with Kendrick Lamar),316733,59,2021-09-10,day,
7695,Mask Off (feat. Kendrick Lamar) - Remix,257986,54,2017-05-23,day,
7696,FEAR.,460573,65,2017-04-14,day,
7697,"F**kin' Problems (feat. Drake, 2 Chainz & Kendrick Lamar)",,,,day,
7698,His Pain,329000,0,2012-02-21,day,
7699,King Kong,,,,day,
7700,Turnin' Me Up,269173,52,2016-02-19,day,
7701,Bring it on Home to Me (feat. Charlie Bereal),201600,39,2021-04-23,day,
7702,Smokin' And Ridin' (feat. Freddie Gibbs & Problem),212533,53,2013-09-24,day,
7703,Church,287333,41,2016-02-19,day,
7704,Fall In Love,235212,57,2010-10-12,day,
7705,Less Than Zero,211814,73,2022-01-06,day,
7706,Phantom Regret by Jim,179580,51,2022-01-06,day,
7707,A Tale By Quincy,96232,53,2022-01-06,day,
7708,Out of Time,214193,76,2022-01-06,day,
7709,u,232186,90,2018-02-09,day,
7710,Complexion (A Zulu Love),263360,58,2015-03-16,day,
7711,16,156040,75,2021-09-10,day,
7712,ORANGE SODA,129882,75,2019-07-19,day,
7713,Alright,194490,58,2015-10-16,day,
7714,III. Urn,73386,1,2013-12-10,day,
7715,Busta's Lament,158733,51,1998-09-29,day,
7716,FEEL.,214826,67,2017-04-14,day,
7717,Cheatin',223840,6,2005-09-13,day,
7718,Jon Lovitz (Fantasy Booking Yarn),142103,0,2014-06-10,day,
7719,family ties (with Kendrick Lamar),252262,77,2021-09-10,day,
7720,"Streichquartett No. 1 in G Minor, Op. 27: I. Un poco andante - Allegro molto ed agitato",738466,12,2017-03-01,day,
7721,"Vocalise, Op. 34, No. 14",327600,50,1984-01-01,day,
7722,"Lied ohne Worte in F-Sharp Minor, Op. 67/2",104560,34,2014-05-19,day,
7723,"Prince Igor: Polovtsian Dances (Remastered): No. 17e, Moderato alla breve - 2017 Remastered Version",78466,31,2017-11-17,day,
7724,"Streichquartett No. 1 in G Minor, Op. 27: II. Romanze. Andantino - Allegro agitato",387080,8,2017-03-01,day,
7725,"Streichquartett No. 1 in G Minor, Op. 27: III. Intermezzo. Allegro molto marcato - Più vivo e scherzando",434560,7,2017-03-01,day,
7726,"3 Chorales, P. 167: No. 2, Andante con moto e scherzando (After J.S. Bach's BWV 648)",50400,5,2012-03-06,day,
7727,"Violin Concerto in D Minor, Op. 47: I. Allegro moderato",976760,11,2004-09-30,day,
7728,"Violin Concerto, Op. 36: I. Poco Allegro",695666,22,2008-01-01,day,
7729,"Violin Concerto in D Minor, Op. 47: I. Allegro moderato",1039653,48,2008-01-01,day,
7730,"Violin Concerto in D Minor, Op. 47: II. Adagio di molto",515533,28,2008-01-01,day,
7731,"Violin Concerto in D Minor, Op. 47: III. Allegro, ma non tanto",436066,31,2008-01-01,day,
7732,"6 Pieces, Op. 6: I. Langsam (Revised Version)",78666,10,2005-01-02,day,
7733,Brook Green Suite: II. Air,125080,36,2007-04-24,day,
7734,"Piano Concerto No. 5 in E-Flat Major, Op. 73 ""Emperor"": I. Allegro - Live",1245000,38,1992-01-01,day,
7735,"Piano Concerto No. 5 in E-Flat Major, Op. 73 ""Emperor"": II. Adagio un poco moto - Live",547893,43,1992-01-01,day,
7736,"Piano Concerto No. 5 in E-Flat Major, Op. 73 ""Emperor"": III. Rondo. Allegro ma non troppo - Live",646106,35,1992-01-01,day,
7737,Oh Hail No (feat. Mr. Motherfucking Exquire & Danny Brown),,,,day,
7738,Never Catch Me,234486,0,2015-10-07,day,
7739,THAT'S THAT,135066,44,2019-03-27,day,
7740,SUPERVILLAINZ,168853,23,2019-03-27,day,
7741,4'33'',273066,37,1991-01-01,year,
7742,The Story of O.J.,231760,59,2017-07-07,day,
7743,Smile,289853,49,2017-07-07,day,
7744,Caught Their Eyes,206133,54,2017-07-07,day,
7745,4:44,284493,71,2017-07-07,day,
7746,Tougher Colder Killer (feat. Killer Mike & Despot),,,,day,
7747,Works Every Time (feat. Paul Banks),,,,day,
7748,"Blockbuster Night, Pt. 1",152253,1,2014-10-27,day,
7749,Close Your Eyes (And Count to Fuck),234160,2,2014-10-27,day,
7750,Sometimes,130373,45,2022-08-12,day,
7751,Cheat Codes,134626,0,2022-08-12,day,
7752,The Darkest Part (feat. Raekwon and Kid Sister),224853,0,2022-08-12,day,
7753,No Gold Teeth,153600,0,2022-08-12,day,
7855,Ghetto Reporter,156972,38,2023-04-28,day,
7754,"Because (feat. Joey Bada$$, Russ, and Dylan Cartlidge)",281360,0,2022-08-12,day,
7755,Belize (feat. MF DOOM),234333,0,2022-08-12,day,
7756,Aquamarine (feat. Michael Kiwanuka),238440,0,2022-08-12,day,
7757,Identical Deaths,161773,0,2022-08-12,day,
7758,Strangers (feat. A$AP Rocky and Run The Jewels),248000,0,2022-08-09,day,
7759,Benzi Box,180093,66,2005-10-17,day,
7760,Strangers (feat. A$AP Rocky and Run The Jewels),,,,day,
7761,Early,224066,0,2014-10-27,day,
7762,Side A [Old],143339,1,2013-10-08,day,
7763,The Return (feat. Freddie Gibbs),190140,2,2013-10-08,day,
7764,Dope Fiend Rental (feat. ScHoolboy Q),175207,1,2013-10-08,day,
7765,Close to Famous,148680,0,2022-08-12,day,
7766,Saltwater (feat. Conway the Machine),202400,0,2022-08-12,day,
7767,You Got Me,259306,67,1999-02-23,day,
7768,Why You Wanna,215000,53,2006-03-26,day,
7769,The Becoming,125880,3,2019-12-06,day,
7770,Murs Day,114786,26,2006-01-01,year,
7771,Insane,213883,44,2012-11-12,day,
7772,"Carnaval, Op. 9: No. 12. Chopin",81893,41,2015-02-03,day,
7773,"Visions fugitives, Op. 22: I. Lentamente",96773,28,2014-11-07,day,
7774,Ville Mentality,194346,60,2016-12-09,day,
7775,She's Mine Pt. 1,209080,64,2016-12-09,day,
7776,Neighbors,216520,70,2016-12-09,day,
7777,For Whom The Bell Tolls,127880,56,2016-12-09,day,
7778,Immortal,201666,61,2016-12-09,day,
7779,Interlude,99680,42,2011-09-27,day,
7780,durag activity (with Travis Scott),224457,60,2021-09-10,day,
7781,Wake up Everybody (feat. Common & Melanie Fiona),264866,45,2010-09-17,day,
7782,Fuck Up Some Commas,237400,65,2015-07-17,day,
7783,"Floyd Mayweather (feat. Travis Scott, Gucci Mane and Gunna)",358506,53,2016-08-26,day,
7784,Wyclef Jean,236293,62,2016-08-26,day,
7785,Swizz Beatz,196466,45,2016-08-26,day,
7788,Relationship (feat. Future),215306,68,2017-06-16,day,
7789,In Her Mouth,192186,44,2016-04-13,day,
7790,"Nocturne No. 2 In E Flat, Op. 9 No. 2",242586,54,2005-01-01,day,
7791,"Nocturne No. 3 In B, Op. 9 No. 3",340426,46,2005-01-01,day,
7792,"Nocturne No. 13 In C Minor, Op. 48 No. 1",308653,43,2005-01-01,day,
7793,"Nocturnes: No. 17 in B Major, Op. 62 No. 1",409960,26,1965-01-01,year,
7794,"Nocturnes: No. 18 in E Major, Op. 62 No. 2",317960,26,1965-01-01,year,
7797,BPT,128022,56,2014-03-18,day,
7798,"Left, Right",232919,30,2014-03-18,day,
7799,Bicken Back Being Bool,243771,48,2014-03-18,day,
7800,Meet The Flockers,123600,23,2014-03-18,day,
7801,My Nigga,235632,68,2014-03-18,day,
7802,Do It To Ya,265649,24,2014-03-18,day,
7803,Nightcrawler (feat. Swae Lee & Chief Keef),321560,77,2015-09-04,day,
7804,STILL DOPE,159893,38,2009-03-23,day,
7805,Take Me To Your Leader,,,,day,
7806,GAZZILLION EAR,254666,53,2009-03-23,day,
7807,BALLSKIN,90120,47,2009-03-23,day,
7808,YESSIR!,153853,42,2009-03-23,day,
7809,ANGELZ,185666,55,2009-03-23,day,
7810,Bad Idea (feat. Chance the Rapper),234614,53,2019-07-26,day,
7811,Two Tens (feat. Anderson .Paak),152371,55,2023-01-25,day,
7812,RNP (feat. Anderson .Paak),175827,67,2019-07-26,day,
7813,Broke As Fuck,196111,57,2019-07-26,day,
7814,"Nocturnes, Op. 48: No. 2 in F-Sharp Minor",438093,31,1965-01-01,year,
7815,"Nocturnes, Op. 55: No. 1 in F Minor",341040,44,1965-01-01,year,
7816,"Nocturnes, Op. 55: No. 2 in E-flat",349973,26,1965-01-01,year,
7817,"Piano Sonata No. 7 (""White Mass""), Op. 64",646000,12,1997-01-01,day,
7818,"Piano Sonata in G-Sharp Minor Op. 19, No. 2, ""Sonata Fantasy"": 1. Andante",498600,18,1997-01-01,day,
7819,We Cry Together,341307,61,2022-05-13,day,
7820,Purple Hearts,329295,62,2022-05-13,day,
7821,Outta Control - Remix,247506,66,2005-01-01,day,
7822,GATman And Robbin,226600,53,2005-03-03,day,
7823,Bring The Noise,211786,54,1991-01-01,day,
7824,Live at the Barbeque - 2017 Remastered Version,275090,0,1991-11-12,day,
7825,92 Interlude,29493,3,1992-05-05,day,
7826,Still Not a Player (feat. Joe) - Radio Version,236800,71,1998-04-28,day,
7827,Speak Ya Clout,215506,42,1994-03-08,day,
7828,"6 Chants polonais, S. 480: No. 2, Frühling (Wiosna, Spring) [After Chopin's Op. 74]",131333,42,1997-11-03,day,
7829,Symphony No. 2: I. Largo - Allegro moderato,1352839,32,2010-05-11,day,
7830,Symphony No. 2: II. Allegro molto,589333,31,2010-05-11,day,
7831,Symphony No. 2: III. Adagio,861466,40,2010-05-11,day,
7832,"Dvořák: Cello Concerto in B Minor, Op. 104, B. 191: I. Allegro",927760,24,1995-01-01,year,
7833,"Dvořák: Cello Concerto in B Minor, Op. 104, B. 191: II. Adagio ma non troppo",797640,21,1995-01-01,year,
7834,"Piano Concerto No. 1 in B-Flat Minor, Op. 23: I. Allegro non troppo e molto maestoso – Allegro con spirito - Live at Philharmonie, Berlin",1421466,46,1989-01-01,day,
7835,"Piano Concerto No. 1 in B-Flat Minor, Op. 23: II. Andantino semplice – Prestissimo – Tempo I - Live at Philharmonie, Berlin",513306,34,1989-01-01,day,
7836,"Piano Concerto No. 1 in B-Flat Minor, Op. 23: III. Allegro con fuoco – Molto meno mosso – Allegro vivo - Live at Philharmonie, Berlin",526706,34,1989-01-01,day,
7837,Bad Habit,232066,83,2022-07-15,day,
7838,Galaxy,52041,50,2022-10-31,day,
7839,Raydar,204909,62,2022-10-31,day,
7840,Dance Now (feat. Kenny Mason),227555,66,2022-10-31,day,
7841,Crack Sandwich,297668,57,2022-10-31,day,
7842,Surround Sound (feat. 21 Savage & Baby Tate),229938,76,2022-10-31,day,
7843,Kody Blu 31,224629,62,2022-10-31,day,
7844,Bruddanem (feat. Lil Durk),235423,57,2022-10-31,day,
7845,Sistanem,369778,55,2022-10-31,day,
7846,Can’t Make U Change (feat. Ari Lennox),288454,53,2022-10-31,day,
7847,Stars (feat. Yasiin Bey),258243,59,2022-10-31,day,
7848,Just In Time (feat. Lil Wayne & Kenny Mason),207059,54,2022-10-31,day,
7849,UNDERSTATEMENT,188177,37,2022-09-30,day,
7850,Money,266345,51,2022-10-31,day,
7851,Better Days (feat. Johnta Austin),254281,51,2022-10-31,day,
7852,Lauder Too (feat. Ravyn Lenae & Eryn Allen Kane),233077,52,2022-10-31,day,
7853,2007,446822,52,2022-10-31,day,
7854,Same Problems?,262941,46,2023-01-18,day,
7787,RiRi,244320,50,2016-08-26,day,2025-09-01T16:34:10.047339
7796,Who Shot Me?,227666,36,2016-06-17,day,2025-09-01T22:44:06.495729
7856,Legit,202804,40,2023-04-28,day,
7857,Thun,206106,40,2023-04-28,day,
7858,30,138962,40,2023-04-28,day,
7859,Hood2Hood,180704,36,2023-04-28,day,
7860,Recession Proof,183854,35,2023-04-28,day,
7861,Reminisce,213073,38,2023-04-28,day,
7862,Serious Interlude,178591,33,2023-04-28,day,
7863,I'm on Fire,149991,35,2023-04-28,day,
7864,WTF SMH,228676,33,2023-04-28,day,
7865,Melt Session #1 [Feat. Robert Glasper],241240,53,2022-03-25,day,
7866,Walkin,280000,66,2022-03-25,day,
7867,Worst Comes To Worst,170133,48,2022-03-25,day,
7868,John Wayne [Feat. Buzzy Lee],156333,45,2022-03-25,day,
7869,The Last,262586,49,2022-03-25,day,
7870,Mental [Feat. Saul Williams & Bridget Perez],146840,51,2022-03-25,day,
7871,Troubles [Feat. T-Pain],160000,50,2022-03-25,day,
7872,"Ain't No Way [Feat. 6LACK, Rico Nasty, J.I.D, Jasiah, Kitty Ca$h]",264613,50,2022-03-25,day,
7873,X-Wing,176000,58,2022-03-25,day,
7874,Angelz [Feat. Karriem Riggins],231533,47,2022-03-25,day,
7875,The Smell Of Death,80826,43,2022-03-25,day,
7876,Sanjuro,127573,53,2022-03-25,day,
7877,Zatoichi [Feat. slowthai],210426,47,2022-03-25,day,
7878,Dynasties & Dystopia (from the series Arcane League of Legends),178080,1,2021-11-20,day,
7879,Ice Age,171907,42,2015-06-09,day,
7880,Take_it_Back_v2,169466,46,2020-02-07,day,
7881,The Ills,202853,48,2022-03-25,day,
7882,Scatter Brain (feat. Ludacris & JID),209117,57,2021-04-16,day,
7883,John Woo Flick (with Benny The Butcher & Westside Gunn),286503,43,2022-02-25,day,
7884,Intro (feat. AA Rashid),207255,27,2022-10-28,day,
7885,FlyGod Jr (feat. DJ Drama),202285,42,2022-10-28,day,
7886,Super Kick Party,159472,40,2022-10-28,day,
7887,Shootouts In Soho (feat. A$AP Rocky & Stove God Cooks),209864,51,2022-10-28,day,
7888,1539 N. Calvert,157258,56,2018-01-19,day,
7889,Three Man Weave,206693,46,2019-05-17,day,
7890,4rm Da Source,102017,36,2022-10-28,day,
7891,Dehydration,219174,30,2014-08-12,day,
7892,Ray Gun,187397,40,2015-02-19,day,
7893,BROKEN GIRLS,277333,0,2018-04-05,day,
7894,LIFE,162750,0,2018-04-05,day,
7895,PROM / KING,451615,0,2018-04-05,day,
7896,GREY,240506,0,2018-04-05,day,
7897,LOGOUT,150108,0,2018-04-05,day,
7898,SMILE,208720,0,2018-04-05,day,
7899,CALLIGRAPHY,184250,0,2018-04-05,day,
7900,FIGHTER,282466,0,2018-04-05,day,
7901,151 Rum,156780,66,2018-11-26,day,
7902,Sandstorm (feat. JID),179026,57,2019-02-27,day,
7903,"Down Bad (feat. JID, Bas, J. Cole, EARTHGANG & Young Nudy)",169146,62,2019-07-05,day,
7904,Options (feat. JID),159160,59,2021-06-25,day,
7905,Stick (with JID & J. Cole feat. Kenny Mason & Sheck Wes),309322,58,2022-03-31,day,
7906,"Costa Rica (with Bas & JID feat. Guapdad 4000, Reese LAFLARE, Jace, Mez, Smokepurpp, Buddy & Ski Mask The Slump God)",217866,61,2019-07-05,day,
7907,Bruuuh (with Denzel Curry) - Remix,206446,57,2021-02-05,day,
7908,Workin Out,226858,60,2018-11-26,day,
7909,Ghostface Killers (feat. Travis Scott),268933,66,2017-10-30,day,
7910,Rap Saved Me (feat. Quavo),257600,64,2017-10-30,day,
7911,Ric Flair Drip (with Metro Boomin),172800,78,2017-10-30,day,
7912,My Choppa Hate Niggas,148640,64,2017-10-30,day,
7913,Nightmare,147986,54,2017-10-30,day,
7914,Mad Stalkers,202666,60,2017-10-30,day,
7915,Disrespectful,160320,56,2017-10-30,day,
7916,Run Up the Racks,189800,51,2017-10-30,day,
7917,Still Serving,231786,53,2017-10-30,day,
7918,Darth Vader,228893,52,2017-10-30,day,
7919,Feel The Love,165053,57,2018-06-08,day,
7920,Cudi Montage,197000,59,2018-06-08,day,
7921,Objects in the Mirror,259143,64,2013-06-18,day,
7922,Gucci Gang,124055,59,2017-10-06,day,
7923,Crazy,125217,39,2017-10-06,day,
7924,Too Much,261866,61,2013-01-01,day,
7925,Come Thru,236360,61,2013-01-01,day,
7926,The Motion,241000,63,2013-01-01,day,
7927,Gotta Leave,148363,22,2020-08-28,day,
7928,Ma Boy,166999,44,2023-02-03,day,
7929,Nowhere Fast (feat. Childish Major),237241,23,2017-09-01,day,
7930,Bitch Please II,288200,71,2000-05-23,day,
7931,Frequency,298240,45,2016-12-16,day,
7932,Swim In The Light,269226,42,2016-12-16,day,
7933,Releaser,327973,37,2016-12-16,day,
7934,By Design,257053,58,2016-12-16,day,
7935,All In,250586,38,2016-12-16,day,
7936,ILLusions,256226,41,2016-12-16,day,
7937,Rose Golden,277813,54,2016-12-16,day,
7938,Baptized In Fire,285520,54,2016-12-16,day,
7939,Flight At First Sight/Advanced,236760,39,2016-12-16,day,
7940,Kill You,264400,69,2000-05-23,day,
7941,Bitch Please,234533,63,1999-01-01,day,
7942,Downward Spiral,172302,40,2016-09-30,day,
7943,Dance In The Water,157930,39,2016-09-30,day,
7944,Deja Vu,234213,40,2016-12-09,day,
7945,White Iverson,256532,48,2016-12-09,day,
7946,I Fall Apart,223346,45,2016-12-09,day,
7947,Spoil My Night (feat. Swae Lee),194560,61,2018-04-27,day,
7948,rockstar (feat. 21 Savage),218146,81,2018-04-27,day,
7949,Psycho (feat. Ty Dolla $ign),221440,75,2018-04-27,day,
7950,Intro,135849,50,2019-12-06,day,
7951,The Box,196652,81,2019-12-06,day,
7952,Start Wit Me (feat. Gunna),158691,61,2019-12-06,day,
7953,Perfect Time,142710,50,2019-12-06,day,
7954,Moonwalkin (feat. Lil Durk),167850,49,2019-12-06,day,
7955,Big Stepper,175169,50,2019-12-06,day,
7956,God's Eyes,135515,55,2019-12-06,day,
7957,Peta (feat. Meek Mill),198848,52,2019-12-06,day,
7958,Boom Boom Room,167557,55,2019-12-06,day,
7959,Elyse's Skit,23882,3,2019-12-06,day,
7960,High Fashion (feat. Mustard),220486,71,2019-12-06,day,
7961,Bacc Seat (feat. Ty Dolla $ign),172320,61,2019-12-06,day,
7962,Roll Dice,170994,49,2019-12-06,day,
7963,Prayers to the Trap God,160058,47,2019-12-06,day,
7964,Tip Toe (feat. A Boogie Wit da Hoodie),185806,52,2019-12-06,day,
7965,War Baby,195668,57,2019-12-06,day,
7966,HIGHEST IN THE ROOM,175720,83,2019-10-04,day,
7967,Follow God,104591,70,2019-10-25,day,
7968,Every Season,214375,65,2018-11-02,day,
7969,STARGAZING,270714,74,2018-08-03,day,
7970,Drip Too Hard (Lil Baby & Gunna),145542,79,2018-10-05,day,
7971,Ballin' (with Roddy Ricch),180434,74,2019-06-28,day,
7972,Just Because,153743,37,2022-11-18,day,
7973,100 Racks (Offset feat. Playboi Carti),157645,59,2019-08-16,day,
7974,Moonwalking in Calabasas (feat. Blueface) - Remix,170232,65,2021-06-15,day,
7975,City Of Stars,376640,48,2015-11-13,day,
7976,Paradise,282173,45,2015-11-13,day,
7977,BOP,159714,74,2019-09-27,day,
7978,Clout (feat. Cardi B),205803,65,2019-02-22,day,
7979,Dreams and Nightmares,230693,70,2012-10-26,day,
7980,Down Below,224002,72,2018-11-02,day,
7981,Attachments,171000,58,2020-12-11,day,
7982,hooligan,156774,59,2022-10-28,day,
7983,GANG GANG,244760,66,2019-12-27,day,
7984,Ransom (with Juice WRLD) - Remix,171253,75,2019-08-30,day,
7985,Wintertime,180679,45,2019-07-26,day,
7986,Lick,204515,1,2019-02-22,day,
7987,20 Min,220586,82,2017-11-17,day,
7988,Make No Sense,148629,77,2019-10-11,day,
7989,YOSEMITE,150043,77,2018-08-03,day,
7990,Nightmares Are Real (feat. Pusha T),167109,43,2019-07-26,day,
7991,Tap (feat. Meek Mill),148278,56,2019-03-26,day,
7992,Venetia,188800,59,2020-03-06,day,
7993,Revenge,269083,56,2020-03-27,day,
7994,CAN'T SAY,198408,77,2018-08-03,day,
7995,Turks (with Gunna & ft. Travis Scott),161319,64,2020-05-08,day,
7996,Been That,137222,45,2020-12-22,day,
7997,Texas Cyclone,132071,47,2019-12-06,day,
7998,Faces,109750,39,2018-11-02,day,
7999,Had Enough (feat. Quavo & Offset),157133,66,2020-03-13,day,
8000,Calling My Spirit,152000,67,2018-12-14,day,
8001,THE SCOTTS,165977,71,2020-04-24,day,
8002,STOP TRYING TO BE GOD,338438,66,2018-08-03,day,
8003,NO BYSTANDERS,218283,70,2018-08-03,day,
8004,Waves,181573,68,2016-06-10,day,
8005,FML,236120,61,2016-06-10,day,
8006,Gotta Have It,140746,60,2011-08-08,day,
8007,Violin Concerto: I. Praeludium,251960,0,2013-09-24,day,
8008,Violin Concerto: II. Aria - Hoquet - Chorale,497133,0,2013-09-24,day,
8009,Violin Concerto: III. Intermezzo,151853,0,2013-09-24,day,
8010,"Dvořák: Symphony No. 5 in F Major, Op. 76, B. 54: I. Allegro ma non troppo",583693,7,2004-01-05,day,
8011,"Dvořák: Scherzo capriccioso, Op. 66, B. 131",761493,2,2004-01-05,day,
8012,"The Hebrides, Op. 26 (Fingal's Cave)",616186,36,2011-01-01,day,
8013,"Sea Pictures, Op. 37: No. 1, Sea Slumber-Song",318813,10,2015-11-06,day,
8014,"Sea Pictures, Op. 37: No. 2, In Haven (Capri)",104507,8,2015-11-06,day,
8015,"Sea Pictures, Op. 37: No. 3, Sabbath Morning at Sea",350320,7,2015-11-06,day,
8016,"Sea Pictures, Op. 37: No. 4, Where Corals Lie",240467,10,2015-11-06,day,
8017,"Sea Pictures, Op. 37: No. 5, The Swimmer",351885,7,2015-11-06,day,
8018,Pinocchio Story - Freestyle / Live From Singapore,361600,28,2008-11-24,day,
8019,Never Change (feat. Roddy Ricch),221343,25,2023-02-02,day,
8020,a m a r i,148421,65,2021-05-14,day,
8021,Father Stretch My Hands Pt. 1,135920,78,2016-06-10,day,
8022,Wolves,301586,65,2016-06-10,day,
8023,Frank's Track,38333,54,2016-06-10,day,
8024,Siiiiiiiiilver Surffffeeeeer Intermission,56560,48,2016-06-10,day,
8025,30 Hours,323302,62,2016-06-10,day,
8026,No More Parties In LA,374413,69,2016-06-10,day,
8027,Fade,193747,62,2016-06-10,day,
8028,Over Here (feat. Drake),177827,59,2013-07-01,day,
8029,Folgers Crystals,143026,51,2015-01-01,day,
8030,Not For Radio,202514,37,2018-06-15,day,
8031,Nothin' on You (feat. Bruno Mars),268320,54,2010-04-27,day,
8032,Champion (Prod. By B.O.B),210050,9,2010-02-02,day,
8033,Feet Don't Fail Me Now,253724,15,2011-01-18,day,
8034,Higher,345048,16,2011-01-18,day,
8035,712PM,173186,53,2022-05-02,day,
8036,I'M DAT N****,271840,50,2022-05-02,day,
8037,Real Friends,251573,62,2016-06-10,day,
8038,I Thought About Killing You,274186,59,2018-06-01,day,
8039,Yikes,188773,62,2018-06-01,day,
8040,All Mine,145506,68,2018-06-01,day,
8041,Wouldn't Leave,205546,59,2018-06-01,day,
8042,No Mistakes,123040,61,2018-06-01,day,
8043,Ghost Town,271386,78,2018-06-01,day,
8044,Violent Crimes,215320,79,2018-06-01,day,
8045,Trillmatic (feat. A$AP Nast & Method Man),239240,46,2013-12-04,day,
8046,HONEST,172672,75,2019-07-19,day,
8047,booman,155153,2,2021-09-22,day,
8048,Stir Fry,190288,73,2018-01-26,day,
8049,Culture (feat. DJ Khaled),153557,43,2017-01-27,day,
8050,If You Know You Know,202120,56,2018-05-25,day,
8051,Hard Piano,195733,51,2018-05-25,day,
8052,Come Back Baby,206706,56,2018-05-25,day,
8053,Santeria,176026,53,2018-05-25,day,
8054,What Would Meek Do?,153266,52,2018-05-25,day,
8055,Infrared,170240,52,2018-05-25,day,
8056,You & The 6,264906,60,2015-02-12,day,
8057,6PM In New York,283306,60,2015-02-12,day,
8058,Keep The Family Close,328906,63,2016-05-06,day,
8059,Over My Dead Body,272573,76,2011-11-15,day,
8060,Shot For Me,224720,72,2011-11-15,day,
8061,Make It,77374,0,2019-02-28,day,
8062,m y . l i f e (with 21 Savage & Morray),218801,72,2021-05-14,day,
8063,l e t . g o . m y . h a n d (with Bas & 6LACK),266291,63,2021-05-14,day,
8064,Good Ass Intro,239250,51,2013-04-30,day,
8065,Pusha Man,139406,2,2013-04-30,day,
8066,Paranoia,275281,3,2013-04-30,day,
8067,Cocoa Butter Kisses,307187,65,2013-04-30,day,
8068,Lost,184562,49,2013-04-30,day,
8069,Everybody's Something,276937,1,2013-04-30,day,
8070,RUN (feat. Chaz Bundick & ScHoolboy Q),69076,47,2015-04-13,day,
8071,Look What You've Done,301960,72,2011-11-15,day,
8072,INVENTED IT,90240,46,2019-07-19,day,
8073,My Shit,128156,75,2016-09-16,day,
8074,scars,266010,44,2022-10-28,day,
8075,Legend,184508,45,2020-10-16,day,
8076,Shine,171946,55,2020-07-17,day,
8077,I Can Show You,120076,54,2020-03-13,day,
8078,XO Tour Llif3,182706,80,2017-08-25,day,
8079,Mo Bamba,183906,74,2018-10-05,day,
8080,SICKO MODE,312820,82,2018-08-03,day,
8081,R.I.P. SCREW,185610,64,2018-08-03,day,
8082,Father Time (feat. Sampha),222497,69,2022-05-13,day,
8083,N95,195950,73,2022-05-13,day,
8084,SKELETONS,145588,76,2018-08-03,day,
8085,WAKE UP,231963,65,2018-08-03,day,
8086,BUTTERFLY EFFECT,190557,81,2018-08-03,day,
8087,way back,272500,64,2016-09-16,day,
8088,the ends,201263,62,2016-09-16,day,
8089,through the late night,286235,63,2016-09-16,day,
8090,wonderful,216945,62,2016-09-16,day,
8091,"Ballade No. 1 in G Minor, Op. 23",575440,50,1988-01-01,day,
8092,CAROUSEL,180182,64,2018-08-03,day,
8093,Stop Breathing,111709,57,2022-11-18,day,
8094,King Size,189614,36,2022-11-18,day,
8095,Fade Away,151619,38,2022-11-18,day,
8096,#1 Freak (feat. Ty Dolla $ign),169005,46,2022-11-18,day,
8097,4 Your Eyez Only,530253,64,2016-12-09,day,
8098,Foldin Clothes,316920,55,2016-12-09,day,
8099,Cooped Up (with Roddy Ricch),185857,65,2022-06-03,day,
8100,Walk Em Down (feat. Roddy Ricch),173288,71,2020-08-07,day,
8101,late at night,174549,65,2021-12-17,day,
8102,thailand,200958,48,2021-12-17,day,
8103,Saint Pablo,372113,70,2016-06-10,day,
8104,Ok Alright (feat. ScHoolboy Q),417693,56,2015-09-04,day,
8105,Never Catch Me,176160,56,2015-09-04,day,
8106,WHO? WHAT!,176720,69,2018-08-03,day,
8107,CrasH,161480,59,2019-04-26,day,
8108,Is There Someone Else?,199111,81,2022-01-06,day,
8109,HOUSTONFORNICATION,217828,67,2018-08-03,day,
8110,COFFEE BEAN,209115,68,2018-08-03,day,
8111,Pussy & Millions (feat. Travis Scott),242026,70,2022-11-04,day,
8112,5 Million Intro,244032,37,2017-05-26,day,
8113,Tho Freestyle,160268,39,2017-05-26,day,
8114,Hurt a Nigga Feelings,218666,40,2017-05-26,day,
8115,Helpless,194823,41,2017-05-26,day,
8116,Met Gala (feat. Offset),209142,57,2017-05-26,day,
8117,Finesse the Plug Interlude,285766,38,2017-05-26,day,
8118,Dance with the Devil,264956,43,2017-05-26,day,
8119,Both Eyes Closed (feat. 2 Chainz and Young Dolph),260009,55,2017-05-26,day,
8120,Bucket List,209836,39,2017-05-26,day,
8121,Kanye West (feat. Wyclef Jean),342720,49,2016-08-26,day,
8122,pick up the phone (feat. Quavo),252262,69,2016-06-03,day,
8123,"Guwop (feat. Quavo, Offset and Young Scooter)",315973,56,2016-08-26,day,
8124,Harambe,190146,50,2016-08-26,day,
8125,Webbie (feat. Duke),235893,49,2016-08-26,day,
8126,A-Team,176640,55,2016-02-06,day,
8127,Mamacita (feat. Rich Homie Quan & Young Thug),274320,58,2014-08-18,day,
8128,Best Friend,213000,57,2015-11-20,day,
8129,The Blanguage,255671,35,2014-01-01,year,
8130,"Grande valse brillante in E-Flat Major, Op. 18",326000,33,1964-01-01,year,
8131,"3 Waltzes, Op. 34: No. 1 in A-Flat Major",304173,28,1964-01-01,year,
8132,"3 Waltzes, Op. 34: No. 2 in A Minor",314173,29,1964-01-01,year,
8133,"3 Waltzes, Op. 34: No. 3 in F Major",141173,26,1964-01-01,year,
8134,"Waltz in A-Flat Major, Op. 42",226173,27,1964-01-01,year,
8135,"3 Waltzes, Op. 64: No. 2 in C-Sharp Minor",222173,34,1964-01-01,year,
8136,"3 Waltzes, Op. 64: No. 3 in A-Flat Major",200173,26,1964-01-01,year,
8137,"2 Waltzes, Op. posth. 69: No. 1 in A-Flat Major ""Valse de l'adieu""",207173,31,1964-01-01,year,
8138,"2 Waltzes, Op. posth. 69: No. 2 in B Minor",230173,29,1964-01-01,year,
8139,"3 Waltzes, Op. posth. 70: No. 1 in G-Flat Major",110173,25,1964-01-01,year,
8140,"3 Waltzes, Op. posth. 70: No. 2 in F Minor",207173,27,1964-01-01,year,
8141,"3 Waltzes, Op. posth. 70: No. 3 in D-Flat Major",168173,24,1964-01-01,year,
8142,"Waltz No. 14 in E Minor, Op. posth.",185173,26,1964-01-01,year,
8143,"3 Waltzes, Op. 64: No. 1 in D-Flat Major ""Minute""",109173,29,1964-01-01,year,
8144,Last Time (feat. Travis Scott),248773,39,2016-12-16,day,
8145,Upper Echelon (feat. T.I. & 2 Chainz),243800,60,2013-05-21,day,
8146,Digital Dash,231231,65,2015-09-20,day,
8147,Both (feat. Drake),190311,66,2016-12-16,day,
8148,No Sleep - Intro,214520,32,2016-07-22,day,
8149,Laurel Canyon,214014,33,2015-08-04,day,
8150,Out Do Ya,176133,31,2016-07-22,day,
8151,Untitled (How Does It Feel),430800,59,2000-01-01,day,
8152,I Get the Bag (feat. Migos),233087,70,2017-10-13,day,
8160,"That's My N**** (with Meek Mill, YG & Snoop Dogg)",199746,62,2017-12-15,day,
8161,Slide,236333,59,2021-06-18,day,
8162,Trip,213993,73,2018-10-12,day,
8163,Boo'd Up,256063,68,2017-02-22,day,
8164,Pops Hot Intro,14893,0,2016-06-17,day,
8165,Coco Mango Diced,109412,40,2019-04-12,day,
8166,Whoopy,73045,48,2019-11-01,day,
8167,Blockchain,106992,43,2021-05-21,day,
8168,Kill Jay Z,178066,47,2017-07-07,day,
8170,Really Be (Smokin N Drinkin),310878,47,2014-03-18,day,
8171,Keep Their Heads Ringin' - Instrumental,298906,29,1995-03-07,day,
8172,Unshaken,232701,48,2019-01-04,day,
8173,1000 Deaths,349693,35,2014-12-15,day,
8175,Gone - Live At Abbey Road Studios,254373,26,2006-01-01,day,
8176,Blunt Blowin,312960,65,2011-08-29,day,
8177,Don't Cry (feat. XXXTENTACION),249450,63,2018-09-28,day,
8178,Dedicate,189908,58,2018-09-28,day,
8179,Let It Fly (feat. Travis Scott),186872,57,2018-09-28,day,
8180,Mona Lisa (feat. Kendrick Lamar),324189,69,2018-09-28,day,
8181,What About Me (feat. Sosamann),216961,49,2018-09-28,day,
8182,Nights Like This (feat. Ty Dolla $ign),201787,75,2019-02-22,day,
8183,"Or Nah (feat. The Weeknd, Wiz Khalifa & DJ Mustard) - Remix",242983,80,2014-06-10,day,
8188,Hey Ma,230665,39,2017-10-27,day,
8190,Wake Up in the Sky,204664,71,2018-09-14,day,
8191,Publicity Stunt,196657,49,2022-06-17,day,
8192,Look Ma I Did It,207786,38,2022-09-02,day,
8295,GOD.,248826,60,2017-04-14,day,
8184,YG Be Safe,4120,0,2016-06-17,day,2025-09-01T22:59:46.47283
8185,Still Brazy,202520,52,2016-06-17,day,2025-09-01T23:04:49.349008
8189,Police Get Away Wit Murder,199840,27,2016-06-17,day,2025-09-01T23:17:06.556157
8174,She Wish She Was,237106,34,2016-06-17,day,2025-09-01T17:13:36.267703
8186,FDT,226640,51,2016-06-17,day,2025-09-01T23:17:06.556157
8169,Good Times Interlude,38720,25,2016-06-17,day,2025-09-01T22:44:06.495729
8155,Gimmie Got Shot,166266,35,2016-06-17,day,2025-09-01T22:51:30.962124
8159,"Bool, Balm & Bollective",215800,36,2016-06-17,day,2025-09-01T22:57:28.353256
8158,My Perception,14093,0,2016-06-17,day,2025-09-01T22:57:28.353256
8193,Loss 4 Wrdz (feat. Rick Ross),203225,35,2017-05-26,day,
8194,Late - Live At Abbey Road Studios,234186,26,2006-01-01,day,
8195,Jesus Walks - Live At Abbey Road Studios,193626,29,2006-01-01,day,
8196,Gold Digger - AOL Sessions,197960,29,2006-01-01,day,
8197,"Nocturne No. 2 in E-Flat Major, Op. 9 No. 2",273666,64,1982-01-01,day,
8198,"Nocturne No. 4 In F, Op. 15 No. 1",238360,52,2005-01-01,day,
8199,"Nocturne No. 5 In F Sharp, Op. 15 No. 2",190693,47,2005-01-01,day,
8200,"Nocturne No. 6 In G Minor, Op. 15 No. 3",251933,46,2005-01-01,day,
8201,"Nocturne No. 7 In C Sharp Minor, Op. 27 No. 1 - 2005 Recording",253093,46,2005-01-01,day,
8202,"Nocturne No. 8 In D Flat, Op. 27 No. 2 - 2005 Recording",294600,48,2005-01-01,day,
8203,Father's Day,111458,39,2018-12-07,day,
8204,Wake Up in the Sky,203161,74,2018-12-07,day,
8205,Rumors (feat. Lil Durk),185855,66,2022-06-17,day,
8206,Bales,220200,23,2016-12-16,day,
8207,No Smoke,228573,25,2016-12-16,day,
8208,Bassline,159670,0,2012-03-13,day,
8209,Witit,163007,0,2012-03-13,day,
8210,Keep Your Head Up,264546,64,2011-01-01,day,
8211,Nonchalant,212626,29,2016-12-16,day,
8212,The Food - Live,216866,49,2005-01-01,day,
8213,It's Your World - Part 1 & 2,513732,42,2005-01-01,day,
8214,Gyalchester,189229,67,2017-03-18,day,
8215,Work in Progress (Intro),145346,38,2017-10-13,day,
8216,Danny Devito,62800,33,2015-11-26,day,
8217,Back On,181533,40,2017-10-13,day,
8218,Stunting Ain't Nuthin (feat. Slim Jxmmi & Young Dolph),316053,42,2017-10-13,day,
8219,Curve (feat. The Weeknd),161989,56,2017-10-13,day,
8220,Enormous (feat. Ty Dolla $ign),244453,33,2017-10-13,day,
8221,Members Only,194013,40,2017-10-13,day,
8222,Superhero (Heroes & Villains) [with Future & Chris Brown],182666,79,2022-12-02,day,
8223,WAIT FOR U (feat. Drake & Tems),189893,82,2022-04-29,day,
8224,KEEP IT BURNIN (feat. Kanye West),207213,46,2022-05-02,day,
8225,PUFFIN ON ZOOTIEZ,172933,56,2022-05-02,day,
8226,Silent Hill,220779,66,2022-05-13,day,
8227,Mr. Morale,210841,62,2022-05-13,day,
8228,The Heart Part 5,332228,60,2022-05-13,day,
8229,Savior - Interlude,152985,56,2022-05-13,day,
8230,Lean Beef Patty,107567,33,2023-03-13,day,
8231,World Champ,146953,57,2022-05-18,day,
8232,Adonis Interlude (The Montage) (with J. Cole),95902,59,2023-03-03,day,
8233,Busker Flow,148138,50,2019-12-06,day,
8234,Jimmy Cooks (feat. 21 Savage),218364,80,2022-06-17,day,
8235,New Streets,122476,39,2020-10-16,day,
8236,Nobles (feat. Earl Sweatshirt & Navy Blue),136500,48,2021-04-30,day,
8237,TV Dinners - Instrumental,177373,24,2021-04-30,day,
8238,TV Dinners (feat. Boldy James & Sideshow),177373,48,2021-04-30,day,
8239,Holy Hell (feat. Pink Siifu & Maxo),190426,38,2021-04-30,day,
8240,Loose Change (feat. Earl Sweatshirt),118398,58,2021-04-30,day,
8241,Nobles - Instrumental,136897,23,2021-04-30,day,
8242,Holy Hell - Instrumental,190426,21,2021-04-30,day,
8243,United In Grief,255377,75,2022-05-13,day,
8244,Die Hard,239026,76,2022-05-13,day,
8245,Rich - Interlude,103319,55,2022-05-13,day,
8246,New God Flow.1,357320,44,2012-01-01,day,
8247,"Triumph (feat. Ol' Dirty Bastard, Inspectah Deck, Method Man, Cappadonna, U-God, RZA, GZA, Masta Killa, Ghostface Killah & Raekwon)",,,,day,
8248,Preservation,146533,56,2005-10-07,day,
8249,Da Mystery of Chessboxin',,,,day,
8250,Shame On a Nigga,,,,day,
8251,"Gravel Pit (feat. RZA, Method Man, Ghostface Killah, Raekwon & U-God)",244226,43,2013-10-29,day,
8252,Diamonds From Sierra Leone - Remix,233400,45,2005-01-01,day,
8253,Skit #3 (Kanye West/Late Registration),24133,0,2005-01-01,day,
8254,"Gravel Pit (feat. RZA, Method Man, Ghostface Killah, Raekwon & U-God)",,,,day,
8255,Sound The Horns,195386,0,2009-06-30,day,
8256,"As High as Wu-Tang Get (feat. Ol' Dirty Bastard, GZA & Method Man)",,,,day,
8257,Can It Be All so Simple,251226,49,2013-10-29,day,
8258,Drunk Tongue (feat. Killa Sin),124226,0,2011-07-26,day,
8259,"Ice Cream (feat. Ghostface Killah, Method Man & Cappadonna)",253226,56,1995-01-01,year,
8260,I Get Around,259000,66,1993-02-16,day,
8261,Young G's (feat. The Notorious B.I.G. & Jay-Z),325733,48,1997-01-01,year,
8262,Get Money (feat. Junior M.A.F.I.A.) - 2007 Remaster,274440,61,2007-03-02,day,
8263,93 'Til Infinity,286440,70,1993-02-13,day,
8264,The Pressure,187175,40,2021-08-06,day,
8265,Love U,61440,47,2019-11-01,day,
8266,FCKNXTWK (feat. DJ Drama),145187,27,2019-11-01,day,
8267,Broadway Joes,201406,28,2019-11-01,day,
8268,Size 42,121664,30,2019-11-01,day,
8269,Kool G (feat. Conway the Machine & Benny the Butcher),149714,34,2019-11-01,day,
8270,It's Possible (feat. Jay Worthy & Boldy James),230220,36,2019-11-01,day,
8271,Lucha Bros (feat. Curren$y & Benny the Butcher),262000,47,2019-11-01,day,
8272,Clarity,124483,38,2021-04-16,day,
8273,Jesus Khrysis,137276,41,2020-09-11,day,
8274,Metallic 5's,192629,21,2023-03-10,day,
8275,"327 (feat. Tyler, The Creator & Billie Essco)",349040,60,2020-04-17,day,
8276,"The Fly who couldn't Fly straight (feat. Tyler, The Creator)",105185,55,2021-09-24,day,
8277,Dudley Boyz (feat. Action Bronson),121675,50,2016-03-11,day,
8278,Big AL (feat. Rome Streetz),155678,48,2021-09-24,day,
8279,"Science Class (feat. Busta Rhymes, Raekwon, Ghostface Killah & Stove God Cooks)",296834,34,2022-10-28,day,
8280,400 Million Plus Tax,68608,37,2020-04-17,day,
8281,No Vacancy,95294,53,2020-04-17,day,
8282,George Bondo (feat. Conway the Machine & Benny The Butcher),284302,55,2020-04-17,day,
8283,French Toast (feat. Wale & Joyce Wrice),288004,47,2020-04-17,day,
8284,Euro Step,109932,44,2020-04-17,day,
8285,$500 Ounces (feat. Freddie Gibbs & Roc Marciano),252954,56,2020-04-17,day,
8286,Versace,124673,48,2020-04-17,day,
8287,Claiborne Kick (feat. Boldy James),194184,46,2020-04-17,day,
8288,Shawn vs. Flair,141548,43,2020-04-17,day,
8289,DUCKWORTH.,248613,71,2017-04-14,day,
8290,BLOOD.,118066,60,2017-04-14,day,
8291,YAH.,160293,64,2017-04-14,day,
8292,PRIDE.,275253,82,2017-04-14,day,
8293,LUST.,307880,63,2017-04-14,day,
8294,XXX. FEAT. U2.,254200,67,2017-04-14,day,
8296,Prelude In B Minor Opus 104a No.2,90880,28,2008-05-06,day,
8297,"24 Preludes, Op. 11: No. 14 in E-Flat Minor",75333,17,2000-02-09,day,
8298,Andantino JS 201,65185,18,2021-09-24,day,
8299,Symphony No. 2 In C Minor - "Resurrection" / 1st Movement - Allegro maestoso (Totenfeier): Im Tempo nachgeben,63333,36,2003-01-01,day,
8300,"Bach, CPE: Solfegietto in C Minor, Wq. 117/2",64493,24,1996-01-01,day,
8301,"Wind Quintet in E-Flat Major, Hess 19: III. Minuetto",94893,32,1995-05-17,day,
8302,Party wit Pop Smoke (feat. Keisha Plum),134021,42,2020-04-17,day,
8303,LE Djoliba (feat. Cartier William),143367,44,2020-04-17,day,
8304,Cruise Control,206626,43,2022-07-22,day,
8305,Eulogy,244653,41,2022-07-22,day,
8306,One of Us,242613,44,2022-07-22,day,
8307,Welcome Back,222773,34,2022-07-22,day,
8308,Wanna Be Loved,215480,47,2022-07-22,day,
8309,Head High,180826,57,2022-07-22,day,
8310,Make Me Feel,177506,47,2022-07-22,day,
8311,Survivors Guilt,352613,44,2022-07-22,day,
8312,Hunger,69956,52,2017-06-21,day,
8313,Gold Man,83070,0,2018-04-06,day,
8314,Written in the Stars,312866,39,2022-07-22,day,
8315,The Baddest,163480,40,2022-07-22,day,
8316,Where I Belong,188386,42,2022-07-22,day,
8317,Ice Cream Man,186672,68,2015-08-24,day,
8318,Lean Beef Patty,107586,52,2023-03-24,day,
8319,Steppa Pig,207878,48,2023-03-24,day,
8320,SCARING THE HOES,142825,48,2023-03-24,day,
8321,Garbage Pale Kids,168147,49,2023-03-24,day,
8322,Fentanyl Tester,157642,49,2023-03-24,day,
8323,Burfict!,141089,49,2023-03-24,day,
8324,Jack Harlow Combo Meal,138342,43,2023-03-24,day,
8325,DR BIRDS,265408,53,2019-11-29,day,
8326,Chef Dreds,168938,50,2019-11-29,day,
8327,City On The Map (feat. 50 Cent),192365,48,2019-11-29,day,
8328,Freddie HotSpot,232664,49,2019-11-29,day,
8329,Cruiser Weight Coke,232951,46,2019-11-29,day,
8330,Scotties,151701,43,2019-11-29,day,
8331,Bang (feat. Eminem) - Remix,308557,40,2019-11-29,day,
8332,Shimmy (feat. Joey Bada$$),155843,0,2023-02-24,day,
8333,infinity (888) - feat. Joey Bada$$,176590,68,2018-03-16,day,
8334,THE REV3NGE,147213,53,2022-01-14,day,
8335,Money On My Brain,293040,30,1995-09-05,day,
8336,Back To Back (feat. Saigon & Scram Jones) - Explicit Album Version,188946,9,2004-06-08,day,
8337,"4,3,2,1",256626,48,1997-01-01,day,
8338,I Am Progress,281557,6,2023-03-03,day,
8339,Pull Up (feat. Termanology),178120,2,2023-02-10,day,
8340,Somebody Help Me,275220,12,2022-11-25,day,
8341,Orange Juice Jones,141506,44,2023-03-24,day,
8342,Marchello (feat. Raekwon The Chef) - Raekwon The Chef Intro,131969,36,2019-11-29,day,
8343,Moselle,239817,42,2019-11-29,day,
8344,The Old Groove (feat. Novel),416311,39,2019-11-29,day,
8345,Kennedy (feat. Tiona Deniece),42033,30,2019-11-29,day,
8346,May Store (feat. Keisha Plum),286196,41,2019-11-29,day,
8347,Lowery (feat. Bro A.A. Rashid) - (AA Outro),117671,32,2019-11-29,day,
8348,sweet sweet,222317,62,2016-09-16,day,
8349,On My Vibe (Feat. Travi$ Scott),233640,41,2017-10-03,day,
8350,White Sand,202834,50,2018-01-26,day,
8351,Margiela Split Toes (feat. Mach-Hommy),175200,54,2021-08-27,day,
8352,Free Kutter (feat. Jay Electronica),169887,47,2021-09-24,day,
8353,Ray Mysterio (feat. Westside Gunn & Conway),223535,58,2018-11-30,day,
8354,Michael Irvin,159700,52,2020-07-03,day,
8355,Mr. T,205750,56,2016-03-11,day,
8356,Peppas (feat. Black Star),244250,48,2022-10-28,day,
8357,Amherst Station,91250,46,2018-06-22,day,
8358,Julia Lang,59189,26,2021-03-31,day,
8359,Babushka Boi,187105,60,2019-08-28,day,
8360,Trophies,188320,71,2014-01-01,day,
8361,Out On Bail,151029,42,2020-09-23,day,
8362,Praise The Lord (Da Shine) (feat. Skepta),205040,81,2018-05-25,day,
8363,The London (feat. J. Cole & Travis Scott),200106,62,2019-05-23,day,
8364,Flex (feat. Juice WRLD),163902,69,2020-05-15,day,
8365,Champions,334253,62,2016-06-10,day,
8366,King of Everything,222179,52,2015-10-16,day,
8367,Hot (Remix) [feat. Gunna and Travis Scott],279906,57,2019-11-01,day,
8368,ASTROTHUNDER,142969,78,2018-08-03,day,
8369,SIR BAUDELAIRE (feat. DJ Drama),88624,57,2021-06-25,day,
8370,CORSO,146481,62,2021-06-25,day,
8371,4 AM,255560,59,2017-06-16,day,
8372,Door Swangin,188413,38,2017-06-16,day,
8373,LEMONHEAD (feat. 42 Dugg),130979,60,2021-06-25,day,
8374,LUMBERJACK,138312,61,2021-06-25,day,
8375,MASSA,223718,58,2021-06-25,day,
8376,RUNITUP (feat. Teezo Touchdown),229564,59,2021-06-25,day,
8377,MANIFESTO (feat. Domo Genesis),175122,55,2021-06-25,day,
8378,SWEET / I THOUGHT YOU WANTED TO DANCE (feat. Brent Faiyaz & Fana Hues),588139,74,2021-06-25,day,
8379,"The Rivington (feat. Conway, Westside Gunn & Joyce Wrice)",216629,51,2019-12-13,day,
8380,p r i d e . i s . t h e . d e v i l (with Lil Baby),218210,68,2021-05-14,day,
8381,t h e . c l i m b . b a c k,304640,50,2020-07-22,day,
8382,5% TINT,196138,76,2018-08-03,day,
8383,NC-17,156885,63,2018-08-03,day,
8384,Trance (with Travis Scott & Young Thug),194786,81,2022-12-02,day,
8385,coordinate,226397,62,2016-09-16,day,
8386,God Loves You,148417,50,2023-03-24,day,
8387,Run The Jewels,64813,41,2023-03-24,day,
8388,HOE (Heaven on Earth),203809,43,2023-03-24,day,
8389,Amore mio aiutami - Main Theme,234026,58,1969-01-01,year,
8390,As Time Goes By,164600,34,1942-11-26,day,
8391,Lovers Rock,213920,86,2014-06-05,day,
8392,Madhosh Dil Ki Dhadkan,324000,59,1998-05-22,day,
8393,Kiss of Life,251333,78,1994-10-31,day,
8394,Feel Like Makin' Love,382333,53,2000-01-01,day,
8395,Shut Yo Bitch Ass Up / Muddy Waters,174454,45,2023-03-24,day,
8396,Real Talk,183186,0,2022-06-24,day,
8397,Die Young,157656,65,2018-11-02,day,
8398,Going Bad (feat. Drake),180522,75,2018-11-30,day,
8399,DEATHCAMP (feat. Cole Alexander),189702,49,2015-04-13,day,
8400,WHAT A DAY,216884,63,2023-03-31,day,
8401,SORRY NOT SORRY,206049,67,2023-03-31,day,
8402,KEEP DA O'S (feat. Pharrell Williams & Coco O.),248544,36,2015-04-13,day,
8403,"FIND YOUR WINGS (feat. Roy Ayers, Sydney Bennett & Kali Uchis)",179042,45,2015-04-13,day,
8404,CHERRY BOMB,269352,47,2015-04-13,day,
8405,"BLOW MY LOAD (feat. Wanya Morris, Dâm-Funk, Austin Feinstein & Sydney Bennett)",190284,43,2015-04-13,day,
8406,DEATHCAMP - Instrumental,192560,33,2015-04-13,day,
8407,She's Mine Pt. 2,278920,62,2016-12-09,day,
8408,I'll Stay,470546,46,2003-01-01,day,
8409,SUGAR,204533,68,2019-08-23,day,
8410,BLEACH,273151,62,2017-12-15,day,
8411,highway 95,91782,58,2022-10-28,day,
8412,SUMMER,204939,59,2017-08-25,day,
8413,SWEET,274274,55,2017-08-25,day,
8414,Any Way You Want Me,91080,43,2022-11-17,day,
8415,Us Against Whatever Ever,269346,34,2011-02-04,day,
8416,Feel Again,211699,29,2022-02-25,day,
8417,X Marks the Spot,230618,39,2015-03-02,day,
8418,Mirror,256006,63,2022-05-13,day,
8419,"King's Dead (with Kendrick Lamar, Future & James Blake)",225266,58,2018-02-09,day,
8420,Intro: Babs,148844,45,2018-11-23,day,
8421,The Tide,236730,30,2023-03-24,day,
8422,TURNIN' HEADS,176982,19,2023-03-22,day,
8423,DOGTOOTH,161041,69,2023-03-31,day,
8424,LUMBERJACK,138312,49,2021-06-16,day,
8425,Cash In Cash Out,216135,65,2022-06-10,day,
8426,Supermodel,181120,68,2017-06-09,day,
8427,Love Galore (feat. Travis Scott),275080,76,2017-06-09,day,
8428,Doves In The Wind (feat. Kendrick Lamar),266080,69,2017-06-09,day,
8429,Drew Barrymore,231400,71,2017-06-09,day,
8430,Prom,196133,67,2017-06-09,day,
8431,The Weekend,272186,74,2017-06-09,day,
8432,Go Gina,161613,62,2017-06-09,day,
8433,Garden (Say It Like Dat),208400,69,2017-06-09,day,
8434,Broken Clocks,231253,78,2017-06-09,day,
8435,Anything,149320,59,2017-06-09,day,
8436,Wavy (Interlude) (feat. James Fauntleroy),75800,60,2017-06-09,day,
8437,Normal Girl,253586,72,2017-06-09,day,
8438,Pretty Little Birds (feat. Isaiah Rashad),245946,67,2017-06-09,day,
8439,20 Something,198160,70,2017-06-09,day,
8440,Heaven and Hell,145301,56,2021-08-29,day,
8441,Otis,178213,69,2011-08-08,day,
8442,Invocation,134040,55,1997-09-30,day,
8443,The Light,261693,54,2000-01-01,day,
8444,Broke In A Minute,132023,72,2020-04-10,day,
8445,GATTI,181144,71,2019-12-27,day,
8446,On Time (with John Legend),168920,62,2022-12-02,day,
8447,Too Many Nights (feat. Don Toliver & with Future),199920,82,2022-12-02,day,
8448,Raindrops (Insane) [with Travis Scott],188586,70,2022-12-02,day,
8449,Umbrella (with 21 Savage & Young Nudy),222000,65,2022-12-02,day,
8450,Around Me (feat. Don Toliver),191520,78,2022-12-02,day,
8451,Metro Spider (with Young Thug),174560,64,2022-12-02,day,
8452,I Can't Save You (Interlude) [with Future & feat. Don Toliver],90720,68,2022-12-02,day,
8453,Creepin' (with The Weeknd & 21 Savage),221520,81,2022-12-02,day,
8454,Niagara Falls (Foot or 2) [with Travis Scott & 21 Savage],207306,73,2022-12-02,day,
8455,Walk Em Down (Don't Kill Civilians) [with 21 Savage & feat. Mustafa],310960,62,2022-12-02,day,
8456,Lock On Me (with Travis Scott & Future),174706,62,2022-12-02,day,
8457,Feel The Fiyaaaah (with A$AP Rocky & feat. Takeoff),189426,65,2022-12-02,day,
8458,All The Money (with Gunna) [Bonus],167400,62,2022-12-02,day,
8459,XSCAPE,156248,60,2021-10-08,day,
8460,5X,132398,59,2021-10-08,day,
8461,Way Bigger,196011,65,2021-10-08,day,
8462,Flocky Flocky (feat. Travis Scott),183513,66,2021-10-08,day,
8463,What You Need,217609,60,2021-10-08,day,
8464,Double Standards,191248,53,2021-10-08,day,
8465,Swangin’ On Westheimer,288852,65,2021-10-08,day,
8466,Drugs N Hella Melodies (feat. Kali Uchis),198057,66,2021-10-08,day,
8467,2AM,165748,57,2021-10-08,day,
8468,Get Throwed,155131,51,2021-10-08,day,
8469,Company Pt 2,211406,57,2021-10-08,day,
8470,OUTERSPACE (feat. Baby Keem),226095,55,2021-10-08,day,
8471,Ready or Not,226933,72,1996-02-13,day,
8472,Fu-Gee-La,260066,67,1996-02-13,day,
8473,Dark Knight,156426,9,2009-11-09,day,
8474,I Know,214893,5,2009-11-09,day,
8475,"Solfeggietto in C Minor, H. 220",52013,35,2014-11-15,day,
8476,Rich Flex,239359,75,2022-11-04,day,
8477,Major Distribution,170501,66,2022-11-04,day,
8478,WHARF TALK (feat. A$AP Rocky),204109,64,2023-03-31,day,
8479,HEAVEN TO ME,230554,58,2023-03-31,day,
8480,"BOYFRIEND, GIRLFRIEND (2020 Demo) (feat. YG)",204364,60,2023-03-31,day,
8481,Barragán Lighting,152693,46,2023-03-31,day,
8482,Fallin',260532,47,2023-04-07,day,
8483,Droppin' Seeds (feat. Lil' Wayne),60000,58,2017-07-21,day,
8484,STUNTMAN (feat. Vince Staples),199742,57,2023-03-31,day,
8485,THE BEACH,67209,48,2022-04-08,day,
8486,Kill Bill (feat. Doja Cat),175836,60,2023-04-14,day,
8487,beibs in the trap,213863,66,2016-09-16,day,
8488,outside,183320,70,2025-07-13,day,
8489,goosebumps,243836,84,2016-09-16,day,
8490,first take,313909,56,2016-09-16,day,
8491,lose,200452,57,2016-09-16,day,
8492,guidance,207107,55,2016-09-16,day,
8493,ESCAPE PLAN,149610,67,2021-11-05,day,
8494,Outro: Outta Control - Remix,254106,0,2015-01-01,year,
8495,HOTEL LOBBY (Unc & Phew),142657,64,2022-05-20,day,
8496,Circo Loco,236795,68,2022-11-04,day,
8497,Show Out (with Skepta & Pop Smoke),174960,35,2020-12-11,day,
8498,Konnichiwa,196465,49,2016-05-06,day,
8499,I Spy,170306,61,2007-09-17,day,
8500,Together,222021,44,2012-12-10,day,
8501,Next Hype - Vocal,239640,44,2009-03-02,day,
8502,Pow (Forward),181520,44,2004-01-01,day,
8503,Too Many Man,213386,44,2009-06-08,day,
8504,4EVA (feat. Pharrell Williams),190373,50,2023-04-07,day,
8505,10AM/Save The World (feat. Gucci Mane),226320,52,2018-11-06,day,
8506,Overdue (with Travis Scott),166093,74,2018-11-06,day,
8507,Don't Come Out The House (with 21 Savage),168346,63,2018-11-06,day,
8508,Dreamcatcher (feat. Swae Lee & Travis Scott),211920,63,2018-11-06,day,
8509,Space Cadet (feat. Gunna),203266,76,2018-11-06,day,
8510,10 Freaky Girls (with 21 Savage),208293,72,2018-11-06,day,
8511,Up To Something (feat. Travis Scott & Young Thug),184360,54,2018-11-06,day,
8512,Only 1 (Interlude) (with Travis Scott),80466,56,2018-11-06,day,
8513,Lesbian (feat. Gunna & Young Thug),206813,58,2018-11-06,day,
8631,GINGER,234173,48,2019-08-23,day,
8514,Borrowed Love (feat. Swae Lee & WizKid),230240,63,2018-11-06,day,
8515,"Only You (feat. WizKid, Offset & J Balvin)",218626,48,2018-11-06,day,
8516,"No More (feat. Travis Scott, Kodak Black & 21 Savage)",265120,58,2018-11-06,day,
8517,No Complaints (feat. Offset & Drake) (Bonus),265480,65,2018-11-06,day,
8518,Can’t Take A Joke,163974,65,2018-06-29,day,
8519,RICKY,147866,59,2019-05-31,day,
8520,Sandman,200160,68,2011-10-31,day,
8521,Peso,169560,68,2011-10-31,day,
8522,Sundress,158205,81,2018-11-20,day,
8523,One Dance,173986,87,2016-05-06,day,
8524,Took A Trip,116300,20,2023-04-14,day,
8525,Nicky Nine Door,128457,29,2023-04-05,day,
8526,Celebrate (feat. Black Sherif),227313,42,2023-03-31,day,
8527,Slide (feat. Frank Ocean & Migos),230813,77,2017-06-30,day,
8528,On BS,261543,70,2022-11-04,day,
8529,BackOutsideBoyz,152961,62,2022-11-04,day,
8530,Privileged Rappers,160821,68,2022-11-04,day,
8531,Spin Bout U,214588,74,2022-11-04,day,
8532,Hours In Silence,399153,74,2022-11-04,day,
8533,Don't Love Me,203292,31,2023-02-10,day,
8534,Glock In My Lap,193591,76,2020-10-02,day,
8535,a lot,288624,77,2018-12-21,day,
8536,100,334360,0,2015-10-09,day,
8537,On Me,285640,0,2015-10-09,day,
8538,Step Up,167586,29,2015-10-09,day,
8539,Don't Trip,299640,0,2015-10-09,day,
8540,Hallelujah,273613,29,2012-01-01,day,
8541,Magnus Carlsen,329000,0,2015-10-16,day,
8542,Crenshaw/80s and Cocaine,275960,0,2015-10-16,day,
8543,Gang Bang Anyway,305466,0,2015-10-16,day,
8544,The Ghetto,361440,0,2015-10-16,day,
8545,Sex Skit,171960,0,2015-10-16,day,
8546,Talk About It,195013,37,2015-08-21,day,
8547,Genocide,266506,39,2015-08-21,day,
8548,It's All On Me,227653,43,2015-08-21,day,
8549,All In A Day's Work,313760,39,2015-08-21,day,
8550,Darkside/Gone,233906,43,2015-08-21,day,
8551,Deep Water,311360,43,2015-08-21,day,
8552,One Shot One Kill,205893,38,2015-08-21,day,
8553,Animal Instinct (feat. Ty Nitty & Gambino),209093,42,1996-11-19,day,
8554,Give It Up Fast (feat. Nas & Big Noyd),238440,39,1996-11-19,day,
8555,Royal Flush (feat. Young Thug),180000,46,2023-04-07,day,
8556,Reelishymn,268933,9,1996-01-01,day,
8557,Still Shinin',250506,44,1996-11-19,day,
8558,Apostle's Warning,241733,42,1996-11-19,day,
8559,Showtime,64199,25,1996-02-20,day,
8560,1st Day of Spring,153213,26,2017-10-13,day,
8561,Time Ta Bounce - Interlude,82133,26,1996-02-20,day,
8562,Sean Wigginz,113933,29,1998-01-01,day,
8563,(The Infamous Prelude),132626,22,2020-04-24,day,
8564,(Just Step Prelude),66333,21,2020-04-24,day,
8565,Give Up the Goods (Just Step) (feat. Big Noyd),243133,34,2020-04-24,day,
8566,Temperature's Rising (feat. Crystal Johnson),300200,30,2020-04-24,day,
8567,Up North Trip,298000,25,2020-04-24,day,
8568,Trife Life,320160,25,2020-04-24,day,
8569,"Right Back at You (feat. Ghostface Killah, Raekwon & Big Noyd)",293066,27,2020-04-24,day,
8570,(The Grave Prelude),50160,18,2020-04-24,day,
8571,Cradle to the Grave,297000,24,2020-04-24,day,
8572,Drink Away the Pain (Situations) (feat. Q-Tip),285866,21,2020-04-24,day,
8573,"Shook Ones, Pt. II - Instrumental",276640,50,2020-04-24,day,
8574,Party Over (feat. Big Noyd),341160,22,2020-04-24,day,
8575,"Shook Ones, Part I - Original Version",254640,52,2020-04-24,day,
8576,The Money (Version 2) - Infamous Sessions Mix,273546,23,2020-04-24,day,
8577,Lifestyles of the Infamous - Infamous Sessions Mix,245746,36,2020-04-24,day,
8578,"Shook Ones, Pt. I - Instrumental",252093,25,2020-04-24,day,
8579,Search & Rescue,272112,72,2023-04-07,day,
8580,No More Words,238013,39,2017-03-24,day,
8581,Step Up,285200,45,2017-03-24,day,
8582,Think Twice,208933,41,2017-03-24,day,
8583,Square One,261160,45,2017-03-24,day,
8584,The Life I Live,271733,37,2017-03-24,day,
8585,Krossroads,274400,30,2017-03-24,day,
8586,To Each His Own,321853,32,2017-03-24,day,
8587,Fakin Jax,339826,41,2017-03-24,day,
8588,What You Say,265386,32,2017-03-24,day,
8589,Intro,70044,44,2020-10-02,day,
8590,Runnin,195906,76,2020-10-02,day,
8591,Many Men,201856,65,2020-10-02,day,
8592,No Advance,276466,50,2016-07-15,day,
8593,No Heart,235040,67,2016-07-15,day,
8594,Sneakin’,251333,60,2016-10-24,day,
8595,My Dawg,181715,55,2020-10-02,day,
8596,Numb Numb Juice,107146,60,2019-04-26,day,
8597,Mob Ties,205146,66,2018-06-29,day,
8598,Slidin,185036,65,2020-10-02,day,
8599,vent,136572,63,2021-09-10,day,
8600,Broke Boys,225439,65,2022-11-04,day,
8601,Double Fantasy (with Future) - Radio Edit,235966,47,2023-04-21,day,
8602,Double Fantasy (with Future),268235,69,2023-04-21,day,
8603,Plug Walk,175229,67,2018-03-30,day,
8604,Go Stupid (feat. NLE Choppa & Mike WiLL Made-It),165726,49,2020-02-14,day,
8605,Jumpman,205879,69,2015-09-20,day,
8606,Feel The Fiyaaaah - Instrumental,189426,12,2022-12-16,day,
8607,Face 2 Face,124558,59,2022-12-15,day,
8608,OOGA BOOGA!,139038,55,2022-10-25,day,
8609,3AM on Glenwood,178328,56,2022-11-04,day,
8610,pRETTy,162208,53,2023-01-27,day,
8611,:(failure(:,167357,44,2023-01-27,day,
8612,the BLACK seminole.,411912,56,2023-01-27,day,
8613,the ride-,190581,53,2023-01-27,day,
8614,"One Mic, One Gun",169693,49,2022-11-29,day,
8615,Down In Atlanta,164041,61,2022-11-18,day,
8616,Just Don't Give A Fuck,242573,58,1999-02-23,day,
8617,Scary Movies,225253,46,2002-01-01,day,
8618,Little Brother,241533,46,2000-01-11,day,
8619,Whirlwind Thru Cities,239413,0,2000-10-24,day,
8620,FACE,259000,57,2017-06-09,day,
8621,BOY BYE,142186,54,2019-08-23,day,
8622,All That,166946,38,2022-11-17,day,
8623,NO HALO,259746,52,2019-08-23,day,
8624,1999 WILDFIRE,251250,53,2018-07-07,day,
8625,RENTAL,213658,51,2017-12-15,day,
8626,NEW SHOES,198293,37,2022-11-18,day,
8627,GOLD,266000,53,2017-06-09,day,
8628,ZIPPER,202086,49,2017-12-15,day,
8629,TOKYO,192126,48,2017-08-25,day,
8630,KEEP IT SOUTHERN,117333,36,2022-11-18,day,
8632,STAINS,179150,47,2017-12-15,day,
8633,INFATUATION,181577,44,2016-04-11,day,
8634,BANKROLL (feat. A$AP Rocky & A$AP Ferg),202560,45,2021-04-09,day,
8635,FMG,150600,34,2022-11-18,day,
8636,Fair Trade (with Travis Scott),291175,79,2021-09-03,day,
8637,Embarrassed (feat. Travis Scott),192693,48,2023-02-23,day,
8638,No Photos,175296,63,2020-03-13,day,
8639,Caroline,209640,69,2017-07-28,day,
8640,Standing on Ferraris,251586,0,2015-10-09,day,
8641,Oddałbym,255266,43,2013-10-26,day,
8642,Johnny P's Caddy,225000,59,2022-03-11,day,
8643,One Way Flight (feat. Freddie Gibbs),198998,50,2020-10-16,day,
8644,3:30 In Houston,174180,45,2020-12-11,day,
8645,Flood The Block,120552,43,2021-08-13,day,
8646,Uncomfortable Truth (feat. Millyz),239995,25,2023-04-07,day,
8647,Joe Pesci 38,214348,50,2018-11-23,day,
8648,When Tony Met Sosa,141176,40,2021-03-19,day,
8649,Brickmile To Montana,160120,47,2021-08-13,day,
8650,Crowns for Kings (Feat. Black Thought),268339,56,2019-06-21,day,
8651,Runnin' (Dying To Live),231986,53,2003-09-30,day,
8652,"Biggie/Tupac Live Freestyle (Funkmaster Flex & Big Kap Feat. DJ Mister Cee, Notorious B.I.G & Tupac)",108973,48,1999-01-01,day,
8653,Still Ballin' - Nitty Remix,169600,55,2002-01-01,day,
8654,Letter 2 My Unborn,235333,58,2001-01-01,day,
8655,Deadly Combination (feat. 2Pac),152373,0,2000-06-11,day,
8656,Bank Account,220306,73,2017-07-06,day,
8657,X (feat. Future),258880,68,2016-07-15,day,
8658,Savage Mode,249586,50,2016-07-15,day,
8659,No Opp Left Behind,194214,57,2020-10-02,day,
8660,hibachi (feat. Kodak Black & 21 Savage),170413,59,2021-12-17,day,
8661,Gang Activities,99989,49,2018-10-29,day,
8662,ooh la la (feat. Greg Nice & DJ Premier),183826,2,2020-06-03,day,
8663,Don't Let The Devil [Feat. thankugoodsir] - Single Version,164894,28,2023-04-20,day,
8664,Nobody Speak,195965,59,2016-06-24,day,
8665,Talk to Me,151226,48,2016-12-25,day,
8666,yankee and the brave (ep. 4),146573,1,2020-06-03,day,
8667,All Due Respect,167840,0,2014-10-27,day,
8668,Love Again (Akinyele Back),225093,0,2014-10-27,day,
8669,Blood Hound,240000,51,2003-02-06,day,
8670,Till I Collapse,297786,83,2002-05-26,day,
8671,The Season/Carry Me,,,,day,
8672,Without You,199346,12,2016-01-15,day,
8673,Parking Lot,234333,47,2016-01-15,day,
8674,After Party,167915,74,2020-03-13,day,
8675,Like You (feat. Ciara),205840,69,2005-01-01,year,
8676,pad lock,191359,64,2018-12-21,day,
8677,Fell In Love,121283,59,2023-05-05,day,
8678,Carefree,190116,51,2020-01-10,day,
8679,Casa Lopez,243560,52,2023-01-13,day,
8680,Shipwrecked,261307,29,2014-08-12,day,
8681,The Waters,253824,35,2014-08-12,day,
8682,Healer,255067,35,2014-08-12,day,
8683,Drink More,192273,28,2014-08-12,day,
8684,Jerome,307944,26,2014-08-12,day,
8685,Way 2 Sexy (with Future & Young Thug),257604,73,2021-09-03,day,
8686,Go Crazy,176960,74,2020-05-08,day,
8687,E. Coli (feat. Earl Sweatshirt),132147,66,2018-11-30,day,
8688,"Piano Concerto No. 1 In E Minor, Op. 11: 1. Allegro maestoso",1404000,40,1999-01-01,day,
8689,All My Life (feat. J. Cole),223878,69,2023-05-12,day,
8690,Party We Will Throw Now!,209412,63,2012-04-24,day,
8691,Buck 'em Down - Da Beatminerz Mix,297466,35,2007-12-04,day,
8692,Reality (Killing Everyý) - Vocal Mix,311746,31,2007-12-04,day,
8693,Saturday Nite - US Album Edit,99373,37,2000-02-08,day,
8694,Intro,6466,6,2003-02-06,day,
8695,Burden Of Proof,205402,40,2020-10-16,day,
8696,EdEddnEddy,140511,54,2017-03-10,day,
8697,Hungry,153600,26,1997-09-30,day,
8698,All Night Long (feat. Erykah Badu),456000,27,1997-09-30,day,
8699,Carefree,190116,44,2020-01-03,day,
8700,Ziplock,198960,52,2021-03-18,day,
8701,The Hop,207466,62,1996-07-30,day,
8702,Therapy pt. 2 [Feat. Mac Miller],202225,44,2022-10-10,day,
8703,Grown Man Sport,276373,57,2017-03-24,day,
8704,Cookie Chips,259906,22,2020-07-13,day,
8705,My Name Is,268400,59,1999-02-23,day,
8706,Guilty Conscience,199333,49,1999-02-23,day,
8707,Brain Damage,226706,47,1999-02-23,day,
8708,Mind over Matter,265480,0,2017-03-24,day,
8709,Props,245173,30,2017-03-24,day,
8710,Center of Attention,282813,34,2017-03-24,day,
8711,Don't You Just Love It,182322,6,2013-01-01,year,
8712,Ring Ring,186833,13,2023-05-11,day,
8713,Hell,189733,21,2019-10-18,day,
8714,The Ass,207600,15,2019-10-18,day,
8715,Donny In Valdez - PJ's Flip,113747,46,2022-05-20,day,
8716,POETRY JAM (feat. Foggieraw),198525,45,2020-05-20,day,
8717,Egyptian Luvr (feat. Aminé and Dana Williams),256613,0,2018-02-16,day,
8718,Where I'm From,275342,55,1993-01-01,day,
8719,MOVIN',153028,33,2021-07-07,day,
8720,Let It Go,223641,61,2020-12-09,day,
8721,"After The Storm (feat. Tyler, The Creator & Bootsy Collins) - Pete Rock Remix",225026,53,2018-06-08,day,
8722,Fabrics,214973,50,2014-10-20,day,
8723,Gucci Tried to Tell Me,189082,34,2021-10-29,day,
8724,Pain,279754,53,2016-08-26,day,
8725,A Little Of This,220400,55,1995-06-20,day,
8726,Misty,218920,35,2023-04-14,day,
8727,Yesterday,168654,53,2020-11-11,day,
8728,Scottie Pippen,233154,40,2021-10-22,day,
8729,That Jazz,188764,42,2018-02-02,day,
8730,Luv(sic.) pt3 (feat. Shing02),,,,day,
8731,Memories Live,238573,46,2000-10-17,day,
8732,Pacifics - From The Original Motion Picture Soundtrack “N.Y. Is Red Hot",271373,51,1993-01-01,day,
8733,All My Life (feat. J. Cole),223878,67,2023-05-26,day,
8734,War Bout It (feat. 21 Savage),160202,56,2023-05-26,day,
8735,You Got Em,142546,44,2023-05-26,day,
8736,Grandson (feat. Kodak Black),140800,45,2023-05-26,day,
8737,Role Model,205400,51,1999-02-23,day,
8738,The Message,304026,61,1999-11-16,day,
8739,Outro,25746,7,1999-11-16,day,
8740,"So Fresh, So Clean",240026,74,2000-10-31,day,
8741,Sobering Thoughts From The Mondrian,220892,0,2023-05-26,day,
8742,letstalkaboutit,166994,4,2023-05-19,day,
8743,"Annihilate (Spider-Man: Across the Spider-Verse) (Metro Boomin & Swae Lee, Lil Wayne, Offset)",,,,day,
8744,"Am I Dreaming (Metro Boomin & A$AP Rocky, Roisee)",,,,day,
8745,"All The Way Live (Spider-Man: Across the Spider-Verse) (Metro Boomin & Future, Lil Uzi Vert)",,,,day,
8746,Danger (Spider) (Offset & JID),205266,58,2023-06-02,day,
8747,Hummingbird (Metro Boomin & James Blake),319493,66,2023-06-02,day,
8748,"Calling (Spider-Man: Across the Spider-Verse) (Metro Boomin & Swae Lee, NAV, feat. A Boogie Wit da Hoodie)",,,,day,
8749,Silk & Cologne (EI8HT & Offset) - Spider-Verse Remix,162280,60,2023-06-02,day,
8750,"Home (Metro Boomin & Don Toliver, Lil Uzi Vert)",195320,63,2023-06-02,day,
8751,Self Love (Spider-Man: Across the Spider-Verse) (Metro Boomin & Coi Leray),189466,72,2023-06-02,day,
8752,"Link Up (Metro Boomin & Don Toliver, Wizkid feat. BEAM & Toian) - Spider-Verse Remix (Spider-Man: Across the Spider-Verse )",,,,day,
8753,Nas Morales (Metro Boomin & Nas),167093,54,2023-06-02,day,
8754,"Once a Man, Twice a Child",239902,35,2023-04-28,day,
8755,Get Light,172792,37,2023-04-28,day,
8756,First Time,164915,34,2023-04-28,day,
8757,Beef,185216,34,2023-04-28,day,
8758,Don't Shoot,152010,30,2023-04-28,day,
8759,Speechless,186934,44,2021-12-24,day,
8760,Meet Joe Black,171398,40,2021-12-24,day,
8761,Ugly,198694,34,2021-12-24,day,
8762,Lolsmh - Interlude,255866,34,2019-01-25,day,
8763,Soho (feat. JID),133306,46,2019-01-25,day,
8764,Skydive,209346,37,2019-01-25,day,
8765,LOLSMH II,144147,43,2022-06-17,day,
8766,Day Dreaming,102924,13,2022-12-09,day,
8767,Til My Last Breath - Bonus Track,190423,34,2023-04-28,day,
8768,Keep It Low (feat. Future),142451,0,2023-06-01,day,
8769,UK Rap,198026,69,2023-06-04,day,
8770,Trojan Horse,248866,71,2023-06-04,day,
8771,Sprinter,229133,57,2023-06-04,day,
8772,Psycho,248946,60,2019-03-08,day,
8773,My 19th Birthday,538279,55,2017-11-03,day,
8774,Sprinter,229133,81,2023-06-01,day,
8775,Location (feat. Burna Boy),241293,75,2019-03-08,day,
8776,Starlight,211935,72,2022-03-03,day,
8777,Streatham,205720,63,2019-03-08,day,
8778,Black,228280,52,2019-03-08,day,
8779,Our 25th Birthday,307973,62,2023-06-04,day,
8780,MAFIA,240000,68,2021-11-05,day,
8781,Doja,171453,52,2022-02-11,day,
8782,Control,,,,day,
8783,Common Sense,225520,47,2017-05-12,day,
8784,"Mazurka No. 36 in A Minor, Op. 59 No. 1. Moderato",268906,41,1987-05-27,day,
8785,"Chopin: Piano Sonata No. 1 in C Minor, Op. 4: I. Allegro maestoso",564733,45,1992-01-01,day,
8786,"Kinderszenen, Op. 15: No. 1, Von fremden Ländern und Menschen",93386,52,1962-01-01,year,
8787,"13 Pieces, Op. 76: No. 2. Etude",72106,30,2002-01-01,day,
8788,All Girls Are The Same,165819,81,2018-12-10,day,
8789,In My Head,192000,65,2022-10-28,day,
8790,Sometimes,259672,66,2022-03-18,day,
8791,"Nonviolent Communication (Metro Boomin & James Blake, A$AP Rocky, 21 Savage)",209533,36,2023-06-05,day,
8792,"Givin’ Up (Not The One) (Don Toliver & 21 Savage, 2 Chainz)",234693,37,2023-06-05,day,
8793,LA Leakers Freestyle,178000,62,2022-09-09,day,
8794,Right Hand,165067,41,2023-03-02,day,
8795,Loose,114285,4,2023-01-19,day,
8796,Call It What You Want,203506,78,2017-11-10,day,
8797,Calm Down (with Selena Gomez),239317,81,2022-08-25,day,
8798,Ansiedades,174066,58,2023-06-05,day,
8799,Take It To The Top (Becky G & Ayra Starr),125026,49,2023-06-05,day,
8800,Infamous (Shenseea & Myke Towers) - Spider-Verse Remix,133640,43,2023-06-05,day,
8801,I Can't Stop (Big Boss Vette & Omah Lay),133200,47,2023-06-05,day,
8802,Another Dimension,179333,58,2023-06-05,day,
8803,Bad Guy,169493,42,2016-07-15,day,
8804,Real Nigga,185466,47,2016-07-15,day,
8805,Mad High,180706,42,2016-07-15,day,
8806,Jungle,304653,51,2017-10-20,day,
8807,Free,198093,41,2017-10-20,day,
8808,Rather Be,188813,43,2017-10-20,day,
8809,2,188986,48,2017-10-20,day,
8810,The Watcher 2,356000,45,2002-11-12,day,
8811,03' Bonnie & Clyde,205560,70,2002-11-12,day,
8812,The Hillbillies,204800,61,2023-06-05,day,
8813,TABOO | TA13OO,197440,50,2018-07-27,day,
8814,BLACK BALLOONS | 13LACK 13ALLOONZ [FEAT. TWELVE'LEN & GOLDLINK | TWELVE'LEN + GOLDL1NK],210960,55,2018-07-27,day,
8815,CASH MANIAC | CAZH MAN1AC [FEAT. NYYJERYA],198773,46,2018-07-27,day,
8816,SUMO | ZUMO,227373,50,2018-07-27,day,
8817,SUPER SAIYAN SUPERMAN | ZUPER ZA1YAN ZUPERMAN,132813,46,2018-07-27,day,
8818,MAD I GOT IT | MAD 1 GOT 1T,232293,44,2018-07-27,day,
8819,SIRENS | Z1RENZ [FEAT. J.I.D | J.1.D],236106,52,2018-07-27,day,
8820,CLOUT COBAIN | CLOUT CO13A1N,231333,59,2018-07-27,day,
8821,THE BLACKEST BALLOON | THE 13LACKEZT 13ALLOON,175173,41,2018-07-27,day,
8822,PERCS | PERCZ,186626,47,2018-07-27,day,
8823,VENGEANCE | VENGEANCE [FEAT. JPEGMAFIA & ZILLAKAMI | JPEGMAF1A + Z1LLAKAM1],240213,51,2018-07-27,day,
8824,BLACK METAL TERRORIST | 13 M T,161626,44,2018-07-27,day,
8825,Talk Up (feat. Jay-Z),223240,56,2018-06-29,day,
8826,Sandra’s Rose,216333,66,2018-06-29,day,
8827,SPEEDBOAT,222533,51,2019-05-31,day,
8828,Dead People,147426,48,2017-07-06,day,
8829,Pull Up (feat. 21 Savage),133000,56,2023-06-02,day,
8830,Treacherous Twins,180098,61,2022-11-04,day,
8831,Clair de lune,347426,60,2010-10-08,day,
8832,"Melody in F Major, Op. 3, No. 1",272146,19,2010-10-08,day,
8833,"Intermezzo in A, Op. 118, No. 2",381000,19,1996-01-01,day,
8834,Pavane pour une infante défunte - for Piano,403000,5,1996-01-01,day,
8835,"Waltz in A-Flat, Op. 39, No. 15",116293,21,2013-03-01,day,
8836,"Waltz, Op. 39, No. 3 - Remastered 2022",56377,20,2022-07-01,day,
8837,"Antar (After N. Rimsky-Korsakov): No. 7, Allegretto",65960,40,2017-04-14,day,
8838,"13 Pieces, Op. 76: No. 3 Carillon",95226,50,2003-06-11,day,
8839,THE LION'S DEEN,155124,27,2022-06-24,day,
8840,10AM/Save The World - Instrumental,226333,36,2018-11-06,day,
8841,Have Mercy,202453,58,2019-07-26,day,
8842,Sweet Lawd - Skit,68629,31,2019-07-26,day,
8843,Thanksgiving,198147,43,2019-07-26,day,
8844,Parade on Cleveland (feat. Drake),228266,56,2023-06-23,day,
8845,Money On The Dresser,133000,46,2023-06-23,day,
8846,Gucci Grocery Bag,175133,41,2023-06-23,day,
8847,Jonesboro,163800,41,2023-06-26,day,
8848,Mad Dog,229000,35,2023-06-26,day,
8849,Uncle M,140000,36,2023-06-26,day,
8850,Want Me Dead (feat. 21 Savage),194706,41,2023-06-26,day,
8851,Cars Bring Me Out (feat. Future),202933,38,2023-06-26,day,
8852,Oh U Went (feat. Drake),185333,41,2023-06-26,day,
8853,Money (feat. Juice WRLD & Nicki Minaj),266400,50,2023-06-26,day,
8854,Parade on Cleveland (feat. Drake),228266,37,2023-06-26,day,
8855,Cars Bring Me Out (feat. Future),202933,50,2023-06-23,day,
8856,Sake Of My Kids,238400,39,2023-06-26,day,
8857,Abracadabra (feat. Travis Scott),247733,36,2023-06-26,day,
8858,Hoodie (feat. BSlime & Lil Gotit),215600,33,2023-06-26,day,
8859,"Wit Da Racks (feat. 21 Savage, Travis Scott & Yak Gotti)",226413,36,2023-06-26,day,
8860,Intro,10920,0,2017-03-24,day,
8861,Store Run,199898,39,2021-08-06,day,
8862,Moments,251801,36,2021-08-06,day,
8863,Nobody (feat. Ms. Lauryn Hill),282192,53,2021-08-06,day,
8864,GHOTI,111021,41,2022-06-24,day,
8865,No Phony Love (feat. Charlie Wilson),185530,36,2021-08-06,day,
8866,Brunch on Sundays (feat. Blxst),231598,35,2021-08-06,day,
8867,Count Me In,197984,35,2021-08-06,day,
8868,No Pole,187613,86,2023-02-28,day,
8869,Embarrassed (feat. Travis Scott),192693,74,2023-02-28,day,
8870,Geronimo,123000,57,2023-02-28,day,
8871,Luckily I’m Having (feat. Teezo Touchdown),194453,54,2023-02-28,day,
8872,LoveSickness,114000,51,2023-02-28,day,
8873,Let Her Go (feat. James Blake),192720,51,2023-02-28,day,
8874,Leave the Club (feat. Lil Durk & GloRilla),222386,50,2023-02-28,day,
8875,Slow Motion (feat. Wizkid),168626,50,2023-02-28,day,
8876,Do It Right,174480,47,2023-02-28,day,
8877,Private Landing (feat. Justin Bieber & Future),238253,77,2023-02-24,day,
8878,Smoke (feat. HVN & SoFaygo),199845,54,2021-10-08,day,
8879,Ocean Drive,227880,52,2016-07-15,day,
8880,Snitches & Rats (Interlude),57073,47,2020-10-02,day,
8881,Snitches & Rats (feat. Young Nudy),187772,53,2020-10-02,day,
8882,Mr. Right Now (feat. Drake),193838,65,2020-10-02,day,
8883,Rich Nigga Shit (feat. Young Thug),190331,74,2020-10-02,day,
8884,Steppin On Niggas,140832,52,2020-10-02,day,
8885,Wrektime,245173,30,1995-01-01,year,
8886,Wrekonize,238346,38,1995-01-01,year,
8887,Sound Bwoy Bureill,259453,42,1995-01-01,year,
8888,Timz N Hood Chek,196053,29,1995-01-01,year,
8889,Int'l Players Anthem (I Choose You) (feat. Outkast),259040,65,2007-08-07,day,
8890,Skew It on the Bar-B (feat. Raekwon),,,,day,
8891,Pinky Ring,312533,38,1996-07-30,day,
8892,Diamonds & Wood (feat. Smoke D),313426,48,1996-07-30,day,
8893,3 In The Mornin' (feat. C-Note & Big Smokin' Mitch),341200,36,1996-07-30,day,
8894,Touched,304000,27,1996-07-30,day,
8895,Ridin' Dirty,332626,33,1996-07-30,day,
8896,Brand New Draco,202420,60,2020-10-02,day,
8897,Middle of the Ocean,356389,63,2022-11-04,day,
8898,Jumbotron Shit Poppin,137151,66,2022-11-04,day,
8899,More M’s,221406,61,2022-11-04,day,
8900,One Day (feat. Mr. 3-2 & Ronnie Spencer),324173,49,1996-07-30,day,
8901,Intro,65960,23,1996-07-30,day,
8902,Hood Gone Love It (feat. Kendrick Lamar),245466,67,2011-07-26,day,
8903,"Front, Back & Side to Side",313800,28,1994-04-11,day,
8904,Front Back,222853,45,2006-03-26,day,
8905,Fuck My Car (feat. 3-2),239733,30,1996-07-30,day,
8906,That's Why I Carry (feat. N.O. Joe),338933,27,1996-07-30,day,
8907,Outro,566533,23,1996-07-30,day,
8908,Sippin On Some Syrup (feat. UGK (Underground Kingz) & Project Pat),261972,60,2000-06-13,day,
8909,Oh U Went (feat. Drake),185333,65,2023-06-23,day,
8910,"Wit Da Racks (feat. 21 Savage, Travis Scott & Yak Gotti)",226413,51,2023-06-23,day,
8911,Artificial Intelligence,174980,43,2023-04-29,day,
8912,Defame Moi,105551,35,2023-04-29,day,
8913,More Coke!!,172000,34,2023-04-29,day,
8914,Went Thru It,155733,37,2023-06-26,day,
8915,Pink Dolphin Sunset (feat. Tee),212450,67,2021-12-10,day,
8916,Hurt From Mercury,203562,57,2021-12-10,day,
8917,Hurts Me,140800,75,2023-06-27,day,
8918,I Guess It’s Fuck Me,263987,64,2022-11-04,day,
8919,Feel It,163386,46,2016-07-15,day,
8920,Selfish (feat. Rihanna),251422,55,2017-07-27,day,
8921,Turn On Me,264836,53,2017-07-27,day,
8922,LIKE ME (feat. 42 Dugg & Lil Baby),132986,60,2022-05-02,day,
8923,Mbappé - Remix,237344,51,2023-03-17,day,
8924,Favorite Song (feat. Future) [Toxic Version],208621,46,2023-05-19,day,
8925,Diamonds Dancing,314631,60,2015-09-20,day,
8926,Big Rings,217706,57,2015-09-20,day,
8927,Live From The Gutter,211642,59,2015-09-20,day,
8928,Violas and Lupitas,141133,0,2022-08-12,day,
8929,Midnight's Interlude,115428,58,2021-12-10,day,
8930,Lavender Sunflower,151966,74,2021-12-10,day,
8931,Bad Bitches Wrk @ Taboo,177572,53,2022-09-30,day,
8932,ball w/o you,195046,76,2018-12-21,day,
8933,break da law,177747,52,2018-12-21,day,
8934,a&t,211588,48,2018-12-21,day,
8935,Get You (feat. Kali Uchis),278179,28,2017-08-25,day,
8936,Intro,39587,25,2023-07-21,day,
8937,Abracadabra,166754,35,2023-07-21,day,
8938,Office Hours (feat. 50 Cent),232017,40,2023-07-21,day,
8939,Black Magic,156010,35,2023-07-21,day,
8940,Motion,172706,35,2023-07-21,day,
8941,Bokeem Woodbine,180309,32,2023-07-21,day,
8942,Earvin Magic Johnson,207568,33,2023-07-21,day,
8943,What This All Really Means,180046,32,2023-07-21,day,
8944,"WHATS POPPIN (feat. DaBaby, Tory Lanez & Lil Wayne) - Remix",227478,65,2020-06-24,day,
8945,K-POP,185220,46,2023-07-19,day,
8946,Say It,237786,78,2016-08-19,day,
8947,Lady Of Namek,193993,72,2021-12-10,day,
8948,In For It,293306,74,2015-01-15,day,
8949,I LIKE,133521,68,2022-04-22,day,
8950,‘87 Stingray,141333,65,2021-12-10,day,
8951,Sorry 4 What? // LV BELT,154632,65,2022-09-30,day,
8952,Where 2 Start,254879,45,2022-09-30,day,
8953,Ballad of a Badman,254764,63,2021-12-10,day,
8954,Pluto’s Last Comet,211323,58,2021-12-10,day,
8955,Composure (feat. Hit-Boy),203707,35,2021-08-06,day,
8956,My Bible,228015,34,2021-08-06,day,
8957,Nas is Good,139301,36,2021-08-06,day,
8958,Underrated,149884,46,2019-02-22,day,
8959,Lavender Haze,202395,74,2022-10-21,day,
8960,Maroon,218270,72,2022-10-21,day,
8961,Anti-Hero,200690,81,2022-10-21,day,
8962,Snow On The Beach (feat. Lana Del Rey),256124,68,2022-10-21,day,
8963,Kill Bill,153946,81,2022-12-08,day,
8964,Armed And Dangerous,169999,75,2018-12-10,day,
8965,A Walk in the Skies,134813,55,2004-11-19,day,
8966,Sittin' Here,313846,31,2014-04-29,day,
8967,Stop Dat,220160,33,2003-07-21,day,
8968,I Luv U,245080,42,2003-07-21,day,
8969,Brand New Day,239986,28,2003-07-21,day,
8970,2 Far,187906,26,2003-07-21,day,
8971,"Fix Up, Look Sharp",224960,47,2003-07-21,day,
8972,Cut 'Em Off,234826,23,2003-07-21,day,
8973,Hold Ya Mouf,173920,23,2003-07-21,day,
8974,Seems 2 Be,226386,23,2003-07-21,day,
8975,X-Is Coming,,,,day,
8976,X Gon' Give It To Ya - Int'l Bonus track,219733,67,2003-01-01,day,
8977,Twinz (feat. Fat Joe),228173,65,1998-04-28,day,
8978,THANK GOD,184888,70,2023-07-28,day,
8979,HYAENA,222085,68,2023-07-28,day,
8980,MODERN JAM (feat. Teezo Touchdown),255412,67,2023-07-28,day,
8981,MY EYES,251249,80,2023-07-28,day,
8982,GOD'S COUNTRY,127991,63,2023-07-28,day,
8983,SIRENS,204447,66,2023-07-28,day,
8984,MELTDOWN (feat. Drake),246133,74,2023-07-28,day,
8985,FE!N (feat. Playboi Carti),191700,84,2023-07-28,day,
8986,DELRESTO (ECHOES) (feat. Beyoncé),274137,60,2023-07-28,day,
8987,I KNOW ?,211582,79,2023-07-28,day,
8988,TOPIA TWINS (feat. Rob49 & 21 Savage),223173,74,2023-07-28,day,
8989,CIRCUS MAXIMUS (feat. The Weeknd & Swae Lee),258842,66,2023-07-28,day,
8990,PARASAIL (feat. Yung Lean & Dave Chappelle),154964,58,2023-07-28,day,
8991,SKITZO (feat. Young Thug),366592,67,2023-07-28,day,
8992,LOST FOREVER (feat. Westside Gunn),163071,62,2023-07-28,day,
8993,K-POP (feat. Bad Bunny & The Weeknd),185220,60,2023-07-28,day,
8994,TELEKINESIS (feat. SZA & Future),353754,77,2023-07-28,day,
8995,TIL FURTHER NOTICE (feat. James Blake & 21 Savage),314836,75,2023-07-28,day,
8996,Dip-Set Forever,234800,39,2004-01-01,day,
8997,Real Ni***s,226533,41,2003-03-25,day,
8998,LOOOVE (feat. Kid Cudi),226715,63,2023-07-28,day,
8999,London,154130,56,2023-04-07,day,
9000,Green Light,213685,59,2022-03-23,day,
9001,LET GO,174246,72,2022-12-15,day,
9002,Not Good But Better,115019,42,2021-05-12,day,
9003,Bleeding Out,208608,62,2023-01-20,day,
9004,The Drive,229216,42,2019-05-03,day,
9005,Why You Waiting?,155071,31,2023-03-03,day,
9006,Total XTC (Mixed),79863,0,2022-03-25,day,
9007,Once Upon a Time in The Jungle (feat. Charlotte X),206326,17,2023-05-05,day,
9008,Mammoth - Mixed,63098,20,2022-09-02,day,
9009,In Yer Face - Bicep Remix,461580,0,2016-09-30,day,
9010,In Yer Face - Bicep Acid Dub,386561,0,2016-09-30,day,
9011,Rain,351252,40,2017-09-01,day,
9012,Be Good,393910,0,2017-08-25,day,
9013,Final Credits,439994,1,2017-02-10,day,
9014,Sky Lounge,279800,40,2015-02-24,day,
9015,These Things Will Come To Be,296360,58,2021-09-03,day,
9016,Pale Blue Dot,238295,34,2018-07-27,day,
9017,Metro,300808,27,2017-11-02,day,
9018,Revolution 909,335026,55,1997-01-17,day,
9019,The Game - Catz 'N Dogz Interpretation Remix,324964,9,2023-05-12,day,
9020,Come to Me,335875,36,1998-06-08,day,
9021,There's A Better Place,435226,43,1998-04-05,day,
9022,Transition - Mixed,212026,6,2014-02-24,day,
9023,Vale,297380,43,2017-09-01,day,
9024,champs to camps,72487,0,2023-07-10,day,
9025,Mispent Years - Original Mix,293500,20,2016-01-11,day,
9026,Never Come Back,305480,1,2020-02-28,day,
9027,Techno Disco Tool - Radio Edit,194307,51,2017-12-01,day,
9028,Make Me Fall In Love,341400,16,2016-03-04,day,
9029,Auntie Diaries,281069,56,2022-05-13,day,
9030,Set It Off,274285,0,2019-11-15,day,
9031,Wrath Of The Math,,,,day,
9032,Kiss Me More (feat. SZA),208666,83,2021-06-25,day,
9033,Attention,277043,60,2023-06-16,day,
9034,2 On (feat. ScHoolboy Q),227000,81,2014-10-01,day,
9035,All My Friends (feat. Tinashe & Chance the Rapper),229746,69,2015-10-21,day,
9036,HIGHEST IN THE ROOM (feat. ROSALÍA & Lil Baby) - REMIX,244873,61,2019-12-27,day,
9037,JACKBOYS,46836,54,2019-12-27,day,
9038,HAD ENOUGH (feat. Quavo & Offset),157133,61,2019-12-27,day,
9039,OUT WEST (feat. Young Thug),157712,76,2019-12-27,day,
9040,WHAT TO DO? (feat. Don Toliver),250141,69,2019-12-27,day,
9041,Say So,237893,76,2019-11-07,day,
9042,Broken Whiskey Glass,233813,37,2016-12-09,day,
9043,Solo,265996,81,2017-07-27,day,
9044,Used to This (feat. Drake),180520,50,2016-11-04,day,
9045,Controlla,245226,74,2016-05-06,day,
9046,If It's Lovin' That You Want,208106,51,2005-08-29,day,
9047,Every Kind Of Way,160160,63,2017-06-16,day,
9048,Come Through (feat. Chris Brown),214093,60,2021-06-18,day,
9049,"Slide (Remix) (feat. Pop Smoke, A Boogie Wit da Hoodie & Chris Brown) (feat. Pop Smoke)",296011,64,2020-01-17,day,
9050,Focus,200194,61,2016-09-09,day,
9051,Fight For You - From the Original Motion Picture "Judas and the Black Messiah",270710,42,2021-02-04,day,
9052,Papi’s Home,178623,63,2021-09-03,day,
9053,Mother I Sober (feat. Beth Gibbons of Portishead),406528,58,2022-05-13,day,
9054,Hummingbird,319493,49,2023-08-04,day,
9055,Am I Dreaming,256026,54,2023-08-04,day,
9056,Die Trying,153106,66,2022-11-17,day,
9057,Hawk Em,118800,61,2019-07-26,day,
9058,I Gotta Habit,290429,40,2010-12-07,day,
9059,Martin & Gina,132832,76,2020-05-15,day,
9060,Dior,216386,76,2019-07-26,day,
9061,Who Told You (feat. Drake),208920,62,2023-07-14,day,
9062,Bouff Daddy,205106,58,2017-05-12,day,
9063,Did You See,181413,64,2017-05-12,day,
9064,Who Told You (feat. Drake),208917,65,2023-06-08,day,
9065,Masculine (feat. Burna Boy),204880,54,2023-07-14,day,
9066,Intro,284773,20,1997-01-01,year,
9067,The Whole World Lookin' at Me,206333,33,1997-01-01,year,
9068,Survival Hungry,206293,27,1997-01-01,year,
9069,So Hardcore,214640,31,1997-01-01,year,
9070,Get High Tonight,231333,33,1997-01-01,year,
9071,Turn It Up,251906,35,1997-01-01,year,
9072,Put Your Hands Where My Eyes Could See (feat. Jamal),194293,61,1997-01-01,year,
9073,There's Not a Problem My Squad Can't Fix (feat. The Flipmode Squad),199973,30,1997-01-01,year,
9074,We Could Take It Outside,288426,31,1997-01-01,year,
9075,Rhymes Galore,153373,35,1997-01-01,year,
9076,"Things We Be Doin' for Money, Pt. 1",155000,24,1997-01-01,year,
9077,"Things We Be Doin' for Money, Pt. 2 (feat. Rampage, Anthony Hamilton & The Chosen Generation)",203000,24,1997-01-01,year,
9078,One (feat. Erykah Badu),263533,37,1997-01-01,year,
9079,Don't Cha,272080,62,2005-01-01,day,
9080,I Know What You Want (feat. Flipmode Squad),324306,70,2002-11-26,day,
9081,Don't Cha - Radio Edit,218426,19,2023-07-14,day,
9082,Look At Me Now (feat. Lil' Wayne & Busta Rhymes),222586,73,2011-03-22,day,
9083,The Coming - 2021 Remaster,271880,11,2021-04-16,day,
9084,Do My Thing - 2021 Remaster,219320,15,2021-04-16,day,
9085,Everything Remains Raw - 2021 Remaster,221053,22,2021-04-16,day,
9086,Abandon Ship (feat. Rampage The Last Boy Scout) - 2021 Remaster,362306,15,2021-04-16,day,
9087,Woo Hah!! Got You All in Check - 2021 Remaster,271746,21,2021-04-16,day,
9088,It's A Party (feat. Zhane) - 2021 Remaster,277386,19,2021-04-16,day,
9089,Hot Fudge - 2021 Remaster,309226,11,2021-04-16,day,
9090,Abandon Ship (feat. Rampage the Last Boy Scout),362306,32,1996-01-01,year,
9091,Ill Vibe (feat. Q-Tip),209760,33,1996-01-01,year,
9092,"Flipmode Squad Meets Def Squad (feat. Jamal, Redman, Keith Murray, Rampage the Last Boy Scout, Lord Have Mercy)",490506,36,1996-01-01,year,
9093,Paint The Town Red,231750,77,2023-08-04,day,
9094,Too Late,239973,65,2020-03-20,day,
9095,Scared To Live,191306,62,2020-03-20,day,
9096,Snowchild,247186,62,2020-03-20,day,
9097,Escape From LA,355960,65,2020-03-20,day,
9098,Disguise,202293,48,2009-06-01,day,
9099,Ace Hood Flow,193637,51,2012-12-02,day,
9100,Rescue Me,194106,31,2011-01-01,year,
9101,3 Wheel-ups (feat. Wiley & Giggs),278226,50,2016-03-04,day,
9102,The Soul Pt. 3,162635,26,2023-08-02,day,
9103,Starlets (feat. Dave East),210000,27,2023-08-18,day,
9104,Gorilla,245819,60,2022-12-12,day,
9105,Show & Tell (feat. Freddie Gibbs),260000,0,2023-08-18,day,
9106,Michelin Star,115999,0,2023-08-18,day,
9107,Sitting Ducks (feat. Benny The Butcher),137500,0,2023-08-18,day,
9108,Smoke Break-Dance (feat. JID),167500,0,2023-08-18,day,
9109,Life Is Good (feat. Drake),237735,72,2020-01-10,day,
9110,Dark Side Of The Moon (feat. Nicki Minaj),242972,47,2018-09-28,day,
9111,Uproar,194184,64,2018-09-28,day,
9112,Can't Be Broken,193243,61,2018-09-28,day,
9113,Open Letter,269286,48,2018-09-28,day,
9114,Flooded The Face,192727,66,2023-06-30,day,
9115,Suicide Doors,259079,55,2023-06-30,day,
9116,Just Wanna Rock,123890,67,2023-06-30,day,
9117,That Fiya,154832,47,2023-06-30,day,
9118,Big K.R.I.T.,172194,0,2017-10-27,day,
9119,Confetti,198763,0,2017-10-27,day,
9120,Big Bank (feat. T.I.),224643,0,2017-10-27,day,
9121,Subenstein (My Sub IV),243205,0,2017-10-27,day,
9122,1999 (feat. Lloyd),222951,0,2017-10-27,day,
9123,Ride Wit Me (feat. Bun B & Pimp C),214985,0,2017-10-27,day,
9124,Get Up 2 Come Down (feat. CeeLo Green & Sleepy Brown),277238,0,2017-10-27,day,
9125,Layup,260952,0,2017-10-27,day,
9126,Classic Interlude,53753,0,2017-10-27,day,
9127,Aux Cord,195490,0,2017-10-27,day,
9128,Get Away,297614,36,2017-10-27,day,
9129,Justin Scott,240334,0,2017-10-27,day,
9130,Mixed Messages,266977,0,2017-10-27,day,
9131,Mt. Olympus (Reprise),251640,30,2014-08-25,day,
9132,Lac Lac,332573,27,2014-08-25,day,
9133,Return of 4Eva (feat. Big Sant),201317,0,2020-05-29,day,
9134,Glass House (feat. Curren$y & Wiz Khalifa),197615,0,2020-05-29,day,
9135,Dreamin,246104,0,2021-08-13,day,
9136,Trilla (feat. A$AP Nast & A$AP Twelvyy),244160,58,2011-10-31,day,
9137,Keep It G (feat. Chace Infinite & SpaceGhostPurrp),230933,56,2011-10-31,day,
9138,Palace,162960,56,2011-10-31,day,
9139,Purple Swag,118346,58,2011-10-31,day,
9140,Something Got A Hold,290408,0,2020-05-29,day,
9141,Keep The devil Off,310544,0,2017-10-27,day,
9142,Country Sh*t (Remix),,,,day,
9143,Pick Up The Pace,146114,0,2021-04-16,day,
9144,Addiction (feat. Lil Wayne & Saweetie),169944,0,2019-07-12,day,
9145,Hold Me Down,260016,1,2017-11-08,day,
9146,Definition of Love,195833,37,2023-08-25,day,
9147,On The Radar Freestyle,275280,64,2023-07-26,day,
9148,D.M.B.,291611,33,2022-05-05,day,
9149,RIOT (Rowdy Pipe'n),189011,56,2023-07-20,day,
9150,Praise The Lord (Da Shine) (feat. Skepta) - Durdenhauer Edit,163515,70,2022-11-18,day,
9151,Love$ick (feat. A$AP Rocky),192160,71,2017-07-14,day,
9152,1 Night (feat. Charli XCX),207693,47,2017-07-14,day,
9153,Première Gymnopédie,204266,54,2009-01-20,day,
9154,"Clair de Lune, L. 32",268000,65,1994-01-01,year,
9155,"Rêverie, L. 68: Rêverie",257000,57,1996-01-01,day,
9156,"Divertimento in D major, K. 136: 1. Allegro",258000,31,1992-09-15,day,
9157,"The Carnival of the Animals, R. 125: XIII. The Swan (Arr. for Cello and Piano)",174266,63,2015-09-18,day,
9158,"Nocturne No. 1 in B flat minor, Op. 9 No. 1",334053,48,2010-02-26,day,
9159,Morning Lullaby,177999,32,2022-06-24,day,
9160,Dancing on Clouds,144910,42,2022-05-20,day,
9161,"3 Gymnopédies: No. 1, Lent et douloureux",245720,25,1999-06-14,day,
9162,Le Cygne,214986,57,2012-09-25,day,
9163,Concerto for Clarinet,202186,39,2020-02-07,day,
9164,"Nocturnes, Op. 37: No. 1 in G Minor",379906,29,1965-01-01,year,
9165,"Nocturnes, Op. 37: No. 2 in G Major",411960,27,1965-01-01,year,
9166,"Vocalise, Op. 34, No. 14 - Version For Cello And Piano",424666,34,1990-01-01,day,
9167,"Chopin: 24 Preludes, Op. 28: No. 15 in D-Flat Major ""Raindrop""",348333,48,2002-03-01,day,
9168,"Ballade No. 4 in F Minor, Op. 52",626533,39,2012-09-14,day,
9169,"5 Pieces, Op. 75, ""The Trees"": No. 3 Aspen",140333,42,2003-06-11,day,
9170,Demons,195573,32,2023-08-30,day,
9171,p angels,176160,52,2023-06-16,day,
9172,born rich,172440,48,2023-06-16,day,
9173,go crazy,173360,62,2023-06-16,day,
9174,bread & butter,226000,61,2023-06-16,day,
9175,turned your back,243133,64,2023-06-16,day,
9176,i was just thinking,192093,49,2023-06-16,day,
9177,alright,184026,52,2023-06-16,day,
9178,Uncle M,140000,48,2023-06-23,day,
9179,9 5 . s o u t h,196946,60,2021-05-14,day,
9180,a p p l y i n g . p r e s s u r e,177337,56,2021-05-14,day,
9181,p u n c h i n ‘ . t h e . c l o c k,112578,55,2021-05-14,day,
9182,1 0 0 . m i l ‘ (with Bas),163302,56,2021-05-14,day,
9183,"Lemonade (feat. Gunna, Don Toliver & NAV)",195428,4,2020-08-28,day,
9184,Enter...Hot Curry,,,,day,
9185,Raw Tranquility,114160,16,2007-08-24,day,
9186,Accordian for Raj,111240,10,2007-08-24,day,
9187,Space (T1),220880,0,2021-06-01,day,
9188,Life,212410,0,2024-12-20,day,
9189,Need No Reason (INTRO),162090,0,2023-08-28,day,
9190,Let It Ring (SKIT),39110,0,2023-08-28,day,
9191,Loves Gone,196690,0,2023-08-28,day,
9192,Like That,186050,0,2023-08-28,day,
9193,Stay Ready,171080,0,2023-08-28,day,
9194,For Once In My Life,169800,72,1968-12-01,day,
9195,"La bohème, Act I: O soave fanciulla (Love Duet)",252453,4,1973-01-01,day,
9196,"La bohème, Act II: Chi l'ha richiesto? – Caro! – Fuori il danaro!",147106,0,1973-01-01,day,
9197,Musetta's Waltz - From the Opera "La Bohème",161280,0,2009-01-01,day,
9198,Cornfield Chase - Piano-Cello Version,124453,55,2018-02-23,day,
9199,"La traviata, Act I: Libiamo ne' lieti calici ""Brindisi""",175506,59,1977-01-01,day,
9200,Dies Irae,134746,57,2009-01-01,year,
9201,"7 Variations on the Air Vien qua, Dorina bella by Bianchi, Op. 7, J. 53: Andante",94040,33,2011-03-01,day,
9202,"Lullaby (Guten Abend, gut' Nacht)",108655,38,2018-09-14,day,
9203,Le roi s'amuse: Passepied,101000,35,1990-11-06,day,
9204,"Moods, Impressions and Souvenirs, Op. 41: IV. Poème",101493,18,1988-03-07,day,
9205,"Petite suite, L. 65: No. 1, En bateau (Orch. H. Buser)",227973,43,2011-05-03,day,
9206,"Bach, JS : Well-Tempered Clavier Book 1 : Prelude No.1 in C major BWV846",100760,56,2004-01-01,year,
9207,"Piano Sonata No. 4 in F sharp major, Op. 30: 1. Andante",188293,1,2015-05-15,day,
9208,Coco Chanel - Main Title,87173,37,2008-01-01,year,
9209,"Bach, JS : Well-Tempered Clavier Book 1 : Prelude No.2 in C minor BWV847",93306,36,2004-01-01,year,
9210,"Bach, JS : Well-Tempered Clavier Book 1 : Fugue No.2 in C minor BWV847",127893,34,2004-01-01,year,
9211,"Bach, JS : Well-Tempered Clavier Book 1 : Prelude No.3 in C sharp major BWV848",79626,26,2004-01-01,year,
9212,"Bach, JS : Well-Tempered Clavier Book 1 : Fugue No.3 in C sharp major BWV848",147453,21,2004-01-01,year,
9213,"Bach, JS : Well-Tempered Clavier Book 1 : Prelude No.4 in C sharp minor BWV849",182853,29,2004-01-01,year,
9214,"Bach, JS : Well-Tempered Clavier Book 1 : Fugue No.4 in C sharp minor BWV849",305920,22,2004-01-01,year,
9215,The Merry Light Cavalrymen,51186,41,2004-11-19,day,
9216,Sophie in Exile,259560,49,2004-11-19,day,
9217,Run!,57360,35,2004-11-19,day,
9218,Survival,136186,57,2018-06-29,day,
9219,"Nocturne No. 9 In B, Op. 32 No. 1",248546,44,2005-01-01,day,
9220,"La bohème, Act III: Ohè, là, le guardie! Aprite!",259866,0,1973-01-01,day,
9221,"Nocturne No. 10 In A Flat, Op. 32 No. 2",277773,43,2005-01-01,day,
9222,"Nocturne No. 11 In G Minor, Op. 37 No. 1",321373,44,2005-01-01,day,
9223,"Nocturne No. 12 In G, Op. 37 No. 2",354586,41,2005-01-01,day,
9224,The Way You Do It,272066,35,2003-02-25,day,
9225,Speed,237893,33,2003-02-25,day,
9226,"Nocturne No. 2 in E-Flat Major, Op. 9 No. 2",,,,day,
9227,"Nocturne in E minor, Op. 72, No. 1",262600,39,2002-10-25,day,
9228,"Nocturne, Op. 15: No. 3",293893,38,2009-01-01,day,
9229,HOW MANY EMCEES,236946,38,2007-09-25,day,
9230,The Onslaught,233933,24,2005-11-15,day,
9231,Wotcha Call Strength,333577,22,2023-07-14,day,
9232,Is It a Dream Pt. 2,228000,25,2023-09-08,day,
9233,Never Seen Before Remix,173520,37,2018-08-03,day,
9234,Win or Lose,193346,43,2004-08-10,day,
9235,The Realest (feat. Kool G Rap),259560,43,1999-08-17,day,
9236,Power Rap freestyle interlude - Dirty Version,146240,36,2000-11-06,day,
9237,Bad Name,141520,42,2019-11-01,day,
9238,Get Away,220666,48,2001-12-11,day,
9239,Virginia Beach,251094,73,2023-10-06,day,
9240,Amen (feat. Teezo Touchdown),141212,58,2023-10-06,day,
9241,Calling For You (feat. 21 Savage),285630,61,2023-10-06,day,
9242,Fear Of Heights,155154,60,2023-10-06,day,
9243,Daylight,164142,61,2023-10-06,day,
9244,First Person Shooter (feat. J. Cole),247444,73,2023-10-06,day,
9245,IDGAF (feat. Yeat),260111,75,2023-10-06,day,
9246,7969 Santa,259846,61,2023-10-06,day,
9247,Bahamas Promises,184089,65,2023-10-06,day,
9248,Tried Our Best,209990,69,2023-10-06,day,
9249,Screw The World - Interlude,112093,49,2023-10-06,day,
9250,Drew A Picasso,262768,66,2023-10-06,day,
9251,Members Only (feat. PARTYNEXTDOOR),277720,67,2023-10-06,day,
9252,All The Parties (feat. Chief Keef),218611,62,2023-10-06,day,
9253,WY@,208038,58,2023-09-19,day,
9254,Good Days,279204,74,2020-12-25,day,
9255,ICU,241624,66,2023-01-20,day,
9256,What You Won't Do for Love,286493,72,1978-01-01,year,
9257,Evergreen (You Didn’t Deserve Me At All),216680,73,2022-04-08,day,
9258,Miss Georgia Fornia (feat. Joi),360666,0,2017-10-27,day,
9259,Everlasting,203494,0,2017-10-27,day,
9260,Higher Calling (feat. Jill Scott),233853,0,2017-10-27,day,
9261,Words I Never Said (feat. Skylar Grey),256959,48,2011-03-04,day,
9262,Son Of A Gun,106826,56,2020-05-22,day,
9263,Kostas,333423,45,2023-10-13,day,
9264,FLYGOD DiD,116854,30,2023-10-13,day,
9265,Mamas PrimeTime,299270,49,2023-10-13,day,
9266,1989 (feat. Stove God Cooks),251123,34,2023-10-13,day,
9267,Suicide in Selfridges,171192,38,2023-10-13,day,
9268,KITCHEN LIGHTS,300989,53,2023-10-13,day,
9269,FLYGOD 2x,107992,37,2023-10-13,day,
9270,DunnHill (feat. Rick Ross),239355,36,2023-10-13,day,
9271,House of GLORY (feat. Stove God Cooks),192501,35,2023-10-13,day,
9272,JD Wrist (feat. Stove God Cooks),379505,34,2023-10-13,day,
9273,Disgusting,241265,34,2023-10-13,day,
9274,Want Me Dead (feat. 21 Savage),194706,55,2023-06-23,day,
9275,Hellcat Kenny (feat. Lil Uzi Vert),154466,51,2023-06-23,day,
9276,Mad Dog,229000,44,2023-06-23,day,
9277,Chloe,231532,36,2023-10-13,day,
9278,Quiet Storm,124675,51,2020-11-03,day,
9279,Get You The Moon (feat. Snøw),179080,74,2018-10-08,day,
9280,The Girl With the Cappuccino,114203,26,2020-09-18,day,
9281,Purity,123792,16,2023-10-06,day,
9282,Drinking Taste,126666,0,2023-10-05,day,
9283,maskros,183963,39,2023-09-08,day,
9284,Maca,145116,53,2023-10-06,day,
9285,sunsmoke,73846,36,2023-09-29,day,
9286,Who's Driving?,139500,54,2023-10-06,day,
9287,Sea Secrets,137647,0,2023-10-06,day,
9288,Late Flight,104289,15,2023-09-28,day,
9289,Friday Dazed,132857,53,2023-10-13,day,
9290,Abracadabra (feat. Travis Scott),247733,50,2023-06-23,day,
9291,From A Man,207133,23,2023-10-12,day,
9292,Presidential Rolex,148706,49,2023-06-23,day,
9293,"Nocturne No. 21 in C Minor, Op. Posth.",168000,32,1996-01-01,day,
9294,"Lyric Pieces, Book 7, Op. 62: No. 4, Brooklet",95000,25,1974-01-01,day,
9295,"Nocturne No. 15 In F Minor, Op. 55 No. 1",260186,44,2005-01-01,day,
9296,"Nocturne No. 19 In E Minor, Op. 72 No. 1",215173,46,2005-01-01,day,
9297,"Nocturne No. 16 In E Flat, Op. 55 No. 2",274440,40,2005-01-01,day,
9298,"Nocturne No. 17 In B, Op. 62 No. 1",358986,39,2005-01-01,day,
9299,"Nocturne No. 14 In F Sharp Minor, Op. 48 No. 2",396106,40,2005-01-01,day,
9300,"Nocturne No. 18 In E, Op. 62 No. 2",316840,39,2005-01-01,day,
9301,NO SECRET (feat. Drake),47354,47,2022-08-25,day,
9302,Chaconne in sol maggiore : Variazione 10,61000,24,2010-12-21,day,
9303,"24 Preludes, Op. 28: No. 9 in E Major",88466,30,2000-01-21,day,
9304,Prelude In A Minor Op. 32 No. 8,70293,25,2017-03-09,day,
9305,"24 Preludes, Op. 11: No. 4 in E Minor",121893,20,2000-02-09,day,
9306,"6 Album Leaves, Op. 2, JB 1:51: No. 2 in A Minor, Chanson. Moderato",97306,49,2009-03-13,day,
9307,"7 Variations on the Air Vien qua, Dorina bella by Bianchi, Op. 7, J. 53: Variation 1",77373,28,2011-03-01,day,
9308,"Piano Concerto in F-Sharp Minor, Op. 20: I. Allegro",476133,15,1999-08-17,day,
9309,"Piano Concerto in F-Sharp Minor, Op. 20: II. Andante",525160,12,1999-08-17,day,
9310,"Piano Concerto in F-Sharp Minor, Op. 20: III. Allegro moderato",674733,9,1999-08-17,day,
9311,"Prometheus, The Poem of Fire",1423773,6,1999-08-17,day,
9312,"Piano Sonata No. 1 in F Minor, Op. 6 : Sonata No. 1, Op. 6: Marche Funebre (Orch. Rogal-Levitsky)",356306,2,1999-08-17,day,
9313,Jazz Suite No. 2: VI. Waltz II,225760,53,1992-12-01,day,
9314,"Ballade No. 1 In G Minor, Op. 23",517000,34,1999-01-01,day,
9315,"Ballade No. 2 in F Major, Op. 38",411000,30,1999-01-01,day,
9316,"Ballade No. 4 In F Minor, Op. 52",595000,31,1999-01-01,day,
9317,"Prelude in C-Sharp Minor, Op. 45. Sostenuto",282013,24,1999-01-01,day,
9318,"Violin Concerto in D Minor, Op. 47: II. Adagio di molto",506000,28,1995-01-01,day,
9319,"Sibelius: Violin Concerto in D Minor, Op. 47: III. Allegro, ma non tanto",454840,2,2025-08-25,day,
9320,Ambition For Cash,143480,70,2021-11-05,day,
9321,Word on the Streets,207600,68,2020-01-31,day,
9322,Still Think About You,246987,76,2016-09-16,day,
9323,Having Our Way (feat. Drake),278191,61,2021-06-11,day,
9324,Find a Topic (homies begged),166688,57,2016-09-02,day,
9325,Jorja Interlude,107673,61,2017-03-18,day,
9326,Walk It Talk It,276147,71,2018-01-26,day,
9327,"Ballade No. 1 in G Minor, Op. 23",532800,43,2002-07-17,day,
9328,"Chopin: 3 Waltzes, Op. 34: II. Lento in A Minor",365383,29,2009-10-05,day,
9329,"Piano Concerto No. 1 in E Minor, Op. 11: III. Rondo (Vivace)",614213,28,2016-12-23,day,
9330,"No. 4, Largo",131200,1,2008-02-08,day,
9331,"Waltz No. 19 in A Minor, Op. Posth.",144853,8,2016-01-29,day,
9332,"Piano Concerto No. 1 in E Minor, Op. 11: I. Allegro maestoso",1231333,29,2016-12-23,day,
9333,"Scherzo No. 1 in B Minor, Op. 20",498266,36,2011-01-01,day,
9334,"Impromptu No. 3 in G-Flat Major, Op. 51",306773,36,2004-01-01,day,
9335,"12 Études, Op. 10: No. 4 in C-Sharp Minor",131120,29,2013-01-01,day,
9336,Freddy Js (feat. DJ Holiday),166165,30,2023-10-13,day,
9337,"Fantaisie in F minor, Op. 49",694986,24,1999-01-01,day,
9338,Nigo Louis (feat. Westside Pootie),191516,32,2022-10-28,day,
9339,BDP (feat. Rome Streetz & Stove God Cooks),170218,42,2022-10-28,day,
9340,"God Is Love (feat. Estee Nack, Stove God Cooks & Keisha Plum)",321214,31,2022-10-28,day,
9341,Overdue - Instrumental,166360,37,2018-11-06,day,
9342,"Scherzo No. 1 in B Minor, Op. 20",,,,day,
9343,Annihilate - Spider-Man: Across the Spider-Verse,231746,46,2023-08-04,day,
9344,All The Way Live - Spider-Man: Across the Spider-Verse,245240,42,2023-08-04,day,
9345,Danger (Spider),205266,38,2023-08-04,day,
9346,What You Know Bout Love,160000,77,2020-07-03,day,
9347,For The Night (feat. Lil Baby & DaBaby),190476,75,2020-07-03,day,
9348,Invincible,127546,72,2020-02-07,day,
9349,Welcome To The Party,214960,65,2019-07-26,day,
9350,Away From Home,258592,62,2023-10-06,day,
9351,Another Late Night (feat. Lil Yachty),170414,62,2023-10-06,day,
9352,Faith,283226,68,2020-03-20,day,
9353,Repeat After Me (Interlude),195813,61,2020-03-20,day,
9354,Until I Bleed Out,190173,61,2020-03-20,day,
9355,Missed You - Bonus Track,144539,57,2020-03-20,day,
9356,Popular (with Playboi Carti & Madonna) - From The Idol Vol. 1 (Music from the HBO Original Series),215466,81,2023-06-02,day,
9357,Clan In Da Front,,,,day,
9358,Shoop,248573,71,1993-10-12,day,
9359,C.R.E.A.M. (Cash Rules Everything Around Me) - A Cappella,,,,day,
9360,Get Money,274937,34,2021-02-19,day,
9361,I'm a Villain,270600,24,2014-04-15,day,
9362,"The Stretch Armstrong and Bobbito Show on WKCR October 28, 1993 (feat. 6'9"", Jungle & Grand Wizard)",466653,19,2014-04-15,day,
9363,N.Y. State of Mind (feat. National Symphony Orchestra) - Live,398655,22,2018-04-20,day,
9364,Life's a Bitch (feat. National Symphony Orchestra) - Live,208425,19,2018-04-20,day,
9365,The World is Yours (feat. National Symphony Orchestra) - Live,364280,20,2018-04-20,day,
9366,Halftime (feat. National Symphony Orchestra) - Live,297663,16,2018-04-20,day,
9367,Memory Lane (Sittin' in da Park) feat. National Symphony Orchestra - Live,273888,20,2018-04-20,day,
9368,It Ain't Hard To Tell,228989,0,2011-12-20,day,
9369,I Love This Feeling,197519,40,2023-09-14,day,
9370,Sour Soul,165983,45,2015-02-19,day,
9371,The Grain (featuring The RZA) (feat. RZA),154666,36,2000-02-08,day,
9372,We Made It (feat. Superb),277933,36,2000-02-08,day,
9373,"Buck 50 (feat. Cappadonna, Method Man & Redman)",242200,44,2000-02-08,day,
9374,Feelin' It,227360,46,1996-06-25,day,
9375,D'evils,212266,44,1996-06-25,day,
9376,22 Two's,208973,35,1996-06-25,day,
9377,Can I Live,248573,40,1996-06-25,day,
9378,Ain't No Nigga,242573,37,1996-06-25,day,
9379,Friend Or Foe,109000,32,1996-06-25,day,
9380,Duel Of The Iron Mic,246226,52,1995-11-07,day,
9381,Wu-Revolution (Featuring Poppa Wu and Uncle Pete) (feat. Poppa Wu & Uncle Pete),,,,day,
9382,"Reunited (feat. GZA, Ol' Dirty Bastard, RZA & Method Man)",,,,day,
9383,"A Better Tomorrow (feat. Inspectah Deck, Masta Killa, U-God, RZA & Method Man)",,,,day,
9384,Intro (feat. RZA & GZA),,,,day,
9385,"Impossible (feat. RZA, U-God, Ghostface Killah & Tekitha)",,,,day,
9386,The City (feat. Inspectah Deck),,,,day,
9387,"Little Ghetto Boys (feat. Raekwon, RZA, Cappadonna, Ghostface Killah & Method Man)",,,,day,
9388,"For Heavens Sake (feat. Inspectah Deck, Masta Killa & Cappadonna)",,,,day,
9389,"Cash Still Rules / Scary Hours (Still Don't Nothing Move but the Money) (feat. Raekwon, Method Man & Ghostface Killah)",,,,day,
9390,"Severe Punishment (feat. U-God, GZA, Raekwon, RZA & Masta Killa)",,,,day,
9391,"Older Gods (feat. Ghostface Killah, Raekwon & GZA)",,,,day,
9392,"Maria (feat. Ol' Dirty Bastard, Cappadonna & RZA)",,,,day,
9393,Six Degrees,220836,38,2015-02-19,day,
9394,Gunshowers,183222,38,2015-02-19,day,
9395,Stark's Reality,132437,42,2015-02-19,day,
9396,Tone's Rap,178588,36,2015-02-19,day,
9397,Mind Playing Tricks,157624,34,2015-02-19,day,
9398,Street Knowledge,204902,40,2015-02-19,day,
9399,Breakadawn,255008,57,1993-09-21,day,
9400,"Protect Ya Neck (feat. RZA, Method Man, Inspectah Deck, Raekwon, U-God, Ol' Dirty Bastard, Ghostface Killah & GZA) - Bloody Version",304200,35,1992-12-14,day,
9401,Who Am I (What’s My Name)?,246200,71,1993-11-23,day,
9402,Stand Up,213760,37,2003-01-01,day,
9403,Lollipop,299333,72,2008-01-01,day,
9404,1nce Again (feat. Tammy Lucas) - Radio Version,229226,56,1996-07-30,day,
9405,Get A Hold,215266,54,1996-07-30,day,
9406,Like It Like That,166773,47,1998-09-29,day,
9407,24's (Vocals Only),282906,56,2003-08-18,day,
9408,Time Traveller,183047,50,2022-10-14,day,
9409,Unholy (feat. Kim Petras),156943,73,2023-01-27,day,
9410,How To Cry,160559,43,2023-01-27,day,
9411,Water - Remix,200255,55,2023-11-17,day,
9412,Biochemical Equation,,,,day,
9413,Tropical Storm Lenny (feat. Action Bronson),85920,47,2019-08-30,day,
9414,Breathe (feat. RZA) [Liam H and Rene LaVice Re-Amp],149233,40,2021-06-18,day,
9415,Climax,211892,42,2009-01-26,day,
9416,Tell Me,277639,37,2009-01-26,day,
9417,Red Button,160049,59,2023-11-17,day,
9418,Amen (feat. Teezo Touchdown),141212,48,2023-11-17,day,
9419,Calling For You (feat. 21 Savage),285630,50,2023-11-17,day,
9420,Fear Of Heights,155154,49,2023-11-17,day,
9421,Daylight,164142,48,2023-11-17,day,
9422,First Person Shooter (feat. J. Cole),247444,57,2023-11-17,day,
9423,IDGAF (feat. Yeat),260111,52,2023-11-17,day,
9424,Slime You Out (feat. SZA),310490,67,2023-09-15,day,
9425,Away From Home,258592,49,2023-11-17,day,
9426,Another Late Night (feat. Lil Yachty),170414,47,2023-11-17,day,
9427,Polar Opposites,257180,49,2023-11-17,day,
9428,Stories About My Brother,264130,62,2023-11-17,day,
9429,The Shoe Fits,374025,57,2023-11-17,day,
9430,Wick Man,181428,53,2023-11-17,day,
9431,Bahamas Promises,184089,51,2023-11-17,day,
9432,Evil Ways (feat. J. Cole),227692,58,2023-11-17,day,
9433,You Broke My Heart,230709,75,2023-11-17,day,
9434,"2 Arabesques, L. 66: No. 1 in E Major",306693,40,2004-05-01,day,
9435,"Rêverie, L. 68",233400,4,2007-07-31,day,
9436,"Nocturne No. 19 in E Minor, Op. 72, No. 1",,,,day,
9437,White Christmas - 1947 Version,177480,2,1942-01-01,day,
9438,Feliz Navidad,182066,53,2002-09-24,day,
9439,A Holly Jolly Christmas,135533,45,1965-10-01,day,
9440,"Nocturne in E-Flat Major, Op. 55, No. 2",366320,41,2012-10-22,day,
9441,My wrist (with Young Thug),190133,63,2023-05-26,day,
9442,Hot (Remix) [feat. Gunna and Travis Scott],279906,74,2019-12-20,day,
9443,MIA23 (1:2),166287,50,2023-05-08,day,
9444,Public Service Announcement 2000,27866,18,2000-05-23,day,
9445,Who Knew,227760,57,2000-05-23,day,
9446,Mockingbird,250760,85,2004-11-12,day,
9447,Without Me,290320,87,2002-05-26,day,
9448,The Real Slim Shady,284200,84,2000-05-23,day,
9449,No Romeo No Juliet,268486,53,2016-05-11,day,
9450,I Wanna Benz,262306,48,2016-12-02,day,
9451,1AM,157403,37,2014-03-18,day,
9452,Best Time,82508,75,2023-10-27,day,
9453,Remains,178418,49,2022-10-28,day,
9454,Uniform,109391,35,2022-10-28,day,
9455,Hate It Or Love It - G-Unit Remix,263786,63,2005-03-03,day,
9456,Too Rich For The Bitch,181000,54,2015-12-18,day,
9457,Get Up,195680,54,2008-01-01,day,
9458,Still Think I'm Nothing (feat. Jeremih),191629,39,2017-11-18,day,
9459,Down On Me,228453,57,2010-01-01,day,
9460,"Kinderszenen, Op. 15: I. Von fremden Ländern und Menschen",98146,2,2020-04-03,day,
9461,"Piano Sonata No. 8 in C Minor, Op. 13 ""Pathétique"": II. Adagio cantabile",328012,3,2020-04-03,day,
9462,"Waltzes, Op. 39: No. 15 in A-Flat Major",113280,2,2020-04-03,day,
9463,"Nocturnes, Op. 15: No. 2 in F-Sharp Major. Larghetto",200064,2,2020-04-03,day,
9464,"Polonaise in B-Flat Major, D. 580",414466,1,1996-01-01,day,
9465,"Waltzes, Op. 9a, D.365: No. 16 in A Major",33861,11,2020-04-03,day,
9466,"String Quartet in F Major, Op. 96 ""American"": III. Molto vivace",239586,2,2020-04-03,day,
9467,"L'Etincelle (One Piano, Four Hands)",179533,0,2004-08-24,day,
9468,"Was Mir Behagt, Ist Nur Die Muntre Jagd, Bwv 208: Sheep May Safely Graze - Was Mir Behagt, Ist Nur Die Muntre Jagd, Bwv 208: Sheep May Safely Graze",274760,0,2007-10-09,day,
9469,蝶々　作品２／第10曲：ハ長調　ヴィーヴォ（『ストーリー・オブ・マイライフ／わたしの若草物語』より）,127797,0,2022-09-28,day,
9470,"5 German Dances, D. 90: No. 5 in C Major",335973,2,2020-04-03,day,
9471,"Waltzes, Op. 9a, D.365: No. 6 in A-Flat Major",32228,2,2020-04-03,day,
9472,Concerto for Lute & Strings in D Major,161800,0,2014-08-05,day,
9473,Barber: Adagio for Strings,537426,55,2010-01-18,day,
9474,"Lyric Pieces, Book 5, Op. 54: Nocturne",220773,57,2016-01-08,day,
9475,Reflection,,,,day,
9476,Brand New,182532,46,2023-09-29,day,
9477,Split/Whole Time,239870,39,2020-05-26,day,
9478,Glory,163578,20,2023-11-10,day,
9479,Screw The World - Interlude,112093,43,2023-11-17,day,
9480,Drew A Picasso,262768,51,2023-11-17,day,
9481,Members Only (feat. PARTYNEXTDOOR),277720,50,2023-11-17,day,
9482,CORSO,146481,55,2023-03-31,day,
9483,What Would Pluto Do,182998,49,2023-11-17,day,
9484,All The Parties (feat. Chief Keef),218611,48,2023-11-17,day,
9485,8am in Charlotte,266847,52,2023-11-17,day,
9486,BBL Love - Interlude,161363,46,2023-11-17,day,
9487,Gently (feat. Bad Bunny),133694,47,2023-11-17,day,
9488,Rich Baby Daddy (feat. Sexyy Red & SZA),319191,51,2023-11-17,day,
9489,Icon,220995,64,2017-11-17,day,
9490,Wait a Minute!,196520,79,2015-01-11,day,
9491,Fire At Ya Idle Mind,200693,31,2023-09-29,day,
9492,im SORRY MOMMA,64026,0,2022-11-04,day,
9493,Shook Up,156000,41,2023-11-29,day,
9494,Outlaw,68901,25,2023-05-12,day,
9495,Sentry (feat. MIKE),136000,50,2023-10-06,day,
9496,Vin Skully,113186,55,2023-10-06,day,
9497,Heat Check,149986,46,2023-10-06,day,
9498,Mancala (feat. Vince Staples),161506,47,2023-10-06,day,
9499,27 Braids,125426,46,2023-10-06,day,
9500,7969 Santa,259846,51,2023-11-17,day,
9501,i n t e r l u d e,133021,59,2021-05-14,day,
9502,t h e . c l i m b . b a c k,306257,59,2021-05-14,day,
9503,c l o s e,168763,54,2021-05-14,day,
9504,h u n g e r . o n . h i l l s i d e (with Bas),238971,62,2021-05-14,day,
9505,Santa Baby,206506,2,2011-03-15,day,
9506,Christmas Time Is Here - Piano,196750,36,2022-10-07,day,
9507,Hark The Herald Angels Sing,155075,35,2023-10-06,day,
9508,Have Yourself A Merry Little Christmas,251053,43,2023-11-10,day,
9509,Sleigh Ride,202664,43,2021-10-23,day,
9510,The Christmas Song,312808,41,2022-10-16,day,
9511,Silver Bells,249119,42,2019-10-21,day,
9512,O Holy Night,238862,37,2022-10-14,day,
9513,White Christmas,153720,41,2022-10-16,day,
9514,Frosty The Snowman,122597,44,2022-10-07,day,
9515,Silent Night,174634,36,2022-10-16,day,
9516,Christmas Time Is Here,166392,40,2023-10-22,day,
9517,Christmas Time,122414,41,2020-10-29,day,
9518,The Most Wonderful Day of The Year,165685,40,2023-10-08,day,
9519,Winter Wonderland,167302,38,2020-11-17,day,
9520,My Favourite Time of Year,242786,38,2020-09-29,day,
9521,Please come home for christmas,153892,39,2023-10-13,day,
9522,The First Noel,150694,37,2020-09-29,day,
9523,Home for the Holidays,226457,36,2019-09-15,day,
9524,Oh Christmas Tree,143731,35,2019-10-23,day,
9525,Rudolph the Red Nosed Rain Deer,145884,38,2023-10-06,day,
9526,Somewhere In My Memory,202386,40,2023-11-10,day,
9527,I'll Be Home For Christmas,176245,35,2022-10-16,day,
9528,Here Comes Santa Claus,140124,39,2023-10-13,day,
9529,Hark! The Herald Angels Sing,147032,40,2022-10-21,day,
9530,The Night Before Christmas,172885,36,2020-10-10,day,
9531,Happy Holiday,307711,34,2022-10-16,day,
9532,What Are You Doing New Years Eve?,281500,35,2023-10-20,day,
9533,The Chipmunk Song,163130,36,2021-10-23,day,
9534,"O Come, O Come, Emanuel",129348,33,2020-09-29,day,
9535,It Came Upon The Midnight Clear,146250,33,2023-10-22,day,
9536,"Still, Still, Still",141466,34,2022-10-16,day,
9537,The Christmas Waltz,100015,39,2023-09-22,day,
9538,"O Come, All Ye Faithful",177874,40,2022-10-14,day,
9539,"God Rest Ye, Merry Gentlemen",120061,35,2020-09-29,day,
9540,Good King Wenceslas,144708,34,2020-09-29,day,
9541,The Holly and the Ivy,217141,34,2020-10-10,day,
9542,Once in Royal David's City,165225,35,2020-09-29,day,
9543,You're All I Want For Christmas,320071,35,2022-10-16,day,
9544,In the Bleak Midwinter,147547,38,2020-09-29,day,
9545,Tis the season,214596,35,2022-10-14,day,
9546,Ding Dong Merrily on High,142613,38,2020-09-29,day,
9547,Blue Christmas,140755,37,2020-11-17,day,
9548,Toyland,233127,37,2022-10-16,day,
9549,Auld Lang Syne,166316,35,2020-09-29,day,
9550,A Christmas Love Song,158066,36,2023-11-02,day,
9551,Ave Maria,234263,35,2020-11-17,day,
9552,I Still Believe in Santa Clause,170214,20,2018-09-21,day,
9553,"Nocturne in B-Flat Minor, Op. 9, No. 1",334493,46,2011-02-01,day,
9554,I Heard the Bells on Christmas Day,149940,35,2020-09-29,day,
9555,The Winter Song,151345,37,2023-09-15,day,
9556,When You Wish Upon a Star,130263,18,2020-09-29,day,
9557,A Child Is Born,154096,35,2020-11-17,day,
9558,We Three Kings (Jazz Version),188865,36,2020-11-13,day,
9559,"Happy Christmas, Little Friend",151999,36,2022-10-16,day,
9560,I Saw Three Ships,168846,36,2020-09-29,day,
9561,Angels We Have Heard on High,160500,34,2021-11-29,day,
9562,Lost in the stars,183528,35,2023-10-05,day,
9563,The Ultimate Gift,206552,34,2018-09-21,day,
9564,Santa tell me,138629,35,2023-10-13,day,
9565,I Saw Mommy Kissing Santa Claus,218926,17,2019-10-29,day,
9566,Away in a manger,126007,33,2023-09-29,day,
9567,Greensleeves,136800,14,2022-10-16,day,
9568,"Ravel: Pavane pour une infante défunte, M. 19",427706,40,2011-06-28,day,
9569,"Schumann: Kinderszenen, Op. 15: No. 7, Träumerei",176000,40,2011-06-28,day,
9570,"Chopin: 12 Études, Op. 10: No. 3 in E Major ""Tristesse""",271706,40,2011-06-28,day,
9571,"Ravel: Jeux d'eau, M. 30",336573,39,2011-06-28,day,
9572,"Chopin: Waltz No. 7 in C-Sharp Minor, Op. 64 No. 2",236533,36,2011-06-28,day,
9573,"Rachmaninov: 10 Preludes, Op. 23: No. 4 in D Major",276560,35,2011-06-28,day,
9574,"Debussy: 2 Arabesques, CD 74, L. 66: No. 1, Andantino con moto",230400,35,2011-06-28,day,
9575,"Ravel: Gaspard de la nuit, M. 55: I. Ondine",345493,35,2011-06-28,day,
9576,"Prokofiev: 10 Pieces from Romeo & Juliet, Op. 75: No. 6, Montagues and Capulets",238226,34,2011-06-28,day,
9577,"Debussy: Children's Corner, CD 119, L. 113: No. 3, Serenade for the Doll",164693,33,2011-06-28,day,
9578,"Chopin: Waltz No. 10 in B Minor, Op. Posth. 69 No. 2",274640,35,2011-06-28,day,
9579,"Rachmaninov: Rhapsody on a Theme of Paganini, Op. 43: Variation XVIII",167800,34,2011-06-28,day,
9580,"Schumann: Waldszenen, Op. 82: No. 7, Vogel als Prophet",208560,33,2011-06-28,day,
9581,"Chopin: Waltz No. 3 in A Minor, Op. 34 No. 2",349933,34,2011-06-28,day,
9582,"Mozart: Piano Concerto No. 20 in D Minor, K. 466: III. Allegro assai",415413,37,2011-06-28,day,
9583,"Schumann: Albumblätter, Op. 124: No. 16, Schlummerlied",147973,36,2011-06-28,day,
9584,"16 Waltzes, Op. 39: No. 3 in G-Sharp Minor",61227,16,2023-02-03,day,
9585,"Chopin: Nocturne No. 1 in B-Flat Minor, Op. 9 No. 1",401093,41,2011-06-28,day,
9586,"Schubert: 4 Impromptus, Op. 90, D. 899: No. 3 in G-Flat Major",385653,38,2011-06-28,day,
9587,"Nocturne No. 20 in C-Sharp Minor, KK IVa/16",268000,26,1978-01-01,day,
9588,"Nocturne No. 21 in C Minor, KK IVb/8",222000,24,1978-01-01,day,
9589,"Nocturne No. 19 in E minor, Op. 72 No. 1",252000,35,1978-01-01,day,
9590,"Nocturnes, Op. 62: I. Andante",452106,22,2010-06-22,day,
9591,"Nocturnes, Op. 62: II. Lento",380066,21,2010-06-22,day,
9592,"Waltz No. 19 in A minor, Op. posth.",132666,59,1995-01-01,day,
9593,"Prélude in E minor, Op. 28, No. 4",146760,35,2002-10-25,day,
9594,"No. 15, Sostenuto",339946,0,2008-02-08,day,
9595,"Mazurka No. 43 en sol mineur, Op. Posth. 67 No. 2, WN 64",129813,32,2014-09-01,day,
9596,"Mazurka No. 16 in A-Flat Major, Op. 24, No. 3",154293,22,1991-02-01,day,
9597,"Waltz No. 7 in C-Sharp Minor, Op. 64 No. 2",220160,44,2010-01-01,day,
9598,"Sonata In G Minor For Cello & Piano, Op. 65: 4. Finale (Allegro)",361160,17,2015-09-01,day,
9599,"24 Préludes, Op. 28: No. 24 in D Minor. Allegro appassionato - 2011 Recording",144666,32,2012-01-01,day,
9600,"Piano Concerto No. 2 in F minor, Op. 21: II. Larghetto",487146,28,2010-10-26,day,
9601,"Scherzo No. 4 in E Major, Op. 54",634173,21,2004-01-01,day,
9602,"Chopin: Nocturne No. 13 in C Minor, Op. 48 No. 1",317083,42,2010-03-15,day,
9603,"Études, Op. 25: No. 1 in A-Flat Major",174266,36,2012-10-22,day,
9604,"24 Preludes, Op. 28: No. 7 in A Major",43093,10,2000-01-21,day,
9605,"Kinderszenen, Op. 15: No. 7, Träumerei",147866,27,2023-01-27,day,
9606,"Après un rêve, Op. 7, No. 1 (Arr. for Cello and Piano)",176756,57,2017-02-10,day,
9607,"Chants du Rhin, WD 52: Les rêves",224333,44,2020-09-11,day,
9608,Due Tramonti,292626,46,1999-10-22,day,
9609,Danses pour Harpe Chromatique: Danse profane,309304,40,2010-10-18,day,
9610,"Piano Concerto in G Major, M. 83: II. Adagio assai",499626,34,2015-10-09,day,
9611,Cruel Summer,178426,89,2019-08-23,day,
9612,I AM WOMAN,232813,66,2021-11-19,day,
9613,Paint The Town Red,230480,74,2023-09-20,day,
9614,Agora Hills,265360,75,2023-09-20,day,
9615,Candy,190920,78,2018-03-30,day,
9616,Vegas (From the Original Motion Picture Soundtrack ELVIS),182906,72,2022-05-06,day,
9617,So High,201573,77,2014-03-11,day,
9618,Wine Pon You (feat. Konshens),219000,75,2018-03-30,day,
9619,Boss Bitch,134239,75,2020-01-23,day,
9620,motive (with Doja Cat),167989,71,2020-10-30,day,
9621,Like That (feat. Gucci Mane),163173,71,2019-11-07,day,
9622,Gun,176840,56,2023-09-22,day,
9623,Ain't Shit,174253,75,2021-06-25,day,
9624,Del Mar,214506,67,2020-09-04,day,
9625,Rules,187040,71,2019-11-07,day,
9626,Go Off,197493,56,2023-09-22,day,
9627,Tia Tamera (feat. Rico Nasty),211013,71,2019-03-01,day,
9628,Shutcho,187400,54,2023-09-22,day,
9629,Juicy,203093,68,2019-11-07,day,
9630,Best Friend (feat. Doja Cat),155883,66,2021-01-07,day,
9631,Ouchies,122186,50,2023-09-22,day,
9632,I Don't Do Drugs (feat. Ariana Grande),188893,64,2021-06-25,day,
9633,"34+35 Remix (feat. Doja Cat, Megan Thee Stallion) - Remix",182437,63,2021-02-19,day,
9634,Ballabile,96186,38,2018-01-12,day,
9635,With Love Comes Loss (Arr. for Piano Solo),70186,52,2020-05-15,day,
9636,"Kinderszenen, Op. 15: VII. Träumerei",175440,62,1984-01-01,day,
9637,"10 Preludes, Op. 23: No. 4 in D Major (Andante cantabile)",336133,13,1976-02-27,day,
9638,"Ballade No. 2 in F Major, Op. 38",468506,37,1988-01-01,day,
9639,"Ballade No. 4 in F Minor, Op. 52",719160,46,1988-01-01,day,
9640,"Consolation No. 3 in D-Flat Major, S. 172",259573,52,2011-07-25,day,
9641,"Ave Maria, S. 558/12",391506,55,2011-07-25,day,
9642,"Clair de lune, CD 82 No. 3",407066,36,2019-03-29,day,
9643,"Debussy: Suite bergamasque, CD 82, L. 75: III. Clair de lune",327320,43,2011-06-28,day,
9644,"Mass in B Minor, BWV 232: Kyrie. Kyrie eleison (Chorus)",639173,0,2007-10-03,day,
9645,Night Birds (7” Version),263386,46,2020-09-04,day,
9646,The Chain - 2004 Remaster,269813,65,1977-02-04,day,
9647,September,215093,74,1978-11-23,day,
9648,Wake Me Up Before You Go-Go,231333,79,1984-10-23,day,
9649,Come Fly With Me,196276,47,1958-01-01,month,
9650,We're in This Love Together,226066,56,1981-01-01,year,
9651,Never Gonna Give You Up,213573,79,1987-11-12,day,
9652,The Way You Look Tonight,202160,68,1964-01-01,year,
9653,That's the Way of the World,343840,38,1978-11-23,day,
9654,Holiday Road - National Lampoon's Vacation,131520,52,1983-01-01,year,
9655,Go Your Own Way - 2004 Remaster,223613,82,1977-02-04,day,
9656,Sing a Song,203293,41,1978-11-23,day,
9657,A Foggy Day,136546,31,1960-12-19,day,
9658,When I Take My Sugar to Tea,126173,22,1960-12-19,day,
9659,"Piano Concerto No. 20 in D Minor, K. 466: I. Allegro",892000,8,1986-01-01,day,
9660,"Piano Concerto No. 20 in D Minor, K. 466: II. Romance",612000,7,1986-01-01,day,
9661,"Piano Concerto No. 20 in D Minor, K. 466: III. Rondo. Allegro assai",500000,6,1986-01-01,day,
9662,"Piano Concerto No. 21 in C Major, K. 467: I. Allegro maestoso",889000,6,1986-01-01,day,
9663,"Piano Concerto No. 21 in C Major, K. 467: II. Andante",421000,18,1986-01-01,day,
9664,"Piano Concerto No. 21 in C Major, K. 467: III. Allegro vivace assai",393000,5,1986-01-01,day,
9665,Tokyo Drifting,216821,63,2020-08-07,day,
9666,Fantasy,226213,65,1978-11-23,day,
9667,Young Guns (Go for It!),236200,49,1983-07-09,day,
9668,How 'Bout Us,273226,49,1981-01-01,year,
9669,"Nocturnes, Op. 48: II. Andantino",466000,23,2010-06-22,day,
9670,"2 Nocturnes, Op. 55: II. Lento Sostenuto",341666,22,2010-06-22,day,
9671,"Kinderszenen, Op. 15: VI. Wichtige Begebenheit",48133,26,1984-01-01,day,
9672,"Kinderszenen, Op. 15: VIII. Am Kamin",50733,27,1984-01-01,day,
9673,Gymnopédie No. 1,205866,68,2016-04-01,day,
9674,Rhapsody in Blue,987266,49,1959-01-01,year,
9675,An American in Paris,1146026,26,1989-05-01,day,
9676,"Gershwin: Gershwin Songbook: No. 8, The Man I Love",169866,25,2022-03-04,day,
9677,Nice Work If You Can Get It - Remastered,141760,36,1957-06-01,month,
9678,3 Preludes : Allegro Ben Ritmato E Deciso,86000,24,1990-08-22,day,
9679,The Man I Love,278000,22,2004-04-12,day,
9680,Piano Concerto in F: 2. Adagio,799826,12,1991-01-01,day,
9681,Three Preludes: II. Andante con moto e poco rubato - Live,199421,16,2022-08-05,day,
9682,Haydn: Trumpet Concerto In E Flat - I Allegro,432146,31,2007-11-12,day,
9683,Haydn: Trumpet Concerto In E Flat - Ii Andante,241986,30,2007-11-12,day,
9684,The Blue Danube,526560,34,1990-10-09,day,
9685,It Never Entered My Mind,323186,56,1959-01-01,year,
9686,Mack the Knife,201466,54,1929-01-01,year,
9687,I’Ve Got You Under My Skin,215680,10,2011-12-06,day,
9688,Ain't That a Kick In the Head,143542,5,2011-12-06,day,
9689,I'll Close My Eyes,353800,43,1994-01-01,day,
9690,We Are In Love,160933,45,1990-06-01,day,
9691,(I Could Only) Whisper Your Name,290333,33,1994-06-30,day,
9692,It Had to Be You (Big Band and Vocals),158226,51,1989-07-25,day,
9693,Let's Call the Whole Thing Off,251600,33,1989-07-25,day,
9694,It's Been A Long Long Time,187586,44,2008-01-01,day,
9695,Jacob's Ladder,479266,19,2013-01-01,day,
9696,My Blue Heaven,206333,0,2002-01-01,year,
9697,Road To Columbus,159533,0,1993-01-01,year,
9698,Plymouth Rock,174320,0,2002-01-01,year,
9699,Fly Me To The Moon - 2008 Remastered,147520,66,2008-05-13,day,
9700,Fly Me to the Moon Jazz Trio (Backing Track),166948,10,2012-10-01,day,
9701,Fly Me To The Moon - Instrumental,175041,20,2020-02-10,day,
9702,Fly Me To The Moon,238186,26,2008-09-23,day,
9703,Misty,249866,19,2008-09-23,day,
9704,Autumn Leaves,274013,21,2008-09-23,day,
9705,Black Orpheus,354520,14,2008-09-23,day,
9706,Somewhere Over The Rainbow,283813,29,2008-09-23,day,
9707,Wheel of fortune,209493,5,2008-09-23,day,
9708,All The Things You Are,220066,31,2008-09-23,day,
9709,The Things We Do For Love,195320,21,2008-09-23,day,
9710,Blue Moon,174464,15,2012-05-01,day,
9711,Mine,175866,28,1979-01-01,year,
9712,I Love Paris,160000,0,2018-01-20,day,
9713,Gershwin / Arr. Harris: Fascinating Rhythm,143626,10,1988-01-01,year,
9714,Fly Me To The Moon (In Other Words),215527,32,2010-01-01,day,
9715,I Got Rhythm,173200,30,1994-07-04,day,
9716,I Got Rhythm,78573,14,2011-06-23,day,
9717,Moonlight Serenade,202186,54,1972-09-30,day,
9718,Take Five,324133,69,1959-12-14,day,
9719,"Goodnight, My Beautiful",174226,18,1935-12-22,day,
9720,In A Sentimental Mood,200240,33,1991-01-01,year,
9721,He Knows She's Good For You,107695,37,2017-08-15,day,
9722,Blueberry Hill - 2002 Remastered,171653,25,1972-09-30,day,
9723,Smooch,186000,30,1995-02-01,day,
9724,I Just Called To Say I Love You,262240,76,1999-11-23,day,
9725,"Goodnight, My Beautiful",174213,36,1978-01-01,day,
9726,Fallout 3: Theme,142079,32,2011-11-18,day,
9727,Maybe,182733,56,1998-06-16,day,
9728,Anything Goes,184493,47,1993-07-16,day,
9729,A Wonderful Guy,115696,49,2004-01-01,year,
9730,"Butcher Pete, Pt. 1",146986,17,2021-01-01,year,
9731,"Civilization (Bongo, Bongo, Bongo) - Single Version",183333,43,1987-01-01,day,
9732,Crazy He Calls Me,185280,55,1958-01-01,day,
9733,Easy Living,181333,50,1996-01-30,day,
9734,Fox Boogie,198000,39,1998-01-01,day,
9735,I Don't Want To Set The World On Fire,181066,66,1998-06-16,day,
9736,"6 Moments musicaux, Op. 94, D. 780: No. 3 in F Minor. Allegro moderato",122493,0,2024-01-16,day,
9737,"12 German Dances, D790: No. 8",91160,0,2024-01-16,day,
9738,"Piano Sonata No. 11 in A Major, K. 331: 3. Alla Turca (Allegretto)",63360,0,2024-01-16,day,
9739,"11 Bagatelles, Op. 119: No. 5 in C Minor. Risoluto",57653,0,2024-01-16,day,
9740,"Mazurka No. 28 In B, Op. 41 No. 3",67200,0,2024-01-16,day,
9741,"16 German Dances, D. 783: No. 5 in B Minor",36666,0,2024-01-16,day,
9742,"Allemande in A Major, WoO 81",68200,0,2024-01-16,day,
9743,"Sinfonia No. 12 in A Major, BWV 798",83653,0,2024-01-16,day,
9744,"11 Bagatelles, Op. 119: No. 7 in C Major. Allegro ma non troppo",52360,0,2024-01-16,day,
9745,"Fantasia in C Major, H. 291: I. Presto di molto",38371,0,2024-01-16,day,
9746,2. Andante (Capriccio in B flat),71880,0,2024-01-16,day,
9747,"Solfeggio, H. 220",73093,50,2002-11-15,day,
9748,"Solfeggio in C Minor, Wq. 117/2, H. 220",62306,24,2013-02-26,day,
9749,"Suite bergamasque, L. 75: III. Clair de lune",294960,67,2018-07-27,day,
9750,"Piano Concerto No. 20 in D Minor, K. 466: II. Romance",596720,33,1975-01-01,day,
9751,That's the Way of the World,345506,58,1975-03-15,day,
9752,Love Machine,202693,34,1983-07-09,day,
9753,Dream A Little Dream Of Me,187693,54,1995-08-29,day,
9754,I've Got My Love To Keep Me Warm,189040,37,1957-02-25,day,
9755,In the Mood - Live,209573,60,1939-01-01,year,
9756,A String of Pearls,193200,41,1972-09-30,day,
9757,Chattanooga Choo Choo,206213,42,1972-09-30,day,
9758,"Cello Concerto in E Minor, Op. 85: I. Adagio - Moderato",493320,39,2020-01-10,day,
9759,"Salut d'Amour, Op. 12",164680,53,2015-09-18,day,
9760,"2 Elegiac Melodies, Op. 34: II. The Last Spring",283240,20,2001-01-01,day,
9761,"Wiegenlied, Op. 49, No. 4 (Arr. for Cello and Piano) [Brahms Lullaby]",109800,58,2015-09-18,day,
9762,"Cello Suite No. 1 in G Major, BWV 1007: I. Prélude",152280,68,1983-01-01,year,
9763,Ave Maria,163266,57,2015-09-18,day,
9764,"Songs My Mother Taught Me (from ""Gypsy Songs"", Op. 55, No. 4)",116920,46,2015-09-18,day,
9765,"Was it a Dream?, Op. 37, No. 4",136946,32,2015-09-18,day,
9766,"Après un rêve, Op. 7, No. 1",160226,55,2015-09-18,day,
9767,"Valse Sentimentale, Op. 51, No. 6 (Arr. for Cello and Piano)",137000,43,2015-09-18,day,
9768,"Serenade for Strings in E Major, Op. 22, B. 52: II. Tempo di valse",432533,60,1991-01-01,day,
9769,"Lyric Pieces, Book 1, Op. 12: Arietta",83226,48,1995-12-15,day,
9770,"Six Pieces, Op. 51, TH 143: VI. Valse sentimentale. Tempo di Valse",141706,59,2019-10-18,day,
9771,"Ständchen, S. 560 (Trans. from Schwanengesang No. 4, D. 957)",442172,56,2019-03-15,day,
10153,Jealous,224666,57,2024-04-12,day,
9772,The Truman Show: Truman Sleeps - Short Version,160453,48,2015-03-02,day,
9773,Truman Sleeps,111831,49,2009-01-01,year,
9774,"Piano Concerto No. 1 in E Minor, Op. 11: II. Romance. Larghetto",646000,25,1999-10-12,day,
9775,The Breaking of the Fellowship (feat. "In Dreams"),440800,58,2001-11-19,day,
9776,Concerning Hobbits,175040,64,2001-11-19,day,
9777,The Prophecy,235026,48,2001-11-19,day,
9778,"2 Nocturnes, Op. 37: I. Andante sostenuto",416200,24,2010-06-22,day,
9779,"2 Nocturnes, Op. 37: II. Andantino",385533,24,2010-06-22,day,
9780,"2 Nocturnes, Op. 55: I. Andante",325360,45,2010-06-22,day,
9781,"Prelude & Nocturne for the Left Hand, Op. 9: No. 1, Etude in C-Sharp Minor",155840,1,2010-08-01,day,
9782,n.h.i.e.,143718,65,2024-01-12,day,
9783,pop ur shit,193320,59,2024-01-12,day,
9784,letter to my brudda,159133,55,2024-01-12,day,
9785,dangerous,265305,61,2024-01-12,day,
9786,née-nah,220584,70,2024-01-12,day,
9787,redrum,270697,79,2024-01-12,day,
9788,american dream,63415,48,2024-01-12,day,
9789,all of me,198292,68,2024-01-12,day,
9790,sneaky,201672,65,2024-01-12,day,
9791,Us Against the World - Remix,192527,55,2023-02-16,day,
9792,Martin's Sofa,240363,50,2023-01-19,day,
9793,Energy,176000,53,2023-08-25,day,
9794,Flip A Switch.,201373,64,2023-02-03,day,
9795,Me & You,187034,54,2023-02-09,day,
9796,INTOXYCATED,212000,56,2023-07-12,day,
9797,just like me,231338,57,2024-01-12,day,
9798,"Piano Concerto No. 2 in C Minor, Op. 18: I. Moderato",616647,50,2012-01-01,day,
9799,"Piano Concerto No. 2 in C Minor, Op. 18: II. Adagio sostenuto",663693,42,2023-09-01,day,
9800,"Piano Concerto No. 2 in C Minor, Op. 18: III. Allegro scherzando",643693,31,2017-03-10,day,
9801,"Piano Concerto No. 3 in D Minor, Op. 30: I. Allegro ma non tanto",968160,31,2017-03-10,day,
9802,Musetta's Waltz,247053,6,2011-09-27,day,
9803,"Piano Concerto in A Minor, Op. 16: I. Allegro molto moderato - Remastered",753866,34,1960-01-01,year,
9804,"Nocturne No. 19 in E Minor, Op. 72 , No. 1",282093,29,1965-01-01,year,
9805,Lookin Exotic,226862,54,2017-07-27,day,
9806,Use Me,256342,48,2017-07-27,day,
9807,Sorry,451529,55,2017-07-27,day,
9808,"Mazurka No. 15 in C Major, Op. 24 No. 2. Allegro non troppo",123066,20,1987-05-27,day,
9809,see the real,182039,56,2024-01-12,day,
9810,prove it,207585,74,2024-01-12,day,
9811,GET OFF ME (with Travis Scott),215240,44,2024-01-12,day,
9812,MOST AIN’T DENNIS,157040,25,2024-01-12,day,
9813,WOW (with A$AP Rocky),274200,38,2024-01-12,day,
9814,ELECTROWAVEBABY,205173,34,2024-01-12,day,
9815,A TALE OF A KNIGHT,177080,26,2024-01-12,day,
9816,CUD LIFE,213306,26,2024-01-12,day,
9817,TOO DAMN HIGH (with Lil Yachty),138320,28,2024-01-12,day,
9818,GETCHA GONE,115826,26,2024-01-12,day,
9819,AT THE PARTY (feat. Pharrell Williams & Travis Scott),238026,49,2024-01-12,day,
9820,"Mazurka No. 23 in D Major, Op. 33 No. 2. Vivace",123293,19,1987-05-27,day,
9821,"Mazurka No. 24 in C Major, Op. 33 No. 3. Semplice",88000,17,1987-05-27,day,
9822,"Mazurka No. 25 in B Minor, Op. 33 No. 4. Mesto",274466,19,1987-05-27,day,
9823,"Mazurka No. 20 in D-Flat Major, Op. 30 No. 3. Allegro non troppo",155626,18,1987-05-27,day,
9824,"Mazurka No. 48 in F Major, Op. 68 No. 3. Allegro ma non troppo",74000,16,1987-05-27,day,
9825,"Mazurka No. 49 in F Minor, Op. 68 No. 4. Andantino (Ed. Ekier)",137360,16,1987-05-27,day,
9826,"Mazurka No. 51 in A Minor, KK IIb/5 ""A Emile Gaillard"". Allegretto",185186,15,1987-05-27,day,
9827,"Mazurka No. 50 in A Minor, KK IIb/4 ""A Notre Temps"". Allegretto",193240,13,1987-05-27,day,
9828,"Mazurka in B-Flat Major, KK IIa/3",69360,14,1987-05-27,day,
9829,"Mazurka in G Major, KK IIa/2",102853,13,1987-05-27,day,
9830,"Mazurka in A-Flat Major, KK IVb/4. Poco mosso",75560,14,1987-05-27,day,
9831,"Mazurka in C Major, KK IVb/3. Vivace",139906,13,1987-05-27,day,
9832,"Nocturne No. 6 in G minor, Op. 15 No. 3",281000,22,1978-01-01,day,
9833,"Barcarolle in F sharp, Op. 60",540506,35,1988-01-01,day,
9834,"Nocturne No. 13 in C minor, Op. 48 No. 1",380000,20,1978-01-01,day,
9835,"Nocturne No. 14 in F-Sharp Minor, Op. 48 No. 2",467000,18,1978-01-01,day,
9836,"Nocturne No. 16 in E-Flat Major, Op. 55 No. 2",328000,17,1978-01-01,day,
9837,"Nocturne No. 17 in B Major, Op. 62 No. 1",463000,17,1978-01-01,day,
9838,"Nocturne No. 3 in B Major, Op. 9 No. 3",433000,25,1978-01-01,day,
9839,"Nocturne No. 4 in F Major, Op. 15 No. 1",304000,22,1978-01-01,day,
9840,"Nocturne No. 5 in F-Sharp Major, Op. 15 No. 2",225493,25,1978-01-01,day,
9841,"Nocturne No. 7 in C-Sharp Minor, Op. 27 No. 1",325000,21,1978-01-01,day,
9842,"Nocturne No. 8 in D-Flat Major, Op. 27 No. 2",377000,23,1978-01-01,day,
9843,"Nocturne No. 9 in B Major, Op. 32 No. 1",339000,20,1978-01-01,day,
9844,"Piano Sonata No. 3 in B Minor, Op. 58: I. Allegro maestoso",778173,19,1985-01-01,day,
9845,"Piano Sonata No. 3 in B Minor, Op. 58: II. Scherzo. Molto vivace",160066,31,1988-01-01,day,
9846,"Piano Sonata No. 3 in B Minor, Op. 58: III. Largo",494666,17,1985-01-01,day,
9847,"Piano Sonata No. 3 in B Minor, Op. 58: IV. Finale. Presto non tanto",291000,20,1985-01-01,day,
9848,"Piano Sonata No. 2 in B-Flat Minor, Op. 35: I. Grave – Doppio movimento",438560,22,1985-01-01,day,
9849,"Nocturne No. 10 in A-Flat Major, Op. 32 No. 2",316000,20,1978-01-01,day,
9850,"The Wounded Heart, Op. 34, No. 1 (From ""Elegiac Melodies"")",149800,23,2015-09-18,day,
9851,"Ave Maria, D. 839, Op. 52, No. 6 (Ellens Gesang III from ""Ein Fräulein vom See"") [Arr. for Cello and Piano]",254920,32,2015-09-18,day,
9852,Rhapsody in Blue,1282306,20,2016-09-16,day,
9853,Dream A Little Dream Of Me - Single Version,185160,65,2007-05-03,day,
9854,"24 Preludes, Op. 28: No. 1 in C Major. Agitato",39773,31,1980-01-01,year,
9855,"24 Preludes, Op. 28: No. 2 in A Minor. Lento",137226,29,1980-01-01,year,
9856,"24 Preludes, Op. 28: No. 3 in G Major. Vivace",57493,28,1980-01-01,year,
9857,"24 Preludes, Op. 28: No. 4 in E Minor. Largo",120426,48,1980-01-01,year,
9858,"24 Preludes, Op. 28: No. 5 in D Major. Molto allegro",37093,27,1980-01-01,year,
9859,Intro - Live,228569,27,2023-12-22,day,
9860,Welcome - Live,188250,27,2023-12-22,day,
9861,Summertime - Live,144576,30,2023-12-22,day,
9862,That's Life - Live,296250,33,2023-12-22,day,
9863,"Nocturne No. 1 in B-Flat Minor, Op. 9 No. 1",346493,28,1978-01-01,day,
9864,"Nocturne No. 2 in E-Flat Major, Op. 9 No. 2",286493,35,1978-01-01,day,
9865,"OFTEN, I HAVE THESE DREAMZ (with DJ Drama)",149080,27,2024-01-12,day,
9866,KEEP BOUNCIN’,176146,27,2024-01-12,day,
9867,"Cello Sonata in G Minor, Op. 19: I. Lento. Allegro moderato",725066,23,2021-11-19,day,
9868,"Cello Sonata in G Minor, Op. 19: II. Allegro scherzando",385493,26,2021-11-19,day,
9869,"Cello Sonata in G Minor, Op. 19: III. Andante",339506,29,2021-11-19,day,
9870,"Rachmaninov: Rhapsody on a Theme of Paganini, Op. 43: Variation XVIII. Andante cantabile",219093,35,2008-01-07,day,
9871,"Cello Sonata in G Minor, Op. 19: IV. Allegro mosso",604360,22,2021-11-19,day,
9872,should've wore a bonnet,186770,62,2024-01-12,day,
9873,This Is How We Do It - Live,67592,30,2023-12-22,day,
9874,Don't Stop Believin',222496,38,2023-03-17,day,
9875,That's Life (feat. NandoSTL),258392,34,2023-03-17,day,
9876,War Pigs,379647,48,2023-03-17,day,
9877,That's Life - 2008 Remastered,187226,65,2008-05-13,day,
9878,War Pigs - Live,439000,39,2023-12-22,day,
9879,Hot Tequila - Live,35000,27,2023-12-22,day,
9880,Don't Stop Believin' - Live,227955,33,2023-12-22,day,
9881,Shout - Live,97809,29,2023-12-22,day,
9882,Stay With Me - Live,180500,33,2023-12-22,day,
9883,Skrangs (in K Major Sus),167832,25,2023-03-17,day,
9884,"Piano Concerto No. 4, Op. 40: I. Allegro vivace",661293,5,2022-01-01,day,
9885,"Piano Concerto No. 4, Op. 40: II. Largo",441040,4,2022-01-01,day,
9886,Oprah's Bank Account (Lil Yachty & DaBaby feat. Drake),205635,55,2020-05-29,day,
9887,Never Lose Me (feat. Lil Yachty),165245,60,2023-12-01,day,
9888,Coffin,89535,67,2020-11-27,day,
9889,Flex Up (feat. Future & Playboi Carti),170858,73,2020-11-27,day,
9890,drive ME crazy!,229804,75,2023-01-27,day,
9891,A Change Is Gonna Come,222713,37,2023-03-17,day,
9892,"Piano Sonata No. 2 in B-Flat Minor, Op. 35: III. Marche funèbre. Lento",505600,21,1985-01-01,day,
9893,"Polonaise in A-Flat Major, Op. 53",387640,34,1994-01-01,year,
9894,"Polonaise No. 5 in F-Sharp Minor, Op. 44",563453,22,2013-01-01,day,
9895,"Polonaise No. 6 in A-Flat Major, Op. 53 ""Heroic""",386773,29,2013-01-01,day,
9896,"24 Preludes, Op. 28: No. 6 in B Minor. Lento assai",106666,29,1980-01-01,year,
9897,"24 Preludes, Op. 28: No. 7 in A Major. Andantino",41840,30,1980-01-01,year,
9898,"24 Preludes, Op. 28: No. 8 in F-Sharp Minor. Molto agitato",104400,26,1980-01-01,year,
9899,"24 Preludes, Op. 28: No. 9 in E Major. Largo",75506,25,1980-01-01,year,
9900,"24 Preludes, Op. 28: No. 10 in C-Sharp Minor. Molto allegro",33733,28,1980-01-01,year,
9901,"24 Preludes, Op. 28: No. 11 in B Major. Vivace",33333,25,1980-01-01,year,
9902,"24 Preludes, Op. 28: No. 12 in G-Sharp Minor. Presto",69440,26,1980-01-01,year,
9903,"24 Preludes, Op. 28: No. 13 in F-Sharp Minor. Lento",158200,25,1980-01-01,year,
9904,"24 Preludes, Op. 28: No. 14 in E-Flat Minor. Allegro",29960,4,1980-01-01,year,
9905,"24 Preludes, Op. 28: No. 15 in D-Flat Major ""Raindrop Prelude""",299493,34,1980-01-01,year,
9906,"24 Preludes, Op. 28: No. 16 in B-Flat Minor. Presto con fuoco",65640,28,1980-01-01,year,
9907,"24 Preludes, Op. 28: No. 17 in A-Flat Major. Allegretto",169573,27,1980-01-01,year,
9908,"24 Preludes, Op. 28: No. 18 in F Minor. Molto allegro",51026,23,1980-01-01,year,
9909,"24 Preludes, Op. 28: No. 19 in E-Flat Major. Vivace",78466,29,1980-01-01,year,
9910,"24 Preludes, Op. 28: No. 20 in C Minor. Largo",104560,28,1980-01-01,year,
9911,"Fantaisie in F minor, Op. 49",842000,29,1988-01-01,day,
9912,"Ballade No. 3 In A-Flat Major, Op. 47",451826,37,1988-01-01,day,
9913,"Piano Sonata No. 14 in C-Sharp Minor, Op. 27 No. 2 ""Moonlight Sonata"": I. Adagio sostenuto",403333,58,1984-01-01,day,
9914,"Piano Sonata No. 14 in C-Sharp Minor, Op. 27 No. 2 ""Moonlight Sonata"": III. Presto agitato",461400,50,1984-01-01,day,
9915,"Piano Sonata No. 27 In E Minor, Op. 90: 1. Mit Lebhaftigkeit und durchaus mit Empfindung und Ausdruck",379466,24,1984-01-01,day,
9916,"Piano Sonata No. 23 in F Minor, Op. 57 ""Appassionata"": I. Allegro assai",639600,25,1984-01-01,day,
9917,"Polonaise in A-Flat Major, Op. 53 ""Heroic""",384453,27,1963-01-01,year,
9918,"Scriabin: 24 Preludes, Op. 11: No. 21 in B-Flat Major",107000,54,1997-04-07,day,
9919,"Sonatina No. 3 in C Major, Op. 36: I. Spiritoso - for Piano",171373,16,2014-09-22,day,
9920,"Sonatina no. 3 in c major, op. 36: ii. un poco adagio - for Piano",96240,11,2014-09-22,day,
9921,STARS,115238,1,2024-02-09,day,
9922,KEYS TO MY LIFE,174083,1,2024-02-09,day,
9923,PAID,195139,58,2024-02-09,day,
9924,TALKING,185110,1,2024-02-09,day,
9925,HOODRAT,223002,53,2024-02-09,day,
9926,"Nocturnes, Op. 9: No. 2 in E-Flat Major",257406,45,2024-02-02,day,
9927,"10 Preludes, Op. 23: No. 10 in G-Flat Major (Largo)",237773,1,2024-02-09,day,
9928,"Nocturne No. 9 in B Major, Op. 32 No. 1",308200,0,2024-02-09,day,
9929,"Piano Sonata No. 8 in C Minor, Op. 13 ""Pathétique"": II. Adagio cantabile",327373,7,2013-10-11,day,
9930,"12 Etudes, Op. 10: No. 5 in G-Flat Major ""Black Keys""",104260,0,2024-02-09,day,
9931,DOWN BY LAW,211554,30,2024-02-04,day,
9932,SHED TEARS,289637,25,2024-02-04,day,
9933,NRICH,280450,25,2024-02-04,day,
9934,TALK'N THAT SHIT!,174455,25,2024-02-04,day,
9935,"Prelude In C Major, BWV 924 : Praeambulum In C Major, BWV 924",67093,41,1993-02-10,day,
9936,"16 Waltzes, Op. 39: No. 15 in A Major (1867 Version)",85240,39,1995-12-31,day,
9937,"Album for the Young, Op. 39: No. 3. Mamma (Maman)",93506,43,1993-01-01,day,
9938,"Variations on a Theme of Chopin, Op. 22: Variation No. 16 Lento",83093,29,2015-08-28,day,
9939,"Etudes symphoniques (Symphonic Etudes), Op. 13, Adagio and Allegro brillante: Variation 11 [arr. P.I. Tchaikovsky for orchestra]",111093,41,2012-09-04,day,
9940,"Solfeggio No. 1 in C Minor, Wq. 117/2",58226,32,2014-04-29,day,
9941,"7 Variations on an original theme, Op. 9, J. 55: Andante",57600,22,2011-03-01,day,
9942,3 Etudes Opus 104b: No. 1 in B-Flat Minor,132733,51,2008-05-06,day,
9943,"5 Pieces, Op. 75, ""The Trees"": No. 1 Nar ronnen blommar (When the Rowan Blossoms)",111266,33,2003-06-11,day,
9944,"Mazurka No. 23 in D Major, Op. 33, No. 2",149973,36,1991-02-01,day,
9945,"Album Leaf for Kateřina Kolářová in B Major, JB 1:20",117626,45,2013-05-17,day,
9946,"24 Preludes and Fugues, Op. 87: Prelude No. 4 in E Minor: Andante",117240,39,2000-11-30,day,
9947,"6 Violin Sonatas, Op. 10b No. 1 in F Major, J. 99: II. Romanza. Larghetto",115066,34,2016-08-12,day,
9948,"7 Preludes, Op. 17: No. 3 in D-Flat Major",127266,25,2010-08-01,day,
9949,"8 Slavonic Dances, Op. 72: No. 2 in E Minor (Allegretto grazioso)",78960,18,2024-01-24,day,
9950,"Kinderszenen, Op. 15: IV. Bittendes Kind",59200,31,1984-01-01,day,
9951,"4 Lyric Pieces, Op. 74: No. 2 Sanfter Westwind (Gentle West Wind)",116626,30,2003-06-11,day,
9952,"Flute Sonata in E-Flat Major, BWV 1031: II. Siciliano (arr. I. Friedman for piano)",132760,50,2016-08-12,day,
9953,"Visions Fugitives, Op. 22: XIV. Feroce",61240,16,1997-02-17,day,
9954,"13 Pieces, Op. 76: No. 4 Humoresque",69440,23,2003-06-11,day,
9955,"Kinderszenen, Op. 15: I. Von fremden Ländern und Menschen",113240,53,1984-01-01,day,
9956,Variations on a Theme by Chopin: Var. 1. Tranquillo e molto amabile,61280,27,2017-10-06,day,
9957,"Nocturne No. 5 in B-Flat Major, H. 37A",174693,37,1999-08-23,day,
9958,Aleko: Intermezzo,114266,34,1984-01-01,day,
9959,"Charakterstücke, Op. 3, JB 1:65: No. 3, Es siedet und brauset un sicht",109133,26,2009-03-13,day,
9960,"16 Waltzes, Op. 39 (Version for Piano Duet): No. 15 in A-Flat Major",81800,50,1993-01-01,year,
9961,"Chopin: 12 Études, Op. 25: No. 1 in A-Flat Major ""Aeolian Harp""",153733,33,2000-01-01,day,
9962,"Ballade No. 1 In G Minor, Op. 23",,,,day,
9963,"Ballade No. 2 in F Major, Op. 38",,,,day,
9964,"Ballade No. 3 in A-Flat Major, Op. 47",439693,18,1960-01-01,year,
9965,"Ballade No. 4 in F Minor, Op. 52",,,,day,
9966,Shade,242121,47,2024-02-16,day,
9967,Psycho CEO,225985,58,2024-02-16,day,
9968,ILUV,183750,65,2024-02-16,day,
9969,Tell më,243664,63,2024-02-16,day,
9970,Keep Pushin,166956,46,2024-02-16,day,
9971,"Suite No. 7 in B-Flat Major, HWV 440: III. Sarabande",156160,36,2023-02-03,day,
9972,"Ballade No. 3 in A Flat Major, Op. 47",469613,39,2016-12-23,day,
9973,"L'isle joyeuse, CD 109",375186,41,2017-11-17,day,
9974,"Suite No. 2 in F Major, HWV 427: I. Adagio",156466,36,2023-01-20,day,
9975,"Allegro in D Major, K. 626b/16",101279,30,2021-01-29,day,
9976,"24 Préludes, Op. 28: No. 7 in A Major: Andantino - Live",41053,7,2020-05-22,day,
9977,"Children's Corner, CD 119: VI. Cakewalk",179266,35,2017-11-17,day,
9978,Simpsonwave (You look lonely),160960,14,2022-12-24,day,
9979,Main Titles,222373,47,1994-06-06,day,
9980,2049,217793,48,2017-10-05,day,
9981,Suspicious Minds,262719,32,2017-10-05,day,
9982,Can't Help Falling in Love,182116,34,2017-10-05,day,
9983,Interstellar Main Theme - Piano,286255,50,2019-04-03,day,
9984,Time (From Inception) - Piano Version,223528,47,2020-04-23,day,
9985,Time (From "Inception") [Remake] - Piano Version,252264,41,2019-09-26,day,
9986,No Time to Die - Piano Version,240024,35,2020-03-11,day,
9987,Interstellar Main Theme - Piano Version,284615,54,2019-05-17,day,
9988,La Valse d'Amélie - Version piano,158666,62,2001-04-23,day,
9989,Hent II,75386,29,2016-09-30,day,
9990,"The Well-Tempered Clavier, Book 1, Prelude & Fugue No. 1 in C Major, BWV 846: I. Prelude",117913,26,1998-01-01,year,
9991,"The Well-Tempered Clavier, Book 1, Prelude & Fugue No. 1 in C Major, BWV 846: II. Fugue",149206,17,1998-01-01,year,
9992,"The Well-Tempered Clavier, Book 1, Prelude & Fugue No. 2 in C Minor, BWV 847: I. Prelude",77430,22,1998-01-01,year,
9993,"The Well-Tempered Clavier, Book 1, Prelude & Fugue No. 2 in C Minor, BWV 847: II. Fugue",97495,19,1998-01-01,year,
9994,"The Well-Tempered Clavier, Book 1, Prelude & Fugue No. 3 in C-Sharp Major, BWV 848: I. Prelude",73637,16,1998-01-01,year,
9995,"The Well-Tempered Clavier, Book 1, Prelude & Fugue No. 3 in C-Sharp Major, BWV 848: II. Fugue",122150,15,1998-01-01,year,
9996,"The Well-Tempered Clavier, Book 1, Prelude & Fugue No. 5 in D Major, BWV 850: I. Prelude",68878,14,1998-01-01,year,
9997,"The Well-Tempered Clavier, Book 1, Prelude & Fugue No. 6 in D Minor, BWV 851: I. Prelude",84821,14,1998-01-01,year,
9998,"Invention No. 1 in C Major, BWV 772a",91486,19,1985-01-01,day,
9999,"Invention No. 2 in C Minor, BWV 773",117466,19,1985-01-01,day,
10000,"Invention No. 3 in D Major, BWV 774",73666,17,1985-01-01,day,
10001,"Invention No. 4 in D Minor, BWV 775",44360,21,1985-01-01,day,
10002,"Invention No. 5 in E-Flat Major, BWV 776",84466,18,1985-01-01,day,
10003,"Invention No. 6 in E Major, BWV 777",198506,21,1985-01-01,day,
10004,"Invention No. 7 in E Minor, BWV 778",107826,17,1985-01-01,day,
10005,Porz Goret,296480,51,2016-09-30,day,
10006,"Sinfonia (3-Part Invention) No. 1 in C Major, BWV 787",68600,16,1985-01-01,day,
10007,"Invention No. 1 in C Major, BWV 772",92866,24,1963-01-01,year,
10008,"Sinfonia No. 1 in C Major, BWV 787",45533,19,1963-01-01,year,
10009,"Invention No. 2 in C Minor, BWV 773",174253,22,1963-01-01,year,
10010,Lovers In A Past Life (with Rag'n'Bone Man),160650,59,2024-02-16,day,
10011,"The Well-Tempered Clavier, Book 1, Prelude & Fugue No. 4 in C-Sharp Minor, BWV 849: I. Prelude",192398,16,1998-01-01,year,
10012,"The Well-Tempered Clavier, Book 1, Prelude & Fugue No. 4 in C-Sharp Minor, BWV 849: II. Fugue",380403,15,1998-01-01,year,
10013,"Rhapsody on a Theme by Paganini, Op. 43: Var. 18. Andante cantabile - Remastered 2013",186986,0,2024-02-09,day,
10014,"The Well-Tempered Clavier, Book 1, Prelude & Fugue No. 5 in D Major, BWV 850: II. Fugue",110724,13,1998-01-01,year,
10015,"Waltz in G-Flat Major, D. 1/14 ""Kupelwieser-Walzer""",96253,36,2017-03-03,day,
10016,"Slavonic Dances, Op. 72, B. 145: No. 2 in E Minor, Dumka (Arr. P. Breiner for Piano)",121893,39,2022-11-18,day,
10017,Lok Gweltaz,229480,35,2016-09-30,day,
10018,"The Well-Tempered Clavier, Book 1, Prelude & Fugue No. 6 in D Minor, BWV 851: II. Fugue",151044,13,1998-01-01,year,
10019,"The Well-Tempered Clavier, Book 1, Prelude & Fugue No. 7 in E-Flat Major, BWV 852: I. Prelude",220592,13,1998-01-01,year,
10020,"Piano Sonata No. 2 in B-Flat Minor, Op. 35: IV. Finale. Presto",83333,16,1985-01-01,day,
10021,Hent III,53866,23,2016-09-30,day,
10022,Penn Ar Roc'h,183893,41,2016-09-30,day,
10023,Hent IV,202080,23,2016-09-30,day,
10024,Ave María (Arr. Víkingur Ólafsson) - Upright Piano,216213,57,2022-07-22,day,
10025,Prelude in G Major,234880,57,2019-04-26,day,
10026,"Prelude & Fughetta in G Major, BWV 902: I. Prelude",206426,40,2018-09-07,day,
10027,"Nun freut euch, lieben Christen g'mein, Chorale Prelude BWV 734 (Transcr. Wilhelm Kempff)",111133,29,2018-09-07,day,
10028,"Brandenburg Concerto No. 3 in G, BWV 1048: 1. (Allegro)",407693,26,1995-01-01,day,
10029,"Brandenburg Concerto No. 3 in G, BWV 1048: 3. Allegro",304106,20,1995-01-01,day,
10030,"Brandenburg Concerto No. 4 in G, BWV 1049: 1. Allegro",445426,30,1995-01-01,day,
10031,Don't Come Out The House - Instrumental,168080,33,2018-11-06,day,
10032,Dreamcatcher - Instrumental,211920,32,2018-11-06,day,
10033,Dream of Arrakis,188746,45,2021-09-17,day,
10034,Herald of the Change,301013,48,2021-09-17,day,
10035,Gom Jabbar,120466,45,2021-09-17,day,
10036,The One,150613,43,2021-09-17,day,
10037,Leaving Caladan,115120,48,2021-09-17,day,
10038,Arrakeen,136120,41,2021-09-17,day,
10039,Ripples in the Sand,314786,54,2021-09-17,day,
10040,Visions of Chani,267306,42,2021-09-17,day,
10041,Night on Arrakis,303240,40,2021-09-17,day,
10042,Bene Gesserit,234480,43,2021-09-17,day,
10043,CARNIVAL,264324,13,2024-02-09,day,
10044,Breathe,170847,71,2024-02-16,day,
10045,Himothy,159749,45,2024-02-23,day,
10046,Used to This (feat. Drake),180520,57,2017-06-30,day,
10047,The Fall,152333,40,2021-09-17,day,
10048,Holy War,260532,44,2021-09-17,day,
10049,Beginnings Are Such Delicate Times,536280,54,2024-02-23,day,
10050,Eclipse,313952,45,2024-02-23,day,
10051,Moonlight,143986,44,2017-07-07,day,
10052,STARS,202666,66,2009-01-16,day,
10053,KEYS TO MY LIFE,174101,55,2024-02-09,day,
10054,TALKING,185131,57,2024-02-09,day,
10055,BACK TO ME,295472,65,2024-02-09,day,
10056,DO IT,225000,1,2024-02-09,day,
10057,PAPERWORK,145785,1,2024-02-09,day,
10058,BURN,111458,4,2024-02-09,day,
10059,BEG FORGIVENESS,368739,0,2024-02-09,day,
10060,SLUMMER,275899,23,2024-02-04,day,
10061,SCIENTISTS & ENGINEERS,253663,30,2024-02-04,day,
10062,TWO DAYS,134456,23,2024-02-04,day,
10063,SPACESHIP VIEWS,192393,23,2024-02-04,day,
10064,EXIT 9,162188,24,2024-02-04,day,
10065,SOMETHING FOR JUNKIES,278484,21,2024-02-04,day,
10066,Worm Ride,139806,50,2024-02-23,day,
10067,Ornithopter Attack,130700,41,2024-02-23,day,
10068,Each Man Is a Little War,81313,40,2024-02-23,day,
10069,We Don't Trust You,226213,68,2024-03-22,day,
10070,Young Metro,205346,69,2024-03-22,day,
10071,Ice Attack,199253,63,2024-03-22,day,
10072,Type Shit,228266,80,2024-03-22,day,
10073,Claustrophobic,222053,57,2024-03-22,day,
10074,Like That,267706,82,2024-03-22,day,
10075,Slimed In,194906,57,2024-03-22,day,
10076,Magic Don Juan (Princess Diana),220733,59,2024-03-22,day,
10077,Cinderella,169840,73,2024-03-22,day,
10078,Runnin Outta Time,205480,58,2024-03-22,day,
10079,Fried (She a Vibe),210173,66,2024-03-22,day,
10080,RIP Luv,214192,64,2020-10-02,day,
10081,Said N Done,231831,56,2020-10-02,day,
10082,Everyday Hustle,226946,68,2024-03-22,day,
10083,GTA,233026,64,2024-03-22,day,
10084,Seen it All,179440,54,2024-03-22,day,
10085,WTFYM,292600,56,2024-03-22,day,
10086,Where My Twin @ - Bonus,122786,53,2024-03-22,day,
10087,XanaX Damage,104013,46,2019-06-07,day,
10088,Testify,178142,45,2017-07-27,day,
10089,AMERIICAN REQUIEM,325037,64,2024-03-29,day,
10090,BLACKBIIRD,131949,64,2024-03-29,day,
10091,16 CARRIAGES,227250,63,2024-03-29,day,
10092,PROTECTOR,184399,62,2024-03-29,day,
10093,MY ROSE,53442,60,2024-03-29,day,
10094,SMOKE HOUR ★ WILLIE NELSON,50721,58,2024-03-29,day,
10095,TEXAS HOLD 'EM,233456,73,2024-03-29,day,
10096,BODYGUARD,240254,69,2024-03-29,day,
10097,DOLLY P,22623,17,2024-03-29,day,
10098,JOLENE,189638,64,2024-03-29,day,
10099,DAUGHTER,203851,62,2024-03-29,day,
10100,SPAGHETTII,158477,65,2024-03-29,day,
10101,"Romance in F Minor, Op. 11, B. 38 (Arr. P. Breiner for Piano)",133213,20,2022-11-18,day,
10102,Meet the Woo,121080,56,2019-07-26,day,
10103,"Pricey (feat. Ari Lennox, Young Dro & Gucci Mane)",295146,56,2024-04-05,day,
10104,Jump,147071,65,2024-03-20,day,
10105,Water,200255,83,2023-07-28,day,
10106,Ain't No Love,182840,56,2024-03-22,day,
10107,Love Me,255053,86,2013-01-01,day,
10108,Alors on danse - Radio Edit,206066,78,2010-01-01,day,
10109,"Piano Trio No. 4 in E Minor, Op. 90, B. 166 ""Dumky"" (Excerpts Arr. P. Breiner for Piano): II. Poco adagio",177373,7,2022-11-18,day,
10110,"Evening Songs, B. 61: No. 8, You Little, Tiny Birds, Op. 31 (Arr. P. Breiner for Piano)",100106,11,2022-11-18,day,
10111,Look Out for Detox,180711,32,2019-12-06,day,
10112,Stress Fracture,193091,28,2018-10-26,day,
10113,Gwendolynn's Apprehension,225533,41,2018-10-26,day,
10114,Soft Porn,222879,26,2018-10-26,day,
10115,MOVIN',153028,48,2021-07-23,day,
10116,Tadow,301893,47,2018-09-07,day,
10117,What You Wanna Try,159242,65,2023-03-03,day,
10118,Love It Here,99093,35,2019-07-19,day,
10119,Why Worry,150561,41,2020-04-22,day,
10120,G35,264000,10,2016-07-27,day,
10121,As 4 Me,103347,48,2022-12-21,day,
10122,Huntin’ Wabbitz,162026,70,2024-04-05,day,
10123,H.Y.B. (feat. Bas & Central Cee),234586,65,2024-04-05,day,
10124,7 Minute Drill,212213,0,2024-04-05,day,
10125,Grace & Mercy,111590,26,2018-10-26,day,
10126,Barcelona,154200,22,2018-10-26,day,
10127,Percy Interlude,44957,17,2018-10-26,day,
10128,Reginald,168474,30,2018-10-26,day,
10129,Padded Locks,225592,27,2018-10-26,day,
10130,Ghost,214992,25,2018-10-26,day,
10131,Heron Flow 2,129853,17,2018-10-26,day,
10132,Plain Clothes,231669,30,2018-10-26,day,
10133,Pull Up,267253,24,2018-10-26,day,
10134,Consensual Seduction,226416,26,2018-10-26,day,
10135,U Turn,166549,32,2018-10-26,day,
10136,Fever,142640,53,2024-04-05,day,
10137,Ready ‘24 (feat. Cam’ron),210133,54,2024-04-05,day,
10138,KARMA,187972,47,2024-03-22,day,
10139,Free Lunch,192029,63,2016-09-02,day,
10140,RIP Young,158050,66,2021-07-30,day,
10141,Smile,203371,56,2016-01-15,day,
10142,Rope (feat. SiR) // rosegold,283527,45,2016-09-02,day,
10143,HEAVY,225829,38,2024-03-22,day,
10144,SIX WHOLE DAYS,187689,35,2024-03-22,day,
10145,NO EVIL,145267,48,2024-03-22,day,
10146,POETRY IN MOTION,191888,50,2024-03-22,day,
10147,I'M NOT PERFECT,205000,41,2024-03-22,day,
10148,YOU,211200,43,2024-03-22,day,
10149,ONLY HUMAN,265329,36,2024-03-22,day,
10150,We Still Don't Trust You,252920,73,2024-04-12,day,
10151,Drink N Dance,220626,57,2024-04-12,day,
10152,Out Of My Hands,243040,64,2024-04-12,day,
10154,This Sunday,198946,52,2024-04-12,day,
10155,Luv Bad Bitches,196133,56,2024-04-12,day,
10156,Amazing (Interlude),144680,50,2024-04-12,day,
10157,All to Myself,254320,70,2024-04-12,day,
10158,Nights Like This,232266,59,2024-04-12,day,
10159,Came to the Party,198080,53,2024-04-12,day,
10160,Right 4 You,236146,51,2024-04-12,day,
10161,Mile High Memories,219480,53,2024-04-12,day,
10162,Overload,224546,51,2024-04-12,day,
10163,Gracious,186360,50,2024-04-12,day,
10164,Beat It,218213,54,2024-04-12,day,
10165,Always Be My Fault,246666,63,2024-04-12,day,
10166,IGNORANT,184888,40,2024-03-22,day,
10167,Chad (feat. YGTUT),159717,46,2021-07-30,day,
10168,DOLOMEALS,75500,38,2020-01-10,day,
10169,LIFE IS GOOD (feat. Scribz Riley),256437,46,2024-03-22,day,
10170,John Redcorn,187893,65,2019-08-30,day,
10171,D'Evils,171818,67,2018-01-19,day,
10172,Hair Down,216933,65,2019-08-30,day,
10173,You Can't Save Me,174946,60,2019-08-30,day,
10174,Ooh Nah Nah (feat. Masego),240000,62,2017-01-23,day,
10175,SATISFACTION,130981,52,2024-03-22,day,
10176,RICKY'S SONG,209285,36,2024-03-22,day,
10177,NOTHING EVEN MATTERS,219130,54,2024-03-22,day,
10178,TRYIN' MY HARDEST,168648,35,2024-03-22,day,
10179,BRIGHTER,144705,32,2024-03-22,day,
10180,Doubt,120509,0,2023-10-20,day,
10181,Behind Bars,60038,37,2023-03-03,day,
10182,Shook Up,153985,44,2024-02-23,day,
10183,Schönefeld,78506,46,2021-10-15,day,
10184,NATURAL,124743,49,2023-09-12,day,
10185,Unsynchronized,55979,26,2023-03-03,day,
10186,Stealth Mode (feat. Bas),135213,59,2024-04-05,day,
10187,GHOST RIDE,150907,52,2021-08-27,day,
10188,Le Départ,59836,56,2023-03-03,day,
10189,Crocodile Tearz,229186,65,2024-04-05,day,
10190,Kings Of Different Things,62205,41,2021-05-07,day,
10191,Nature Of The Threat,463373,12,1996-01-01,day,
10192,Soul On Ice,222360,10,1996-01-01,day,
10193,Unfiltered,67787,33,2019-03-28,day,
10194,Evil In Your Eyes,144995,0,2023-08-28,day,
10195,DEEP,140532,0,2023-10-20,day,
10196,Livin' Proof,254933,49,1995-01-01,day,
10197,Belong to the City,98023,78,2014-07-29,day,
10198,Her Way,216630,77,2014-07-29,day,
10199,Come and See Me (feat. Drake),235477,76,2016-08-12,day,
10200,R e a l W o m a n,194733,50,2024-03-15,day,
10201,L o s e M y M i n d,183990,56,2024-04-11,day,
10202,Like Smoke,278000,56,2011-01-01,day,
10203,I Hate Everything (feat. Action Bronson),82133,51,2020-10-25,day,
10204,Fever,167149,39,2023-09-14,day,
10205,TSK,184444,35,2023-09-14,day,
10206,Superhero Status,171560,35,2023-09-14,day,
10207,No Tears,191899,32,2023-09-14,day,
10208,Never Die (feat. Lil Wayne),190067,42,2023-09-14,day,
10209,Pretty Young Girl,140698,32,2023-09-14,day,
10210,Death Row East,200417,43,2021-08-06,day,
10211,Define My Name,190693,45,2024-04-19,day,
10212,#1 (Intro),41213,41,2024-04-12,day,
10213,Nobody Knows My Struggle,205720,51,2024-04-12,day,
10214,Push Ups,232774,71,2024-04-19,day,
10215,Push Ups,,,,day,
10216,Rich Baby Daddy (feat. Sexyy Red & SZA),319191,78,2023-10-06,day,
10217,Passionfruit,298940,85,2017-03-18,day,
10218,Rare,206777,45,2021-08-06,day,
10219,Fortnight (feat. Post Malone),228965,73,2024-04-19,day,
10220,The Tortured Poets Department,293048,71,2024-04-19,day,
10221,My Boy Only Breaks His Favorite Toys,203801,73,2024-04-19,day,
10222,Down Bad,261228,73,2024-04-19,day,
10223,"So Long, London",262974,73,2024-04-19,day,
10224,But Daddy I Love Him,340428,72,2024-04-19,day,
10225,Fresh Out The Slammer,210789,71,2024-04-19,day,
10226,Florida!!! (feat. Florence + The Machine),215463,71,2024-04-19,day,
10227,Guilty as Sin?,254365,76,2024-04-19,day,
10228,40 Side,160161,39,2021-08-06,day,
10229,YKTV (feat. A Boogie Wit da Hoodie & YG),203430,36,2021-08-06,day,
10230,Nothing Burns Like The Cold,209911,66,2017-10-20,day,
10231,I Want You Around,212787,67,2019-08-16,day,
10232,DO 4 LOVE,189462,68,2021-10-29,day,
10233,Law Of Attraction (feat. Snoh Aalegra),181676,64,2021-07-22,day,
10234,Sometimes,192280,45,2017-10-20,day,
10235,Worse,132760,47,2017-10-20,day,
10236,You Got Me,178413,41,2017-10-20,day,
10237,You Keep Me Waiting,267933,40,2017-10-20,day,
10238,Out Of Your Way,226746,36,2017-10-20,day,
10239,Fool For You,194303,58,2017-10-20,day,
10240,Time,224066,48,2017-10-20,day,
10241,Feels,227501,38,2017-10-20,day,
10242,Like I Used Too,161066,31,2017-10-20,day,
10243,Walls,197333,31,2017-10-20,day,
10244,Recent Times,163226,27,2017-10-20,day,
10245,Why Don't You,228990,64,2020-03-27,day,
10246,Kool Aid,153441,51,2020-01-31,day,
10247,Red Leather,414893,67,2024-04-12,day,
10248,L o s e M y M i n d,183990,65,2024-04-26,day,
10249,C o n t r o l,262081,34,2024-04-25,day,
10250,U With Me?,297373,64,2016-05-06,day,
10251,With You,195053,63,2016-05-06,day,
10252,Change,331480,67,2016-12-09,day,
10253,Ocean Prime (feat. Boldy James),99906,60,2019-08-30,day,
10254,"Girls, Girls, Girls (Part 2)",254293,40,2001-09-11,day,
10255,Lift Off,266253,54,2011-08-08,day,
10256,Family Feud,251413,52,2017-07-07,day,
10257,Bam,234973,55,2017-07-07,day,
10258,Marcy Me,174426,53,2017-07-07,day,
10259,euphoria,383639,76,2024-04-30,day,
10260,MILLION DOLLAR BABY,155151,12,2024-04-26,day,
10261,Roses,211853,19,2012-07-17,day,
10262,EA (feat. 21 Savage),227175,71,2017-08-11,day,
10263,VULTURES,276986,1,2024-02-09,day,
10264,Family Matters,456933,70,2024-05-03,day,
10265,Brenda's Got A Baby,233466,50,1991-11-12,day,
10266,I Ain't Mad At Cha,293666,58,1996-02-13,day,
10267,I Get Around,258640,55,1998-01-01,day,
10268,Heartz Of Men,283373,56,1996-02-13,day,
10269,Fuck You Tonight (feat. R. Kelly) - 2014 Remaster,345466,53,1997-03-04,day,
10270,Summer On Smash,259812,21,2012-07-17,day,
10271,Can It Be All So Simple (Remix) (feat. Ghostface Killah),251440,31,2004-10-26,day,
10272,8am in Charlotte,266847,68,2023-10-06,day,
10273,Gotta Get U,152000,0,2024-05-03,day,
10274,If We Being Rëal,172500,77,2024-02-16,day,
10275,SAY MY GRACE (feat. Travis Scott),173253,68,2023-10-13,day,
10276,Get It Sexyy,148551,69,2024-03-15,day,
10277,"6 Moments musicaux, Op. 16: No. 4 in E minor, Presto",185000,23,2010-01-01,day,
10278,"12 Études, Op. 10: No. 1 in C Major ""Waterfall""",117066,37,1984-01-01,day,
10279,"12 Études, Op. 10: No. 12 in C Minor ""Revolutionary""",159973,45,1984-01-01,day,
10280,"12 Études, Op. 25: No. 8 in D-Flat Major ""Sixths""",66266,24,1984-01-01,day,
10281,"12 Études, Op. 25: No. 11 in A Minor ""Winter Wind""",213200,42,1984-01-01,day,
10282,Great Adventures,107253,60,2021-12-17,day,
10283,"Love, of Money",64765,56,2019-10-18,day,
10284,Remember The Times (Intro),51013,15,2004-11-30,day,
10285,Remember The Times,203960,25,2004-11-30,day,
10286,Man Down (feat. Big Noyd),302933,34,1996-11-19,day,
10287,Think I Am - Melodiesinfonie Remix,117450,46,2017-12-22,day,
10288,The Stood,53733,17,2004-08-03,day,
10289,Fats Crib,35906,16,2004-08-03,day,
10290,Nnuff,288493,27,2005-02-15,day,
10291,Think I Am - Dead Rabbit Remix,198089,42,2017-12-22,day,
10292,Sense,66203,51,2019-10-18,day,
10293,Is She Gon Pop,165400,53,2013-06-18,day,
10294,Cream,113555,60,2019-02-28,day,
10295,&burn (with Vince Staples),179015,56,2017-12-15,day,
10296,ARE YOU WITH THAT?,138410,57,2021-07-09,day,
10297,Scar Tissue,178765,31,2024-05-03,day,
10298,Party over Here,188063,16,2019-09-13,day,
10299,Let's Go Through The Motions,307720,22,1993-04-20,day,
10300,What's Next On The Menu,329000,21,1993-04-20,day,
10301,The Creator,283813,36,2019-09-27,day,
10302,Public Service Announcement,33093,49,1999-02-23,day,
10303,To Live And Die In L.A.,273426,60,1996-11-05,day,
10304,Escape - Extended Version,208500,28,2015-05-12,day,
10305,Buzzards Arrive - Bonus Track,86000,24,2015-05-12,day,
10306,Storm Is Coming - Extended Version,376000,31,2015-05-12,day,
10307,Blood Bag - Extended Version,219500,34,2015-05-12,day,
10308,No Idea's Original - Edit,,,,day,
10309,Dances of the Dolls: V. Scherzwalzer,155686,0,2023-09-29,day,
10310,You Play With My Heart,82922,41,2023-03-03,day,
10311,Don't Sweat The Technique,262800,59,1992-06-23,day,
10312,Tick Tock,238453,0,2004-09-21,day,
10313,Shame On The Devil,205287,52,2024-05-24,day,
10314,Stan,404106,80,2000-05-23,day,
10315,Black&Blue,,,,day,
10316,Étouffée,268032,55,2024-05-24,day,
10317,Government Cheese,165379,47,2024-05-24,day,
10318,Children’s Song,132631,45,2024-05-24,day,
10319,Little Homies,224745,56,2024-05-24,day,
10320,Close Your Eyes and Swing,31145,39,2024-05-24,day,
10321,Liars,57047,39,2024-05-24,day,
10322,Justin,124231,43,2024-05-24,day,
10323,"Radio",176849,48,2024-05-24,day,
10324,Nothing Matters,162259,44,2024-05-24,day,
10325,So(ul) Amazin' (Steel Blazin'),,,,day,
10326,Juice N' Dranks,226733,21,2007-07-17,day,
10327,Cold Hearted,194080,33,2007-07-17,day,
10328,First Things First,232200,31,2007-07-17,day,
10329,Sold The Soul,114478,14,2017-10-20,day,
10330,Another Day,233734,31,2017-10-20,day,
10331,Freeman,154950,43,2024-05-24,day,
10332,Why Won’t the Sun Come Out?,204805,37,2024-05-24,day,
10333,Jump Off The Roof,223986,43,2015-06-30,day,
10334,Ramona Park Legend Pt. 2,87853,29,2015-06-30,day,
10335,Surf,151546,35,2015-06-30,day,
10336,Might Be Wrong,238200,29,2015-06-30,day,
10337,Get Paid,192773,32,2015-06-30,day,
10338,Crabs In A Bucket,197800,43,2017-06-23,day,
10339,Big Fish,198133,56,2017-06-23,day,
10340,Alyssa Interlude,158466,37,2017-06-23,day,
10341,Love Can Be...,178826,40,2017-06-23,day,
10342,745,227560,51,2017-06-23,day,
10343,Hang N' Bang,126800,32,2015-06-30,day,
10344,No Face,275750,45,2024-05-31,day,
10345,The Genesis (feat. National Symphony Orchestra) - Live,169938,19,2018-04-20,day,
10346,Orange Colored Sky,153866,60,1961-09-25,day,
10347,Blue Moon - 1999 Remastered,171426,60,1961-01-01,year,
10348,In The Mood,220706,46,1983-07-20,day,
10349,A String Of Pearls,198093,15,2013-11-01,day,
10350,Let's Go Sunning,104066,48,1998-04-22,day,
10351,What To Do,113226,38,2008-01-14,day,
10352,Right On Time,164861,28,2024-05-10,day,
10353,peppermint,135524,42,2022-02-17,day,
10354,Understood,208570,44,2018-10-26,day,
10355,Gray Area (feat. Mick Jenkins),139653,50,2019-12-13,day,
10356,high kick,209454,27,2024-05-29,day,
10357,Central Time,218980,46,2020-10-16,day,
10358,Guapanese,144140,45,2023-08-18,day,
10359,SUPER SPORT,142500,33,2022-11-11,day,
10360,WEARY,138567,17,2024-05-08,day,
10361,Cloud Surfing,135800,35,2024-04-19,day,
10362,HOT ONE (with TiaCorine & A$AP Ferg),165270,57,2024-06-05,day,
10363,Scar Tissue,178765,29,2024-05-10,day,
10364,Oxnard Water Torture,166786,21,2024-04-19,day,
10365,the weather is warmer,60980,31,2022-12-09,day,
10366,Wise Up,227495,28,2024-05-22,day,
10367,Book Of Life,305933,24,1994-10-25,day,
10368,In My Own World (Check The Method),212573,24,1994-10-25,day,
10369,Dance With The Devil,579293,64,2001-09-14,day,
10370,Just Begun,227373,26,2022-04-22,day,
10371,Get Dis Money,211132,48,2009-01-26,day,
10372,Dreamin',240818,30,2024-06-11,day,
10373,"Congratulations, You Lose",198933,26,2024-04-19,day,
10374,Mop,168510,36,2023-08-18,day,
10375,LUNCH,179586,83,2024-05-17,day,
10376,Groceries,143606,57,2022-04-20,day,
10377,Lou's Tune,102634,62,2021-09-10,day,
10378,Undefeated,155040,13,2024-02-22,day,
10379,BUNKER/PREROLL,120000,55,2022-02-25,day,
10380,"F**k Out My Face (feat. B-Real, Onyx & Aston Matthews)",,,,day,
10381,Plain Jane,173600,69,2017-08-18,day,
10382,Nasty (Who Dat) (feat. Migos),209813,41,2017-08-18,day,
10383,360,133805,78,2024-06-07,day,
10384,Club classics,153526,70,2024-06-07,day,
10385,AYE! (FREE THE HOMIES),185879,46,2022-04-08,day,
10386,DJ QUIK,140297,43,2022-04-08,day,
10387,MAGIC,226006,53,2022-04-08,day,
10388,NAMELESS,48225,34,2022-04-08,day,
10389,WHEN SPARKS FLY,227873,56,2022-04-08,day,
10390,EAST POINT PRAYER,217855,42,2022-04-08,day,
10391,SLIDE,138004,39,2022-04-08,day,
10392,PAPERCUTS,181412,45,2022-04-08,day,
10393,LEMONADE,179674,45,2022-04-08,day,
10394,PLAYER WAYS,208677,40,2022-04-08,day,
10395,MAMA'S BOY,139951,39,2022-04-08,day,
10396,BANG THAT,159992,38,2022-04-08,day,
10397,THE SPIRIT OF MONSTER KODY,45477,30,2022-04-08,day,
10398,ROSE STREET,153687,42,2022-04-08,day,
10399,THE BLUES,142467,39,2022-04-08,day,
10400,6 Five Heartbeats (feat. Vince Staples),114092,56,2021-10-08,day,
10401,On God (feat. Earl Sweatshirt & Tony Shhnow),147969,49,2024-03-06,day,
10402,Mac Deuce,128586,48,2023-10-06,day,
10403,• TEMPTED,222573,41,2018-07-27,day,
10404,Dust On Roads (with Jazz Cartier),170288,39,2023-08-25,day,
10405,KARMA (With Jazz Cartier),198400,30,2022-11-11,day,
10406,• RIGHT NOW,142640,38,2018-07-27,day,
10407,• SOUL SEARCHER,124226,32,2018-07-27,day,
10408,• Tell Me,223840,30,2016-02-03,day,
10409,• Stick & Move,231973,30,2016-02-03,day,
10410,• Illuminati Love Song,227373,23,2016-02-03,day,
10411,• Black And Misguided,285480,19,2016-02-03,day,
10412,• Opera,210706,18,2016-02-03,day,
10413,• I Know,216253,26,2016-02-03,day,
10414,• Never Too Faded,214840,17,2016-02-03,day,
10415,• After The Club,146973,15,2016-02-03,day,
10416,• One Day/Feel Away,418053,15,2016-02-03,day,
10417,• Save Me From Myself,265853,16,2016-02-03,day,
10418,So Sweet,120000,22,2022-05-03,day,
10419,All Kind Of Ideas,228202,21,2024-06-27,day,
10420,Dreamin',240818,13,2024-06-27,day,
10421,Amsterdam,186688,22,2016-03-08,day,
10422,Ready,193561,26,2016-02-22,day,
10423,WISH YOU WELL,192600,50,2017-03-30,day,
10424,Pz Don't Trip,179161,24,2023-07-12,day,
10425,• Better When You Lie,253640,27,2016-02-03,day,
10426,• WHICH ONE,122240,29,2018-07-27,day,
10427,Tobey (feat. Big Sean and BabyTron),284892,62,2024-07-02,day,
10428,Lose Yourself,322226,79,2004-01-01,day,
10429,Herb Shuttles,195480,0,2013-07-19,day,
10430,War in the East,96966,0,2018-01-20,day,
10431,Victory,155748,29,2017-02-17,day,
10432,T.A.D.E.D,202536,0,2013-07-19,day,
10433,• Tales,202066,24,2016-02-03,day,
10434,Any Day,162461,19,2017-05-19,day,
10435,"12 Études, Op. 25: No. 1 in A-Flat Major ""Harp Study""",141560,30,1984-01-01,day,
10436,"12 Études, Op. 10: No. 2 in A Minor ""Chromatique""",86133,29,1984-01-01,day,
10437,"12 Etudes, Op. 10: No. 3 in E Major ""Tristesse""",254666,44,2024-04-19,day,
10438,"12 Études, Op. 10: No. 4 in C-Sharp Minor ""Torrent""",121400,39,1984-01-01,day,
10439,Nuthin' To Do,319266,25,1994-10-25,day,
10440,A Penny For My Thoughts,263826,23,1992-10-06,day,
10441,Charms Alarm,270440,16,1992-10-06,day,
10442,Take It EZ,248600,20,1992-10-06,day,
10443,Two Scoops of Raisons,328840,11,1992-10-06,day,
10444,Come Close,276000,44,2002-12-10,day,
10445,Two of 'Em,150587,16,2021-09-10,day,
10446,Ring,287992,16,2016-04-04,day,
10447,Renaissance,98152,60,2024-07-12,day,
10448,Boiler Room (feat. Benny The Butcher),161536,35,2024-07-05,day,
10449,Windows,240426,14,2011-12-20,day,
10450,Blinded by the Lights,284600,56,2004-01-01,year,
10451,Sing For The Moment,339546,75,2002-05-26,day,
10452,Like Toy Soldiers,296880,67,2004-11-12,day,
10453,3 a.m.,319853,38,2009-05-15,day,
10454,'97 Bonnie & Clyde,316400,51,1999-02-23,day,
10455,The Way I Am,290426,74,2000-05-23,day,
10456,Amityville,254773,51,2000-05-23,day,
10457,Paul - Skit,15800,1,1999-02-23,day,
10458,If I Had,245546,45,1999-02-23,day,
10459,Bitch - Skit,19706,4,1999-02-23,day,
10460,Lounge - Skit,46533,37,1999-02-23,day,
10461,My Fault,241600,44,1999-02-23,day,
10462,Ken Kaniff - Skit,76226,36,1999-02-23,day,
10463,Cum On Everybody,219280,43,1999-02-23,day,
10464,Rock Bottom,214120,47,1999-02-23,day,
10465,Dreamin',240813,39,2024-07-12,day,
10466,Wise Up,227403,32,2024-07-12,day,
10467,All Kind Of Ideas [Feat. Pete Rock],228186,30,2024-07-12,day,
10468,Cold Wind Blows,303733,58,2010-06-18,day,
10469,Talkin’ 2 Myself,300426,55,2010-06-18,day,
10470,Paul - Skit,10600,5,2000-05-23,day,
10471,Remember Me?,218840,52,2000-05-23,day,
10472,I'm Back,309760,59,2000-05-23,day,
10473,Steve Berman,53573,47,2000-05-23,day,
10474,Kim,377893,57,2000-05-23,day,
10475,Marshall Mathers,321266,60,2000-05-23,day,
10476,Ken Kaniff - Skit,61800,42,2000-05-23,day,
10477,Drug Ballad,300266,58,2000-05-23,day,
10478,On Fire,213493,53,2010-06-18,day,
10479,Won't Back Down,265906,57,2010-06-18,day,
10480,W.T.P.,238173,60,2010-06-18,day,
10481,Going Through Changes,298893,57,2010-06-18,day,
10482,Habits,298384,62,2024-07-12,day,
10483,Trouble,41487,56,2024-07-12,day,
10484,Brand New Dance,206649,62,2024-07-12,day,
10485,Evil,230358,59,2024-07-12,day,
10486,All You Got - skit,24359,10,2024-07-12,day,
10487,Lucifer,261758,59,2024-07-12,day,
10488,Antichrist,314226,59,2024-07-12,day,
10489,Fuel,213646,71,2024-07-12,day,
10490,Road Rage,217736,55,2024-07-12,day,
10491,As The World Turns,265373,44,1999-02-23,day,
10492,I'm Shady,211893,45,1999-02-23,day,
10493,Bad Meets Evil,253133,43,1999-02-23,day,
10494,Still Don't Give A Fuck,257493,47,1999-02-23,day,
10495,Hazardous Youth - A Cappella,44040,37,1999-02-23,day,
10496,Get You Mad,262213,42,1999-02-23,day,
10497,Buddah Lovaz,283493,58,1995-07-25,day,
10498,HEAVY (INTRO),64655,32,2024-03-22,day,
10499,3 a.m.,319853,52,2009-05-15,day,
10500,ULTRA SHXT (with Key Nyata),196626,50,2024-07-19,day,
10501,SET IT (with Maxo Kream),160200,49,2024-07-19,day,
10502,HOT ONE (with TiaCorine & A$AP Ferg),,,,day,
10503,HEADCRACK INTERLUDE (with Kingpin Skinny Pimp),29973,8,2024-07-19,day,
10504,"G’Z UP (with 2 Chainz, Mike Dimes)",213293,50,2024-07-19,day,
10505,LUNATIC INTERLUDE (with Kingpin Skinny Pimp),39693,41,2024-07-19,day,
10506,SKED (with Kenny Mason & Project Pat),222973,54,2024-07-19,day,
10507,CHOOSE WISELY INTERMISSION (with Kingpin Skinny Pimp),37162,36,2024-07-19,day,
10508,COLE PIMP (with Ty Dolla $ign & Juicy J),218813,52,2024-07-19,day,
10509,WISHLIST [with Armani White],186826,52,2024-07-19,day,
10510,HIT THE FLOOR (with Ski Mask The Slump God),206946,50,2024-07-19,day,
10511,HOODLUMZ (with PlayThatBoiZay & A$AP Rocky),129399,53,2024-07-19,day,
10512,KOTMS II OUTRO (with Kingpin Skinny Pimp),31973,34,2024-07-19,day,
10513,STAR,161000,46,2017-06-09,day,
10514,BOYS,278125,37,2017-06-09,day,
10515,2PAC,62375,33,2017-06-09,day,
10516,SKIT 1,19130,0,2017-06-09,day,
10517,FAKE,275500,41,2017-06-09,day,
10518,TRIP,202691,35,2017-06-09,day,
10519,SWIM,213375,39,2017-06-09,day,
10520,BUMP,158108,36,2017-06-09,day,
10521,CASH,195200,35,2017-06-09,day,
10522,TEETH,80000,37,2017-08-25,day,
10523,SWAMP,251963,45,2017-08-25,day,
10524,SCENE,39520,31,2017-08-25,day,
10525,JESUS,80000,38,2017-08-25,day,
10526,CHICK,204382,37,2017-08-25,day,
10527,JUNKY,248780,42,2017-08-25,day,
10528,SCENE 2,29988,9,2017-08-25,day,
10529,FIGHT,181440,38,2017-08-25,day,
10530,GAMBA,202228,40,2017-08-25,day,
10531,SUNNY,170692,37,2017-08-25,day,
10532,TISK TISK / COOKIES,100638,32,2019-11-01,day,
10533,ALASKA,199194,40,2017-12-15,day,
10534,This Man,242579,37,2024-07-12,day,
10535,JOHNNY,251908,42,2017-12-15,day,
10536,LIQUID,82285,36,2017-12-15,day,
10537,STUPID,216715,40,2017-12-15,day,
10538,Ultimate - Remix,257715,36,2015-06-09,day,
10539,Knotty Head,268219,44,2016-10-14,day,
10540,Delusional Shone,215842,30,2015-06-09,day,
10541,Me Now,279136,40,2016-10-14,day,
10542,Zenith,242889,48,2016-10-14,day,
10543,Good Night,236106,44,2016-10-14,day,
10544,Crescendo,159296,31,2017-05-19,day,
10545,HOODLUMZ (with PlayThatBoiZay & A$AP Rocky),129403,46,2024-07-16,day,
10546,BLACK FLAG FREESTYLE (with That Mexican OT),207315,44,2024-06-25,day,
10547,Hotel California - 2013 Remaster,391376,85,1976-12-08,day,
10548,Time in a Bottle,148586,70,1972-04-01,day,
10549,Birdland,356760,47,1977-03-01,day,
10550,I'll See You in My Dreams,153333,47,1970-01-01,year,
10551,"Piano Concerto No. 2 in C Minor, Op. 18: 2. Adagio sostenuto",644272,60,2012-01-01,day,
10552,"Piano Concerto No. 2 in C Minor, Op. 18: 3. Allegro scherzando",702018,44,2012-01-01,day,
10553,Wicked Game,289066,82,1989-06-13,day,
10554,Raw (feat. Lil Wayne & Niko Brim),164656,41,2024-05-17,day,
10555,WASTE,154406,51,2017-06-09,day,
10556,Skyline To,184600,67,2016-08-20,day,
10557,Solo (Reprise),78742,60,2016-08-20,day,
10558,Pretty Sweet,158478,61,2016-08-20,day,
10559,Facebook Story,68588,57,2016-08-20,day,
10560,Close To You,85754,65,2016-08-20,day,
10561,End,134600,64,2012-07-10,day,
10562,HIGHJACK,190074,70,2024-08-02,day,
10563,"Symphony No. 9 in D Minor, Op. 125 ""Choral"": I. Allegro ma non troppo, un poco maestoso",936000,46,1984-01-01,day,
10564,Air on a G String,289640,59,2020-02-07,day,
10565,Adagio in G minor,305813,35,2004-01-01,day,
10566,Ave Maria,185906,47,1998-06-01,day,
10567,"Nuvole Bianche - For Cello, Piano and String",340000,39,2020-03-28,day,
10568,Beautiful Day,112070,49,2021-08-08,day,
10569,"Canon and Gigue in D Major: No. 1, Canon - Remastered",305898,46,2016-11-15,day,
10570,The Lonely Shepherd,212733,47,2020-02-07,day,
10571,5 Pieces for Violin and Piano: I. Elegia. Andante larghetto,179360,56,2011-09-23,day,
10572,much loved,262413,50,2020-05-08,day,
10573,Sonata No. 42 in D Minor (Arr. Ólafsson),143531,53,2021-07-16,day,
10574,Einaudi: Una mattina,190813,57,2020-11-06,day,
10575,3 Postludes: Postlude No. 3,255960,53,2002-02-19,day,
10576,We Contain Multitudes — piano reworks,264052,57,2022-10-28,day,
10577,"Orpheo ed Euridice, Wq. 30, Act II: Dance of the Blessed Spirits",207106,45,1960-01-01,year,
10578,Piazzolla: Oblivion,226333,43,2010-01-15,day,
10579,"Siciliano (After ""Erbarme dich"" from Matthäus-Passion, BWV 244, No. 39)",125200,50,2021-04-09,day,
10580,Satie / Orch. Ducros: Gymnopédie No. 1,172120,48,2020-11-06,day,
10581,"Nocturnes, Op. 48: No. 2 in F Sharp Minor. Andantino",575373,26,2021-08-13,day,
10582,"Nocturnes, Op. 55: No. 1 in F Minor. Andante",312493,27,2021-08-13,day,
10583,Cantabile in B-Flat Major,68426,33,1992-10-30,day,
10584,Etude Op. 10 no. 2 in a minor,85866,31,2020-03-01,day,
10585,"Lyric Pieces, Book 9, Op. 68: No. 5, Bådnlåt (Cradle Song)",131666,42,1995-12-01,day,
10586,meet the grahams,392138,71,2024-05-03,day,
10587,More Than a Lova,178604,34,2024-05-31,day,
10588,Fly god manners,130742,52,2023-09-22,day,
10589,BUSY/SIRENS,329541,49,2018-04-05,day,
10590,PROM/KING,451615,45,2018-04-05,day,
10591,HEAVEN ALL AROUND ME,212840,44,2018-04-05,day,
10592,gristle,104629,49,2020-04-28,day,
10593,bleach,157611,53,2020-03-19,day,
10594,tarragonbutter,173055,52,2022-12-02,day,
10595,hyogo,153855,56,2022-12-02,day,
10596,kith (feat. Valee),153813,28,2022-12-02,day,
10597,Carruth,133560,51,2020-02-07,day,
10598,SUNDOWN TOWN,150877,49,2021-07-09,day,
10599,BEACON TALK,71028,34,2018-01-01,day,
10600,Hemlock,102484,35,2022-10-14,day,
10601,Look At Me,153493,57,2020-05-29,day,
10602,"head.rap (ft. Madison McFerrin, Ogi, Jordan Ward)",189746,37,2024-04-26,day,
10603,Knockin' On Heaven's Door,149880,82,1973-07-13,day,
10604,an Interlude Called “Circus” (feat. Eryn Allen Kane),62973,52,2022-02-04,day,
10605,Photosynthesis,201732,56,2016-10-27,day,
10606,Rolling Stone,227981,42,2016-09-30,day,
10607,Really Doe,319433,52,2016-09-30,day,
10608,Lost,127255,41,2016-09-30,day,
10609,Ain't it Funny,177025,52,2016-09-30,day,
10610,Sky's the Limit (feat. 112) - 2014 Remaster,329426,65,1997-03-04,day,
10611,Something Foreign,152531,50,2018-01-19,day,
10612,One Foot,170631,27,2018-10-09,day,
10613,Heaven on Earth?,165697,47,2022-09-30,day,
10614,High John,130156,51,2022-10-14,day,
10615,Jay’s Reprise,61882,30,2022-06-17,day,
10616,Hard 2 Face Reality,196569,70,2018-04-06,day,
10617,Strongest Man,154253,21,2005-02-08,day,
10618,Suicide Kings,257227,0,2016-05-23,day,
10619,5th and Fashion,79973,3,2005-09-13,day,
10620,Lovin' It (feat. Joe Scudda),232186,18,2005-09-13,day,
10621,All for You (feat. Darien Brockington),280506,11,2005-09-13,day,
10622,Still Lives Through,204840,6,2005-09-13,day,
10623,"Casablanca (with Issam, Jazz Cartier)",195073,31,2019-09-13,day,
10624,Come Inside (Kaytranada Edit),266599,43,2018-09-21,day,
10625,Jackpot,162037,21,2023-02-17,day,
10626,Woah,175765,25,2021-08-16,day,
10627,Special,241057,24,2017-07-21,day,
10628,StickUP! - Remix,158115,20,2021-09-24,day,
10629,Introduction,32586,29,2003-06-24,day,
10630,Slim's Return,236306,42,2003-06-24,day,
10631,Distant Land,238506,40,2003-06-24,day,
10632,Mystic Bounce,236040,38,2003-06-24,day,
10633,Stormy,221600,32,2003-06-24,day,
10634,"3 Nocturnes, Op. 9: I. Larghetto",352800,43,2010-06-22,day,
10635,"3 Nocturnes, Op. 9: II. Andante",274040,52,2010-06-22,day,
10636,"12 Études, Op. 10: No. 3 in E Major ""Tristesse""",231546,33,1985-01-01,year,
10637,"12 Études, Op. 10: No. 11 in E-Flat Major ""Arpeggio""",135266,7,1985-01-01,year,
10638,"Piano Concerto No. 1 in E Minor, Op. 11: II. Romance (Larghetto)",634933,32,2016-12-23,day,
10639,"Piano Concerto No. 2 in F Minor, Op. 21: II. Larghetto",613213,12,2019-02-22,day,
10640,"Andante spianato et Grande polonaise brillante, Op. 22: Andante spianato. Tranquillo",296266,39,1999-01-01,day,
10641,"Ballade No. 1 in G Minor, Op. 23",605426,28,2016-12-23,day,
10642,"12 Études, Op. 25: No. 1 in A-Flat Major ""Harp Study""",135200,8,1985-01-01,year,
10643,"12 Études, Op. 25: No. 5 in E Minor ""Wrong Note""",173866,18,1985-01-01,year,
10644,"12 Études, Op. 25: No. 7 in C-Sharp Minor ""Cello""",308546,9,1985-01-01,year,
10645,"Nocturnes, Op. 27: II. Lento sotenuto",353840,40,2010-06-22,day,
10646,"Chopin: 24 Preludes, Op. 28: No. 4 in E Minor",123800,28,2002-03-01,day,
10647,"Chopin: 24 Preludes, Op. 28: No. 17 in A-Flat Major",170346,12,2002-03-01,day,
10648,"Chopin: Scherzo No. 2 in B-Flat Minor, Op. 31",587053,35,2007-02-05,day,
10649,#skeptacore pt.3,159111,63,2023-11-08,day,
10650,Energy (Stay Far Away),199521,65,2018-06-20,day,
10651,Lyrics,156492,45,2016-05-06,day,
10652,Numbers,198449,38,2016-05-06,day,
10653,Ottolenghi,197600,63,2019-04-19,day,
10654,Hate,244950,46,2022-10-21,day,
10655,Damselfly,172653,61,2017-01-20,day,
10656,Nobody Knows (Ladas Road),187844,46,2022-10-21,day,
10657,Speed Of Plight,180723,52,2022-10-21,day,
10658,Georgetown,177865,40,2022-10-21,day,
10659,Homerton,169995,56,2022-10-21,day,
10660,"I swear, I Really Wanted To Make A ""Rap"" Album But This Is Literally The Way The Wind Blew Me This Time",740010,46,2023-11-17,day,
10661,God Gave Me Feet For Dancing - feat. Yazmin Lacey,239306,3,2024-06-18,day,
10662,LAW OF AVERAGES,139050,46,2021-07-09,day,
10663,Truffles,194886,36,2021-10-29,day,
10664,Loose Ends,256198,59,2019-04-19,day,
10665,Angel,283225,50,2019-04-19,day,
10666,You Don't Know,250450,48,2019-04-19,day,
10667,Crazy Dream,212044,55,2016-06-08,day,
10668,Desoleil (Brilliant Corners),220401,61,2019-04-19,day,
10669,Mean It In The Morning,159840,52,2017-01-20,day,
10670,Standout,175227,53,2020-09-11,day,
10671,Nightgowns,166164,49,2015-08-28,day,
10672,Ain't Nothing Changed,194426,56,2017-01-20,day,
10673,Dear Jean,103340,49,2019-04-19,day,
10674,Swear,34093,31,2017-01-20,day,
10675,Take It Slow (feat. Loyle Carner),221250,50,2023-04-12,day,
10676,I Wonder Why,228347,50,2020-07-16,day,
10677,What Am I to Do?,244733,55,2019-04-26,day,
10678,Children Of The Internet - Ezra Collective Remix,353346,51,2020-12-03,day,
10679,Ajala - Single Edit,261733,0,2024-04-24,day,
10680,JOY (Life Goes On),221426,0,2024-03-08,day,
10681,Chapter 7 (feat. Ty),287320,53,2016-04-20,day,
10682,Space is the Place,154426,44,2019-04-26,day,
10683,Saturday Mornings (feat. Lil Wayne),262573,54,2024-07-24,day,
10684,Cookie Chips,259906,51,2021-07-09,day,
10685,Makaveli Returns,185711,15,2024-08-16,day,
10686,She,253386,76,2011-05-09,day,
10687,Atomic Vomit,90000,59,2020-12-04,day,
10688,Funny Thing,116630,72,2020-04-03,day,
10689,Shut up My Moms Calling,164571,85,2020-02-10,day,
10690,Some,118393,74,2016-10-31,day,
10691,Don't Play (feat. The 1975 & Big Sean),285480,59,2014-08-18,day,
10692,Skyfall (feat. Young Thug),314423,59,2014-08-18,day,
10693,Sloppy Toppy (feat. Migos & Peewee Longway),274207,55,2014-08-18,day,
10694,Everyday All Day,341400,26,1991-09-03,day,
10695,I Like It (I Wanna Be Where You Are),263533,58,1995-06-20,day,
10696,Somebody's Gotta Do It,248853,35,2004-07-13,day,
10697,Rock You,192786,29,2002-01-01,year,
10698,Phrentrow,20626,0,2002-01-01,year,
10699,Juice,215062,53,2023-04-30,day,
10700,All We Got (feat. Kanye West & Chicago Children's Choir),203794,57,2016-05-27,day,
10701,Good Ass Intro,239250,38,2023-04-30,day,
10702,Pusha Man,139406,49,2013-04-30,day,
10703,Stay Fly,236600,72,2005-09-27,day,
10704,Paranoia,275281,49,2013-04-30,day,
10705,Open Arms (feat. Travis Scott),239613,80,2022-12-08,day,
10706,+44,48760,32,2017-01-20,day,
10707,Florence,184520,49,2017-01-20,day,
10708,Came A Long Way,172976,48,2019-02-22,day,
10709,Love Is Blu,258674,10,2024-08-16,day,
10710,Doin' It,293933,60,1995-11-21,day,
10711,Spirit of Cyrus (feat. Snoop Dogg),210230,31,2024-09-06,day,
10712,Saturday Night Special (feat. Rick Ross & Fat Joe),208317,31,2024-09-06,day,
10713,Black Code Suite (feat. Sona Jobarteh),266076,32,2024-09-06,day,
10714,"Airplanes, Pt. II (feat. Eminem & Hayley Williams of Paramore)",319293,44,2010-04-27,day,
10715,Passion,149470,28,2024-09-06,day,
10716,Old English,202031,45,2016-07-01,day,
10717,Mixtape (feat. Young Thug & Lil Yachty),292910,47,2016-05-27,day,
10718,ON THE RIVER,96013,57,2023-10-13,day,
10719,Drankin N Smokin,213520,70,2020-11-13,day,
10720,Codeine Crazy,346906,69,2014-10-28,day,
10721,Purple Comin In,195848,41,2015-03-21,day,
10722,Diamonds from Africa,166474,47,2015-03-21,day,
10723,Smoke Break (feat. Future),226494,53,2016-05-27,day,
10724,Jersey,188702,66,2015-09-20,day,
10725,30 for 30 Freestyle,253934,57,2015-09-20,day,
10726,Scholarships,209287,62,2015-09-20,day,
10727,Plastic Bag,202084,58,2015-09-20,day,
10728,I'm The Plug,180000,56,2015-09-20,day,
10729,Change Locations,220862,58,2015-09-20,day,
10730,The FORCE,169936,31,2024-09-06,day,
10731,Huey In The Chair (feat. Busta Rhymes),144286,25,2024-09-06,day,
10732,Murdergram Deux (feat. Eminem),185456,58,2024-09-06,day,
10733,Ruby Rosary (feat. J. Cole),256786,58,2024-09-06,day,
10734,Jump,147071,73,2024-03-22,day,
10735,SCIENTISTS & ENGINEERS (feat. Future & Eryn Allen Kane),253663,52,2023-06-16,day,
10736,Feed Tha Streets 2 (Intro),169887,47,2018-11-02,day,
10737,U Sellin Dope (with Future),181714,57,2021-09-10,day,
10738,Right Now,223931,41,2015-08-28,day,
10739,Walkin - Cold Blooded Soul Version,165603,39,2022-09-30,day,
10740,Who (feat. Young Thug),192724,50,2017-02-10,day,
10741,TEFLON DON,159893,63,2024-09-20,day,
10742,LIL DEMON,139196,74,2024-09-20,day,
10743,SKI,147592,61,2024-09-20,day,
10744,READY TO COOK UP,167111,52,2024-09-20,day,
10745,TOO FAST,205730,61,2024-09-20,day,
10746,OCEAN,203096,53,2024-09-20,day,
10747,PRESS THE BUTTON,170256,49,2024-09-20,day,
10748,MJ,114915,51,2024-09-20,day,
10749,BRAZZIER,188565,56,2024-09-20,day,
10750,SOUTH OF FRANCE,183919,56,2024-10-31,day,
10751,SURFING A TSUNAMI,213698,53,2024-09-20,day,
10752,MADE MY HOE FAINT,115200,47,2024-09-20,day,
10753,Smack,262032,17,2024-09-20,day,
10754,Undisputed,205825,20,2024-09-20,day,
10755,Hello L.A.,171241,18,2024-09-20,day,
10756,Homies,280559,14,2024-09-20,day,
10757,Suga & Buttaz,247453,15,2024-09-20,day,
10758,Golden Sax,193955,24,2025-02-15,day,
10759,Maybe One Day,236465,30,2012-09-04,day,
10760,More Out of Life,234158,18,2012-09-04,day,
10761,Gold,261388,21,2024-09-20,day,
10762,Love Is Blu,,,,day,
10763,TOLD MY,101408,53,2024-09-20,day,
10764,OATH,94777,55,2024-09-20,day,
10765,LOST MY DOG,173736,49,2024-09-20,day,
10766,AYE SAY GANG,208457,55,2024-09-20,day,
10767,Look At Me!,126345,77,2017-02-20,day,
10768,Show of Hands,213853,58,2024-04-12,day,
10769,Chucks,251849,13,2024-09-20,day,
10770,Proclivities (feat. Saweetie),219715,34,2024-09-06,day,
10771,Post Modern,129711,25,2024-09-06,day,
10772,30 Decembers,206873,27,2024-09-06,day,
10773,Runnit Back,166173,27,2024-09-06,day,
10774,Basquiat Energy,142368,24,2024-09-06,day,
10775,No Tomorrow,190173,47,2012-01-01,day,
10776,Citgo,193546,49,2012-01-01,day,
10777,I Don't Like,293840,32,2012-01-01,day,
10778,Suge Knight,234820,11,2024-09-20,day,
10779,The Ominous World,312546,12,2024-09-20,day,
10780,A Song Called Precipitation,327368,14,2024-09-20,day,
10781,Hate Bein' Sober,280173,39,2012-01-01,day,
10782,Kay Kay,187706,27,2012-01-01,day,
10783,Laughin' To The Bank,227120,28,2012-01-01,day,
10784,Diamonds,185520,46,2012-01-01,day,
10785,Ballin',218480,48,2012-01-01,day,
10786,Understand Me,244080,25,2012-01-01,day,
10787,3Hunna,208706,26,2012-01-01,day,
10788,Finally Rich,248826,29,2012-01-01,day,
10789,Locked Up,235066,71,2005-01-01,day,
10790,Lonely,235800,79,2005-01-01,day,
10791,Timeless (feat. Playboi Carti),256000,8,2024-09-27,day,
10792,Incredible,248049,52,2017-07-27,day,
10793,Wanderlust,306773,55,2013-09-10,day,
10794,"Hearing the Melody Ft. Skyzoo, Fashawn & King Mez",244640,19,2011-09-27,day,
10795,Loyalty Ft. Masta Killa & Halo,255161,22,2011-09-27,day,
10796,Now I'm Being Cool Ft. Mela Machinko & Median,249564,20,2011-09-27,day,
10797,Amerikkkan Pie,269306,32,2023-09-15,day,
10798,Nephilim,203320,32,2023-09-15,day,
10799,Bliss,199720,38,2023-09-15,day,
10800,Death 2,89560,32,2023-09-15,day,
10801,Death 1,219560,33,2023-09-15,day,
10802,222 (feat. Bridget Perez),275640,41,2023-09-15,day,
10803,Club Soda (feat. Action Bronson),244560,36,2023-09-15,day,
10804,LiveFromHell,152760,26,2023-09-15,day,
10805,Palm Trees,260680,52,2023-09-15,day,
10806,MRAZ,294040,44,2023-09-15,day,
10807,"My Team, Supreme",161000,33,2023-09-15,day,
10808,Thugnificense,182960,29,2023-09-15,day,
10809,Regular and Complex (GNB),294960,35,2023-09-15,day,
10810,TP4,164680,28,2023-09-15,day,
10811,This Is Why I'm Hot,253706,59,2007-01-01,day,
10812,Minephuck,118000,28,2023-09-15,day,
10813,Rack City,208840,43,2011-01-01,day,
10814,It's Up (feat. Young Thug & 21 Savage),278000,70,2024-08-30,day,
10815,untitled 07 | levitate,146466,50,2016-03-23,day,
10816,Take Kare,267129,24,2014-01-01,year,
10817,Bodak Yellow,223712,72,2018-04-06,day,
10818,God's Plan,198973,84,2018-06-29,day,
10819,Lucid Dreams,239835,82,2018-12-10,day,
10820,Jocelyn Flores,119133,78,2017-08-25,day,
10821,No Flockin',165290,77,2015-11-13,day,
10822,We Paid (feat. 42 Dugg),181929,73,2020-05-01,day,
10823,WAP (feat. Megan Thee Stallion),187541,76,2020-08-07,day,
10824,Hallucinating,221609,58,2017-07-27,day,
10825,Radical,167703,17,2015-05-12,day,
10826,Still Shining - 2021 Remaster,177360,13,2021-04-16,day,
10827,True Fuschnick,,,,day,
10828,La Schmoove,,,,day,
10829,Can't Have Nuttin',333240,19,1995-09-26,day,
10830,Hold It Down,288000,22,1995-09-26,day,
10831,Essaywhuman?!!!??!,299840,25,1995-01-17,day,
10832,Section,249013,47,1996-09-24,day,
10833,Panic !!!!!!!,84666,28,1996-09-24,day,
10834,It Just Don't Stop,273800,30,1996-09-24,day,
10835,Clones,294426,37,1996-09-24,day,
10836,It Runs Through Me (feat. De La Soul),261881,67,2018-04-06,day,
10837,Ego Trippin' (Part Two),232263,40,1993-09-21,day,
10838,Oodles of O's,212773,38,1991-05-14,day,
10839,A Roller Skating Jam Named "Saturdays",242006,48,1991-05-14,day,
10840,Yoke the Joker,313640,44,1991-09-03,day,
10841,Return of The Crooklyn Dodgers,304800,35,2020-04-15,day,
10842,Crooklyn - Crooklyn/Soundtrack Version,273453,43,1994-01-16,day,
10843,My Collection,255556,65,2017-07-27,day,
10844,Damage,237382,45,2017-07-27,day,
10845,Fresh Air,270822,45,2017-07-27,day,
10846,Million Dollar Play,166636,49,2020-11-13,day,
10847,Plastic,193858,45,2020-11-13,day,
10848,Kno Ya Wrong,325600,44,2016-07-08,day,
10849,Stickz N Stonez,200786,55,2024-04-05,day,
10850,Pi (feat. Daylyt & Ab-Soul),354773,51,2024-04-05,day,
10851,Allure (feat. Future & Mike WiLL Made-It),190904,42,2024-10-04,day,
10852,Grammys,220426,58,2016-05-06,day,
10853,Childs Play,241400,67,2016-05-06,day,
10854,9,255786,81,2016-05-06,day,
10855,Somewhere Only We Know,237146,86,2004-05-10,day,
10856,Nothing In My Way,240386,67,2006-06-12,day,
10857,Everybody's Changing,215880,77,2004-05-10,day,
10858,This Is The Last Time,208786,65,2004-05-10,day,
10859,Is It Any Wonder?,186173,61,2006-06-12,day,
10860,Bend & Break,220133,60,2004-05-10,day,
10861,Sovereign Light Café,218840,59,2012-05-07,day,
10862,Bedshaped,278000,59,2004-05-10,day,
10863,Silenced By The Night,196466,58,2012-05-07,day,
10864,Crystal Ball,233960,58,2006-06-12,day,
10865,Somewhere Only We Know - BBC Steve Lamacq Session / 2003,229080,61,2004-05-10,day,
10866,With Or Without You - BBC Jo Whiley Session / 2004,210733,54,2004-05-10,day,
10867,Tear Up This Town - Orchestral Version / From "A Monster Calls" Original Motion Picture Soundtrack,187120,48,2016-09-23,day,
10868,"Nocturne No. 11 in G minor, Op. 37 No. 1",436000,23,1978-01-01,day,
10869,"Nocturne No. 12 in G Major, Op. 37 No. 2",422000,19,1978-01-01,day,
10870,TWO DAYS,134456,42,2023-06-16,day,
10871,SPACESHIP VIEWS,192393,39,2023-06-16,day,
10872,DOWN BY LAW,211468,47,2023-06-16,day,
10873,SHED TEARS (feat. Lena Bird Myles),289637,39,2023-06-16,day,
10874,RUN (feat. Young Thug),285565,43,2023-06-16,day,
10875,"NRICH (feat. 6LACK, Eryn Allen Kane)",280450,38,2023-06-16,day,
10876,TALK'N THAT SHIT!,174455,41,2023-06-16,day,
10877,SLUMMER,275899,38,2023-06-16,day,
10878,EXIT 9,162188,40,2023-06-16,day,
10879,SOMETHING FOR JUNKIES,278484,35,2023-06-16,day,
10880,MOTHERLESS,233503,36,2023-06-16,day,
10881,DON'T LET THE DEVIL (feat. thankugoodsir),165653,45,2023-06-16,day,
10882,Mood Swings (feat. Lil Tjay),213333,75,2020-07-03,day,
10883,Droppin Jewels,218596,60,2021-10-15,day,
10884,Die Slow (with Strick),237572,47,2021-10-15,day,
10885,Money On The Dresser,133000,32,2023-06-26,day,
10886,Hellcat Kenny (feat. Lil Uzi Vert),154466,36,2023-06-26,day,
10887,Gucci Grocery Bag,175133,29,2023-06-26,day,
10888,All Right,145093,43,2016-01-17,day,
10889,Never Forget,199253,45,2016-01-17,day,
10890,Inside The Mattress,210693,51,2016-01-17,day,
10891,Drippin (How U Luv That),190386,44,2016-01-17,day,
10892,Hater Shit,184960,46,2016-01-17,day,
10893,Salute,225253,42,2016-01-17,day,
10894,Bye Bye,175533,40,2016-01-17,day,
10895,No Charge,162160,46,2016-01-17,day,
10896,Run Up,197813,42,2016-01-17,day,
10897,Perkys Calling,246360,62,2016-01-17,day,
10898,Purple Reign,241800,58,2016-01-17,day,
10899,Deadly Medley (feat. Royce Da 5'9 & Elzhi),222693,0,2010-09-14,day,
10900,Distortion (feat. Melanie Rutherford),375773,0,2010-09-14,day,
10901,God Willing,286291,11,2023-07-19,day,
10902,For How Much?,195439,10,2023-07-19,day,
10903,"The Matrix (feat. Pharoahe Monch, Sean Price & DJ Premier)",226760,0,2008-10-28,day,
10904,Interpret Sabotage,209186,14,2013-10-15,day,
10905,Codes and Cab Fare,210413,10,2013-10-15,day,
10906,Ghetto DEMF,200400,9,2013-10-15,day,
10907,Sonny Jr. (Dreams),205466,12,2013-10-15,day,
10908,Thirteen,203612,33,2015-03-05,day,
10909,Paranoia,265000,25,2015-03-05,day,
10910,Clientele,252234,26,2015-03-05,day,
10911,1998 Interlude,30838,10,2015-03-05,day,
10912,1998,228928,26,2015-03-05,day,
10913,Astrodome,239063,22,2015-03-05,day,
10914,Trap Mami / Flippin,257109,23,2015-03-05,day,
10915,Sold Out,241000,21,2015-03-05,day,
10916,FTL Interlude,49451,11,2015-03-05,day,
10917,Murder,288000,24,2015-03-05,day,
10918,KKK,221855,21,2015-03-05,day,
10919,Squeeze Precisely (feat. Rapper Big Pooh & O Dash),188390,18,2008-07-01,day,
10920,"Say Wassup (feat. Sc Hoolboy Q, Ab Soul & Kendrick Lamar)",263346,48,2011-07-26,day,
10921,Hot Soup Commercial,142440,13,2008-07-01,day,
10922,Black Lip Bastard (Rmx) (feat. Black Hippy),,,,day,
10923,Two Steps Back,295014,17,2008-07-01,day,
10924,Cheek To Cheek,353266,62,1956-10-01,day,
10925,I'm Just A Lucky So And So,256173,22,1957-01-01,day,
10926,Trapped In The Sun,201979,52,2020-05-15,day,
10927,Blockbuster Night Pt. 1,152253,0,2014-10-27,day,
10928,Drones over Bklyn,,,,day,
10929,True Story,,,,day,
10930,The Jig Is Up,,,,day,
10931,Sign Here,,,,day,
10932,For My Upstairs Neighbor (Mums the Word),,,,day,
10933,Rah Tah Tah,165412,74,2024-10-28,day,
10934,Noid,284363,70,2024-10-28,day,
10935,Hey Jane,240742,67,2024-10-28,day,
10936,I Killed You,168420,67,2024-10-28,day,
10937,Judge Judy,269622,69,2024-10-28,day,
10938,Take Your Mask Off (feat. Daniel Caesar & LaToiya Williams),253909,70,2024-10-28,day,
10939,Tomorrow,182326,66,2024-10-28,day,
10940,Thought I Was Dead (feat. ScHoolboy Q & Santigold),207272,73,2024-10-28,day,
10941,Like Him (feat. Lola Young),278014,86,2024-10-28,day,
10942,Balloon (feat. Doechii),154261,74,2024-10-28,day,
10943,I Hope You Find Your Way Home,269704,66,2024-10-28,day,
10944,Request Denied,,,,day,
10945,Cv-1,240867,15,2014-12-09,day,
10946,"Sticky (feat. GloRilla, Sexyy Red & Lil Wayne)",255915,81,2024-10-28,day,
10947,St. Chroma (feat. Daniel Caesar),197019,78,2024-10-28,day,
10948,"Darling, I (feat. Teezo Touchdown)",253834,75,2024-10-28,day,
10949,Stay Down (feat. Nick Diamonds),,,,day,
10950,No Save Point (From “Cyberpunk 2077”),195240,53,2021-09-24,day,
10951,T Pain Remix (Feat. T-Pain),137142,45,2024-10-11,day,
10952,LUMBERJACK,138312,53,2023-03-31,day,
10953,HOT WIND BLOWS (feat. Lil Wayne),155292,56,2023-03-31,day,
10954,MASSA,223718,53,2023-03-31,day,
10955,RUNITUP (feat. Teezo Touchdown),229564,52,2023-03-31,day,
10956,MOMMA TALK,70926,47,2023-03-31,day,
10957,RISE! (feat. DAISY WORLD),203588,52,2023-03-31,day,
10958,BLESSED,57667,48,2023-03-31,day,
10959,STONE,103750,18,2024-10-31,day,
10960,BIG DUMP BALLAD,301808,43,2024-10-31,day,
10961,UNKLE HOWDY,218507,30,2024-10-31,day,
10962,4 More,258140,35,1996-07-02,day,
10963,Simon Says (Instrumental),174146,34,1999-10-19,day,
10964,Simon Says (Radio Version),179897,33,1999-10-19,day,
10965,Rehab - Pharoahe Monch Remix,216426,33,2015-07-03,day,
10966,D.R.E.A.M.,264826,32,2014-04-15,day,
10967,H! Vltg3 (Evidence Reanimation) [feat. Pharoahe Monch and DJ Babu],210733,27,2002-01-01,year,
10968,The Light - Instrumental Version,191573,28,2015-10-23,day,
10969,I Pledge Allegiance (feat. Pharoahe Monch),267160,38,2001-12-04,day,
10970,Stress - Remix,180813,22,1994-08-16,day,
10971,Wontime,280626,29,1995-01-01,year,
10972,K.I.M.,175973,33,1995-01-01,year,
10973,Bucktown,237720,54,1995-01-01,year,
10974,Stand Strong,233480,39,1995-01-01,year,
10975,Next Shit,330746,24,1995-01-01,year,
10976,Cession At Da Doghillee,326226,23,1995-01-01,year,
10977,Hellucination,327973,26,1995-01-01,year,
10978,Home Sweet Home,283373,22,1995-01-01,year,
10979,Wipe Ya Mouf,300493,20,1995-01-01,year,
10980,Numbers,253240,28,1997-01-01,day,
10981,Trophies,39146,11,2012-05-01,day,
10982,Battle Axe,177000,24,2012-05-22,day,
10983,How We Live,246493,34,2012-05-22,day,
10984,Chokehold,245360,25,2012-05-22,day,
10985,Statistics,223906,47,2012-05-22,day,
10986,Real Detroit,258519,20,2012-05-22,day,
10987,The Melody,213120,44,2012-05-22,day,
10988,Reporting Live,255013,23,2012-05-22,day,
10989,Fooled For Thought,82986,16,2012-05-22,day,
10990,Desperation,190400,31,2012-05-22,day,
10991,Caged Birds,252720,17,2012-05-22,day,
10992,Homage,224200,21,2012-05-22,day,
10993,Scared,156000,16,2012-05-22,day,
10994,Grace of God,231868,49,2018-10-26,day,
10995,What You Were Lookin' For,218372,23,2015-09-25,day,
10996,Who's That,204002,17,2015-09-25,day,
10997,Stop,192374,20,2015-03-24,day,
10998,Eyes Wide Open,168242,15,2015-03-24,day,
10999,How I Move,190962,17,2015-03-24,day,
11000,Candlelight,188891,13,2015-03-24,day,
11001,Kings,335627,30,2015-03-24,day,
11002,Beware of the Stare,151144,17,2018-01-26,day,
11003,Rise of the Black Suits,153808,15,2018-01-26,day,
11004,Break in the Action,149613,57,2021-05-07,day,
11005,Bomb Thrown,272244,50,2018-03-30,day,
11006,Mando Calrissian,137333,43,2021-05-07,day,
11007,Boredom (feat. Rex Orange County & Anna of the North),320720,67,2017-07-21,day,
11008,Garden Shed (feat. Estelle),223946,64,2017-07-21,day,
11009,DIRTY LITTLE SECRET,214840,52,2024-09-20,day,
11010,Bird's Eye View,214293,40,2013-06-18,day,
11011,East Coast,167441,15,2013-06-18,day,
11012,21 & Over,167134,34,2013-06-18,day,
11013,Make Believe,241348,19,2013-06-18,day,
11014,Status,138594,0,2024-10-31,day,
11015,Cosmo Freestyle,184405,0,2024-10-31,day,
11016,Wolverine,167000,0,2024-10-31,day,
11017,Brick Fees,242000,0,2024-10-31,day,
11018,Rabbit Island,176000,0,2024-10-31,day,
11019,It's Your Anniversary,139000,0,2024-10-31,day,
11020,Nobody Like You - Interlude,105000,0,2024-10-31,day,
11021,"Light Work (feat. Bloody Osiris, DD Osama, Soul II Soul & The Alumni Ensemble of Harlem)",152559,30,2024-11-08,day,
11022,Thought I Was Dead,148159,37,2024-11-08,day,
11023,Alive :( (feat. Dapper Dan),245346,29,2024-11-08,day,
11024,Allure (feat. Future & Mike WiLL Made-It),208790,35,2024-11-08,day,
11025,Demons (feat. Denzel Curry),136937,47,2024-11-08,day,
11026,Messy,200810,32,2024-11-08,day,
11027,French Tips (feat. Coco Jones),186858,46,2024-11-08,day,
11028,Know No Better,194000,9,2024-11-08,day,
11029,Finest Ingredients,62000,7,2024-10-18,day,
11030,Na Na Na Na Na,162936,12,2024-10-18,day,
11031,2 To The Chest,174392,12,2024-10-18,day,
11032,Coke with Ice,192493,4,2024-11-08,day,
11033,Unbreakable,257733,9,2024-10-18,day,
11034,Spike Lee Joint,145447,11,2024-10-18,day,
11035,Los Pollos Hermanos,214531,7,2024-10-18,day,
11036,Clairvoyant,158000,10,2024-10-18,day,
11037,Obrigado,29440,11,2019-06-28,day,
11038,Freestyle Shit,148306,44,2019-06-28,day,
11039,Half Manne Half Cocaine,192266,43,2019-06-28,day,
11040,Massage Seats,146813,40,2019-06-28,day,
11041,Palmolive (feat. Pusha T & Killer Mike),245333,51,2019-06-28,day,
11042,Fake Names,224200,51,2019-06-28,day,
11043,Flat Tummy Tea,154573,41,2019-06-28,day,
11044,Situations,228320,42,2019-06-28,day,
11045,Syrup Sandwiches (feat. Joey Bada$$),173320,44,2024-11-07,day,
11046,DADADOO,171506,9,2024-10-04,day,
11047,The Cut Off (feat. kiLL edward),237295,54,2018-04-20,day,
11048,Motiv8,133921,56,2018-04-20,day,
11049,Kevin’s Heart,200309,68,2018-04-20,day,
11050,BRACKETS,315771,53,2018-04-20,day,
11051,Once an Addict - Interlude,197821,52,2018-04-20,day,
11052,FRIENDS (feat. kiLL edward),257646,52,2018-04-20,day,
11053,Jimenez Críqueta,85106,6,1991-10-29,day,
11054,Intro,70400,28,2024-11-15,day,
11055,Thousand Words,200016,46,2019-07-26,day,
11056,Way Back Home (feat. Ty Dolla $ign),199116,45,2019-07-26,day,
11057,Grandma's House - Skit,82934,27,2019-07-26,day,
11058,Been Around,203702,43,2019-07-26,day,
11059,Family Matters (feat. Arin Ray),210779,41,2019-07-26,day,
11060,Interior Assasin's Car 3:35 AM,63266,5,1997-01-01,day,
11061,They Don't Want It,84093,9,1997-01-01,day,
11062,We Gon Make It (feat. Meek Mill),236541,39,2019-07-26,day,
11063,Lost & Found,160743,56,2019-07-26,day,
11064,Back on the Road (feat. Lil Wayne),156786,54,2024-11-15,day,
11065,Summer Drop (feat. Anderson .Paak),168573,54,2024-11-15,day,
11066,Nothings Promised,212466,45,2024-11-15,day,
11067,Simba,156186,40,2007-05-04,day,
11068,I'm The Man,178808,40,2007-05-04,day,
11069,School Daze,232333,13,2024-11-18,day,
11070,Dollar And A Dream,276950,38,2007-05-04,day,
11071,Quote Me,145005,9,2024-11-18,day,
11072,College Boy,304848,13,2024-11-18,day,
11073,Split You Up,192391,12,2024-11-18,day,
11074,Plain,90775,5,2024-11-18,day,
11075,The Come Up,131369,9,2024-11-18,day,
11076,Dead Presidents,189361,17,2024-11-18,day,
11077,Lil' Ghetto Nigga,250723,12,2024-11-18,day,
11078,Homecoming,116062,35,2007-05-04,day,
11079,Carolina On My Mind (feat. Deacon),221387,12,2024-11-18,day,
11080,Shugah Shorty,314398,11,1997-01-01,day,
11081,luther (with sza),177598,86,2024-11-21,day,
11082,hey now (feat. dody6),217478,74,2024-11-22,day,
11083,tv off (feat. lefty gunplay),220690,85,2024-11-22,day,
11084,peekaboo (feat. azchike),155917,78,2024-11-22,day,
11085,gloria (feat. sza),,,,day,
11086,Big Steppa,163902,47,2022-09-30,day,
11087,where's the confetti?,200933,65,2022-12-20,day,
11088,Spring Waltz,122426,42,2013-11-20,day,
11089,The Path of the Wind,222773,47,1988-01-01,year,
11090,Merry-Go-Round of Life - from 'Howl's Moving Castle',311106,67,2005-01-26,day,
11091,Reprise,293600,48,2001-07-18,day,
11092,A Girl's Thoughts,194093,39,1993-01-01,year,
11093,Back to the Topic,180238,49,2010-11-12,day,
11094,You Got It (feat. Wale),286900,47,2010-11-12,day,
11095,Friday Night Lights,105374,43,2010-11-12,day,
11096,Free Chilly (feat. Sarah Green & GemStones) - Interlude,62026,32,2007-01-01,day,
11097,Hi-Definition (feat. Snoop Dogg & Pooh Bear),231786,35,2007-01-01,day,
11098,Hip-Hop Saved My Life (feat. Nikki Jean),242506,53,2007-01-01,day,
11099,Little Weapon (feat. Bishop G & Nikki Jean),245853,46,2007-01-01,day,
11100,Lily's Dance,129160,54,2015-02-20,day,
11101,・・・・for Piano,146949,47,2019-09-02,day,
11102,Tender Strength,82755,51,2020-09-28,day,
11103,"Waltz No. 1, Op. 6 ""Collapse""",157647,58,2020-07-03,day,
11104,The Latin Quarter,142506,46,2011-07-13,day,
11105,The Mercy of the Wind,105587,64,2015-02-20,day,
11106,Perspective,126377,34,2013-09-18,day,
11107,Reminiscence,122600,45,2011-07-13,day,
11108,Nocturne in the Afternoon (Soundtrack from the Anime "Angel Beats"),103644,32,2018-12-03,day,
11109,The Beach of Memories,64760,39,1991-01-01,year,
11110,Warm Winds (feat. Isaiah Rashad),350911,56,2014-04-08,day,
11111,Babylon (feat. Kendrick Lamar),234284,56,2014-04-08,day,
11112,Love Galore (feat. Travis Scott),275080,52,2022-06-09,day,
11113,Doves In The Wind (feat. Kendrick Lamar),266080,50,2022-06-09,day,
11114,Drew Barrymore,231400,52,2022-06-09,day,
11115,Go Gina,161613,49,2022-06-09,day,
11116,Pretty Little Birds (feat. Isaiah Rashad),245946,49,2022-06-09,day,
11117,Enchanted (feat. Omen),250992,46,2010-11-12,day,
11118,In The Morning (feat. Drake),234192,49,2010-11-12,day,
11119,Swing My Way,179933,65,2024-12-13,day,
11120,one of wun,144000,80,2024-05-10,day,
11121,Ain't That Easy,289346,40,2014-12-15,day,
11122,The Charade,200840,37,2014-12-15,day,
11123,Sugah Daddy,302840,43,2014-12-15,day,
11124,Fore Play (feat. BJ The Chicago Kid),75002,30,2024-12-16,day,
11125,Shangri-La,97808,30,2024-12-16,day,
11126,My Mom,319866,43,2009-05-15,day,
11127,Insane,181360,53,2009-05-15,day,
11128,Intro,82706,21,1999-11-30,day,
11129,BLAH,147906,45,2024-11-01,day,
11130,NIGHT VISION,192106,48,2023-10-13,day,
11131,WORTH IT (feat. Don Toliver),188333,58,2023-10-13,day,
11132,BROAD DAY (feat. Future),168426,54,2023-10-13,day,
11133,FAN,156306,50,2023-10-13,day,
11134,FREAKY (feat. Cardi B),199666,42,2023-10-13,day,
11135,HOP OUT THE VAN,120240,45,2023-10-13,day,
11136,RATATAT [Feat. Denzel Curry & 03 Greedo],189397,38,2024-12-13,day,
11137,black samuarai.,174782,63,2022-12-20,day,
11138,and then i got revenge.,111361,54,2022-12-20,day,
11139,breathe,215275,37,2022-12-20,day,
11140,Back on Road,149080,48,2016-07-22,day,
11141,Shaquille (Interlude),58000,11,2024-06-28,day,
11142,Intro (Prayer),47500,0,2014-10-21,day,
11143,All I Want for Christmas Is You,241106,69,1994-10-28,day,
11144,Colours - 2016 Remaster,531093,33,1989-11-20,day,
11145,Give It To Me Baby,248133,66,1981-04-07,day,
11146,All Night Long (All Night) - Single Version,258665,73,1992-01-01,day,
11147,Dancing Queen,230400,85,1976-01-01,year,
11148,Blue Monday,449160,72,1987-08-17,day,
11149,Everybody Loves The Sunshine,239666,67,1976-05-12,day,
11150,Funkytown,470346,63,1979-11-01,day,
11151,Gorgeous,209680,76,2017-11-10,day,
11152,Jump (For My Love),267226,60,1983-11-06,day,
11153,I Heard It Through The Grapevine,194293,72,1968-08-26,day,
11154,London Boy,190240,73,2019-08-23,day,
11155,Partition,319466,72,2014-11-24,day,
11156,Quiet Life,289080,46,1979-01-01,year,
11157,Rock with You - Single Version,220626,80,1979-08-10,day,
11158,Billie Jean,294226,85,1982-11-30,day,
11159,The Thrill Is Gone.,199293,60,2023-02-03,day,
11160,High No More,198845,30,2021-09-24,day,
11161,Unfinished Business,196133,39,2024-03-14,day,
11162,We Are Family - 1995 Remaster,216733,70,1995-01-01,year,
11163,Valerie (feat. Amy Winehouse) - Version Revisited,219413,78,2007-04-16,day,
11164,YMCA,202573,68,1980-01-01,year,
11165,Zip-A-Dee-Doo-Dah,142133,30,1968-01-01,year,
11166,If You Don't Want My Love,146813,76,2023-09-08,day,
11167,APT.,169917,90,2024-10-18,day,
11168,drinks or coffee,133113,73,2024-12-06,day,
11169,That's What I Like,206693,87,2016-11-17,day,
11170,Magnetic,160688,82,2024-03-25,day,
11171,BIRDS OF A FEATHER,210373,95,2024-05-17,day,
11172,Viva La Vida,242373,71,2008-06-12,day,
11173,Long Time - Intro,211773,73,2018-05-11,day,
11174,Dont Wanna C Me Rich,141172,47,2024-11-26,day,
11175,Time,174673,60,2022-06-25,day,
11176,Type Shit,34934,32,2024-12-20,day,
11177,"Quarterback (feat. Quavo, Offset & PeeWee Longway)",301853,43,2024-12-25,day,
11178,Don't Know (feat. Shad da God),182866,38,2024-12-25,day,
11179,Crybaby,241948,72,2024-12-20,day,
11180,Darkseid,126618,45,2021-07-30,day,
11181,From the Garden (feat. Lil Uzi Vert),189306,46,2021-07-30,day,
11182,Lay Wit Ya (feat. Duke Deuce),202331,48,2021-07-30,day,
11183,Claymore (feat. Smino),186151,53,2021-07-30,day,
11184,gloria (with sza),287522,71,2024-11-22,day,
11185,Conceited,151413,47,2024-12-20,day,
11186,Special,158840,50,2025-02-09,day,
11187,Too Late,164426,49,2025-02-09,day,
11188,Headshots (4r da Locals),193208,69,2021-07-30,day,
11189,Don't Shoot,141040,42,2021-07-30,day,
11190,All Herb (feat. Amindi),224447,46,2021-07-30,day,
11191,Donuts (feat. UMI),213033,44,2021-11-19,day,
11192,5 to 10,143275,43,2024-02-16,day,
11193,Dark Comedy Morning Show,203255,26,2014-06-10,day,
11194,TOPLESS,180895,28,2024-12-06,day,
11195,Cherish The Moment,205354,40,2024-11-29,day,
11196,Home Soon,189794,47,2024-12-20,day,
11197,Draw Down,261680,21,2024-12-24,day,
11198,Lite It Up,313538,33,2024-12-24,day,
11199,GOT DAMN,156800,65,2024-12-20,day,
11200,You Don't Want The Smoke,303000,1,2024-12-24,day,
11201,Ray Lewis,152000,29,2024-12-20,day,
11202,Colourblind (feat. Loyle Carner),235684,1,2024-12-06,day,
11203,MURDA GARDENS [Feat. Denzel Curry],162195,36,2024-12-13,day,
11204,My Own Good,191506,12,2024-12-06,day,
11205,FROM THE SOUTH,266396,28,2024-12-01,day,
11206,Treasure Island,115683,47,2024-12-17,day,
11207,Trillselda 2,280519,18,2024-12-06,day,
11208,Smoothies In 1991,224347,66,2019-09-03,day,
11209,Summer Reign (feat. Ty Dolla $ign),175626,60,2023-03-31,day,
11210,Watering My Plants,135789,59,2020-03-04,day,
11211,Ocean Sounds,156933,57,2023-03-31,day,
11212,"Corte Madera, CA",102775,51,2022-08-19,day,
11213,89 Earthquake,192306,56,2023-03-31,day,
11214,Hey Mista,115862,44,2021-07-30,day,
11215,True Story (feat. Jay Rock & Jay Worthy),226666,47,2021-07-30,day,
11216,Wat U Sed (feat. Doechii & Kal Banx),176682,61,2021-07-30,day,
11217,9-3 Freestyle,105911,41,2021-07-30,day,
11218,Score (feat. SZA & 6LACK),200968,51,2021-07-30,day,
11219,THIB,154517,44,2021-07-30,day,
11220,HB2U,345486,43,2021-07-30,day,
11221,MY BURNER,196388,14,2024-12-01,day,
11222,WHERE WE FROM,131996,8,2024-12-01,day,
11223,STAY READY,237244,11,2024-12-01,day,
11224,STANKA POOH,121412,55,2024-08-30,day,
11225,BULLFROG,94587,60,2024-08-30,day,
11226,BOILED PEANUTS,121858,64,2024-08-30,day,
11227,DENIAL IS A RIVER,159586,81,2024-08-30,day,
11228,CATFISH,134097,71,2024-08-30,day,
11229,SKIPP,100646,56,2024-08-30,day,
11230,HIDE N SEEK,149338,55,2024-08-30,day,
11231,BLOOM,133342,55,2024-08-30,day,
11232,NISSAN ALTIMA,126832,78,2024-08-30,day,
11233,I Hate Your Ex-Girlfriend (feat. Doechii),143829,45,2024-10-18,day,
11234,Dear Fren,182052,44,2024-12-06,day,
11235,Ready Set Goku,155544,41,2024-12-06,day,
11236,Maybe In Nirvana,177555,48,2024-12-06,day,
11237,Mornin',258399,57,1983-01-01,year,
11238,Don't Stop - 2004 Remaster,193346,77,1977-02-04,day,
11239,What They Do,314840,25,2005-01-01,day,
11240,Good Music,248226,22,2005-01-01,day,
11241,The Lesson,304533,15,2005-01-01,day,
11242,Star,352160,25,2005-01-01,day,
11243,The Hypnotic,292773,16,2005-01-01,day,
11244,Silent Treatment,412493,34,1995-01-17,day,
11245,"What You Want - Live, 1999",247053,21,1999-02-23,day,
11246,Do You Want More?!!!??!,201000,33,1995-01-17,day,
11247,"It's Comin' - Live at The Trocadero, Illadelph December 1993",259320,10,2005-01-01,day,
11248,Double Trouble,383106,14,2005-01-01,day,
11249,Ya'll Know Who,240026,15,1999-02-23,day,
11250,Star/Pointro,,,,day,
11251,!!!!!!!,24653,1,2002-01-01,year,
11252,Sacrifice,284506,34,2002-01-01,year,
11253,Rolling With Heat,222080,28,2002-01-01,year,
11254,Thought @ Work,283786,29,2002-01-01,year,
11255,Break You Off,447440,44,2002-01-01,year,
11256,Water,624293,25,2002-01-01,year,
11257,I Am Blu,178774,12,2025-01-03,day,
11258,Hidden in Plain Sight,197209,31,2024-12-20,day,
11259,WAIT,184894,62,2024-08-30,day,
11260,Drowning,360502,37,2016-09-23,day,
11261,Rapper Weed,160000,55,2020-04-23,day,
11262,I Deserve (w/ NOS.),162858,54,2021-11-11,day,
11263,Tommy Snort,162000,24,2025-01-10,day,
11264,RIP Young (feat. Project Pat & Juicy J) - Remix,180000,48,2021-11-19,day,
11265,grey.,164285,47,2022-12-20,day,
11266,freedom or fame ?,196288,50,2022-12-20,day,
11267,black benz.,142576,50,2022-12-20,day,
11268,aitd - demo,138177,41,2022-12-20,day,
11269,ALICE.,179366,65,2024-06-14,day,
11270,THE ART OF WAR.,154028,42,2024-06-14,day,
11271,VILLIANS THEME.,140639,31,2024-06-14,day,
11272,lonrwrld (freestyle),152058,50,2023-04-28,day,
11273,who?,149565,41,2023-06-23,day,
11274,Claymore (feat. Smino),186151,31,2021-11-19,day,
11275,All Herb (feat. Amindi),224447,30,2021-11-19,day,
11276,Hey Mista,115862,30,2021-11-19,day,
11277,Wat U Sed (feat. Doechii & Kal Banx),176682,32,2021-11-19,day,
11278,Don't Shoot,141040,29,2021-11-19,day,
11279,Chad (feat. YGTUT),159717,30,2021-11-19,day,
11280,Darkseid,126618,31,2021-11-19,day,
11281,From the Garden (feat. Lil Uzi Vert),189306,30,2021-11-19,day,
11282,Made In America,194386,25,2015-10-09,day,
11283,Hashtag,179920,25,2015-10-09,day,
11284,Circles,251600,25,2015-10-09,day,
11285,Falling out the Sky,220353,56,2021-03-26,day,
11286,Doves,525253,31,2024-02-27,day,
11287,S on Ya Chest,264983,41,2016-12-15,day,
11288,Keep on Slippin (feat. Vic Mensa),297278,26,2016-12-15,day,
11289,silent heel,235479,35,2024-05-24,day,
11290,"Consolations, S. 172: No. 3 in D-Flat Major. Lento, placido",254000,61,1992-01-01,day,
11291,Rain (feat. Vince Staples),153881,60,2021-10-15,day,
11292,Dr. Dre 1,25720,0,2011-01-01,day,
11293,Prospect Park West,102446,50,2023-05-12,day,
11294,Grape,111552,36,2022-12-23,day,
11295,Heartbreak Anonymous,104347,40,2022-02-16,day,
11296,Ole Ass Kendrick,143640,46,2022-10-28,day,
11297,Anthem,106909,23,2022-02-16,day,
11298,HURT People,121518,26,2022-02-16,day,
11299,Mr. Heartbreak,130470,7,2022-02-16,day,
11300,1-800-HEARTBREAK Interlude,56000,5,2022-02-16,day,
11301,Hoes,148187,5,2022-02-16,day,
11302,Mumble Rap,255560,49,2024-06-28,day,
11303,Cake,202920,49,2024-06-28,day,
11304,Palaces,225760,48,2024-06-28,day,
11305,No. 1 Headband,263666,48,2024-06-28,day,
11306,Bigfoot,225080,43,2024-06-28,day,
11307,Outside,254026,42,2024-06-28,day,
11308,Til Eternity,235186,44,2024-06-28,day,
11309,(…),156551,28,2024-05-17,day,
11310,ANTONOMASIA,146811,34,2024-05-17,day,
11311,POLITickle,217029,33,2024-05-17,day,
11312,SONJE,208257,37,2024-05-17,day,
11313,PADON,186666,32,2024-05-17,day,
11314,EMPTY SPACES,136363,29,2024-05-17,day,
11315,SUR LE PONT d'AVIGNON (Reparation #1),153607,40,2024-05-17,day,
11316,XEROX CLAT,126486,26,2024-05-17,day,
11317,GORGON ZOE LAN,66975,27,2024-05-17,day,
11318,THE SERPENT AND THE RAINBOW,173782,31,2024-05-17,day,
11319,COPY COLD,226000,37,2024-05-17,day,
11320,#RICHAXXHAITIAN,167142,47,2024-05-17,day,
11321,No Blood No Sweat,114329,48,2021-05-21,day,
11322,The Stellar Ray Theory,194652,46,2021-05-21,day,
11323,Folie Á Deux (feat. Westside Gunn & Keisha Plum),154894,43,2021-05-21,day,
11324,Terms And Conditions,163771,42,2024-06-28,day,
11325,Guilty,223818,45,2024-10-31,day,
11326,All Madden,135009,32,2024-06-28,day,
11327,Flying Trapeze Act,167998,38,2024-06-28,day,
11328,The Ol Switcharoo,197216,33,2024-06-28,day,
11329,Undisputed,151040,28,2024-06-28,day,
11330,Lamp Shade,180013,27,2024-06-28,day,
11331,St. Juliana,137485,30,2024-06-28,day,
11332,Permission,180851,29,2024-06-28,day,
11333,LON LON,181333,36,2024-05-17,day,
11334,AUX BON PARFUMS,85449,24,2024-05-17,day,
11335,SAME 24,206718,44,2024-05-17,day,
11336,GUGGENHEIM JEUNE,171187,27,2024-05-17,day,
11337,HOLY ____,227245,30,2024-05-17,day,
11338,Kriminel,156000,39,2021-05-21,day,
11339,Ski'd Up,130194,37,2024-05-22,day,
11340,$payforhaiti (feat. Mach-Hommy),183773,47,2021-11-19,day,
11341,Mozambique Drill,162373,38,2022-06-21,day,
11342,What You Need (feat. Charlotte Day Wilson),183786,66,2019-12-13,day,
11343,Well I Bet Ya,111300,34,2019-03-08,day,
11344,Dumb It Down (feat. GemStones & Graham Burris),243746,36,2007-01-01,day,
11345,Feel A Way (feat. Don Toliver),196850,63,2024-06-07,day,
11346,Nightrider,300990,58,2020-04-24,day,
11347,Spit It Out (feat. Rochelle Jordan),219035,58,2024-06-07,day,
11348,Pieces Of A Dream,158652,32,2024-10-18,day,
11349,We’re On Our Way,256092,32,2024-07-12,day,
11350,Ali's Roti Shop,102517,36,2024-05-22,day,
11351,Lonesome,276080,28,2024-07-12,day,
11352,Skurrr,107179,40,2024-03-06,day,
11353,Two Door,163636,33,2024-03-06,day,
11354,Fortunate,254226,35,2024-07-12,day,
11355,Blueslides,235317,57,2024-03-01,day,
11356,Burning Desire,108281,46,2023-10-13,day,
11357,Max Caster,136800,35,2024-11-01,day,
11358,Stellar,263906,27,2024-07-12,day,
11359,A Forsaken Lover's Plea,132670,27,2024-05-22,day,
11360,Chi-Town Do It,266066,30,2024-07-12,day,
11361,Dead Vines,135698,21,2024-05-22,day,
11362,The Show Goes On,239613,71,2011-03-04,day,
11363,Hot Water Tank,178520,50,2021-12-17,day,
11364,Makrel Jaxon,120609,38,2021-05-21,day,
11365,Marie,169323,44,2021-05-21,day,
11366,Leta Yo (Skit),34137,24,2021-05-21,day,
11367,Rami (feat. Westside Gunn),148000,32,2021-05-21,day,
11368,Photographic Memories (feat. Earl Sweatshirt),233226,52,2021-08-13,day,
11369,RIGHT NOW (feat. Stove God Cooks & Jadakiss),219155,43,2021-08-27,day,
11370,100 High Street,94906,46,2023-10-06,day,
11371,The Star Room (OG Version) - Bonus Track,264217,45,2023-06-23,day,
11372,Making The Band (Danity Kane),105999,42,2023-06-30,day,
11373,MTOMB (feat. Liv.e),70055,39,2019-11-01,day,
11374,I'M NOT LEAVING,184031,5,2025-01-21,day,
11375,VENGEANCE,121656,2,2025-01-21,day,
11376,WWTB,168042,5,2025-01-21,day,
11377,PLAYING WITH FIRE,134954,1,2025-01-21,day,
11378,Caged Bird,239880,56,2015-01-01,day,
11379,Dawg House,106374,50,2022-08-26,day,
11380,everybody dies,161826,56,2016-12-06,day,
11381,No Kizzy,165888,18,2022-03-04,day,
11382,All I Need,169802,54,2021-10-01,day,
11383,December 24,106853,47,2018-11-30,day,
11384,"Elimination Chamber (feat. Earl Sweatshirt, Vince Staples & Action Bronson)",224800,48,2023-04-20,day,
11385,4X4,190581,75,2025-01-24,day,
11386,The Caliphate (feat. Vince Staples),230720,49,2023-10-06,day,
11387,Free the Ruler,146640,45,2023-10-06,day,
11388,Adoration of the Magi (feat. Crystal "Røvél" Torres),,,,day,
11389,Wake Me Up (feat. Justice),308575,71,2025-01-31,day,
11390,Cry For Me,224136,82,2025-01-31,day,
11391,I Can't Fucking Sing,12288,19,2025-01-31,day,
11392,São Paulo (feat. Anitta),301623,85,2025-01-31,day,
11393,Until We're Skin & Bones,22033,22,2025-01-31,day,
11394,Baptized In Fear,232176,73,2025-01-31,day,
11395,Open Hearts,234923,74,2025-01-31,day,
11396,Opening Night,96024,66,2025-01-31,day,
11397,"Reflections Laughing (feat. Travis Scott, Florence + The Machine)",291192,71,2025-01-31,day,
11398,Enjoy The Show (feat. Future),301428,68,2025-01-31,day,
11399,Given Up On Me,354781,69,2025-01-31,day,
11400,I Can't Wait To Get There,188921,67,2025-01-31,day,
11401,Timeless (feat Playboi Carti),256000,90,2025-01-31,day,
11402,Niagara Falls,277274,72,2025-01-31,day,
11403,Take Me Back To LA,253734,68,2025-01-31,day,
11404,Big Sleep (feat. Giorgio Moroder),225312,63,2025-01-31,day,
11405,Give Me Mercy,216431,64,2025-01-31,day,
11406,Drive,188645,65,2025-01-31,day,
11407,Thriller,357800,74,1982-11-30,day,
11408,Enjoy The Show (feat. Future),301428,40,2025-01-30,day,
11409,Timeless (feat. Playboi Carti),256000,62,2025-01-30,day,
11410,The Abyss (feat. Lana Del Rey),282873,65,2025-01-30,day,
11411,Red Terror,231860,47,2025-01-30,day,
11412,What U Bouta Do?/A Star was Born (feat. 454),150655,37,2025-01-31,day,
11413,"Palisades, CA",194453,51,2023-03-31,day,
11414,Neverender,266493,72,2024-04-26,day,
11415,Generator,282746,49,2024-04-26,day,
11416,Hurry Up Tomorrow,291486,65,2025-01-31,day,
11417,The Morning,314109,75,2011-03-21,day,
11418,Without a Warning,297525,67,2025-01-31,day,
11419,GOT ME GEEKED,152275,49,2024-11-15,day,
11420,Real Life,206973,73,2024-05-31,day,
11421,Loft Music,363057,60,2011-03-21,day,
11422,The Knowing,342828,59,2011-03-21,day,
11423,Gone,486425,51,2011-08-18,day,
11424,The Town,307346,55,2013-09-10,day,
11425,Adaptation,283933,54,2013-09-10,day,
11426,Love In The Sky,267920,53,2013-09-10,day,
11427,Belong To The World,307173,51,2013-09-10,day,
11428,Live For,222666,52,2013-09-10,day,
11429,Hustla’s Story (feat. Kendrick Lamar),268371,37,2018-02-13,day,
11430,I Been,154466,54,2025-02-07,day,
11431,SLIDE,174288,62,2024-08-30,day,
11432,Bad Choices,182226,54,2025-02-07,day,
11433,What You Need,206421,72,2011-03-21,day,
11434,Coming Down,295435,78,2011-03-21,day,
11435,Rolling Stone,230783,54,2011-08-18,day,
11436,Lonely Star,349032,56,2011-08-18,day,
11437,HOODLUMZ (with PlayThatBoiZay & A$AP Rocky),,,,day,
11438,Wars & Rumors of Wars (Freestyle),144000,34,2025-02-12,day,
11439,Alien Girl (Today W/ Her),239973,51,2010-09-14,day,
11440,The Zone,418056,62,2011-08-18,day,
11441,Thursday,320004,54,2011-08-18,day,
11442,Anti-Social,229748,19,2020-07-10,day,
11443,Hustle Don't Give,232547,24,2020-07-10,day,
11444,Teenage Fever,219692,81,2017-03-18,day,
11445,Circadian Rhythm,126356,75,2024-08-30,day,
11446,No Face,137142,74,2024-08-31,day,
11447,Set You Free,133885,62,2025-02-12,day,
11448,SOMEBODY LOVES ME,182767,80,2025-02-14,day,
11449,Practice,126486,26,2024-08-23,day,
11450,Tap Water - Remix,164865,10,2024-04-19,day,
11451,6xans,155559,14,2020-07-31,day,
11452,Ain't Gon Cry,207846,25,2025-02-12,day,
11453,Funny Guy,158168,45,2024-03-01,day,
11454,DON'T YOU LIE,191466,62,2023-10-13,day,
11455,Low,181080,75,2022-12-09,day,
11456,cLOUDs,242086,69,2025-02-21,day,
11457,1985,152546,65,2020-05-29,day,
11458,HEALTH SCIENCE,203413,43,2025-02-14,day,
11459,LLC,198466,49,2025-02-07,day,
11460,Knock Tha Hustle - Remix,250186,49,2014-01-01,day,
11461,Snooze,201800,85,2022-12-09,day,
11462,Trae The Truth in Ibiza,255440,63,2024-04-05,day,
11463,Meet Again,320200,48,2019-07-19,day,
11464,Sideline Story,237853,60,2011-09-27,day,
11465,OUTLANDER,189920,44,2025-02-14,day,
11466,Life Of The Party (with André 3000),391656,60,2021-11-14,day,
11467,Mr. Nice Watch,237946,46,2011-09-27,day,
11468,Cole World,184586,50,2011-09-27,day,
11469,Jodeci Freestyle (feat. J. Cole),254022,54,2019-08-02,day,
11470,New York Times (feat. 50 Cent & Bas),271813,50,2013-06-18,day,
11471,Grey October,218000,52,2020-02-07,day,
11472,Munyon Canyon,222640,56,2025-02-07,day,
11473,GUMBO YAYA,280894,43,2025-02-14,day,
11474,48 Laws,139306,38,2015-01-01,day,
11475,Housewives,196160,36,2015-01-01,day,
11476,GBP (feat. 21 Savage),154800,74,2025-01-24,day,
11477,Knife Talk (with 21 Savage ft. Project Pat),242965,75,2021-09-03,day,
11478,I Told You In 07,166666,47,2019-09-03,day,
11479,Let's Drive To Vegas,171000,53,2019-09-03,day,
11480,Ignorance Is Bliss,210494,53,2010-09-14,day,
11481,Mason Cafe,109090,49,2019-09-03,day,
11482,THank god 4 me,177260,58,2024-03-01,day,
11483,B.O.B,221975,33,2025-02-27,day,
11484,The London (feat. J. Cole & Travis Scott),200186,73,2019-08-16,day,
11485,Zendaya (feat. J. Cole),258165,50,2018-02-13,day,
11486,055,243347,46,2025-02-14,day,
11487,What Would Pluto Do,182998,63,2023-10-06,day,
11488,The Real Her,321080,63,2011-11-15,day,
11489,HYFR (Hell Ya Fucking Right),206626,72,2011-11-15,day,
11490,Practice,237733,77,2011-11-15,day,
11491,The Ride,351000,64,2011-11-15,day,
11492,The Motto,181573,74,2011-11-15,day,
11493,Just Friends (Sunny),251426,50,2000-11-14,day,
11494,Halfcrazy,254493,63,2002-05-07,day,
11495,Love,304666,59,2000-01-01,day,
11496,sobeautiful,291133,57,2008-11-24,day,
11497,Saturday Mornings (feat. Lil Wayne),262573,48,2024-11-15,day,
11498,Colossal,196133,47,2025-02-07,day,
11499,Life Is Beautiful,186360,61,2025-02-07,day,
11500,Generation,256105,52,2025-02-07,day,
11501,Any Day,183546,48,2025-02-07,day,
11502,Rug Burn,194774,23,2021-10-29,day,
11503,Afro Blue - 9th Wonder's Blue Light Basement Remix,307440,44,2022-11-11,day,
11504,From My Heart and My Soul (feat. Phoelix),150496,48,2020-07-10,day,
11505,Nobody's Perfect,201011,44,2017-08-21,day,
11506,Acaecer,224906,53,2024-07-04,day,
11507,Mama Jay,225255,58,2017-04-21,day,
11508,Stars,268833,24,2009-01-01,year,
11509,The Force,245946,45,1999-01-01,year,
11510,Share,106626,25,2008-09-08,day,
11511,Nic's Groove,337960,33,2004-01-01,year,
11512,Chameleon,175813,49,2024-07-31,day,
11513,"Sleepless Nights (feat. Buddy, Reuben Vincent & Phoelix)",239020,33,2020-10-09,day,
11514,Chinatown Chill,162186,39,2009-09-04,day,
11515,Mulholland Drive,221893,54,2022-06-17,day,
11516,Lavender,184626,51,2024-10-04,day,
11517,Maintain - Liquid Soul Remix,189546,21,2006-05-16,day,
11518,Blue,193354,64,2017-04-21,day,
11519,Bluebird,220413,55,2005-01-01,year,
11520,Last Nite,221333,24,2024-05-10,day,
11521,Vision Eyes (feat. Golden Boy),243906,40,2008-07-16,day,
11522,Let It Go (feat. The Pharcyde) - Regrind 09,199568,44,2017-03-12,day,
11523,Catch My Drift,270706,0,2017-09-26,day,
11524,Under The Moon (feat. BLU),130369,15,2021-09-17,day,
11525,You - Remix,240340,17,2019-10-18,day,
11526,Fall In Love (Instrumental Mix),187519,31,2010-10-12,day,
11527,Pete's Jazz,315322,34,2001-01-01,year,
11528,Main Titles (From the HBO Miniseries "Band of Brothers" Soundtrack),144893,46,2001-07-19,day,
11529,Band of Brothers - Suite One (From the HBO Miniseries "Band of Brothers" Soundtrack),391533,35,2001-07-19,day,
11530,Band of Brothers - Suite Two (From the HBO Miniseries "Band of Brothers" Soundtrack),553293,33,2001-07-19,day,
11531,The Mission Begins (From the HBO Miniseries "Band of Brothers" Soundtrack),349266,32,2001-07-19,day,
11532,Swamp (From the HBO Miniseries "Band of Brothers" Soundtrack),128666,28,2001-07-19,day,
11533,Spier's Speech (From the HBO Miniseries "Band of Brothers" Soundtrack),60066,26,2001-07-19,day,
11534,Fire on Lake (From the HBO Miniseries "Band of Brothers" Soundtrack),135560,26,2001-07-19,day,
11535,"Piano Concerto No. 1 in F-Sharp Minor, Op. 1: I. Vivace",742000,32,2003-01-01,day,
11536,BBL Love - Interlude,161363,55,2023-10-06,day,
11537,Wilting,271255,64,2024-03-03,day,
11538,My Way,276800,75,1969-03-01,month,
11539,Fly Me To The Moon (In Other Words),147000,72,1962-12-10,day,
11540,That's Life,187040,72,1966-11-01,month,
11541,Blue in Green (feat. John Coltrane & Bill Evans),337733,65,1959-08-17,day,
11542,Strangers In The Night,157866,73,1966-05-01,month,
11543,I've Got You Under My Skin - Remastered 1998,223760,68,1956-03-01,month,
11544,"Theme From New York, New York - 2008 Remastered",204906,68,2008-05-13,day,
11545,Come Fly With Me - Remastered 1998,199093,67,1958-01-01,year,
11546,The Girl From Ipanema,200360,65,1967-03-01,month,
11547,You Make Me Feel So Young - Remastered 1998,177400,64,1956-03-01,month,
11548,The Lady Is A Tramp - Remastered 1998,194306,58,1957-06-01,month,
11549,Love Is Here To Stay - Remastered 1998,162840,59,1956-03-01,month,
11550,Nice 'n' Easy - Remastered 1999,165760,57,1960-07-01,month,
11551,When You're Smiling (The Whole World Smiles With You) - 1999 Remastered,120333,57,1961-01-01,year,
11552,Summer Wind,178253,61,1966-05-01,month,
11553,Young At Heart,174466,56,1963-08-01,month,
11554,In The Wee Small Hours Of The Morning - Remastered 1998,180933,57,1955-01-01,year,
11555,Oh My,237533,35,2015-08-13,day,
11556,STUCK,217271,42,2022-06-17,day,
11557,NONCHALANT (feat. Mamii),204437,47,2022-06-17,day,
11558,Fuel - Shady Edition,290422,53,2024-09-13,day,
11559,CAN'T GET OVER YOU (feat. Smino & Teezo Touchdown),196294,48,2022-06-17,day,
11560,My Love Mine All Mine,137773,86,2023-09-15,day,
11561,Washing Machine Heart,128198,83,2018-08-17,day,
11562,Say Yes To Heaven,209156,84,2023-05-19,day,
11563,Happiness is a butterfly,272485,73,2019-08-30,day,
11564,Video Games,281960,78,2012-01-01,day,
11565,Summertime Sadness,265427,84,2012-01-01,day,
11566,Sweet,201779,60,2021-10-22,day,
11567,CAN'T EVEN LIE (feat. Soulja Boy),194971,37,2022-06-17,day,
11568,PRIDEFUL II,225094,33,2022-06-17,day,
11569,AIGHT (feat. Shelley FKA DRAM),164136,49,2022-06-17,day,
11570,Tired/Reflections,241066,36,2019-01-25,day,
11571,Silent Ride,170506,48,2019-01-25,day,
11572,Swap Meet,146773,36,2019-01-25,day,
11573,Self Destruction,160066,46,2019-01-25,day,
11574,Time (feat. Snoh Aalegra),145866,45,2019-01-25,day,
11575,Almeda,236120,60,2019-03-01,day,
11576,Mad (feat. Lil Wayne),235493,53,2016-09-30,day,
11577,Images from the Great Siege (Version for Orchestra): IV. Solitary Rider,101440,17,2020-10-09,day,
11578,Better Dayz,301469,39,2018-09-28,day,
11579,For Colored Boys,223116,30,2019-05-15,day,
11580,Long Beach,252778,55,2020-05-22,day,
11581,Colorado,206500,53,2018-10-24,day,
11582,BLAH,147906,39,2024-12-13,day,
11583,Pomegranate,109638,49,2021-01-18,day,
11584,Hollywood,241678,44,2019-05-15,day,
11585,Alkaline,190252,42,2019-05-15,day,
11586,Barcelona,200295,38,2023-06-30,day,
11587,Chicago Diner,175037,42,2019-05-15,day,
11588,Outside,203793,43,2021-04-21,day,
11589,Mi Casa,206636,40,2020-05-22,day,
11590,Summerhouse,208500,45,2020-05-22,day,
11591,B.Q.E,263710,42,2020-05-22,day,
11592,Lupita's Interlude,58881,22,2020-05-22,day,
11593,Away Park,253386,31,2020-05-22,day,
11594,Volvo,180094,31,2020-05-22,day,
11595,Morocco,181353,32,2020-05-22,day,
11596,Seven (Interlude),136501,24,2020-05-22,day,
11597,Always,282975,30,2020-05-22,day,
11598,Lakeith's Interlude,41749,19,2020-05-22,day,
11599,Everything,209280,33,2020-05-22,day,
11600,The Spins,195873,83,2010-08-13,day,
11601,Love Lost,162875,78,2022-07-22,day,
11602,Congratulations (feat. Bilal),256426,76,2016-09-16,day,
11603,Self Care,345133,75,2018-08-03,day,
11604,Stoned,243522,69,2025-01-17,day,
11605,Small Worlds,271733,74,2018-08-03,day,
11606,Blue World,209440,72,2020-01-17,day,
11607,5 Dollar Pony Rides,222119,61,2025-01-17,day,
11608,Come Back to Earth,161840,74,2018-08-03,day,
11609,Hurt Feelings,245640,67,2018-08-03,day,
11610,What's the Use?,288640,67,2018-08-03,day,
11611,Perfecto,215413,61,2018-08-03,day,
11612,Wings,250120,67,2018-08-03,day,
11613,KILLA MODE (feat. Storm Ford),164914,36,2022-06-17,day,
11614,Rainy Days (feat. Eminem),234640,53,2019-01-25,day,
11615,Skydive II (feat. 6LACK),173160,39,2019-01-25,day,
11616,Whose Fault (feat. Christian Scott aTunde Adjuah),190693,29,2019-01-25,day,
11617,Life Is Good (feat. Drake),237918,75,2020-05-15,day,
11618,Last Name (feat. Lil Durk),208974,56,2020-05-15,day,
11619,HiTek Tek,182400,47,2020-05-15,day,
11620,Photoshoot,237865,38,2009-12-08,day,
11621,"Life Is Good (feat. Drake, DaBaby & Lil Baby) - Remix",314760,48,2020-05-15,day,
11622,FXCK UP THE WORLD (feat. Future),184155,49,2025-02-24,day,
11623,Ooooh (feat. Young Scooter),187592,14,2015-05-12,day,
11624,Informations,225452,15,2014-06-10,day,
11625,Big Pretty Bridges (3 Days Off In Alburquerque),195866,16,2014-06-10,day,
11626,Doug Stamper,288319,22,2014-06-10,day,
11627,Touch The Sky,144361,47,2020-05-15,day,
11628,Solitaires (feat. Travis Scott),205666,60,2020-05-15,day,
11629,Ridin Strikers,225347,53,2020-05-15,day,
11630,One Of My,142978,49,2020-05-15,day,
11631,Posted With Demons,189341,49,2020-05-15,day,
11632,Hard To Choose One,193656,69,2020-05-15,day,
11633,Trillionaire (feat. Youngboy Never Broke Again),167551,57,2020-05-15,day,
11634,Harlem Shake (feat. Young Thug),148246,45,2020-05-15,day,
11635,Tycoon,201907,46,2020-05-15,day,
11636,Up the River,189501,52,2020-05-15,day,
11637,Pray For A Key,173609,46,2020-05-15,day,
11638,Too Comfortable,236818,70,2020-05-15,day,
11639,All Bad (feat. Lil Uzi Vert),207738,53,2020-05-15,day,
11640,BROWN SKIN GIRL,248472,61,2019-07-19,day,
11641,Neva Missa Lost,238009,45,2017-07-27,day,
11642,I Thank U,141342,42,2017-07-27,day,
11643,New Illuminati,181742,39,2017-07-27,day,
11644,Faithful,290133,57,2016-05-06,day,
11645,Still Here,189853,66,2016-05-06,day,
11646,Free Smoke,218673,61,2017-03-18,day,
11647,Love All (with JAY-Z),228461,70,2021-09-03,day,
11648,TSU,308755,74,2021-09-03,day,
11649,Poland,83200,59,2022-10-11,day,
11650,MICHELLE WORLD,50387,36,2025-02-14,day,
11651,BOSWELL,305612,41,2025-02-14,day,
11652,ADAM PAGE,205569,41,2025-02-14,day,
11653,VEERT,363658,39,2025-02-14,day,
11654,FXCK UP THE WORLD (feat. Future),184155,72,2025-02-28,day,
11655,running out of time,269244,55,2023-01-27,day,
11656,THE zone~,249685,50,2023-01-27,day,
11657,WE SAW THE SUN!,331428,50,2023-01-27,day,
11658,Gently (feat. Bad Bunny),133694,66,2023-10-06,day,
11659,Girls Want Girls (with Lil Baby),221979,77,2021-09-03,day,
11660,HIM ALL ALONG,158666,72,2024-10-18,day,
11661,Lemonade (feat. NAV),195428,75,2020-08-28,day,
11662,P power (feat. Drake),193346,75,2022-01-13,day,
11663,Who You Foolin,151539,73,2019-02-22,day,
11664,collage,147720,63,2024-05-10,day,
11665,whatsapp (wassam),148240,59,2024-05-10,day,
11666,trio,116360,60,2024-05-10,day,
11667,still prevail,192000,68,2024-05-10,day,
11668,clear my rain (feat. Leon Bridges),183346,57,2024-05-10,day,
11669,Solid (feat. Drake),215693,71,2021-04-16,day,
11670,Off White VLONE (Lil Baby & Gunna feat. Lil Durk & NAV),187464,58,2018-10-05,day,
11671,Business Is Business (Lil Baby & Gunna),162268,61,2018-10-05,day,
11672,Belly (Lil Baby & Gunna),191724,53,2018-10-05,day,
11673,Deep End (Lil Baby & Gunna),174661,49,2018-10-05,day,
11674,World Is Yours (Lil Baby & Gunna),157198,49,2018-10-05,day,
11675,Underdog (Lil Baby & Gunna),211853,49,2018-10-05,day,
11676,Wit It,139644,51,2019-02-22,day,
11677,Big Shot (with Travis Scott),221826,61,2018-02-09,day,
11678,BACKR00MS (with Travis Scott),160306,68,2025-03-25,day,
11679,Walk,166039,57,2022-10-28,day,
11680,Too Hotty,295997,56,2017-12-08,day,
11681,F*ck 12,211680,28,2013-07-09,day,
11682,Young Rich N*ggas,250824,30,2013-07-09,day,
11683,1017 (feat. Young Thug),180080,39,2015-06-09,day,
11684,Hotpocket,160120,29,2015-06-09,day,
11685,Avalanche,206271,56,2021-06-11,day,
11686,Vaccine,221958,48,2021-06-11,day,
11687,"Dreams, Fairytales, Fantasies (feat. Brent Faiyaz & Salaam Remi)",222986,76,2019-08-16,day,
11688,I'm Ready,281573,46,2003-03-25,day,
11689,FRANCHISE (feat. Young Thug & M.I.A.),202794,73,2020-09-25,day,
11690,queens shit.,82000,15,2018-05-18,day,
11691,Championships,261742,48,2018-11-30,day,
11692,That Go! (feat. T-Shyne),226400,71,2021-04-16,day,
11693,Face Down,276280,33,2012-05-07,day,
11694,Ready or Not,256026,40,2012-05-07,day,
11695,In God We Trust,277440,24,2012-10-26,day,
11696,Young & Gettin' It (feat. Kirko Bangz),205973,23,2012-10-26,day,
11697,Navajo,194157,73,2017-06-08,day,
11698,All Eyes on You (feat. Chris Brown & Nicki Minaj),223973,72,2015-06-29,day,
11699,Proud Of Me (feat. Meek Mill),230720,60,2025-02-28,day,
11700,Blue Notes,227808,69,2016-10-28,day,
11701,R.I.C.O. (feat. Drake),197133,65,2015-06-29,day,
11702,Ima Boss (feat. Rick Ross),250240,64,2011-05-23,day,
11703,Me or Us,157880,44,2017-06-16,day,
11704,Get High (feat. Snoop Dogg & Lil Durk),293933,42,2017-06-16,day,
11705,Feel No Ways,240653,76,2016-05-06,day,
11706,Fire & Desire,238120,73,2016-05-06,day,
11707,Weston Road Flows,253533,66,2016-05-06,day,
11708,Life is a Highway,275640,74,2006-01-01,day,
11709,You (feat. Travis Scott),213637,75,2021-10-08,day,
11710,Crossfaded,159033,57,2021-10-08,day,
11711,BOGUS,199709,53,2021-10-08,day,
11712,NEW DROP,217333,81,2024-06-14,day,
11713,Cardigan,158708,75,2020-03-13,day,
11714,FIELD TRIP,163155,67,2024-08-03,day,
11715,When It Comes To You,168075,67,2023-08-25,day,
11716,The Iron Wall,245052,28,2025-04-04,day,
11717,LV Bag (feat. j-hope of BTS & Pharrell Williams),182603,67,2025-02-21,day,
11718,No Idea,154424,80,2020-03-13,day,
11719,BANDIT,147706,75,2024-06-14,day,
11720,Mystery Lady,228453,71,2020-11-13,day,
11721,WE NEED ALL DA VIBES (with Young Thug & Ty Dolla $ign),181626,67,2025-03-14,day,
11722,"Dum, Dumb, and Dumber (with Young Thug & Future)",227400,70,2025-01-10,day,
11723,4 Me (feat. Kali Uchis),160013,48,2023-02-28,day,
11724,Go Down (feat. TisaKorean),210853,49,2023-02-28,day,
11725,Time Heals All,233226,49,2023-02-28,day,
11726,Leather Coat,241440,50,2023-02-28,day,
11727,Honeymoon,184853,48,2023-02-28,day,
11728,If I Had (feat. Charlie Wilson),208373,47,2023-02-28,day,
11729,Company Pt. 3,180933,48,2023-02-28,day,
11730,Bus Stop (feat. Brent Faiyaz),236840,50,2023-02-28,day,
11731,Cinderella (feat. Toro y Moi),226706,46,2023-02-28,day,
11732,Encouragement,176186,45,2023-02-28,day,
11733,Messi,197760,31,2025-03-07,day,
11734,Lose My Mind (feat. Doja Cat) [From F1® The Movie],209051,86,2025-04-30,day,
11735,Ocean Spray,164776,65,2023-06-02,day,
11736,No Sucker (feat. Moneybagg Yo),188606,66,2020-02-28,day,
11737,Said Sum,155168,66,2020-09-18,day,
11738,WHISKEY WHISKEY (feat. Morgan Wallen),161052,69,2024-06-14,day,
11739,Intro,36935,55,2022-06-17,day,
11740,Hype,209413,59,2016-05-06,day,
11741,U Played (feat. Lil Baby),164753,65,2020-01-10,day,
11742,Wockesha,180930,65,2021-04-23,day,
11743,Rocky Road (with Kodak Black),178948,48,2022-05-16,day,
11744,Redemption,333946,67,2016-05-06,day,
11745,Afterimage,245560,55,2024-04-26,day,
11746,One Night/All Night,276066,62,2024-04-26,day,
11747,Dear Alan,333040,44,2024-04-26,day,
11748,Drip or Drown,126168,71,2017-11-30,day,
11749,Ready (feat. Gunna),213287,71,2018-11-30,day,
11750,"Never Recover (Lil Baby & Gunna, Drake)",194732,73,2018-10-05,day,
11751,Married To The Game,130037,66,2016-10-13,day,
11752,Let It All Work Out,316192,79,2018-09-28,day,
11753,Slow Down - 12" Version,258665,73,2005-01-01,day,
11754,Say What's Real,230717,53,2009-01-01,year,
11755,Hustler Musik,303666,61,2005-01-01,day,
11756,With You,229373,53,2010-01-01,day,
11757,Tha Mobb,320546,49,2005-01-01,day,
11758,Receipt,228186,46,2005-01-01,day,
11759,Shooter,275266,45,2005-01-01,day,
11760,Weezy Baby,258760,38,2005-01-01,day,
11761,On Tha Block #3 - Skit,13586,0,2005-01-01,day,
11762,I'm A Dboy,240426,41,2005-01-01,day,
11763,Feel Me,228866,39,2005-01-01,day,
11764,Get Over,282720,36,2005-01-01,day,
11765,Fireman,263546,59,2005-01-01,day,
11766,Mo Fire,203733,43,2005-01-01,day,
11767,Hit Em Up,247040,44,2005-01-01,day,
11768,Fly In,143146,45,2005-01-01,day,
11769,Money On My Mind,271573,53,2005-01-01,day,
11770,On Tha Block #1 - Skit,38680,34,2005-01-01,day,
11771,Best Rapper Alive,293680,50,2005-01-01,day,
11772,Lock And Load,286560,39,2005-01-01,day,
11773,Oh No,191533,44,2005-01-01,day,
11774,Grown Man,246413,43,2005-01-01,day,
11775,On Tha Block #2 - Skit,25960,3,2005-01-01,day,
11776,Carter II,144080,41,2005-01-01,day,
11777,Fly Out,145053,38,2005-01-01,day,
11778,You,273133,60,2007-01-01,day,
11779,Every Painting Has a Price (feat. BJ The Chicago Kid and Eryn Allen Kane),213240,43,2025-03-18,day,
11780,Breakdown,166126,46,2025-03-18,day,
11781,Crash (feat. Raphael Saadiq and Kelly Rowland),208197,45,2025-03-18,day,
11782,Woes of The World,211240,43,2025-03-18,day,
11783,Stop Playing With Me,63266,36,2025-03-18,day,
11784,Westside Bound Pt. 4 (feat. MFnMelo),245826,44,2025-03-18,day,
11785,"head.rap (ft. Madison McFerrin, Ogi, Jordan Ward)",190055,47,2025-03-18,day,
11786,Acts 1.5,118720,38,2025-03-18,day,
11787,Reciprocity (feat. Ibeyi),89280,37,2025-03-18,day,
11788,Stomping,115226,38,2025-03-18,day,
11789,"a FEW songs (feat. Love Mansuy, Ogi, and Smino)",187613,45,2025-03-18,day,
11790,BIG PICTURE (feat. Ogi),160800,37,2025-03-18,day,
11791,30secchop (feat. Joseph Chilliams and Jean Deaux),147626,38,2025-03-18,day,
11792,How to Impress God,192013,42,2025-03-18,day,
11793,She Called It (feat. Frsh Waters and Tru),192493,37,2025-03-18,day,
11794,Tambourine Dream,33141,48,2025-01-17,day,
11795,DJ's Chord Organ (feat. SZA),315640,55,2025-01-17,day,
11796,Do You Have A Destination?,204564,57,2025-01-17,day,
11797,Friendly Hallucinations,285805,56,2025-01-17,day,
11798,Escapism.,272373,72,2022-12-07,day,
11799,Ladders,287040,71,2018-08-03,day,
11800,Conversation Pt. 1,210253,58,2018-08-03,day,
11801,Dunno,237093,64,2018-08-03,day,
11802,Jet Fuel,345213,69,2018-08-03,day,
11803,2009,347986,66,2018-08-03,day,
11804,Circles,170360,66,2020-01-17,day,
11805,Complicated,232211,60,2020-01-17,day,
11806,Good News,342040,69,2020-01-17,day,
11807,I Can See,220853,57,2020-01-17,day,
11808,Everybody,256506,59,2020-01-17,day,
11809,Woods,286386,70,2020-01-17,day,
11810,Hand Me Downs,298440,66,2020-01-17,day,
11811,That's On Me,217868,57,2020-01-17,day,
11812,Hands,199981,53,2020-01-17,day,
11813,Surf,330506,66,2020-01-17,day,
11814,Once A Day,160266,58,2020-01-17,day,
11815,CRUSH (with Travis Scott),173320,72,2025-03-14,day,
11816,GBP (feat. 21 Savage),154800,67,2025-01-16,day,
11817,Pure Cocaine,154023,78,2018-11-30,day,
11818,Verdansk,182285,65,2021-07-22,day,
11819,90mph,147567,73,2025-01-23,day,
11820,Oru Dheivam Thantha Poove - Female,395040,51,2002-02-14,day,
11821,Terror,182230,36,2017-12-23,day,
11822,Stop it!,163882,36,2022-03-04,day,
11823,Dolla $igns,183531,32,2021-12-15,day,
11824,SEREFINA,162073,1,2025-01-21,day,
11825,MOVIN' ON,163631,2,2025-01-21,day,
11826,DAYZ IN THE VILLA,172476,1,2025-01-21,day,
11827,Honeycomb,177962,22,2022-03-04,day,
11828,Talk,129071,18,2022-03-04,day,
11829,Throw Sum,137578,14,2022-03-04,day,
11830,Smoothe Recovery,182954,15,2022-03-04,day,
11831,Hardaway,216432,61,2024-10-31,day,
11832,La La Land (feat. YG),177253,51,2019-07-26,day,
11833,Me & My Bitch,211502,44,2014-03-18,day,
11834,Thank God,121404,31,2014-03-18,day,
11835,Sorry Momma,305931,32,2014-03-18,day,
11836,Forever,357920,68,2009-01-01,day,
11837,Not Afraid,248133,79,2010-06-18,day,
11838,Seduction,275400,53,2010-06-18,day,
11839,No Love,299506,70,2010-06-18,day,
11840,Cinderella Man,279013,68,2010-06-18,day,
11841,Bootleggers,216964,33,2020-02-21,day,
11842,45,139605,2,2024-01-25,day,
11843,Droptop,158293,2,2024-01-25,day,
11844,Lethal,171690,2,2024-01-25,day,
11845,Like This,144725,3,2024-01-25,day,
11846,Is You Happy,169984,2,2024-01-25,day,
11847,MMN Skit,14677,0,2024-01-25,day,
11848,MMN,161808,2,2024-01-25,day,
11849,Figure Skate,124763,2,2024-01-25,day,
11850,IDFW Them,126205,6,2024-01-25,day,
11851,Rebel,225962,2,2024-01-25,day,
11852,Unconditional Love,248490,1,2024-01-25,day,
11853,Redefine,104106,1,2024-01-25,day,
11854,Must Be The Shoes,201045,1,2024-01-25,day,
11855,I'm Back,210944,1,2024-01-25,day,
11856,"Just Begun (feat. Jay Electronica, J. Cole and Mos Def)",227373,49,2010-05-18,day,
11857,F.A.Y.B.A.N.,188630,32,2012-07-16,day,
11858,"Extra, Extra",249626,34,1998-04-07,day,
11859,Starz,183240,36,2003-01-01,year,
11860,Murder Was The Case,218186,60,1993-11-23,day,
11861,Trouble in the Water,225000,40,1997-11-12,day,
11862,Gorilla Monsoon,244000,40,2017-10-13,day,
11863,Etude Op. 25 no. 11 in a minor,221560,36,2020-03-01,day,
11864,Jazz Suite No. 2: VI. Waltz 2,193600,66,2002-04-15,day,
11865,"Piano Concerto No. 21 in C Major, K. 467: II. Andante",467546,41,1975-01-01,day,
11866,"Piano Concerto No. 20 in D Minor, K. 466: I. Allegro (Cadenza: Beethoven, WoO 58/1)",924520,35,1975-01-01,day,
11867,"Piano Concerto No. 20 in D Minor, K. 466: III. Rondo. Allegro assai (Cadenzas: Gulda; Beethoven, WoO 58/2)",462733,30,1975-01-01,day,
11868,"Piano Concerto No. 21 in C Major, K. 467: I. Allegro maestoso (Cadenza: Gulda)",894946,30,1975-01-01,day,
11869,"Chopin: Waltz No. 9 in A-Flat Major, Op. 69 No. 1 ""The Farewell Waltz """,268160,46,2017-02-03,day,
11870,"Waltz No. 7 in C-Sharp Minor, Op. 64 No. 2",,,,day,
11871,"Waltz in F-Sharp Minor, Op. posth., ""Valse melancolique""",187253,22,2011-11-01,day,
11872,"Capriccio brillant, Op. 22: Andante",150321,52,2021-05-14,day,
11873,"2 Arabesques, L. 66: No. 1 in E Major",273413,37,2015-11-06,day,
11874,"4 Impromptus, Op. 90, D. 899: No. 3 in G-flat major",377506,43,2019-03-15,day,
11875,Erik Satie: Gymnopédie No. 1,212503,50,2014-08-13,day,
11876,"The Seasons, Op. 37b: VI. June, ""Barcarolle""",271200,44,1998-09-03,day,
11877,Je te veux,314266,35,1984-01-01,day,
11878,Chopin - Prelude E-Minor OP.28 No 4,129242,47,2013-12-15,day,
12104,Sucka Free,161051,82,2025-07-21,day,
11879,"Bach: Adagio (After Violin Concerto No. 2, BWV 1042)",301400,51,2006-05-01,day,
11880,Liebestraum (Love Dream),279413,44,2019-03-01,day,
11881,"8 Pièces brèves, Op. 84: No. 5, Improvisation in C-Sharp Minor",120493,42,2016-05-04,day,
11882,"Lyric Pieces, Book I, Op. 12: No. 1, Arietta",86693,53,2015-05-19,day,
11883,Key,65000,66,2011-03-04,day,
11884,Gangsta Pastries,193490,11,2007-09-25,day,
11885,Thick,222440,43,2000-02-22,day,
11886,Outro - Fat Man Scoop,57426,37,2005-05-10,day,
11887,Shoomp - feat. Sean Paul,221760,21,2004-10-05,day,
11888,Me Myself and I,229333,56,1989-03-03,day,
11889,Levitating (feat. DaBaby),203064,82,2020-03-27,day,
11890,INTRO,172800,51,2019-09-27,day,
11891,OFF THE RIP,115609,49,2019-09-27,day,
11892,VIBEZ,144935,65,2019-09-27,day,
11893,POP STAR (feat. Kevin Gates),183144,52,2019-09-27,day,
11894,"GOSPEL (feat. Chance The Rapper, Gucci Mane & YK Osiris)",214893,43,2019-09-27,day,
11895,iPHONE (with Nicki Minaj),191920,46,2019-09-27,day,
11896,TOES (feat. Lil Baby & Moneybagg Yo),136366,72,2019-09-27,day,
11897,REALLY (feat. Stunna 4 Vegas),139500,44,2019-09-27,day,
11898,Run It Up (feat. Offset & Moneybagg Yo),232048,70,2021-04-02,day,
11899,ThankU (feat. Dave Chappelle),50786,41,2024-06-14,day,
11900,86Sentra,96009,47,2024-06-14,day,
11901,MoveOn,167894,47,2024-06-14,day,
11902,KeepHer (feat. Thundercat),254395,51,2024-06-14,day,
11903,Distractions,109051,47,2024-06-14,day,
11904,Pure Water (with Migos),192470,72,2019-06-28,day,
11905,Need It (feat. YoungBoy Never Broke Again),195680,74,2021-06-11,day,
11906,Bon Appétit,227813,71,2017-06-09,day,
11907,Say No Go,260411,49,1989-03-03,day,
11908,Stix & Stonz - Edit,442960,30,1994-01-01,year,
11909,The Steve Martin,276986,22,1988-06-07,day,
11910,Gangsta Bop,246226,41,2022-03-04,day,
11911,Never Took The Time,237706,27,2022-03-04,day,
11912,Mama Africa,265506,39,2022-03-04,day,
11913,Funkorama,183306,35,1996-04-23,day,
11914,Rockafella (R.I.P.),24840,1,1994-11-22,day,
11915,Man Don't Care,213250,63,2015-05-04,day,
11916,Don't @ Me,194050,37,2015-05-04,day,
11917,Pussyole (Old Skool),207546,34,2007-06-04,day,
11918,Ina Di Ghetto (feat. Badness & Ghetto),234806,34,2012-11-05,day,
11919,He's Too Much,161733,28,2006-09-01,day,
11920,Artillery,236571,32,2010-07-11,day,
11921,East London is Back,215333,15,2010-05-10,day,
11922,Before Before,170951,5,2024-02-13,day,
11923,Who Wants to Be A Millionaire,217226,9,2024-02-13,day,
11924,Don't Go,222545,53,2021-11-19,day,
11925,Don't Go - Radio Edit,237960,53,2011-08-19,day,
11926,The Product,259279,17,2007-10-01,day,
11927,London Town,292599,28,2007-10-01,day,
11928,Love Don’t Cost A Thing,206666,29,2024-10-18,day,
11929,30 and 10,138042,21,2016-08-22,day,
11930,Don't,198293,43,2020-09-25,day,
11931,19,275539,17,2017-04-14,day,
11932,Broke Boi,189321,56,2017-03-03,day,
11933,Same Clothes As Yesterday (feat. Ciscero),200774,34,2017-03-24,day,
11934,sdp interlude,191622,79,2016-09-16,day,
11935,Jonesboro,163800,56,2023-06-23,day,
11936,I'M ON,205573,48,2023-10-13,day,
11937,BIG DAWG,105066,48,2023-10-13,day,
11938,SKYAMI (feat. Mango Foo),213253,46,2023-10-13,day,
11939,DISSOLVE,187600,41,2023-10-13,day,
11940,FINE AS CAN BE (feat. Latto),212293,43,2023-10-13,day,
11941,BUSS MY WATCH,117000,40,2023-10-13,day,
11942,DOPE BOY (feat. Young Nudy),163600,45,2023-10-13,day,
11943,PRINCESS CUT (feat. Chlöe),250000,46,2023-10-13,day,
11944,JEALOUSY (feat. Cardi B),174333,49,2023-10-13,day,
11945,BLAME IT ON SET,238546,46,2023-10-13,day,
11946,UPSIDE DOWN,131733,36,2023-10-13,day,
11947,HEALTHY,133026,37,2023-10-13,day,
11948,watching the stars,99146,69,2022-08-05,day,
11949,"Consolations, S. 172: No. 3 in D-Flat Major. Lento placido",250586,46,2025-04-11,day,
11950,"Bach, JS: Goldberg Variations, BWV 988: Aria",312253,48,2021-11-26,day,
11951,"12 Etudes, Op. 10: No. 6 in E-Flat Minor ""Lament""",212853,47,2024-03-08,day,
11952,Gymnopédie No. 1. Lent et douloureux,219760,58,2002-01-01,day,
11953,"Après un rêve, Op. 7, No. 1 (Arr. Piano)",198493,48,1992-11-01,day,
11954,"12 Songs, Op. 21: V. Lilacs (Transcr. Rachmaninoff for Solo Piano)",181693,57,2020-08-07,day,
11955,"Bach: Prelude in C Major, BWV 846",145653,46,2024-04-12,day,
11956,"24 Préludes, Op. 28: No. 15 in D-Flat Major ""Raindrop"" - Sostenuto",277933,45,2024-09-06,day,
11957,"Orfeo ed Euridice, Wq. 30: Dance of the Blessed Spirits ""Melody"" (Arr. Sgambati for Piano)",181546,58,2012-03-01,day,
11958,"Nocturne No. 14 in G Major, H. 58",153746,47,2025-02-07,day,
11959,I Giorni,411080,60,2011-01-01,day,
11960,Naval,218106,51,2008-06-16,day,
11961,Victory Lap,165857,84,2025-06-18,day,
11962,Get Wild - Original,232386,19,2010-08-30,day,
11963,Spaceship,271346,19,2010-08-30,day,
11964,POW 2011 - Original Edit,223522,42,2011-02-06,day,
11965,Mr.,148480,28,2007-07-23,day,
11966,H.O.O.D,181189,68,2019-03-28,day,
11967,Shake It To The Max (FLY) - Remix,178775,89,2025-02-21,day,
11968,Assumptions,220838,71,2021-05-13,day,
11969,pack up ya bags,132000,66,2025-05-06,day,
11970,party 4 u,296653,88,2020-05-15,day,
11971,Enemy (with JID) - from the series Arcane League of Legends,173381,80,2022-07-01,day,
11972,WRK,194095,66,2025-08-08,day,
11973,Bodies (with JID),178708,68,2025-06-20,day,
11974,Enemy with JID (Opening Title Version),186133,61,2024-11-23,day,
11975,Heatwave (feat. Ms. D),195000,57,2013-03-29,day,
11976,"Can You Hear Me? (ayayaya) (feat. Skepta, JME & Ms D)",232615,54,2013-03-29,day,
11977,Wearing My Rolex - Radio Edit,170480,55,2008-11-10,day,
11978,Race Against Time,178373,3,2009-06-08,day,
11979,Zip It Up,211013,15,2009-06-08,day,
11980,Anything Is Possible,196493,3,2008-05-19,day,
11981,50/50,138266,21,2007-06-04,day,
11982,Single Words,222080,12,2009-09-07,day,
11983,Take My Hand,266266,36,2013-04-01,day,
11984,Prayer in C - Robin Schulz Radio Edit,189399,41,2014-09-19,day,
11985,Taste (feat. Offset),229210,74,2019-06-07,day,
11986,Lose Yourself,326466,77,2005-12-06,day,
11987,Flaws And Sins,218348,72,2019-03-08,day,
11988,I'm On A Boat,156266,56,2009-01-01,year,
11989,Underdog (From F1® The Movie),142328,69,2025-06-13,day,
11990,Lemonade - Remix,181495,58,2020-10-23,day,
11991,ROCKSTAR (feat. Roddy Ricch),181733,74,2020-04-17,day,
11992,JUMP (feat. YoungBoy Never Broke Again),212093,53,2020-04-17,day,
11993,Façade,304204,47,2025-06-27,day,
11994,Le Vôtre,229012,47,2025-06-27,day,
11995,Bon Appétit,175943,46,2025-06-27,day,
11996,Samurai (feat. Troy Tyler),273813,46,2025-06-27,day,
11997,Soso - Remix,202012,59,2023-05-26,day,
11998,Lo Que Tiene,259200,74,2024-03-08,day,
11999,"Patadas de Ahogado / LATÍN MAFIA, HUMBE - Rework",186341,76,2024-02-22,day,
12000,"Quevedo: Bzrp Music Sessions, Vol. 52",198937,81,2022-07-06,day,
12001,Callaita,250533,75,2019-05-31,day,
12002,Ignant Shit (feat. Lil Wayne),302492,55,2009-01-01,year,
12003,ALLAH,180781,40,2025-02-03,day,
12004,Glass Flows,188209,46,2017-03-14,day,
12005,soLong,193403,30,2019-06-07,day,
12006,Breakfast (feat. A$AP Rocky),184598,39,2017-11-17,day,
12007,Compensating (feat. Young Thug),197855,50,2020-08-07,day,
12008,Prayers Up (feat. Travis Scott & A-Trak),204280,51,2017-06-30,day,
12009,Ghetto Livin,227361,45,2025-06-23,day,
12010,Sinners (Mo' Better Blues),239033,45,2025-06-06,day,
12011,Won't Stop,181533,73,2025-06-13,day,
12012,Outstanding,180780,50,2019-02-22,day,
12013,One Call,195736,49,2019-02-22,day,
12014,Cash War,195652,58,2019-02-22,day,
12015,Let Go,176531,74,2019-02-28,day,
12016,"I'm Good Luv, Enjoy.",134547,69,2019-02-28,day,
12017,Port Antonio,316235,62,2024-12-31,day,
12018,"Piano Sonata No. 3 in B Minor, Op. 58: I. Allegro maestoso",,,,day,
12019,"Piano Sonata No. 3 in B Minor, Op. 58: II. Scherzo. Molto vivace",147493,15,1985-01-01,day,
12020,Just Keep Watching (From F1® The Movie),142550,91,2025-05-30,day,
12021,Messy (From F1® The Movie),179055,82,2025-05-08,day,
12022,NOKIA,241023,88,2025-02-14,day,
12023,Interior Car Nite,40360,5,1997-01-01,day,
12024,All The Way,156444,46,2024-11-08,day,
12025,On Film,166281,44,2024-11-08,day,
12026,Kodak,120000,39,2024-11-08,day,
12027,Belt Boyz,99428,38,2024-11-08,day,
12028,Everyday,130587,41,2024-11-08,day,
12029,Lost All My Feelings,164571,49,2024-11-08,day,
12030,Stay Away From Trouble,170407,38,2024-11-08,day,
12031,Sylvan Rd Ridin Down Dill,185142,38,2024-11-08,day,
12032,Mirror Picz,139571,37,2024-11-08,day,
12033,Waikiki,174543,40,2024-11-08,day,
12034,1095 Osborne St,190969,42,2024-11-08,day,
12035,Bi,162253,39,2024-11-08,day,
12036,Roll Wit Me,191249,45,2024-11-08,day,
12037,Anaconda Livin,144605,42,2024-11-08,day,
12038,Save iT 4 Me Babii,155967,37,2024-11-08,day,
12039,Workin,155076,40,2024-11-08,day,
12040,Don Quan Intro,137561,38,2024-11-08,day,
12041,King of the Jungle,207933,33,2017-06-09,day,
12042,Only Knew 1 Way,244533,32,2017-06-09,day,
12043,Purple Ape (feat. 4orever),192746,47,2017-06-09,day,
12044,Geronimo,196426,34,2017-06-09,day,
12045,Pull Up Wit Ah Stick (feat. Loso Loaded),228906,47,2017-06-09,day,
12046,Cracks & Crevices,208013,37,2017-06-09,day,
12047,Bullshit,211733,30,2017-06-09,day,
12048,Marsupial Superstars (feat. T3),192185,35,2017-06-09,day,
12049,Eazy,175280,38,2017-06-09,day,
12050,Titanoboa (feat. T3),213986,38,2017-06-09,day,
12051,Chit Chat,247400,31,2017-06-09,day,
12052,Don Quan Intro,35613,19,2017-06-09,day,
12053,$4 Vic / Nothing but Me and You (Ftl),,,,day,
12054,The Birds Don't Sing,240520,72,2025-07-11,day,
12055,CHAMPAIN & VACAY,184789,79,2025-07-13,day,
12056,CANT STOP,132489,70,2025-07-13,day,
12057,FLORIDA FLOW,328574,70,2025-07-13,day,
12058,JB2 RADIO,31507,65,2025-07-13,day,
12059,Gnossienne: No. 1,214133,61,2009-01-20,day,
12060,KICK OUT,170498,80,2025-07-13,day,
12061,All Things Considered,189266,71,2025-07-11,day,
12062,E.B.I.T.D.A.,119973,70,2025-07-11,day,
12063,Inglorious Bastards,153466,69,2025-07-11,day,
12064,So Far Ahead,202066,69,2025-07-11,day,
12065,Let God Sort Em Out/Chandeliers,152986,69,2025-07-11,day,
12066,By The Grace Of God,186026,67,2025-07-11,day,
12067,DUMBO,238249,80,2025-07-13,day,
12068,MM3,174532,73,2025-07-13,day,
12069,VELOUR,144841,71,2025-07-13,day,
12070,CONTEST,272410,72,2025-07-13,day,
12071,ILMB,184630,70,2025-07-13,day,
12072,Based On True Events,164651,32,2023-09-14,day,
12073,"Based On True Events, Pt. 2",194397,34,2023-09-14,day,
12074,Sitting With My Thoughts,180040,40,2023-09-14,day,
12075,Blue Bentley,155867,33,2023-09-14,day,
12076,Jodeci Member,167901,34,2023-09-14,day,
12077,"Speechless, Pt. 2",185429,34,2023-09-14,day,
12078,Japanese Soul Bar,181396,31,2023-09-14,day,
12079,P.O.V.,258030,76,2025-07-11,day,
12080,Cot Damn (feat. Ab-Liva & Rosco P. Coldchain),301106,50,2002-04-01,day,
12081,"Ma, I Don't Love Her (feat. Faith Evans)",257493,44,2002-04-01,day,
12082,FamLay Freestyle (feat. Famlay),117200,39,2002-04-01,day,
12083,When the Last Time,254306,54,2002-04-01,day,
12084,Ego,168693,39,2002-04-01,day,
12085,Comedy Central (feat. Fabolous),273733,40,2002-04-01,day,
12086,Let's Talk About It (feat. Clipse),310440,42,2002-04-01,day,
12087,Gangsta Lean,320800,42,2002-04-01,day,
12088,"I'm Not You (feat. Jadakiss, Style P & Rosco P. Coldchain)",258200,43,2002-04-01,day,
12089,Testimony,240000,56,2018-12-14,day,
12090,Identity Theft,127345,52,2018-12-14,day,
12091,CHAMPAIN & VACAY,184789,71,2025-07-11,day,
12092,Keys Open Doors,199426,48,2006-11-27,day,
12093,1995,289426,62,2025-07-17,day,
12094,Intro,136760,51,2002-04-01,day,
12095,"ICED TEA (feat. 21 Savage, Project Pat & Coupe)",206133,67,2025-07-18,day,
12096,Maza Akoulou,512130,30,1999-12-31,day,
12097,أجاذبك الهوى,346128,39,1994-10-12,day,
12098,الا حبيبي,203023,47,2009-06-28,day,
12099,Shik Shak Shok - Remastered,333506,56,2020-08-13,day,
12100,Haklak Rahtak,246143,40,2005-03-16,day,
12101,Drum Solo,158960,33,2014-11-14,day,
12102,Ah Ya Alby,237866,61,2004-01-01,day,
12103,Sugar On My Tongue,153332,88,2025-07-21,day,
12105,Mommanem,75386,80,2025-07-21,day,
12106,Stop Playing With Me,133307,80,2025-07-21,day,
12107,Ring Ring Ring,201869,86,2025-07-21,day,
12108,Don't Tap That Glass / Tweakin',222124,80,2025-07-21,day,
12109,Don't You Worry Baby (feat. Madison McFerrin),178135,81,2025-07-21,day,
12110,Brambleton,170911,58,2022-04-22,day,
12111,Let The Smokers Shine The Coupes,150276,55,2022-04-22,day,
12112,Mapogo Lions,305060,27,2025-07-18,day,
12113,Big Poe (feat. Sk8brd),182401,82,2025-07-21,day,
12114,Let It Run (feat. Snoop Dogg),178496,60,2025-07-18,day,
12115,Round 2,228923,59,2025-07-17,day,
12116,Tear Me Down,238262,56,2025-07-17,day,
12117,The Way (with XXXTENTACION),230502,72,2025-07-11,day,
12118,Tell Me What It Is,202133,77,2025-07-21,day,
12119,I'll Take Care of You (feat. Yebba),200860,84,2025-07-21,day,
12120,LAST BREATH,142772,66,2025-07-04,day,
12121,1995,289426,69,2025-07-25,day,
12122,Mar-a-Lago,179146,68,2025-07-25,day,
12123,Lemon Pepper Steppers,166720,68,2025-07-25,day,
12124,Ensalada (feat. Anderson .Paak),226546,75,2025-07-25,day,
12125,Empanadas,188240,67,2025-07-25,day,
12126,Skinny Suge II,191053,67,2025-07-25,day,
12127,Tuesday (feat. Drake),321987,62,2014-12-15,day,
12128,Bring It On,301266,32,1996-06-25,day,
12129,Black Migo Forever (Intro),25533,28,2025-08-01,day,
12130,I Want It All,167266,64,2025-08-01,day,
12131,They Wanna Have Fun,224600,71,2025-08-01,day,
12132,Butterflies (Right Now),208840,45,2025-07-31,day,
12133,Professional,177777,63,2025-08-22,day,
12134,Boobie Miles,207280,31,2012-01-01,day,
12135,Trillion Cut (feat. Boldy James),162053,35,2022-08-26,day,
12136,The Buzz - Bonus Track,235186,50,2015-08-28,day,
12137,Temptation,202722,37,2021-08-13,day,
12138,Addiction - feat. Lil Wayne & Saweetie,169944,40,2019-07-12,day,
12139,Big Bank - feat. T.I.,224643,19,2017-10-27,day,
12140,Subenstein - My Sub IV,243205,17,2017-10-27,day,
12141,"Nocturne No. 1 in B-Flat Minor, Op. 9 No. 1",,,,day,
12142,"Nocturne No. 2 in E-Flat Major, Op. 9 No. 2",269000,35,1996-01-01,day,
12143,"Nocturne No. 3 in B Major, Op. 9 No. 3",,,,day,
12144,"Nocturne No. 4 in F Major, Op. 15 No. 1",,,,day,
12145,"Nocturne No. 5 in F-Sharp Major, Op. 15 No. 2",,,,day,
12146,"Nocturne No. 6 in G Minor, Op. 15 No. 3",,,,day,
12147,"Nocturne No. 7 in C-Sharp Minor, Op. 27 No. 1",,,,day,
12148,"Nocturne No. 8 in D-Flat Major, Op. 27 No. 2",,,,day,
12149,"Nocturne No. 9 in B Major, Op. 32 No. 1",,,,day,
12150,"Nocturne No. 10 in A-Flat Major, Op. 32 No. 2",,,,day,
12151,"Nocturne No. 11 in G Minor, Op. 37 No. 1",,,,day,
12152,Glory,239566,69,2025-08-08,day,
12153,Gz,208651,69,2025-08-08,day,
12154,What We On (with Don Toliver),238607,68,2025-08-08,day,
12155,Of Blue (with Mereba),396806,65,2025-08-08,day,
12156,The Dangerous Three,238550,37,2013-04-30,day,
12157,Cartunes (Skit),34066,30,2024-01-26,day,
12158,Below The Clouds - Remix,228837,33,2025-07-11,day,
12159,Unruly,224680,36,2025-06-20,day,
12160,Mr Bus Driver,274849,37,2016-05-13,day,
12161,Just for Kicks (“Meat Grinder” demo),166016,46,2025-01-31,day,
12162,K-Word (with Pastor Troy),311723,39,2025-08-06,day,
12163,Behold,155542,47,2025-08-06,day,
12164,many nights,127933,72,2025-08-08,day,
12165,let that sink in,185413,73,2025-08-08,day,
12166,just say dat,123520,77,2025-08-08,day,
12167,biting my game,144160,71,2025-08-08,day,
12168,prototype,175640,71,2025-08-08,day,
12169,wgft (feat. Burna Boy),184440,77,2025-08-08,day,
12170,forever be mine (feat. Wizkid),173253,78,2025-08-08,day,
12171,again,180013,73,2025-08-08,day,
12172,endless,126026,71,2025-08-08,day,
12173,i can't feel my face (feat. Nechie),181533,70,2025-08-08,day,
12174,podcast,175666,69,2025-08-08,day,
12175,club house,165813,68,2025-08-08,day,
12176,satisfaction (feat. Asake),221986,71,2025-08-08,day,
12177,"Waltzes, Op. 69: No. 2 in B Minor",244000,48,1992-06-10,day,
12178,"Piano Concerto No. 2 in F Major, Op. 102: II. Andante",362520,54,1986-02-01,day,
12179,"Liebestraume, S541/R211 : No. 3: Nocturne in A-Flat Major",270000,62,1998-03-05,day,
12180,"5 Pieces, Op. 75, ""The Trees"": No. 5 Granen (The Spruce)",218293,51,2003-06-11,day,
12181,No Love Connections,177390,55,2025-08-08,day,
12182,i need meds,95204,60,2025-07-23,day,
12183,On God,136350,58,2019-10-25,day,
12184,Second Round K.O.,277533,36,1998-01-01,day,
12185,We Up (feat. Kendrick Lamar),,,,day,
12186,So Fly,185812,59,2021-08-19,day,
12187,"Symphony No. 5 in E Minor, Op. 64: I. Andante – Allegro con anima",866866,38,2020-10-23,day,
12188,Symphony No. 2: IV. Allegro Vivace,851415,30,2010-05-11,day,
12189,Just How It Is,207133,57,2019-08-16,day,
12190,ONE WATCH (feat. Young Thug),235920,56,2020-07-24,day,
12191,NO QUESTIONS ASKED,359838,55,2025-07-25,day,
12192,RUIN MY LIFE,281828,56,2025-07-25,day,
12193,Alexys,179326,51,2017-03-31,day,
12194,oHio (feat. Freddie Gibbs),291038,46,2024-03-01,day,
12195,"Community (with Clipse, Pusha T & Malice)",265527,60,2025-08-07,day,
12196,Fake Flowers,226800,44,2021-08-13,day,
12197,Lil Jasmine,167998,51,2025-07-25,day,
12198,Murder Czn (feat. Westside Gunn),208000,36,2021-05-21,day,
12199,Pen Rale,101341,34,2021-05-21,day,
12200,Scottie Pippens (feat. Freddie Gibbs),187238,51,2011-01-01,year,
12201,A Thousand Mountains,245013,64,2025-07-25,day,
12202,Jean Claude,184280,64,2025-07-25,day,
12203,Gold Feet (feat. J.I.D.),221786,69,2025-07-25,day,
12204,Lavish Habits,177480,66,2025-07-25,day,
12205,Gas Station Sushi,209080,65,2025-07-25,day,
12206,Shangri La,182440,69,2025-07-25,day,
12207,I Still Love H.E.R.,172226,67,2025-07-25,day,
12208,Feeling (feat. Larry June),235400,68,2025-07-25,day,
12209,Freefall (feat. Durand Bernarr),181160,61,2019-12-13,day,
12210,Kinda Like a Big Deal (feat. Kanye West),206160,42,2009-12-08,day,
12211,Rock n Roll (feat. Kanye West & Kid Cudi),233922,52,2022-04-22,day,
12212,M.P.A.,285773,43,2015-12-18,day,
12213,Glow,206119,53,2017-03-18,day,
12214,Cops Shot The Kid,167907,41,2018-06-15,day,
12215,Dreamin of the Past (feat. Kanye West),173633,58,2022-04-22,day,
12216,Don't Forget 'Em (Remix) [feat. Kanye West],255660,59,2016-06-19,day,
12217,Freestyle,209136,59,2005-01-02,day,
12218,We Ball (feat. Young Thug),227956,41,2017-08-04,day,
12219,Summer Sixteen,202450,50,2016-01-31,day,
12220,20 Karat Jesus,321803,41,2017-03-31,day,
12221,Favorite Song,185062,58,2013-04-30,day,
12222,I Forgot to Be Your Lover,202253,22,2012-10-22,day,
12223,Nightmares (feat. Bilal & Pharrell Williams),290280,47,2006-11-27,day,
12224,Dímelo,193866,47,2016-04-15,day,
12225,Green Is the Mountain,178400,12,2012-10-22,day,
12226,Your Good Thing (Is About to End),177760,12,2012-10-22,day,
12227,GP,92400,72,2025-08-08,day,
12228,Smoke Break-Dance - feat. JID,,,,day,
12229,Farm to Table - feat. Vic Mensa,188359,33,2023-08-18,day,
12230,Pasta,145250,34,2023-08-18,day,
12231,ROY G. BIV,114250,33,2023-08-18,day,
12232,2004,85000,34,2023-08-18,day,
12233,007,146875,35,2023-08-18,day,
12234,Smoke Break-Dance - feat. JID,,,,day,
12235,Sitting Ducks - feat. Benny The Butcher,137500,37,2023-08-18,day,
12236,Show & Tell - feat. Freddie Gibbs,260000,40,2023-08-18,day,
12237,Smoke Break-Dance - feat. JID,,,,day,
12238,Pistols On Your Album Cover,203117,34,2023-07-21,day,
12239,Do Not Disturb,283550,76,2017-03-18,day,
12240,Clash (feat. Stormzy),251733,66,2021-07-22,day,
12241,Move On,164302,61,2025-08-22,day,
12242,Favorite Girl (feat. Ty Dolla $ign),161123,61,2025-08-22,day,
12243,Never Let Go (feat. John Legend),162453,63,2025-08-22,day,
12244,Prada Myself (feat. Teezo Touchdown),183100,60,2025-08-22,day,
12245,Backends Fasho,149660,61,2025-08-22,day,
12246,Checkmate (Smooth),192184,65,2025-08-22,day,
12247,LONELY AT THE TOP,197647,48,2025-08-29,day,
12248,STILL (feat. Ab-Soul & Rapsody),,,,day,
12249,SPEEDIN' THROUGH THE RAIN,194430,48,2025-08-29,day,
12250,3 FEET AWAY,238016,48,2025-08-29,day,
12251,UNDERWATER,252162,49,2025-08-29,day,
12252,"BK'S FINEST (feat. Rome Streetz, Kai Ca$h & CJ Fly)",,,,day,
12253,READY TO LOVE (feat. Ty Dolla $ign),180000,52,2025-08-29,day,
12254,HIGHROLLER (feat. A$AP Ferg & Kelz2busy),,,,day,
12255,SUPAFLEE (feat. Bri Steves),192475,55,2025-08-29,day,
12256,McDuck (feat. Dana Williams),208002,29,2015-11-20,day,
12257,Jan 14th,103076,42,2025-01-15,day,
12258,Diamonds N MY Cartier,183693,32,2025-05-22,day,
12259,PASSPORT FREESTYLE,168124,27,2025-05-12,day,
12260,Look At It,146471,42,2025-01-27,day,
12261,Who Got a Problem,194403,35,2025-07-19,day,
12262,NO REGULAR DAY,140764,43,2024-11-29,day,
12263,Phone Lit,240000,31,2017-03-31,day,
12264,Crushed Glass,275015,36,2017-03-31,day,
12265,Dear Maria,235123,29,2017-03-31,day,
12266,Homesick,269350,32,2017-03-31,day,
12267,Amnesia,198970,35,2017-03-31,day,
12268,We Got It for Cheap (Intro),221893,52,2006-11-27,day,
12269,INFATUATION,95497,64,2025-08-22,day,
12270,Freddie Gordy,231942,30,2015-11-20,day,
12271,order,126398,33,2023-11-22,day,
12272,6 Speed,164272,50,2024-12-30,day,
12273,Drown A Fish,105975,39,2025-01-27,day,
12274,KEEP IT TUCK,166461,41,2024-11-29,day,
12275,Formula,130103,38,2025-04-28,day,
12276,BIG STONES,196963,25,2025-05-26,day,
12277,LIFE IS A GAMBLE,170065,58,2024-07-26,day,
12278,I MADE IT,172943,30,2025-03-31,day,
12279,Relax,148176,29,2025-06-02,day,
12281,Murdaa,146513,47,2024-05-03,day,
12282,Different Mind State,205009,45,2023-12-14,day,
12283,Rich Wun,160079,46,2024-05-14,day,
12284,Remain The Same,143568,22,2025-04-28,day,
12285,GOT A CHECK,154631,30,2025-04-22,day,
12286,Bodies (feat. JID),178708,65,2025-08-22,day,
12287,PRINCESS CUT (feat. Chlöe),,,,day,
12288,Be Careful (feat. Thundercat),163013,51,2021-11-19,day,
12289,Intimidated (feat. H.E.R.),207840,75,2021-11-19,day,
12290,Luv,228640,70,2016-08-19,day,
12291,Intro,326813,68,2021-03-05,day,
12292,Wish I Never Met You - Prison Tapes,224262,74,2024-07-26,day,
12293,Slow It Down,210624,32,2023-07-21,day,
12294,Just Like You,187418,31,2024-05-03,day,
12295,Fix Up,247775,37,2011-11-25,day,
12296,One Up,160000,61,2022-10-13,day,
12297,SWANK WHITE (feat. Westside Gunn),258000,53,2025-08-29,day,
12298,Narcos,187522,28,2015-11-20,day,
12299,Pronto,217778,37,2015-11-20,day,
12300,Rearview,237469,28,2015-11-20,day,
12301,Cold Ass Nigga,233382,19,2015-11-20,day,
12302,Extradite (feat. Black Thought),279241,30,2015-11-20,day,
12303,Smoke Break-Dance - feat. JID,,,,day,
12304,Fuckin' up the Count,201617,39,2015-11-20,day,
12305,Smoke Break-Dance - feat. JID,,,,day,
12306,10 Chickens (Bonus Track),158637,22,2015-11-20,day,
12307,Smoke Break-Dance - feat. JID,,,,day,
12308,My Boy (Bonus Track),270511,20,2015-11-20,day,
12309,Ultimate Flow,291413,40,2008-04-22,day,
12310,HIGHROLLER (feat. A$AP Ferg & Kelz2busy),,,,day,
12311,STILL (feat. Ab-Soul & Rapsody),,,,day,
12312,Clean Up,207929,21,2019-08-09,day,
12313,STILL (feat. Ab-Soul & Rapsody),,,,day,
12314,"BK'S FINEST (feat. Rome Streetz, Kai Ca$h & CJ Fly)",,,,day,
12315,HIGHROLLER (feat. A$AP Ferg & Kelz2busy),,,,day,
12316,Calories,162278,61,2025-08-22,day,
12317,All Of My Hoes,167427,60,2025-08-22,day,
12318,Run It Up (feat. Key Glock),194571,69,2025-08-22,day,
12319,Love You Down,192649,64,2025-08-22,day,
12320,Set It Off,100397,62,2025-08-22,day,
12321,Folgers,144274,60,2025-08-22,day,
12322,Back In That Mode (feat. YFN Lucci),216498,64,2025-08-22,day,
12323,Pills (feat. YoungBoy Never Broke Again),236617,34,2025-08-29,day,
12324,"BK'S FINEST (feat. Rome Streetz, Kai Ca$h & CJ Fly)",,,,day,
12325,Different Species (feat. Gunna),184320,74,2025-08-22,day,
12326,HIGHROLLER (feat. A$AP Ferg & Kelz2busy),,,,day,
12327,Enemies,175799,65,2025-08-22,day,
12328,"BK'S FINEST (feat. Rome Streetz, Kai Ca$h & CJ Fly)",,,,day,
12329,STILL (feat. Ab-Soul & Rapsody),,,,day,
12330,HIGHROLLER (feat. A$AP Ferg & Kelz2busy),,,,day,
12331,LOVERS OR FRIENDS,179461,67,2025-08-01,day,
12332,Visions of Gideon,247808,66,2017-11-03,day,
12333,Coco Gauff,137219,48,2025-08-25,day,
12334,London Calling - Remastered,200480,70,1979-01-01,year,
12335,Naive,203506,77,2006-01-01,day,
12336,Something More,196425,28,2020-10-09,day,
12337,Microphonist Wanderlust,,,,day,
12338,Mind Over Matter,,,,day,
12339,Props,,,,day,
12340,What You Say,,,,day,
12341,The Life I Live,,,,day,
12342,To Each His Own,,,,day,
12343,Fakin Jax,,,,day,
12344,Krossroads,,,,day,
12345,Center of Attention,,,,day,
12346,Grown Man Sport,,,,day,
12347,Microphonist Wanderlust,,,,day,
12348,Mind Over Matter,,,,day,
12349,Grown Man Sport,,,,day,
12350,Center of Attention,,,,day,
12351,Props,,,,day,
12352,What You Say,,,,day,
12353,Fakin Jax,,,,day,
12354,To Each His Own,,,,day,
12355,Krossroads,,,,day,
12356,The Life I Live,,,,day,
12357,Square One,,,,day,
12358,Think Twice,,,,day,
12359,Step Up,,,,day,
12360,No More Words,,,,day,
12361,Don't Come to LA,,,,day,
12362,Best Friend,,,,day,
12363,Best Friend,,,,day,
12364,Amnesia,,,,day,
12365,Clean Up,,,,day,
12366,Endless,,,,day,
12367,Again,,,,day,
12368,STILL (feat. Ab-Soul & Rapsody),,,,day,
12369,"BK'S FINEST (feat. Rome Streetz, Kai Ca$h & CJ Fly)",,,,day,
12370,Day x2 (feat. MIKE & Marco Bernardis),,,,day,
12371,JONATHAN MAJORS.,,,,day,
12372,TimeZone,,,,day,
12373,Static,,,,day,
12374,Epiphany,,,,day,
12375,Doctor,,,,day,
12376,Sonje,,,,day,
1,untitled 08 | 09.06.2014.,235506,67,2016-03-04,day,2025-09-01T00:11:36.492344
16,"dodger blue (feat. wallie the sensei, siete7x, roddy ricch)",131240,72,2024-11-22,day,2025-09-01T00:11:36.949048
53,Money On Money (feat. Future),236626,73,2025-04-25,day,2025-09-01T00:11:39.512816
117,i,336013,62,2014-09-23,day,2025-09-01T00:11:40.914555
143,3500 (feat. Future & 2 Chainz),461840,68,2015-09-04,day,2025-09-01T00:11:41.860995
173,Brown Paper Bag,211244,50,2017-01-27,day,2025-09-01T00:11:43.606094
196,First Things First,207738,41,2017-02-24,day,2025-09-01T00:11:45.271334
209,"Crew REMIX (feat. Gucci Mane, Brent Faiyaz & Shy Glizzy)",240375,54,2017-06-22,day,2025-09-01T00:11:46.575102
12377,Sun (with Anycia),,,,day,
12378,Politickle,,,,day,
12379,DUMP WORLD,,,,day,
12380,Tru Organics,,,,day,
12381,One False Move (“Great Day” Demo),,,,day,
12382,There You Go,,,,day,
12383,Shot for Me,,,,day,
7786,Future Swag,165866,50,2016-08-26,day,2025-09-01T16:28:38.165642
2107,Buried Alive Interlude,150960,60,2011-11-15,day,2025-09-01T16:28:38.165642
8157,Why You Always Hatin?,196586,58,2016-06-17,day,2025-09-01T17:04:34.450617
8156,I Got A Question,218920,33,2016-06-17,day,2025-09-01T17:04:34.450617
8154,Twist My Fingaz,254520,52,2016-06-17,day,2025-09-01T22:44:06.495729
8153,Word Is Bond,196560,37,2016-06-17,day,2025-09-01T22:44:06.495729
7795,Don't Come To LA,215573,38,2016-06-17,day,2025-09-01T22:44:06.495729
12385,I'm A Thug Pt. 2,148506,39,,day,2025-09-01T22:44:06.495729
12384,I Got a Question,218920,33,,day,2025-09-01T22:51:30.962124
8187,Blacks & Browns,250360,34,2016-06-17,day,2025-09-01T23:17:06.556157
12386,Lies (feat. Ty Dolla $ign & YG),171000,41,,day,2025-09-01T23:21:32.577369
12387,Bompton,173225,43,,day,2025-09-01T23:21:32.577369
12388,Up On The Wall,305440,27,,day,2025-09-01T23:31:43.127727
12280,We Speedin,199880,31,2024-11-03,day,2025-09-01T23:31:43.127727