track_id,artist_id
1,2
2,2
3,2
4,2
5,2
6,2
7,2
8,1226
9,4
10,5
11,1
12,2
14,2
15,2
16,2
17,2
18,2
19,2
20,2
21,7
22,8
23,8
24,2
25,2
26,2
27,2
29,10
30,11
31,12
32,7
33,11
34,10
35,12
36,13
37,7
38,7
39,3
40,7
41,14
42,13
43,7
44,7
45,13
47,15
48,16
49,7
50,17
51,14
53,7
54,7
55,7
56,7
57,11
58,7
59,16
60,3
61,18
62,7
63,7
64,7
65,7
66,7
67,7
68,7
69,7
70,19
71,16
72,16
73,16
74,6
75,6
76,6
77,21
78,21
79,21
80,16
81,16
82,16
83,16
84,16
85,22
86,16
87,16
88,16
89,16
90,16
91,16
92,16
93,16
94,16
95,16
96,16
97,9
98,9
99,9
100,9
101,9
102,22
103,16
104,16
105,16
106,16
107,16
108,16
109,7
110,7
111,7
112,7
113,16
114,16
117,2
118,2
119,2
120,2
121,2
122,2
123,2
124,25
125,27
126,2
127,2
128,29
129,2
130,2
131,18
132,30
133,29
134,31
135,25
136,32
137,18
138,29
139,33
140,29
141,29
142,29
143,14
144,14
145,7
146,7
147,7
149,7
151,16
152,16
153,16
154,16
155,16
156,16
157,16
158,11
159,11
160,11
161,11
162,34
163,244
164,244
165,2
166,2
167,2
168,2
169,2
170,7
171,14
172,11
173,11
174,11
175,36
176,36
177,36
178,36
179,36
180,36
181,36
182,36
183,36
184,36
185,36
186,36
187,37
188,37
189,37
190,37
191,38
192,38
193,38
194,38
195,38
196,39
197,38
198,38
199,25
200,40
201,40
202,40
203,41
204,41
205,41
206,41
207,40
208,40
209,5
210,42
211,43
212,3
213,44
214,44
215,2
216,45
217,45
218,45
219,45
220,46
221,46
222,46
223,46
224,46
225,46
226,47
28,7
150,16
116,16
115,16
52,6
46,6
13,6
227,47
228,47
229,47
230,48
231,37
232,49
233,50
234,51
235,51
236,51
237,5
238,52
239,46
240,53
241,53
242,45
243,45
244,45
245,45
246,45
247,45
248,45
249,3
250,3
251,3
252,3
253,25
254,25
255,25
256,54
257,54
258,54
259,54
260,54
261,54
262,54
263,54
264,54
265,54
266,54
267,54
268,54
269,55
270,55
271,55
272,124
273,124
274,124
275,3
276,3
277,3
278,30
279,30
280,3
281,2
282,2
283,2
284,2
285,57
286,57
287,58
288,60
289,60
290,61
291,61
292,61
293,53
294,53
295,53
296,62
297,62
298,62
299,62
300,62
301,62
302,63
303,63
304,63
305,63
306,63
307,63
308,63
309,63
310,63
311,63
312,63
313,64
314,64
315,64
316,64
317,64
318,64
319,64
320,31
321,31
322,31
323,65
324,7
325,7
326,7
327,7
328,7
329,7
330,7
331,7
332,7
333,7
335,66
336,66
337,66
338,66
339,66
340,66
341,67
342,62
343,62
344,62
345,62
346,62
347,62
348,25
349,25
350,25
351,25
352,25
353,25
354,25
355,25
356,25
357,25
358,25
359,25
360,25
361,25
362,25
363,25
364,25
365,25
366,68
367,68
368,710
369,710
370,710
371,710
372,710
373,710
374,710
375,710
376,2
377,2
378,2
379,2
380,2
381,2
382,2
383,43
384,43
385,17
386,17
387,17
388,17
389,17
390,17
391,17
392,17
393,3
394,3
395,3
396,3
397,3
398,3
399,3
400,3
401,3
402,3
403,3
404,3
405,3
406,3
407,3
408,69
409,69
410,69
411,69
412,69
413,69
414,69
415,69
416,69
417,69
418,69
419,70
420,70
421,70
422,70
423,70
424,70
425,70
426,70
427,70
428,70
429,70
430,70
431,70
432,70
433,70
434,70
435,70
436,70
437,70
438,71
439,71
440,71
441,71
442,71
443,72
444,72
445,72
446,72
447,72
448,72
449,72
450,72
451,72
452,72
453,73
454,73
455,73
456,73
457,74
458,75
459,40
460,40
461,40
462,40
463,36
464,36
465,36
466,36
467,36
468,36
469,36
470,76
471,76
472,76
473,25
474,77
475,77
476,77
477,77
478,13
479,13
480,13
481,13
482,13
483,13
484,13
485,13
486,78
487,78
488,78
489,78
490,78
491,79
492,79
493,14
494,14
495,14
496,14
497,14
498,14
499,14
500,14
501,80
502,2
503,2
504,2
505,2
506,2
507,2
508,14
509,14
510,14
511,14
512,81
513,81
514,81
515,81
516,81
517,81
518,81
519,81
520,81
521,81
522,81
523,81
524,81
525,81
526,81
527,81
528,81
529,81
530,124
531,124
532,124
533,124
534,124
535,124
536,124
537,30
538,30
539,30
540,30
541,30
542,82
543,82
544,82
545,83
546,84
547,333
548,85
549,25
550,25
551,25
552,25
553,69
554,69
555,69
556,69
557,69
558,69
559,69
560,69
561,53
562,53
563,53
564,53
565,53
566,53
567,53
568,53
569,53
570,53
571,53
572,53
573,53
574,53
575,53
576,53
577,53
578,86
579,86
580,13
581,13
582,79
583,79
584,61
585,61
586,61
587,61
588,73
589,73
590,73
591,73
592,59
593,59
594,59
595,59
596,13
597,46
598,46
599,46
600,46
601,46
602,46
603,46
604,46
605,79
606,79
607,88
608,89
609,90
610,90
611,90
612,90
613,90
614,90
615,90
616,90
617,90
618,90
619,90
620,90
621,14
622,14
623,14
624,14
625,14
626,14
627,45
628,75
629,75
630,75
631,75
632,75
633,75
634,75
635,75
636,75
637,91
638,91
639,91
640,623
641,623
642,623
643,623
644,623
645,73
646,73
647,92
648,92
649,92
650,92
651,92
652,61
653,61
654,30
655,30
656,30
657,30
658,30
659,30
660,20
661,20
662,20
663,65
664,65
665,8
666,8
667,8
668,68
669,36
670,80
671,80
672,80
673,4
674,94
675,95
676,95
677,95
678,95
679,95
680,95
681,95
682,95
683,95
684,96
685,96
686,96
687,96
688,37
689,37
690,37
691,37
692,37
693,37
694,37
695,91
696,97
697,97
698,97
699,97
700,3
701,98
702,124
703,124
704,124
705,124
706,124
707,99
708,61
709,61
710,79
711,79
712,79
713,79
714,35
715,35
716,53
717,53
718,100
719,101
720,25
721,25
722,61
723,61
724,61
725,99
726,9
727,9
728,9
729,3
730,61
731,61
732,102
733,102
734,60
735,61
736,61
737,30
738,103
739,103
740,103
741,103
742,103
743,103
744,65
745,94
746,94
747,2
748,104
749,105
750,106
751,106
752,106
753,25
754,107
755,107
756,65
757,108
758,108
759,94
760,193
761,193
762,193
763,109
764,193
765,65
766,94
767,94
768,94
769,94
770,94
771,94
772,94
773,94
774,94
775,94
776,94
777,94
778,52
779,52
780,52
781,52
782,52
783,52
784,52
785,52
786,52
787,52
788,52
789,52
790,52
791,78
792,110
793,111
794,112
795,112
796,112
797,112
798,112
799,112
800,112
801,112
802,112
803,112
804,106
805,106
806,106
807,106
808,106
809,107
810,107
811,45
812,106
813,106
814,106
815,106
816,106
817,113
818,113
819,113
820,113
821,114
822,114
823,114
824,114
825,114
826,114
827,114
828,114
829,114
830,114
831,114
832,114
833,114
834,114
835,114
836,113
837,113
838,25
839,14
840,14
841,14
842,25
843,25
844,25
845,25
846,25
847,25
848,25
849,46
850,46
851,46
852,46
853,46
854,46
855,46
856,46
857,46
858,46
859,8
860,41
861,41
862,41
863,73
864,73
865,46
866,13
867,13
868,13
869,25
870,73
871,25
872,91
873,37
874,37
875,37
876,37
877,116
878,116
879,116
880,116
881,116
882,73
883,73
884,73
885,73
886,73
887,73
888,73
889,94
890,91
891,91
892,91
893,14
894,14
895,14
896,52
897,91
898,91
899,91
900,14
901,14
902,14
903,36
904,36
905,36
906,114
907,114
908,13
909,13
910,13
911,97
912,97
913,97
914,13
915,13
916,107
917,46
918,46
919,46
920,46
921,46
922,107
923,107
924,104
925,104
926,104
927,25
928,25
929,9
930,9
931,9
932,9
933,9
934,9
935,9
936,25
937,25
938,25
939,25
940,25
941,25
942,97
943,97
944,97
945,97
946,97
947,97
948,97
949,97
950,17
951,73
952,73
953,73
954,73
955,73
956,73
957,73
958,73
959,73
960,73
961,117
962,117
963,55
964,25
965,25
966,8
967,8
968,8
969,7
970,45
971,45
972,75
973,75
974,75
975,75
976,75
977,75
978,75
979,75
980,75
981,75
982,75
983,75
984,61
985,25
986,25
987,88
988,7
989,4
990,4
991,4
992,4
993,4
994,4
995,4
996,13
997,13
998,13
999,13
1000,13
1001,13
1002,13
1003,13
1004,13
1005,13
1006,13
1007,13
1008,13
1009,4
1010,25
1011,25
1012,25
1013,25
1014,25
1015,25
1016,25
1017,25
1018,25
1019,25
1020,4
1021,4
1022,4
1023,4
1024,4
1025,4
1026,4
1027,4
1028,4
1029,4
1030,4
1031,4
1032,4
1033,4
1034,4
1035,76
1036,76
1037,76
1038,76
1039,4
1040,21
1041,118
1042,118
1043,30
1044,119
1045,76
1046,76
1047,76
1048,36
1049,36
1050,36
1051,120
1052,36
1053,121
1054,121
1055,121
1056,121
1057,4
1058,4
1059,76
1060,76
1061,76
1062,76
1063,4
1064,76
1065,17
1066,115
1067,115
1068,2
1069,76
1070,76
1071,76
1072,76
1073,47
1074,47
1075,47
1076,47
1077,122
1078,47
1079,47
1080,47
1081,47
1082,47
1083,66
1084,66
1085,75
1086,75
1087,4
1088,4
1089,123
1090,123
1091,123
1092,123
1093,75
1094,47
1095,47
1096,47
1097,47
1098,124
1099,124
1100,124
1101,124
1102,124
1103,25
1104,14
1105,14
1106,115
1107,29
1108,29
1109,29
1110,29
1111,29
1112,29
1113,29
1114,123
1115,123
1116,123
1117,123
1118,123
1119,123
1120,125
1121,45
1122,61
1123,45
1124,45
1125,45
1126,7
1127,7
1128,7
1129,8
1130,8
1131,8
1132,8
1133,8
1134,8
1135,8
1136,121
1137,7
1138,7
1139,114
1140,114
1141,8
1142,17
1143,17
1144,64
1145,64
1146,61
1147,61
1148,61
1149,61
1150,61
1151,61
1152,61
1153,61
1154,61
1155,61
1156,14
1157,114
1158,114
1159,114
1160,114
1161,114
1162,114
1163,127
1164,127
1165,127
1166,127
1167,127
1168,127
1169,127
1170,127
1171,127
1172,127
1173,127
1174,127
1175,127
1176,127
1177,127
1178,127
1179,3
1180,7
1181,128
1182,129
1183,129
1184,131
1185,132
1186,94
1187,87
1188,133
1189,134
1190,25
1191,25
1192,25
1193,25
1194,104
1195,104
1196,104
1197,25
1198,25
1199,25
1200,29
1201,29
1202,135
1203,9
1204,136
1205,94
1206,94
1207,94
1208,94
1209,94
1210,94
1211,94
1212,94
1213,94
1214,94
1215,94
1216,137
1217,138
1218,113
1219,113
1220,113
1221,139
1222,140
1223,76
1224,87
1225,120
1226,7
1227,7
1228,7
1229,124
1230,124
1231,136
1232,119
1233,141
1234,26
1235,7
1236,142
1237,107
1238,80
1239,142
1240,142
1241,136
1242,136
1243,30
1244,89
1245,143
1246,89
1247,89
1248,89
1249,89
1250,119
1251,119
1252,119
1253,119
1254,119
1255,136
1256,136
1257,144
1258,145
1259,147
1260,7
1261,7
1262,142
1263,142
1264,37
1265,37
1266,37
1267,142
1268,148
1269,124
1270,119
1271,119
1272,119
1273,119
1274,45
1275,45
1276,45
1277,45
1278,45
1279,45
1280,45
1281,45
1282,45
1283,82
1284,149
1285,71
1286,120
1287,25
1288,73
1289,95
1290,53
1291,53
1292,53
1293,53
1294,53
1295,20
1296,20
1297,20
1298,20
1299,20
1300,20
1301,61
1302,61
1303,142
1304,142
1305,142
1306,142
1307,142
1308,7
1309,61
1310,150
1311,117
1312,151
1313,152
1314,7
1315,7
1316,7
1317,7
1318,153
1319,124
1320,124
1321,124
1322,154
1323,8
1324,8
1325,8
1326,155
1327,155
1328,124
1329,124
1330,124
1331,124
1332,124
1333,124
1334,117
1335,60
1336,61
1337,61
1338,7
1339,7
1340,7
1341,7
1342,7
1343,7
1344,125
1345,20
1346,114
1347,3
1348,81
1349,14
1350,44
1351,7
1352,7
1353,7
1354,25
1355,25
1356,7
1357,7
1358,7
1359,61
1360,7
1361,7
1362,57
1363,193
1364,61
1365,61
1366,61
1367,61
1368,61
1369,61
1370,61
1371,7
1372,7
1373,7
1374,7
1375,7
1376,7
1377,7
1378,7
1379,7
1380,124
1381,710
1382,55
1383,55
1384,55
1385,61
1386,124
1387,124
1388,124
1389,124
1390,124
1391,124
1392,61
1393,61
1394,78
1395,78
1396,17
1397,73
1398,156
1399,157
1400,87
1401,61
1402,61
1403,61
1404,61
1405,61
1406,61
1407,61
1408,61
1409,61
1410,61
1411,61
1412,61
1413,158
1414,61
1415,61
1416,94
1417,176
1418,159
1419,5
1420,5
1421,53
1422,53
1423,53
1424,53
1425,53
1426,53
1427,53
1428,53
1429,53
1430,53
1431,53
1432,53
1433,160
1434,53
1435,53
1436,161
1437,53
1438,53
1439,162
1440,163
1441,434
1442,164
1443,164
1444,61
1445,61
1446,36
1447,44
1448,165
1449,17
1450,122
1451,117
1452,122
1453,29
1454,17
1455,36
1456,2
1457,81
1458,166
1459,25
1460,76
1461,61
1462,168
1463,169
1464,170
1465,151
1466,166
1467,61
1468,61
1469,76
1470,25
1471,25
1472,43
1473,151
1474,37
1475,98
1476,76
1477,171
1478,172
1479,87
1480,173
1481,2
1482,98
1483,98
1484,104
1485,61
1486,61
1487,61
1488,80
1489,80
1490,80
1491,70
1492,17
1493,17
1494,80
1495,174
1496,76
1497,93
1498,14
1499,37
1500,36
1501,56
1502,95
1503,95
1504,53
1505,53
1506,3
1507,3
1508,3
1509,53
1510,53
1511,53
1512,53
1513,175
1514,176
1515,176
1516,176
1517,176
1518,29
1519,173
1520,114
1521,177
1522,4
1523,36
1524,4
1525,4
1526,4
1527,4
1528,4
1529,4
1530,4
1531,178
1532,36
1533,55
1534,104
1535,80
1536,61
1537,61
1538,61
1539,61
1540,179
1541,96
1542,29
1543,2
1544,180
1545,2
1546,2
1547,2
1548,2
1549,2
1550,2
1551,114
1552,114
1553,114
1554,114
1555,73
1556,25
1557,25
1558,25
1559,25
1560,25
1561,25
1562,25
1563,53
1564,53
1565,174
1566,174
1567,174
1568,174
1569,151
1570,151
1571,151
1572,151
1573,44
1574,151
1575,151
1576,151
1577,151
1578,151
1579,151
1580,121
1581,181
1582,177
1583,166
1584,44
1585,17
1586,114
1587,4
1588,182
1589,183
1590,20
1591,177
1592,114
1593,114
1594,114
1595,114
1596,114
1597,4
1598,114
1599,114
1600,173
1601,20
1602,131
1603,114
1604,80
1605,184
1606,184
1607,184
1608,184
1609,184
1610,184
1611,184
1612,184
1613,184
1614,184
1615,184
1616,184
1617,153
1618,153
1619,153
1620,4
1621,4
1622,80
1623,151
1624,114
1625,114
1626,80
1627,25
1628,25
1629,185
1630,114
1631,1
1632,1
1633,80
1634,123
1635,80
1636,186
1637,830
1638,80
1639,80
1640,80
1641,80
1642,80
1643,80
1644,5
1645,182
1646,125
1647,166
1648,187
1649,188
1650,150
1651,17
1652,190
1653,107
1654,153
1655,153
1656,25
1657,25
1658,25
1659,25
1660,76
1661,76
1662,76
1663,191
1664,237
1665,192
1666,193
1667,193
1668,193
1669,193
1670,193
1671,193
1672,193
1673,193
1674,193
1675,155
1676,155
1677,108
1678,37
1679,37
1680,194
1681,194
1682,194
1683,194
1684,194
1685,194
1686,194
1687,194
1688,146
1689,4
1690,4
1691,4
1692,4
1693,4
1694,4
1695,4
1696,4
1697,4
1698,4
1699,146
1700,146
1701,155
1702,155
1703,17
1704,194
1705,194
1706,2
1707,29
1708,29
1709,81
1710,14
1711,14
1712,193
1713,37
1714,37
1715,3
1716,57
1717,56
1718,69
1719,155
1720,194
1721,194
1722,13
1723,13
1724,13
1725,13
1726,13
1727,13
1728,51
1729,51
1730,51
1731,51
1732,51
1733,51
1734,51
1735,51
1736,195
1737,17
1738,17
1739,17
1740,17
1741,17
1742,17
1743,2
1744,167
1745,167
1746,167
1747,80
1748,196
1749,182
1750,182
1751,17
1752,3
1753,3
1754,3
1755,3
1756,76
1757,197
1758,197
1759,197
1760,197
1761,114
1762,114
1763,36
1764,36
1765,5
1766,198
1767,198
1768,198
1769,8
1770,8
1771,116
1772,116
1773,116
1774,116
1775,197
1776,197
1777,2
1778,104
1779,104
1780,3
1781,3
1782,70
1783,151
1784,199
1785,199
1786,99
1787,106
1788,200
1789,200
1790,36
1791,36
1792,11
1793,11
1794,1
1795,114
1796,29
1797,55
1798,116
1799,237
1800,237
1801,60
1802,60
1803,60
1804,92
1805,92
1806,92
1807,92
1808,92
1809,92
1810,92
1811,107
1812,107
1813,107
1814,107
1815,201
1816,29
1817,25
1818,29
1819,29
1820,29
1821,29
1822,17
1823,17
1824,17
1825,17
1826,17
1827,182
1828,182
1829,122
1830,117
1831,55
1832,55
1833,122
1834,202
1835,203
1836,122
1837,122
1838,122
1839,122
1840,122
1841,122
1842,122
1843,122
1844,122
1845,122
1846,122
1847,122
1848,122
1849,122
1850,122
1851,122
1852,122
1853,122
1854,122
1855,122
1856,122
1857,122
1858,122
1859,122
1860,122
1861,122
1862,122
1863,71
1864,71
1865,71
1866,71
1867,71
1868,71
1869,71
1870,67
1871,67
1872,67
1873,30
1874,30
1875,30
1876,30
1877,30
1878,30
1879,30
1880,30
1881,30
1882,30
1883,30
1884,30
1885,30
1886,30
1887,30
1888,30
1889,204
1890,204
1891,204
1892,204
1893,108
1894,8
1895,188
1896,188
1897,188
1898,188
1899,188
1900,188
1901,188
1902,98
1903,98
1904,205
1905,205
1906,205
1907,205
1908,205
1909,14
1910,8
1911,72
1912,81
1913,25
1914,177
1915,99
1916,206
1917,200
1918,207
1919,207
1920,207
1921,207
1922,207
1923,35
1924,35
1925,36
1926,127
1927,127
1928,208
1929,208
1930,208
1931,208
1932,73
1933,61
1934,30
1935,207
1936,207
1937,207
1938,207
1939,207
1940,207
1941,203
1942,203
1943,203
1944,203
1945,203
1946,203
1947,203
1948,203
1949,203
1950,203
1951,203
1952,203
1953,4
1954,4
1955,4
1956,4
1957,4
1958,127
1959,96
1960,209
1961,210
1962,211
1963,211
1964,211
1965,211
1966,211
1967,192
1968,192
1969,188
1970,188
1971,188
1972,188
1973,188
1974,188
1975,188
1976,188
1977,188
1978,101
1979,5
1980,5
1981,5
1982,78
1983,78
1984,78
1985,14
1986,73
1987,73
1988,25
1989,60
1990,60
1991,60
1992,60
1993,60
1994,74
1995,74
1996,74
1997,74
1998,74
1999,74
2000,74
2001,74
2002,74
2003,74
2004,74
2005,74
2006,213
2007,35
2008,35
2009,70
2010,70
2011,70
2012,70
2013,70
2014,60
2015,60
2016,60
2017,60
2018,73
2019,1
2020,17
2021,214
2022,214
2023,216
2024,101
2025,101
2026,217
2027,218
2028,765
2029,765
2030,219
2031,219
2032,72
2033,220
2034,220
2035,36
2036,77
2037,36
2038,36
2039,36
2040,36
2041,36
2042,36
2043,36
2044,221
2045,46
2046,222
2047,167
2048,223
2049,223
2050,224
2051,224
2052,224
2053,224
2054,224
2055,224
2056,224
2057,224
2058,224
2059,224
2060,224
2061,225
2062,78
2063,78
2064,93
2065,93
2066,93
2067,93
2068,107
2069,107
2070,72
2071,72
2072,72
2073,7
2074,7
2075,226
2076,226
2077,226
2078,226
2079,226
2080,226
2081,226
2082,226
2083,226
2084,226
2085,226
2086,35
2087,35
2088,35
2089,35
2090,35
2091,35
2092,35
2093,30
2094,30
2095,117
2096,60
2097,60
2098,60
2099,102
2100,102
2101,102
2102,102
2103,102
2104,102
2105,13
2106,13
2107,3
2108,3
2109,3
2110,13
2111,13
2112,13
2113,13
2114,13
2115,13
2116,13
2117,13
2118,13
2119,13
2120,13
2121,13
2122,13
2123,13
2124,13
2125,13
2126,13
2127,13
2128,13
2129,13
2130,13
2131,227
2132,47
2133,47
2134,8
2135,8
2136,8
2137,111
2138,111
2139,228
2140,228
2141,11
2142,11
2143,11
2144,11
2145,11
2146,11
2147,229
2148,229
2149,188
2150,101
2151,101
2152,101
2153,101
2154,101
2155,35
2156,35
2157,35
2158,35
2159,35
2160,2
2161,229
2162,229
2163,82
2164,230
2165,231
2166,231
2167,231
2168,231
2169,108
2170,229
2171,229
2172,167
2173,17
2174,117
2175,117
2176,125
2177,2
2178,2
2179,2
2180,3
2181,218
2182,117
2183,117
2184,117
2185,11
2186,11
2187,182
2188,182
2189,37
2190,192
2191,188
2192,188
2193,188
2194,188
2195,188
2196,188
2197,3
2198,3
2199,3
2200,3
2201,3
2202,3
2203,3
2204,47
2205,232
2206,232
2207,232
2208,232
2209,232
2210,232
2211,232
2212,232
2213,96
2214,96
2215,96
2216,96
2217,96
2218,17
2219,17
2220,151
2221,151
2222,131
2223,166
2224,166
2225,166
2226,166
2227,166
2228,166
2229,166
2230,166
2231,230
2232,233
2233,72
2234,234
2235,234
2236,234
2237,234
2238,188
2239,188
2240,188
2241,188
2242,188
2243,188
2244,188
2245,188
2246,182
2247,81
2248,81
2249,71
2250,71
2251,220
2252,60
2253,112
2254,54
2255,14
2256,108
2257,108
2258,108
2259,106
2260,235
2261,106
2262,106
2263,106
2264,106
2265,232
2266,106
2267,106
2268,106
2269,106
2270,106
2271,106
2272,54
2273,2
2274,2
2275,54
2276,236
2277,236
2278,236
2279,236
2280,236
2281,225
2282,64
2283,177
2284,177
2285,209
2286,209
2287,209
2288,192
2289,192
2290,196
2291,127
2292,127
2293,125
2294,125
2295,125
2296,125
2297,125
2298,125
2299,125
2300,125
2301,5
2302,61
2303,13
2304,13
2305,13
2306,59
2307,192
2308,192
2309,192
2310,192
2311,192
2312,192
2313,192
2314,192
2315,192
2316,11
2317,11
2318,11
2319,11
2320,11
2321,209
2322,209
2323,209
2324,209
2325,209
2326,192
2327,192
2328,192
2329,192
2330,192
2331,192
2332,192
2333,81
2334,81
2335,81
2336,81
2337,47
2338,237
2339,167
2340,167
2341,167
2342,167
2343,99
2344,99
2345,99
2346,99
2347,99
2348,99
2349,99
2350,99
2351,167
2352,167
2353,211
2354,55
2355,55
2356,55
2357,55
2358,55
2359,55
2360,55
2361,55
2362,55
2363,14
2364,238
2365,239
2366,240
2367,241
2368,148
2369,2
2370,2
2371,167
2372,125
2373,115
2374,115
2375,115
2376,115
2377,115
2378,115
2379,115
2380,115
2381,115
2382,115
2383,115
2384,217
2385,228
2386,228
2387,228
2388,228
2389,228
2390,228
2391,228
2392,228
2393,228
2394,4
2395,4
2396,4
2397,4
2398,125
2399,36
2400,36
2401,36
2402,36
2403,36
2404,36
2405,242
2406,242
2407,143
2408,106
2409,106
2410,106
2411,106
2412,106
2413,106
2414,106
2415,89
2416,143
2417,244
2418,244
2419,245
2420,2
2421,2
2422,143
2423,143
2424,143
2425,246
2426,247
2427,247
2428,200
2429,200
2430,107
2431,107
2432,167
2433,167
2434,167
2435,238
2436,248
2437,248
2438,248
2439,248
2440,248
2441,249
2442,249
2443,233
2444,233
2445,233
2446,243
2447,250
2448,250
2449,250
2450,250
2451,250
2452,249
2453,98
2454,251
2455,8
2456,45
2457,107
2458,37
2459,115
2460,107
2461,107
2462,252
2463,151
2464,104
2465,104
2466,104
2467,104
2468,104
2469,104
2470,253
2471,254
2472,102
2473,255
2474,60
2475,256
2476,53
2477,257
2478,36
2479,205
2480,205
2481,205
2482,179
2483,179
2484,258
2485,259
2486,60
2487,60
2488,60
2489,60
2490,237
2491,131
2492,131
2493,260
2494,260
2495,260
2496,260
2497,260
2498,260
2499,260
2500,260
2501,208
2502,115
2503,177
2504,177
2505,177
2506,115
2507,115
2508,115
2509,115
2510,113
2511,113
2512,113
2513,60
2514,179
2515,179
2516,179
2517,179
2518,261
2519,261
2520,261
2521,261
2522,261
2523,261
2524,262
2525,262
2526,262
2527,262
2528,208
2529,115
2530,115
2531,198
2532,198
2533,198
2534,198
2535,198
2536,115
2537,115
2538,115
2539,115
2540,115
2541,115
2542,115
2543,115
2544,115
2545,115
2546,115
2547,115
2548,115
2549,115
2550,115
2551,115
2552,115
2553,115
2554,115
2555,115
2556,263
2557,263
2558,92
2559,25
2560,25
2561,25
2562,25
2563,89
2564,114
2565,264
2566,25
2567,115
2568,115
2569,200
2570,25
2571,55
2572,60
2573,60
2574,60
2575,60
2576,60
2577,265
2578,710
2579,710
2580,710
2581,67
2582,25
2583,266
2584,267
2585,268
2586,269
2587,270
2588,25
2589,4
2590,4
2591,4
2592,114
2593,114
2594,2
2595,47
2596,47
2597,25
2598,25
2599,25
2600,25
2601,25
2602,25
2603,271
2604,272
2605,99
2606,179
2607,168
2608,168
2609,273
2610,274
2611,275
2612,276
2613,36
2614,36
2615,8
2616,8
2617,8
2618,8
2619,8
2620,8
2621,277
2622,263
2623,263
2624,263
2625,263
2626,278
2627,279
2628,280
2629,8
2631,8
2632,151
2633,238
2634,238
2635,238
2636,238
2637,101
2638,101
2639,101
2640,101
2641,101
2642,101
2643,101
2644,101
2645,119
2646,119
2647,119
2648,119
2649,281
2650,70
2651,70
2652,70
2653,263
2654,36
2655,36
2656,36
2657,36
2658,36
2659,36
2660,36
2661,282
2662,60
2663,60
2664,60
2665,94
2666,283
2667,283
2668,283
2669,283
2670,283
2671,283
2672,283
2673,283
2674,60
2675,60
2676,60
2677,60
2678,60
2679,60
2680,60
2681,114
2682,177
2683,284
2684,2
2685,2
2686,2
2687,114
2688,114
2689,114
2690,25
2691,78
2692,78
2693,78
2694,285
2695,285
2696,285
2697,285
2698,285
2699,69
2700,286
2701,286
2702,284
2703,287
2704,288
2705,225
2706,205
2707,205
2708,205
2709,205
2710,205
2711,41
2712,210
2713,210
2714,210
2715,210
2716,5
2717,60
2718,60
2719,60
2720,60
2721,5
2722,5
2723,3
2724,3
2725,3
2726,5
2727,5
2728,289
2729,289
2730,289
2731,289
2732,289
2733,289
2734,623
2735,45
2736,45
2737,5
2738,5
2739,5
2740,5
2741,8
2742,8
2743,8
2744,8
2745,8
2746,182
2747,182
2748,182
2749,5
2750,104
2751,54
2752,54
2753,36
2754,101
2755,101
2756,41
2757,238
2758,210
2759,210
2760,210
2761,210
2762,210
2763,210
2764,210
2765,623
2766,392
2767,41
2768,3
2769,290
2770,623
2771,623
2772,143
2773,111
2774,81
2775,193
2776,623
2777,623
2778,623
2779,623
2780,60
2781,60
2782,25
2783,81
2784,81
2785,225
2786,225
2787,225
2788,225
2789,225
2790,225
2791,225
2792,225
2793,225
2794,225
2795,225
2796,225
2797,225
2798,225
2799,225
2800,225
2801,225
2802,225
2803,225
2804,35
2805,253
2806,253
2807,200
2808,291
2809,81
2810,81
2811,81
2812,81
2813,119
2814,119
2815,175
2816,175
2817,175
2818,175
2819,175
2820,78
2821,7
2822,60
2823,57
2824,115
2825,101
2826,101
2827,292
2828,249
2829,249
2830,293
2831,294
2832,28
2833,28
2834,28
2835,28
2836,28
2837,28
2838,28
2839,28
2840,28
2841,211
2842,211
2843,211
2844,211
2845,211
2846,110
2847,295
2848,25
2849,173
2850,115
2851,115
2852,115
2853,115
2854,115
2855,115
2856,115
2857,115
2858,115
2859,115
2860,115
2861,115
2862,115
2863,115
2864,115
2865,115
2866,296
2867,187
2868,187
2869,187
2870,187
2871,187
2872,187
2873,187
2874,187
2875,187
2876,187
2877,115
2878,115
2879,115
2880,115
2881,115
2882,115
2883,115
2884,115
2885,115
2886,115
2887,297
2888,294
2889,298
2890,298
2891,298
2892,298
2893,298
2894,298
2895,298
2896,298
2897,298
2898,298
2899,211
2900,299
2901,300
2902,3
2903,3
2904,3
2905,3
2906,294
2907,294
2908,294
2909,294
2910,294
2911,294
2912,294
2913,294
2914,294
2915,294
2916,294
2917,294
2918,294
2919,294
2920,294
2921,294
2922,301
2923,263
2924,47
2925,103
2926,210
2927,294
2928,294
2929,294
2930,294
2931,302
2932,44
2933,44
2934,44
2935,44
2936,44
2937,44
2938,44
2939,44
2940,44
2941,44
2942,44
2943,151
2944,151
2945,151
2946,151
2947,151
2948,151
2949,96
2950,166
2951,166
2952,303
2953,303
2954,25
2955,210
2956,210
2957,263
2958,263
2959,263
2960,304
2961,263
2962,166
2963,101
2964,101
2965,101
2966,76
2967,76
2968,76
2969,96
2970,96
2971,96
2972,96
2973,96
2974,96
2975,96
2976,263
2977,263
2978,263
2979,263
2980,263
2981,263
2982,263
2983,60
2984,60
2985,60
2986,60
2987,60
2988,60
2989,60
2990,3
2991,3
2992,3
2993,710
2994,151
2995,26
2996,263
2997,263
2998,263
2999,263
3000,263
3001,263
3002,263
3003,263
3004,263
3005,263
3006,263
3007,29
3008,305
3009,306
3010,177
3011,96
3012,307
3013,308
3014,309
3015,310
3016,165
3017,101
3018,37
3019,101
3020,108
3021,43
3022,101
3023,101
3024,101
3025,211
3026,211
3027,211
3028,211
3029,211
3030,225
3031,311
3032,101
3033,101
3034,101
3035,312
3036,312
3037,312
3038,29
3039,29
3040,166
3041,115
3042,115
3043,115
3044,151
3045,151
3046,151
3047,151
3048,151
3049,151
3050,174
3051,108
3052,313
3053,96
3054,96
3055,314
3056,211
3057,151
3058,151
3059,151
3060,151
3061,151
3062,96
3063,96
3064,243
3065,315
3066,115
3067,115
3068,115
3069,181
3070,181
3071,181
3072,181
3073,189
3074,189
3075,189
3076,189
3077,47
3078,41
3079,99
3080,99
3081,41
3082,41
3083,41
3084,41
3085,221
3086,178
3087,44
3088,44
3089,44
3090,243
3091,243
3092,243
3093,243
3094,243
3095,243
3096,151
3097,166
3098,47
3099,316
3100,154
3101,317
3102,318
3103,319
3104,320
3105,110
3106,41
3107,151
3108,211
3109,101
3110,101
3111,321
3112,151
3113,151
3114,151
3115,151
3116,151
3117,151
3118,322
3119,323
3120,311
3121,243
3122,243
3123,151
3124,44
3125,44
3126,44
3127,44
3128,44
3129,44
3130,44
3131,44
3132,44
3133,44
3134,44
3135,44
3136,44
3137,115
3138,115
3139,57
3140,185
3141,185
3142,185
3143,185
3144,185
3145,211
3146,211
3147,211
3148,211
3149,211
3150,324
3151,135
3152,57
3153,237
3154,193
3155,193
3156,178
3157,178
3158,211
3159,41
3160,41
3161,41
3162,325
3163,325
3164,325
3165,325
3166,192
3167,192
3168,192
3169,192
3170,326
3171,554
3172,554
3173,311
3174,185
3175,211
3176,211
3177,41
3178,41
3179,327
3180,328
3181,211
3182,243
3183,25
3184,154
3185,221
3186,181
3187,181
3188,181
3189,181
3190,181
3191,181
3192,181
3193,181
3194,181
3195,181
3196,181
3197,181
3198,181
3199,103
3200,103
3201,103
3202,103
3203,103
3204,103
3205,47
3206,181
3207,329
3208,329
3209,329
3210,329
3211,123
3212,123
3213,123
3214,123
3215,123
3216,181
3217,181
3218,243
3219,243
3220,115
3221,115
3222,115
3223,165
3224,165
3225,165
3226,165
3227,165
3228,165
3229,165
3230,165
3231,243
3232,243
3233,243
3234,67
3235,189
3236,237
3237,167
3238,167
3239,77
3240,77
3241,77
3242,77
3243,77
3244,77
3245,77
3246,77
3247,77
3248,243
3249,243
3250,243
3251,243
3252,243
3253,243
3254,243
3255,243
3256,192
3257,208
3258,208
3259,208
3260,208
3261,208
3262,208
3263,710
3264,291
3265,151
3266,28
3267,60
3268,330
3269,323
3270,151
3271,151
3272,151
3273,151
3274,151
3275,151
3276,151
3277,151
3278,114
3279,228
3280,228
3281,111
3282,60
3283,60
3284,60
3285,60
3286,60
3287,60
3288,67
3289,67
3290,67
3291,67
3292,67
3293,66
3294,331
3295,47
3296,331
3297,331
3298,61
3299,185
3300,251
3301,81
3302,185
3303,185
3304,247
3305,332
3306,92
3307,46
3308,8
3309,333
3310,28
3311,28
3312,67
3313,67
3314,67
3315,67
3316,67
3317,67
3318,151
3319,151
3320,334
3321,623
3322,623
3323,74
3324,335
3325,336
3326,337
3327,4
3328,36
3329,37
3330,37
3331,77
3332,77
3333,37
3334,37
3335,321
3336,321
3337,321
3338,321
3339,338
3340,316
3341,262
3342,77
3343,36
3344,261
3345,339
3346,286
3347,286
3348,286
3349,340
3350,76
3351,76
3352,104
3353,25
3354,341
3355,56
3356,56
3357,56
3358,56
3359,56
3360,205
3361,205
3362,205
3363,205
3364,205
3365,205
3366,205
3367,205
3368,205
3369,205
3370,205
3371,102
3372,342
3373,343
3374,261
3375,342
3376,344
3377,345
3378,102
3379,346
3380,102
3381,342
3382,293
3383,293
3384,347
3385,282
3386,115
3387,97
3388,348
3389,110
3390,349
3391,350
3392,349
3393,351
3394,352
3395,201
3396,201
3397,201
3398,201
3399,37
3400,37
3401,37
3402,37
3403,37
3404,66
3405,25
3406,339
3407,25
3408,25
3409,25
3410,25
3411,25
3412,25
3413,25
3414,25
3415,225
3416,220
3417,67
3418,247
3419,623
3420,623
3421,623
3422,623
3423,21
3424,20
3425,20
3426,353
3427,353
3428,353
3429,353
3430,354
3431,354
3432,174
3433,355
3434,247
3435,247
3436,247
3437,330
3438,330
3439,321
3440,321
3441,321
3442,321
3443,321
3444,321
3445,115
3446,115
3447,356
3448,201
3449,201
3450,201
3451,201
3452,201
3453,201
3454,201
3455,201
3456,201
3457,237
3458,237
3459,237
3460,237
3461,237
3462,237
3463,237
3464,237
3465,237
3466,106
3467,357
3468,357
3469,221
3470,292
3471,323
3472,323
3473,115
3474,115
3475,321
3476,321
3477,76
3478,76
3479,92
3480,358
3481,359
3482,323
3483,323
3484,122
3485,360
3486,207
3487,151
3488,151
3489,151
3490,151
3491,151
3492,151
3493,151
3494,151
3495,151
3496,193
3497,193
3498,8
3499,8
3500,8
3501,8
3502,200
3503,200
3504,200
3505,200
3506,25
3507,25
3508,25
3509,25
3510,8
3511,8
3512,8
3513,8
3514,225
3515,181
3516,185
3517,185
3518,185
3519,185
3520,361
3521,361
3522,361
3523,361
3524,361
3525,97
3526,212
3527,212
3528,212
3529,212
3530,212
3531,212
3532,362
3533,363
3534,364
3535,2
3536,365
3537,81
3538,43
3539,104
3540,106
3541,54
3542,54
3543,54
3544,247
3545,54
3546,366
3547,316
3548,316
3549,61
3550,61
3551,152
3552,174
3553,43
3554,26
3555,93
3556,250
3557,316
3558,316
3559,316
3560,316
3561,316
3562,316
3563,316
3564,316
3565,316
3566,262
3567,232
3568,2
3569,2
3570,367
3571,178
3572,178
3573,178
3574,178
3575,178
3576,178
3577,178
3578,178
3579,178
3580,29
3581,29
3582,286
3583,286
3584,286
3585,286
3586,286
3587,286
3588,286
3589,286
3590,286
3591,286
3592,286
3593,286
3594,3
3595,3
3596,81
3597,81
3598,81
3599,111
3600,111
3601,111
3602,225
3603,123
3604,286
3605,76
3606,149
3607,148
3608,25
3609,25
3610,25
3611,174
3612,174
3613,174
3614,174
3615,174
3616,174
3617,174
3618,174
3619,174
3620,174
3621,174
3622,174
3623,174
3624,311
3625,311
3626,311
3627,185
3628,228
3629,36
3630,143
3631,60
3632,60
3633,60
3634,311
3635,29
3636,29
3637,253
3638,253
3639,76
3640,76
3641,76
3642,76
3643,76
3644,61
3645,36
3646,36
3647,36
3648,36
3649,36
3650,152
3651,37
3652,105
3653,176
3654,900
3655,925
3656,461
3657,376
3658,76
3659,76
3660,76
3661,76
3662,212
3663,10
3664,286
3665,286
3666,286
3667,247
3668,81
3669,81
3670,81
3671,81
3672,81
3673,81
3674,81
3675,81
3676,81
3677,166
3678,221
3679,188
3680,710
3681,315
3682,148
3683,36
3684,70
3685,70
3686,70
3687,29
3688,177
3689,148
3690,148
3691,148
3692,111
3693,25
3694,81
3695,368
3696,315
3697,369
3698,247
3699,247
3700,250
3701,370
3702,370
3703,370
3704,371
3705,26
3706,36
3707,36
3708,226
3709,226
3710,226
3711,226
3712,226
3713,226
3714,226
3715,226
3716,226
3717,292
3718,26
3719,26
3720,26
3721,26
3722,26
3723,26
3724,26
3725,76
3726,76
3727,36
3728,36
3729,36
3730,36
3731,36
3732,36
3733,36
3734,36
3735,36
3736,36
3737,102
3738,102
3739,36
3740,36
3741,36
3742,36
3743,36
3744,36
3745,102
3746,35
3747,35
3748,35
3749,35
3750,35
3751,35
3752,35
3753,35
3754,35
3755,35
3756,35
3757,35
3758,35
3759,35
3760,355
3761,369
3762,29
3763,302
3764,26
3765,26
3766,26
3767,212
3768,212
3769,26
3770,260
3771,26
3772,60
3773,372
3774,26
3775,284
3776,392
3777,291
3778,57
3779,260
3780,99
3781,200
3782,291
3783,291
3784,291
3785,291
3786,291
3787,26
3788,26
3789,26
3790,26
3791,37
3792,37
3793,37
3794,373
3795,371
3796,371
3797,2
3798,61
3799,61
3800,61
3801,70
3802,26
3803,57
3804,57
3805,66
3806,185
3807,185
3808,188
3809,193
3810,151
3811,92
3812,70
3813,355
3814,355
3815,355
3816,355
3817,355
3818,225
3819,225
3820,225
3821,36
3822,10
3823,115
3824,205
3825,208
3826,106
3827,26
3828,54
3829,54
3830,54
3831,54
3832,54
3833,54
3834,54
3835,54
3836,54
3837,54
3838,193
3839,21
3840,21
3841,36
3842,36
3843,36
3844,36
3845,200
3846,200
3847,200
3848,200
3849,200
3850,253
3851,253
3852,253
3853,243
3854,243
3855,374
3856,44
3857,44
3858,44
3859,44
3860,44
3861,44
3862,44
3863,176
3864,176
3865,176
3866,176
3867,176
3868,176
3869,36
3870,36
3871,36
3872,36
3873,36
3874,36
3875,178
3876,178
3877,178
3878,178
3879,207
3880,54
3881,54
3882,167
3883,1
3884,104
3885,104
3886,375
3887,29
3888,37
3889,178
3890,8
3891,8
3892,315
3893,79
3894,315
3895,315
3896,36
3897,36
3898,36
3899,376
3900,376
3901,106
3902,106
3903,377
3904,31
3905,286
3906,8
3907,8
3908,8
3909,25
3910,378
3911,37
3912,37
3913,37
3914,373
3915,373
3916,44
3917,373
3918,8
3919,8
3920,8
3921,99
3922,99
3923,237
3924,8
3925,174
3926,174
3927,220
3928,220
3929,173
3930,173
3931,173
3932,173
3933,198
3934,198
3935,379
3936,379
3937,221
3938,30
3939,30
3940,30
3941,376
3942,380
3943,177
3944,174
3945,174
3946,174
3947,174
3948,200
3949,200
3950,382
3951,193
3952,36
3953,36
3954,36
3955,187
3956,383
3957,283
3958,283
3959,384
3960,198
3961,385
3962,385
3963,385
3964,385
3965,385
3966,385
3967,385
3968,228
3969,177
3970,177
3971,177
3972,177
3973,177
3974,177
3975,177
3976,177
3977,177
3978,177
3979,177
3980,177
3981,177
3982,177
3983,177
3984,177
3985,284
3986,284
3987,284
3988,285
3989,135
3990,127
3991,226
3992,226
3993,226
3994,36
3995,36
3996,36
3997,179
3998,36
3999,36
4000,30
4001,70
4002,386
4003,203
4004,60
4005,60
4006,8
4007,25
4008,104
4009,104
4010,104
4011,104
4012,104
4013,104
4014,104
4015,387
4016,60
4017,388
4018,112
4019,1
4020,148
4021,389
4022,390
4023,391
4024,392
4025,393
4026,174
4027,311
4028,311
4029,311
4030,311
4031,57
4032,57
4033,57
4034,57
4035,57
4036,193
4037,193
4038,193
4039,115
4040,115
4041,115
4042,115
4043,115
4044,115
4045,104
4046,123
4047,123
4048,123
4049,123
4050,123
4051,123
4052,123
4053,123
4054,123
4055,104
4056,174
4057,174
4058,95
4059,29
4060,95
4061,95
4062,143
4063,143
4064,111
4065,95
4066,95
4067,95
4068,95
4069,95
4070,99
4071,99
4072,99
4073,95
4074,95
4075,95
4076,95
4077,95
4078,70
4079,20
4080,220
4081,70
4082,394
4083,386
4084,1
4085,395
4086,60
4087,215
4088,95
4089,95
4090,95
4091,95
4092,95
4093,396
4094,396
4095,396
4096,396
4097,193
4098,193
4099,193
4100,193
4101,193
4102,397
4103,146
4104,113
4105,398
4106,158
4107,399
4108,399
4109,400
4110,399
4111,401
4112,402
4113,403
4114,115
4115,115
4116,115
4117,115
4118,60
4119,36
4120,36
4121,207
4122,404
4123,102
4124,102
4125,226
4126,371
4127,371
4128,371
4129,374
4130,374
4131,55
4132,60
4133,60
4134,60
4135,60
4136,60
4137,253
4138,135
4139,135
4140,374
4141,374
4142,374
4143,374
4144,374
4145,102
4146,102
4147,102
4148,102
4149,102
4150,405
4151,150
4152,332
4153,842
4154,8
4155,260
4156,255
4157,255
4158,255
4159,255
4160,255
4161,174
4162,406
4163,205
4164,205
4165,205
4166,205
4167,205
4168,205
4169,205
4170,315
4171,315
4172,315
4173,315
4174,315
4175,315
4176,315
4177,315
4178,315
4179,315
4180,188
4181,407
4182,408
4183,408
4184,381
4185,221
4186,99
4187,99
4188,99
4189,99
4190,99
4191,99
4192,99
4193,99
4194,99
4195,110
4196,110
4197,110
4198,110
4199,409
4200,70
4201,70
4202,410
4203,410
4204,410
4205,8
4206,8
4207,8
4208,8
4209,8
4210,8
4211,2
4212,2
4213,100
4214,253
4215,765
4216,190
4217,331
4218,413
4219,414
4220,253
4221,99
4222,410
4223,361
4224,332
4225,30
4226,30
4227,30
4228,30
4229,30
4230,30
4231,30
4232,30
4233,30
4234,30
4235,30
4236,30
4237,30
4238,30
4239,70
4240,70
4241,102
4242,102
4243,102
4244,381
4245,355
4246,355
4247,355
4248,355
4249,355
4250,355
4251,143
4252,200
4253,99
4254,410
4255,112
4256,112
4257,415
4258,415
4259,415
4260,205
4261,187
4262,74
4263,31
4264,416
4265,417
4266,418
4267,419
4268,420
4269,421
4270,110
4271,99
4272,36
4273,36
4274,225
4275,417
4276,102
4277,422
4278,225
4279,423
4280,60
4281,424
4282,60
4283,102
4284,102
4285,60
4286,60
4287,60
4288,60
4289,60
4290,60
4291,60
4292,60
4293,60
4294,60
4295,60
4296,60
4297,60
4298,60
4299,60
4300,60
4301,60
4302,60
4303,200
4304,200
4305,200
4306,200
4307,200
4308,200
4309,200
4310,200
4311,200
4312,200
4313,200
4314,200
4315,2
4316,2
4317,193
4318,200
4319,200
4320,189
4321,189
4322,82
4323,70
4324,70
4325,70
4326,189
4327,189
4328,189
4329,29
4330,200
4331,200
4332,53
4333,53
4334,204
4335,285
4336,285
4337,285
4338,285
4339,285
4340,285
4341,204
4342,204
4343,425
4344,77
4345,312
4346,312
4347,312
4348,312
4349,312
4350,312
4351,312
4352,354
4353,123
4354,123
4355,2
4356,67
4357,189
4358,189
4359,426
4360,426
4361,189
4362,329
4363,329
4364,329
4365,329
4366,329
4367,329
4368,313
4369,427
4370,204
4371,204
4372,428
4373,633
4374,111
4375,77
4376,228
4377,193
4378,193
4379,429
4380,302
4381,302
4382,302
4383,302
4384,146
4385,146
4386,200
4387,200
4388,146
4389,146
4390,146
4391,146
4392,21
4393,21
4394,193
4395,193
4396,21
4397,21
4398,21
4399,64
4400,327
4401,237
4402,60
4403,193
4404,430
4405,60
4406,285
4407,177
4408,177
4409,177
4410,177
4411,177
4412,177
4413,177
4414,177
4415,177
4416,177
4417,177
4418,177
4419,177
4420,177
4421,200
4422,200
4423,77
4424,43
4425,43
4426,284
4427,200
4428,106
4429,106
4430,106
4431,106
4432,106
4433,106
4434,106
4435,106
4436,200
4437,200
4438,200
4439,200
4440,431
4441,431
4442,431
4443,431
4444,431
4445,175
4446,175
4447,175
4448,175
4449,175
4450,60
4451,60
4452,60
4453,207
4454,207
4455,207
4456,69
4457,69
4458,69
4459,66
4460,66
4461,66
4462,432
4463,432
4464,432
4465,432
4466,432
4467,432
4468,69
4469,69
4470,69
4471,69
4472,69
4473,69
4474,69
4475,69
4476,70
4477,70
4478,70
4479,70
4480,70
4481,70
4482,70
4483,29
4484,77
4485,77
4486,77
4487,77
4488,77
4489,43
4490,43
4491,43
4492,43
4493,43
4494,43
4495,43
4496,62
4497,77
4498,253
4499,433
4500,434
4501,288
4502,106
4503,205
4504,205
4505,261
4506,60
4507,60
4508,179
4509,70
4510,70
4511,70
4512,135
4513,135
4514,135
4515,205
4516,205
4517,205
4518,70
4519,70
4520,60
4521,60
4522,60
4523,430
4524,430
4525,430
4526,430
4527,430
4528,430
4529,430
4530,193
4531,554
4532,385
4533,385
4534,385
4535,385
4536,385
4537,385
4538,385
4539,385
4540,385
4541,385
4542,385
4543,385
4544,385
4545,385
4546,385
4547,385
4548,385
4549,385
4550,385
4551,70
4552,36
4553,36
4554,36
4555,36
4556,36
4557,36
4558,36
4559,36
4560,435
4561,435
4562,116
4563,411
4564,411
4565,411
4566,31
4567,151
4568,436
4569,70
4570,66
4571,66
4572,710
4573,115
4574,44
4575,8
4576,8
4577,8
4578,8
4579,8
4580,8
4581,8
4582,8
4583,201
4584,201
4585,250
4586,250
4587,66
4588,66
4589,66
4590,66
4591,66
4592,66
4593,66
4594,66
4595,66
4596,66
4597,66
4598,66
4599,70
4600,70
4601,70
4602,70
4603,173
4604,173
4605,173
4606,173
4607,173
4608,173
4609,173
4610,143
4611,143
4612,143
4613,143
4614,143
4615,302
4616,302
4617,367
4618,302
4619,25
4620,361
4621,361
4622,361
4623,361
4624,198
4625,198
4626,198
4627,198
4628,376
4629,376
4630,67
4631,67
4632,371
4633,150
4634,67
4635,53
4636,53
4637,53
4638,53
4639,53
4640,53
4641,53
4642,53
4643,53
4644,53
4645,53
4646,53
4647,53
4648,53
4649,53
4650,53
4651,53
4652,253
4653,253
4654,212
4655,212
4656,212
4657,253
4658,253
4659,253
4660,253
4661,253
4662,253
4663,396
4664,54
4665,54
4666,54
4667,54
4668,54
4669,54
4670,607
4671,351
4672,437
4673,438
4674,8
4675,439
4676,376
4677,380
4678,440
4679,441
4680,178
4681,143
4682,355
4683,355
4684,355
4685,355
4686,355
4687,355
4688,118
4689,118
4690,118
4691,118
4692,118
4693,118
4694,118
4695,118
4696,106
4697,106
4698,106
4699,70
4700,442
4701,331
4702,331
4703,331
4704,331
4705,331
4706,331
4707,331
4708,331
4709,331
4710,331
4711,331
4712,331
4713,331
4714,331
4715,331
4716,92
4717,92
4718,92
4719,118
4720,118
4721,118
4722,118
4723,118
4724,118
4725,118
4726,118
4727,118
4728,198
4729,198
4730,188
4731,188
4732,201
4733,201
4734,201
4735,201
4736,201
4737,334
4738,334
4739,334
4740,116
4741,116
4742,116
4743,116
4744,116
4745,289
4746,289
4747,289
4748,289
4749,289
4750,289
4751,289
4752,207
4753,56
4754,56
4755,77
4756,710
4757,710
4758,710
4759,710
4760,106
4761,443
4762,77
4763,106
4764,106
4765,106
4766,106
4767,201
4768,201
4769,201
4770,201
4771,201
4772,201
4773,201
4774,201
4775,201
4776,201
4777,201
4778,56
4779,56
4780,56
4781,56
4782,56
4783,201
4784,201
4785,201
4786,201
4787,201
4788,201
4789,201
4790,201
4791,201
4792,201
4793,201
4794,43
4795,43
4796,43
4797,43
4798,43
4799,221
4800,106
4801,206
4802,286
4803,106
4804,106
4805,106
4806,106
4807,106
4808,106
4809,444
4810,29
4811,115
4812,115
4813,261
4814,261
4815,150
4816,150
4817,302
4818,302
4819,302
4820,302
4821,62
4822,62
4823,62
4824,62
4825,62
4826,62
4827,62
4828,62
4829,62
4830,62
4831,143
4832,30
4833,30
4834,339
4835,76
4836,445
4837,29
4838,36
4839,36
4840,143
4841,62
4842,62
4843,62
4844,355
4845,62
4846,62
4847,62
4848,62
4849,254
4850,284
4851,102
4852,253
4853,143
4854,60
4855,44
4856,36
4857,36
4858,36
4859,143
4860,143
4861,143
4862,143
4863,143
4864,143
4865,179
4866,102
4867,102
4868,191
4869,191
4870,106
4871,106
4872,179
4873,201
4874,201
4875,201
4876,201
4877,201
4878,201
4879,201
4880,201
4881,201
4882,201
4883,201
4884,62
4885,410
4886,410
4887,410
4888,410
4889,410
4890,152
4891,57
4892,143
4893,260
4894,190
4895,190
4896,151
4897,102
4898,102
4899,102
4900,102
4901,237
4902,152
4903,152
4904,423
4905,174
4906,188
4907,188
4908,188
4909,106
4910,106
4911,446
4912,31
4913,31
4914,31
4915,31
4916,31
4917,31
4918,31
4919,36
4920,86
4921,447
4922,447
4923,179
4924,179
4925,179
4926,70
4927,31
4928,410
4929,20
4930,20
4931,54
4932,20
4933,20
4934,20
4935,173
4936,20
4937,20
4938,448
4939,449
4940,55
4941,55
4942,179
4943,179
4944,143
4945,143
4946,143
4947,143
4948,143
4949,143
4950,143
4951,143
4952,143
4953,55
4954,315
4955,111
4956,104
4957,221
4958,221
4959,221
4960,221
4961,221
4962,449
4963,450
4964,450
4965,450
4966,450
4967,450
4968,450
4969,20
4970,20
4971,20
4972,20
4973,20
4974,20
4975,20
4976,20
4977,20
4978,205
4979,205
4980,205
4981,205
4982,205
4983,205
4984,143
4985,191
4986,44
4987,44
4988,122
4989,60
4990,60
4991,200
4992,31
4993,36
4994,302
4995,61
4996,57
4997,57
4998,99
4999,29
5000,29
5001,99
5002,31
5003,451
5004,451
5005,451
5006,451
5007,60
5008,20
5009,20
5010,302
5011,302
5012,86
5013,29
5014,62
5015,62
5016,173
5017,55
5018,55
5019,55
5020,29
5021,29
5022,99
5023,99
5024,29
5025,29
5026,198
5027,173
5028,173
5029,173
5030,623
5031,177
5032,177
5033,177
5034,173
5035,173
5036,173
5037,55
5038,55
5039,55
5040,55
5041,55
5042,55
5043,36
5044,36
5045,36
5046,36
5047,36
5048,36
5049,36
5050,291
5051,291
5052,36
5053,36
5054,36
5055,29
5056,106
5057,106
5058,106
5059,106
5060,31
5061,31
5062,31
5063,31
5064,31
5065,376
5066,168
5067,226
5068,226
5069,226
5070,361
5071,361
5072,410
5073,410
5074,410
5075,60
5076,60
5077,60
5078,60
5079,205
5080,452
5081,452
5082,452
5083,452
5084,452
5085,452
5086,452
5087,452
5088,452
5089,29
5090,452
5091,355
5092,355
5093,378
5094,378
5095,378
5096,378
5097,378
5098,378
5099,378
5100,378
5101,378
5102,173
5103,173
5104,173
5105,173
5106,219
5107,219
5108,219
5109,219
5110,29
5111,70
5112,70
5113,70
5114,115
5115,55
5116,55
5117,55
5118,55
5119,55
5120,55
5121,55
5122,260
5123,36
5124,36
5125,36
5126,55
5127,55
5128,55
5129,453
5130,46
5131,46
5132,219
5133,54
5134,54
5135,54
5136,54
5137,54
5138,54
5139,54
5140,54
5141,54
5142,54
5143,454
5144,455
5145,112
5146,456
5147,105
5148,102
5149,102
5150,102
5151,102
5152,213
5153,21
5154,21
5155,21
5156,21
5157,21
5158,21
5159,21
5160,36
5161,457
5162,451
5163,451
5164,458
5165,374
5166,374
5167,374
5168,200
5169,200
5170,200
5171,200
5172,459
5173,200
5174,361
5175,361
5176,361
5177,361
5178,361
5179,187
5180,36
5181,36
5182,36
5183,36
5184,36
5185,36
5186,36
5187,115
5188,115
5189,115
5190,115
5191,143
5192,43
5193,261
5194,261
5195,179
5196,179
5197,179
5198,179
5199,179
5200,179
5201,179
5202,179
5203,179
5204,179
5205,179
5206,179
5207,179
5208,179
5209,179
5210,226
5211,226
5212,423
5213,423
5214,423
5215,423
5216,423
5217,423
5218,423
5219,423
5220,423
5221,423
5222,423
5223,423
5224,423
5225,423
5226,423
5227,423
5228,423
5229,200
5230,200
5231,200
5232,200
5233,200
5234,200
5235,200
5236,200
5237,115
5238,200
5239,115
5240,200
5241,200
5242,200
5243,200
5244,315
5245,302
5246,302
5247,57
5248,57
5249,57
5250,57
5251,57
5252,57
5253,57
5254,200
5255,102
5256,102
5257,102
5258,102
5259,102
5260,102
5261,102
5262,261
5263,35
5264,35
5265,35
5266,35
5267,35
5268,35
5269,35
5270,460
5271,460
5272,200
5273,200
5274,152
5275,152
5276,152
5277,152
5278,152
5279,152
5280,152
5281,152
5282,152
5283,44
5284,188
5285,105
5286,55
5287,55
5288,55
5289,57
5290,57
5291,57
5292,57
5293,57
5294,57
5295,57
5296,57
5297,54
5298,54
5299,54
5300,54
5301,115
5302,115
5303,115
5304,115
5305,115
5306,115
5307,115
5308,115
5309,115
5310,115
5311,302
5312,302
5313,173
5314,102
5315,102
5316,102
5317,102
5318,102
5319,102
5320,102
5321,167
5322,187
5323,176
5324,62
5325,62
5326,423
5327,423
5328,44
5329,44
5330,44
5331,57
5332,178
5333,178
5334,127
5335,127
5336,143
5337,143
5338,143
5339,99
5340,44
5341,44
5342,105
5343,31
5344,31
5345,31
5346,31
5347,31
5348,178
5349,44
5350,44
5351,44
5352,200
5353,200
5354,168
5355,151
5356,376
5357,376
5358,221
5359,221
5360,102
5361,36
5362,36
5363,36
5364,58
5365,151
5366,60
5367,462
5368,55
5369,70
5370,70
5371,70
5372,70
5373,70
5374,167
5375,221
5376,207
5377,30
5378,108
5379,53
5380,36
5381,226
5382,104
5383,30
5384,376
5385,225
5386,225
5387,30
5388,30
5389,31
5390,60
5391,36
5392,36
5393,36
5394,36
5395,36
5396,36
5397,36
5398,36
5399,463
5400,463
5401,463
5402,355
5403,200
5404,61
5405,302
5406,25
5407,25
5408,293
5409,293
5410,293
5411,293
5412,460
5413,460
5414,460
5415,460
5416,460
5417,102
5418,102
5419,102
5420,102
5421,102
5422,102
5423,464
5424,102
5425,102
5426,102
5427,465
5428,55
5429,55
5430,55
5431,102
5432,102
5433,102
5434,102
5435,102
5436,102
5437,102
5438,127
5439,127
5440,21
5441,115
5442,115
5443,115
5444,115
5445,115
5446,115
5447,115
5448,115
5449,115
5450,115
5451,115
5452,168
5453,168
5454,115
5455,198
5456,198
5457,198
5458,198
5459,198
5460,54
5461,292
5462,178
5463,127
5464,127
5465,237
5466,237
5467,237
5468,237
5469,237
5470,115
5471,115
5472,115
5473,115
5474,115
5475,115
5476,115
5477,115
5478,466
5479,226
5480,417
5481,198
5482,149
5483,149
5484,149
5485,149
5486,149
5487,149
5488,149
5489,149
5490,371
5491,371
5492,371
5493,371
5494,8
5495,105
5496,8
5497,250
5498,444
5499,460
5500,198
5501,198
5502,198
5503,289
5504,188
5505,188
5506,249
5507,249
5508,106
5509,106
5510,106
5511,291
5512,291
5513,291
5514,102
5515,102
5516,467
5517,467
5518,21
5519,467
5520,467
5521,468
5522,44
5523,60
5524,70
5525,70
5526,424
5527,424
5528,424
5529,424
5530,220
5531,220
5532,60
5533,417
5534,21
5535,225
5536,225
5537,112
5538,112
5539,112
5540,112
5541,112
5542,112
5543,70
5544,208
5545,208
5546,208
5547,70
5548,70
5549,70
5550,70
5551,70
5552,207
5553,70
5554,244
5555,282
5556,347
5557,347
5558,225
5559,143
5560,143
5561,143
5562,60
5563,60
5564,60
5565,60
5566,106
5567,106
5568,106
5569,469
5570,70
5571,281
5572,281
5573,281
5574,281
5575,281
5576,60
5577,60
5578,60
5579,60
5580,70
5581,70
5582,70
5583,70
5584,70
5585,70
5586,70
5587,70
5588,70
5589,70
5590,70
5591,70
5592,70
5593,70
5594,70
5595,463
5596,463
5597,463
5598,60
5599,60
5600,60
5601,60
5602,60
5603,60
5604,60
5605,60
5606,60
5607,60
5608,60
5609,60
5610,205
5611,60
5612,60
5613,60
5614,60
5615,226
5616,60
5617,60
5618,60
5619,60
5620,60
5621,60
5622,60
5623,60
5624,60
5625,60
5626,205
5627,330
5628,406
5629,106
5630,70
5631,178
5632,178
5633,291
5634,291
5635,106
5636,250
5637,354
5638,354
5639,354
5640,354
5641,473
5642,187
5643,54
5644,376
5645,54
5646,470
5647,247
5648,54
5649,471
5650,54
5651,472
5652,143
5653,54
5654,36
5655,36
5656,36
5657,36
5658,178
5659,44
5660,168
5661,168
5662,168
5663,168
5664,168
5665,473
5666,473
5667,473
5668,473
5669,473
5670,473
5671,473
5672,473
5673,428
5674,36
5675,204
5676,204
5677,204
5678,204
5679,204
5680,106
5681,247
5682,167
5683,167
5684,167
5685,167
5686,167
5687,167
5688,167
5689,167
5690,167
5691,167
5692,289
5693,289
5694,289
5695,289
5696,247
5697,247
5698,247
5699,247
5700,247
5701,247
5702,106
5703,474
5704,168
5705,168
5706,168
5707,102
5708,475
5709,475
5710,475
5711,475
5712,475
5713,475
5714,475
5715,475
5716,475
5717,475
5718,475
5719,475
5720,475
5721,475
5722,475
5723,475
5724,475
5725,475
5726,475
5727,475
5728,475
5729,475
5730,475
5731,475
5732,475
5733,475
5734,475
5735,475
5736,475
5737,475
5738,475
5739,475
5740,475
5741,115
5742,115
5743,115
5744,115
5745,115
5746,66
5747,66
5748,66
5749,66
5750,66
5751,66
5752,66
5753,247
5754,247
5755,460
5756,460
5757,460
5758,460
5759,460
5760,460
5761,226
5762,226
5763,226
5764,226
5765,226
5766,143
5767,143
5768,143
5769,143
5770,143
5771,143
5772,143
5773,143
5774,143
5775,143
5776,143
5777,143
5778,99
5779,99
5780,99
5781,99
5782,99
5783,226
5784,226
5785,135
5786,135
5787,135
5788,135
5789,115
5790,115
5791,115
5792,115
5793,115
5794,115
5795,115
5796,54
5797,54
5798,54
5799,54
5800,207
5801,207
5802,200
5803,152
5804,152
5805,152
5806,152
5807,152
5808,152
5809,152
5810,476
5811,70
5812,291
5813,291
5814,291
5815,291
5816,291
5817,291
5818,21
5819,66
5820,66
5821,66
5822,66
5823,66
5824,66
5825,66
5826,66
5827,226
5828,190
5829,190
5830,190
5831,102
5832,408
5833,408
5834,408
5835,408
5836,408
5837,408
5838,408
5839,460
5840,460
5841,460
5842,460
5843,207
5844,207
5845,207
5846,207
5847,70
5848,289
5849,477
5850,102
5851,102
5852,478
5853,102
5854,102
5855,200
5856,200
5857,200
5858,200
5859,200
5860,200
5861,106
5862,106
5863,479
5864,480
5865,480
5866,480
5867,480
5868,480
5869,480
5870,480
5871,480
5872,20
5873,20
5874,168
5875,168
5876,168
5877,168
5878,480
5879,221
5880,36
5881,36
5882,200
5883,200
5884,200
5885,200
5886,62
5887,201
5888,99
5889,291
5890,112
5891,112
5892,106
5893,623
5894,623
5895,623
5896,623
5897,623
5898,623
5899,315
5900,207
5901,207
5902,291
5903,291
5904,291
5905,291
5906,291
5907,291
5908,291
5909,21
5910,54
5911,204
5912,204
5913,204
5914,204
5915,204
5916,70
5917,70
5918,315
5919,315
5920,315
5921,315
5922,315
5923,315
5924,315
5925,481
5926,481
5927,404
5928,226
5929,226
5930,226
5931,226
5932,226
5933,226
5934,226
5935,226
5936,44
5937,44
5938,44
5939,143
5940,143
5941,143
5942,412
5943,412
5944,412
5945,412
5946,412
5947,412
5948,412
5949,412
5950,383
5951,383
5952,383
5953,481
5954,481
5955,481
5956,481
5957,481
5958,481
5959,481
5960,481
5961,482
5962,483
5963,482
5964,482
5965,482
5966,284
5967,482
5968,381
5969,381
5970,410
5971,410
5972,410
5973,284
5974,284
5975,367
5976,482
5977,225
5978,225
5979,102
5980,102
5981,102
5982,102
5983,102
5984,102
5985,102
5986,102
5987,102
5988,102
5989,102
5990,484
5991,484
5992,484
5993,187
5994,187
5995,485
5996,485
5997,485
5998,260
5999,462
6000,293
6001,190
6002,35
6003,190
6004,411
6005,411
6006,104
6007,104
6008,289
6009,424
6010,424
6011,424
6012,424
6013,424
6014,424
6015,424
6016,424
6017,207
6018,207
6019,207
6020,467
6021,467
6022,415
6023,415
6024,415
6025,415
6026,415
6027,415
6028,415
6029,415
6030,415
6031,415
6032,415
6033,415
6034,415
6035,415
6036,415
6037,415
6038,415
6039,415
6040,415
6041,415
6042,415
6043,415
6044,415
6045,467
6046,467
6047,190
6048,486
6049,168
6050,426
6051,426
6052,426
6053,207
6054,207
6055,207
6056,376
6057,376
6058,106
6059,106
6060,106
6061,106
6062,106
6063,106
6064,106
6065,106
6066,106
6067,106
6068,106
6069,207
6070,426
6071,165
6072,165
6073,165
6074,165
6075,165
6076,482
6077,482
6078,482
6079,482
6080,482
6081,56
6082,56
6083,56
6084,56
6085,56
6086,56
6087,56
6088,56
6089,25
6091,25
6092,487
6093,488
6094,488
6095,489
6096,487
6097,208
6098,208
6099,208
6100,208
6101,370
6102,370
6103,501
6104,104
6105,482
6106,482
6107,482
6108,482
6109,482
6110,482
6111,482
6112,482
6113,108
6114,490
6115,343
6116,102
6117,491
6118,342
6119,454
6120,226
6121,492
6122,426
6123,426
6124,426
6125,426
6126,426
6127,426
6128,44
6129,44
6130,44
6131,44
6132,44
6133,44
6134,284
6135,102
6136,102
6137,344
6138,284
6139,493
6140,494
6141,494
6142,495
6143,225
6144,486
6145,486
6146,284
6147,284
6148,53
6149,53
6150,187
6151,44
6152,44
6153,285
6154,285
6155,486
6156,496
6157,496
6158,497
6159,108
6160,284
6161,284
6162,284
6163,284
6164,36
6165,36
6166,342
6167,339
6168,339
6169,339
6170,339
6171,339
6172,36
6173,482
6174,498
6175,143
6176,31
6177,31
6178,31
6179,31
6180,31
6181,31
6182,225
6183,355
6184,355
6185,355
6186,355
6187,355
6188,355
6189,106
6190,302
6191,410
6192,207
6193,115
6194,115
6195,291
6196,291
6197,291
6198,291
6199,36
6200,200
6201,200
6202,470
6203,200
6204,200
6205,200
6206,200
6207,31
6208,31
6209,31
6210,31
6211,376
6212,376
6213,8
6214,291
6215,289
6216,499
6217,226
6218,165
6219,165
6220,165
6221,112
6222,1
6223,1142
6224,220
6225,316
6226,500
6227,412
6228,361
6229,501
6230,501
6231,501
6232,501
6233,501
6234,501
6235,221
6236,221
6237,221
6238,187
6239,102
6240,102
6241,102
6242,302
6243,424
6244,466
6245,502
6246,466
6247,231
6248,503
6249,102
6250,464
6251,54
6252,212
6253,212
6254,463
6255,463
6256,463
6257,463
6258,463
6259,463
6260,463
6261,54
6262,417
6263,417
6264,381
6265,381
6266,381
6267,1
6268,205
6269,221
6270,1
6271,106
6272,183
6273,183
6274,183
6275,177
6276,127
6277,127
6278,127
6279,127
6280,127
6281,127
6282,127
6283,127
6284,127
6285,127
6286,127
6287,127
6288,127
6289,127
6290,127
6291,127
6292,127
6293,127
6294,168
6295,383
6296,383
6297,383
6298,250
6299,250
6300,250
6301,250
6302,250
6303,250
6304,127
6305,298
6306,298
6307,105
6308,36
6309,183
6310,183
6311,183
6312,183
6313,183
6314,183
6315,183
6316,183
6317,183
6318,183
6319,183
6320,58
6321,504
6322,504
6323,99
6324,99
6325,57
6326,57
6327,487
6328,487
6329,86
6330,356
6331,356
6332,356
6333,174
6334,66
6335,255
6336,112
6337,505
6338,43
6339,255
6340,255
6341,255
6342,255
6343,255
6344,255
6345,255
6346,255
6347,72
6348,72
6349,72
6350,72
6351,501
6352,501
6353,501
6354,501
6355,501
6356,501
6357,127
6358,58
6359,58
6360,412
6361,412
6362,412
6363,412
6364,412
6365,412
6366,412
6367,412
6368,412
6369,412
6370,1142
6371,127
6372,127
6373,127
6374,127
6375,58
6376,623
6377,149
6378,506
6379,506
6380,506
6381,506
6382,506
6383,506
6384,506
6385,506
6386,81
6388,507
6389,220
6390,76
6391,31
6392,508
6393,508
6394,508
6395,508
6396,508
6397,508
6398,385
6399,385
6400,385
6401,410
6402,410
6403,410
6404,410
6405,410
6406,473
6407,115
6408,115
6409,31
6410,31
6411,115
6412,115
6413,115
6414,115
6415,115
6416,31
6417,507
6418,507
6419,507
6420,507
6421,507
6422,507
6423,507
6424,507
6425,507
6426,507
6427,507
6428,507
6429,507
6430,507
6431,507
6432,507
6433,410
6434,165
6435,165
6436,165
6437,410
6438,115
6439,115
6440,115
6441,115
6442,115
6443,115
6444,31
6445,127
6446,101
6447,101
6448,115
6449,115
6450,115
6451,115
6452,115
6453,115
6454,115
6455,115
6456,115
6457,509
6458,510
6459,410
6460,101
6461,8
6462,8
6463,101
6464,381
6465,381
6466,198
6467,198
6468,198
6469,198
6470,198
6471,198
6472,198
6473,43
6474,8
6475,8
6476,8
6477,8
6478,8
6479,8
6480,511
6481,511
6482,511
6483,511
6484,511
6485,8
6486,8
6487,31
6488,31
6489,79
6490,220
6491,220
6492,8
6493,8
6494,115
6495,512
6496,501
6497,115
6498,8
6499,8
6500,513
6501,513
6502,127
6503,127
6504,201
6505,367
6506,76
6507,143
6508,514
6509,220
6510,225
6511,367
6512,53
6513,53
6514,53
6515,263
6516,263
6517,515
6518,515
6519,198
6520,198
6521,225
6522,289
6523,411
6524,411
6525,411
6526,411
6527,411
6528,411
6529,411
6530,70
6531,70
6532,70
6533,286
6534,286
6535,286
6536,286
6537,286
6538,286
6539,286
6540,286
6541,286
6542,286
6543,286
6544,286
6545,286
6546,286
6547,286
6548,286
6549,286
6550,516
6551,517
6552,66
6553,286
6554,515
6555,515
6556,225
6557,225
6558,225
6559,225
6560,225
6561,20
6562,20
6563,20
6564,20
6565,20
6566,255
6567,255
6568,255
6569,255
6570,515
6571,515
6572,515
6573,225
6574,225
6575,286
6576,286
6577,225
6578,283
6579,283
6580,143
6581,515
6582,515
6583,515
6584,515
6585,515
6586,515
6587,36
6588,36
6589,36
6590,36
6591,36
6592,36
6593,36
6594,36
6595,36
6596,36
6597,36
6598,36
6599,36
6600,36
6601,36
6602,36
6603,36
6604,36
6605,518
6606,518
6607,518
6608,518
6609,36
6610,36
6611,104
6612,152
6613,289
6614,289
6615,289
6616,289
6617,289
6618,289
6619,289
6620,289
6621,289
6622,57
6623,57
6624,57
6625,152
6626,519
6627,36
6628,99
6629,99
6630,99
6631,99
6632,220
6633,220
6634,220
6635,220
6636,70
6637,70
6638,520
6639,111
6640,482
6641,482
6642,482
6643,115
6644,521
6645,522
6646,501
6647,501
6648,501
6649,501
6650,501
6651,501
6652,501
6653,201
6654,201
6655,367
6656,367
6657,201
6658,201
6659,201
6660,523
6661,523
6662,524
6663,524
6664,524
6665,115
6666,115
6667,115
6668,115
6669,115
6670,115
6671,115
6672,115
6673,1
6674,201
6675,115
6676,20
6677,623
6678,623
6679,623
6680,99
6681,355
6682,122
6683,225
6684,225
6685,149
6686,149
6687,149
6688,149
6689,149
6690,149
6691,149
6692,149
6693,20
6694,20
6695,20
6696,20
6697,20
6698,525
6699,525
6700,513
6701,513
6702,513
6703,513
6704,115
6705,25
6706,25
6707,115
6708,292
6709,526
6710,99
6711,376
6712,376
6713,220
6714,221
6715,527
6716,242
6717,242
6718,242
6719,242
6720,242
6721,53
6722,528
6723,2
6724,283
6725,391
6726,73
6727,529
6728,529
6729,529
6730,526
6731,21
6732,66
6733,205
6734,205
6735,205
6736,205
6737,205
6738,205
6739,201
6740,201
6741,283
6742,283
6743,283
6744,283
6745,283
6746,530
6747,530
6748,451
6749,451
6750,451
6751,451
6752,451
6753,451
6754,531
6755,531
6756,203
6757,532
6758,99
6759,99
6760,99
6761,99
6762,99
6763,99
6764,99
6765,99
6766,99
6767,60
6768,60
6769,60
6770,60
6771,60
6772,60
6773,60
6774,60
6775,60
6776,60
6777,60
6778,81
6779,81
6780,81
6781,81
6782,421
6783,421
6784,66
6785,66
6786,66
6787,283
6788,283
6789,283
6790,283
6791,283
6792,283
6793,60
6794,60
6795,60
6796,623
6797,62
6798,81
6799,81
6800,533
6801,106
6802,60
6803,225
6804,529
6805,529
6806,529
6807,529
6808,208
6809,208
6810,208
6811,208
6812,143
6813,146
6814,146
6815,53
6816,53
6817,53
6818,44
6819,511
6820,511
6821,2
6822,7
6823,7
6824,7
6825,7
6826,7
6827,7
6828,7
6829,7
6830,7
6831,7
6833,7
6835,7
6836,14
6838,534
6839,534
6840,534
6841,534
6842,534
6843,534
6844,534
6845,534
6846,534
6847,16
6848,16
6849,16
6850,16
6851,16
6852,16
6853,16
6854,16
6855,16
6858,7
6859,3
6860,535
6861,536
6862,537
6863,537
6864,537
6865,13
6866,11
6868,538
6869,539
6870,537
6871,537
6872,26
6873,26
6874,26
6875,21
6876,21
6877,540
6878,1
6879,17
6881,21
6882,21
6883,21
6884,21
6885,17
6886,45
6887,21
6888,27
6889,534
6890,541
6891,542
6892,543
6893,544
6894,111
6895,545
6896,546
6897,545
6898,545
6899,228
6900,545
6901,545
6902,111
6903,545
6904,547
6905,547
6906,547
6907,547
6908,548
6909,549
6910,549
6911,549
6912,550
6913,551
6914,552
6915,552
6916,552
6917,552
6918,552
6919,208
6920,553
6921,370
6922,370
6923,370
6924,370
6925,370
6926,208
6927,208
6928,208
6929,106
6930,106
6931,106
6932,106
6933,106
6934,201
6935,201
6936,201
6937,201
6938,201
6939,201
6940,201
6941,201
6942,201
6943,201
6944,201
6945,201
6946,201
6947,201
6948,201
6949,201
6950,201
6951,201
6952,201
6953,106
6954,106
6955,106
6956,106
6957,106
6958,228
6959,554
6960,554
6961,555
6962,518
6963,518
6964,201
6965,201
6966,201
6967,61
6968,61
6969,61
6970,143
6971,201
6972,556
6973,94
6974,557
6975,34
6976,558
6977,558
6978,558
6979,558
6980,559
6981,560
6982,558
6983,561
6984,561
6985,561
6986,562
6987,562
6988,562
6989,562
6990,562
6991,562
6992,562
6993,73
6994,73
6995,73
6996,73
6997,562
6998,562
6999,562
7000,562
7001,562
7002,562
7003,562
7004,562
7005,562
7006,562
6856,16
6834,7
6857,16
6867,16
6837,6
6880,6
7007,562
7008,562
7009,562
7010,562
7011,562
7012,562
7013,562
7014,562
7015,73
7016,73
7017,73
7018,73
7019,562
7020,562
7021,73
7022,73
7023,73
7024,73
7025,563
7026,564
7027,45
7028,45
7029,45
7030,45
7031,262
7032,485
7033,371
7034,565
7035,562
7036,292
7037,208
7038,24
7039,562
7040,562
7041,562
7042,562
7043,566
7044,562
7045,562
7046,562
7047,562
7048,562
7049,562
7050,562
7051,562
7052,562
7053,24
7054,24
7055,567
7056,568
7057,569
7058,562
7059,562
7060,562
7061,562
7062,562
7063,562
7064,562
7065,570
7066,570
7067,570
7068,570
7069,570
7070,570
7071,570
7072,562
7073,562
7074,562
7075,562
7076,562
7077,562
7078,562
7079,561
7080,73
7081,73
7082,73
7083,26
7084,332
7085,102
7086,562
7087,562
7088,562
7089,562
7090,571
7091,572
7092,113
7093,573
7094,73
7095,573
7096,113
7097,574
7098,574
7099,574
7100,574
7101,73
7102,575
7103,73
7104,73
7105,73
7106,533
7107,575
7108,576
7109,576
7110,576
7111,576
7112,576
7113,576
7114,576
7115,187
7116,102
7117,64
7118,64
7119,64
7120,64
7121,64
7122,64
7123,64
7124,570
7125,570
7126,570
7127,45
7128,45
7129,45
7130,45
7131,45
7132,45
7133,73
7134,73
7135,73
7136,73
7137,13
7138,577
7139,577
7140,577
7141,578
7142,578
7143,579
7144,580
7145,13
7146,581
7147,582
7148,73
7149,573
7150,583
7151,579
7152,579
7153,584
7154,584
7155,73
7156,585
7157,73
7158,73
7159,73
7160,73
7161,73
7162,73
7163,73
7164,73
7165,586
7166,73
7167,73
7168,73
7169,73
7170,73
7171,73
7172,73
7173,563
7174,73
7175,73
7176,73
7177,587
7178,588
7179,588
7180,588
7181,588
7182,588
7183,588
7184,588
7185,588
7186,588
7187,588
7188,588
7189,588
7190,588
7191,588
7192,588
7193,588
7194,73
7195,73
7196,73
7197,73
7198,73
7199,73
7200,73
7201,73
7202,45
7203,45
7204,45
7205,45
7206,63
7207,2
7208,2
7209,2
7210,2
7211,2
7212,18
7213,589
7215,93
7216,590
7217,590
7218,590
7219,590
7220,590
7221,591
7222,591
7223,129
7224,73
7225,592
7226,593
7227,594
7228,576
7229,534
7230,73
7231,73
7232,595
7233,595
7234,595
7235,595
7236,596
7237,596
7238,73
7239,596
7240,596
7241,596
7242,596
7243,596
7244,596
7245,596
7246,597
7247,597
7248,597
7249,597
7250,597
7251,597
7252,597
7253,597
7254,597
7255,597
7256,597
7257,597
7258,597
7259,597
7260,597
7261,597
7262,598
7263,598
7264,24
7265,599
7266,599
7267,600
7268,598
7269,52
7270,52
7271,52
7272,52
7273,52
7274,52
7275,52
7276,52
7277,52
7278,52
7279,561
7280,561
7281,561
7282,561
7283,561
7284,601
7285,601
7286,602
7287,601
7288,601
7289,601
7290,601
7291,603
7292,562
7293,562
7294,562
7295,562
7296,562
7297,601
7298,604
7299,604
7300,534
7301,534
7302,605
7303,606
7304,562
7305,562
7306,562
7307,562
7308,562
7309,73
7310,607
7311,608
7312,10
7313,208
7314,201
7315,609
7316,610
7317,8
7318,8
7319,8
7320,8
7321,8
7322,8
7323,8
7324,8
7325,8
7326,108
7327,225
7328,174
7329,611
7330,381
7331,107
7332,107
7333,107
7334,107
7335,107
7336,44
7337,44
7338,44
7339,44
7340,44
7341,44
7342,44
7343,44
7344,44
7345,44
7346,44
7347,44
7348,20
7349,612
7350,509
7351,24
7352,24
7353,24
7354,613
7355,352
7356,66
7357,541
7358,218
7359,21
7360,66
7361,44
7362,44
7363,44
7364,44
7365,36
7366,36
7367,36
7368,78
7369,78
7370,78
7371,78
7372,81
7373,81
7374,81
7375,81
7376,81
7377,81
7378,81
7379,81
7380,614
7381,107
7382,11
7383,11
7384,11
7385,615
7386,616
7387,81
7388,45
7389,8
7390,36
7391,218
7392,617
7393,21
7394,618
7395,619
7396,564
7397,32
7398,8
7399,201
7400,6
7401,1
7402,25
7403,76
7404,76
7405,104
7406,104
7407,104
7408,104
7409,104
7410,104
7411,104
7412,104
7413,104
7414,104
7415,616
7416,104
7417,104
7418,104
7419,104
7420,104
7421,104
7422,104
7423,104
7424,104
7425,104
7426,104
7427,620
7428,113
7429,186
7430,183
7431,621
7432,570
7433,622
7434,570
7435,570
7436,623
7437,623
7438,623
7439,623
7440,624
7441,46
7442,46
7443,623
7444,46
7445,46
7446,623
7447,46
7448,81
7449,570
7450,570
7451,570
7452,46
7453,46
7454,46
7455,46
7456,104
7457,104
7458,46
7459,625
7460,142
7461,626
7462,626
7463,626
7464,604
7465,534
7466,601
7467,627
7468,628
7469,597
7470,570
7471,570
7472,570
7473,570
7474,570
7475,570
7476,570
7477,570
7478,570
7479,570
7480,570
7481,570
7482,570
7483,570
7484,570
7485,570
7486,562
7487,562
7488,562
7489,146
7490,629
7491,629
7492,30
7493,76
7494,3
7495,630
7496,367
7497,631
7498,260
7499,632
7500,2
7501,623
7502,633
7503,376
7504,634
7505,635
7506,146
7507,634
7508,634
7509,634
7510,634
7511,634
7512,634
7513,634
7514,634
7515,634
7516,634
7517,634
7518,636
7519,637
7520,638
7521,639
7522,639
7523,639
7524,639
7525,639
7526,639
7527,639
7528,639
7529,639
7530,639
7531,77
7532,623
7533,640
7534,244
7535,641
7536,642
7537,643
7538,644
7539,645
7540,646
7541,647
7542,648
7543,649
7544,650
7545,651
7546,652
7547,653
7548,654
7549,649
7550,655
7551,656
7552,657
7553,658
7554,659
7555,660
7556,661
7557,662
7558,663
7559,157
7560,664
7561,657
7562,665
7563,648
7564,458
7565,666
7566,667
7567,665
7568,658
7569,655
7570,656
7571,668
7572,669
7573,670
7574,671
7575,672
7576,673
7577,674
7578,675
7579,676
7580,677
7581,678
7582,679
7583,680
7584,681
7585,682
7586,683
7587,653
7588,648
7589,665
7590,659
7591,650
7592,679
7593,651
7594,646
7595,684
7596,655
7597,685
7598,652
7599,639
7600,562
7601,686
7602,686
7603,686
7604,562
7605,562
7606,562
7607,584
7608,2
7609,687
7610,578
7611,562
7612,562
7613,570
7614,687
7615,146
7616,146
7617,632
7618,175
7619,688
7620,76
7621,108
7622,174
7623,515
7624,381
7625,1090
7626,689
7627,416
7628,106
7629,106
7630,690
7631,26
7632,36
7633,691
7634,286
7635,692
7636,286
7637,286
7638,286
7639,286
7640,286
7641,286
7642,99
7643,693
7644,693
7645,174
7646,413
7647,76
7648,694
7649,508
7650,175
7651,175
7652,225
7653,225
7654,225
7655,225
7656,225
7657,225
7658,225
7659,225
7660,225
7661,225
7662,225
7663,225
7664,632
7665,695
7666,696
7667,243
7668,108
7669,410
7670,36
7671,36
7672,36
7673,697
7674,36
7675,36
7676,698
7677,187
7678,699
7679,205
7680,21
7681,224
7682,29
7683,700
7684,24
7685,33
7686,2
7687,2
7688,2
7689,2
7690,2
7691,2
7692,634
7693,2
7694,634
7695,13
7696,2
7697,81
7698,701
7699,701
7700,701
7701,701
7702,701
7703,701
7704,208
7705,73
7706,73
7707,73
7708,73
7709,2
7710,2
7711,634
7712,634
7713,2
7714,508
7715,99
7716,2
7717,250
7718,96
7719,634
7720,702
7721,24
7722,568
7723,703
7724,702
7725,702
7726,704
7727,705
7728,706
7729,705
7730,705
7731,705
7732,707
7733,708
7734,584
7735,584
7736,584
7737,67
7738,181
7739,115
7740,115
7741,709
7742,76
7743,76
7744,76
7745,76
7746,67
7747,67
7748,710
7749,710
7750,711
7751,711
7752,711
7753,711
7754,711
7755,711
7756,711
7757,711
7758,711
7759,237
7760,711
7761,710
7762,66
7763,66
7764,66
7765,711
7766,711
7767,106
7768,71
7769,250
7770,359
7771,712
7772,713
7773,714
7774,104
7775,104
7776,104
7777,104
7778,104
7779,104
7780,634
7781,89
7782,13
7788,7
7789,13
7790,562
7791,562
7792,562
7793,562
7794,562
7795,93
7797,93
7798,93
7799,93
7800,93
7802,93
7803,14
7804,115
7805,515
7806,115
7807,115
7808,115
7809,115
7810,715
7811,715
7812,715
7813,715
7814,562
7815,562
7816,562
7817,570
7818,570
7819,2
7820,2
7821,29
7822,29
7823,253
7824,331
7825,102
7826,150
7827,102
7828,579
7829,24
7830,24
7831,24
7832,716
7833,716
7834,717
7835,717
7836,717
7837,718
7838,534
7839,534
7840,534
7841,534
7842,534
7843,534
7844,534
7845,534
7846,534
7847,534
7848,534
7849,719
7850,534
7851,534
7852,534
7853,534
7854,81
7855,36
7856,36
7857,36
7858,36
7859,36
7860,36
7861,36
7862,36
7863,36
7864,36
7865,17
7866,17
7867,17
7868,17
7869,17
7870,17
7871,17
7872,17
7873,17
7874,17
7875,17
7876,17
7877,17
7878,17
7879,17
7880,17
7881,17
7882,720
7883,720
7884,27
7885,27
7886,27
7887,27
7888,721
7889,722
7890,48
7891,37
7892,723
7893,724
7894,724
7895,724
7896,724
7897,724
7898,724
7899,724
7900,724
7901,534
7902,725
7903,604
7904,576
7905,604
7906,604
7907,534
7908,534
7909,726
7910,726
7796,93
7787,7
7786,7
7785,7
7783,7
7784,7
7911,22
7912,726
7913,22
7914,726
7915,726
7916,726
7917,726
7918,726
7919,537
7920,537
7921,183
7922,727
7923,727
7924,3
7925,3
7926,3
7927,383
7928,604
7929,601
7930,367
7931,114
7932,114
7933,114
7934,114
7935,114
7936,114
7937,114
7938,114
7939,114
7940,367
7941,108
7942,66
7943,66
7944,575
7945,575
7946,575
7947,575
7948,575
7949,575
7950,728
7951,728
7952,728
7953,728
7954,728
7955,728
7956,728
7957,728
7958,728
7959,728
7960,728
7961,728
7962,728
7963,728
7964,728
7965,728
7966,14
7967,25
7968,728
7969,14
7970,729
7971,730
7972,728
7973,731
7974,732
7975,147
7976,147
7977,733
7978,22
7979,10
7980,728
7981,734
7982,634
7983,735
7984,736
7985,715
7986,22
7987,34
7988,737
7989,14
7990,715
7991,593
7992,34
7993,738
7994,14
7995,593
7996,739
7997,740
7998,728
7999,15
8000,32
8001,741
8002,14
8003,14
8004,25
8005,25
8006,76
8007,742
8008,742
8009,742
8010,716
8011,716
8012,568
8013,743
8014,743
8015,743
8016,743
8017,743
8018,25
8019,744
8020,104
8021,25
8022,25
8023,25
8024,25
8025,25
8026,25
8027,25
8028,40
8029,104
8030,36
8031,149
8032,149
8033,149
8034,149
8035,13
8036,13
8037,25
8038,25
8039,25
8040,25
8041,25
8042,25
8043,25
8044,25
8045,745
8046,634
8047,634
8048,11
8049,11
8050,1
8051,1
8052,1
8053,1
8054,1
8055,1
8056,3
8057,3
8058,3
8059,3
8060,3
8061,746
8062,104
8063,104
8064,43
8065,43
8066,43
8067,43
8068,43
8069,43
8070,623
8071,3
8072,634
8073,564
8074,634
8075,689
8076,8
8077,34
8078,34
8079,747
8080,14
8081,14
8082,2
8083,2
8084,14
8085,14
8086,14
8087,14
8088,14
8089,14
8090,14
8091,562
8092,14
8093,728
8094,728
8095,728
8096,728
8097,104
8098,104
8099,575
8100,748
8101,728
8102,728
8103,25
8104,14
8105,14
8106,14
8107,45
8108,73
8109,14
8110,14
8111,3
8112,59
8113,59
8114,59
8115,59
8116,59
8117,59
8118,59
8119,59
8120,59
8121,7
8122,7
8125,7
8126,14
8127,14
8128,7
8129,7
8130,562
8131,562
8132,562
8133,562
8134,562
8135,562
8136,562
8123,7
8137,562
8138,562
8139,562
8140,562
8141,562
8142,562
8143,562
8144,59
8145,14
8146,3
8147,59
8148,59
8149,117
8150,59
8151,79
8152,59
8153,93
8154,93
8155,93
8156,93
8157,93
8158,93
8160,10
8161,749
8162,750
8163,750
8164,93
8165,751
8166,27
8167,752
8168,76
8169,93
8170,93
8171,30
8172,79
8173,79
8174,93
8175,25
8176,146
8177,146
8178,146
8179,146
8180,146
8181,146
8182,68
8183,314
8184,93
8185,93
8186,93
8187,93
8188,263
8189,93
8190,59
8191,59
8192,59
8193,59
8194,25
8195,25
8196,25
8197,562
8198,562
8199,562
8200,562
8201,562
8202,562
8203,59
8204,59
8205,59
8206,59
8207,59
8208,66
8209,66
8210,753
8211,59
8212,143
8213,143
8214,3
8215,59
8216,754
8217,59
8218,59
8219,59
8220,59
8221,59
8222,9
8223,13
8224,13
8225,13
8226,2
8227,2
8228,2
8229,2
8230,721
8231,755
8232,604
8233,756
8234,3
8235,689
8236,224
8237,224
8238,224
8239,224
8240,224
8241,224
8242,224
8243,2
8244,2
8245,2
8246,25
8247,70
8248,70
8249,70
8250,70
8251,70
8252,25
8253,25
8254,70
8255,70
8256,70
8257,70
8258,70
8259,92
8260,286
8261,757
8262,225
8263,758
8264,36
8265,27
8266,27
8267,27
8268,27
8269,27
8270,27
8271,27
8272,720
8273,720
8274,720
8275,27
8276,27
8277,27
8278,27
8279,27
8280,27
8281,27
8282,27
8283,27
8284,27
8285,27
8286,27
8287,27
8288,27
8289,2
8290,2
8291,2
8292,2
8293,2
8294,2
8295,2
8296,568
8297,570
8298,705
8299,759
8300,760
8301,584
8302,27
8303,27
8304,8
8305,8
8306,8
8307,8
8308,8
8309,8
8310,8
8311,8
8312,761
8313,762
8314,8
8315,8
8316,8
8317,582
8318,721
8319,721
8320,721
8321,721
8322,721
8323,721
8324,721
8325,763
8326,763
8327,763
8328,763
8329,763
8330,763
8331,763
8332,147
8333,587
8334,8
8335,203
8336,764
8337,765
8338,766
8339,767
8340,768
8341,721
8342,763
8343,763
8344,763
8345,763
8346,763
8347,763
8348,14
8349,769
8350,11
8351,27
8352,27
8353,224
8354,27
8355,27
8356,27
8357,27
8358,27
8359,81
8360,770
8361,93
8362,81
8363,7
8364,771
8365,25
8366,772
8367,7
8368,14
8369,623
8370,623
8371,773
8372,773
8373,623
8374,623
8375,623
8376,623
8377,623
8378,623
8379,774
8380,104
8381,104
8382,14
8383,14
8384,9
8385,14
8386,721
8387,721
8388,721
8389,775
8390,776
8391,777
8392,778
8393,779
8394,79
8395,721
8396,728
8397,728
8398,10
8399,623
8400,623
8401,623
8402,623
8403,623
8404,623
8405,623
8406,623
8407,104
8408,780
8409,590
8410,590
8411,634
8412,590
8413,590
8414,590
8415,41
8416,781
8417,41
8418,2
8419,63
8420,689
8421,782
8422,783
8423,623
8424,623
8425,140
8426,620
8427,620
8428,620
8429,620
8430,620
8431,620
8432,620
8433,620
8434,620
8435,620
8436,620
8437,620
8438,620
8439,620
8440,25
8441,76
8442,143
8443,143
8444,592
8445,735
8446,9
8447,9
8448,9
8449,9
8450,9
8451,9
8452,9
8453,9
8454,9
8455,9
8456,9
8457,9
8458,9
8459,15
8460,15
8461,15
8462,15
8463,15
8464,15
8465,15
8466,15
8467,15
8468,15
8469,15
8470,15
8471,784
8472,784
8473,785
8474,785
8475,760
8476,3
8477,3
8478,623
8479,623
8480,623
8481,786
8482,8
8483,623
8484,623
8485,47
8486,620
8487,14
8488,14
8489,14
8490,14
8491,14
8492,14
8493,14
8494,26
8495,787
8496,3
8497,114
8498,111
8499,111
8500,788
8501,789
8502,379
8503,228
8504,790
8505,9
8506,9
8507,9
8508,9
8509,9
8510,9
8511,9
8512,9
8513,9
8514,9
8515,9
8516,9
8517,9
8518,3
8519,17
8520,81
8521,81
8522,81
8523,3
8524,791
8525,792
8526,793
8527,624
8528,3
8529,3
8530,3
8531,3
8532,3
8533,794
8534,726
8535,726
8536,61
8537,61
8538,61
8539,61
8540,61
8541,61
8542,61
8543,61
8544,61
8545,61
8546,30
8547,30
8548,30
8549,30
8550,30
8551,30
8552,439
8553,26
8554,26
8555,82
8556,330
8557,26
8558,26
8559,795
8560,436
8561,795
8562,74
8563,26
8564,26
8565,26
8566,26
8567,26
8568,26
8569,26
8570,26
8571,26
8572,26
8573,26
8574,26
8575,26
8576,26
8577,26
8578,26
8579,3
8580,283
8581,283
8582,283
8583,283
8584,283
8585,283
8586,283
8587,283
8588,283
8589,726
8590,726
8591,726
8592,726
8593,726
8594,3
8595,726
8596,45
8597,3
8598,726
8599,634
8600,3
8601,73
8602,73
8603,796
8604,771
8605,3
8606,9
8607,797
8608,798
8609,726
8610,799
8611,799
8612,799
8613,799
8614,36
8615,140
8616,367
8617,444
8618,247
8619,293
8620,590
8621,590
8622,590
8623,590
8624,590
8625,590
8626,590
8627,590
8628,590
8629,590
8630,590
8631,590
8632,590
8633,590
8634,590
8635,590
8636,3
8637,15
8638,15
8639,800
8640,61
8641,801
8642,689
8643,689
8644,689
8645,689
8646,802
8647,689
8648,689
8649,803
8650,689
8651,286
8652,804
8653,286
8654,286
8655,187
8656,726
8657,726
8658,726
8659,726
8660,728
8661,634
8662,710
8663,62
8664,450
8665,710
8666,710
8667,710
8668,710
8669,29
8670,367
8671,124
8672,124
8673,124
8674,15
8675,805
8676,726
8677,806
8678,37
8679,807
8680,37
8681,37
8682,37
8683,37
8684,37
8685,3
8686,365
8687,224
8688,562
8689,808
8690,632
8691,35
8692,35
8693,60
8694,29
8695,689
8696,534
8697,143
8698,143
8699,37
8700,724
8701,99
8702,809
8703,283
8704,810
8705,367
8706,367
8707,367
8708,283
8709,283
8710,283
8711,283
8712,811
8713,200
8714,200
8715,812
8716,813
8717,810
8718,499
8719,814
8720,815
8721,816
8722,817
8723,37
8724,57
8725,818
8726,807
8727,819
8728,37
8729,820
8730,334
8731,292
8732,499
8733,808
8734,808
8735,808
8736,808
8737,367
8738,30
8739,821
8740,151
8741,822
8742,790
8743,9
8744,9
8745,9
8746,22
8747,9
8748,9
8749,823
8750,9
8751,9
8752,9
8753,9
8754,36
8755,36
8756,36
8757,36
8758,36
8759,36
8760,36
8761,36
8762,608
8763,608
8764,608
8765,608
8766,824
8767,36
8768,825
8769,38
8770,38
8771,38
8772,38
8773,38
8774,38
8775,38
8776,38
8777,38
8778,38
8779,38
8780,14
8781,826
8782,827
8783,828
8784,562
8785,562
8786,713
8787,705
8788,797
8789,797
8790,797
8791,9
8792,15
8793,829
8794,830
8795,831
8796,832
8797,833
8798,834
8799,835
8800,836
8801,837
8802,838
8803,726
8804,726
8805,726
8806,749
8807,749
8808,749
8809,749
8810,76
8811,76
8812,634
8813,17
8814,17
8815,17
8816,17
8817,17
8818,17
8819,17
8820,17
8821,17
8822,17
8823,17
8824,17
8825,3
8826,3
8827,17
8828,726
8829,839
8830,3
8831,840
8832,841
8833,621
8834,567
8835,621
8836,621
8837,567
8838,705
8839,4
8840,9
8841,715
8842,715
8843,715
8844,7
8845,7
8846,7
8847,7
8848,7
8849,7
8850,7
8851,7
8852,7
8853,7
8854,7
8855,7
8856,7
8857,7
8858,7
8859,7
8860,283
8861,36
8862,36
8863,36
8864,4
8865,36
8866,36
8867,36
8868,15
8869,15
8870,15
8871,15
8872,15
8873,15
8874,15
8875,15
8876,15
8877,15
8878,15
8879,726
8880,726
8881,726
8882,726
8883,726
8884,726
8885,842
8886,842
8887,842
8888,842
8889,131
8890,151
8891,131
8892,131
8893,131
8894,131
8895,131
8896,726
8897,3
8898,3
8899,3
8900,131
8901,131
8902,63
8903,131
8904,71
8905,131
8906,131
8907,131
8908,130
8909,7
8910,7
8911,843
8912,843
8913,843
8914,7
8915,592
8916,592
8917,592
8918,3
8919,726
8920,13
8921,13
8922,13
8923,844
8924,839
8925,3
8926,3
8927,3
8928,711
8929,592
8930,592
8931,592
8932,726
8933,726
8934,726
8935,571
8936,36
8937,36
8938,36
8939,36
8940,36
8941,36
8942,36
8943,36
8944,845
8945,14
8946,592
8947,592
8948,592
8949,592
8950,592
8951,592
8952,592
8953,592
8954,592
8955,36
8956,36
8957,36
8958,22
8959,832
8960,832
8961,832
8962,832
8963,620
8964,797
8965,595
8966,189
8967,189
8968,189
8969,189
8970,189
8971,189
8972,189
8973,189
8974,189
8975,77
8976,77
8977,150
8978,14
8979,14
8980,14
8981,14
8982,14
8983,14
8984,14
8985,14
8986,14
8987,14
8988,14
8989,14
8990,14
8991,14
8992,14
8993,14
8994,14
8995,14
8996,263
8997,846
8998,14
8999,847
9000,848
9001,829
9002,755
9003,849
9004,850
9005,851
9006,852
9007,853
9008,854
9009,855
9010,855
9011,856
9012,857
9013,858
9014,859
9015,860
9016,861
9017,856
9018,427
9019,862
9020,863
9021,864
9022,865
9023,856
9024,866
9025,867
9026,868
9027,869
9028,870
9029,2
9030,871
9031,226
9032,576
9033,576
9034,872
9035,873
9036,14
9037,735
9038,15
9039,735
9040,735
9041,576
9042,575
9043,13
9044,13
9045,3
9046,94
9047,749
9048,749
9049,749
9050,749
9051,749
9052,3
9053,2
9054,9
9055,9
9056,874
9057,875
9058,876
9059,771
9060,875
9061,828
9062,828
9063,828
9064,828
9065,828
9066,152
9067,152
9068,152
9069,152
9070,152
9071,152
9072,152
9073,152
9074,152
9075,152
9076,152
9077,152
9078,152
9079,877
9080,152
9081,877
9082,365
9083,152
9084,152
9085,152
9086,152
9087,152
9088,152
9089,152
9090,152
9091,152
9092,152
9093,576
9094,73
9095,73
9096,73
9097,73
9098,111
9099,111
9100,878
9101,123
9102,635
9103,148
9104,879
9105,37
9106,37
9107,37
9108,37
9109,13
9110,146
9111,146
9112,146
9113,146
9114,34
9115,34
9116,34
9117,34
9118,53
9119,53
9120,53
9121,53
9122,53
9123,53
9124,53
9125,53
9126,53
9127,53
9128,53
9129,53
9130,53
9131,53
9132,53
9133,53
9134,53
9135,53
9136,81
9137,81
9138,81
9139,81
9140,53
9141,53
9142,53
9143,53
9144,53
9145,880
9146,881
9147,3
9148,81
9149,81
9150,882
9151,883
9152,883
9153,884
9154,840
9155,840
9156,578
9157,885
9158,562
9159,886
9160,887
9161,884
9162,885
9163,578
9164,562
9165,562
9166,24
9167,562
9168,562
9169,705
9170,576
9171,16
9172,16
9173,16
9174,16
9175,16
9176,16
9177,16
9178,7
9179,104
9180,104
9181,104
9182,104
9183,888
9184,501
9185,501
9186,501
9187,889
9188,889
9189,889
9190,889
9191,889
9192,889
9193,889
9194,458
9195,598
9196,598
9197,890
9198,891
9199,892
9200,892
9201,893
9202,621
9203,894
9204,895
9205,840
9206,896
9207,570
9208,897
9209,896
9210,896
9211,896
9212,896
9213,896
9214,896
9215,595
9216,595
9217,595
9218,3
9219,562
9220,598
9221,562
9222,562
9223,562
9224,250
9225,250
9226,562
9227,562
9228,562
9229,35
9230,35
9231,898
9232,899
9233,900
9234,26
9235,26
9236,611
9237,102
9238,26
9239,3
9240,3
9241,3
9242,3
9243,3
9244,3
9245,3
9246,3
9247,3
9248,3
9249,3
9250,3
9251,3
9252,3
9253,573
9254,620
9255,901
9256,902
9257,903
9258,53
9259,53
9260,53
9261,4
9262,874
9263,27
9264,27
9265,27
9266,27
9267,27
9268,27
9269,27
9270,27
9271,27
9272,27
9273,27
9274,7
9275,7
9276,7
9277,27
9278,904
9279,905
9280,906
9281,907
9282,908
9283,909
9284,910
9285,911
9286,912
9287,913
9288,914
9289,915
9290,7
9291,7
9292,874
9293,562
9294,702
9295,562
9296,562
9297,562
9298,562
9299,562
9300,562
9301,916
9302,613
9303,562
9304,917
9305,570
9306,918
9307,893
9308,570
9309,570
9310,570
9311,570
9312,919
9313,920
9314,562
9315,562
9316,562
9317,562
9318,705
9319,705
9320,874
9321,874
9322,564
9323,11
9324,52
9325,3
9326,11
9327,562
9328,562
9329,562
9330,562
9331,562
9332,562
9333,562
9334,562
9335,562
9336,27
9337,562
9338,27
9339,27
9340,27
9341,9
9342,562
9343,9
9344,9
9345,22
9346,875
9347,875
9348,875
9349,875
9350,3
9351,3
9352,73
9353,73
9354,73
9355,73
9356,73
9357,70
9358,921
9359,70
9360,922
9361,36
9362,36
9363,36
9364,36
9365,36
9366,36
9367,36
9368,178
9369,36
9370,723
9371,60
9372,60
9373,60
9374,76
9375,76
9376,76
9377,76
9378,76
9379,76
9380,205
9381,70
9382,70
9383,70
9384,70
9385,70
9386,70
9387,70
9388,70
9389,70
9390,70
9391,70
9392,70
9393,723
9394,723
9395,723
9396,723
9397,723
9398,723
9399,57
9400,70
9401,108
9402,323
9403,146
9404,99
9405,99
9406,99
9407,71
9408,923
9409,88
9410,88
9411,924
9412,70
9413,224
9414,925
9415,208
9416,208
9417,3
9418,3
9419,3
9420,3
9421,3
9422,3
9423,3
9424,3
9425,3
9426,3
9427,3
9428,3
9429,3
9430,3
9431,3
9432,3
9433,3
9434,840
9435,840
9436,562
9437,651
9438,926
9439,663
9440,562
9441,927
9442,7
9443,928
9444,367
9445,367
9446,367
9447,367
9448,367
9449,29
9450,93
9451,93
9452,573
9453,929
9454,929
9455,29
9456,29
9457,29
9458,29
9459,366
9460,713
9461,584
9462,621
9463,562
9464,930
9465,930
9466,716
9467,931
9468,588
9469,932
9470,930
9471,930
9472,933
9473,934
9474,702
9475,935
9476,582
9477,799
9478,936
9479,3
9480,3
9481,3
9482,623
9483,3
9484,3
9485,3
9486,3
9487,3
9488,3
9489,937
9490,938
9491,939
9492,940
9493,815
9494,603
9495,97
9496,97
9497,97
9498,97
9499,97
9500,3
9501,104
9502,104
9503,104
9504,104
9505,941
9506,942
9507,943
9508,944
9509,945
9510,946
9511,947
9512,948
9513,949
9514,950
9515,951
9516,952
9517,953
9518,954
9519,955
9520,956
9521,957
9522,958
9523,959
9524,960
9525,961
9526,962
9527,963
9528,964
9529,965
9530,966
9531,967
9532,968
9533,969
9534,970
9535,971
9536,963
9537,972
9538,955
9539,973
9540,974
9541,975
9542,976
9543,977
9544,978
9545,979
9546,980
9547,981
9548,982
9549,983
9550,984
9551,955
9552,985
9553,562
9554,986
9555,987
9556,988
9557,981
9558,989
9559,977
9560,978
9561,990
9562,958
9563,991
9564,970
9565,992
9566,974
9567,945
9568,567
9569,713
9570,562
9571,567
9572,562
9573,24
9574,840
9575,567
9576,714
9577,840
9578,562
9579,24
9580,713
9581,562
9582,578
9583,713
9584,621
9585,562
9586,930
9587,562
9588,562
9589,562
9590,562
9591,562
9592,562
9593,562
9594,562
9595,562
9596,562
9597,562
9598,562
9599,562
9600,562
9601,562
9602,562
9603,562
9604,562
9605,713
9606,993
9607,994
9608,566
9609,840
9610,567
9611,832
9612,995
9613,576
9614,576
9615,576
9616,576
9617,576
9618,576
9619,576
9620,533
9621,576
9622,576
9623,576
9624,996
9625,576
9626,576
9627,576
9628,576
9629,576
9630,997
9631,576
9632,576
9633,533
9634,998
9635,999
9636,713
9637,24
9638,562
9639,562
9640,579
9641,930
9642,840
9643,840
9644,588
9645,1000
9646,1001
9647,1002
9648,643
9649,157
9650,1003
9651,1004
9652,157
9653,1002
9654,1005
9655,1001
9656,1002
9657,157
9658,157
9659,578
9660,578
9661,578
9662,578
9663,578
9664,578
9665,1006
9666,1002
9667,643
9668,1007
9669,562
9670,562
9671,713
9672,713
9673,884
9674,1008
9675,1008
9676,1008
9677,157
9678,1009
9679,1010
9680,1008
9681,1008
9682,1011
9683,1011
9684,1012
9685,1013
9686,1014
9687,157
9688,652
9689,1015
9690,1016
9691,1016
9692,1016
9693,1016
9694,1017
9695,1018
9696,1019
9697,1020
9698,1019
9699,157
9700,1021
9701,1022
9702,1023
9703,1023
9704,1023
9705,1023
9706,1023
9707,1023
9708,1023
9709,1023
9710,1023
9711,1008
9712,1024
9713,1008
9714,1025
9715,1026
9716,1008
9717,1027
9718,1028
9719,1029
9720,1027
9721,1030
9722,1027
9723,1031
9724,458
9725,1029
9726,1032
9727,1033
9728,1024
9729,1034
9730,1035
9731,1036
9732,1037
9733,1037
9734,1038
9735,1033
9736,930
9737,930
9738,578
9739,584
9740,562
9741,930
9742,584
9743,588
9744,584
9745,760
9746,588
9747,760
9748,760
9749,840
9750,578
9751,1002
9752,643
9753,679
9754,679
9755,1027
9756,1027
9757,1027
9758,743
9759,743
9760,702
9761,621
9762,588
9763,1039
9764,716
9765,705
9766,993
9767,717
9768,716
9769,702
9770,717
9771,930
9772,1040
9773,1040
9774,562
9775,1041
9776,1041
9777,1041
9778,562
9779,562
9780,562
9781,570
9782,726
9783,726
9784,726
9785,726
9786,726
9787,726
9788,726
9789,726
9790,726
9791,1042
9792,1043
9793,1044
9794,1045
9795,829
9796,1046
9797,726
9798,24
9799,24
9800,24
9801,24
9802,1047
9803,702
9804,562
9805,13
9806,13
9807,13
9808,562
9809,726
9810,726
9811,114
9812,114
9813,114
9814,114
9815,114
9816,114
9817,114
9818,114
9819,114
9820,562
9821,562
9822,562
9823,562
9824,562
9825,562
9826,562
9827,562
9828,562
9829,562
9830,562
9831,562
9832,562
9833,562
9834,562
9835,562
9836,562
9837,562
9838,562
9839,562
9840,562
9841,562
9842,562
9843,562
9844,562
9845,562
9846,562
9847,562
9848,562
9849,562
9850,702
9851,930
9852,1048
9853,679
9854,562
9855,562
9856,562
9857,562
9858,562
9859,75
9860,75
9861,75
9862,75
9863,562
9864,562
9865,114
9866,114
9867,24
9868,24
9869,24
9870,24
9871,24
9872,726
9873,75
9874,75
9875,75
9876,75
9877,157
9878,75
9879,75
9880,75
9881,75
9882,75
9883,75
9884,24
9885,24
9886,799
9887,1049
9888,799
9889,799
9890,799
9891,75
9892,562
9893,562
9894,562
9895,562
9896,562
9897,562
9898,562
9899,562
9900,562
9901,562
9902,562
9903,562
9904,562
9905,562
9906,562
9907,562
9908,562
9909,562
9910,562
9911,562
9912,562
9913,584
9914,584
9915,584
9916,584
9917,562
9918,570
9919,577
9920,577
9921,25
9922,25
9923,25
9924,25
9925,25
9926,562
9927,24
9928,562
9929,584
9930,562
9931,62
9932,62
9933,62
9934,62
9935,1050
9936,621
9937,717
9938,24
9939,1051
9940,760
9941,893
9942,568
9943,705
9944,562
9945,918
9946,920
9947,893
9948,570
9949,716
9950,713
9951,705
9952,1052
9953,1053
9954,705
9955,713
9956,1054
9957,569
9958,24
9959,918
9960,621
9961,562
9962,562
9963,562
9964,562
9965,562
9966,927
9967,927
9968,927
9969,927
9970,927
9971,1055
9972,562
9973,840
9974,1055
9975,578
9976,562
9977,840
9978,1056
9979,1057
9980,549
9981,650
9982,650
9983,1058
9984,1059
9985,1060
9986,1060
9987,1060
9988,636
9989,636
9990,588
9991,588
9992,588
9993,588
9994,588
9995,588
9996,588
9997,588
9998,588
9999,588
10000,588
10001,588
10002,588
10003,588
10004,588
10005,636
10006,588
10007,588
10008,588
10009,588
10010,624
10011,588
10012,588
10013,24
10014,588
10015,930
10016,716
10017,636
10018,588
10019,588
10020,562
10021,636
10022,636
10023,636
10024,1061
10025,935
10026,588
10027,588
10028,588
10029,588
10030,588
10031,9
10032,9
10033,549
10034,549
10035,549
10036,549
10037,549
10038,549
10039,549
10040,549
10041,549
10042,549
10043,1062
10044,927
10045,787
10046,13
10047,549
10048,549
10049,549
10050,549
10051,76
10052,1062
10053,1062
10054,1062
10055,1062
10056,1062
10057,1062
10058,1062
10059,1062
10060,62
10061,62
10062,62
10063,62
10064,62
10065,62
10066,549
10067,549
10068,549
10069,13
10070,13
10071,13
10072,13
10073,13
10074,13
10075,13
10076,13
10077,13
10078,13
10079,13
10080,726
10081,726
10082,13
10083,13
10084,13
10085,13
10086,13
10087,13
10088,13
10089,87
10090,87
10091,87
10092,87
10093,87
10094,87
10095,87
10096,87
10097,87
10098,87
10099,87
10100,87
10101,716
10102,875
10103,104
10104,924
10105,924
10106,13
10107,146
10108,1063
10109,716
10110,716
10111,28
10112,37
10113,37
10114,37
10115,814
10116,1064
10117,1064
10118,178
10119,52
10120,597
10121,761
10122,104
10123,104
10124,104
10125,37
10126,37
10127,37
10128,37
10129,37
10130,37
10131,37
10132,37
10133,37
10134,37
10135,37
10136,104
10137,104
10138,1065
10139,52
10140,52
10141,52
10142,52
10143,1065
10144,1065
10145,1065
10146,1065
10147,1065
10148,1065
10149,1065
10150,13
10151,13
10152,13
10153,13
10154,13
10155,13
10156,13
10157,13
10158,13
10159,13
10160,13
10161,13
10162,13
10163,13
10164,13
10165,13
10166,1065
10167,52
10168,1066
10169,1065
10170,1065
10171,1065
10172,1065
10173,1065
10174,1065
10175,1065
10176,1065
10177,1065
10178,1065
10179,1065
10180,1067
10181,1068
10182,815
10183,1069
10184,1070
10185,1068
10186,104
10187,1071
10188,1072
10189,104
10190,1073
10191,330
10192,330
10193,1074
10194,1067
10195,1067
10196,404
10197,40
10198,40
10199,40
10200,40
10201,40
10202,1075
10203,224
10204,36
10205,36
10206,36
10207,36
10208,36
10209,36
10210,36
10211,36
10212,13
10213,13
10214,3
10215,1076
10216,3
10217,3
10218,36
10219,832
10220,832
10221,832
10222,832
10223,832
10224,832
10225,832
10226,832
10227,832
10228,36
10229,36
10230,1077
10231,1077
10232,1077
10233,38
10234,1077
10235,1077
10236,1077
10237,1077
10238,1077
10239,1077
10240,1077
10241,1077
10242,1077
10243,1077
10244,1077
10245,1078
10246,1079
10247,13
10248,40
10249,40
10250,3
10251,3
10252,104
10253,224
10254,76
10255,76
10256,76
10257,76
10258,76
10259,2
10260,1080
10261,36
10262,1081
10263,1062
10264,3
10265,286
10266,286
10267,286
10268,286
10269,225
10270,36
10271,92
10272,3
10273,1082
10274,927
10275,22
10276,1083
10277,24
10278,562
10279,562
10280,562
10281,562
10282,803
10283,1084
10284,36
10285,36
10286,26
10287,55
10288,55
10289,55
10290,55
10291,55
10292,1084
10293,104
10294,746
10295,1085
10296,47
10297,60
10298,60
10299,1086
10300,283
10301,291
10302,367
10303,692
10304,1087
10305,1087
10306,1087
10307,1087
10308,36
10309,920
10310,1064
10311,361
10312,224
10313,47
10314,367
10315,47
10316,47
10317,47
10318,47
10319,47
10320,47
10321,47
10322,47
10323,47
10324,47
10325,355
10326,355
10327,355
10328,355
10329,355
10330,355
10331,47
10332,47
10333,47
10334,47
10335,47
10336,47
10337,47
10338,47
10339,47
10340,47
10341,47
10342,47
10343,47
10344,60
10345,36
10346,657
10347,157
10348,1088
10349,1088
10350,1089
10351,1090
10352,1091
10353,1092
10354,37
10355,216
10356,1093
10357,1094
10358,37
10359,1095
10360,1096
10361,224
10362,17
10363,60
10364,224
10365,1097
10366,143
10367,143
10368,143
10369,699
10370,292
10371,208
10372,143
10373,224
10374,37
10375,1085
10376,1098
10377,1099
10378,1100
10379,1093
10380,78
10381,78
10382,78
10383,101
10384,101
10385,47
10386,47
10387,47
10388,47
10389,47
10390,47
10391,47
10392,47
10393,47
10394,47
10395,47
10396,47
10397,47
10398,47
10399,47
10400,224
10401,761
10402,97
10403,107
10404,1101
10405,1102
10406,107
10407,107
10408,107
10409,107
10410,107
10411,107
10412,107
10413,107
10414,107
10415,107
10416,107
10417,107
10418,1103
10419,143
10420,143
10421,1104
10422,8
10423,1105
10424,107
10425,107
10426,107
10427,367
10428,367
10429,352
10430,1106
10431,8
10432,352
10433,107
10434,352
10435,562
10436,562
10437,562
10438,562
10439,143
10440,143
10441,143
10442,143
10443,143
10444,143
10445,107
10446,1107
10447,367
10448,257
10449,143
10450,1108
10451,367
10452,367
10453,367
10454,367
10455,367
10456,367
10457,367
10458,367
10459,367
10460,367
10461,367
10462,367
10463,367
10464,367
10465,143
10466,143
10467,143
10468,367
10469,367
10470,1109
10471,367
10472,367
10473,367
10474,367
10475,367
10476,367
10477,367
10478,367
10479,367
10480,367
10481,367
10482,367
10483,367
10484,367
10485,367
10486,367
10487,367
10488,367
10489,367
10490,367
10491,367
10492,367
10493,367
10494,367
10495,367
10496,367
10497,175
10498,1065
10499,367
10500,17
10501,17
10502,17
10503,17
10504,17
10505,17
10506,17
10507,17
10508,17
10509,17
10510,17
10511,17
10512,17
10513,590
10514,590
10515,590
10516,590
10517,590
10518,590
10519,590
10520,590
10521,590
10522,590
10523,590
10524,590
10525,590
10526,590
10527,590
10528,590
10529,590
10530,590
10531,590
10532,97
10533,590
10534,143
10535,590
10536,590
10537,590
10538,17
10539,17
10540,17
10541,17
10542,17
10543,17
10544,352
10545,17
10546,17
10547,1110
10548,1111
10549,487
10550,1112
10551,24
10552,24
10553,1113
10554,256
10555,590
10556,46
10557,46
10558,46
10559,46
10560,46
10561,46
10562,81
10563,584
10564,588
10565,1114
10566,588
10567,1115
10568,1116
10569,1117
10570,1118
10571,1119
10572,1120
10573,1121
10574,566
10575,1119
10576,1122
10577,1123
10578,1124
10579,588
10580,884
10581,562
10582,562
10583,562
10584,1125
10585,702
10586,2
10587,1126
10588,1127
10589,724
10590,724
10591,724
10592,1128
10593,1128
10594,1128
10595,1128
10596,1128
10597,803
10598,47
10599,1129
10600,1084
10601,21
10602,724
10603,1130
10604,724
10605,724
10606,66
10607,66
10608,66
10609,66
10610,225
10611,1065
10612,1084
10613,1131
10614,1084
10615,1132
10616,1133
10617,209
10618,209
10619,250
10620,250
10621,250
10622,250
10623,1134
10624,1135
10625,1136
10626,1137
10627,1138
10628,783
10629,501
10630,501
10631,501
10632,501
10633,1139
10634,562
10635,562
10636,562
10637,562
10638,562
10639,562
10640,562
10641,562
10642,562
10643,562
10644,562
10645,562
10646,562
10647,562
10648,562
10649,1140
10650,111
10651,111
10652,111
10653,819
10654,819
10655,819
10656,819
10657,819
10658,819
10659,819
10660,1141
10661,1142
10662,47
10663,37
10664,819
10665,819
10666,819
10667,1143
10668,819
10669,819
10670,1144
10671,1143
10672,819
10673,819
10674,819
10675,1145
10676,1146
10677,1142
10678,1147
10679,1142
10680,1142
10681,1142
10682,1142
10683,715
10684,810
10685,1148
10686,623
10687,718
10688,1149
10689,1150
10690,718
10691,14
10692,14
10693,14
10694,190
10695,818
10696,106
10697,106
10698,106
10699,43
10700,43
10701,43
10702,43
10703,130
10704,43
10705,620
10706,819
10707,819
10708,22
10709,242
10710,765
10711,765
10712,765
10713,765
10714,149
10715,765
10716,7
10717,43
10718,22
10719,13
10720,13
10721,13
10722,13
10723,43
10724,13
10725,3
10726,3
10727,3
10728,3
10729,3
10730,765
10731,765
10732,765
10733,81
10734,924
10735,62
10736,728
10737,1151
10738,1152
10739,17
10740,13
10741,13
10742,13
10743,13
10744,13
10745,13
10746,13
10747,13
10748,13
10749,13
10750,13
10751,13
10752,13
10753,242
10754,242
10755,242
10756,242
10757,242
10758,242
10759,355
10760,355
10761,242
10762,242
10763,13
10764,13
10765,13
10766,13
10767,587
10768,13
10769,242
10770,765
10771,765
10772,765
10773,765
10774,765
10775,117
10776,117
10777,117
10778,242
10779,242
10780,242
10781,117
10782,117
10783,117
10784,117
10785,117
10786,117
10787,117
10788,117
10789,119
10790,119
10791,73
10792,13
10793,73
10794,1153
10795,1153
10796,1153
10797,20
10798,20
10799,20
10800,20
10801,20
10802,20
10803,20
10804,20
10805,20
10806,20
10807,20
10808,20
10809,20
10810,20
10811,1154
10812,20
10813,582
10814,3
10815,2
10816,146
10817,1156
10818,3
10819,797
10820,587
10821,32
10822,729
10823,1156
10824,13
10825,13
10826,152
10827,86
10828,86
10829,255
10830,255
10831,106
10832,106
10833,106
10834,106
10835,106
10836,1143
10837,57
10838,57
10839,57
10840,190
10841,254
10842,213
10843,13
10844,13
10845,13
10846,13
10847,13
10848,45
10849,104
10850,104
10851,78
10852,3
10853,3
10854,3
10855,1158
10856,1158
10857,1158
10858,1158
10859,1158
10860,1158
10861,1158
10862,1158
10863,1158
10864,1158
10865,1158
10866,1158
10867,1158
10868,562
10869,562
10870,62
10871,62
10872,62
10873,62
10874,62
10875,62
10876,62
10877,62
10878,62
10879,62
10880,62
10881,62
10882,875
10883,7
10884,7
10885,7
10886,7
10887,7
10888,13
10889,13
10890,13
10891,13
10892,13
10893,13
10894,13
10895,13
10896,13
10897,13
10898,13
10899,44
10900,44
10901,44
10902,44
10903,44
10904,44
10905,44
10906,44
10907,44
10908,1159
10909,1159
10910,1159
10911,1159
10912,1159
10913,1159
10914,1159
10915,1159
10916,1159
10917,1159
10918,1159
10919,66
10920,63
10921,66
10922,218
10923,66
10924,679
10925,679
10926,13
10927,710
10928,67
10929,67
10930,67
10931,67
10932,67
10933,623
10934,623
10935,623
10936,623
10937,623
10938,623
10939,623
10940,623
10941,623
10942,623
10943,623
10944,67
10945,249
10946,623
10947,623
10948,623
10949,67
10950,710
10951,1160
10952,623
10953,623
10954,623
10955,623
10956,623
10957,623
10958,623
10959,27
10960,27
10961,27
10962,57
10963,200
10964,200
10965,1075
10966,200
10967,1161
10968,200
10969,1162
10970,207
10971,842
10972,842
10973,842
10974,842
10975,842
10976,842
10977,842
10978,842
10979,842
10980,207
10981,193
10982,204
10983,204
10984,204
10985,204
10986,204
10987,204
10988,204
10989,204
10990,204
10991,204
10992,204
10993,204
10994,193
10995,193
10996,193
10997,193
10998,193
10999,193
11000,193
11001,193
11002,193
11003,193
11004,167
11005,167
11006,167
11007,623
11008,623
11009,1163
11010,177
11011,177
11012,177
11013,177
11014,21
11015,21
11016,21
11017,21
11018,21
11019,21
11020,21
11021,78
11022,78
11023,78
11024,78
11025,78
11026,78
11027,78
11028,193
11029,1164
11030,1164
11031,1164
11032,193
11033,1164
11034,1164
11035,1164
11036,1164
11037,21
11038,21
11039,21
11040,21
11041,21
11042,21
11043,21
11044,21
11045,715
11046,1165
11047,104
11048,104
11049,104
11050,104
11051,104
11052,104
11053,207
11054,715
11055,715
11056,715
11057,715
11058,715
11059,715
11060,207
11061,207
11062,715
11063,715
11064,715
11065,715
11066,715
11067,104
11068,104
11069,104
11070,104
11071,104
11072,104
11073,104
11074,104
11075,104
11076,104
11077,104
11078,104
11079,104
11080,207
11081,2
11082,2
11083,2
11084,2
11085,2
11086,939
11087,1127
11088,595
11089,595
11090,595
11091,595
11092,596
11093,104
11094,104
11095,104
11096,4
11097,4
11098,4
11099,4
11100,1166
11101,1167
11102,1168
11103,1167
11104,1169
11105,1166
11106,1170
11107,1169
11108,1171
11109,1172
11110,620
11111,620
11112,620
11113,620
11114,620
11115,620
11116,620
11117,104
11118,104
11119,22
11121,79
11122,79
11123,79
11124,108
11125,108
11126,367
11127,367
11128,381
11129,1173
11130,22
11131,22
11132,22
11133,22
11134,22
11135,22
11136,1174
11137,1127
11138,1127
11139,1127
11140,59
11141,1175
11142,1176
11143,1177
11144,1178
11145,1179
11146,1180
11147,1181
11148,1182
11149,1183
11150,1184
11151,832
11152,1185
11153,277
11154,832
11155,87
11156,1186
11157,1187
11158,1187
11159,1045
11160,1188
11161,1189
11162,1190
11163,1191
11164,1192
11165,1014
11166,1193
11167,1194
11168,1194
11169,139
11170,1195
11171,1085
11172,1196
11173,1197
11174,31
11175,746
11176,13
11177,7
11178,7
11179,620
11180,52
11181,52
11182,52
11183,52
11184,2
11185,620
11186,620
11187,620
11188,52
11189,52
11190,52
11191,52
11192,1198
11193,96
11194,1199
11195,32
11196,104
11197,7
11198,31
11199,16
11200,1200
11201,1201
11202,1143
11203,1174
11204,193
11205,1202
11206,786
11207,1203
11208,786
11209,786
11210,786
11211,786
11212,786
11213,786
11214,52
11215,52
11216,52
11217,52
11218,52
11219,52
11220,52
11221,1202
11222,1202
11223,1202
11224,1204
11225,1204
11226,1204
11227,1204
11228,1204
11229,1204
11230,1204
11231,1204
11232,1204
11233,1205
11234,48
11235,48
11236,48
11237,1003
11238,1001
11239,106
11240,106
11241,106
11242,106
11243,106
11244,106
11245,106
11246,106
11247,106
11248,106
11249,106
11250,106
11251,106
11252,106
11253,106
11254,106
11255,106
11256,106
11257,242
11258,803
11259,1204
11260,37
11261,1065
11262,48
11263,1201
11264,52
11265,1127
11266,1127
11267,1127
11268,1127
11269,1127
11270,1127
11271,1127
11272,1127
11273,1127
11274,52
11275,52
11276,52
11277,52
11278,52
11279,52
11280,52
11281,52
11282,61
11283,61
11284,61
11285,1206
11286,1206
11287,722
11288,722
11289,1129
11290,579
11291,183
11292,30
11293,603
11294,1097
11295,1207
11296,48
11297,1207
11298,1207
11299,1207
11300,1207
11301,1207
11302,4
11303,4
11304,4
11305,4
11306,4
11307,4
11308,4
11309,752
11310,752
11311,752
11312,752
11313,752
11314,752
11315,752
11316,752
11317,752
11318,752
11319,752
11320,752
11321,752
11322,752
11323,752
11324,803
11325,1208
11326,803
11327,803
11328,803
11329,803
11330,803
11331,803
11332,803
11333,752
11334,752
11335,752
11336,752
11337,752
11338,752
11339,603
11340,216
11341,752
11342,216
11343,216
11344,4
11345,216
11346,1143
11347,216
11348,761
11349,143
11350,603
11351,143
11352,761
11353,761
11354,143
11355,45
11356,761
11357,27
11358,143
11359,603
11360,143
11361,603
11362,4
11363,803
11364,752
11365,752
11366,752
11367,752
11368,803
11369,27
11370,97
11371,183
11372,97
11373,97
11374,597
11375,597
11376,597
11377,597
11378,104
11379,1209
11380,104
11381,1210
11382,1211
11383,97
11384,1212
11385,14
11386,97
11387,97
11388,4
11389,73
11390,73
11391,73
11392,73
11393,73
11394,73
11395,73
11396,73
11397,73
11398,73
11399,73
11400,73
11401,73
11402,73
11403,73
11404,73
11405,73
11406,73
11407,1187
11408,73
11409,73
11410,73
11411,73
11412,761
11413,786
11414,1213
11415,1213
11416,73
11417,73
11418,73
11419,17
11420,1214
11421,73
11422,73
11423,73
11424,73
11425,73
11426,73
11427,73
11428,73
11429,338
11430,786
11431,1204
11432,786
11433,73
11434,73
11435,73
11436,73
11437,17
11438,37
11439,2
11440,73
11441,73
11442,193
11443,193
11444,3
11445,3
11446,3
11447,845
11448,40
11449,1091
11450,1215
11451,1216
11452,1217
11453,45
11454,22
11455,620
11456,104
11457,21
11458,27
11459,786
11460,338
11461,620
11462,104
11463,1159
11464,104
11465,27
11466,25
11467,104
11468,104
11469,3
11470,104
11471,803
11472,786
11473,27
11474,1218
11475,616
11476,829
11477,3
11478,786
11479,786
11480,2
11481,786
11482,45
11483,803
11484,7
11485,338
11486,27
11487,3
11488,3
11489,3
11490,3
11491,3
11492,3
11493,1219
11494,1219
11495,1219
11496,1219
11497,715
11498,786
11499,786
11500,786
11501,786
11502,37
11503,809
11504,1220
11505,1221
11506,1222
11507,1223
11508,369
11509,1224
11510,1225
11511,526
11512,1226
11513,1220
11514,1227
11515,108
11516,756
11517,1228
11518,1223
11519,1229
11520,1230
11521,1231
11522,1232
11523,1233
11524,541
11525,1234
11526,208
11527,283
11528,1235
11529,1235
11530,1235
11531,1235
11532,1235
11533,1235
11534,1235
11535,24
11536,3
11537,1236
11538,157
11539,157
11540,157
11541,1237
11542,157
11543,157
11544,157
11545,157
11546,1238
11547,157
11548,157
11549,157
11550,157
11551,157
11552,157
11553,157
11554,157
11555,608
11556,608
11557,608
11558,367
11559,608
11560,1239
11561,1239
11562,1240
11563,1240
11564,1240
11565,1240
11566,1240
11567,608
11568,608
11569,608
11570,608
11571,608
11572,608
11573,608
11574,608
11575,1241
11576,1241
11577,1242
11578,635
11579,1173
11580,1173
11581,1173
11582,1173
11583,1173
11584,1173
11585,1173
11586,1173
11587,1173
11588,1173
11589,1173
11590,1173
11591,1173
11592,1173
11593,1173
11594,1173
11595,1173
11596,1173
11597,1173
11598,1173
11599,1173
11600,183
11601,183
11602,183
11603,183
11604,183
11605,183
11606,183
11607,183
11608,183
11609,183
11610,183
11611,183
11612,183
11613,608
11614,608
11615,608
11616,608
11617,13
11618,13
11619,13
11620,59
11621,13
11622,1243
11623,13
11624,96
11625,96
11626,96
11627,13
11628,13
11629,13
11630,13
11631,13
11632,13
11633,13
11634,13
11635,13
11636,13
11637,13
11638,13
11639,13
11640,1244
11641,13
11642,13
11643,13
11644,3
11645,3
11646,3
11647,3
11648,3
11649,799
11650,27
11651,27
11652,27
11653,27
11654,1243
11655,799
11656,799
11657,799
11658,3
11659,3
11660,16
11661,888
11662,16
11663,16
11666,16
11667,16
11668,16
11669,12
11670,729
11671,729
11672,729
11673,729
11674,16
11675,729
11676,16
11677,2
11678,1197
11679,32
11680,731
11681,11
11682,11
11683,59
11684,59
11685,11
11686,11
11687,78
11688,846
11689,14
11690,1245
11691,10
11692,12
11693,10
11694,10
11695,10
11696,10
11697,1064
11698,10
11699,1246
11700,10
11701,10
11702,10
11703,7
11704,7
11705,3
11706,3
11707,3
11708,1247
11709,15
11710,15
11711,15
11712,15
11713,15
11714,1062
11715,1246
11716,1248
11717,15
11718,15
11719,15
11720,1064
11721,1197
11722,729
11723,15
11724,15
11725,15
11726,15
11727,15
11728,15
11729,15
11730,15
11731,15
11732,15
11733,1249
11734,15
11735,825
11736,729
11737,825
11738,825
11739,3
11740,3
11741,825
11742,825
11743,825
11744,3
11745,1213
11746,1213
11747,1213
11748,16
11749,729
11750,729
11751,13
11752,146
11664,16
11753,1250
11754,3
11755,146
11756,146
11757,146
11758,146
11759,146
11760,146
11761,146
11762,146
11763,146
11764,146
11765,146
11766,146
11767,146
11768,146
11769,146
11770,146
11771,146
11772,146
11773,146
11774,146
11775,146
11776,146
11777,146
11778,1251
11783,724
11784,724
11785,724
11786,724
11787,724
11788,724
11789,724
11790,724
11791,724
11792,724
11793,724
11794,183
11795,183
11796,183
11797,183
11798,1045
11799,183
11800,183
11801,183
11802,183
11803,183
11804,183
11805,183
11806,183
11807,183
11808,183
11809,183
11810,183
11811,183
11812,183
11813,183
11814,183
11815,1197
11816,829
11817,729
11818,38
11819,1252
11820,1253
11821,1254
11822,1210
11823,597
11824,597
11825,597
11826,597
11827,1210
11828,1210
11829,1210
11830,1210
11831,1255
11832,1256
11833,93
11834,93
11835,93
11836,3
11837,367
11838,367
11839,367
11840,367
11841,597
11842,597
11843,597
11844,597
11845,597
11846,597
11847,597
11848,597
11849,597
11850,597
11851,597
11852,597
11853,597
11854,597
11855,597
11856,376
11857,494
11858,1257
11859,56
11860,108
11861,565
11862,27
11863,1125
11864,920
11865,578
11866,578
11867,578
11868,578
11869,562
11870,562
11871,562
11872,568
11873,840
11874,930
11875,1258
11876,717
11877,884
11878,1259
11879,588
11880,579
11881,993
11882,702
11883,1260
11884,285
11885,1261
11886,115
11887,57
11888,57
11889,1262
11890,733
11891,733
11892,733
11893,733
11894,733
11895,733
11896,733
11897,733
11898,1263
11899,1264
11900,1264
11901,1264
11902,1264
11903,1264
11904,730
11905,11
11906,1265
11907,57
11908,57
11909,410
11910,119
11911,119
11912,119
11913,900
11914,31
11915,554
11916,554
11917,189
11918,1266
11919,228
11920,428
11921,543
11922,353
11923,353
11924,1267
11925,1266
11926,123
11927,123
11928,1268
11929,1268
11930,136
11931,1269
11932,1197
11933,5
11934,14
11935,7
11936,22
11937,22
11938,22
11939,22
11940,22
11941,22
11942,22
11943,22
11944,22
11945,22
11946,22
11947,22
11948,1270
11949,579
11950,588
11951,562
11952,884
11953,993
11954,24
11955,588
11956,562
11957,1123
11958,569
11959,566
11960,636
11962,123
11963,123
11964,379
11965,379
11966,1272
11967,1273
11968,1274
11969,1275
11970,101
11971,1276
11972,534
11973,22
11974,1277
11975,228
11976,228
11977,228
11978,228
11781,724
11780,724
11779,724
11961,1271
11979,1278
11980,1279
11981,228
11982,1280
11983,101
11984,1281
11985,582
11986,367
11987,797
11988,1282
11989,728
11990,888
11991,733
11992,733
11993,1283
11994,1283
11995,1283
11996,4
11997,996
11998,1284
11999,1285
12000,1286
12001,1287
12002,3
12003,721
12004,48
12005,1288
12006,937
12007,800
12008,624
12009,119
12010,70
12011,16
12012,16
12013,16
12014,16
12015,746
12016,746
12017,104
12018,562
12019,562
12020,1289
12021,1194
12022,3
12023,207
12024,535
12025,535
12026,535
12027,535
12028,535
12029,535
12030,535
12031,535
12032,535
12033,535
12034,535
12035,535
12036,535
12037,535
12038,535
12039,535
12040,535
12041,535
12042,535
12043,535
12044,535
12045,535
12046,535
12047,535
12048,535
12049,535
12050,535
12051,535
12052,535
12053,67
12055,14
12056,15
12057,14
12058,735
12059,884
12060,14
12066,6
12067,14
12068,1290
12069,15
12070,14
12071,747
12072,36
12073,36
12074,36
12075,36
12076,36
12077,36
12078,36
12080,6
12081,6
12082,6
12083,6
12084,6
12085,6
12086,1291
12087,6
12088,6
12089,32
12090,32
12091,14
12092,6
12093,21
12094,6
12095,1081
12096,1292
12097,1292
12098,1293
12099,1294
12100,1295
12101,1296
12102,1297
12103,623
12104,623
12105,623
12106,623
12107,623
12108,623
12109,623
12110,1
12111,1
12112,330
12113,623
12114,1298
12115,111
12116,738
12117,797
12118,623
12119,623
12120,1299
12121,21
12122,21
12123,21
12124,21
12125,21
12126,21
12127,1300
12128,76
12129,9
12130,9
12131,9
12132,9
12133,22
12134,53
12135,437
12136,1301
12137,53
12138,53
12139,53
12140,53
12141,562
12142,562
12143,562
12144,562
12145,562
12146,562
12147,562
12148,562
12149,562
12150,562
12151,562
12152,534
12153,534
12154,534
12155,534
12156,380
12157,1302
12158,1302
12159,1148
12160,55
12161,127
12162,534
12163,534
12171,16
12172,16
12177,562
12178,920
12179,579
12180,705
12181,1303
12182,799
12183,25
12184,261
12185,33
12186,1304
12187,717
12188,24
12189,7
12190,16
12191,19
12192,19
12194,45
12195,534
12196,803
12197,1305
12198,752
12199,752
12200,541
12201,21
12202,21
12203,21
12204,21
12176,16
12175,16
12174,16
12173,16
12170,16
12169,16
12168,16
12167,16
12165,16
12065,6
12164,16
12064,6
12063,6
12062,6
12061,6
12079,6
12205,21
12206,21
12207,21
12208,21
12209,216
12210,6
12211,1
12212,1
12213,3
12214,36
12215,1
12216,360
12217,27
12218,10
12219,3
12221,43
12222,386
12223,6
12224,873
12225,1306
12226,1307
12228,37
12229,37
12230,37
12231,37
12232,37
12233,37
12234,37
12235,37
12236,37
12237,37
12238,36
12239,3
12240,38
12248,8
12252,8
12254,8
12255,8
12256,21
12257,786
12258,1309
12259,1309
12260,1310
12261,1309
12262,1311
12263,21
12264,21
12265,21
12266,21
12267,21
12268,6
12269,97
12270,21
12271,1312
12272,1310
12273,1310
12274,1311
12275,1310
12276,1309
12277,1311
12278,1309
12279,1309
12280,1309
12281,1313
12282,1314
12283,1315
12284,1309
12285,1309
12286,22
12287,22
12288,216
12289,216
12290,592
12291,592
12292,592
12293,36
12294,208
12295,247
12296,829
12298,21
12299,21
12300,21
12301,21
12302,21
12303,37
12304,21
12305,37
12306,21
12307,37
12308,21
12309,6
12310,8
12311,8
12312,90
12313,8
12314,8
12315,8
12316,22
12317,22
12318,22
12319,22
12320,22
12321,22
12322,22
12323,22
12324,8
12325,22
12326,8
12327,22
12328,8
12329,8
12330,8
12333,37
12336,1318
12337,283
12338,283
12339,283
12340,283
12341,283
12342,283
12343,283
12344,283
12345,283
12346,283
11782,724
12347,283
12348,283
12349,283
12350,283
12351,283
12352,283
12353,283
12354,283
12355,283
12356,283
12357,283
12358,283
12359,283
12360,283
12334,1316
8159,93
12331,93
7801,93
7214,93
12361,93
8124,7
334,7
148,7
12362,7
12363,7
6832,7
6387,57
12335,1317
12332,232
12253,8
12364,21
12193,21
12220,21
6090,25
12365,90
12370,807
12371,1127
12372,724
12297,8
2630,8
11665,16
11120,16
12366,16
12367,16
12227,16
12166,16
12054,6
12241,22
12242,22
12243,22
12244,22
12245,22
12373,97
12246,22
12247,8
12368,8
12249,8
12250,8
12251,8
12369,8
12374,786
12375,110
12376,752
12377,534
12378,752
12379,27
12380,786
12381,127
12382,724
12383,3
2107,2
8153,1319
12384,93
8158,1319
8157,3
8157,1320
8156,146
8184,1321
8174,1322
8174,1323
8186,18
8187,1324
8169,1325
8169,1326
8169,1327
8169,1328
7795,1324
7795,1329
7795,1330
12385,93
12384,146
12386,45
12386,314
12386,93
12387,93
12388,61
12388,1331
12388,314
12388,93